ISO-10303-21;
HEADER;
FILE_DESCRIPTION(('FreeCAD Model'),'2;1');
FILE_NAME('Open CASCADE Shape Model','2026-04-23T11:00:39',(''),(''),
  'Open CASCADE STEP processor 7.8','FreeCAD','Unknown');
FILE_SCHEMA(('AUTOMOTIVE_DESIGN { 1 0 10303 214 1 1 1 1 }'));
ENDSEC;
DATA;
#1 = APPLICATION_PROTOCOL_DEFINITION('international standard',
  'automotive_design',2000,#2);
#2 = APPLICATION_CONTEXT(
  'core data for automotive mechanical design processes');
#3 = SHAPE_DEFINITION_REPRESENTATION(#4,#10);
#4 = PRODUCT_DEFINITION_SHAPE('','',#5);
#5 = PRODUCT_DEFINITION('design','',#6,#9);
#6 = PRODUCT_DEFINITION_FORMATION('','',#7);
#7 = PRODUCT('frame_holder_small','frame_holder_small','',(#8));
#8 = PRODUCT_CONTEXT('',#2,'mechanical');
#9 = PRODUCT_DEFINITION_CONTEXT('part definition',#2,'design');
#10 = ADVANCED_BREP_SHAPE_REPRESENTATION('',(#11,#15),#3875);
#11 = AXIS2_PLACEMENT_3D('',#12,#13,#14);
#12 = CARTESIAN_POINT('',(0.,0.,0.));
#13 = DIRECTION('',(0.,0.,1.));
#14 = DIRECTION('',(1.,0.,-0.));
#15 = MANIFOLD_SOLID_BREP('',#16);
#16 = CLOSED_SHELL('',(#17,#129,#162,#194,#226,#257,#289,#313,#338,#355,
    #387,#411,#436,#453,#479,#505,#558,#688,#704,#834,#850,#945,#977,
    #1001,#1026,#1043,#1075,#1099,#1124,#1141,#1158,#1175,#1206,#1231,
    #1256,#1287,#1311,#1342,#1366,#1390,#1414,#1438,#1464,#1488,#1512,
    #1538,#1555,#1579,#1608,#1639,#1663,#1694,#1718,#1742,#1766,#1790,
    #1816,#1840,#1864,#1890,#1907,#1931,#1960,#1989,#2013,#2042,#2066,
    #2090,#2114,#2138,#2162,#2179,#2216,#2253,#2264,#2275,#2292,#2351,
    #2410,#2432,#2448,#2465,#2531,#2570,#2587,#2604,#2643,#2692,#2709,
    #2720,#2737,#2754,#2871,#2887,#2903,#2914,#2931,#2947,#2964,#2981,
    #3003,#3020,#3037,#3049,#3061,#3073,#3104,#3128,#3152,#3176,#3200,
    #3217,#3248,#3272,#3296,#3320,#3344,#3361,#3373,#3398,#3423,#3448,
    #3473,#3498,#3523,#3548,#3573,#3595,#3612,#3629,#3646,#3663,#3675,
    #3697,#3714,#3731,#3748,#3765,#3777,#3802,#3814,#3839,#3851,#3863));
#17 = ADVANCED_FACE('',(#18,#52,#88),#124,.F.);
#18 = FACE_BOUND('',#19,.F.);
#19 = EDGE_LOOP('',(#20,#30,#38,#46));
#20 = ORIENTED_EDGE('',*,*,#21,.T.);
#21 = EDGE_CURVE('',#22,#24,#26,.T.);
#22 = VERTEX_POINT('',#23);
#23 = CARTESIAN_POINT('',(1.25,-0.3,-8.002968199362));
#24 = VERTEX_POINT('',#25);
#25 = CARTESIAN_POINT('',(1.25,-39.7,-8.002968199362));
#26 = LINE('',#27,#28);
#27 = CARTESIAN_POINT('',(1.25,-1.777015912055E-15,-8.002968199362));
#28 = VECTOR('',#29,1.);
#29 = DIRECTION('',(0.,-1.,2.22044604925E-16));
#30 = ORIENTED_EDGE('',*,*,#31,.T.);
#31 = EDGE_CURVE('',#24,#32,#34,.T.);
#32 = VERTEX_POINT('',#33);
#33 = CARTESIAN_POINT('',(1.25,-39.7,-20.10520671964));
#34 = LINE('',#35,#36);
#35 = CARTESIAN_POINT('',(1.25,-39.7,-8.002968199362));
#36 = VECTOR('',#37,1.);
#37 = DIRECTION('',(0.,-2.22044604925E-16,-1.));
#38 = ORIENTED_EDGE('',*,*,#39,.F.);
#39 = EDGE_CURVE('',#40,#32,#42,.T.);
#40 = VERTEX_POINT('',#41);
#41 = CARTESIAN_POINT('',(1.25,-0.3,-20.10520671964));
#42 = LINE('',#43,#44);
#43 = CARTESIAN_POINT('',(1.25,-4.464252683E-15,-20.10520671964));
#44 = VECTOR('',#45,1.);
#45 = DIRECTION('',(0.,-1.,2.22044604925E-16));
#46 = ORIENTED_EDGE('',*,*,#47,.F.);
#47 = EDGE_CURVE('',#22,#40,#48,.T.);
#48 = LINE('',#49,#50);
#49 = CARTESIAN_POINT('',(1.25,-0.3,-8.002968199362));
#50 = VECTOR('',#51,1.);
#51 = DIRECTION('',(0.,-2.22044604925E-16,-1.));
#52 = FACE_BOUND('',#53,.F.);
#53 = EDGE_LOOP('',(#54,#65,#73,#82));
#54 = ORIENTED_EDGE('',*,*,#55,.F.);
#55 = EDGE_CURVE('',#56,#58,#60,.T.);
#56 = VERTEX_POINT('',#57);
#57 = CARTESIAN_POINT('',(1.25,-28.4,-14.40520671964));
#58 = VERTEX_POINT('',#59);
#59 = CARTESIAN_POINT('',(1.25,-31.6,-14.40520671964));
#60 = CIRCLE('',#61,1.6);
#61 = AXIS2_PLACEMENT_3D('',#62,#63,#64);
#62 = CARTESIAN_POINT('',(1.25,-30.,-14.40520671964));
#63 = DIRECTION('',(1.,0.,0.));
#64 = DIRECTION('',(0.,1.,0.));
#65 = ORIENTED_EDGE('',*,*,#66,.F.);
#66 = EDGE_CURVE('',#67,#56,#69,.T.);
#67 = VERTEX_POINT('',#68);
#68 = CARTESIAN_POINT('',(1.25,-28.4,-15.40520671964));
#69 = LINE('',#70,#71);
#70 = CARTESIAN_POINT('',(1.25,-28.4,-11.2040874595));
#71 = VECTOR('',#72,1.);
#72 = DIRECTION('',(0.,0.,1.));
#73 = ORIENTED_EDGE('',*,*,#74,.F.);
#74 = EDGE_CURVE('',#75,#67,#77,.T.);
#75 = VERTEX_POINT('',#76);
#76 = CARTESIAN_POINT('',(1.25,-31.6,-15.40520671964));
#77 = CIRCLE('',#78,1.6);
#78 = AXIS2_PLACEMENT_3D('',#79,#80,#81);
#79 = CARTESIAN_POINT('',(1.25,-30.,-15.40520671964));
#80 = DIRECTION('',(1.,0.,0.));
#81 = DIRECTION('',(0.,1.,0.));
#82 = ORIENTED_EDGE('',*,*,#83,.T.);
#83 = EDGE_CURVE('',#75,#58,#84,.T.);
#84 = LINE('',#85,#86);
#85 = CARTESIAN_POINT('',(1.25,-31.6,-11.2040874595));
#86 = VECTOR('',#87,1.);
#87 = DIRECTION('',(0.,-8.526512829121E-14,1.));
#88 = FACE_BOUND('',#89,.F.);
#89 = EDGE_LOOP('',(#90,#101,#109,#118));
#90 = ORIENTED_EDGE('',*,*,#91,.F.);
#91 = EDGE_CURVE('',#92,#94,#96,.T.);
#92 = VERTEX_POINT('',#93);
#93 = CARTESIAN_POINT('',(1.25,-11.6,-15.40520671964));
#94 = VERTEX_POINT('',#95);
#95 = CARTESIAN_POINT('',(1.25,-8.4,-15.40520671964));
#96 = CIRCLE('',#97,1.6);
#97 = AXIS2_PLACEMENT_3D('',#98,#99,#100);
#98 = CARTESIAN_POINT('',(1.25,-10.,-15.40520671964));
#99 = DIRECTION('',(1.,0.,0.));
#100 = DIRECTION('',(0.,1.,0.));
#101 = ORIENTED_EDGE('',*,*,#102,.T.);
#102 = EDGE_CURVE('',#92,#103,#105,.T.);
#103 = VERTEX_POINT('',#104);
#104 = CARTESIAN_POINT('',(1.25,-11.6,-14.40520671964));
#105 = LINE('',#106,#107);
#106 = CARTESIAN_POINT('',(1.25,-11.6,-11.2040874595));
#107 = VECTOR('',#108,1.);
#108 = DIRECTION('',(0.,0.,1.));
#109 = ORIENTED_EDGE('',*,*,#110,.F.);
#110 = EDGE_CURVE('',#111,#103,#113,.T.);
#111 = VERTEX_POINT('',#112);
#112 = CARTESIAN_POINT('',(1.25,-8.4,-14.40520671964));
#113 = CIRCLE('',#114,1.6);
#114 = AXIS2_PLACEMENT_3D('',#115,#116,#117);
#115 = CARTESIAN_POINT('',(1.25,-10.,-14.40520671964));
#116 = DIRECTION('',(1.,0.,0.));
#117 = DIRECTION('',(0.,1.,0.));
#118 = ORIENTED_EDGE('',*,*,#119,.F.);
#119 = EDGE_CURVE('',#94,#111,#120,.T.);
#120 = LINE('',#121,#122);
#121 = CARTESIAN_POINT('',(1.25,-8.4,-11.2040874595));
#122 = VECTOR('',#123,1.);
#123 = DIRECTION('',(0.,8.526512829121E-14,1.));
#124 = PLANE('',#125);
#125 = AXIS2_PLACEMENT_3D('',#126,#127,#128);
#126 = CARTESIAN_POINT('',(1.25,-1.777015912055E-15,-8.002968199362));
#127 = DIRECTION('',(1.,0.,0.));
#128 = DIRECTION('',(0.,-2.22044604925E-16,-1.));
#129 = ADVANCED_FACE('',(#130),#157,.F.);
#130 = FACE_BOUND('',#131,.T.);
#131 = EDGE_LOOP('',(#132,#133,#142,#150));
#132 = ORIENTED_EDGE('',*,*,#21,.T.);
#133 = ORIENTED_EDGE('',*,*,#134,.T.);
#134 = EDGE_CURVE('',#24,#135,#137,.T.);
#135 = VERTEX_POINT('',#136);
#136 = CARTESIAN_POINT('',(-1.25,-39.7,-8.002968199362));
#137 = CIRCLE('',#138,8.1);
#138 = AXIS2_PLACEMENT_3D('',#139,#140,#141);
#139 = CARTESIAN_POINT('',(0.,-39.7,-2.720046410332E-15));
#140 = DIRECTION('',(0.,-1.,0.));
#141 = DIRECTION('',(0.154320987654,0.,-0.988020765353));
#142 = ORIENTED_EDGE('',*,*,#143,.F.);
#143 = EDGE_CURVE('',#144,#135,#146,.T.);
#144 = VERTEX_POINT('',#145);
#145 = CARTESIAN_POINT('',(-1.25,-0.3,-8.002968199362));
#146 = LINE('',#147,#148);
#147 = CARTESIAN_POINT('',(-1.25,-1.777015912055E-15,-8.002968199362));
#148 = VECTOR('',#149,1.);
#149 = DIRECTION('',(0.,-1.,2.22044604925E-16));
#150 = ORIENTED_EDGE('',*,*,#151,.F.);
#151 = EDGE_CURVE('',#22,#144,#152,.T.);
#152 = CIRCLE('',#153,8.1);
#153 = AXIS2_PLACEMENT_3D('',#154,#155,#156);
#154 = CARTESIAN_POINT('',(0.,-0.3,-2.720046410332E-15));
#155 = DIRECTION('',(0.,-1.,0.));
#156 = DIRECTION('',(0.154320987654,0.,-0.988020765353));
#157 = CYLINDRICAL_SURFACE('',#158,8.1);
#158 = AXIS2_PLACEMENT_3D('',#159,#160,#161);
#159 = CARTESIAN_POINT('',(0.,-5.995204332976E-31,-2.7E-15));
#160 = DIRECTION('',(0.,1.,-2.22044604925E-16));
#161 = DIRECTION('',(1.,0.,0.));
#162 = ADVANCED_FACE('',(#163),#189,.F.);
#163 = FACE_BOUND('',#164,.F.);
#164 = EDGE_LOOP('',(#165,#174,#175,#183));
#165 = ORIENTED_EDGE('',*,*,#166,.F.);
#166 = EDGE_CURVE('',#22,#167,#169,.T.);
#167 = VERTEX_POINT('',#168);
#168 = CARTESIAN_POINT('',(1.55,2.775557561563E-17,-8.255755568087));
#169 = PARABOLA('',#170,2.421840725564);
#170 = AXIS2_PLACEMENT_3D('',#171,#172,#173);
#171 = CARTESIAN_POINT('',(-3.425,-4.975,-2.707045442155E-15));
#172 = DIRECTION('',(-0.707106781187,0.707106781187,2.68410883492E-18));
#173 = DIRECTION('',(0.707106781187,0.707106781187,-2.68410883492E-18));
#174 = ORIENTED_EDGE('',*,*,#47,.T.);
#175 = ORIENTED_EDGE('',*,*,#176,.F.);
#176 = EDGE_CURVE('',#177,#40,#179,.T.);
#177 = VERTEX_POINT('',#178);
#178 = CARTESIAN_POINT('',(1.55,-9.238539231086E-16,-20.10520671964));
#179 = LINE('',#180,#181);
#180 = CARTESIAN_POINT('',(1.4,-0.15,-20.10520671964));
#181 = VECTOR('',#182,1.);
#182 = DIRECTION('',(-0.707106781187,-0.707106781187,4.203696700566E-15)
  );
#183 = ORIENTED_EDGE('',*,*,#184,.F.);
#184 = EDGE_CURVE('',#167,#177,#185,.T.);
#185 = LINE('',#186,#187);
#186 = CARTESIAN_POINT('',(1.55,-8.931736859104E-17,-8.002968199362));
#187 = VECTOR('',#188,1.);
#188 = DIRECTION('',(0.,-2.22044604925E-16,-1.));
#189 = PLANE('',#190);
#190 = AXIS2_PLACEMENT_3D('',#191,#192,#193);
#191 = CARTESIAN_POINT('',(1.4,-0.15,-8.002968199362));
#192 = DIRECTION('',(0.707106781187,-0.707106781187,-2.68410883492E-18)
  );
#193 = DIRECTION('',(-1.129202540211E-16,-1.091243509039E-16,-1.));
#194 = ADVANCED_FACE('',(#195),#221,.T.);
#195 = FACE_BOUND('',#196,.T.);
#196 = EDGE_LOOP('',(#197,#206,#207,#215));
#197 = ORIENTED_EDGE('',*,*,#198,.F.);
#198 = EDGE_CURVE('',#24,#199,#201,.T.);
#199 = VERTEX_POINT('',#200);
#200 = CARTESIAN_POINT('',(1.55,-40.,-8.255755568087));
#201 = PARABOLA('',#202,2.421840725564);
#202 = AXIS2_PLACEMENT_3D('',#203,#204,#205);
#203 = CARTESIAN_POINT('',(-3.425,-35.025,-2.727323186893E-15));
#204 = DIRECTION('',(0.707106781187,0.707106781187,1.502323518822E-18));
#205 = DIRECTION('',(0.707106781187,-0.707106781187,1.502323518822E-18)
  );
#206 = ORIENTED_EDGE('',*,*,#31,.T.);
#207 = ORIENTED_EDGE('',*,*,#208,.F.);
#208 = EDGE_CURVE('',#209,#32,#211,.T.);
#209 = VERTEX_POINT('',#210);
#210 = CARTESIAN_POINT('',(1.55,-40.,-20.10520671964));
#211 = LINE('',#212,#213);
#212 = CARTESIAN_POINT('',(1.4,-39.85,-20.10520671964));
#213 = VECTOR('',#214,1.);
#214 = DIRECTION('',(-0.707106781187,0.707106781187,2.572143923288E-15)
  );
#215 = ORIENTED_EDGE('',*,*,#216,.F.);
#216 = EDGE_CURVE('',#199,#209,#217,.T.);
#217 = LINE('',#218,#219);
#218 = CARTESIAN_POINT('',(1.55,-40.,-8.002968199362));
#219 = VECTOR('',#220,1.);
#220 = DIRECTION('',(0.,-2.22044604925E-16,-1.));
#221 = PLANE('',#222);
#222 = AXIS2_PLACEMENT_3D('',#223,#224,#225);
#223 = CARTESIAN_POINT('',(1.4,-39.85,-8.002968199362));
#224 = DIRECTION('',(-0.707106781187,-0.707106781187,-1.502323518822E-18
    ));
#225 = DIRECTION('',(1.120846056102E-16,-1.099599993148E-16,-1.));
#226 = ADVANCED_FACE('',(#227),#252,.T.);
#227 = FACE_BOUND('',#228,.F.);
#228 = EDGE_LOOP('',(#229,#237,#238,#246));
#229 = ORIENTED_EDGE('',*,*,#230,.T.);
#230 = EDGE_CURVE('',#231,#40,#233,.T.);
#231 = VERTEX_POINT('',#232);
#232 = CARTESIAN_POINT('',(1.55,-0.3,-20.40520671964));
#233 = LINE('',#234,#235);
#234 = CARTESIAN_POINT('',(1.475,-0.3,-20.33020671964));
#235 = VECTOR('',#236,1.);
#236 = DIRECTION('',(-0.707106781187,3.098699772134E-16,0.707106781187)
  );
#237 = ORIENTED_EDGE('',*,*,#39,.T.);
#238 = ORIENTED_EDGE('',*,*,#239,.F.);
#239 = EDGE_CURVE('',#240,#32,#242,.T.);
#240 = VERTEX_POINT('',#241);
#241 = CARTESIAN_POINT('',(1.55,-39.7,-20.40520671964));
#242 = LINE('',#243,#244);
#243 = CARTESIAN_POINT('',(1.475,-39.7,-20.33020671964));
#244 = VECTOR('',#245,1.);
#245 = DIRECTION('',(-0.707106781187,6.838084786117E-15,0.707106781187)
  );
#246 = ORIENTED_EDGE('',*,*,#247,.F.);
#247 = EDGE_CURVE('',#231,#240,#248,.T.);
#248 = LINE('',#249,#250);
#249 = CARTESIAN_POINT('',(1.55,-4.530866064478E-15,-20.40520671964));
#250 = VECTOR('',#251,1.);
#251 = DIRECTION('',(0.,-1.,2.22044604925E-16));
#252 = PLANE('',#253);
#253 = AXIS2_PLACEMENT_3D('',#254,#255,#256);
#254 = CARTESIAN_POINT('',(1.4,-4.497559373739E-15,-20.25520671964));
#255 = DIRECTION('',(-0.707106781187,-2.512584507879E-16,-0.707106781187
    ));
#256 = DIRECTION('',(-6.664425192001E-17,1.,-2.88688856845E-16));
#257 = ADVANCED_FACE('',(#258),#284,.F.);
#258 = FACE_BOUND('',#259,.F.);
#259 = EDGE_LOOP('',(#260,#268,#277,#283));
#260 = ORIENTED_EDGE('',*,*,#261,.F.);
#261 = EDGE_CURVE('',#262,#58,#264,.T.);
#262 = VERTEX_POINT('',#263);
#263 = CARTESIAN_POINT('',(4.95,-31.6,-14.40520671964));
#264 = LINE('',#265,#266);
#265 = CARTESIAN_POINT('',(7.25,-31.6,-14.40520671964));
#266 = VECTOR('',#267,1.);
#267 = DIRECTION('',(-1.,-0.,-0.));
#268 = ORIENTED_EDGE('',*,*,#269,.F.);
#269 = EDGE_CURVE('',#270,#262,#272,.T.);
#270 = VERTEX_POINT('',#271);
#271 = CARTESIAN_POINT('',(4.95,-28.4,-14.40520671964));
#272 = CIRCLE('',#273,1.6);
#273 = AXIS2_PLACEMENT_3D('',#274,#275,#276);
#274 = CARTESIAN_POINT('',(4.95,-30.,-14.40520671964));
#275 = DIRECTION('',(1.,-0.,0.));
#276 = DIRECTION('',(0.,1.,-9.992007221626E-15));
#277 = ORIENTED_EDGE('',*,*,#278,.T.);
#278 = EDGE_CURVE('',#270,#56,#279,.T.);
#279 = LINE('',#280,#281);
#280 = CARTESIAN_POINT('',(7.25,-28.4,-14.40520671964));
#281 = VECTOR('',#282,1.);
#282 = DIRECTION('',(-1.,-0.,-0.));
#283 = ORIENTED_EDGE('',*,*,#55,.T.);
#284 = CYLINDRICAL_SURFACE('',#285,1.6);
#285 = AXIS2_PLACEMENT_3D('',#286,#287,#288);
#286 = CARTESIAN_POINT('',(7.25,-30.,-14.40520671964));
#287 = DIRECTION('',(1.,0.,0.));
#288 = DIRECTION('',(0.,1.,0.));
#289 = ADVANCED_FACE('',(#290),#308,.F.);
#290 = FACE_BOUND('',#291,.F.);
#291 = EDGE_LOOP('',(#292,#300,#306,#307));
#292 = ORIENTED_EDGE('',*,*,#293,.F.);
#293 = EDGE_CURVE('',#294,#75,#296,.T.);
#294 = VERTEX_POINT('',#295);
#295 = CARTESIAN_POINT('',(4.95,-31.6,-15.40520671964));
#296 = LINE('',#297,#298);
#297 = CARTESIAN_POINT('',(7.25,-31.6,-15.40520671964));
#298 = VECTOR('',#299,1.);
#299 = DIRECTION('',(-1.,-0.,-0.));
#300 = ORIENTED_EDGE('',*,*,#301,.F.);
#301 = EDGE_CURVE('',#262,#294,#302,.T.);
#302 = LINE('',#303,#304);
#303 = CARTESIAN_POINT('',(4.95,-31.6,-14.40520671964));
#304 = VECTOR('',#305,1.);
#305 = DIRECTION('',(0.,8.526512829121E-14,-1.));
#306 = ORIENTED_EDGE('',*,*,#261,.T.);
#307 = ORIENTED_EDGE('',*,*,#83,.F.);
#308 = PLANE('',#309);
#309 = AXIS2_PLACEMENT_3D('',#310,#311,#312);
#310 = CARTESIAN_POINT('',(7.25,-31.6,-14.40520671964));
#311 = DIRECTION('',(0.,-1.,-8.526512829121E-14));
#312 = DIRECTION('',(0.,8.526512829121E-14,-1.));
#313 = ADVANCED_FACE('',(#314),#333,.F.);
#314 = FACE_BOUND('',#315,.F.);
#315 = EDGE_LOOP('',(#316,#324,#331,#332));
#316 = ORIENTED_EDGE('',*,*,#317,.F.);
#317 = EDGE_CURVE('',#318,#67,#320,.T.);
#318 = VERTEX_POINT('',#319);
#319 = CARTESIAN_POINT('',(4.95,-28.4,-15.40520671964));
#320 = LINE('',#321,#322);
#321 = CARTESIAN_POINT('',(7.25,-28.4,-15.40520671964));
#322 = VECTOR('',#323,1.);
#323 = DIRECTION('',(-1.,-0.,-0.));
#324 = ORIENTED_EDGE('',*,*,#325,.F.);
#325 = EDGE_CURVE('',#294,#318,#326,.T.);
#326 = CIRCLE('',#327,1.6);
#327 = AXIS2_PLACEMENT_3D('',#328,#329,#330);
#328 = CARTESIAN_POINT('',(4.95,-30.,-15.40520671964));
#329 = DIRECTION('',(1.,0.,0.));
#330 = DIRECTION('',(0.,-1.,3.5527136788E-14));
#331 = ORIENTED_EDGE('',*,*,#293,.T.);
#332 = ORIENTED_EDGE('',*,*,#74,.T.);
#333 = CYLINDRICAL_SURFACE('',#334,1.6);
#334 = AXIS2_PLACEMENT_3D('',#335,#336,#337);
#335 = CARTESIAN_POINT('',(7.25,-30.,-15.40520671964));
#336 = DIRECTION('',(1.,0.,0.));
#337 = DIRECTION('',(0.,1.,0.));
#338 = ADVANCED_FACE('',(#339),#350,.T.);
#339 = FACE_BOUND('',#340,.T.);
#340 = EDGE_LOOP('',(#341,#342,#348,#349));
#341 = ORIENTED_EDGE('',*,*,#317,.F.);
#342 = ORIENTED_EDGE('',*,*,#343,.T.);
#343 = EDGE_CURVE('',#318,#270,#344,.T.);
#344 = LINE('',#345,#346);
#345 = CARTESIAN_POINT('',(4.95,-28.4,-15.40520671964));
#346 = VECTOR('',#347,1.);
#347 = DIRECTION('',(0.,0.,1.));
#348 = ORIENTED_EDGE('',*,*,#278,.T.);
#349 = ORIENTED_EDGE('',*,*,#66,.F.);
#350 = PLANE('',#351);
#351 = AXIS2_PLACEMENT_3D('',#352,#353,#354);
#352 = CARTESIAN_POINT('',(7.25,-28.4,-14.40520671964));
#353 = DIRECTION('',(0.,-1.,0.));
#354 = DIRECTION('',(0.,0.,-1.));
#355 = ADVANCED_FACE('',(#356),#382,.F.);
#356 = FACE_BOUND('',#357,.F.);
#357 = EDGE_LOOP('',(#358,#366,#375,#381));
#358 = ORIENTED_EDGE('',*,*,#359,.F.);
#359 = EDGE_CURVE('',#360,#94,#362,.T.);
#360 = VERTEX_POINT('',#361);
#361 = CARTESIAN_POINT('',(4.95,-8.4,-15.40520671964));
#362 = LINE('',#363,#364);
#363 = CARTESIAN_POINT('',(7.25,-8.4,-15.40520671964));
#364 = VECTOR('',#365,1.);
#365 = DIRECTION('',(-1.,-0.,-0.));
#366 = ORIENTED_EDGE('',*,*,#367,.F.);
#367 = EDGE_CURVE('',#368,#360,#370,.T.);
#368 = VERTEX_POINT('',#369);
#369 = CARTESIAN_POINT('',(4.95,-11.6,-15.40520671964));
#370 = CIRCLE('',#371,1.6);
#371 = AXIS2_PLACEMENT_3D('',#372,#373,#374);
#372 = CARTESIAN_POINT('',(4.95,-10.,-15.40520671964));
#373 = DIRECTION('',(1.,0.,0.));
#374 = DIRECTION('',(0.,-1.,-1.000310945187E-12));
#375 = ORIENTED_EDGE('',*,*,#376,.T.);
#376 = EDGE_CURVE('',#368,#92,#377,.T.);
#377 = LINE('',#378,#379);
#378 = CARTESIAN_POINT('',(7.25,-11.6,-15.40520671964));
#379 = VECTOR('',#380,1.);
#380 = DIRECTION('',(-1.,-0.,-0.));
#381 = ORIENTED_EDGE('',*,*,#91,.T.);
#382 = CYLINDRICAL_SURFACE('',#383,1.6);
#383 = AXIS2_PLACEMENT_3D('',#384,#385,#386);
#384 = CARTESIAN_POINT('',(7.25,-10.,-15.40520671964));
#385 = DIRECTION('',(1.,0.,0.));
#386 = DIRECTION('',(0.,1.,0.));
#387 = ADVANCED_FACE('',(#388),#406,.T.);
#388 = FACE_BOUND('',#389,.T.);
#389 = EDGE_LOOP('',(#390,#391,#399,#405));
#390 = ORIENTED_EDGE('',*,*,#359,.F.);
#391 = ORIENTED_EDGE('',*,*,#392,.T.);
#392 = EDGE_CURVE('',#360,#393,#395,.T.);
#393 = VERTEX_POINT('',#394);
#394 = CARTESIAN_POINT('',(4.95,-8.4,-14.40520671964));
#395 = LINE('',#396,#397);
#396 = CARTESIAN_POINT('',(4.95,-8.4,-15.40520671964));
#397 = VECTOR('',#398,1.);
#398 = DIRECTION('',(0.,8.526512829121E-14,1.));
#399 = ORIENTED_EDGE('',*,*,#400,.T.);
#400 = EDGE_CURVE('',#393,#111,#401,.T.);
#401 = LINE('',#402,#403);
#402 = CARTESIAN_POINT('',(7.25,-8.4,-14.40520671964));
#403 = VECTOR('',#404,1.);
#404 = DIRECTION('',(-1.,-0.,-0.));
#405 = ORIENTED_EDGE('',*,*,#119,.F.);
#406 = PLANE('',#407);
#407 = AXIS2_PLACEMENT_3D('',#408,#409,#410);
#408 = CARTESIAN_POINT('',(7.25,-8.4,-14.40520671964));
#409 = DIRECTION('',(0.,-1.,8.526512829121E-14));
#410 = DIRECTION('',(0.,-8.526512829121E-14,-1.));
#411 = ADVANCED_FACE('',(#412),#431,.F.);
#412 = FACE_BOUND('',#413,.F.);
#413 = EDGE_LOOP('',(#414,#422,#429,#430));
#414 = ORIENTED_EDGE('',*,*,#415,.F.);
#415 = EDGE_CURVE('',#416,#103,#418,.T.);
#416 = VERTEX_POINT('',#417);
#417 = CARTESIAN_POINT('',(4.95,-11.6,-14.40520671964));
#418 = LINE('',#419,#420);
#419 = CARTESIAN_POINT('',(7.25,-11.6,-14.40520671964));
#420 = VECTOR('',#421,1.);
#421 = DIRECTION('',(-1.,-0.,-0.));
#422 = ORIENTED_EDGE('',*,*,#423,.F.);
#423 = EDGE_CURVE('',#393,#416,#424,.T.);
#424 = CIRCLE('',#425,1.6);
#425 = AXIS2_PLACEMENT_3D('',#426,#427,#428);
#426 = CARTESIAN_POINT('',(4.95,-10.,-14.40520671964));
#427 = DIRECTION('',(1.,0.,-0.));
#428 = DIRECTION('',(0.,1.,1.062483434566E-12));
#429 = ORIENTED_EDGE('',*,*,#400,.T.);
#430 = ORIENTED_EDGE('',*,*,#110,.T.);
#431 = CYLINDRICAL_SURFACE('',#432,1.6);
#432 = AXIS2_PLACEMENT_3D('',#433,#434,#435);
#433 = CARTESIAN_POINT('',(7.25,-10.,-14.40520671964));
#434 = DIRECTION('',(1.,0.,0.));
#435 = DIRECTION('',(0.,1.,0.));
#436 = ADVANCED_FACE('',(#437),#448,.F.);
#437 = FACE_BOUND('',#438,.F.);
#438 = EDGE_LOOP('',(#439,#440,#446,#447));
#439 = ORIENTED_EDGE('',*,*,#376,.F.);
#440 = ORIENTED_EDGE('',*,*,#441,.F.);
#441 = EDGE_CURVE('',#416,#368,#442,.T.);
#442 = LINE('',#443,#444);
#443 = CARTESIAN_POINT('',(4.95,-11.6,-14.40520671964));
#444 = VECTOR('',#445,1.);
#445 = DIRECTION('',(0.,0.,-1.));
#446 = ORIENTED_EDGE('',*,*,#415,.T.);
#447 = ORIENTED_EDGE('',*,*,#102,.F.);
#448 = PLANE('',#449);
#449 = AXIS2_PLACEMENT_3D('',#450,#451,#452);
#450 = CARTESIAN_POINT('',(7.25,-11.6,-14.40520671964));
#451 = DIRECTION('',(0.,-1.,0.));
#452 = DIRECTION('',(0.,0.,-1.));
#453 = ADVANCED_FACE('',(#454),#474,.F.);
#454 = FACE_BOUND('',#455,.T.);
#455 = EDGE_LOOP('',(#456,#457,#458,#467));
#456 = ORIENTED_EDGE('',*,*,#166,.F.);
#457 = ORIENTED_EDGE('',*,*,#151,.T.);
#458 = ORIENTED_EDGE('',*,*,#459,.T.);
#459 = EDGE_CURVE('',#144,#460,#462,.T.);
#460 = VERTEX_POINT('',#461);
#461 = CARTESIAN_POINT('',(-1.55,-1.110223024625E-16,-8.255755568087));
#462 = PARABOLA('',#463,2.421840725564);
#463 = AXIS2_PLACEMENT_3D('',#464,#465,#466);
#464 = CARTESIAN_POINT('',(3.425,-4.975,-2.707045442155E-15));
#465 = DIRECTION('',(-0.707106781187,-0.707106781187,-2.68410883492E-18)
  );
#466 = DIRECTION('',(-0.707106781187,0.707106781187,-2.68410883492E-18)
  );
#467 = ORIENTED_EDGE('',*,*,#468,.F.);
#468 = EDGE_CURVE('',#167,#460,#469,.T.);
#469 = CIRCLE('',#470,8.4);
#470 = AXIS2_PLACEMENT_3D('',#471,#472,#473);
#471 = CARTESIAN_POINT('',(0.,-8.931736859104E-17,-2.720046410332E-15));
#472 = DIRECTION('',(0.,-1.,0.));
#473 = DIRECTION('',(0.154320987654,0.,-0.988020765353));
#474 = CONICAL_SURFACE('',#475,8.1,0.785398163397);
#475 = AXIS2_PLACEMENT_3D('',#476,#477,#478);
#476 = CARTESIAN_POINT('',(0.,-0.3,-2.720046410332E-15));
#477 = DIRECTION('',(0.,1.,0.));
#478 = DIRECTION('',(0.154320987654,0.,-0.988020765353));
#479 = ADVANCED_FACE('',(#480),#500,.F.);
#480 = FACE_BOUND('',#481,.F.);
#481 = EDGE_LOOP('',(#482,#483,#484,#493));
#482 = ORIENTED_EDGE('',*,*,#198,.F.);
#483 = ORIENTED_EDGE('',*,*,#134,.T.);
#484 = ORIENTED_EDGE('',*,*,#485,.T.);
#485 = EDGE_CURVE('',#135,#486,#488,.T.);
#486 = VERTEX_POINT('',#487);
#487 = CARTESIAN_POINT('',(-1.55,-40.,-8.255755568087));
#488 = PARABOLA('',#489,2.421840725564);
#489 = AXIS2_PLACEMENT_3D('',#490,#491,#492);
#490 = CARTESIAN_POINT('',(3.425,-35.025,-2.734290264585E-15));
#491 = DIRECTION('',(0.707106781187,-0.707106781187,-2.94070830154E-18)
  );
#492 = DIRECTION('',(-0.707106781187,-0.707106781187,2.94070830154E-18)
  );
#493 = ORIENTED_EDGE('',*,*,#494,.F.);
#494 = EDGE_CURVE('',#199,#486,#495,.T.);
#495 = CIRCLE('',#496,8.4);
#496 = AXIS2_PLACEMENT_3D('',#497,#498,#499);
#497 = CARTESIAN_POINT('',(0.,-40.,-2.720046410332E-15));
#498 = DIRECTION('',(0.,-1.,0.));
#499 = DIRECTION('',(0.154320987654,0.,-0.988020765353));
#500 = CONICAL_SURFACE('',#501,8.1,0.785398163397);
#501 = AXIS2_PLACEMENT_3D('',#502,#503,#504);
#502 = CARTESIAN_POINT('',(0.,-39.7,-2.720046410332E-15));
#503 = DIRECTION('',(-0.,-1.,-0.));
#504 = DIRECTION('',(0.154320987654,0.,-0.988020765353));
#505 = ADVANCED_FACE('',(#506,#531,#542),#553,.T.);
#506 = FACE_BOUND('',#507,.T.);
#507 = EDGE_LOOP('',(#508,#509,#517,#525));
#508 = ORIENTED_EDGE('',*,*,#143,.T.);
#509 = ORIENTED_EDGE('',*,*,#510,.T.);
#510 = EDGE_CURVE('',#135,#511,#513,.T.);
#511 = VERTEX_POINT('',#512);
#512 = CARTESIAN_POINT('',(-1.25,-39.7,-20.10520671964));
#513 = LINE('',#514,#515);
#514 = CARTESIAN_POINT('',(-1.25,-39.7,-8.002968199362));
#515 = VECTOR('',#516,1.);
#516 = DIRECTION('',(0.,-2.22044604925E-16,-1.));
#517 = ORIENTED_EDGE('',*,*,#518,.F.);
#518 = EDGE_CURVE('',#519,#511,#521,.T.);
#519 = VERTEX_POINT('',#520);
#520 = CARTESIAN_POINT('',(-1.25,-0.3,-20.10520671964));
#521 = LINE('',#522,#523);
#522 = CARTESIAN_POINT('',(-1.25,-4.464252683E-15,-20.10520671964));
#523 = VECTOR('',#524,1.);
#524 = DIRECTION('',(0.,-1.,2.22044604925E-16));
#525 = ORIENTED_EDGE('',*,*,#526,.F.);
#526 = EDGE_CURVE('',#144,#519,#527,.T.);
#527 = LINE('',#528,#529);
#528 = CARTESIAN_POINT('',(-1.25,-0.3,-8.002968199362));
#529 = VECTOR('',#530,1.);
#530 = DIRECTION('',(0.,-2.22044604925E-16,-1.));
#531 = FACE_BOUND('',#532,.T.);
#532 = EDGE_LOOP('',(#533));
#533 = ORIENTED_EDGE('',*,*,#534,.T.);
#534 = EDGE_CURVE('',#535,#535,#537,.T.);
#535 = VERTEX_POINT('',#536);
#536 = CARTESIAN_POINT('',(-1.25,-31.6,-14.40520671964));
#537 = CIRCLE('',#538,1.6);
#538 = AXIS2_PLACEMENT_3D('',#539,#540,#541);
#539 = CARTESIAN_POINT('',(-1.25,-30.,-14.40520671964));
#540 = DIRECTION('',(-1.,0.,0.));
#541 = DIRECTION('',(0.,-1.,0.));
#542 = FACE_BOUND('',#543,.T.);
#543 = EDGE_LOOP('',(#544));
#544 = ORIENTED_EDGE('',*,*,#545,.T.);
#545 = EDGE_CURVE('',#546,#546,#548,.T.);
#546 = VERTEX_POINT('',#547);
#547 = CARTESIAN_POINT('',(-1.25,-11.6,-14.40520671964));
#548 = CIRCLE('',#549,1.6);
#549 = AXIS2_PLACEMENT_3D('',#550,#551,#552);
#550 = CARTESIAN_POINT('',(-1.25,-10.,-14.40520671964));
#551 = DIRECTION('',(-1.,0.,0.));
#552 = DIRECTION('',(0.,-1.,0.));
#553 = PLANE('',#554);
#554 = AXIS2_PLACEMENT_3D('',#555,#556,#557);
#555 = CARTESIAN_POINT('',(-1.25,-1.777015912055E-15,-8.002968199362));
#556 = DIRECTION('',(1.,0.,0.));
#557 = DIRECTION('',(0.,-2.22044604925E-16,-1.));
#558 = ADVANCED_FACE('',(#559),#683,.T.);
#559 = FACE_BOUND('',#560,.T.);
#560 = EDGE_LOOP('',(#561,#571,#579,#587,#595,#604,#612,#618,#619,#620,
    #628,#636,#644,#653,#661,#669,#677));
#561 = ORIENTED_EDGE('',*,*,#562,.F.);
#562 = EDGE_CURVE('',#563,#565,#567,.T.);
#563 = VERTEX_POINT('',#564);
#564 = CARTESIAN_POINT('',(19.7,-8.931736859104E-17,11.4));
#565 = VERTEX_POINT('',#566);
#566 = CARTESIAN_POINT('',(19.7,2.709364859358E-16,14.8));
#567 = LINE('',#568,#569);
#568 = CARTESIAN_POINT('',(19.7,-8.931736859104E-17,11.1));
#569 = VECTOR('',#570,1.);
#570 = DIRECTION('',(0.,2.22044604925E-16,1.));
#571 = ORIENTED_EDGE('',*,*,#572,.T.);
#572 = EDGE_CURVE('',#563,#573,#575,.T.);
#573 = VERTEX_POINT('',#574);
#574 = CARTESIAN_POINT('',(19.601999373037,-8.931736859104E-17,
    11.246954077648));
#575 = LINE('',#576,#577);
#576 = CARTESIAN_POINT('',(14.15580230833,-8.931736859104E-17,
    2.741720193813));
#577 = VECTOR('',#578,1.);
#578 = DIRECTION('',(-0.539253690055,0.,-0.842143371263));
#579 = ORIENTED_EDGE('',*,*,#580,.T.);
#580 = EDGE_CURVE('',#573,#581,#583,.T.);
#581 = VERTEX_POINT('',#582);
#582 = CARTESIAN_POINT('',(10.8,-3.608224830032E-16,7.192100433889));
#583 = LINE('',#584,#585);
#584 = CARTESIAN_POINT('',(19.874476725343,-8.931736859104E-17,
    11.372477352305));
#585 = VECTOR('',#586,1.);
#586 = DIRECTION('',(-0.908257841017,-9.290588643404E-17,-0.418410915525
    ));
#587 = ORIENTED_EDGE('',*,*,#588,.F.);
#588 = EDGE_CURVE('',#589,#581,#591,.T.);
#589 = VERTEX_POINT('',#590);
#590 = CARTESIAN_POINT('',(10.8,-1.110223024625E-16,-3.163895751652E-15)
  );
#591 = LINE('',#592,#593);
#592 = CARTESIAN_POINT('',(10.8,-8.931736859104E-17,-2.692290834716E-15)
  );
#593 = VECTOR('',#594,1.);
#594 = DIRECTION('',(0.,2.22044604925E-16,1.));
#595 = ORIENTED_EDGE('',*,*,#596,.F.);
#596 = EDGE_CURVE('',#597,#589,#599,.T.);
#597 = VERTEX_POINT('',#598);
#598 = CARTESIAN_POINT('',(6.95,-1.110223024625E-16,-8.266649865574));
#599 = CIRCLE('',#600,10.8);
#600 = AXIS2_PLACEMENT_3D('',#601,#602,#603);
#601 = CARTESIAN_POINT('',(0.,-8.931736859104E-17,-2.720046410332E-15));
#602 = DIRECTION('',(0.,-1.,0.));
#603 = DIRECTION('',(0.653153153153,0.,-0.757225830599));
#604 = ORIENTED_EDGE('',*,*,#605,.F.);
#605 = EDGE_CURVE('',#606,#597,#608,.T.);
#606 = VERTEX_POINT('',#607);
#607 = CARTESIAN_POINT('',(6.95,-4.386057541808E-16,-20.10520671964));
#608 = LINE('',#609,#610);
#609 = CARTESIAN_POINT('',(6.95,-8.931736859104E-17,-20.40520671964));
#610 = VECTOR('',#611,1.);
#611 = DIRECTION('',(0.,2.22044604925E-16,1.));
#612 = ORIENTED_EDGE('',*,*,#613,.F.);
#613 = EDGE_CURVE('',#177,#606,#614,.T.);
#614 = LINE('',#615,#616);
#615 = CARTESIAN_POINT('',(1.25,-8.931736859104E-17,-20.10520671964));
#616 = VECTOR('',#617,1.);
#617 = DIRECTION('',(1.,0.,0.));
#618 = ORIENTED_EDGE('',*,*,#184,.F.);
#619 = ORIENTED_EDGE('',*,*,#468,.T.);
#620 = ORIENTED_EDGE('',*,*,#621,.T.);
#621 = EDGE_CURVE('',#460,#622,#624,.T.);
#622 = VERTEX_POINT('',#623);
#623 = CARTESIAN_POINT('',(-1.55,-9.211808016987E-16,-20.10520671964));
#624 = LINE('',#625,#626);
#625 = CARTESIAN_POINT('',(-1.55,-8.931736859104E-17,-8.002968199362));
#626 = VECTOR('',#627,1.);
#627 = DIRECTION('',(0.,-2.22044604925E-16,-1.));
#628 = ORIENTED_EDGE('',*,*,#629,.F.);
#629 = EDGE_CURVE('',#630,#622,#632,.T.);
#630 = VERTEX_POINT('',#631);
#631 = CARTESIAN_POINT('',(-6.95,-8.203008881968E-16,-20.10520671964));
#632 = LINE('',#633,#634);
#633 = CARTESIAN_POINT('',(-7.25,-8.931736859104E-17,-20.10520671964));
#634 = VECTOR('',#635,1.);
#635 = DIRECTION('',(1.,0.,0.));
#636 = ORIENTED_EDGE('',*,*,#637,.F.);
#637 = EDGE_CURVE('',#638,#630,#640,.T.);
#638 = VERTEX_POINT('',#639);
#639 = CARTESIAN_POINT('',(-6.95,2.775557561563E-16,-8.266649865574));
#640 = LINE('',#641,#642);
#641 = CARTESIAN_POINT('',(-6.95,-8.931736859104E-17,-8.405206719647));
#642 = VECTOR('',#643,1.);
#643 = DIRECTION('',(0.,-2.22044604925E-16,-1.));
#644 = ORIENTED_EDGE('',*,*,#645,.F.);
#645 = EDGE_CURVE('',#646,#638,#648,.T.);
#646 = VERTEX_POINT('',#647);
#647 = CARTESIAN_POINT('',(-10.8,-7.216449660064E-16,-1.7763568394E-15)
  );
#648 = CIRCLE('',#649,10.8);
#649 = AXIS2_PLACEMENT_3D('',#650,#651,#652);
#650 = CARTESIAN_POINT('',(0.,-8.931736859104E-17,-2.720046410332E-15));
#651 = DIRECTION('',(-0.,-1.,0.));
#652 = DIRECTION('',(-1.,0.,1.242706628275E-16));
#653 = ORIENTED_EDGE('',*,*,#654,.F.);
#654 = EDGE_CURVE('',#655,#646,#657,.T.);
#655 = VERTEX_POINT('',#656);
#656 = CARTESIAN_POINT('',(-10.8,8.326672684689E-17,7.192100433889));
#657 = LINE('',#658,#659);
#658 = CARTESIAN_POINT('',(-10.8,-8.931736859104E-17,7.));
#659 = VECTOR('',#660,1.);
#660 = DIRECTION('',(0.,-2.22044604925E-16,-1.));
#661 = ORIENTED_EDGE('',*,*,#662,.F.);
#662 = EDGE_CURVE('',#663,#655,#665,.T.);
#663 = VERTEX_POINT('',#664);
#664 = CARTESIAN_POINT('',(-19.7,2.498001805407E-16,11.292100433889));
#665 = LINE('',#666,#667);
#666 = CARTESIAN_POINT('',(-19.87447672534,-8.931736859104E-17,
    11.372477352305));
#667 = VECTOR('',#668,1.);
#668 = DIRECTION('',(0.908257841017,-9.290588643404E-17,-0.418410915525)
  );
#669 = ORIENTED_EDGE('',*,*,#670,.F.);
#670 = EDGE_CURVE('',#671,#663,#673,.T.);
#671 = VERTEX_POINT('',#672);
#672 = CARTESIAN_POINT('',(-19.7,6.383782391595E-16,14.8));
#673 = LINE('',#674,#675);
#674 = CARTESIAN_POINT('',(-19.7,-8.931736859104E-17,15.1));
#675 = VECTOR('',#676,1.);
#676 = DIRECTION('',(0.,-2.22044604925E-16,-1.));
#677 = ORIENTED_EDGE('',*,*,#678,.T.);
#678 = EDGE_CURVE('',#671,#565,#679,.T.);
#679 = LINE('',#680,#681);
#680 = CARTESIAN_POINT('',(-20.,-8.931736859104E-17,14.8));
#681 = VECTOR('',#682,1.);
#682 = DIRECTION('',(1.,0.,0.));
#683 = PLANE('',#684);
#684 = AXIS2_PLACEMENT_3D('',#685,#686,#687);
#685 = CARTESIAN_POINT('',(8.610014019966E-16,-8.931736859104E-17,
    -0.402249667904));
#686 = DIRECTION('',(0.,1.,0.));
#687 = DIRECTION('',(0.,0.,1.));
#688 = ADVANCED_FACE('',(#689),#699,.T.);
#689 = FACE_BOUND('',#690,.T.);
#690 = EDGE_LOOP('',(#691,#697,#698));
#691 = ORIENTED_EDGE('',*,*,#692,.F.);
#692 = EDGE_CURVE('',#231,#177,#693,.T.);
#693 = LINE('',#694,#695);
#694 = CARTESIAN_POINT('',(1.55,-0.225,-20.33020671964));
#695 = VECTOR('',#696,1.);
#696 = DIRECTION('',(-4.539638610304E-15,0.707106781187,0.707106781187)
  );
#697 = ORIENTED_EDGE('',*,*,#230,.T.);
#698 = ORIENTED_EDGE('',*,*,#176,.F.);
#699 = PLANE('',#700);
#700 = AXIS2_PLACEMENT_3D('',#701,#702,#703);
#701 = CARTESIAN_POINT('',(1.55,-0.3,-20.40520671964));
#702 = DIRECTION('',(-0.57735026919,0.57735026919,-0.57735026919));
#703 = DIRECTION('',(-0.707106781187,-0.707106781187,-2.349454119481E-17
    ));
#704 = ADVANCED_FACE('',(#705),#829,.F.);
#705 = FACE_BOUND('',#706,.F.);
#706 = EDGE_LOOP('',(#707,#717,#725,#733,#741,#750,#758,#764,#765,#766,
    #774,#782,#790,#799,#807,#815,#823));
#707 = ORIENTED_EDGE('',*,*,#708,.F.);
#708 = EDGE_CURVE('',#709,#711,#713,.T.);
#709 = VERTEX_POINT('',#710);
#710 = CARTESIAN_POINT('',(19.7,-40.,11.4));
#711 = VERTEX_POINT('',#712);
#712 = CARTESIAN_POINT('',(19.7,-40.,14.8));
#713 = LINE('',#714,#715);
#714 = CARTESIAN_POINT('',(19.7,-40.,11.1));
#715 = VECTOR('',#716,1.);
#716 = DIRECTION('',(0.,2.22044604925E-16,1.));
#717 = ORIENTED_EDGE('',*,*,#718,.T.);
#718 = EDGE_CURVE('',#709,#719,#721,.T.);
#719 = VERTEX_POINT('',#720);
#720 = CARTESIAN_POINT('',(19.601999373037,-40.,11.246954077648));
#721 = LINE('',#722,#723);
#722 = CARTESIAN_POINT('',(14.15580230833,-40.,2.741720193813));
#723 = VECTOR('',#724,1.);
#724 = DIRECTION('',(-0.539253690055,0.,-0.842143371263));
#725 = ORIENTED_EDGE('',*,*,#726,.T.);
#726 = EDGE_CURVE('',#719,#727,#729,.T.);
#727 = VERTEX_POINT('',#728);
#728 = CARTESIAN_POINT('',(10.8,-40.,7.192100433889));
#729 = LINE('',#730,#731);
#730 = CARTESIAN_POINT('',(19.874476725343,-40.,11.372477352305));
#731 = VECTOR('',#732,1.);
#732 = DIRECTION('',(-0.908257841017,-9.290588643404E-17,-0.418410915525
    ));
#733 = ORIENTED_EDGE('',*,*,#734,.F.);
#734 = EDGE_CURVE('',#735,#727,#737,.T.);
#735 = VERTEX_POINT('',#736);
#736 = CARTESIAN_POINT('',(10.8,-40.,1.955132572701E-15));
#737 = LINE('',#738,#739);
#738 = CARTESIAN_POINT('',(10.8,-40.,6.189493362285E-15));
#739 = VECTOR('',#740,1.);
#740 = DIRECTION('',(0.,2.22044604925E-16,1.));
#741 = ORIENTED_EDGE('',*,*,#742,.F.);
#742 = EDGE_CURVE('',#743,#735,#745,.T.);
#743 = VERTEX_POINT('',#744);
#744 = CARTESIAN_POINT('',(6.95,-40.,-8.266649865574));
#745 = CIRCLE('',#746,10.8);
#746 = AXIS2_PLACEMENT_3D('',#747,#748,#749);
#747 = CARTESIAN_POINT('',(0.,-40.,-2.720046410332E-15));
#748 = DIRECTION('',(0.,-1.,0.));
#749 = DIRECTION('',(0.653153153153,0.,-0.757225830599));
#750 = ORIENTED_EDGE('',*,*,#751,.F.);
#751 = EDGE_CURVE('',#752,#743,#754,.T.);
#752 = VERTEX_POINT('',#753);
#753 = CARTESIAN_POINT('',(6.95,-40.,-20.10520671964));
#754 = LINE('',#755,#756);
#755 = CARTESIAN_POINT('',(6.95,-40.,-20.40520671964));
#756 = VECTOR('',#757,1.);
#757 = DIRECTION('',(0.,2.22044604925E-16,1.));
#758 = ORIENTED_EDGE('',*,*,#759,.F.);
#759 = EDGE_CURVE('',#209,#752,#760,.T.);
#760 = LINE('',#761,#762);
#761 = CARTESIAN_POINT('',(1.25,-40.,-20.10520671964));
#762 = VECTOR('',#763,1.);
#763 = DIRECTION('',(1.,0.,0.));
#764 = ORIENTED_EDGE('',*,*,#216,.F.);
#765 = ORIENTED_EDGE('',*,*,#494,.T.);
#766 = ORIENTED_EDGE('',*,*,#767,.T.);
#767 = EDGE_CURVE('',#486,#768,#770,.T.);
#768 = VERTEX_POINT('',#769);
#769 = CARTESIAN_POINT('',(-1.55,-40.,-20.10520671964));
#770 = LINE('',#771,#772);
#771 = CARTESIAN_POINT('',(-1.55,-40.,-8.002968199362));
#772 = VECTOR('',#773,1.);
#773 = DIRECTION('',(0.,-2.22044604925E-16,-1.));
#774 = ORIENTED_EDGE('',*,*,#775,.F.);
#775 = EDGE_CURVE('',#776,#768,#778,.T.);
#776 = VERTEX_POINT('',#777);
#777 = CARTESIAN_POINT('',(-6.95,-40.,-20.10520671964));
#778 = LINE('',#779,#780);
#779 = CARTESIAN_POINT('',(-7.25,-40.,-20.10520671964));
#780 = VECTOR('',#781,1.);
#781 = DIRECTION('',(1.,0.,0.));
#782 = ORIENTED_EDGE('',*,*,#783,.F.);
#783 = EDGE_CURVE('',#784,#776,#786,.T.);
#784 = VERTEX_POINT('',#785);
#785 = CARTESIAN_POINT('',(-6.95,-40.,-8.266649865574));
#786 = LINE('',#787,#788);
#787 = CARTESIAN_POINT('',(-6.95,-40.,-8.405206719647));
#788 = VECTOR('',#789,1.);
#789 = DIRECTION('',(0.,-2.22044604925E-16,-1.));
#790 = ORIENTED_EDGE('',*,*,#791,.F.);
#791 = EDGE_CURVE('',#792,#784,#794,.T.);
#792 = VERTEX_POINT('',#793);
#793 = CARTESIAN_POINT('',(-10.8,-40.,7.105427357601E-15));
#794 = CIRCLE('',#795,10.8);
#795 = AXIS2_PLACEMENT_3D('',#796,#797,#798);
#796 = CARTESIAN_POINT('',(0.,-40.,-2.720046410332E-15));
#797 = DIRECTION('',(-0.,-1.,0.));
#798 = DIRECTION('',(-1.,0.,9.244314012961E-16));
#799 = ORIENTED_EDGE('',*,*,#800,.F.);
#800 = EDGE_CURVE('',#801,#792,#803,.T.);
#801 = VERTEX_POINT('',#802);
#802 = CARTESIAN_POINT('',(-10.8,-40.,7.192100433889));
#803 = LINE('',#804,#805);
#804 = CARTESIAN_POINT('',(-10.8,-40.,7.));
#805 = VECTOR('',#806,1.);
#806 = DIRECTION('',(0.,-2.22044604925E-16,-1.));
#807 = ORIENTED_EDGE('',*,*,#808,.F.);
#808 = EDGE_CURVE('',#809,#801,#811,.T.);
#809 = VERTEX_POINT('',#810);
#810 = CARTESIAN_POINT('',(-19.7,-40.,11.292100433889));
#811 = LINE('',#812,#813);
#812 = CARTESIAN_POINT('',(-19.87447672534,-40.,11.372477352305));
#813 = VECTOR('',#814,1.);
#814 = DIRECTION('',(0.908257841017,-9.290588643404E-17,-0.418410915525)
  );
#815 = ORIENTED_EDGE('',*,*,#816,.F.);
#816 = EDGE_CURVE('',#817,#809,#819,.T.);
#817 = VERTEX_POINT('',#818);
#818 = CARTESIAN_POINT('',(-19.7,-40.,14.8));
#819 = LINE('',#820,#821);
#820 = CARTESIAN_POINT('',(-19.7,-40.,15.1));
#821 = VECTOR('',#822,1.);
#822 = DIRECTION('',(0.,-2.22044604925E-16,-1.));
#823 = ORIENTED_EDGE('',*,*,#824,.T.);
#824 = EDGE_CURVE('',#817,#711,#825,.T.);
#825 = LINE('',#826,#827);
#826 = CARTESIAN_POINT('',(-20.,-40.,14.8));
#827 = VECTOR('',#828,1.);
#828 = DIRECTION('',(1.,0.,0.));
#829 = PLANE('',#830);
#830 = AXIS2_PLACEMENT_3D('',#831,#832,#833);
#831 = CARTESIAN_POINT('',(8.610014019966E-16,-40.,-0.402249667904));
#832 = DIRECTION('',(0.,1.,0.));
#833 = DIRECTION('',(0.,0.,1.));
#834 = ADVANCED_FACE('',(#835),#845,.F.);
#835 = FACE_BOUND('',#836,.F.);
#836 = EDGE_LOOP('',(#837,#843,#844));
#837 = ORIENTED_EDGE('',*,*,#838,.F.);
#838 = EDGE_CURVE('',#240,#209,#839,.T.);
#839 = LINE('',#840,#841);
#840 = CARTESIAN_POINT('',(1.55,-39.775,-20.33020671964));
#841 = VECTOR('',#842,1.);
#842 = DIRECTION('',(4.303024240913E-15,-0.707106781187,0.707106781187)
  );
#843 = ORIENTED_EDGE('',*,*,#239,.T.);
#844 = ORIENTED_EDGE('',*,*,#208,.F.);
#845 = PLANE('',#846);
#846 = AXIS2_PLACEMENT_3D('',#847,#848,#849);
#847 = CARTESIAN_POINT('',(1.55,-39.7,-20.40520671964));
#848 = DIRECTION('',(0.57735026919,0.57735026919,0.57735026919));
#849 = DIRECTION('',(-0.707106781187,0.707106781187,-3.059698670026E-17)
  );
#850 = ADVANCED_FACE('',(#851),#940,.F.);
#851 = FACE_BOUND('',#852,.F.);
#852 = EDGE_LOOP('',(#853,#861,#862,#870,#878,#886,#894,#902,#910,#918,
    #926,#934));
#853 = ORIENTED_EDGE('',*,*,#854,.F.);
#854 = EDGE_CURVE('',#231,#855,#857,.T.);
#855 = VERTEX_POINT('',#856);
#856 = CARTESIAN_POINT('',(6.95,-0.3,-20.40520671964));
#857 = LINE('',#858,#859);
#858 = CARTESIAN_POINT('',(1.25,-0.3,-20.40520671964));
#859 = VECTOR('',#860,1.);
#860 = DIRECTION('',(1.,0.,0.));
#861 = ORIENTED_EDGE('',*,*,#247,.T.);
#862 = ORIENTED_EDGE('',*,*,#863,.T.);
#863 = EDGE_CURVE('',#240,#864,#866,.T.);
#864 = VERTEX_POINT('',#865);
#865 = CARTESIAN_POINT('',(6.95,-39.7,-20.40520671964));
#866 = LINE('',#867,#868);
#867 = CARTESIAN_POINT('',(1.25,-39.7,-20.40520671964));
#868 = VECTOR('',#869,1.);
#869 = DIRECTION('',(1.,0.,0.));
#870 = ORIENTED_EDGE('',*,*,#871,.F.);
#871 = EDGE_CURVE('',#872,#864,#874,.T.);
#872 = VERTEX_POINT('',#873);
#873 = CARTESIAN_POINT('',(6.95,-36.12426406871,-20.40520671964));
#874 = LINE('',#875,#876);
#875 = CARTESIAN_POINT('',(6.95,-36.,-20.40520671964));
#876 = VECTOR('',#877,1.);
#877 = DIRECTION('',(0.,-1.,2.22044604925E-16));
#878 = ORIENTED_EDGE('',*,*,#879,.F.);
#879 = EDGE_CURVE('',#880,#872,#882,.T.);
#880 = VERTEX_POINT('',#881);
#881 = CARTESIAN_POINT('',(4.95,-34.12426406871,-20.40520671964));
#882 = LINE('',#883,#884);
#883 = CARTESIAN_POINT('',(5.037867965644,-34.21213203435,
    -20.40520671964));
#884 = VECTOR('',#885,1.);
#885 = DIRECTION('',(0.707106781187,-0.707106781187,0.));
#886 = ORIENTED_EDGE('',*,*,#887,.F.);
#887 = EDGE_CURVE('',#888,#880,#890,.T.);
#888 = VERTEX_POINT('',#889);
#889 = CARTESIAN_POINT('',(4.95,-25.87573593128,-20.40520671964));
#890 = LINE('',#891,#892);
#891 = CARTESIAN_POINT('',(4.95,-26.,-20.40520671964));
#892 = VECTOR('',#893,1.);
#893 = DIRECTION('',(0.,-1.,0.));
#894 = ORIENTED_EDGE('',*,*,#895,.T.);
#895 = EDGE_CURVE('',#888,#896,#898,.T.);
#896 = VERTEX_POINT('',#897);
#897 = CARTESIAN_POINT('',(6.95,-23.87573593128,-20.40520671964));
#898 = LINE('',#899,#900);
#899 = CARTESIAN_POINT('',(5.037867965644,-25.78786796564,
    -20.40520671964));
#900 = VECTOR('',#901,1.);
#901 = DIRECTION('',(0.707106781187,0.707106781187,0.));
#902 = ORIENTED_EDGE('',*,*,#903,.F.);
#903 = EDGE_CURVE('',#904,#896,#906,.T.);
#904 = VERTEX_POINT('',#905);
#905 = CARTESIAN_POINT('',(6.95,-16.12426406871,-20.40520671964));
#906 = LINE('',#907,#908);
#907 = CARTESIAN_POINT('',(6.95,-16.,-20.40520671964));
#908 = VECTOR('',#909,1.);
#909 = DIRECTION('',(0.,-1.,2.22044604925E-16));
#910 = ORIENTED_EDGE('',*,*,#911,.F.);
#911 = EDGE_CURVE('',#912,#904,#914,.T.);
#912 = VERTEX_POINT('',#913);
#913 = CARTESIAN_POINT('',(4.95,-14.12426406871,-20.40520671964));
#914 = LINE('',#915,#916);
#915 = CARTESIAN_POINT('',(5.037867965644,-14.21213203435,
    -20.40520671964));
#916 = VECTOR('',#917,1.);
#917 = DIRECTION('',(0.707106781187,-0.707106781187,0.));
#918 = ORIENTED_EDGE('',*,*,#919,.F.);
#919 = EDGE_CURVE('',#920,#912,#922,.T.);
#920 = VERTEX_POINT('',#921);
#921 = CARTESIAN_POINT('',(4.95,-5.875735931288,-20.40520671964));
#922 = LINE('',#923,#924);
#923 = CARTESIAN_POINT('',(4.95,-6.,-20.40520671964));
#924 = VECTOR('',#925,1.);
#925 = DIRECTION('',(0.,-1.,0.));
#926 = ORIENTED_EDGE('',*,*,#927,.T.);
#927 = EDGE_CURVE('',#920,#928,#930,.T.);
#928 = VERTEX_POINT('',#929);
#929 = CARTESIAN_POINT('',(6.95,-3.875735931288,-20.40520671964));
#930 = LINE('',#931,#932);
#931 = CARTESIAN_POINT('',(5.037867965644,-5.787867965644,
    -20.40520671964));
#932 = VECTOR('',#933,1.);
#933 = DIRECTION('',(0.707106781187,0.707106781187,0.));
#934 = ORIENTED_EDGE('',*,*,#935,.F.);
#935 = EDGE_CURVE('',#855,#928,#936,.T.);
#936 = LINE('',#937,#938);
#937 = CARTESIAN_POINT('',(6.95,-4.530866064478E-15,-20.40520671964));
#938 = VECTOR('',#939,1.);
#939 = DIRECTION('',(0.,-1.,2.22044604925E-16));
#940 = PLANE('',#941);
#941 = AXIS2_PLACEMENT_3D('',#942,#943,#944);
#942 = CARTESIAN_POINT('',(1.25,-4.530866064478E-15,-20.40520671964));
#943 = DIRECTION('',(0.,2.22044604925E-16,1.));
#944 = DIRECTION('',(1.,0.,0.));
#945 = ADVANCED_FACE('',(#946),#972,.F.);
#946 = FACE_BOUND('',#947,.F.);
#947 = EDGE_LOOP('',(#948,#956,#957,#965));
#948 = ORIENTED_EDGE('',*,*,#949,.F.);
#949 = EDGE_CURVE('',#270,#950,#952,.T.);
#950 = VERTEX_POINT('',#951);
#951 = CARTESIAN_POINT('',(5.25,-28.1,-14.40520671964));
#952 = LINE('',#953,#954);
#953 = CARTESIAN_POINT('',(4.95,-28.4,-14.40520671964));
#954 = VECTOR('',#955,1.);
#955 = DIRECTION('',(0.707106781187,0.707106781187,-7.065416064077E-15)
  );
#956 = ORIENTED_EDGE('',*,*,#269,.T.);
#957 = ORIENTED_EDGE('',*,*,#958,.T.);
#958 = EDGE_CURVE('',#262,#959,#961,.T.);
#959 = VERTEX_POINT('',#960);
#960 = CARTESIAN_POINT('',(5.25,-31.9,-14.40520671964));
#961 = LINE('',#962,#963);
#962 = CARTESIAN_POINT('',(4.95,-31.6,-14.40520671964));
#963 = VECTOR('',#964,1.);
#964 = DIRECTION('',(0.707106781187,-0.707106781187,4.734637861201E-14)
  );
#965 = ORIENTED_EDGE('',*,*,#966,.F.);
#966 = EDGE_CURVE('',#950,#959,#967,.T.);
#967 = CIRCLE('',#968,1.9);
#968 = AXIS2_PLACEMENT_3D('',#969,#970,#971);
#969 = CARTESIAN_POINT('',(5.25,-30.,-14.40520671964));
#970 = DIRECTION('',(1.,-0.,0.));
#971 = DIRECTION('',(0.,1.,-9.992007221626E-15));
#972 = CONICAL_SURFACE('',#973,1.6,0.785398163397);
#973 = AXIS2_PLACEMENT_3D('',#974,#975,#976);
#974 = CARTESIAN_POINT('',(4.95,-30.,-14.40520671964));
#975 = DIRECTION('',(1.,0.,0.));
#976 = DIRECTION('',(0.,1.,-9.992007221626E-15));
#977 = ADVANCED_FACE('',(#978),#996,.T.);
#978 = FACE_BOUND('',#979,.F.);
#979 = EDGE_LOOP('',(#980,#981,#982,#990));
#980 = ORIENTED_EDGE('',*,*,#958,.F.);
#981 = ORIENTED_EDGE('',*,*,#301,.T.);
#982 = ORIENTED_EDGE('',*,*,#983,.T.);
#983 = EDGE_CURVE('',#294,#984,#986,.T.);
#984 = VERTEX_POINT('',#985);
#985 = CARTESIAN_POINT('',(5.25,-31.9,-15.40520671964));
#986 = LINE('',#987,#988);
#987 = CARTESIAN_POINT('',(5.1,-31.75,-15.40520671964));
#988 = VECTOR('',#989,1.);
#989 = DIRECTION('',(0.707106781187,-0.707106781187,-6.029155041345E-14)
  );
#990 = ORIENTED_EDGE('',*,*,#991,.F.);
#991 = EDGE_CURVE('',#959,#984,#992,.T.);
#992 = LINE('',#993,#994);
#993 = CARTESIAN_POINT('',(5.25,-31.9,-14.40520671964));
#994 = VECTOR('',#995,1.);
#995 = DIRECTION('',(0.,8.526512829121E-14,-1.));
#996 = PLANE('',#997);
#997 = AXIS2_PLACEMENT_3D('',#998,#999,#1000);
#998 = CARTESIAN_POINT('',(5.1,-31.75,-14.40520671964));
#999 = DIRECTION('',(0.707106781187,0.707106781187,6.029008399857E-14));
#1000 = DIRECTION('',(1.036911910524E-18,-8.52640913793E-14,1.));
#1001 = ADVANCED_FACE('',(#1002),#1021,.F.);
#1002 = FACE_BOUND('',#1003,.F.);
#1003 = EDGE_LOOP('',(#1004,#1005,#1006,#1014));
#1004 = ORIENTED_EDGE('',*,*,#983,.F.);
#1005 = ORIENTED_EDGE('',*,*,#325,.T.);
#1006 = ORIENTED_EDGE('',*,*,#1007,.T.);
#1007 = EDGE_CURVE('',#318,#1008,#1010,.T.);
#1008 = VERTEX_POINT('',#1009);
#1009 = CARTESIAN_POINT('',(5.25,-28.1,-15.40520671964));
#1010 = LINE('',#1011,#1012);
#1011 = CARTESIAN_POINT('',(4.95,-28.4,-15.40520671964));
#1012 = VECTOR('',#1013,1.);
#1013 = DIRECTION('',(0.707106781187,0.707106781187,-8.659560562353E-17)
  );
#1014 = ORIENTED_EDGE('',*,*,#1015,.F.);
#1015 = EDGE_CURVE('',#984,#1008,#1016,.T.);
#1016 = CIRCLE('',#1017,1.9);
#1017 = AXIS2_PLACEMENT_3D('',#1018,#1019,#1020);
#1018 = CARTESIAN_POINT('',(5.25,-30.,-15.40520671964));
#1019 = DIRECTION('',(1.,0.,0.));
#1020 = DIRECTION('',(0.,-1.,3.5527136788E-14));
#1021 = CONICAL_SURFACE('',#1022,1.6,0.785398163397);
#1022 = AXIS2_PLACEMENT_3D('',#1023,#1024,#1025);
#1023 = CARTESIAN_POINT('',(4.95,-30.,-15.40520671964));
#1024 = DIRECTION('',(1.,0.,0.));
#1025 = DIRECTION('',(0.,-1.,3.5527136788E-14));
#1026 = ADVANCED_FACE('',(#1027),#1038,.F.);
#1027 = FACE_BOUND('',#1028,.F.);
#1028 = EDGE_LOOP('',(#1029,#1030,#1031,#1032));
#1029 = ORIENTED_EDGE('',*,*,#1007,.F.);
#1030 = ORIENTED_EDGE('',*,*,#343,.T.);
#1031 = ORIENTED_EDGE('',*,*,#949,.T.);
#1032 = ORIENTED_EDGE('',*,*,#1033,.F.);
#1033 = EDGE_CURVE('',#1008,#950,#1034,.T.);
#1034 = LINE('',#1035,#1036);
#1035 = CARTESIAN_POINT('',(5.25,-28.1,-15.40520671964));
#1036 = VECTOR('',#1037,1.);
#1037 = DIRECTION('',(0.,0.,1.));
#1038 = PLANE('',#1039);
#1039 = AXIS2_PLACEMENT_3D('',#1040,#1041,#1042);
#1040 = CARTESIAN_POINT('',(5.1,-28.25,-15.40520671964));
#1041 = DIRECTION('',(-0.707106781187,0.707106781187,2.10522612102E-18)
  );
#1042 = DIRECTION('',(1.488619666104E-18,-1.488619666104E-18,1.));
#1043 = ADVANCED_FACE('',(#1044),#1070,.F.);
#1044 = FACE_BOUND('',#1045,.F.);
#1045 = EDGE_LOOP('',(#1046,#1054,#1055,#1063));
#1046 = ORIENTED_EDGE('',*,*,#1047,.F.);
#1047 = EDGE_CURVE('',#368,#1048,#1050,.T.);
#1048 = VERTEX_POINT('',#1049);
#1049 = CARTESIAN_POINT('',(5.25,-11.9,-15.40520671964));
#1050 = LINE('',#1051,#1052);
#1051 = CARTESIAN_POINT('',(4.95,-11.6,-15.40520671964));
#1052 = VECTOR('',#1053,1.);
#1053 = DIRECTION('',(0.707106781187,-0.707106781187,-7.07326652637E-13)
  );
#1054 = ORIENTED_EDGE('',*,*,#367,.T.);
#1055 = ORIENTED_EDGE('',*,*,#1056,.T.);
#1056 = EDGE_CURVE('',#360,#1057,#1059,.T.);
#1057 = VERTEX_POINT('',#1058);
#1058 = CARTESIAN_POINT('',(5.25,-8.1,-15.40520671964));
#1059 = LINE('',#1060,#1061);
#1060 = CARTESIAN_POINT('',(4.95,-8.4,-15.40520671964));
#1061 = VECTOR('',#1062,1.);
#1062 = DIRECTION('',(0.707106781187,0.707106781187,2.205170806182E-14)
  );
#1063 = ORIENTED_EDGE('',*,*,#1064,.F.);
#1064 = EDGE_CURVE('',#1048,#1057,#1065,.T.);
#1065 = CIRCLE('',#1066,1.9);
#1066 = AXIS2_PLACEMENT_3D('',#1067,#1068,#1069);
#1067 = CARTESIAN_POINT('',(5.25,-10.,-15.40520671964));
#1068 = DIRECTION('',(1.,0.,0.));
#1069 = DIRECTION('',(0.,-1.,-1.000310945187E-12));
#1070 = CONICAL_SURFACE('',#1071,1.6,0.785398163397);
#1071 = AXIS2_PLACEMENT_3D('',#1072,#1073,#1074);
#1072 = CARTESIAN_POINT('',(4.95,-10.,-15.40520671964));
#1073 = DIRECTION('',(1.,0.,0.));
#1074 = DIRECTION('',(0.,-1.,-1.000310945187E-12));
#1075 = ADVANCED_FACE('',(#1076),#1094,.F.);
#1076 = FACE_BOUND('',#1077,.F.);
#1077 = EDGE_LOOP('',(#1078,#1079,#1080,#1088));
#1078 = ORIENTED_EDGE('',*,*,#1056,.F.);
#1079 = ORIENTED_EDGE('',*,*,#392,.T.);
#1080 = ORIENTED_EDGE('',*,*,#1081,.T.);
#1081 = EDGE_CURVE('',#393,#1082,#1084,.T.);
#1082 = VERTEX_POINT('',#1083);
#1083 = CARTESIAN_POINT('',(5.25,-8.1,-14.40520671964));
#1084 = LINE('',#1085,#1086);
#1085 = CARTESIAN_POINT('',(5.1,-8.25,-14.40520671964));
#1086 = VECTOR('',#1087,1.);
#1087 = DIRECTION('',(0.707106781187,0.707106781187,-6.029155041345E-14)
  );
#1088 = ORIENTED_EDGE('',*,*,#1089,.F.);
#1089 = EDGE_CURVE('',#1057,#1082,#1090,.T.);
#1090 = LINE('',#1091,#1092);
#1091 = CARTESIAN_POINT('',(5.25,-8.1,-15.40520671964));
#1092 = VECTOR('',#1093,1.);
#1093 = DIRECTION('',(0.,8.526512829121E-14,1.));
#1094 = PLANE('',#1095);
#1095 = AXIS2_PLACEMENT_3D('',#1096,#1097,#1098);
#1096 = CARTESIAN_POINT('',(5.1,-8.25,-15.40520671964));
#1097 = DIRECTION('',(-0.707106781187,0.707106781187,-6.029008399857E-14
    ));
#1098 = DIRECTION('',(1.036911910444E-18,8.52640913793E-14,1.));
#1099 = ADVANCED_FACE('',(#1100),#1119,.F.);
#1100 = FACE_BOUND('',#1101,.F.);
#1101 = EDGE_LOOP('',(#1102,#1103,#1104,#1112));
#1102 = ORIENTED_EDGE('',*,*,#1081,.F.);
#1103 = ORIENTED_EDGE('',*,*,#423,.T.);
#1104 = ORIENTED_EDGE('',*,*,#1105,.T.);
#1105 = EDGE_CURVE('',#416,#1106,#1108,.T.);
#1106 = VERTEX_POINT('',#1107);
#1107 = CARTESIAN_POINT('',(5.25,-11.9,-14.40520671964));
#1108 = LINE('',#1109,#1110);
#1109 = CARTESIAN_POINT('',(4.95,-11.6,-14.40520671964));
#1110 = VECTOR('',#1111,1.);
#1111 = DIRECTION('',(0.707106781187,-0.707106781187,-6.664801966717E-15
    ));
#1112 = ORIENTED_EDGE('',*,*,#1113,.F.);
#1113 = EDGE_CURVE('',#1082,#1106,#1114,.T.);
#1114 = CIRCLE('',#1115,1.9);
#1115 = AXIS2_PLACEMENT_3D('',#1116,#1117,#1118);
#1116 = CARTESIAN_POINT('',(5.25,-10.,-14.40520671964));
#1117 = DIRECTION('',(1.,0.,-0.));
#1118 = DIRECTION('',(0.,1.,1.062483434566E-12));
#1119 = CONICAL_SURFACE('',#1120,1.6,0.785398163397);
#1120 = AXIS2_PLACEMENT_3D('',#1121,#1122,#1123);
#1121 = CARTESIAN_POINT('',(4.95,-10.,-14.40520671964));
#1122 = DIRECTION('',(1.,0.,0.));
#1123 = DIRECTION('',(0.,1.,1.062483434566E-12));
#1124 = ADVANCED_FACE('',(#1125),#1136,.T.);
#1125 = FACE_BOUND('',#1126,.F.);
#1126 = EDGE_LOOP('',(#1127,#1128,#1129,#1130));
#1127 = ORIENTED_EDGE('',*,*,#1105,.F.);
#1128 = ORIENTED_EDGE('',*,*,#441,.T.);
#1129 = ORIENTED_EDGE('',*,*,#1047,.T.);
#1130 = ORIENTED_EDGE('',*,*,#1131,.F.);
#1131 = EDGE_CURVE('',#1106,#1048,#1132,.T.);
#1132 = LINE('',#1133,#1134);
#1133 = CARTESIAN_POINT('',(5.25,-11.9,-14.40520671964));
#1134 = VECTOR('',#1135,1.);
#1135 = DIRECTION('',(0.,0.,-1.));
#1136 = PLANE('',#1137);
#1137 = AXIS2_PLACEMENT_3D('',#1138,#1139,#1140);
#1138 = CARTESIAN_POINT('',(5.1,-11.75,-14.40520671964));
#1139 = DIRECTION('',(0.707106781187,0.707106781187,-1.683932972118E-18)
  );
#1140 = DIRECTION('',(1.190720423648E-18,1.190720423648E-18,1.));
#1141 = ADVANCED_FACE('',(#1142),#1153,.T.);
#1142 = FACE_BOUND('',#1143,.F.);
#1143 = EDGE_LOOP('',(#1144,#1145,#1146,#1152));
#1144 = ORIENTED_EDGE('',*,*,#459,.T.);
#1145 = ORIENTED_EDGE('',*,*,#621,.T.);
#1146 = ORIENTED_EDGE('',*,*,#1147,.T.);
#1147 = EDGE_CURVE('',#622,#519,#1148,.T.);
#1148 = LINE('',#1149,#1150);
#1149 = CARTESIAN_POINT('',(-1.4,-0.15,-20.10520671964));
#1150 = VECTOR('',#1151,1.);
#1151 = DIRECTION('',(0.707106781187,-0.707106781187,2.4661972453E-15));
#1152 = ORIENTED_EDGE('',*,*,#526,.F.);
#1153 = PLANE('',#1154);
#1154 = AXIS2_PLACEMENT_3D('',#1155,#1156,#1157);
#1155 = CARTESIAN_POINT('',(-1.4,-0.15,-8.002968199362));
#1156 = DIRECTION('',(0.707106781187,0.707106781187,2.68410883492E-18));
#1157 = DIRECTION('',(-1.129202540211E-16,1.091243509039E-16,1.));
#1158 = ADVANCED_FACE('',(#1159),#1170,.F.);
#1159 = FACE_BOUND('',#1160,.T.);
#1160 = EDGE_LOOP('',(#1161,#1162,#1163,#1169));
#1161 = ORIENTED_EDGE('',*,*,#485,.T.);
#1162 = ORIENTED_EDGE('',*,*,#767,.T.);
#1163 = ORIENTED_EDGE('',*,*,#1164,.T.);
#1164 = EDGE_CURVE('',#768,#511,#1165,.T.);
#1165 = LINE('',#1166,#1167);
#1166 = CARTESIAN_POINT('',(-1.4,-39.85,-20.10520671964));
#1167 = VECTOR('',#1168,1.);
#1168 = DIRECTION('',(0.707106781187,0.707106781187,-5.223860357981E-15)
  );
#1169 = ORIENTED_EDGE('',*,*,#510,.F.);
#1170 = PLANE('',#1171);
#1171 = AXIS2_PLACEMENT_3D('',#1172,#1173,#1174);
#1172 = CARTESIAN_POINT('',(-1.4,-39.85,-8.002968199362));
#1173 = DIRECTION('',(-0.707106781187,0.707106781187,2.94070830154E-18)
  );
#1174 = DIRECTION('',(1.13101697244E-16,1.08942907681E-16,1.));
#1175 = ADVANCED_FACE('',(#1176),#1201,.F.);
#1176 = FACE_BOUND('',#1177,.T.);
#1177 = EDGE_LOOP('',(#1178,#1186,#1187,#1195));
#1178 = ORIENTED_EDGE('',*,*,#1179,.T.);
#1179 = EDGE_CURVE('',#1180,#519,#1182,.T.);
#1180 = VERTEX_POINT('',#1181);
#1181 = CARTESIAN_POINT('',(-1.55,-0.3,-20.40520671964));
#1182 = LINE('',#1183,#1184);
#1183 = CARTESIAN_POINT('',(-1.475,-0.3,-20.33020671964));
#1184 = VECTOR('',#1185,1.);
#1185 = DIRECTION('',(0.707106781187,1.397661941622E-15,0.707106781187)
  );
#1186 = ORIENTED_EDGE('',*,*,#518,.T.);
#1187 = ORIENTED_EDGE('',*,*,#1188,.F.);
#1188 = EDGE_CURVE('',#1189,#511,#1191,.T.);
#1189 = VERTEX_POINT('',#1190);
#1190 = CARTESIAN_POINT('',(-1.55,-39.7,-20.40520671964));
#1191 = LINE('',#1192,#1193);
#1192 = CARTESIAN_POINT('',(-1.475,-39.7,-20.33020671964));
#1193 = VECTOR('',#1194,1.);
#1194 = DIRECTION('',(0.707106781187,5.249053037549E-15,0.707106781187)
  );
#1195 = ORIENTED_EDGE('',*,*,#1196,.F.);
#1196 = EDGE_CURVE('',#1180,#1189,#1197,.T.);
#1197 = LINE('',#1198,#1199);
#1198 = CARTESIAN_POINT('',(-1.55,-4.530866064478E-15,-20.40520671964));
#1199 = VECTOR('',#1200,1.);
#1200 = DIRECTION('',(0.,-1.,2.22044604925E-16));
#1201 = PLANE('',#1202);
#1202 = AXIS2_PLACEMENT_3D('',#1203,#1204,#1205);
#1203 = CARTESIAN_POINT('',(-1.4,-4.497559373739E-15,-20.25520671964));
#1204 = DIRECTION('',(-0.707106781187,2.512584507879E-16,0.707106781187)
  );
#1205 = DIRECTION('',(6.664425192001E-17,1.,-2.88688856845E-16));
#1206 = ADVANCED_FACE('',(#1207),#1226,.F.);
#1207 = FACE_BOUND('',#1208,.F.);
#1208 = EDGE_LOOP('',(#1209,#1218,#1224,#1225));
#1209 = ORIENTED_EDGE('',*,*,#1210,.F.);
#1210 = EDGE_CURVE('',#1211,#1211,#1213,.T.);
#1211 = VERTEX_POINT('',#1212);
#1212 = CARTESIAN_POINT('',(-4.25,-31.6,-14.40520671964));
#1213 = CIRCLE('',#1214,1.6);
#1214 = AXIS2_PLACEMENT_3D('',#1215,#1216,#1217);
#1215 = CARTESIAN_POINT('',(-4.25,-30.,-14.40520671964));
#1216 = DIRECTION('',(-1.,0.,0.));
#1217 = DIRECTION('',(0.,-1.,0.));
#1218 = ORIENTED_EDGE('',*,*,#1219,.T.);
#1219 = EDGE_CURVE('',#1211,#535,#1220,.T.);
#1220 = LINE('',#1221,#1222);
#1221 = CARTESIAN_POINT('',(-7.25,-31.6,-14.40520671964));
#1222 = VECTOR('',#1223,1.);
#1223 = DIRECTION('',(1.,0.,0.));
#1224 = ORIENTED_EDGE('',*,*,#534,.T.);
#1225 = ORIENTED_EDGE('',*,*,#1219,.F.);
#1226 = CYLINDRICAL_SURFACE('',#1227,1.6);
#1227 = AXIS2_PLACEMENT_3D('',#1228,#1229,#1230);
#1228 = CARTESIAN_POINT('',(-7.25,-30.,-14.40520671964));
#1229 = DIRECTION('',(-1.,0.,0.));
#1230 = DIRECTION('',(0.,-1.,0.));
#1231 = ADVANCED_FACE('',(#1232),#1251,.F.);
#1232 = FACE_BOUND('',#1233,.F.);
#1233 = EDGE_LOOP('',(#1234,#1243,#1249,#1250));
#1234 = ORIENTED_EDGE('',*,*,#1235,.F.);
#1235 = EDGE_CURVE('',#1236,#1236,#1238,.T.);
#1236 = VERTEX_POINT('',#1237);
#1237 = CARTESIAN_POINT('',(-4.25,-11.6,-14.40520671964));
#1238 = CIRCLE('',#1239,1.6);
#1239 = AXIS2_PLACEMENT_3D('',#1240,#1241,#1242);
#1240 = CARTESIAN_POINT('',(-4.25,-10.,-14.40520671964));
#1241 = DIRECTION('',(-1.,0.,0.));
#1242 = DIRECTION('',(0.,-1.,0.));
#1243 = ORIENTED_EDGE('',*,*,#1244,.T.);
#1244 = EDGE_CURVE('',#1236,#546,#1245,.T.);
#1245 = LINE('',#1246,#1247);
#1246 = CARTESIAN_POINT('',(-7.25,-11.6,-14.40520671964));
#1247 = VECTOR('',#1248,1.);
#1248 = DIRECTION('',(1.,0.,0.));
#1249 = ORIENTED_EDGE('',*,*,#545,.T.);
#1250 = ORIENTED_EDGE('',*,*,#1244,.F.);
#1251 = CYLINDRICAL_SURFACE('',#1252,1.6);
#1252 = AXIS2_PLACEMENT_3D('',#1253,#1254,#1255);
#1253 = CARTESIAN_POINT('',(-7.25,-10.,-14.40520671964));
#1254 = DIRECTION('',(-1.,0.,0.));
#1255 = DIRECTION('',(0.,-1.,0.));
#1256 = ADVANCED_FACE('',(#1257),#1282,.F.);
#1257 = FACE_BOUND('',#1258,.T.);
#1258 = EDGE_LOOP('',(#1259,#1267,#1268,#1276));
#1259 = ORIENTED_EDGE('',*,*,#1260,.F.);
#1260 = EDGE_CURVE('',#563,#1261,#1263,.T.);
#1261 = VERTEX_POINT('',#1262);
#1262 = CARTESIAN_POINT('',(20.,-0.3,11.4));
#1263 = LINE('',#1264,#1265);
#1264 = CARTESIAN_POINT('',(19.775,-7.5E-02,11.4));
#1265 = VECTOR('',#1266,1.);
#1266 = DIRECTION('',(0.707106781187,-0.707106781187,-2.137305917189E-15
    ));
#1267 = ORIENTED_EDGE('',*,*,#562,.T.);
#1268 = ORIENTED_EDGE('',*,*,#1269,.T.);
#1269 = EDGE_CURVE('',#565,#1270,#1272,.T.);
#1270 = VERTEX_POINT('',#1271);
#1271 = CARTESIAN_POINT('',(20.,-0.3,14.8));
#1272 = LINE('',#1273,#1274);
#1273 = CARTESIAN_POINT('',(19.775,-7.5E-02,14.8));
#1274 = VECTOR('',#1275,1.);
#1275 = DIRECTION('',(0.707106781187,-0.707106781187,-2.758609990234E-15
    ));
#1276 = ORIENTED_EDGE('',*,*,#1277,.F.);
#1277 = EDGE_CURVE('',#1261,#1270,#1278,.T.);
#1278 = LINE('',#1279,#1280);
#1279 = CARTESIAN_POINT('',(20.,-0.3,11.1));
#1280 = VECTOR('',#1281,1.);
#1281 = DIRECTION('',(0.,2.22044604925E-16,1.));
#1282 = PLANE('',#1283);
#1283 = AXIS2_PLACEMENT_3D('',#1284,#1285,#1286);
#1284 = CARTESIAN_POINT('',(19.85,-0.15,11.1));
#1285 = DIRECTION('',(-0.707106781187,-0.707106781187,3.256108521322E-18
    ));
#1286 = DIRECTION('',(1.087198860468E-16,-1.133247188782E-16,-1.));
#1287 = ADVANCED_FACE('',(#1288),#1306,.F.);
#1288 = FACE_BOUND('',#1289,.F.);
#1289 = EDGE_LOOP('',(#1290,#1291,#1292,#1300));
#1290 = ORIENTED_EDGE('',*,*,#1260,.F.);
#1291 = ORIENTED_EDGE('',*,*,#572,.T.);
#1292 = ORIENTED_EDGE('',*,*,#1293,.T.);
#1293 = EDGE_CURVE('',#573,#1294,#1296,.T.);
#1294 = VERTEX_POINT('',#1295);
#1295 = CARTESIAN_POINT('',(19.727522647695,-0.3,10.974476725343));
#1296 = LINE('',#1297,#1298);
#1297 = CARTESIAN_POINT('',(19.623129058689,-5.049984325933E-02,
    11.201087199037));
#1298 = VECTOR('',#1299,1.);
#1299 = DIRECTION('',(0.29586119569,-0.707106781187,-0.642235278449));
#1300 = ORIENTED_EDGE('',*,*,#1301,.F.);
#1301 = EDGE_CURVE('',#1261,#1294,#1302,.T.);
#1302 = LINE('',#1303,#1304);
#1303 = CARTESIAN_POINT('',(19.888261480588,-0.3,11.225499843259));
#1304 = VECTOR('',#1305,1.);
#1305 = DIRECTION('',(-0.539253690055,1.77805931482E-15,-0.842143371263)
  );
#1306 = PLANE('',#1307);
#1307 = AXIS2_PLACEMENT_3D('',#1308,#1309,#1310);
#1308 = CARTESIAN_POINT('',(19.7,-8.931736859104E-17,11.4));
#1309 = DIRECTION('',(-0.644152800251,-0.644152800251,0.412473441397));
#1310 = DIRECTION('',(-0.539253690055,-5.565679129717E-16,
    -0.842143371263));
#1311 = ADVANCED_FACE('',(#1312),#1337,.T.);
#1312 = FACE_BOUND('',#1313,.F.);
#1313 = EDGE_LOOP('',(#1314,#1322,#1323,#1331));
#1314 = ORIENTED_EDGE('',*,*,#1315,.F.);
#1315 = EDGE_CURVE('',#671,#1316,#1318,.T.);
#1316 = VERTEX_POINT('',#1317);
#1317 = CARTESIAN_POINT('',(-20.,-0.3,15.1));
#1318 = LINE('',#1319,#1320);
#1319 = CARTESIAN_POINT('',(-19.9,-0.2,15.));
#1320 = VECTOR('',#1321,1.);
#1321 = DIRECTION('',(-0.57735026919,-0.57735026919,0.57735026919));
#1322 = ORIENTED_EDGE('',*,*,#678,.T.);
#1323 = ORIENTED_EDGE('',*,*,#1324,.T.);
#1324 = EDGE_CURVE('',#565,#1325,#1327,.T.);
#1325 = VERTEX_POINT('',#1326);
#1326 = CARTESIAN_POINT('',(19.7,-0.3,15.1));
#1327 = LINE('',#1328,#1329);
#1328 = CARTESIAN_POINT('',(19.7,-7.499999999998E-02,14.875));
#1329 = VECTOR('',#1330,1.);
#1330 = DIRECTION('',(1.568355451265E-15,-0.707106781187,0.707106781187)
  );
#1331 = ORIENTED_EDGE('',*,*,#1332,.F.);
#1332 = EDGE_CURVE('',#1316,#1325,#1333,.T.);
#1333 = LINE('',#1334,#1335);
#1334 = CARTESIAN_POINT('',(-20.,-0.3,15.1));
#1335 = VECTOR('',#1336,1.);
#1336 = DIRECTION('',(1.,0.,0.));
#1337 = PLANE('',#1338);
#1338 = AXIS2_PLACEMENT_3D('',#1339,#1340,#1341);
#1339 = CARTESIAN_POINT('',(-20.,-0.15,14.95));
#1340 = DIRECTION('',(-1.400135019174E-18,0.707106781187,0.707106781187)
  );
#1341 = DIRECTION('',(-1.,-9.900449666345E-19,-9.900449666345E-19));
#1342 = ADVANCED_FACE('',(#1343),#1361,.T.);
#1343 = FACE_BOUND('',#1344,.F.);
#1344 = EDGE_LOOP('',(#1345,#1346,#1347,#1355));
#1345 = ORIENTED_EDGE('',*,*,#1293,.F.);
#1346 = ORIENTED_EDGE('',*,*,#580,.T.);
#1347 = ORIENTED_EDGE('',*,*,#1348,.T.);
#1348 = EDGE_CURVE('',#581,#1349,#1351,.T.);
#1349 = VERTEX_POINT('',#1350);
#1350 = CARTESIAN_POINT('',(11.1,-0.3,7.));
#1351 = LINE('',#1352,#1353);
#1352 = CARTESIAN_POINT('',(13.207230332137,-2.407230332137,
    5.650667129641));
#1353 = VECTOR('',#1354,1.);
#1354 = DIRECTION('',(0.644152800251,-0.644152800251,-0.412473441397));
#1355 = ORIENTED_EDGE('',*,*,#1356,.F.);
#1356 = EDGE_CURVE('',#1294,#1349,#1357,.T.);
#1357 = LINE('',#1358,#1359);
#1358 = CARTESIAN_POINT('',(20.,-0.3,11.1));
#1359 = VECTOR('',#1360,1.);
#1360 = DIRECTION('',(-0.908257841017,-9.290588643404E-17,
    -0.418410915525));
#1361 = PLANE('',#1362);
#1362 = AXIS2_PLACEMENT_3D('',#1363,#1364,#1365);
#1363 = CARTESIAN_POINT('',(19.937238362671,-0.15,11.236238676153));
#1364 = DIRECTION('',(0.29586119569,0.707106781187,-0.642235278449));
#1365 = DIRECTION('',(0.908257841017,5.986941559658E-17,0.418410915525)
  );
#1366 = ADVANCED_FACE('',(#1367),#1385,.F.);
#1367 = FACE_BOUND('',#1368,.T.);
#1368 = EDGE_LOOP('',(#1369,#1370,#1371,#1379));
#1369 = ORIENTED_EDGE('',*,*,#1315,.F.);
#1370 = ORIENTED_EDGE('',*,*,#670,.T.);
#1371 = ORIENTED_EDGE('',*,*,#1372,.T.);
#1372 = EDGE_CURVE('',#663,#1373,#1375,.T.);
#1373 = VERTEX_POINT('',#1374);
#1374 = CARTESIAN_POINT('',(-20.,-0.3,11.1));
#1375 = LINE('',#1376,#1377);
#1376 = CARTESIAN_POINT('',(-19.34412830636,0.355871693631,
    11.519977456407));
#1377 = VECTOR('',#1378,1.);
#1378 = DIRECTION('',(-0.644152800251,-0.644152800251,-0.412473441397));
#1379 = ORIENTED_EDGE('',*,*,#1380,.F.);
#1380 = EDGE_CURVE('',#1316,#1373,#1381,.T.);
#1381 = LINE('',#1382,#1383);
#1382 = CARTESIAN_POINT('',(-20.,-0.3,15.1));
#1383 = VECTOR('',#1384,1.);
#1384 = DIRECTION('',(0.,-2.22044604925E-16,-1.));
#1385 = PLANE('',#1386);
#1386 = AXIS2_PLACEMENT_3D('',#1387,#1388,#1389);
#1387 = CARTESIAN_POINT('',(-19.85,-0.15,15.1));
#1388 = DIRECTION('',(0.707106781187,-0.707106781187,-2.048336198767E-19
    ));
#1389 = DIRECTION('',(1.111671417041E-16,1.108774632209E-16,1.));
#1390 = ADVANCED_FACE('',(#1391),#1409,.F.);
#1391 = FACE_BOUND('',#1392,.T.);
#1392 = EDGE_LOOP('',(#1393,#1401,#1402,#1403));
#1393 = ORIENTED_EDGE('',*,*,#1394,.F.);
#1394 = EDGE_CURVE('',#589,#1395,#1397,.T.);
#1395 = VERTEX_POINT('',#1396);
#1396 = CARTESIAN_POINT('',(11.1,-0.3,-2.500251095396E-15));
#1397 = LINE('',#1398,#1399);
#1398 = CARTESIAN_POINT('',(11.1,-0.3,-2.500251095396E-15));
#1399 = VECTOR('',#1400,1.);
#1400 = DIRECTION('',(0.707106781187,-0.707106781187,2.489252307292E-17)
  );
#1401 = ORIENTED_EDGE('',*,*,#588,.T.);
#1402 = ORIENTED_EDGE('',*,*,#1348,.T.);
#1403 = ORIENTED_EDGE('',*,*,#1404,.F.);
#1404 = EDGE_CURVE('',#1395,#1349,#1405,.T.);
#1405 = LINE('',#1406,#1407);
#1406 = CARTESIAN_POINT('',(11.1,-0.3,-2.625677453238E-15));
#1407 = VECTOR('',#1408,1.);
#1408 = DIRECTION('',(0.,2.22044604925E-16,1.));
#1409 = PLANE('',#1410);
#1410 = AXIS2_PLACEMENT_3D('',#1411,#1412,#1413);
#1411 = CARTESIAN_POINT('',(10.95,-0.15,-2.658984143977E-15));
#1412 = DIRECTION('',(-0.707106781187,-0.707106781187,2.048336198767E-19
    ));
#1413 = DIRECTION('',(1.108774632209E-16,-1.111671417041E-16,-1.));
#1414 = ADVANCED_FACE('',(#1415),#1433,.F.);
#1415 = FACE_BOUND('',#1416,.T.);
#1416 = EDGE_LOOP('',(#1417,#1418,#1419,#1427));
#1417 = ORIENTED_EDGE('',*,*,#1372,.F.);
#1418 = ORIENTED_EDGE('',*,*,#662,.T.);
#1419 = ORIENTED_EDGE('',*,*,#1420,.T.);
#1420 = EDGE_CURVE('',#655,#1421,#1423,.T.);
#1421 = VERTEX_POINT('',#1422);
#1422 = CARTESIAN_POINT('',(-11.1,-0.3,7.));
#1423 = LINE('',#1424,#1425);
#1424 = CARTESIAN_POINT('',(-12.27729460407,-1.47729460407,
    6.246137319143));
#1425 = VECTOR('',#1426,1.);
#1426 = DIRECTION('',(-0.644152800251,-0.644152800251,-0.412473441397));
#1427 = ORIENTED_EDGE('',*,*,#1428,.F.);
#1428 = EDGE_CURVE('',#1373,#1421,#1429,.T.);
#1429 = LINE('',#1430,#1431);
#1430 = CARTESIAN_POINT('',(-20.,-0.3,11.1));
#1431 = VECTOR('',#1432,1.);
#1432 = DIRECTION('',(0.908257841017,-9.290588643404E-17,-0.418410915525
    ));
#1433 = PLANE('',#1434);
#1434 = AXIS2_PLACEMENT_3D('',#1435,#1436,#1437);
#1435 = CARTESIAN_POINT('',(-19.93723836267,-0.15,11.236238676153));
#1436 = DIRECTION('',(0.29586119569,-0.707106781187,0.642235278449));
#1437 = DIRECTION('',(-0.908257841017,5.986941559658E-17,0.418410915525)
  );
#1438 = ADVANCED_FACE('',(#1439),#1459,.T.);
#1439 = FACE_BOUND('',#1440,.T.);
#1440 = EDGE_LOOP('',(#1441,#1450,#1451,#1452));
#1441 = ORIENTED_EDGE('',*,*,#1442,.F.);
#1442 = EDGE_CURVE('',#597,#1443,#1445,.T.);
#1443 = VERTEX_POINT('',#1444);
#1444 = CARTESIAN_POINT('',(7.25,-0.3,-8.405206719647));
#1445 = PARABOLA('',#1446,1.361180553784);
#1446 = AXIS2_PLACEMENT_3D('',#1447,#1448,#1449);
#1447 = CARTESIAN_POINT('',(-1.925,8.875,-2.722965481544E-15));
#1448 = DIRECTION('',(0.707106781187,0.707106781187,1.072257168372E-18)
  );
#1449 = DIRECTION('',(0.707106781187,-0.707106781187,1.072257168372E-18)
  );
#1450 = ORIENTED_EDGE('',*,*,#596,.T.);
#1451 = ORIENTED_EDGE('',*,*,#1394,.T.);
#1452 = ORIENTED_EDGE('',*,*,#1453,.F.);
#1453 = EDGE_CURVE('',#1443,#1395,#1454,.T.);
#1454 = CIRCLE('',#1455,11.1);
#1455 = AXIS2_PLACEMENT_3D('',#1456,#1457,#1458);
#1456 = CARTESIAN_POINT('',(0.,-0.3,-2.720046410332E-15));
#1457 = DIRECTION('',(0.,-1.,0.));
#1458 = DIRECTION('',(0.653153153153,0.,-0.757225830599));
#1459 = CONICAL_SURFACE('',#1460,11.1,0.785398163397);
#1460 = AXIS2_PLACEMENT_3D('',#1461,#1462,#1463);
#1461 = CARTESIAN_POINT('',(0.,-0.3,-2.720046410332E-15));
#1462 = DIRECTION('',(-0.,-1.,-0.));
#1463 = DIRECTION('',(0.653153153153,0.,-0.757225830599));
#1464 = ADVANCED_FACE('',(#1465),#1483,.F.);
#1465 = FACE_BOUND('',#1466,.T.);
#1466 = EDGE_LOOP('',(#1467,#1468,#1469,#1477));
#1467 = ORIENTED_EDGE('',*,*,#1420,.F.);
#1468 = ORIENTED_EDGE('',*,*,#654,.T.);
#1469 = ORIENTED_EDGE('',*,*,#1470,.T.);
#1470 = EDGE_CURVE('',#646,#1471,#1473,.T.);
#1471 = VERTEX_POINT('',#1472);
#1472 = CARTESIAN_POINT('',(-11.1,-0.3,-1.7763568394E-15));
#1473 = LINE('',#1474,#1475);
#1474 = CARTESIAN_POINT('',(-10.95,-0.15,-1.7763568394E-15));
#1475 = VECTOR('',#1476,1.);
#1476 = DIRECTION('',(-0.707106781187,-0.707106781187,1.570092458684E-16
    ));
#1477 = ORIENTED_EDGE('',*,*,#1478,.F.);
#1478 = EDGE_CURVE('',#1421,#1471,#1479,.T.);
#1479 = LINE('',#1480,#1481);
#1480 = CARTESIAN_POINT('',(-11.1,-0.3,7.));
#1481 = VECTOR('',#1482,1.);
#1482 = DIRECTION('',(0.,-2.22044604925E-16,-1.));
#1483 = PLANE('',#1484);
#1484 = AXIS2_PLACEMENT_3D('',#1485,#1486,#1487);
#1485 = CARTESIAN_POINT('',(-10.95,-0.15,7.));
#1486 = DIRECTION('',(0.707106781187,-0.707106781187,-2.048336198767E-19
    ));
#1487 = DIRECTION('',(1.111671417041E-16,1.108774632209E-16,1.));
#1488 = ADVANCED_FACE('',(#1489),#1507,.F.);
#1489 = FACE_BOUND('',#1490,.T.);
#1490 = EDGE_LOOP('',(#1491,#1492,#1493,#1501));
#1491 = ORIENTED_EDGE('',*,*,#605,.T.);
#1492 = ORIENTED_EDGE('',*,*,#1442,.T.);
#1493 = ORIENTED_EDGE('',*,*,#1494,.F.);
#1494 = EDGE_CURVE('',#1495,#1443,#1497,.T.);
#1495 = VERTEX_POINT('',#1496);
#1496 = CARTESIAN_POINT('',(7.25,-0.3,-20.10520671964));
#1497 = LINE('',#1498,#1499);
#1498 = CARTESIAN_POINT('',(7.25,-0.3,-20.40520671964));
#1499 = VECTOR('',#1500,1.);
#1500 = DIRECTION('',(0.,2.22044604925E-16,1.));
#1501 = ORIENTED_EDGE('',*,*,#1502,.F.);
#1502 = EDGE_CURVE('',#606,#1495,#1503,.T.);
#1503 = LINE('',#1504,#1505);
#1504 = CARTESIAN_POINT('',(7.1,-0.15,-20.10520671964));
#1505 = VECTOR('',#1506,1.);
#1506 = DIRECTION('',(0.707106781187,-0.707106781187,1.957330481129E-15)
  );
#1507 = PLANE('',#1508);
#1508 = AXIS2_PLACEMENT_3D('',#1509,#1510,#1511);
#1509 = CARTESIAN_POINT('',(7.1,-0.15,-20.40520671964));
#1510 = DIRECTION('',(-0.707106781187,-0.707106781187,
    -1.072257168372E-18));
#1511 = DIRECTION('',(1.117805027774E-16,-1.102641021476E-16,-1.));
#1512 = ADVANCED_FACE('',(#1513),#1533,.T.);
#1513 = FACE_BOUND('',#1514,.T.);
#1514 = EDGE_LOOP('',(#1515,#1516,#1517,#1526));
#1515 = ORIENTED_EDGE('',*,*,#1470,.F.);
#1516 = ORIENTED_EDGE('',*,*,#645,.T.);
#1517 = ORIENTED_EDGE('',*,*,#1518,.T.);
#1518 = EDGE_CURVE('',#638,#1519,#1521,.T.);
#1519 = VERTEX_POINT('',#1520);
#1520 = CARTESIAN_POINT('',(-7.25,-0.3,-8.405206719647));
#1521 = PARABOLA('',#1522,1.361180553784);
#1522 = AXIS2_PLACEMENT_3D('',#1523,#1524,#1525);
#1523 = CARTESIAN_POINT('',(1.925,8.875,-2.717127339119E-15));
#1524 = DIRECTION('',(0.707106781187,-0.707106781187,1.072257168372E-18)
  );
#1525 = DIRECTION('',(-0.707106781187,-0.707106781187,
    -1.072257168372E-18));
#1526 = ORIENTED_EDGE('',*,*,#1527,.F.);
#1527 = EDGE_CURVE('',#1471,#1519,#1528,.T.);
#1528 = CIRCLE('',#1529,11.1);
#1529 = AXIS2_PLACEMENT_3D('',#1530,#1531,#1532);
#1530 = CARTESIAN_POINT('',(0.,-0.3,-2.720046410332E-15));
#1531 = DIRECTION('',(-0.,-1.,0.));
#1532 = DIRECTION('',(-1.,0.,1.242706628275E-16));
#1533 = CONICAL_SURFACE('',#1534,11.1,0.785398163397);
#1534 = AXIS2_PLACEMENT_3D('',#1535,#1536,#1537);
#1535 = CARTESIAN_POINT('',(0.,-0.3,-2.720046410332E-15));
#1536 = DIRECTION('',(-0.,-1.,-0.));
#1537 = DIRECTION('',(-1.,0.,1.242706628275E-16));
#1538 = ADVANCED_FACE('',(#1539),#1550,.F.);
#1539 = FACE_BOUND('',#1540,.T.);
#1540 = EDGE_LOOP('',(#1541,#1542,#1543,#1549));
#1541 = ORIENTED_EDGE('',*,*,#692,.T.);
#1542 = ORIENTED_EDGE('',*,*,#613,.T.);
#1543 = ORIENTED_EDGE('',*,*,#1544,.F.);
#1544 = EDGE_CURVE('',#855,#606,#1545,.T.);
#1545 = LINE('',#1546,#1547);
#1546 = CARTESIAN_POINT('',(6.95,-0.225,-20.33020671964));
#1547 = VECTOR('',#1548,1.);
#1548 = DIRECTION('',(3.034261284908E-15,0.707106781187,0.707106781187)
  );
#1549 = ORIENTED_EDGE('',*,*,#854,.F.);
#1550 = PLANE('',#1551);
#1551 = AXIS2_PLACEMENT_3D('',#1552,#1553,#1554);
#1552 = CARTESIAN_POINT('',(1.25,-0.15,-20.25520671964));
#1553 = DIRECTION('',(1.400135019174E-18,-0.707106781187,0.707106781187)
  );
#1554 = DIRECTION('',(-1.,-9.900449666345E-19,9.900449666345E-19));
#1555 = ADVANCED_FACE('',(#1556),#1574,.F.);
#1556 = FACE_BOUND('',#1557,.T.);
#1557 = EDGE_LOOP('',(#1558,#1559,#1560,#1568));
#1558 = ORIENTED_EDGE('',*,*,#1518,.F.);
#1559 = ORIENTED_EDGE('',*,*,#637,.T.);
#1560 = ORIENTED_EDGE('',*,*,#1561,.F.);
#1561 = EDGE_CURVE('',#1562,#630,#1564,.T.);
#1562 = VERTEX_POINT('',#1563);
#1563 = CARTESIAN_POINT('',(-7.25,-0.3,-20.10520671964));
#1564 = LINE('',#1565,#1566);
#1565 = CARTESIAN_POINT('',(-7.175,-0.225,-20.10520671964));
#1566 = VECTOR('',#1567,1.);
#1567 = DIRECTION('',(0.707106781187,0.707106781187,-9.077421342404E-16)
  );
#1568 = ORIENTED_EDGE('',*,*,#1569,.F.);
#1569 = EDGE_CURVE('',#1519,#1562,#1570,.T.);
#1570 = LINE('',#1571,#1572);
#1571 = CARTESIAN_POINT('',(-7.25,-0.3,-8.405206719647));
#1572 = VECTOR('',#1573,1.);
#1573 = DIRECTION('',(0.,-2.22044604925E-16,-1.));
#1574 = PLANE('',#1575);
#1575 = AXIS2_PLACEMENT_3D('',#1576,#1577,#1578);
#1576 = CARTESIAN_POINT('',(-7.1,-0.15,-8.405206719647));
#1577 = DIRECTION('',(0.707106781187,-0.707106781187,1.072257168372E-18)
  );
#1578 = DIRECTION('',(1.102641021476E-16,1.117805027774E-16,1.));
#1579 = ADVANCED_FACE('',(#1580),#1603,.F.);
#1580 = FACE_BOUND('',#1581,.T.);
#1581 = EDGE_LOOP('',(#1582,#1583,#1589,#1597));
#1582 = ORIENTED_EDGE('',*,*,#629,.T.);
#1583 = ORIENTED_EDGE('',*,*,#1584,.F.);
#1584 = EDGE_CURVE('',#1180,#622,#1585,.T.);
#1585 = LINE('',#1586,#1587);
#1586 = CARTESIAN_POINT('',(-1.55,-0.225,-20.33020671964));
#1587 = VECTOR('',#1588,1.);
#1588 = DIRECTION('',(3.866601670069E-15,0.707106781187,0.707106781187)
  );
#1589 = ORIENTED_EDGE('',*,*,#1590,.F.);
#1590 = EDGE_CURVE('',#1591,#1180,#1593,.T.);
#1591 = VERTEX_POINT('',#1592);
#1592 = CARTESIAN_POINT('',(-6.95,-0.3,-20.40520671964));
#1593 = LINE('',#1594,#1595);
#1594 = CARTESIAN_POINT('',(-7.25,-0.3,-20.40520671964));
#1595 = VECTOR('',#1596,1.);
#1596 = DIRECTION('',(1.,0.,0.));
#1597 = ORIENTED_EDGE('',*,*,#1598,.F.);
#1598 = EDGE_CURVE('',#630,#1591,#1599,.T.);
#1599 = LINE('',#1600,#1601);
#1600 = CARTESIAN_POINT('',(-6.95,-0.15,-20.25520671964));
#1601 = VECTOR('',#1602,1.);
#1602 = DIRECTION('',(2.225250349122E-15,-0.707106781187,-0.707106781187
    ));
#1603 = PLANE('',#1604);
#1604 = AXIS2_PLACEMENT_3D('',#1605,#1606,#1607);
#1605 = CARTESIAN_POINT('',(-7.25,-0.15,-20.25520671964));
#1606 = DIRECTION('',(1.400135019174E-18,-0.707106781187,0.707106781187)
  );
#1607 = DIRECTION('',(-1.,-9.900449666345E-19,9.900449666345E-19));
#1608 = ADVANCED_FACE('',(#1609),#1634,.T.);
#1609 = FACE_BOUND('',#1610,.F.);
#1610 = EDGE_LOOP('',(#1611,#1619,#1620,#1628));
#1611 = ORIENTED_EDGE('',*,*,#1612,.F.);
#1612 = EDGE_CURVE('',#709,#1613,#1615,.T.);
#1613 = VERTEX_POINT('',#1614);
#1614 = CARTESIAN_POINT('',(20.,-39.7,11.4));
#1615 = LINE('',#1616,#1617);
#1616 = CARTESIAN_POINT('',(19.775,-39.925,11.4));
#1617 = VECTOR('',#1618,1.);
#1618 = DIRECTION('',(0.707106781187,0.707106781187,-2.69371277511E-16)
  );
#1619 = ORIENTED_EDGE('',*,*,#708,.T.);
#1620 = ORIENTED_EDGE('',*,*,#1621,.T.);
#1621 = EDGE_CURVE('',#711,#1622,#1624,.T.);
#1622 = VERTEX_POINT('',#1623);
#1623 = CARTESIAN_POINT('',(20.,-39.7,14.8));
#1624 = LINE('',#1625,#1626);
#1625 = CARTESIAN_POINT('',(19.775,-39.925,14.8));
#1626 = VECTOR('',#1627,1.);
#1627 = DIRECTION('',(0.707106781187,0.707106781187,-1.253803710102E-14)
  );
#1628 = ORIENTED_EDGE('',*,*,#1629,.F.);
#1629 = EDGE_CURVE('',#1613,#1622,#1630,.T.);
#1630 = LINE('',#1631,#1632);
#1631 = CARTESIAN_POINT('',(20.,-39.7,11.1));
#1632 = VECTOR('',#1633,1.);
#1633 = DIRECTION('',(0.,2.22044604925E-16,1.));
#1634 = PLANE('',#1635);
#1635 = AXIS2_PLACEMENT_3D('',#1636,#1637,#1638);
#1636 = CARTESIAN_POINT('',(19.85,-39.85,11.1));
#1637 = DIRECTION('',(0.707106781187,-0.707106781187,-2.96353736683E-18)
  );
#1638 = DIRECTION('',(-1.131178398309E-16,-1.089267650941E-16,-1.));
#1639 = ADVANCED_FACE('',(#1640),#1658,.T.);
#1640 = FACE_BOUND('',#1641,.T.);
#1641 = EDGE_LOOP('',(#1642,#1643,#1644,#1652));
#1642 = ORIENTED_EDGE('',*,*,#1612,.F.);
#1643 = ORIENTED_EDGE('',*,*,#718,.T.);
#1644 = ORIENTED_EDGE('',*,*,#1645,.T.);
#1645 = EDGE_CURVE('',#719,#1646,#1648,.T.);
#1646 = VERTEX_POINT('',#1647);
#1647 = CARTESIAN_POINT('',(19.727522647695,-39.7,10.974476725343));
#1648 = LINE('',#1649,#1650);
#1649 = CARTESIAN_POINT('',(19.623129058689,-39.94950015674,
    11.201087199037));
#1650 = VECTOR('',#1651,1.);
#1651 = DIRECTION('',(0.29586119569,0.707106781187,-0.642235278449));
#1652 = ORIENTED_EDGE('',*,*,#1653,.F.);
#1653 = EDGE_CURVE('',#1613,#1646,#1654,.T.);
#1654 = LINE('',#1655,#1656);
#1655 = CARTESIAN_POINT('',(19.888261480588,-39.7,11.225499843259));
#1656 = VECTOR('',#1657,1.);
#1657 = DIRECTION('',(-0.539253690055,-2.252753195758E-15,
    -0.842143371263));
#1658 = PLANE('',#1659);
#1659 = AXIS2_PLACEMENT_3D('',#1660,#1661,#1662);
#1660 = CARTESIAN_POINT('',(19.7,-40.,11.4));
#1661 = DIRECTION('',(0.644152800251,-0.644152800251,-0.412473441397));
#1662 = DIRECTION('',(-0.539253690055,3.933711703946E-17,-0.842143371263
    ));
#1663 = ADVANCED_FACE('',(#1664),#1689,.F.);
#1664 = FACE_BOUND('',#1665,.T.);
#1665 = EDGE_LOOP('',(#1666,#1674,#1675,#1683));
#1666 = ORIENTED_EDGE('',*,*,#1667,.F.);
#1667 = EDGE_CURVE('',#817,#1668,#1670,.T.);
#1668 = VERTEX_POINT('',#1669);
#1669 = CARTESIAN_POINT('',(-20.,-39.7,15.1));
#1670 = LINE('',#1671,#1672);
#1671 = CARTESIAN_POINT('',(-19.9,-39.8,15.));
#1672 = VECTOR('',#1673,1.);
#1673 = DIRECTION('',(-0.57735026919,0.57735026919,0.57735026919));
#1674 = ORIENTED_EDGE('',*,*,#824,.T.);
#1675 = ORIENTED_EDGE('',*,*,#1676,.T.);
#1676 = EDGE_CURVE('',#711,#1677,#1679,.T.);
#1677 = VERTEX_POINT('',#1678);
#1678 = CARTESIAN_POINT('',(19.7,-39.7,15.1));
#1679 = LINE('',#1680,#1681);
#1680 = CARTESIAN_POINT('',(19.7,-39.925,14.875));
#1681 = VECTOR('',#1682,1.);
#1682 = DIRECTION('',(-4.072699183084E-15,0.707106781187,0.707106781187)
  );
#1683 = ORIENTED_EDGE('',*,*,#1684,.F.);
#1684 = EDGE_CURVE('',#1668,#1677,#1685,.T.);
#1685 = LINE('',#1686,#1687);
#1686 = CARTESIAN_POINT('',(-20.,-39.7,15.1));
#1687 = VECTOR('',#1688,1.);
#1688 = DIRECTION('',(1.,0.,0.));
#1689 = PLANE('',#1690);
#1690 = AXIS2_PLACEMENT_3D('',#1691,#1692,#1693);
#1691 = CARTESIAN_POINT('',(-20.,-39.85,14.95));
#1692 = DIRECTION('',(2.184536262988E-18,0.707106781187,-0.707106781187)
  );
#1693 = DIRECTION('',(-1.,1.544700405307E-18,-1.544700405307E-18));
#1694 = ADVANCED_FACE('',(#1695),#1713,.F.);
#1695 = FACE_BOUND('',#1696,.T.);
#1696 = EDGE_LOOP('',(#1697,#1698,#1699,#1707));
#1697 = ORIENTED_EDGE('',*,*,#1645,.F.);
#1698 = ORIENTED_EDGE('',*,*,#726,.T.);
#1699 = ORIENTED_EDGE('',*,*,#1700,.T.);
#1700 = EDGE_CURVE('',#727,#1701,#1703,.T.);
#1701 = VERTEX_POINT('',#1702);
#1702 = CARTESIAN_POINT('',(11.1,-39.7,7.));
#1703 = LINE('',#1704,#1705);
#1704 = CARTESIAN_POINT('',(13.207230332137,-37.59276966786,
    5.650667129641));
#1705 = VECTOR('',#1706,1.);
#1706 = DIRECTION('',(0.644152800251,0.644152800251,-0.412473441397));
#1707 = ORIENTED_EDGE('',*,*,#1708,.F.);
#1708 = EDGE_CURVE('',#1646,#1701,#1709,.T.);
#1709 = LINE('',#1710,#1711);
#1710 = CARTESIAN_POINT('',(20.,-39.7,11.1));
#1711 = VECTOR('',#1712,1.);
#1712 = DIRECTION('',(-0.908257841017,-9.290588643404E-17,
    -0.418410915525));
#1713 = PLANE('',#1714);
#1714 = AXIS2_PLACEMENT_3D('',#1715,#1716,#1717);
#1715 = CARTESIAN_POINT('',(19.937238362671,-39.85,11.236238676153));
#1716 = DIRECTION('',(-0.29586119569,0.707106781187,0.642235278449));
#1717 = DIRECTION('',(0.908257841017,1.211830875795E-17,0.418410915525)
  );
#1718 = ADVANCED_FACE('',(#1719),#1737,.T.);
#1719 = FACE_BOUND('',#1720,.F.);
#1720 = EDGE_LOOP('',(#1721,#1722,#1723,#1731));
#1721 = ORIENTED_EDGE('',*,*,#1667,.F.);
#1722 = ORIENTED_EDGE('',*,*,#816,.T.);
#1723 = ORIENTED_EDGE('',*,*,#1724,.T.);
#1724 = EDGE_CURVE('',#809,#1725,#1727,.T.);
#1725 = VERTEX_POINT('',#1726);
#1726 = CARTESIAN_POINT('',(-20.,-39.7,11.1));
#1727 = LINE('',#1728,#1729);
#1728 = CARTESIAN_POINT('',(-19.34412830636,-40.35587169363,
    11.519977456407));
#1729 = VECTOR('',#1730,1.);
#1730 = DIRECTION('',(-0.644152800251,0.644152800251,-0.412473441397));
#1731 = ORIENTED_EDGE('',*,*,#1732,.F.);
#1732 = EDGE_CURVE('',#1668,#1725,#1733,.T.);
#1733 = LINE('',#1734,#1735);
#1734 = CARTESIAN_POINT('',(-20.,-39.7,15.1));
#1735 = VECTOR('',#1736,1.);
#1736 = DIRECTION('',(0.,-2.22044604925E-16,-1.));
#1737 = PLANE('',#1738);
#1738 = AXIS2_PLACEMENT_3D('',#1739,#1740,#1741);
#1739 = CARTESIAN_POINT('',(-19.85,-39.85,15.1));
#1740 = DIRECTION('',(-0.707106781187,-0.707106781187,2.96353736683E-18)
  );
#1741 = DIRECTION('',(-1.089267650941E-16,1.131178398309E-16,1.));
#1742 = ADVANCED_FACE('',(#1743),#1761,.T.);
#1743 = FACE_BOUND('',#1744,.F.);
#1744 = EDGE_LOOP('',(#1745,#1753,#1754,#1755));
#1745 = ORIENTED_EDGE('',*,*,#1746,.F.);
#1746 = EDGE_CURVE('',#735,#1747,#1749,.T.);
#1747 = VERTEX_POINT('',#1748);
#1748 = CARTESIAN_POINT('',(11.1,-39.7,3.550464388811E-15));
#1749 = LINE('',#1750,#1751);
#1750 = CARTESIAN_POINT('',(11.1,-39.7,3.550464388811E-15));
#1751 = VECTOR('',#1752,1.);
#1752 = DIRECTION('',(0.707106781187,0.707106781187,3.0649029774E-16));
#1753 = ORIENTED_EDGE('',*,*,#734,.T.);
#1754 = ORIENTED_EDGE('',*,*,#1700,.T.);
#1755 = ORIENTED_EDGE('',*,*,#1756,.F.);
#1756 = EDGE_CURVE('',#1747,#1701,#1757,.T.);
#1757 = LINE('',#1758,#1759);
#1758 = CARTESIAN_POINT('',(11.1,-39.7,6.122879980808E-15));
#1759 = VECTOR('',#1760,1.);
#1760 = DIRECTION('',(0.,2.22044604925E-16,1.));
#1761 = PLANE('',#1762);
#1762 = AXIS2_PLACEMENT_3D('',#1763,#1764,#1765);
#1763 = CARTESIAN_POINT('',(10.95,-39.85,6.156186671546E-15));
#1764 = DIRECTION('',(0.707106781187,-0.707106781187,-1.946445733015E-18
    ));
#1765 = DIRECTION('',(-1.123986474395E-16,-1.096459574855E-16,-1.));
#1766 = ADVANCED_FACE('',(#1767),#1785,.T.);
#1767 = FACE_BOUND('',#1768,.F.);
#1768 = EDGE_LOOP('',(#1769,#1770,#1771,#1779));
#1769 = ORIENTED_EDGE('',*,*,#1724,.F.);
#1770 = ORIENTED_EDGE('',*,*,#808,.T.);
#1771 = ORIENTED_EDGE('',*,*,#1772,.T.);
#1772 = EDGE_CURVE('',#801,#1773,#1775,.T.);
#1773 = VERTEX_POINT('',#1774);
#1774 = CARTESIAN_POINT('',(-11.1,-39.7,7.));
#1775 = LINE('',#1776,#1777);
#1776 = CARTESIAN_POINT('',(-12.27729460407,-38.52270539593,
    6.246137319143));
#1777 = VECTOR('',#1778,1.);
#1778 = DIRECTION('',(-0.644152800251,0.644152800251,-0.412473441397));
#1779 = ORIENTED_EDGE('',*,*,#1780,.F.);
#1780 = EDGE_CURVE('',#1725,#1773,#1781,.T.);
#1781 = LINE('',#1782,#1783);
#1782 = CARTESIAN_POINT('',(-20.,-39.7,11.1));
#1783 = VECTOR('',#1784,1.);
#1784 = DIRECTION('',(0.908257841017,-9.290588643404E-17,-0.418410915525
    ));
#1785 = PLANE('',#1786);
#1786 = AXIS2_PLACEMENT_3D('',#1787,#1788,#1789);
#1787 = CARTESIAN_POINT('',(-19.93723836267,-39.85,11.236238676153));
#1788 = DIRECTION('',(-0.29586119569,-0.707106781187,-0.642235278449));
#1789 = DIRECTION('',(-0.908257841017,1.211830875795E-17,0.418410915525)
  );
#1790 = ADVANCED_FACE('',(#1791),#1811,.T.);
#1791 = FACE_BOUND('',#1792,.F.);
#1792 = EDGE_LOOP('',(#1793,#1802,#1803,#1804));
#1793 = ORIENTED_EDGE('',*,*,#1794,.F.);
#1794 = EDGE_CURVE('',#743,#1795,#1797,.T.);
#1795 = VERTEX_POINT('',#1796);
#1796 = CARTESIAN_POINT('',(7.25,-39.7,-8.405206719647));
#1797 = PARABOLA('',#1798,1.361180553784);
#1798 = AXIS2_PLACEMENT_3D('',#1799,#1800,#1801);
#1799 = CARTESIAN_POINT('',(-1.925,-48.875,-2.72490887796E-15));
#1800 = DIRECTION('',(-0.707106781187,0.707106781187,-1.786121471767E-18
    ));
#1801 = DIRECTION('',(0.707106781187,0.707106781187,1.786121471767E-18)
  );
#1802 = ORIENTED_EDGE('',*,*,#742,.T.);
#1803 = ORIENTED_EDGE('',*,*,#1746,.T.);
#1804 = ORIENTED_EDGE('',*,*,#1805,.F.);
#1805 = EDGE_CURVE('',#1795,#1747,#1806,.T.);
#1806 = CIRCLE('',#1807,11.1);
#1807 = AXIS2_PLACEMENT_3D('',#1808,#1809,#1810);
#1808 = CARTESIAN_POINT('',(0.,-39.7,-2.720046410332E-15));
#1809 = DIRECTION('',(0.,-1.,0.));
#1810 = DIRECTION('',(0.653153153153,0.,-0.757225830599));
#1811 = CONICAL_SURFACE('',#1812,11.1,0.785398163397);
#1812 = AXIS2_PLACEMENT_3D('',#1813,#1814,#1815);
#1813 = CARTESIAN_POINT('',(0.,-39.7,-2.720046410332E-15));
#1814 = DIRECTION('',(0.,1.,0.));
#1815 = DIRECTION('',(0.653153153153,0.,-0.757225830599));
#1816 = ADVANCED_FACE('',(#1817),#1835,.T.);
#1817 = FACE_BOUND('',#1818,.F.);
#1818 = EDGE_LOOP('',(#1819,#1820,#1821,#1829));
#1819 = ORIENTED_EDGE('',*,*,#1772,.F.);
#1820 = ORIENTED_EDGE('',*,*,#800,.T.);
#1821 = ORIENTED_EDGE('',*,*,#1822,.T.);
#1822 = EDGE_CURVE('',#792,#1823,#1825,.T.);
#1823 = VERTEX_POINT('',#1824);
#1824 = CARTESIAN_POINT('',(-11.1,-39.7,7.105427357601E-15));
#1825 = LINE('',#1826,#1827);
#1826 = CARTESIAN_POINT('',(-10.95,-39.85,7.105427357601E-15));
#1827 = VECTOR('',#1828,1.);
#1828 = DIRECTION('',(-0.707106781187,0.707106781187,-1.570092458684E-16
    ));
#1829 = ORIENTED_EDGE('',*,*,#1830,.F.);
#1830 = EDGE_CURVE('',#1773,#1823,#1831,.T.);
#1831 = LINE('',#1832,#1833);
#1832 = CARTESIAN_POINT('',(-11.1,-39.7,7.));
#1833 = VECTOR('',#1834,1.);
#1834 = DIRECTION('',(0.,-2.22044604925E-16,-1.));
#1835 = PLANE('',#1836);
#1836 = AXIS2_PLACEMENT_3D('',#1837,#1838,#1839);
#1837 = CARTESIAN_POINT('',(-10.95,-39.85,7.));
#1838 = DIRECTION('',(-0.707106781187,-0.707106781187,2.96353736683E-18)
  );
#1839 = DIRECTION('',(-1.089267650941E-16,1.131178398309E-16,1.));
#1840 = ADVANCED_FACE('',(#1841),#1859,.T.);
#1841 = FACE_BOUND('',#1842,.F.);
#1842 = EDGE_LOOP('',(#1843,#1844,#1845,#1853));
#1843 = ORIENTED_EDGE('',*,*,#751,.T.);
#1844 = ORIENTED_EDGE('',*,*,#1794,.T.);
#1845 = ORIENTED_EDGE('',*,*,#1846,.F.);
#1846 = EDGE_CURVE('',#1847,#1795,#1849,.T.);
#1847 = VERTEX_POINT('',#1848);
#1848 = CARTESIAN_POINT('',(7.25,-39.7,-20.10520671964));
#1849 = LINE('',#1850,#1851);
#1850 = CARTESIAN_POINT('',(7.25,-39.7,-20.40520671964));
#1851 = VECTOR('',#1852,1.);
#1852 = DIRECTION('',(0.,2.22044604925E-16,1.));
#1853 = ORIENTED_EDGE('',*,*,#1854,.F.);
#1854 = EDGE_CURVE('',#752,#1847,#1855,.T.);
#1855 = LINE('',#1856,#1857);
#1856 = CARTESIAN_POINT('',(7.1,-39.85,-20.10520671964));
#1857 = VECTOR('',#1858,1.);
#1858 = DIRECTION('',(0.707106781187,0.707106781187,-2.148363882076E-15)
  );
#1859 = PLANE('',#1860);
#1860 = AXIS2_PLACEMENT_3D('',#1861,#1862,#1863);
#1861 = CARTESIAN_POINT('',(7.1,-39.85,-20.40520671964));
#1862 = DIRECTION('',(0.707106781187,-0.707106781187,1.786121471767E-18)
  );
#1863 = DIRECTION('',(-1.097593238578E-16,-1.122852810672E-16,-1.));
#1864 = ADVANCED_FACE('',(#1865),#1885,.T.);
#1865 = FACE_BOUND('',#1866,.F.);
#1866 = EDGE_LOOP('',(#1867,#1868,#1869,#1878));
#1867 = ORIENTED_EDGE('',*,*,#1822,.F.);
#1868 = ORIENTED_EDGE('',*,*,#791,.T.);
#1869 = ORIENTED_EDGE('',*,*,#1870,.T.);
#1870 = EDGE_CURVE('',#784,#1871,#1873,.T.);
#1871 = VERTEX_POINT('',#1872);
#1872 = CARTESIAN_POINT('',(-7.25,-39.7,-8.405206719647));
#1873 = PARABOLA('',#1874,1.361180553784);
#1874 = AXIS2_PLACEMENT_3D('',#1875,#1876,#1877);
#1875 = CARTESIAN_POINT('',(1.925,-48.875,-2.715183942704E-15));
#1876 = DIRECTION('',(-0.707106781187,-0.707106781187,
    -1.786121471767E-18));
#1877 = DIRECTION('',(-0.707106781187,0.707106781187,-1.786121471767E-18
    ));
#1878 = ORIENTED_EDGE('',*,*,#1879,.F.);
#1879 = EDGE_CURVE('',#1823,#1871,#1880,.T.);
#1880 = CIRCLE('',#1881,11.1);
#1881 = AXIS2_PLACEMENT_3D('',#1882,#1883,#1884);
#1882 = CARTESIAN_POINT('',(0.,-39.7,-2.720046410332E-15));
#1883 = DIRECTION('',(-0.,-1.,0.));
#1884 = DIRECTION('',(-1.,0.,9.244314012961E-16));
#1885 = CONICAL_SURFACE('',#1886,11.1,0.785398163397);
#1886 = AXIS2_PLACEMENT_3D('',#1887,#1888,#1889);
#1887 = CARTESIAN_POINT('',(0.,-39.7,-2.720046410332E-15));
#1888 = DIRECTION('',(0.,1.,0.));
#1889 = DIRECTION('',(-1.,0.,9.244314012961E-16));
#1890 = ADVANCED_FACE('',(#1891),#1902,.T.);
#1891 = FACE_BOUND('',#1892,.F.);
#1892 = EDGE_LOOP('',(#1893,#1894,#1895,#1901));
#1893 = ORIENTED_EDGE('',*,*,#838,.T.);
#1894 = ORIENTED_EDGE('',*,*,#759,.T.);
#1895 = ORIENTED_EDGE('',*,*,#1896,.F.);
#1896 = EDGE_CURVE('',#864,#752,#1897,.T.);
#1897 = LINE('',#1898,#1899);
#1898 = CARTESIAN_POINT('',(6.95,-39.775,-20.33020671964));
#1899 = VECTOR('',#1900,1.);
#1900 = DIRECTION('',(6.282448299506E-15,-0.707106781187,0.707106781187)
  );
#1901 = ORIENTED_EDGE('',*,*,#863,.F.);
#1902 = PLANE('',#1903);
#1903 = AXIS2_PLACEMENT_3D('',#1904,#1905,#1906);
#1904 = CARTESIAN_POINT('',(1.25,-39.85,-20.25520671964));
#1905 = DIRECTION('',(-2.184536262988E-18,-0.707106781187,
    -0.707106781187));
#1906 = DIRECTION('',(-1.,1.544700405307E-18,1.544700405307E-18));
#1907 = ADVANCED_FACE('',(#1908),#1926,.T.);
#1908 = FACE_BOUND('',#1909,.F.);
#1909 = EDGE_LOOP('',(#1910,#1911,#1912,#1920));
#1910 = ORIENTED_EDGE('',*,*,#1870,.F.);
#1911 = ORIENTED_EDGE('',*,*,#783,.T.);
#1912 = ORIENTED_EDGE('',*,*,#1913,.F.);
#1913 = EDGE_CURVE('',#1914,#776,#1916,.T.);
#1914 = VERTEX_POINT('',#1915);
#1915 = CARTESIAN_POINT('',(-7.25,-39.7,-20.10520671964));
#1916 = LINE('',#1917,#1918);
#1917 = CARTESIAN_POINT('',(-7.175,-39.775,-20.10520671964));
#1918 = VECTOR('',#1919,1.);
#1919 = DIRECTION('',(0.707106781187,-0.707106781187,-6.326338013054E-15
    ));
#1920 = ORIENTED_EDGE('',*,*,#1921,.F.);
#1921 = EDGE_CURVE('',#1871,#1914,#1922,.T.);
#1922 = LINE('',#1923,#1924);
#1923 = CARTESIAN_POINT('',(-7.25,-39.7,-8.405206719647));
#1924 = VECTOR('',#1925,1.);
#1925 = DIRECTION('',(0.,-2.22044604925E-16,-1.));
#1926 = PLANE('',#1927);
#1927 = AXIS2_PLACEMENT_3D('',#1928,#1929,#1930);
#1928 = CARTESIAN_POINT('',(-7.1,-39.85,-8.405206719647));
#1929 = DIRECTION('',(-0.707106781187,-0.707106781187,
    -1.786121471767E-18));
#1930 = DIRECTION('',(-1.122852810672E-16,1.097593238578E-16,1.));
#1931 = ADVANCED_FACE('',(#1932),#1955,.T.);
#1932 = FACE_BOUND('',#1933,.F.);
#1933 = EDGE_LOOP('',(#1934,#1935,#1941,#1949));
#1934 = ORIENTED_EDGE('',*,*,#775,.T.);
#1935 = ORIENTED_EDGE('',*,*,#1936,.F.);
#1936 = EDGE_CURVE('',#1189,#768,#1937,.T.);
#1937 = LINE('',#1938,#1939);
#1938 = CARTESIAN_POINT('',(-1.55,-39.775,-20.33020671964));
#1939 = VECTOR('',#1940,1.);
#1940 = DIRECTION('',(-1.04138486393E-14,-0.707106781187,0.707106781187)
  );
#1941 = ORIENTED_EDGE('',*,*,#1942,.F.);
#1942 = EDGE_CURVE('',#1943,#1189,#1945,.T.);
#1943 = VERTEX_POINT('',#1944);
#1944 = CARTESIAN_POINT('',(-6.95,-39.7,-20.40520671964));
#1945 = LINE('',#1946,#1947);
#1946 = CARTESIAN_POINT('',(-7.25,-39.7,-20.40520671964));
#1947 = VECTOR('',#1948,1.);
#1948 = DIRECTION('',(1.,0.,0.));
#1949 = ORIENTED_EDGE('',*,*,#1950,.F.);
#1950 = EDGE_CURVE('',#776,#1943,#1951,.T.);
#1951 = LINE('',#1952,#1953);
#1952 = CARTESIAN_POINT('',(-6.95,-39.85,-20.25520671964));
#1953 = VECTOR('',#1954,1.);
#1954 = DIRECTION('',(1.91761436683E-15,0.707106781187,-0.707106781187)
  );
#1955 = PLANE('',#1956);
#1956 = AXIS2_PLACEMENT_3D('',#1957,#1958,#1959);
#1957 = CARTESIAN_POINT('',(-7.25,-39.85,-20.25520671964));
#1958 = DIRECTION('',(-2.184536262988E-18,-0.707106781187,
    -0.707106781187));
#1959 = DIRECTION('',(-1.,1.544700405307E-18,1.544700405307E-18));
#1960 = ADVANCED_FACE('',(#1961),#1984,.T.);
#1961 = FACE_BOUND('',#1962,.F.);
#1962 = EDGE_LOOP('',(#1963,#1969,#1970,#1978));
#1963 = ORIENTED_EDGE('',*,*,#1964,.F.);
#1964 = EDGE_CURVE('',#855,#1495,#1965,.T.);
#1965 = LINE('',#1966,#1967);
#1966 = CARTESIAN_POINT('',(7.025,-0.3,-20.33020671964));
#1967 = VECTOR('',#1968,1.);
#1968 = DIRECTION('',(0.707106781187,1.155462286806E-15,0.707106781187)
  );
#1969 = ORIENTED_EDGE('',*,*,#935,.T.);
#1970 = ORIENTED_EDGE('',*,*,#1971,.T.);
#1971 = EDGE_CURVE('',#928,#1972,#1974,.T.);
#1972 = VERTEX_POINT('',#1973);
#1973 = CARTESIAN_POINT('',(7.25,-4.,-20.10520671964));
#1974 = LINE('',#1975,#1976);
#1975 = CARTESIAN_POINT('',(6.460612002983,-3.673024785661,
    -20.89459471666));
#1976 = VECTOR('',#1977,1.);
#1977 = DIRECTION('',(0.678598344546,-0.281084637715,0.678598344546));
#1978 = ORIENTED_EDGE('',*,*,#1979,.F.);
#1979 = EDGE_CURVE('',#1495,#1972,#1980,.T.);
#1980 = LINE('',#1981,#1982);
#1981 = CARTESIAN_POINT('',(7.25,-4.464252683E-15,-20.10520671964));
#1982 = VECTOR('',#1983,1.);
#1983 = DIRECTION('',(0.,-1.,2.22044604925E-16));
#1984 = PLANE('',#1985);
#1985 = AXIS2_PLACEMENT_3D('',#1986,#1987,#1988);
#1986 = CARTESIAN_POINT('',(7.1,-4.497559373739E-15,-20.25520671964));
#1987 = DIRECTION('',(0.707106781187,-2.523732091295E-16,-0.707106781187
    ));
#1988 = DIRECTION('',(6.743250510274E-17,1.,-2.894771100278E-16));
#1989 = ADVANCED_FACE('',(#1990),#2008,.T.);
#1990 = FACE_BOUND('',#1991,.T.);
#1991 = EDGE_LOOP('',(#1992,#2000,#2001,#2002));
#1992 = ORIENTED_EDGE('',*,*,#1993,.F.);
#1993 = EDGE_CURVE('',#920,#1994,#1996,.T.);
#1994 = VERTEX_POINT('',#1995);
#1995 = CARTESIAN_POINT('',(5.25,-6.,-20.10520671964));
#1996 = LINE('',#1997,#1998);
#1997 = CARTESIAN_POINT('',(5.111851286034,-5.942776929051,
    -20.24335543361));
#1998 = VECTOR('',#1999,1.);
#1999 = DIRECTION('',(0.678598344546,-0.281084637715,0.678598344546));
#2000 = ORIENTED_EDGE('',*,*,#927,.T.);
#2001 = ORIENTED_EDGE('',*,*,#1971,.T.);
#2002 = ORIENTED_EDGE('',*,*,#2003,.F.);
#2003 = EDGE_CURVE('',#1994,#1972,#2004,.T.);
#2004 = LINE('',#2005,#2006);
#2005 = CARTESIAN_POINT('',(5.25,-6.,-20.10520671964));
#2006 = VECTOR('',#2007,1.);
#2007 = DIRECTION('',(0.707106781187,0.707106781187,0.));
#2008 = PLANE('',#2009);
#2009 = AXIS2_PLACEMENT_3D('',#2010,#2011,#2012);
#2010 = CARTESIAN_POINT('',(5.143933982822,-5.893933982822,
    -20.25520671964));
#2011 = DIRECTION('',(0.5,-0.5,-0.707106781187));
#2012 = DIRECTION('',(0.707106781187,0.707106781187,5.551115123126E-17)
  );
#2013 = ADVANCED_FACE('',(#2014),#2037,.T.);
#2014 = FACE_BOUND('',#2015,.F.);
#2015 = EDGE_LOOP('',(#2016,#2024,#2025,#2031));
#2016 = ORIENTED_EDGE('',*,*,#2017,.F.);
#2017 = EDGE_CURVE('',#872,#2018,#2020,.T.);
#2018 = VERTEX_POINT('',#2019);
#2019 = CARTESIAN_POINT('',(7.25,-36.,-20.10520671964));
#2020 = LINE('',#2021,#2022);
#2021 = CARTESIAN_POINT('',(6.842099142644,-36.16895806722,-20.513107577
    ));
#2022 = VECTOR('',#2023,1.);
#2023 = DIRECTION('',(0.678598344546,0.281084637715,0.678598344546));
#2024 = ORIENTED_EDGE('',*,*,#871,.T.);
#2025 = ORIENTED_EDGE('',*,*,#2026,.T.);
#2026 = EDGE_CURVE('',#864,#1847,#2027,.T.);
#2027 = LINE('',#2028,#2029);
#2028 = CARTESIAN_POINT('',(7.025,-39.7,-20.33020671964));
#2029 = VECTOR('',#2030,1.);
#2030 = DIRECTION('',(0.707106781187,-8.484391971521E-15,0.707106781187)
  );
#2031 = ORIENTED_EDGE('',*,*,#2032,.F.);
#2032 = EDGE_CURVE('',#2018,#1847,#2033,.T.);
#2033 = LINE('',#2034,#2035);
#2034 = CARTESIAN_POINT('',(7.25,-36.,-20.10520671964));
#2035 = VECTOR('',#2036,1.);
#2036 = DIRECTION('',(0.,-1.,2.22044604925E-16));
#2037 = PLANE('',#2038);
#2038 = AXIS2_PLACEMENT_3D('',#2039,#2040,#2041);
#2039 = CARTESIAN_POINT('',(7.1,-36.,-20.25520671964));
#2040 = DIRECTION('',(0.707106781187,-2.523732091295E-16,-0.707106781187
    ));
#2041 = DIRECTION('',(6.743250510274E-17,1.,-2.894771100278E-16));
#2042 = ADVANCED_FACE('',(#2043),#2061,.T.);
#2043 = FACE_BOUND('',#2044,.F.);
#2044 = EDGE_LOOP('',(#2045,#2046,#2047,#2055));
#2045 = ORIENTED_EDGE('',*,*,#1993,.F.);
#2046 = ORIENTED_EDGE('',*,*,#919,.T.);
#2047 = ORIENTED_EDGE('',*,*,#2048,.T.);
#2048 = EDGE_CURVE('',#912,#2049,#2051,.T.);
#2049 = VERTEX_POINT('',#2050);
#2050 = CARTESIAN_POINT('',(5.25,-14.,-20.10520671964));
#2051 = LINE('',#2052,#2053);
#2052 = CARTESIAN_POINT('',(5.874825565356,-13.74118877671,
    -19.48038115429));
#2053 = VECTOR('',#2054,1.);
#2054 = DIRECTION('',(0.678598344546,0.281084637715,0.678598344546));
#2055 = ORIENTED_EDGE('',*,*,#2056,.F.);
#2056 = EDGE_CURVE('',#1994,#2049,#2057,.T.);
#2057 = LINE('',#2058,#2059);
#2058 = CARTESIAN_POINT('',(5.25,-6.,-20.10520671964));
#2059 = VECTOR('',#2060,1.);
#2060 = DIRECTION('',(0.,-1.,0.));
#2061 = PLANE('',#2062);
#2062 = AXIS2_PLACEMENT_3D('',#2063,#2064,#2065);
#2063 = CARTESIAN_POINT('',(5.1,-6.,-20.25520671964));
#2064 = DIRECTION('',(0.707106781187,-2.519519159806E-16,-0.707106781187
    ));
#2065 = DIRECTION('',(1.781569083228E-16,1.,-1.781569083228E-16));
#2066 = ADVANCED_FACE('',(#2067),#2085,.F.);
#2067 = FACE_BOUND('',#2068,.F.);
#2068 = EDGE_LOOP('',(#2069,#2077,#2078,#2079));
#2069 = ORIENTED_EDGE('',*,*,#2070,.F.);
#2070 = EDGE_CURVE('',#880,#2071,#2073,.T.);
#2071 = VERTEX_POINT('',#2072);
#2072 = CARTESIAN_POINT('',(5.25,-34.,-20.10520671964));
#2073 = LINE('',#2074,#2075);
#2074 = CARTESIAN_POINT('',(5.874825565356,-33.74118877671,
    -19.48038115429));
#2075 = VECTOR('',#2076,1.);
#2076 = DIRECTION('',(0.678598344546,0.281084637715,0.678598344546));
#2077 = ORIENTED_EDGE('',*,*,#879,.T.);
#2078 = ORIENTED_EDGE('',*,*,#2017,.T.);
#2079 = ORIENTED_EDGE('',*,*,#2080,.F.);
#2080 = EDGE_CURVE('',#2071,#2018,#2081,.T.);
#2081 = LINE('',#2082,#2083);
#2082 = CARTESIAN_POINT('',(5.25,-34.,-20.10520671964));
#2083 = VECTOR('',#2084,1.);
#2084 = DIRECTION('',(0.707106781187,-0.707106781187,0.));
#2085 = PLANE('',#2086);
#2086 = AXIS2_PLACEMENT_3D('',#2087,#2088,#2089);
#2087 = CARTESIAN_POINT('',(5.143933982822,-34.10606601717,
    -20.25520671964));
#2088 = DIRECTION('',(-0.5,-0.5,0.707106781187));
#2089 = DIRECTION('',(0.707106781187,-0.707106781187,3.053113317719E-16)
  );
#2090 = ADVANCED_FACE('',(#2091),#2109,.F.);
#2091 = FACE_BOUND('',#2092,.F.);
#2092 = EDGE_LOOP('',(#2093,#2094,#2095,#2103));
#2093 = ORIENTED_EDGE('',*,*,#2048,.F.);
#2094 = ORIENTED_EDGE('',*,*,#911,.T.);
#2095 = ORIENTED_EDGE('',*,*,#2096,.T.);
#2096 = EDGE_CURVE('',#904,#2097,#2099,.T.);
#2097 = VERTEX_POINT('',#2098);
#2098 = CARTESIAN_POINT('',(7.25,-16.,-20.10520671964));
#2099 = LINE('',#2100,#2101);
#2100 = CARTESIAN_POINT('',(6.842099142644,-16.16895806722,-20.513107577
    ));
#2101 = VECTOR('',#2102,1.);
#2102 = DIRECTION('',(0.678598344546,0.281084637715,0.678598344546));
#2103 = ORIENTED_EDGE('',*,*,#2104,.F.);
#2104 = EDGE_CURVE('',#2049,#2097,#2105,.T.);
#2105 = LINE('',#2106,#2107);
#2106 = CARTESIAN_POINT('',(5.25,-14.,-20.10520671964));
#2107 = VECTOR('',#2108,1.);
#2108 = DIRECTION('',(0.707106781187,-0.707106781187,0.));
#2109 = PLANE('',#2110);
#2110 = AXIS2_PLACEMENT_3D('',#2111,#2112,#2113);
#2111 = CARTESIAN_POINT('',(5.143933982822,-14.10606601717,
    -20.25520671964));
#2112 = DIRECTION('',(-0.5,-0.5,0.707106781187));
#2113 = DIRECTION('',(0.707106781187,-0.707106781187,8.326672684689E-17)
  );
#2114 = ADVANCED_FACE('',(#2115),#2133,.T.);
#2115 = FACE_BOUND('',#2116,.F.);
#2116 = EDGE_LOOP('',(#2117,#2125,#2126,#2127));
#2117 = ORIENTED_EDGE('',*,*,#2118,.F.);
#2118 = EDGE_CURVE('',#888,#2119,#2121,.T.);
#2119 = VERTEX_POINT('',#2120);
#2120 = CARTESIAN_POINT('',(5.25,-26.,-20.10520671964));
#2121 = LINE('',#2122,#2123);
#2122 = CARTESIAN_POINT('',(5.111851286034,-25.94277692905,
    -20.24335543361));
#2123 = VECTOR('',#2124,1.);
#2124 = DIRECTION('',(0.678598344546,-0.281084637715,0.678598344546));
#2125 = ORIENTED_EDGE('',*,*,#887,.T.);
#2126 = ORIENTED_EDGE('',*,*,#2070,.T.);
#2127 = ORIENTED_EDGE('',*,*,#2128,.F.);
#2128 = EDGE_CURVE('',#2119,#2071,#2129,.T.);
#2129 = LINE('',#2130,#2131);
#2130 = CARTESIAN_POINT('',(5.25,-26.,-20.10520671964));
#2131 = VECTOR('',#2132,1.);
#2132 = DIRECTION('',(0.,-1.,0.));
#2133 = PLANE('',#2134);
#2134 = AXIS2_PLACEMENT_3D('',#2135,#2136,#2137);
#2135 = CARTESIAN_POINT('',(5.1,-26.,-20.25520671964));
#2136 = DIRECTION('',(0.707106781187,1.124258545907E-18,-0.707106781187)
  );
#2137 = DIRECTION('',(-7.949708416177E-19,1.,7.949708416177E-19));
#2138 = ADVANCED_FACE('',(#2139),#2157,.T.);
#2139 = FACE_BOUND('',#2140,.F.);
#2140 = EDGE_LOOP('',(#2141,#2142,#2143,#2151));
#2141 = ORIENTED_EDGE('',*,*,#2096,.F.);
#2142 = ORIENTED_EDGE('',*,*,#903,.T.);
#2143 = ORIENTED_EDGE('',*,*,#2144,.T.);
#2144 = EDGE_CURVE('',#896,#2145,#2147,.T.);
#2145 = VERTEX_POINT('',#2146);
#2146 = CARTESIAN_POINT('',(7.25,-24.,-20.10520671964));
#2147 = LINE('',#2148,#2149);
#2148 = CARTESIAN_POINT('',(6.079124863322,-23.51500763854,
    -21.27608185632));
#2149 = VECTOR('',#2150,1.);
#2150 = DIRECTION('',(0.678598344546,-0.281084637715,0.678598344546));
#2151 = ORIENTED_EDGE('',*,*,#2152,.F.);
#2152 = EDGE_CURVE('',#2097,#2145,#2153,.T.);
#2153 = LINE('',#2154,#2155);
#2154 = CARTESIAN_POINT('',(7.25,-16.,-20.10520671964));
#2155 = VECTOR('',#2156,1.);
#2156 = DIRECTION('',(0.,-1.,2.22044604925E-16));
#2157 = PLANE('',#2158);
#2158 = AXIS2_PLACEMENT_3D('',#2159,#2160,#2161);
#2159 = CARTESIAN_POINT('',(7.1,-16.,-20.25520671964));
#2160 = DIRECTION('',(0.707106781187,-2.523732091295E-16,-0.707106781187
    ));
#2161 = DIRECTION('',(6.743250510274E-17,1.,-2.894771100278E-16));
#2162 = ADVANCED_FACE('',(#2163),#2174,.T.);
#2163 = FACE_BOUND('',#2164,.T.);
#2164 = EDGE_LOOP('',(#2165,#2166,#2167,#2168));
#2165 = ORIENTED_EDGE('',*,*,#2118,.F.);
#2166 = ORIENTED_EDGE('',*,*,#895,.T.);
#2167 = ORIENTED_EDGE('',*,*,#2144,.T.);
#2168 = ORIENTED_EDGE('',*,*,#2169,.F.);
#2169 = EDGE_CURVE('',#2119,#2145,#2170,.T.);
#2170 = LINE('',#2171,#2172);
#2171 = CARTESIAN_POINT('',(5.25,-26.,-20.10520671964));
#2172 = VECTOR('',#2173,1.);
#2173 = DIRECTION('',(0.707106781187,0.707106781187,0.));
#2174 = PLANE('',#2175);
#2175 = AXIS2_PLACEMENT_3D('',#2176,#2177,#2178);
#2176 = CARTESIAN_POINT('',(5.143933982822,-25.89393398282,
    -20.25520671964));
#2177 = DIRECTION('',(0.5,-0.5,-0.707106781187));
#2178 = DIRECTION('',(0.707106781187,0.707106781187,-1.942890293094E-16)
  );
#2179 = ADVANCED_FACE('',(#2180,#2205),#2211,.F.);
#2180 = FACE_BOUND('',#2181,.F.);
#2181 = EDGE_LOOP('',(#2182,#2190,#2191,#2199));
#2182 = ORIENTED_EDGE('',*,*,#2183,.F.);
#2183 = EDGE_CURVE('',#2119,#2184,#2186,.T.);
#2184 = VERTEX_POINT('',#2185);
#2185 = CARTESIAN_POINT('',(5.25,-26.,-8.405206719647));
#2186 = LINE('',#2187,#2188);
#2187 = CARTESIAN_POINT('',(5.25,-26.,-20.40520671964));
#2188 = VECTOR('',#2189,1.);
#2189 = DIRECTION('',(0.,0.,1.));
#2190 = ORIENTED_EDGE('',*,*,#2128,.T.);
#2191 = ORIENTED_EDGE('',*,*,#2192,.T.);
#2192 = EDGE_CURVE('',#2071,#2193,#2195,.T.);
#2193 = VERTEX_POINT('',#2194);
#2194 = CARTESIAN_POINT('',(5.25,-34.,-8.405206719647));
#2195 = LINE('',#2196,#2197);
#2196 = CARTESIAN_POINT('',(5.25,-34.,-20.40520671964));
#2197 = VECTOR('',#2198,1.);
#2198 = DIRECTION('',(0.,0.,1.));
#2199 = ORIENTED_EDGE('',*,*,#2200,.T.);
#2200 = EDGE_CURVE('',#2193,#2184,#2201,.T.);
#2201 = LINE('',#2202,#2203);
#2202 = CARTESIAN_POINT('',(5.25,-30.,-8.405206719647));
#2203 = VECTOR('',#2204,1.);
#2204 = DIRECTION('',(0.,1.,0.));
#2205 = FACE_BOUND('',#2206,.F.);
#2206 = EDGE_LOOP('',(#2207,#2208,#2209,#2210));
#2207 = ORIENTED_EDGE('',*,*,#966,.T.);
#2208 = ORIENTED_EDGE('',*,*,#991,.T.);
#2209 = ORIENTED_EDGE('',*,*,#1015,.T.);
#2210 = ORIENTED_EDGE('',*,*,#1033,.T.);
#2211 = PLANE('',#2212);
#2212 = AXIS2_PLACEMENT_3D('',#2213,#2214,#2215);
#2213 = CARTESIAN_POINT('',(5.25,-30.,-14.40520671964));
#2214 = DIRECTION('',(-1.,-0.,-0.));
#2215 = DIRECTION('',(0.,0.,-1.));
#2216 = ADVANCED_FACE('',(#2217,#2242),#2248,.F.);
#2217 = FACE_BOUND('',#2218,.F.);
#2218 = EDGE_LOOP('',(#2219,#2227,#2228,#2236));
#2219 = ORIENTED_EDGE('',*,*,#2220,.F.);
#2220 = EDGE_CURVE('',#1994,#2221,#2223,.T.);
#2221 = VERTEX_POINT('',#2222);
#2222 = CARTESIAN_POINT('',(5.25,-6.,-8.405206719647));
#2223 = LINE('',#2224,#2225);
#2224 = CARTESIAN_POINT('',(5.25,-6.,-20.40520671964));
#2225 = VECTOR('',#2226,1.);
#2226 = DIRECTION('',(0.,0.,1.));
#2227 = ORIENTED_EDGE('',*,*,#2056,.T.);
#2228 = ORIENTED_EDGE('',*,*,#2229,.T.);
#2229 = EDGE_CURVE('',#2049,#2230,#2232,.T.);
#2230 = VERTEX_POINT('',#2231);
#2231 = CARTESIAN_POINT('',(5.25,-14.,-8.405206719647));
#2232 = LINE('',#2233,#2234);
#2233 = CARTESIAN_POINT('',(5.25,-14.,-20.40520671964));
#2234 = VECTOR('',#2235,1.);
#2235 = DIRECTION('',(0.,0.,1.));
#2236 = ORIENTED_EDGE('',*,*,#2237,.T.);
#2237 = EDGE_CURVE('',#2230,#2221,#2238,.T.);
#2238 = LINE('',#2239,#2240);
#2239 = CARTESIAN_POINT('',(5.25,-10.,-8.405206719647));
#2240 = VECTOR('',#2241,1.);
#2241 = DIRECTION('',(0.,1.,0.));
#2242 = FACE_BOUND('',#2243,.F.);
#2243 = EDGE_LOOP('',(#2244,#2245,#2246,#2247));
#2244 = ORIENTED_EDGE('',*,*,#1064,.T.);
#2245 = ORIENTED_EDGE('',*,*,#1089,.T.);
#2246 = ORIENTED_EDGE('',*,*,#1113,.T.);
#2247 = ORIENTED_EDGE('',*,*,#1131,.T.);
#2248 = PLANE('',#2249);
#2249 = AXIS2_PLACEMENT_3D('',#2250,#2251,#2252);
#2250 = CARTESIAN_POINT('',(5.25,-10.,-14.40520671964));
#2251 = DIRECTION('',(-1.,-0.,-0.));
#2252 = DIRECTION('',(0.,0.,-1.));
#2253 = ADVANCED_FACE('',(#2254),#2259,.F.);
#2254 = FACE_BOUND('',#2255,.F.);
#2255 = EDGE_LOOP('',(#2256,#2257,#2258));
#2256 = ORIENTED_EDGE('',*,*,#1584,.F.);
#2257 = ORIENTED_EDGE('',*,*,#1179,.T.);
#2258 = ORIENTED_EDGE('',*,*,#1147,.F.);
#2259 = PLANE('',#2260);
#2260 = AXIS2_PLACEMENT_3D('',#2261,#2262,#2263);
#2261 = CARTESIAN_POINT('',(-1.55,-0.3,-20.40520671964));
#2262 = DIRECTION('',(-0.57735026919,-0.57735026919,0.57735026919));
#2263 = DIRECTION('',(0.707106781187,-0.707106781187,-7.418568658188E-17
    ));
#2264 = ADVANCED_FACE('',(#2265),#2270,.T.);
#2265 = FACE_BOUND('',#2266,.T.);
#2266 = EDGE_LOOP('',(#2267,#2268,#2269));
#2267 = ORIENTED_EDGE('',*,*,#1936,.F.);
#2268 = ORIENTED_EDGE('',*,*,#1188,.T.);
#2269 = ORIENTED_EDGE('',*,*,#1164,.F.);
#2270 = PLANE('',#2271);
#2271 = AXIS2_PLACEMENT_3D('',#2272,#2273,#2274);
#2272 = CARTESIAN_POINT('',(-1.55,-39.7,-20.40520671964));
#2273 = DIRECTION('',(0.57735026919,-0.57735026919,-0.57735026919));
#2274 = DIRECTION('',(0.707106781187,0.707106781187,6.123707412238E-17)
  );
#2275 = ADVANCED_FACE('',(#2276),#2287,.F.);
#2276 = FACE_BOUND('',#2277,.F.);
#2277 = EDGE_LOOP('',(#2278,#2279,#2285,#2286));
#2278 = ORIENTED_EDGE('',*,*,#1590,.F.);
#2279 = ORIENTED_EDGE('',*,*,#2280,.T.);
#2280 = EDGE_CURVE('',#1591,#1943,#2281,.T.);
#2281 = LINE('',#2282,#2283);
#2282 = CARTESIAN_POINT('',(-6.95,-4.530866064478E-15,-20.40520671964));
#2283 = VECTOR('',#2284,1.);
#2284 = DIRECTION('',(0.,-1.,2.22044604925E-16));
#2285 = ORIENTED_EDGE('',*,*,#1942,.T.);
#2286 = ORIENTED_EDGE('',*,*,#1196,.F.);
#2287 = PLANE('',#2288);
#2288 = AXIS2_PLACEMENT_3D('',#2289,#2290,#2291);
#2289 = CARTESIAN_POINT('',(-7.25,-4.530866064478E-15,-20.40520671964));
#2290 = DIRECTION('',(0.,2.22044604925E-16,1.));
#2291 = DIRECTION('',(1.,0.,0.));
#2292 = ADVANCED_FACE('',(#2293,#2343),#2346,.F.);
#2293 = FACE_BOUND('',#2294,.T.);
#2294 = EDGE_LOOP('',(#2295,#2305,#2313,#2321,#2329,#2337));
#2295 = ORIENTED_EDGE('',*,*,#2296,.T.);
#2296 = EDGE_CURVE('',#2297,#2299,#2301,.T.);
#2297 = VERTEX_POINT('',#2298);
#2298 = CARTESIAN_POINT('',(-4.25,-28.38341924626,-11.60520671964));
#2299 = VERTEX_POINT('',#2300);
#2300 = CARTESIAN_POINT('',(-4.25,-26.76683849253,-14.40520671964));
#2301 = LINE('',#2302,#2303);
#2302 = CARTESIAN_POINT('',(-4.25,-28.38341924626,-11.60520671964));
#2303 = VECTOR('',#2304,1.);
#2304 = DIRECTION('',(-0.,0.5,-0.866025403784));
#2305 = ORIENTED_EDGE('',*,*,#2306,.T.);
#2306 = EDGE_CURVE('',#2299,#2307,#2309,.T.);
#2307 = VERTEX_POINT('',#2308);
#2308 = CARTESIAN_POINT('',(-4.25,-28.38341924626,-17.20520671964));
#2309 = LINE('',#2310,#2311);
#2310 = CARTESIAN_POINT('',(-4.25,-26.76683849253,-14.40520671964));
#2311 = VECTOR('',#2312,1.);
#2312 = DIRECTION('',(0.,-0.5,-0.866025403784));
#2313 = ORIENTED_EDGE('',*,*,#2314,.T.);
#2314 = EDGE_CURVE('',#2307,#2315,#2317,.T.);
#2315 = VERTEX_POINT('',#2316);
#2316 = CARTESIAN_POINT('',(-4.25,-31.61658075373,-17.20520671964));
#2317 = LINE('',#2318,#2319);
#2318 = CARTESIAN_POINT('',(-4.25,-28.38341924626,-17.20520671964));
#2319 = VECTOR('',#2320,1.);
#2320 = DIRECTION('',(0.,-1.,0.));
#2321 = ORIENTED_EDGE('',*,*,#2322,.T.);
#2322 = EDGE_CURVE('',#2315,#2323,#2325,.T.);
#2323 = VERTEX_POINT('',#2324);
#2324 = CARTESIAN_POINT('',(-4.25,-33.23316150746,-14.40520671964));
#2325 = LINE('',#2326,#2327);
#2326 = CARTESIAN_POINT('',(-4.25,-31.61658075373,-17.20520671964));
#2327 = VECTOR('',#2328,1.);
#2328 = DIRECTION('',(0.,-0.5,0.866025403784));
#2329 = ORIENTED_EDGE('',*,*,#2330,.T.);
#2330 = EDGE_CURVE('',#2323,#2331,#2333,.T.);
#2331 = VERTEX_POINT('',#2332);
#2332 = CARTESIAN_POINT('',(-4.25,-31.61658075373,-11.60520671964));
#2333 = LINE('',#2334,#2335);
#2334 = CARTESIAN_POINT('',(-4.25,-33.23316150746,-14.40520671964));
#2335 = VECTOR('',#2336,1.);
#2336 = DIRECTION('',(0.,0.5,0.866025403784));
#2337 = ORIENTED_EDGE('',*,*,#2338,.T.);
#2338 = EDGE_CURVE('',#2331,#2297,#2339,.T.);
#2339 = LINE('',#2340,#2341);
#2340 = CARTESIAN_POINT('',(-4.25,-31.61658075373,-11.60520671964));
#2341 = VECTOR('',#2342,1.);
#2342 = DIRECTION('',(0.,1.,0.));
#2343 = FACE_BOUND('',#2344,.F.);
#2344 = EDGE_LOOP('',(#2345));
#2345 = ORIENTED_EDGE('',*,*,#1210,.T.);
#2346 = PLANE('',#2347);
#2347 = AXIS2_PLACEMENT_3D('',#2348,#2349,#2350);
#2348 = CARTESIAN_POINT('',(-4.25,-20.,-14.40520671964));
#2349 = DIRECTION('',(1.,0.,0.));
#2350 = DIRECTION('',(0.,0.,1.));
#2351 = ADVANCED_FACE('',(#2352,#2402),#2405,.F.);
#2352 = FACE_BOUND('',#2353,.T.);
#2353 = EDGE_LOOP('',(#2354,#2364,#2372,#2380,#2388,#2396));
#2354 = ORIENTED_EDGE('',*,*,#2355,.T.);
#2355 = EDGE_CURVE('',#2356,#2358,#2360,.T.);
#2356 = VERTEX_POINT('',#2357);
#2357 = CARTESIAN_POINT('',(-4.25,-11.61658075373,-11.60520671964));
#2358 = VERTEX_POINT('',#2359);
#2359 = CARTESIAN_POINT('',(-4.25,-8.383419246269,-11.60520671964));
#2360 = LINE('',#2361,#2362);
#2361 = CARTESIAN_POINT('',(-4.25,-11.61658075373,-11.60520671964));
#2362 = VECTOR('',#2363,1.);
#2363 = DIRECTION('',(0.,1.,0.));
#2364 = ORIENTED_EDGE('',*,*,#2365,.T.);
#2365 = EDGE_CURVE('',#2358,#2366,#2368,.T.);
#2366 = VERTEX_POINT('',#2367);
#2367 = CARTESIAN_POINT('',(-4.25,-6.766838492538,-14.40520671964));
#2368 = LINE('',#2369,#2370);
#2369 = CARTESIAN_POINT('',(-4.25,-8.383419246269,-11.60520671964));
#2370 = VECTOR('',#2371,1.);
#2371 = DIRECTION('',(-0.,0.5,-0.866025403784));
#2372 = ORIENTED_EDGE('',*,*,#2373,.T.);
#2373 = EDGE_CURVE('',#2366,#2374,#2376,.T.);
#2374 = VERTEX_POINT('',#2375);
#2375 = CARTESIAN_POINT('',(-4.25,-8.383419246269,-17.20520671964));
#2376 = LINE('',#2377,#2378);
#2377 = CARTESIAN_POINT('',(-4.25,-6.766838492538,-14.40520671964));
#2378 = VECTOR('',#2379,1.);
#2379 = DIRECTION('',(0.,-0.5,-0.866025403784));
#2380 = ORIENTED_EDGE('',*,*,#2381,.T.);
#2381 = EDGE_CURVE('',#2374,#2382,#2384,.T.);
#2382 = VERTEX_POINT('',#2383);
#2383 = CARTESIAN_POINT('',(-4.25,-11.61658075373,-17.20520671964));
#2384 = LINE('',#2385,#2386);
#2385 = CARTESIAN_POINT('',(-4.25,-8.383419246269,-17.20520671964));
#2386 = VECTOR('',#2387,1.);
#2387 = DIRECTION('',(0.,-1.,0.));
#2388 = ORIENTED_EDGE('',*,*,#2389,.T.);
#2389 = EDGE_CURVE('',#2382,#2390,#2392,.T.);
#2390 = VERTEX_POINT('',#2391);
#2391 = CARTESIAN_POINT('',(-4.25,-13.23316150746,-14.40520671964));
#2392 = LINE('',#2393,#2394);
#2393 = CARTESIAN_POINT('',(-4.25,-11.61658075373,-17.20520671964));
#2394 = VECTOR('',#2395,1.);
#2395 = DIRECTION('',(0.,-0.5,0.866025403784));
#2396 = ORIENTED_EDGE('',*,*,#2397,.T.);
#2397 = EDGE_CURVE('',#2390,#2356,#2398,.T.);
#2398 = LINE('',#2399,#2400);
#2399 = CARTESIAN_POINT('',(-4.25,-13.23316150746,-14.40520671964));
#2400 = VECTOR('',#2401,1.);
#2401 = DIRECTION('',(0.,0.5,0.866025403784));
#2402 = FACE_BOUND('',#2403,.F.);
#2403 = EDGE_LOOP('',(#2404));
#2404 = ORIENTED_EDGE('',*,*,#1235,.T.);
#2405 = PLANE('',#2406);
#2406 = AXIS2_PLACEMENT_3D('',#2407,#2408,#2409);
#2407 = CARTESIAN_POINT('',(-4.25,-20.,-14.40520671964));
#2408 = DIRECTION('',(1.,0.,0.));
#2409 = DIRECTION('',(0.,0.,1.));
#2410 = ADVANCED_FACE('',(#2411),#2427,.F.);
#2411 = FACE_BOUND('',#2412,.F.);
#2412 = EDGE_LOOP('',(#2413,#2419,#2420,#2426));
#2413 = ORIENTED_EDGE('',*,*,#2414,.T.);
#2414 = EDGE_CURVE('',#1261,#1613,#2415,.T.);
#2415 = LINE('',#2416,#2417);
#2416 = CARTESIAN_POINT('',(20.,2.531308496145E-15,11.4));
#2417 = VECTOR('',#2418,1.);
#2418 = DIRECTION('',(0.,-1.,2.22044604925E-16));
#2419 = ORIENTED_EDGE('',*,*,#1629,.T.);
#2420 = ORIENTED_EDGE('',*,*,#2421,.F.);
#2421 = EDGE_CURVE('',#1270,#1622,#2422,.T.);
#2422 = LINE('',#2423,#2424);
#2423 = CARTESIAN_POINT('',(20.,3.28626015289E-15,14.8));
#2424 = VECTOR('',#2425,1.);
#2425 = DIRECTION('',(0.,-1.,2.22044604925E-16));
#2426 = ORIENTED_EDGE('',*,*,#1277,.F.);
#2427 = PLANE('',#2428);
#2428 = AXIS2_PLACEMENT_3D('',#2429,#2430,#2431);
#2429 = CARTESIAN_POINT('',(20.,2.464695114668E-15,11.1));
#2430 = DIRECTION('',(-1.,0.,0.));
#2431 = DIRECTION('',(0.,2.22044604925E-16,1.));
#2432 = ADVANCED_FACE('',(#2433),#2443,.T.);
#2433 = FACE_BOUND('',#2434,.T.);
#2434 = EDGE_LOOP('',(#2435,#2436,#2437));
#2435 = ORIENTED_EDGE('',*,*,#1269,.F.);
#2436 = ORIENTED_EDGE('',*,*,#1324,.T.);
#2437 = ORIENTED_EDGE('',*,*,#2438,.F.);
#2438 = EDGE_CURVE('',#1270,#1325,#2439,.T.);
#2439 = LINE('',#2440,#2441);
#2440 = CARTESIAN_POINT('',(19.85,-0.3,14.95));
#2441 = VECTOR('',#2442,1.);
#2442 = DIRECTION('',(-0.707106781187,4.313211512791E-15,0.707106781187)
  );
#2443 = PLANE('',#2444);
#2444 = AXIS2_PLACEMENT_3D('',#2445,#2446,#2447);
#2445 = CARTESIAN_POINT('',(19.7,2.709364859358E-16,14.8));
#2446 = DIRECTION('',(0.57735026919,0.57735026919,0.57735026919));
#2447 = DIRECTION('',(-0.707106781187,-3.926045499021E-15,0.707106781187
    ));
#2448 = ADVANCED_FACE('',(#2449),#2460,.F.);
#2449 = FACE_BOUND('',#2450,.T.);
#2450 = EDGE_LOOP('',(#2451,#2452,#2453,#2459));
#2451 = ORIENTED_EDGE('',*,*,#2414,.T.);
#2452 = ORIENTED_EDGE('',*,*,#1653,.T.);
#2453 = ORIENTED_EDGE('',*,*,#2454,.F.);
#2454 = EDGE_CURVE('',#1294,#1646,#2455,.T.);
#2455 = LINE('',#2456,#2457);
#2456 = CARTESIAN_POINT('',(19.727522647695,2.436823348738E-15,
    10.974476725343));
#2457 = VECTOR('',#2458,1.);
#2458 = DIRECTION('',(0.,-1.,2.22044604925E-16));
#2459 = ORIENTED_EDGE('',*,*,#1301,.F.);
#2460 = PLANE('',#2461);
#2461 = AXIS2_PLACEMENT_3D('',#2462,#2463,#2464);
#2462 = CARTESIAN_POINT('',(19.863761323847,2.484065922441E-15,
    11.187238362671));
#2463 = DIRECTION('',(-0.842143371263,9.503825116854E-17,0.539253690055)
  );
#2464 = DIRECTION('',(-2.080104350136E-17,1.,-2.087249733185E-16));
#2465 = ADVANCED_FACE('',(#2466,#2482,#2493,#2504,#2515),#2526,.T.);
#2466 = FACE_BOUND('',#2467,.T.);
#2467 = EDGE_LOOP('',(#2468,#2474,#2475,#2481));
#2468 = ORIENTED_EDGE('',*,*,#2469,.T.);
#2469 = EDGE_CURVE('',#1316,#1668,#2470,.T.);
#2470 = LINE('',#2471,#2472);
#2471 = CARTESIAN_POINT('',(-20.,3.352873534368E-15,15.1));
#2472 = VECTOR('',#2473,1.);
#2473 = DIRECTION('',(0.,-1.,2.22044604925E-16));
#2474 = ORIENTED_EDGE('',*,*,#1684,.T.);
#2475 = ORIENTED_EDGE('',*,*,#2476,.F.);
#2476 = EDGE_CURVE('',#1325,#1677,#2477,.T.);
#2477 = LINE('',#2478,#2479);
#2478 = CARTESIAN_POINT('',(19.7,3.352873534368E-15,15.1));
#2479 = VECTOR('',#2480,1.);
#2480 = DIRECTION('',(0.,-1.,2.22044604925E-16));
#2481 = ORIENTED_EDGE('',*,*,#1332,.F.);
#2482 = FACE_BOUND('',#2483,.T.);
#2483 = EDGE_LOOP('',(#2484));
#2484 = ORIENTED_EDGE('',*,*,#2485,.F.);
#2485 = EDGE_CURVE('',#2486,#2486,#2488,.T.);
#2486 = VERTEX_POINT('',#2487);
#2487 = CARTESIAN_POINT('',(-13.25,-35.,15.1));
#2488 = CIRCLE('',#2489,1.75);
#2489 = AXIS2_PLACEMENT_3D('',#2490,#2491,#2492);
#2490 = CARTESIAN_POINT('',(-15.,-35.,15.1));
#2491 = DIRECTION('',(0.,0.,1.));
#2492 = DIRECTION('',(1.,0.,0.));
#2493 = FACE_BOUND('',#2494,.T.);
#2494 = EDGE_LOOP('',(#2495));
#2495 = ORIENTED_EDGE('',*,*,#2496,.F.);
#2496 = EDGE_CURVE('',#2497,#2497,#2499,.T.);
#2497 = VERTEX_POINT('',#2498);
#2498 = CARTESIAN_POINT('',(16.75,-35.,15.1));
#2499 = CIRCLE('',#2500,1.75);
#2500 = AXIS2_PLACEMENT_3D('',#2501,#2502,#2503);
#2501 = CARTESIAN_POINT('',(15.,-35.,15.1));
#2502 = DIRECTION('',(0.,0.,1.));
#2503 = DIRECTION('',(1.,0.,0.));
#2504 = FACE_BOUND('',#2505,.T.);
#2505 = EDGE_LOOP('',(#2506));
#2506 = ORIENTED_EDGE('',*,*,#2507,.F.);
#2507 = EDGE_CURVE('',#2508,#2508,#2510,.T.);
#2508 = VERTEX_POINT('',#2509);
#2509 = CARTESIAN_POINT('',(-13.25,-5.,15.1));
#2510 = CIRCLE('',#2511,1.75);
#2511 = AXIS2_PLACEMENT_3D('',#2512,#2513,#2514);
#2512 = CARTESIAN_POINT('',(-15.,-5.,15.1));
#2513 = DIRECTION('',(0.,0.,1.));
#2514 = DIRECTION('',(1.,0.,0.));
#2515 = FACE_BOUND('',#2516,.T.);
#2516 = EDGE_LOOP('',(#2517));
#2517 = ORIENTED_EDGE('',*,*,#2518,.F.);
#2518 = EDGE_CURVE('',#2519,#2519,#2521,.T.);
#2519 = VERTEX_POINT('',#2520);
#2520 = CARTESIAN_POINT('',(16.75,-5.,15.1));
#2521 = CIRCLE('',#2522,1.75);
#2522 = AXIS2_PLACEMENT_3D('',#2523,#2524,#2525);
#2523 = CARTESIAN_POINT('',(15.,-5.,15.1));
#2524 = DIRECTION('',(0.,0.,1.));
#2525 = DIRECTION('',(1.,0.,0.));
#2526 = PLANE('',#2527);
#2527 = AXIS2_PLACEMENT_3D('',#2528,#2529,#2530);
#2528 = CARTESIAN_POINT('',(-20.,3.352873534368E-15,15.1));
#2529 = DIRECTION('',(0.,2.22044604925E-16,1.));
#2530 = DIRECTION('',(1.,0.,0.));
#2531 = ADVANCED_FACE('',(#2532,#2543,#2554),#2565,.T.);
#2532 = FACE_BOUND('',#2533,.T.);
#2533 = EDGE_LOOP('',(#2534,#2540,#2541,#2542));
#2534 = ORIENTED_EDGE('',*,*,#2535,.F.);
#2535 = EDGE_CURVE('',#1349,#1701,#2536,.T.);
#2536 = LINE('',#2537,#2538);
#2537 = CARTESIAN_POINT('',(11.1,1.554312234475E-15,7.));
#2538 = VECTOR('',#2539,1.);
#2539 = DIRECTION('',(0.,-1.,2.22044604925E-16));
#2540 = ORIENTED_EDGE('',*,*,#1356,.F.);
#2541 = ORIENTED_EDGE('',*,*,#2454,.T.);
#2542 = ORIENTED_EDGE('',*,*,#1708,.T.);
#2543 = FACE_BOUND('',#2544,.T.);
#2544 = EDGE_LOOP('',(#2545));
#2545 = ORIENTED_EDGE('',*,*,#2546,.F.);
#2546 = EDGE_CURVE('',#2547,#2547,#2549,.T.);
#2547 = VERTEX_POINT('',#2548);
#2548 = CARTESIAN_POINT('',(18.75,-35.,10.524157303371));
#2549 = ELLIPSE('',#2550,4.1287835135,3.75);
#2550 = AXIS2_PLACEMENT_3D('',#2551,#2552,#2553);
#2551 = CARTESIAN_POINT('',(15.,-35.,8.796629213483));
#2552 = DIRECTION('',(0.418410915525,-2.016737534788E-16,-0.908257841017
    ));
#2553 = DIRECTION('',(0.908257841017,-4.3777961121E-16,0.418410915525));
#2554 = FACE_BOUND('',#2555,.T.);
#2555 = EDGE_LOOP('',(#2556));
#2556 = ORIENTED_EDGE('',*,*,#2557,.F.);
#2557 = EDGE_CURVE('',#2558,#2558,#2560,.T.);
#2558 = VERTEX_POINT('',#2559);
#2559 = CARTESIAN_POINT('',(18.75,-5.,10.524157303371));
#2560 = ELLIPSE('',#2561,4.1287835135,3.75);
#2561 = AXIS2_PLACEMENT_3D('',#2562,#2563,#2564);
#2562 = CARTESIAN_POINT('',(15.,-5.,8.796629213483));
#2563 = DIRECTION('',(0.418410915525,-2.016737534788E-16,-0.908257841017
    ));
#2564 = DIRECTION('',(0.908257841017,-4.3777961121E-16,0.418410915525));
#2565 = PLANE('',#2566);
#2566 = AXIS2_PLACEMENT_3D('',#2567,#2568,#2569);
#2567 = CARTESIAN_POINT('',(20.,2.464695114668E-15,11.1));
#2568 = DIRECTION('',(0.418410915525,-2.016737534788E-16,-0.908257841017
    ));
#2569 = DIRECTION('',(-0.908257841017,-9.290588643404E-17,
    -0.418410915525));
#2570 = ADVANCED_FACE('',(#2571),#2582,.F.);
#2571 = FACE_BOUND('',#2572,.F.);
#2572 = EDGE_LOOP('',(#2573,#2574,#2575,#2581));
#2573 = ORIENTED_EDGE('',*,*,#2469,.T.);
#2574 = ORIENTED_EDGE('',*,*,#1732,.T.);
#2575 = ORIENTED_EDGE('',*,*,#2576,.F.);
#2576 = EDGE_CURVE('',#1373,#1725,#2577,.T.);
#2577 = LINE('',#2578,#2579);
#2578 = CARTESIAN_POINT('',(-20.,2.464695114668E-15,11.1));
#2579 = VECTOR('',#2580,1.);
#2580 = DIRECTION('',(0.,-1.,2.22044604925E-16));
#2581 = ORIENTED_EDGE('',*,*,#1380,.F.);
#2582 = PLANE('',#2583);
#2583 = AXIS2_PLACEMENT_3D('',#2584,#2585,#2586);
#2584 = CARTESIAN_POINT('',(-20.,3.352873534368E-15,15.1));
#2585 = DIRECTION('',(1.,0.,0.));
#2586 = DIRECTION('',(0.,-2.22044604925E-16,-1.));
#2587 = ADVANCED_FACE('',(#2588),#2599,.F.);
#2588 = FACE_BOUND('',#2589,.F.);
#2589 = EDGE_LOOP('',(#2590,#2596,#2597,#2598));
#2590 = ORIENTED_EDGE('',*,*,#2591,.T.);
#2591 = EDGE_CURVE('',#1395,#1747,#2592,.T.);
#2592 = LINE('',#2593,#2594);
#2593 = CARTESIAN_POINT('',(11.1,-9.013585330186E-31,-4.05935795343E-15)
  );
#2594 = VECTOR('',#2595,1.);
#2595 = DIRECTION('',(0.,-1.,2.22044604925E-16));
#2596 = ORIENTED_EDGE('',*,*,#1756,.T.);
#2597 = ORIENTED_EDGE('',*,*,#2535,.F.);
#2598 = ORIENTED_EDGE('',*,*,#1404,.F.);
#2599 = PLANE('',#2600);
#2600 = AXIS2_PLACEMENT_3D('',#2601,#2602,#2603);
#2601 = CARTESIAN_POINT('',(11.1,-5.995204332976E-31,-2.7E-15));
#2602 = DIRECTION('',(-1.,0.,0.));
#2603 = DIRECTION('',(0.,2.22044604925E-16,1.));
#2604 = ADVANCED_FACE('',(#2605,#2616,#2627),#2638,.F.);
#2605 = FACE_BOUND('',#2606,.F.);
#2606 = EDGE_LOOP('',(#2607,#2608,#2609,#2615));
#2607 = ORIENTED_EDGE('',*,*,#2576,.T.);
#2608 = ORIENTED_EDGE('',*,*,#1780,.T.);
#2609 = ORIENTED_EDGE('',*,*,#2610,.F.);
#2610 = EDGE_CURVE('',#1421,#1773,#2611,.T.);
#2611 = LINE('',#2612,#2613);
#2612 = CARTESIAN_POINT('',(-11.1,1.554312234475E-15,7.));
#2613 = VECTOR('',#2614,1.);
#2614 = DIRECTION('',(0.,-1.,2.22044604925E-16));
#2615 = ORIENTED_EDGE('',*,*,#1428,.F.);
#2616 = FACE_BOUND('',#2617,.F.);
#2617 = EDGE_LOOP('',(#2618));
#2618 = ORIENTED_EDGE('',*,*,#2619,.F.);
#2619 = EDGE_CURVE('',#2620,#2620,#2622,.T.);
#2620 = VERTEX_POINT('',#2621);
#2621 = CARTESIAN_POINT('',(-11.25,-35.,7.069101123596));
#2622 = ELLIPSE('',#2623,4.1287835135,3.75);
#2623 = AXIS2_PLACEMENT_3D('',#2624,#2625,#2626);
#2624 = CARTESIAN_POINT('',(-15.,-35.,8.796629213483));
#2625 = DIRECTION('',(0.418410915525,2.016737534788E-16,0.908257841017)
  );
#2626 = DIRECTION('',(-0.908257841017,-4.3777961121E-16,0.418410915525)
  );
#2627 = FACE_BOUND('',#2628,.F.);
#2628 = EDGE_LOOP('',(#2629));
#2629 = ORIENTED_EDGE('',*,*,#2630,.F.);
#2630 = EDGE_CURVE('',#2631,#2631,#2633,.T.);
#2631 = VERTEX_POINT('',#2632);
#2632 = CARTESIAN_POINT('',(-11.25,-5.,7.069101123596));
#2633 = ELLIPSE('',#2634,4.1287835135,3.75);
#2634 = AXIS2_PLACEMENT_3D('',#2635,#2636,#2637);
#2635 = CARTESIAN_POINT('',(-15.,-5.,8.796629213483));
#2636 = DIRECTION('',(0.418410915525,2.016737534788E-16,0.908257841017)
  );
#2637 = DIRECTION('',(-0.908257841017,-4.3777961121E-16,0.418410915525)
  );
#2638 = PLANE('',#2639);
#2639 = AXIS2_PLACEMENT_3D('',#2640,#2641,#2642);
#2640 = CARTESIAN_POINT('',(-20.,2.464695114668E-15,11.1));
#2641 = DIRECTION('',(0.418410915525,2.016737534788E-16,0.908257841017)
  );
#2642 = DIRECTION('',(0.908257841017,-9.290588643404E-17,-0.418410915525
    ));
#2643 = ADVANCED_FACE('',(#2644),#2687,.T.);
#2644 = FACE_BOUND('',#2645,.F.);
#2645 = EDGE_LOOP('',(#2646,#2654,#2662,#2670,#2678,#2684,#2685,#2686));
#2646 = ORIENTED_EDGE('',*,*,#2647,.T.);
#2647 = EDGE_CURVE('',#1443,#2648,#2650,.T.);
#2648 = VERTEX_POINT('',#2649);
#2649 = CARTESIAN_POINT('',(7.25,-4.,-8.405206719647));
#2650 = LINE('',#2651,#2652);
#2651 = CARTESIAN_POINT('',(7.25,-1.866330805377E-15,-8.405206719647));
#2652 = VECTOR('',#2653,1.);
#2653 = DIRECTION('',(0.,-1.,2.22044604925E-16));
#2654 = ORIENTED_EDGE('',*,*,#2655,.T.);
#2655 = EDGE_CURVE('',#2648,#2656,#2658,.T.);
#2656 = VERTEX_POINT('',#2657);
#2657 = CARTESIAN_POINT('',(7.25,-16.,-8.405206719647));
#2658 = LINE('',#2659,#2660);
#2659 = CARTESIAN_POINT('',(7.25,-1.866330805377E-15,-8.405206719647));
#2660 = VECTOR('',#2661,1.);
#2661 = DIRECTION('',(0.,-1.,2.22044604925E-16));
#2662 = ORIENTED_EDGE('',*,*,#2663,.T.);
#2663 = EDGE_CURVE('',#2656,#2664,#2666,.T.);
#2664 = VERTEX_POINT('',#2665);
#2665 = CARTESIAN_POINT('',(7.25,-24.,-8.405206719647));
#2666 = LINE('',#2667,#2668);
#2667 = CARTESIAN_POINT('',(7.25,-1.866330805377E-15,-8.405206719647));
#2668 = VECTOR('',#2669,1.);
#2669 = DIRECTION('',(0.,-1.,2.22044604925E-16));
#2670 = ORIENTED_EDGE('',*,*,#2671,.T.);
#2671 = EDGE_CURVE('',#2664,#2672,#2674,.T.);
#2672 = VERTEX_POINT('',#2673);
#2673 = CARTESIAN_POINT('',(7.25,-36.,-8.405206719647));
#2674 = LINE('',#2675,#2676);
#2675 = CARTESIAN_POINT('',(7.25,-1.866330805377E-15,-8.405206719647));
#2676 = VECTOR('',#2677,1.);
#2677 = DIRECTION('',(0.,-1.,2.22044604925E-16));
#2678 = ORIENTED_EDGE('',*,*,#2679,.T.);
#2679 = EDGE_CURVE('',#2672,#1795,#2680,.T.);
#2680 = LINE('',#2681,#2682);
#2681 = CARTESIAN_POINT('',(7.25,-1.866330805377E-15,-8.405206719647));
#2682 = VECTOR('',#2683,1.);
#2683 = DIRECTION('',(0.,-1.,2.22044604925E-16));
#2684 = ORIENTED_EDGE('',*,*,#1805,.T.);
#2685 = ORIENTED_EDGE('',*,*,#2591,.F.);
#2686 = ORIENTED_EDGE('',*,*,#1453,.F.);
#2687 = CYLINDRICAL_SURFACE('',#2688,11.1);
#2688 = AXIS2_PLACEMENT_3D('',#2689,#2690,#2691);
#2689 = CARTESIAN_POINT('',(0.,-5.995204332976E-31,-2.7E-15));
#2690 = DIRECTION('',(0.,1.,-2.22044604925E-16));
#2691 = DIRECTION('',(1.,0.,0.));
#2692 = ADVANCED_FACE('',(#2693),#2704,.F.);
#2693 = FACE_BOUND('',#2694,.F.);
#2694 = EDGE_LOOP('',(#2695,#2696,#2697,#2703));
#2695 = ORIENTED_EDGE('',*,*,#2610,.T.);
#2696 = ORIENTED_EDGE('',*,*,#1830,.T.);
#2697 = ORIENTED_EDGE('',*,*,#2698,.F.);
#2698 = EDGE_CURVE('',#1471,#1823,#2699,.T.);
#2699 = LINE('',#2700,#2701);
#2700 = CARTESIAN_POINT('',(-11.1,-4.446640076274E-31,
    -2.002588659056E-15));
#2701 = VECTOR('',#2702,1.);
#2702 = DIRECTION('',(0.,-1.,2.22044604925E-16));
#2703 = ORIENTED_EDGE('',*,*,#1478,.F.);
#2704 = PLANE('',#2705);
#2705 = AXIS2_PLACEMENT_3D('',#2706,#2707,#2708);
#2706 = CARTESIAN_POINT('',(-11.1,1.554312234475E-15,7.));
#2707 = DIRECTION('',(1.,0.,0.));
#2708 = DIRECTION('',(0.,-2.22044604925E-16,-1.));
#2709 = ADVANCED_FACE('',(#2710),#2715,.F.);
#2710 = FACE_BOUND('',#2711,.F.);
#2711 = EDGE_LOOP('',(#2712,#2713,#2714));
#2712 = ORIENTED_EDGE('',*,*,#1544,.F.);
#2713 = ORIENTED_EDGE('',*,*,#1964,.T.);
#2714 = ORIENTED_EDGE('',*,*,#1502,.F.);
#2715 = PLANE('',#2716);
#2716 = AXIS2_PLACEMENT_3D('',#2717,#2718,#2719);
#2717 = CARTESIAN_POINT('',(6.95,-0.3,-20.40520671964));
#2718 = DIRECTION('',(-0.57735026919,-0.57735026919,0.57735026919));
#2719 = DIRECTION('',(0.707106781187,-0.707106781187,-2.84671417932E-17)
  );
#2720 = ADVANCED_FACE('',(#2721),#2732,.F.);
#2721 = FACE_BOUND('',#2722,.F.);
#2722 = EDGE_LOOP('',(#2723,#2724,#2725,#2726));
#2723 = ORIENTED_EDGE('',*,*,#2647,.F.);
#2724 = ORIENTED_EDGE('',*,*,#1494,.F.);
#2725 = ORIENTED_EDGE('',*,*,#1979,.T.);
#2726 = ORIENTED_EDGE('',*,*,#2727,.T.);
#2727 = EDGE_CURVE('',#1972,#2648,#2728,.T.);
#2728 = LINE('',#2729,#2730);
#2729 = CARTESIAN_POINT('',(7.25,-4.,-20.40520671964));
#2730 = VECTOR('',#2731,1.);
#2731 = DIRECTION('',(0.,0.,1.));
#2732 = PLANE('',#2733);
#2733 = AXIS2_PLACEMENT_3D('',#2734,#2735,#2736);
#2734 = CARTESIAN_POINT('',(7.25,-4.530866064478E-15,-20.40520671964));
#2735 = DIRECTION('',(-1.,0.,0.));
#2736 = DIRECTION('',(0.,2.22044604925E-16,1.));
#2737 = ADVANCED_FACE('',(#2738),#2749,.T.);
#2738 = FACE_BOUND('',#2739,.F.);
#2739 = EDGE_LOOP('',(#2740,#2741,#2742,#2748));
#2740 = ORIENTED_EDGE('',*,*,#2698,.T.);
#2741 = ORIENTED_EDGE('',*,*,#1879,.T.);
#2742 = ORIENTED_EDGE('',*,*,#2743,.F.);
#2743 = EDGE_CURVE('',#1519,#1871,#2744,.T.);
#2744 = LINE('',#2745,#2746);
#2745 = CARTESIAN_POINT('',(-7.25,-1.866330805377E-15,-8.405206719647));
#2746 = VECTOR('',#2747,1.);
#2747 = DIRECTION('',(0.,-1.,2.22044604925E-16));
#2748 = ORIENTED_EDGE('',*,*,#1527,.F.);
#2749 = CYLINDRICAL_SURFACE('',#2750,11.1);
#2750 = AXIS2_PLACEMENT_3D('',#2751,#2752,#2753);
#2751 = CARTESIAN_POINT('',(0.,-5.995204332976E-31,-2.7E-15));
#2752 = DIRECTION('',(0.,1.,-2.22044604925E-16));
#2753 = DIRECTION('',(1.,0.,0.));
#2754 = ADVANCED_FACE('',(#2755,#2766,#2816),#2866,.F.);
#2755 = FACE_BOUND('',#2756,.F.);
#2756 = EDGE_LOOP('',(#2757,#2758,#2759,#2765));
#2757 = ORIENTED_EDGE('',*,*,#2743,.T.);
#2758 = ORIENTED_EDGE('',*,*,#1921,.T.);
#2759 = ORIENTED_EDGE('',*,*,#2760,.F.);
#2760 = EDGE_CURVE('',#1562,#1914,#2761,.T.);
#2761 = LINE('',#2762,#2763);
#2762 = CARTESIAN_POINT('',(-7.25,-4.464252683E-15,-20.10520671964));
#2763 = VECTOR('',#2764,1.);
#2764 = DIRECTION('',(0.,-1.,2.22044604925E-16));
#2765 = ORIENTED_EDGE('',*,*,#1569,.F.);
#2766 = FACE_BOUND('',#2767,.F.);
#2767 = EDGE_LOOP('',(#2768,#2778,#2786,#2794,#2802,#2810));
#2768 = ORIENTED_EDGE('',*,*,#2769,.T.);
#2769 = EDGE_CURVE('',#2770,#2772,#2774,.T.);
#2770 = VERTEX_POINT('',#2771);
#2771 = CARTESIAN_POINT('',(-7.25,-13.57957166897,-14.40520671964));
#2772 = VERTEX_POINT('',#2773);
#2773 = CARTESIAN_POINT('',(-7.25,-11.78978583448,-11.30520671964));
#2774 = LINE('',#2775,#2776);
#2775 = CARTESIAN_POINT('',(-7.25,-13.49296912859,-14.25520671964));
#2776 = VECTOR('',#2777,1.);
#2777 = DIRECTION('',(0.,0.5,0.866025403784));
#2778 = ORIENTED_EDGE('',*,*,#2779,.T.);
#2779 = EDGE_CURVE('',#2772,#2780,#2782,.T.);
#2780 = VERTEX_POINT('',#2781);
#2781 = CARTESIAN_POINT('',(-7.25,-8.210214165512,-11.30520671964));
#2782 = LINE('',#2783,#2784);
#2783 = CARTESIAN_POINT('',(-7.25,-11.61658075373,-11.30520671964));
#2784 = VECTOR('',#2785,1.);
#2785 = DIRECTION('',(0.,1.,0.));
#2786 = ORIENTED_EDGE('',*,*,#2787,.T.);
#2787 = EDGE_CURVE('',#2780,#2788,#2790,.T.);
#2788 = VERTEX_POINT('',#2789);
#2789 = CARTESIAN_POINT('',(-7.25,-6.420428331024,-14.40520671964));
#2790 = LINE('',#2791,#2792);
#2791 = CARTESIAN_POINT('',(-7.25,-8.123611625134,-11.45520671964));
#2792 = VECTOR('',#2793,1.);
#2793 = DIRECTION('',(0.,0.5,-0.866025403784));
#2794 = ORIENTED_EDGE('',*,*,#2795,.T.);
#2795 = EDGE_CURVE('',#2788,#2796,#2798,.T.);
#2796 = VERTEX_POINT('',#2797);
#2797 = CARTESIAN_POINT('',(-7.25,-8.210214165512,-17.50520671964));
#2798 = LINE('',#2799,#2800);
#2799 = CARTESIAN_POINT('',(-7.25,-6.507030871403,-14.55520671964));
#2800 = VECTOR('',#2801,1.);
#2801 = DIRECTION('',(0.,-0.5,-0.866025403784));
#2802 = ORIENTED_EDGE('',*,*,#2803,.T.);
#2803 = EDGE_CURVE('',#2796,#2804,#2806,.T.);
#2804 = VERTEX_POINT('',#2805);
#2805 = CARTESIAN_POINT('',(-7.25,-11.78978583448,-17.50520671964));
#2806 = LINE('',#2807,#2808);
#2807 = CARTESIAN_POINT('',(-7.25,-8.383419246269,-17.50520671964));
#2808 = VECTOR('',#2809,1.);
#2809 = DIRECTION('',(0.,-1.,0.));
#2810 = ORIENTED_EDGE('',*,*,#2811,.T.);
#2811 = EDGE_CURVE('',#2804,#2770,#2812,.T.);
#2812 = LINE('',#2813,#2814);
#2813 = CARTESIAN_POINT('',(-7.25,-11.87638837486,-17.35520671964));
#2814 = VECTOR('',#2815,1.);
#2815 = DIRECTION('',(0.,-0.5,0.866025403784));
#2816 = FACE_BOUND('',#2817,.F.);
#2817 = EDGE_LOOP('',(#2818,#2828,#2836,#2844,#2852,#2860));
#2818 = ORIENTED_EDGE('',*,*,#2819,.T.);
#2819 = EDGE_CURVE('',#2820,#2822,#2824,.T.);
#2820 = VERTEX_POINT('',#2821);
#2821 = CARTESIAN_POINT('',(-7.25,-33.57957166897,-14.40520671964));
#2822 = VERTEX_POINT('',#2823);
#2823 = CARTESIAN_POINT('',(-7.25,-31.78978583448,-11.30520671964));
#2824 = LINE('',#2825,#2826);
#2825 = CARTESIAN_POINT('',(-7.25,-33.49296912859,-14.25520671964));
#2826 = VECTOR('',#2827,1.);
#2827 = DIRECTION('',(0.,0.5,0.866025403784));
#2828 = ORIENTED_EDGE('',*,*,#2829,.T.);
#2829 = EDGE_CURVE('',#2822,#2830,#2832,.T.);
#2830 = VERTEX_POINT('',#2831);
#2831 = CARTESIAN_POINT('',(-7.25,-28.21021416551,-11.30520671964));
#2832 = LINE('',#2833,#2834);
#2833 = CARTESIAN_POINT('',(-7.25,-31.61658075373,-11.30520671964));
#2834 = VECTOR('',#2835,1.);
#2835 = DIRECTION('',(0.,1.,0.));
#2836 = ORIENTED_EDGE('',*,*,#2837,.T.);
#2837 = EDGE_CURVE('',#2830,#2838,#2840,.T.);
#2838 = VERTEX_POINT('',#2839);
#2839 = CARTESIAN_POINT('',(-7.25,-26.42042833102,-14.40520671964));
#2840 = LINE('',#2841,#2842);
#2841 = CARTESIAN_POINT('',(-7.25,-28.12361162513,-11.45520671964));
#2842 = VECTOR('',#2843,1.);
#2843 = DIRECTION('',(0.,0.5,-0.866025403784));
#2844 = ORIENTED_EDGE('',*,*,#2845,.T.);
#2845 = EDGE_CURVE('',#2838,#2846,#2848,.T.);
#2846 = VERTEX_POINT('',#2847);
#2847 = CARTESIAN_POINT('',(-7.25,-28.21021416551,-17.50520671964));
#2848 = LINE('',#2849,#2850);
#2849 = CARTESIAN_POINT('',(-7.25,-26.5070308714,-14.55520671964));
#2850 = VECTOR('',#2851,1.);
#2851 = DIRECTION('',(0.,-0.5,-0.866025403784));
#2852 = ORIENTED_EDGE('',*,*,#2853,.T.);
#2853 = EDGE_CURVE('',#2846,#2854,#2856,.T.);
#2854 = VERTEX_POINT('',#2855);
#2855 = CARTESIAN_POINT('',(-7.25,-31.78978583448,-17.50520671964));
#2856 = LINE('',#2857,#2858);
#2857 = CARTESIAN_POINT('',(-7.25,-28.38341924626,-17.50520671964));
#2858 = VECTOR('',#2859,1.);
#2859 = DIRECTION('',(0.,-1.,0.));
#2860 = ORIENTED_EDGE('',*,*,#2861,.T.);
#2861 = EDGE_CURVE('',#2854,#2820,#2862,.T.);
#2862 = LINE('',#2863,#2864);
#2863 = CARTESIAN_POINT('',(-7.25,-31.87638837486,-17.35520671964));
#2864 = VECTOR('',#2865,1.);
#2865 = DIRECTION('',(0.,-0.5,0.866025403784));
#2866 = PLANE('',#2867);
#2867 = AXIS2_PLACEMENT_3D('',#2868,#2869,#2870);
#2868 = CARTESIAN_POINT('',(-7.25,-1.866330805377E-15,-8.405206719647));
#2869 = DIRECTION('',(1.,0.,0.));
#2870 = DIRECTION('',(0.,-2.22044604925E-16,-1.));
#2871 = ADVANCED_FACE('',(#2872),#2882,.F.);
#2872 = FACE_BOUND('',#2873,.F.);
#2873 = EDGE_LOOP('',(#2874,#2875,#2881));
#2874 = ORIENTED_EDGE('',*,*,#1561,.F.);
#2875 = ORIENTED_EDGE('',*,*,#2876,.T.);
#2876 = EDGE_CURVE('',#1562,#1591,#2877,.T.);
#2877 = LINE('',#2878,#2879);
#2878 = CARTESIAN_POINT('',(-7.175,-0.3,-20.18020671964));
#2879 = VECTOR('',#2880,1.);
#2880 = DIRECTION('',(0.707106781187,-1.46723613914E-15,-0.707106781187)
  );
#2881 = ORIENTED_EDGE('',*,*,#1598,.F.);
#2882 = PLANE('',#2883);
#2883 = AXIS2_PLACEMENT_3D('',#2884,#2885,#2886);
#2884 = CARTESIAN_POINT('',(-7.25,-0.3,-20.10520671964));
#2885 = DIRECTION('',(0.57735026919,-0.57735026919,0.57735026919));
#2886 = DIRECTION('',(2.094934261515E-15,-0.707106781187,-0.707106781187
    ));
#2887 = ADVANCED_FACE('',(#2888),#2898,.F.);
#2888 = FACE_BOUND('',#2889,.F.);
#2889 = EDGE_LOOP('',(#2890,#2891,#2892));
#2890 = ORIENTED_EDGE('',*,*,#1621,.F.);
#2891 = ORIENTED_EDGE('',*,*,#1676,.T.);
#2892 = ORIENTED_EDGE('',*,*,#2893,.F.);
#2893 = EDGE_CURVE('',#1622,#1677,#2894,.T.);
#2894 = LINE('',#2895,#2896);
#2895 = CARTESIAN_POINT('',(19.85,-39.7,14.95));
#2896 = VECTOR('',#2897,1.);
#2897 = DIRECTION('',(-0.707106781187,-8.395261716136E-15,0.707106781187
    ));
#2898 = PLANE('',#2899);
#2899 = AXIS2_PLACEMENT_3D('',#2900,#2901,#2902);
#2900 = CARTESIAN_POINT('',(19.7,-40.,14.8));
#2901 = DIRECTION('',(-0.57735026919,0.57735026919,-0.57735026919));
#2902 = DIRECTION('',(-0.707106781187,-4.359977415285E-17,0.707106781187
    ));
#2903 = ADVANCED_FACE('',(#2904),#2909,.T.);
#2904 = FACE_BOUND('',#2905,.T.);
#2905 = EDGE_LOOP('',(#2906,#2907,#2908));
#2906 = ORIENTED_EDGE('',*,*,#1896,.F.);
#2907 = ORIENTED_EDGE('',*,*,#2026,.T.);
#2908 = ORIENTED_EDGE('',*,*,#1854,.F.);
#2909 = PLANE('',#2910);
#2910 = AXIS2_PLACEMENT_3D('',#2911,#2912,#2913);
#2911 = CARTESIAN_POINT('',(6.95,-39.7,-20.40520671964));
#2912 = DIRECTION('',(0.57735026919,-0.57735026919,-0.57735026919));
#2913 = DIRECTION('',(0.707106781187,0.707106781187,-8.386607194759E-15)
  );
#2914 = ADVANCED_FACE('',(#2915),#2926,.F.);
#2915 = FACE_BOUND('',#2916,.F.);
#2916 = EDGE_LOOP('',(#2917,#2923,#2924,#2925));
#2917 = ORIENTED_EDGE('',*,*,#2918,.F.);
#2918 = EDGE_CURVE('',#2018,#2672,#2919,.T.);
#2919 = LINE('',#2920,#2921);
#2920 = CARTESIAN_POINT('',(7.25,-36.,-20.40520671964));
#2921 = VECTOR('',#2922,1.);
#2922 = DIRECTION('',(0.,0.,1.));
#2923 = ORIENTED_EDGE('',*,*,#2032,.T.);
#2924 = ORIENTED_EDGE('',*,*,#1846,.T.);
#2925 = ORIENTED_EDGE('',*,*,#2679,.F.);
#2926 = PLANE('',#2927);
#2927 = AXIS2_PLACEMENT_3D('',#2928,#2929,#2930);
#2928 = CARTESIAN_POINT('',(7.25,-4.530866064478E-15,-20.40520671964));
#2929 = DIRECTION('',(-1.,0.,0.));
#2930 = DIRECTION('',(0.,2.22044604925E-16,1.));
#2931 = ADVANCED_FACE('',(#2932),#2942,.T.);
#2932 = FACE_BOUND('',#2933,.T.);
#2933 = EDGE_LOOP('',(#2934,#2935,#2941));
#2934 = ORIENTED_EDGE('',*,*,#1913,.F.);
#2935 = ORIENTED_EDGE('',*,*,#2936,.T.);
#2936 = EDGE_CURVE('',#1914,#1943,#2937,.T.);
#2937 = LINE('',#2938,#2939);
#2938 = CARTESIAN_POINT('',(-7.175,-39.7,-20.18020671964));
#2939 = VECTOR('',#2940,1.);
#2940 = DIRECTION('',(0.707106781187,-4.258995721965E-15,-0.707106781187
    ));
#2941 = ORIENTED_EDGE('',*,*,#1950,.F.);
#2942 = PLANE('',#2943);
#2943 = AXIS2_PLACEMENT_3D('',#2944,#2945,#2946);
#2944 = CARTESIAN_POINT('',(-7.25,-39.7,-20.10520671964));
#2945 = DIRECTION('',(-0.57735026919,-0.57735026919,-0.57735026919));
#2946 = DIRECTION('',(1.044103357479E-14,0.707106781187,-0.707106781187)
  );
#2947 = ADVANCED_FACE('',(#2948),#2959,.F.);
#2948 = FACE_BOUND('',#2949,.F.);
#2949 = EDGE_LOOP('',(#2950,#2951,#2957,#2958));
#2950 = ORIENTED_EDGE('',*,*,#2220,.T.);
#2951 = ORIENTED_EDGE('',*,*,#2952,.T.);
#2952 = EDGE_CURVE('',#2221,#2648,#2953,.T.);
#2953 = LINE('',#2954,#2955);
#2954 = CARTESIAN_POINT('',(5.25,-6.,-8.405206719647));
#2955 = VECTOR('',#2956,1.);
#2956 = DIRECTION('',(0.707106781187,0.707106781187,0.));
#2957 = ORIENTED_EDGE('',*,*,#2727,.F.);
#2958 = ORIENTED_EDGE('',*,*,#2003,.F.);
#2959 = PLANE('',#2960);
#2960 = AXIS2_PLACEMENT_3D('',#2961,#2962,#2963);
#2961 = CARTESIAN_POINT('',(5.25,-6.,-20.40520671964));
#2962 = DIRECTION('',(-0.707106781187,0.707106781187,0.));
#2963 = DIRECTION('',(0.707106781187,0.707106781187,0.));
#2964 = ADVANCED_FACE('',(#2965),#2976,.T.);
#2965 = FACE_BOUND('',#2966,.T.);
#2966 = EDGE_LOOP('',(#2967,#2968,#2974,#2975));
#2967 = ORIENTED_EDGE('',*,*,#2192,.T.);
#2968 = ORIENTED_EDGE('',*,*,#2969,.T.);
#2969 = EDGE_CURVE('',#2193,#2672,#2970,.T.);
#2970 = LINE('',#2971,#2972);
#2971 = CARTESIAN_POINT('',(5.25,-34.,-8.405206719647));
#2972 = VECTOR('',#2973,1.);
#2973 = DIRECTION('',(0.707106781187,-0.707106781187,0.));
#2974 = ORIENTED_EDGE('',*,*,#2918,.F.);
#2975 = ORIENTED_EDGE('',*,*,#2080,.F.);
#2976 = PLANE('',#2977);
#2977 = AXIS2_PLACEMENT_3D('',#2978,#2979,#2980);
#2978 = CARTESIAN_POINT('',(5.25,-34.,-20.40520671964));
#2979 = DIRECTION('',(0.707106781187,0.707106781187,0.));
#2980 = DIRECTION('',(0.707106781187,-0.707106781187,0.));
#2981 = ADVANCED_FACE('',(#2982),#2998,.T.);
#2982 = FACE_BOUND('',#2983,.T.);
#2983 = EDGE_LOOP('',(#2984,#2985,#2991,#2997));
#2984 = ORIENTED_EDGE('',*,*,#2229,.T.);
#2985 = ORIENTED_EDGE('',*,*,#2986,.T.);
#2986 = EDGE_CURVE('',#2230,#2656,#2987,.T.);
#2987 = LINE('',#2988,#2989);
#2988 = CARTESIAN_POINT('',(5.25,-14.,-8.405206719647));
#2989 = VECTOR('',#2990,1.);
#2990 = DIRECTION('',(0.707106781187,-0.707106781187,0.));
#2991 = ORIENTED_EDGE('',*,*,#2992,.F.);
#2992 = EDGE_CURVE('',#2097,#2656,#2993,.T.);
#2993 = LINE('',#2994,#2995);
#2994 = CARTESIAN_POINT('',(7.25,-16.,-20.40520671964));
#2995 = VECTOR('',#2996,1.);
#2996 = DIRECTION('',(0.,0.,1.));
#2997 = ORIENTED_EDGE('',*,*,#2104,.F.);
#2998 = PLANE('',#2999);
#2999 = AXIS2_PLACEMENT_3D('',#3000,#3001,#3002);
#3000 = CARTESIAN_POINT('',(5.25,-14.,-20.40520671964));
#3001 = DIRECTION('',(0.707106781187,0.707106781187,0.));
#3002 = DIRECTION('',(0.707106781187,-0.707106781187,0.));
#3003 = ADVANCED_FACE('',(#3004),#3015,.F.);
#3004 = FACE_BOUND('',#3005,.F.);
#3005 = EDGE_LOOP('',(#3006,#3007,#3008,#3014));
#3006 = ORIENTED_EDGE('',*,*,#2992,.F.);
#3007 = ORIENTED_EDGE('',*,*,#2152,.T.);
#3008 = ORIENTED_EDGE('',*,*,#3009,.T.);
#3009 = EDGE_CURVE('',#2145,#2664,#3010,.T.);
#3010 = LINE('',#3011,#3012);
#3011 = CARTESIAN_POINT('',(7.25,-24.,-20.40520671964));
#3012 = VECTOR('',#3013,1.);
#3013 = DIRECTION('',(0.,0.,1.));
#3014 = ORIENTED_EDGE('',*,*,#2663,.F.);
#3015 = PLANE('',#3016);
#3016 = AXIS2_PLACEMENT_3D('',#3017,#3018,#3019);
#3017 = CARTESIAN_POINT('',(7.25,-4.530866064478E-15,-20.40520671964));
#3018 = DIRECTION('',(-1.,0.,0.));
#3019 = DIRECTION('',(0.,2.22044604925E-16,1.));
#3020 = ADVANCED_FACE('',(#3021),#3032,.F.);
#3021 = FACE_BOUND('',#3022,.F.);
#3022 = EDGE_LOOP('',(#3023,#3024,#3030,#3031));
#3023 = ORIENTED_EDGE('',*,*,#2183,.T.);
#3024 = ORIENTED_EDGE('',*,*,#3025,.T.);
#3025 = EDGE_CURVE('',#2184,#2664,#3026,.T.);
#3026 = LINE('',#3027,#3028);
#3027 = CARTESIAN_POINT('',(5.25,-26.,-8.405206719647));
#3028 = VECTOR('',#3029,1.);
#3029 = DIRECTION('',(0.707106781187,0.707106781187,0.));
#3030 = ORIENTED_EDGE('',*,*,#3009,.F.);
#3031 = ORIENTED_EDGE('',*,*,#2169,.F.);
#3032 = PLANE('',#3033);
#3033 = AXIS2_PLACEMENT_3D('',#3034,#3035,#3036);
#3034 = CARTESIAN_POINT('',(5.25,-26.,-20.40520671964));
#3035 = DIRECTION('',(-0.707106781187,0.707106781187,0.));
#3036 = DIRECTION('',(0.707106781187,0.707106781187,0.));
#3037 = ADVANCED_FACE('',(#3038),#3044,.T.);
#3038 = FACE_BOUND('',#3039,.T.);
#3039 = EDGE_LOOP('',(#3040,#3041,#3042,#3043));
#3040 = ORIENTED_EDGE('',*,*,#2200,.T.);
#3041 = ORIENTED_EDGE('',*,*,#3025,.T.);
#3042 = ORIENTED_EDGE('',*,*,#2671,.T.);
#3043 = ORIENTED_EDGE('',*,*,#2969,.F.);
#3044 = PLANE('',#3045);
#3045 = AXIS2_PLACEMENT_3D('',#3046,#3047,#3048);
#3046 = CARTESIAN_POINT('',(6.405903758158,-20.,-8.405206719647));
#3047 = DIRECTION('',(0.,0.,-1.));
#3048 = DIRECTION('',(1.,0.,0.));
#3049 = ADVANCED_FACE('',(#3050),#3056,.T.);
#3050 = FACE_BOUND('',#3051,.F.);
#3051 = EDGE_LOOP('',(#3052,#3053,#3054,#3055));
#3052 = ORIENTED_EDGE('',*,*,#2655,.F.);
#3053 = ORIENTED_EDGE('',*,*,#2952,.F.);
#3054 = ORIENTED_EDGE('',*,*,#2237,.F.);
#3055 = ORIENTED_EDGE('',*,*,#2986,.T.);
#3056 = PLANE('',#3057);
#3057 = AXIS2_PLACEMENT_3D('',#3058,#3059,#3060);
#3058 = CARTESIAN_POINT('',(6.405903758158,-20.,-8.405206719647));
#3059 = DIRECTION('',(0.,0.,-1.));
#3060 = DIRECTION('',(1.,0.,0.));
#3061 = ADVANCED_FACE('',(#3062),#3068,.T.);
#3062 = FACE_BOUND('',#3063,.T.);
#3063 = EDGE_LOOP('',(#3064,#3065,#3066,#3067));
#3064 = ORIENTED_EDGE('',*,*,#2876,.T.);
#3065 = ORIENTED_EDGE('',*,*,#2280,.T.);
#3066 = ORIENTED_EDGE('',*,*,#2936,.F.);
#3067 = ORIENTED_EDGE('',*,*,#2760,.F.);
#3068 = PLANE('',#3069);
#3069 = AXIS2_PLACEMENT_3D('',#3070,#3071,#3072);
#3070 = CARTESIAN_POINT('',(-7.1,-4.497559373739E-15,-20.25520671964));
#3071 = DIRECTION('',(-0.707106781187,-2.511491581709E-16,
    -0.707106781187));
#3072 = DIRECTION('',(6.656697036944E-17,-1.,2.886115752945E-16));
#3073 = ADVANCED_FACE('',(#3074),#3099,.F.);
#3074 = FACE_BOUND('',#3075,.F.);
#3075 = EDGE_LOOP('',(#3076,#3084,#3085,#3093));
#3076 = ORIENTED_EDGE('',*,*,#3077,.T.);
#3077 = EDGE_CURVE('',#3078,#2297,#3080,.T.);
#3078 = VERTEX_POINT('',#3079);
#3079 = CARTESIAN_POINT('',(-6.95,-28.38341924626,-11.60520671964));
#3080 = LINE('',#3081,#3082);
#3081 = CARTESIAN_POINT('',(-7.25,-28.38341924626,-11.60520671964));
#3082 = VECTOR('',#3083,1.);
#3083 = DIRECTION('',(1.,0.,0.));
#3084 = ORIENTED_EDGE('',*,*,#2296,.T.);
#3085 = ORIENTED_EDGE('',*,*,#3086,.F.);
#3086 = EDGE_CURVE('',#3087,#2299,#3089,.T.);
#3087 = VERTEX_POINT('',#3088);
#3088 = CARTESIAN_POINT('',(-6.95,-26.76683849253,-14.40520671964));
#3089 = LINE('',#3090,#3091);
#3090 = CARTESIAN_POINT('',(-7.25,-26.76683849253,-14.40520671964));
#3091 = VECTOR('',#3092,1.);
#3092 = DIRECTION('',(1.,0.,0.));
#3093 = ORIENTED_EDGE('',*,*,#3094,.F.);
#3094 = EDGE_CURVE('',#3078,#3087,#3095,.T.);
#3095 = LINE('',#3096,#3097);
#3096 = CARTESIAN_POINT('',(-6.95,-28.38341924626,-11.60520671964));
#3097 = VECTOR('',#3098,1.);
#3098 = DIRECTION('',(0.,0.5,-0.866025403784));
#3099 = PLANE('',#3100);
#3100 = AXIS2_PLACEMENT_3D('',#3101,#3102,#3103);
#3101 = CARTESIAN_POINT('',(-7.25,-28.38341924626,-11.60520671964));
#3102 = DIRECTION('',(0.,0.866025403784,0.5));
#3103 = DIRECTION('',(0.,0.5,-0.866025403784));
#3104 = ADVANCED_FACE('',(#3105),#3123,.F.);
#3105 = FACE_BOUND('',#3106,.F.);
#3106 = EDGE_LOOP('',(#3107,#3108,#3109,#3117));
#3107 = ORIENTED_EDGE('',*,*,#3086,.T.);
#3108 = ORIENTED_EDGE('',*,*,#2306,.T.);
#3109 = ORIENTED_EDGE('',*,*,#3110,.F.);
#3110 = EDGE_CURVE('',#3111,#2307,#3113,.T.);
#3111 = VERTEX_POINT('',#3112);
#3112 = CARTESIAN_POINT('',(-6.95,-28.38341924626,-17.20520671964));
#3113 = LINE('',#3114,#3115);
#3114 = CARTESIAN_POINT('',(-7.25,-28.38341924626,-17.20520671964));
#3115 = VECTOR('',#3116,1.);
#3116 = DIRECTION('',(1.,0.,0.));
#3117 = ORIENTED_EDGE('',*,*,#3118,.F.);
#3118 = EDGE_CURVE('',#3087,#3111,#3119,.T.);
#3119 = LINE('',#3120,#3121);
#3120 = CARTESIAN_POINT('',(-6.95,-26.76683849253,-14.40520671964));
#3121 = VECTOR('',#3122,1.);
#3122 = DIRECTION('',(0.,-0.5,-0.866025403784));
#3123 = PLANE('',#3124);
#3124 = AXIS2_PLACEMENT_3D('',#3125,#3126,#3127);
#3125 = CARTESIAN_POINT('',(-7.25,-26.76683849253,-14.40520671964));
#3126 = DIRECTION('',(0.,0.866025403784,-0.5));
#3127 = DIRECTION('',(0.,-0.5,-0.866025403784));
#3128 = ADVANCED_FACE('',(#3129),#3147,.F.);
#3129 = FACE_BOUND('',#3130,.F.);
#3130 = EDGE_LOOP('',(#3131,#3132,#3133,#3141));
#3131 = ORIENTED_EDGE('',*,*,#3110,.T.);
#3132 = ORIENTED_EDGE('',*,*,#2314,.T.);
#3133 = ORIENTED_EDGE('',*,*,#3134,.F.);
#3134 = EDGE_CURVE('',#3135,#2315,#3137,.T.);
#3135 = VERTEX_POINT('',#3136);
#3136 = CARTESIAN_POINT('',(-6.95,-31.61658075373,-17.20520671964));
#3137 = LINE('',#3138,#3139);
#3138 = CARTESIAN_POINT('',(-7.25,-31.61658075373,-17.20520671964));
#3139 = VECTOR('',#3140,1.);
#3140 = DIRECTION('',(1.,0.,0.));
#3141 = ORIENTED_EDGE('',*,*,#3142,.F.);
#3142 = EDGE_CURVE('',#3111,#3135,#3143,.T.);
#3143 = LINE('',#3144,#3145);
#3144 = CARTESIAN_POINT('',(-6.95,-28.38341924626,-17.20520671964));
#3145 = VECTOR('',#3146,1.);
#3146 = DIRECTION('',(0.,-1.,0.));
#3147 = PLANE('',#3148);
#3148 = AXIS2_PLACEMENT_3D('',#3149,#3150,#3151);
#3149 = CARTESIAN_POINT('',(-7.25,-28.38341924626,-17.20520671964));
#3150 = DIRECTION('',(0.,0.,-1.));
#3151 = DIRECTION('',(0.,-1.,0.));
#3152 = ADVANCED_FACE('',(#3153),#3171,.F.);
#3153 = FACE_BOUND('',#3154,.F.);
#3154 = EDGE_LOOP('',(#3155,#3156,#3157,#3165));
#3155 = ORIENTED_EDGE('',*,*,#3134,.T.);
#3156 = ORIENTED_EDGE('',*,*,#2322,.T.);
#3157 = ORIENTED_EDGE('',*,*,#3158,.F.);
#3158 = EDGE_CURVE('',#3159,#2323,#3161,.T.);
#3159 = VERTEX_POINT('',#3160);
#3160 = CARTESIAN_POINT('',(-6.95,-33.23316150746,-14.40520671964));
#3161 = LINE('',#3162,#3163);
#3162 = CARTESIAN_POINT('',(-7.25,-33.23316150746,-14.40520671964));
#3163 = VECTOR('',#3164,1.);
#3164 = DIRECTION('',(1.,0.,0.));
#3165 = ORIENTED_EDGE('',*,*,#3166,.F.);
#3166 = EDGE_CURVE('',#3135,#3159,#3167,.T.);
#3167 = LINE('',#3168,#3169);
#3168 = CARTESIAN_POINT('',(-6.95,-31.61658075373,-17.20520671964));
#3169 = VECTOR('',#3170,1.);
#3170 = DIRECTION('',(0.,-0.5,0.866025403784));
#3171 = PLANE('',#3172);
#3172 = AXIS2_PLACEMENT_3D('',#3173,#3174,#3175);
#3173 = CARTESIAN_POINT('',(-7.25,-31.61658075373,-17.20520671964));
#3174 = DIRECTION('',(0.,-0.866025403784,-0.5));
#3175 = DIRECTION('',(0.,-0.5,0.866025403784));
#3176 = ADVANCED_FACE('',(#3177),#3195,.F.);
#3177 = FACE_BOUND('',#3178,.F.);
#3178 = EDGE_LOOP('',(#3179,#3180,#3181,#3189));
#3179 = ORIENTED_EDGE('',*,*,#3158,.T.);
#3180 = ORIENTED_EDGE('',*,*,#2330,.T.);
#3181 = ORIENTED_EDGE('',*,*,#3182,.F.);
#3182 = EDGE_CURVE('',#3183,#2331,#3185,.T.);
#3183 = VERTEX_POINT('',#3184);
#3184 = CARTESIAN_POINT('',(-6.95,-31.61658075373,-11.60520671964));
#3185 = LINE('',#3186,#3187);
#3186 = CARTESIAN_POINT('',(-7.25,-31.61658075373,-11.60520671964));
#3187 = VECTOR('',#3188,1.);
#3188 = DIRECTION('',(1.,0.,0.));
#3189 = ORIENTED_EDGE('',*,*,#3190,.F.);
#3190 = EDGE_CURVE('',#3159,#3183,#3191,.T.);
#3191 = LINE('',#3192,#3193);
#3192 = CARTESIAN_POINT('',(-6.95,-33.23316150746,-14.40520671964));
#3193 = VECTOR('',#3194,1.);
#3194 = DIRECTION('',(0.,0.5,0.866025403784));
#3195 = PLANE('',#3196);
#3196 = AXIS2_PLACEMENT_3D('',#3197,#3198,#3199);
#3197 = CARTESIAN_POINT('',(-7.25,-33.23316150746,-14.40520671964));
#3198 = DIRECTION('',(0.,-0.866025403784,0.5));
#3199 = DIRECTION('',(0.,0.5,0.866025403784));
#3200 = ADVANCED_FACE('',(#3201),#3212,.F.);
#3201 = FACE_BOUND('',#3202,.F.);
#3202 = EDGE_LOOP('',(#3203,#3204,#3205,#3206));
#3203 = ORIENTED_EDGE('',*,*,#3182,.T.);
#3204 = ORIENTED_EDGE('',*,*,#2338,.T.);
#3205 = ORIENTED_EDGE('',*,*,#3077,.F.);
#3206 = ORIENTED_EDGE('',*,*,#3207,.F.);
#3207 = EDGE_CURVE('',#3183,#3078,#3208,.T.);
#3208 = LINE('',#3209,#3210);
#3209 = CARTESIAN_POINT('',(-6.95,-31.61658075373,-11.60520671964));
#3210 = VECTOR('',#3211,1.);
#3211 = DIRECTION('',(0.,1.,0.));
#3212 = PLANE('',#3213);
#3213 = AXIS2_PLACEMENT_3D('',#3214,#3215,#3216);
#3214 = CARTESIAN_POINT('',(-7.25,-31.61658075373,-11.60520671964));
#3215 = DIRECTION('',(0.,0.,1.));
#3216 = DIRECTION('',(0.,1.,0.));
#3217 = ADVANCED_FACE('',(#3218),#3243,.F.);
#3218 = FACE_BOUND('',#3219,.F.);
#3219 = EDGE_LOOP('',(#3220,#3228,#3229,#3237));
#3220 = ORIENTED_EDGE('',*,*,#3221,.T.);
#3221 = EDGE_CURVE('',#3222,#2356,#3224,.T.);
#3222 = VERTEX_POINT('',#3223);
#3223 = CARTESIAN_POINT('',(-6.95,-11.61658075373,-11.60520671964));
#3224 = LINE('',#3225,#3226);
#3225 = CARTESIAN_POINT('',(-7.25,-11.61658075373,-11.60520671964));
#3226 = VECTOR('',#3227,1.);
#3227 = DIRECTION('',(1.,0.,0.));
#3228 = ORIENTED_EDGE('',*,*,#2355,.T.);
#3229 = ORIENTED_EDGE('',*,*,#3230,.F.);
#3230 = EDGE_CURVE('',#3231,#2358,#3233,.T.);
#3231 = VERTEX_POINT('',#3232);
#3232 = CARTESIAN_POINT('',(-6.95,-8.383419246269,-11.60520671964));
#3233 = LINE('',#3234,#3235);
#3234 = CARTESIAN_POINT('',(-7.25,-8.383419246269,-11.60520671964));
#3235 = VECTOR('',#3236,1.);
#3236 = DIRECTION('',(1.,0.,0.));
#3237 = ORIENTED_EDGE('',*,*,#3238,.F.);
#3238 = EDGE_CURVE('',#3222,#3231,#3239,.T.);
#3239 = LINE('',#3240,#3241);
#3240 = CARTESIAN_POINT('',(-6.95,-11.61658075373,-11.60520671964));
#3241 = VECTOR('',#3242,1.);
#3242 = DIRECTION('',(0.,1.,0.));
#3243 = PLANE('',#3244);
#3244 = AXIS2_PLACEMENT_3D('',#3245,#3246,#3247);
#3245 = CARTESIAN_POINT('',(-7.25,-11.61658075373,-11.60520671964));
#3246 = DIRECTION('',(0.,0.,1.));
#3247 = DIRECTION('',(0.,1.,0.));
#3248 = ADVANCED_FACE('',(#3249),#3267,.F.);
#3249 = FACE_BOUND('',#3250,.F.);
#3250 = EDGE_LOOP('',(#3251,#3252,#3253,#3261));
#3251 = ORIENTED_EDGE('',*,*,#3230,.T.);
#3252 = ORIENTED_EDGE('',*,*,#2365,.T.);
#3253 = ORIENTED_EDGE('',*,*,#3254,.F.);
#3254 = EDGE_CURVE('',#3255,#2366,#3257,.T.);
#3255 = VERTEX_POINT('',#3256);
#3256 = CARTESIAN_POINT('',(-6.95,-6.766838492538,-14.40520671964));
#3257 = LINE('',#3258,#3259);
#3258 = CARTESIAN_POINT('',(-7.25,-6.766838492538,-14.40520671964));
#3259 = VECTOR('',#3260,1.);
#3260 = DIRECTION('',(1.,0.,0.));
#3261 = ORIENTED_EDGE('',*,*,#3262,.F.);
#3262 = EDGE_CURVE('',#3231,#3255,#3263,.T.);
#3263 = LINE('',#3264,#3265);
#3264 = CARTESIAN_POINT('',(-6.95,-8.383419246269,-11.60520671964));
#3265 = VECTOR('',#3266,1.);
#3266 = DIRECTION('',(0.,0.5,-0.866025403784));
#3267 = PLANE('',#3268);
#3268 = AXIS2_PLACEMENT_3D('',#3269,#3270,#3271);
#3269 = CARTESIAN_POINT('',(-7.25,-8.383419246269,-11.60520671964));
#3270 = DIRECTION('',(0.,0.866025403784,0.5));
#3271 = DIRECTION('',(0.,0.5,-0.866025403784));
#3272 = ADVANCED_FACE('',(#3273),#3291,.F.);
#3273 = FACE_BOUND('',#3274,.F.);
#3274 = EDGE_LOOP('',(#3275,#3276,#3277,#3285));
#3275 = ORIENTED_EDGE('',*,*,#3254,.T.);
#3276 = ORIENTED_EDGE('',*,*,#2373,.T.);
#3277 = ORIENTED_EDGE('',*,*,#3278,.F.);
#3278 = EDGE_CURVE('',#3279,#2374,#3281,.T.);
#3279 = VERTEX_POINT('',#3280);
#3280 = CARTESIAN_POINT('',(-6.95,-8.383419246269,-17.20520671964));
#3281 = LINE('',#3282,#3283);
#3282 = CARTESIAN_POINT('',(-7.25,-8.383419246269,-17.20520671964));
#3283 = VECTOR('',#3284,1.);
#3284 = DIRECTION('',(1.,0.,0.));
#3285 = ORIENTED_EDGE('',*,*,#3286,.F.);
#3286 = EDGE_CURVE('',#3255,#3279,#3287,.T.);
#3287 = LINE('',#3288,#3289);
#3288 = CARTESIAN_POINT('',(-6.95,-6.766838492538,-14.40520671964));
#3289 = VECTOR('',#3290,1.);
#3290 = DIRECTION('',(0.,-0.5,-0.866025403784));
#3291 = PLANE('',#3292);
#3292 = AXIS2_PLACEMENT_3D('',#3293,#3294,#3295);
#3293 = CARTESIAN_POINT('',(-7.25,-6.766838492538,-14.40520671964));
#3294 = DIRECTION('',(0.,0.866025403784,-0.5));
#3295 = DIRECTION('',(0.,-0.5,-0.866025403784));
#3296 = ADVANCED_FACE('',(#3297),#3315,.F.);
#3297 = FACE_BOUND('',#3298,.F.);
#3298 = EDGE_LOOP('',(#3299,#3300,#3301,#3309));
#3299 = ORIENTED_EDGE('',*,*,#3278,.T.);
#3300 = ORIENTED_EDGE('',*,*,#2381,.T.);
#3301 = ORIENTED_EDGE('',*,*,#3302,.F.);
#3302 = EDGE_CURVE('',#3303,#2382,#3305,.T.);
#3303 = VERTEX_POINT('',#3304);
#3304 = CARTESIAN_POINT('',(-6.95,-11.61658075373,-17.20520671964));
#3305 = LINE('',#3306,#3307);
#3306 = CARTESIAN_POINT('',(-7.25,-11.61658075373,-17.20520671964));
#3307 = VECTOR('',#3308,1.);
#3308 = DIRECTION('',(1.,0.,0.));
#3309 = ORIENTED_EDGE('',*,*,#3310,.F.);
#3310 = EDGE_CURVE('',#3279,#3303,#3311,.T.);
#3311 = LINE('',#3312,#3313);
#3312 = CARTESIAN_POINT('',(-6.95,-8.383419246269,-17.20520671964));
#3313 = VECTOR('',#3314,1.);
#3314 = DIRECTION('',(0.,-1.,0.));
#3315 = PLANE('',#3316);
#3316 = AXIS2_PLACEMENT_3D('',#3317,#3318,#3319);
#3317 = CARTESIAN_POINT('',(-7.25,-8.383419246269,-17.20520671964));
#3318 = DIRECTION('',(0.,0.,-1.));
#3319 = DIRECTION('',(0.,-1.,0.));
#3320 = ADVANCED_FACE('',(#3321),#3339,.F.);
#3321 = FACE_BOUND('',#3322,.F.);
#3322 = EDGE_LOOP('',(#3323,#3324,#3325,#3333));
#3323 = ORIENTED_EDGE('',*,*,#3302,.T.);
#3324 = ORIENTED_EDGE('',*,*,#2389,.T.);
#3325 = ORIENTED_EDGE('',*,*,#3326,.F.);
#3326 = EDGE_CURVE('',#3327,#2390,#3329,.T.);
#3327 = VERTEX_POINT('',#3328);
#3328 = CARTESIAN_POINT('',(-6.95,-13.23316150746,-14.40520671964));
#3329 = LINE('',#3330,#3331);
#3330 = CARTESIAN_POINT('',(-7.25,-13.23316150746,-14.40520671964));
#3331 = VECTOR('',#3332,1.);
#3332 = DIRECTION('',(1.,0.,0.));
#3333 = ORIENTED_EDGE('',*,*,#3334,.F.);
#3334 = EDGE_CURVE('',#3303,#3327,#3335,.T.);
#3335 = LINE('',#3336,#3337);
#3336 = CARTESIAN_POINT('',(-6.95,-11.61658075373,-17.20520671964));
#3337 = VECTOR('',#3338,1.);
#3338 = DIRECTION('',(0.,-0.5,0.866025403784));
#3339 = PLANE('',#3340);
#3340 = AXIS2_PLACEMENT_3D('',#3341,#3342,#3343);
#3341 = CARTESIAN_POINT('',(-7.25,-11.61658075373,-17.20520671964));
#3342 = DIRECTION('',(0.,-0.866025403784,-0.5));
#3343 = DIRECTION('',(0.,-0.5,0.866025403784));
#3344 = ADVANCED_FACE('',(#3345),#3356,.F.);
#3345 = FACE_BOUND('',#3346,.F.);
#3346 = EDGE_LOOP('',(#3347,#3348,#3349,#3350));
#3347 = ORIENTED_EDGE('',*,*,#3326,.T.);
#3348 = ORIENTED_EDGE('',*,*,#2397,.T.);
#3349 = ORIENTED_EDGE('',*,*,#3221,.F.);
#3350 = ORIENTED_EDGE('',*,*,#3351,.F.);
#3351 = EDGE_CURVE('',#3327,#3222,#3352,.T.);
#3352 = LINE('',#3353,#3354);
#3353 = CARTESIAN_POINT('',(-6.95,-13.23316150746,-14.40520671964));
#3354 = VECTOR('',#3355,1.);
#3355 = DIRECTION('',(0.,0.5,0.866025403784));
#3356 = PLANE('',#3357);
#3357 = AXIS2_PLACEMENT_3D('',#3358,#3359,#3360);
#3358 = CARTESIAN_POINT('',(-7.25,-13.23316150746,-14.40520671964));
#3359 = DIRECTION('',(0.,-0.866025403784,0.5));
#3360 = DIRECTION('',(0.,0.5,0.866025403784));
#3361 = ADVANCED_FACE('',(#3362),#3368,.F.);
#3362 = FACE_BOUND('',#3363,.T.);
#3363 = EDGE_LOOP('',(#3364,#3365,#3366,#3367));
#3364 = ORIENTED_EDGE('',*,*,#2476,.T.);
#3365 = ORIENTED_EDGE('',*,*,#2893,.F.);
#3366 = ORIENTED_EDGE('',*,*,#2421,.F.);
#3367 = ORIENTED_EDGE('',*,*,#2438,.T.);
#3368 = PLANE('',#3369);
#3369 = AXIS2_PLACEMENT_3D('',#3370,#3371,#3372);
#3370 = CARTESIAN_POINT('',(19.85,3.319566843629E-15,14.95));
#3371 = DIRECTION('',(-0.707106781187,-1.252773930199E-16,
    -0.707106781187));
#3372 = DIRECTION('',(2.243780832877E-17,1.,-1.996067965963E-16));
#3373 = ADVANCED_FACE('',(#3374),#3393,.F.);
#3374 = FACE_BOUND('',#3375,.F.);
#3375 = EDGE_LOOP('',(#3376,#3384,#3385,#3386));
#3376 = ORIENTED_EDGE('',*,*,#3377,.F.);
#3377 = EDGE_CURVE('',#2486,#3378,#3380,.T.);
#3378 = VERTEX_POINT('',#3379);
#3379 = CARTESIAN_POINT('',(-13.25,-35.,12.4));
#3380 = LINE('',#3381,#3382);
#3381 = CARTESIAN_POINT('',(-13.25,-35.,15.1));
#3382 = VECTOR('',#3383,1.);
#3383 = DIRECTION('',(-0.,-0.,-1.));
#3384 = ORIENTED_EDGE('',*,*,#2485,.F.);
#3385 = ORIENTED_EDGE('',*,*,#3377,.T.);
#3386 = ORIENTED_EDGE('',*,*,#3387,.T.);
#3387 = EDGE_CURVE('',#3378,#3378,#3388,.T.);
#3388 = CIRCLE('',#3389,1.75);
#3389 = AXIS2_PLACEMENT_3D('',#3390,#3391,#3392);
#3390 = CARTESIAN_POINT('',(-15.,-35.,12.4));
#3391 = DIRECTION('',(0.,0.,1.));
#3392 = DIRECTION('',(1.,0.,0.));
#3393 = CYLINDRICAL_SURFACE('',#3394,1.75);
#3394 = AXIS2_PLACEMENT_3D('',#3395,#3396,#3397);
#3395 = CARTESIAN_POINT('',(-15.,-35.,15.1));
#3396 = DIRECTION('',(0.,0.,1.));
#3397 = DIRECTION('',(1.,0.,0.));
#3398 = ADVANCED_FACE('',(#3399),#3418,.F.);
#3399 = FACE_BOUND('',#3400,.F.);
#3400 = EDGE_LOOP('',(#3401,#3409,#3410,#3411));
#3401 = ORIENTED_EDGE('',*,*,#3402,.F.);
#3402 = EDGE_CURVE('',#2497,#3403,#3405,.T.);
#3403 = VERTEX_POINT('',#3404);
#3404 = CARTESIAN_POINT('',(16.75,-35.,12.1));
#3405 = LINE('',#3406,#3407);
#3406 = CARTESIAN_POINT('',(16.75,-35.,15.1));
#3407 = VECTOR('',#3408,1.);
#3408 = DIRECTION('',(-0.,-0.,-1.));
#3409 = ORIENTED_EDGE('',*,*,#2496,.F.);
#3410 = ORIENTED_EDGE('',*,*,#3402,.T.);
#3411 = ORIENTED_EDGE('',*,*,#3412,.T.);
#3412 = EDGE_CURVE('',#3403,#3403,#3413,.T.);
#3413 = CIRCLE('',#3414,1.75);
#3414 = AXIS2_PLACEMENT_3D('',#3415,#3416,#3417);
#3415 = CARTESIAN_POINT('',(15.,-35.,12.1));
#3416 = DIRECTION('',(0.,0.,1.));
#3417 = DIRECTION('',(1.,0.,0.));
#3418 = CYLINDRICAL_SURFACE('',#3419,1.75);
#3419 = AXIS2_PLACEMENT_3D('',#3420,#3421,#3422);
#3420 = CARTESIAN_POINT('',(15.,-35.,15.1));
#3421 = DIRECTION('',(0.,0.,1.));
#3422 = DIRECTION('',(1.,0.,0.));
#3423 = ADVANCED_FACE('',(#3424),#3443,.F.);
#3424 = FACE_BOUND('',#3425,.F.);
#3425 = EDGE_LOOP('',(#3426,#3434,#3435,#3436));
#3426 = ORIENTED_EDGE('',*,*,#3427,.F.);
#3427 = EDGE_CURVE('',#2508,#3428,#3430,.T.);
#3428 = VERTEX_POINT('',#3429);
#3429 = CARTESIAN_POINT('',(-13.25,-5.,12.4));
#3430 = LINE('',#3431,#3432);
#3431 = CARTESIAN_POINT('',(-13.25,-5.,15.1));
#3432 = VECTOR('',#3433,1.);
#3433 = DIRECTION('',(-0.,-0.,-1.));
#3434 = ORIENTED_EDGE('',*,*,#2507,.F.);
#3435 = ORIENTED_EDGE('',*,*,#3427,.T.);
#3436 = ORIENTED_EDGE('',*,*,#3437,.T.);
#3437 = EDGE_CURVE('',#3428,#3428,#3438,.T.);
#3438 = CIRCLE('',#3439,1.75);
#3439 = AXIS2_PLACEMENT_3D('',#3440,#3441,#3442);
#3440 = CARTESIAN_POINT('',(-15.,-5.,12.4));
#3441 = DIRECTION('',(0.,0.,1.));
#3442 = DIRECTION('',(1.,0.,0.));
#3443 = CYLINDRICAL_SURFACE('',#3444,1.75);
#3444 = AXIS2_PLACEMENT_3D('',#3445,#3446,#3447);
#3445 = CARTESIAN_POINT('',(-15.,-5.,15.1));
#3446 = DIRECTION('',(0.,0.,1.));
#3447 = DIRECTION('',(1.,0.,0.));
#3448 = ADVANCED_FACE('',(#3449),#3468,.F.);
#3449 = FACE_BOUND('',#3450,.F.);
#3450 = EDGE_LOOP('',(#3451,#3459,#3460,#3461));
#3451 = ORIENTED_EDGE('',*,*,#3452,.F.);
#3452 = EDGE_CURVE('',#2519,#3453,#3455,.T.);
#3453 = VERTEX_POINT('',#3454);
#3454 = CARTESIAN_POINT('',(16.75,-5.,12.1));
#3455 = LINE('',#3456,#3457);
#3456 = CARTESIAN_POINT('',(16.75,-5.,15.1));
#3457 = VECTOR('',#3458,1.);
#3458 = DIRECTION('',(-0.,-0.,-1.));
#3459 = ORIENTED_EDGE('',*,*,#2518,.F.);
#3460 = ORIENTED_EDGE('',*,*,#3452,.T.);
#3461 = ORIENTED_EDGE('',*,*,#3462,.T.);
#3462 = EDGE_CURVE('',#3453,#3453,#3463,.T.);
#3463 = CIRCLE('',#3464,1.75);
#3464 = AXIS2_PLACEMENT_3D('',#3465,#3466,#3467);
#3465 = CARTESIAN_POINT('',(15.,-5.,12.1));
#3466 = DIRECTION('',(0.,0.,1.));
#3467 = DIRECTION('',(1.,0.,0.));
#3468 = CYLINDRICAL_SURFACE('',#3469,1.75);
#3469 = AXIS2_PLACEMENT_3D('',#3470,#3471,#3472);
#3470 = CARTESIAN_POINT('',(15.,-5.,15.1));
#3471 = DIRECTION('',(0.,0.,1.));
#3472 = DIRECTION('',(1.,0.,0.));
#3473 = ADVANCED_FACE('',(#3474),#3493,.F.);
#3474 = FACE_BOUND('',#3475,.F.);
#3475 = EDGE_LOOP('',(#3476,#3485,#3491,#3492));
#3476 = ORIENTED_EDGE('',*,*,#3477,.F.);
#3477 = EDGE_CURVE('',#3478,#3478,#3480,.T.);
#3478 = VERTEX_POINT('',#3479);
#3479 = CARTESIAN_POINT('',(18.75,-35.,12.1));
#3480 = CIRCLE('',#3481,3.75);
#3481 = AXIS2_PLACEMENT_3D('',#3482,#3483,#3484);
#3482 = CARTESIAN_POINT('',(15.,-35.,12.1));
#3483 = DIRECTION('',(0.,0.,1.));
#3484 = DIRECTION('',(1.,0.,0.));
#3485 = ORIENTED_EDGE('',*,*,#3486,.T.);
#3486 = EDGE_CURVE('',#3478,#2547,#3487,.T.);
#3487 = LINE('',#3488,#3489);
#3488 = CARTESIAN_POINT('',(18.75,-35.,12.1));
#3489 = VECTOR('',#3490,1.);
#3490 = DIRECTION('',(-0.,-0.,-1.));
#3491 = ORIENTED_EDGE('',*,*,#2546,.F.);
#3492 = ORIENTED_EDGE('',*,*,#3486,.F.);
#3493 = CYLINDRICAL_SURFACE('',#3494,3.75);
#3494 = AXIS2_PLACEMENT_3D('',#3495,#3496,#3497);
#3495 = CARTESIAN_POINT('',(15.,-35.,12.1));
#3496 = DIRECTION('',(0.,0.,1.));
#3497 = DIRECTION('',(1.,0.,0.));
#3498 = ADVANCED_FACE('',(#3499),#3518,.F.);
#3499 = FACE_BOUND('',#3500,.F.);
#3500 = EDGE_LOOP('',(#3501,#3510,#3516,#3517));
#3501 = ORIENTED_EDGE('',*,*,#3502,.F.);
#3502 = EDGE_CURVE('',#3503,#3503,#3505,.T.);
#3503 = VERTEX_POINT('',#3504);
#3504 = CARTESIAN_POINT('',(18.75,-5.,12.1));
#3505 = CIRCLE('',#3506,3.75);
#3506 = AXIS2_PLACEMENT_3D('',#3507,#3508,#3509);
#3507 = CARTESIAN_POINT('',(15.,-5.,12.1));
#3508 = DIRECTION('',(0.,0.,1.));
#3509 = DIRECTION('',(1.,0.,0.));
#3510 = ORIENTED_EDGE('',*,*,#3511,.T.);
#3511 = EDGE_CURVE('',#3503,#2558,#3512,.T.);
#3512 = LINE('',#3513,#3514);
#3513 = CARTESIAN_POINT('',(18.75,-5.,12.1));
#3514 = VECTOR('',#3515,1.);
#3515 = DIRECTION('',(-0.,-0.,-1.));
#3516 = ORIENTED_EDGE('',*,*,#2557,.F.);
#3517 = ORIENTED_EDGE('',*,*,#3511,.F.);
#3518 = CYLINDRICAL_SURFACE('',#3519,3.75);
#3519 = AXIS2_PLACEMENT_3D('',#3520,#3521,#3522);
#3520 = CARTESIAN_POINT('',(15.,-5.,12.1));
#3521 = DIRECTION('',(0.,0.,1.));
#3522 = DIRECTION('',(1.,0.,0.));
#3523 = ADVANCED_FACE('',(#3524),#3543,.F.);
#3524 = FACE_BOUND('',#3525,.F.);
#3525 = EDGE_LOOP('',(#3526,#3535,#3541,#3542));
#3526 = ORIENTED_EDGE('',*,*,#3527,.F.);
#3527 = EDGE_CURVE('',#3528,#3528,#3530,.T.);
#3528 = VERTEX_POINT('',#3529);
#3529 = CARTESIAN_POINT('',(-11.25,-35.,12.1));
#3530 = CIRCLE('',#3531,3.75);
#3531 = AXIS2_PLACEMENT_3D('',#3532,#3533,#3534);
#3532 = CARTESIAN_POINT('',(-15.,-35.,12.1));
#3533 = DIRECTION('',(0.,0.,1.));
#3534 = DIRECTION('',(1.,0.,0.));
#3535 = ORIENTED_EDGE('',*,*,#3536,.T.);
#3536 = EDGE_CURVE('',#3528,#2620,#3537,.T.);
#3537 = LINE('',#3538,#3539);
#3538 = CARTESIAN_POINT('',(-11.25,-35.,12.1));
#3539 = VECTOR('',#3540,1.);
#3540 = DIRECTION('',(-0.,-0.,-1.));
#3541 = ORIENTED_EDGE('',*,*,#2619,.T.);
#3542 = ORIENTED_EDGE('',*,*,#3536,.F.);
#3543 = CYLINDRICAL_SURFACE('',#3544,3.75);
#3544 = AXIS2_PLACEMENT_3D('',#3545,#3546,#3547);
#3545 = CARTESIAN_POINT('',(-15.,-35.,12.1));
#3546 = DIRECTION('',(0.,0.,1.));
#3547 = DIRECTION('',(1.,0.,0.));
#3548 = ADVANCED_FACE('',(#3549),#3568,.F.);
#3549 = FACE_BOUND('',#3550,.F.);
#3550 = EDGE_LOOP('',(#3551,#3560,#3566,#3567));
#3551 = ORIENTED_EDGE('',*,*,#3552,.F.);
#3552 = EDGE_CURVE('',#3553,#3553,#3555,.T.);
#3553 = VERTEX_POINT('',#3554);
#3554 = CARTESIAN_POINT('',(-11.25,-5.,12.1));
#3555 = CIRCLE('',#3556,3.75);
#3556 = AXIS2_PLACEMENT_3D('',#3557,#3558,#3559);
#3557 = CARTESIAN_POINT('',(-15.,-5.,12.1));
#3558 = DIRECTION('',(0.,0.,1.));
#3559 = DIRECTION('',(1.,0.,0.));
#3560 = ORIENTED_EDGE('',*,*,#3561,.T.);
#3561 = EDGE_CURVE('',#3553,#2631,#3562,.T.);
#3562 = LINE('',#3563,#3564);
#3563 = CARTESIAN_POINT('',(-11.25,-5.,12.1));
#3564 = VECTOR('',#3565,1.);
#3565 = DIRECTION('',(-0.,-0.,-1.));
#3566 = ORIENTED_EDGE('',*,*,#2630,.T.);
#3567 = ORIENTED_EDGE('',*,*,#3561,.F.);
#3568 = CYLINDRICAL_SURFACE('',#3569,3.75);
#3569 = AXIS2_PLACEMENT_3D('',#3570,#3571,#3572);
#3570 = CARTESIAN_POINT('',(-15.,-5.,12.1));
#3571 = DIRECTION('',(0.,0.,1.));
#3572 = DIRECTION('',(1.,0.,0.));
#3573 = ADVANCED_FACE('',(#3574),#3590,.T.);
#3574 = FACE_BOUND('',#3575,.T.);
#3575 = EDGE_LOOP('',(#3576,#3582,#3583,#3589));
#3576 = ORIENTED_EDGE('',*,*,#3577,.F.);
#3577 = EDGE_CURVE('',#2770,#3327,#3578,.T.);
#3578 = LINE('',#3579,#3580);
#3579 = CARTESIAN_POINT('',(-6.678571428571,-12.9197427899,
    -14.40520671964));
#3580 = VECTOR('',#3581,1.);
#3581 = DIRECTION('',(0.654653670708,0.755928946018,1.984090305178E-15)
  );
#3582 = ORIENTED_EDGE('',*,*,#2769,.T.);
#3583 = ORIENTED_EDGE('',*,*,#3584,.T.);
#3584 = EDGE_CURVE('',#2772,#3222,#3585,.T.);
#3585 = LINE('',#3586,#3587);
#3586 = CARTESIAN_POINT('',(-6.678571428571,-11.45987139495,
    -11.87663529107));
#3587 = VECTOR('',#3588,1.);
#3588 = DIRECTION('',(0.654653670708,0.377964473009,-0.654653670708));
#3589 = ORIENTED_EDGE('',*,*,#3351,.F.);
#3590 = PLANE('',#3591);
#3591 = AXIS2_PLACEMENT_3D('',#3592,#3593,#3594);
#3592 = CARTESIAN_POINT('',(-7.1,-13.36306531803,-14.33020671964));
#3593 = DIRECTION('',(-0.707106781187,0.612372435696,-0.353553390593));
#3594 = DIRECTION('',(1.038219854663E-16,0.5,0.866025403784));
#3595 = ADVANCED_FACE('',(#3596),#3607,.T.);
#3596 = FACE_BOUND('',#3597,.T.);
#3597 = EDGE_LOOP('',(#3598,#3604,#3605,#3606));
#3598 = ORIENTED_EDGE('',*,*,#3599,.F.);
#3599 = EDGE_CURVE('',#2804,#3303,#3600,.T.);
#3600 = LINE('',#3601,#3602);
#3601 = CARTESIAN_POINT('',(-6.678571428571,-11.45987139495,
    -16.93377814821));
#3602 = VECTOR('',#3603,1.);
#3603 = DIRECTION('',(0.654653670708,0.377964473009,0.654653670708));
#3604 = ORIENTED_EDGE('',*,*,#2811,.T.);
#3605 = ORIENTED_EDGE('',*,*,#3577,.T.);
#3606 = ORIENTED_EDGE('',*,*,#3334,.F.);
#3607 = PLANE('',#3608);
#3608 = AXIS2_PLACEMENT_3D('',#3609,#3610,#3611);
#3609 = CARTESIAN_POINT('',(-7.1,-11.74648456429,-17.28020671964));
#3610 = DIRECTION('',(-0.707106781187,0.612372435696,0.353553390593));
#3611 = DIRECTION('',(-8.326913717513E-17,-0.5,0.866025403784));
#3612 = ADVANCED_FACE('',(#3613),#3624,.T.);
#3613 = FACE_BOUND('',#3614,.T.);
#3614 = EDGE_LOOP('',(#3615,#3616,#3617,#3623));
#3615 = ORIENTED_EDGE('',*,*,#3584,.F.);
#3616 = ORIENTED_EDGE('',*,*,#2779,.T.);
#3617 = ORIENTED_EDGE('',*,*,#3618,.T.);
#3618 = EDGE_CURVE('',#2780,#3231,#3619,.T.);
#3619 = LINE('',#3620,#3621);
#3620 = CARTESIAN_POINT('',(-6.678571428571,-8.540128605049,
    -11.87663529107));
#3621 = VECTOR('',#3622,1.);
#3622 = DIRECTION('',(0.654653670708,-0.377964473009,-0.654653670708));
#3623 = ORIENTED_EDGE('',*,*,#3238,.F.);
#3624 = PLANE('',#3625);
#3625 = AXIS2_PLACEMENT_3D('',#3626,#3627,#3628);
#3626 = CARTESIAN_POINT('',(-7.1,-11.61658075373,-11.45520671964));
#3627 = DIRECTION('',(-0.707106781187,-1.124258545907E-18,
    -0.707106781187));
#3628 = DIRECTION('',(-7.949708416177E-19,1.,-7.949708416177E-19));
#3629 = ADVANCED_FACE('',(#3630),#3641,.T.);
#3630 = FACE_BOUND('',#3631,.T.);
#3631 = EDGE_LOOP('',(#3632,#3638,#3639,#3640));
#3632 = ORIENTED_EDGE('',*,*,#3633,.F.);
#3633 = EDGE_CURVE('',#2796,#3279,#3634,.T.);
#3634 = LINE('',#3635,#3636);
#3635 = CARTESIAN_POINT('',(-6.678571428571,-8.540128605049,
    -16.93377814821));
#3636 = VECTOR('',#3637,1.);
#3637 = DIRECTION('',(0.654653670708,-0.377964473009,0.654653670708));
#3638 = ORIENTED_EDGE('',*,*,#2803,.T.);
#3639 = ORIENTED_EDGE('',*,*,#3599,.T.);
#3640 = ORIENTED_EDGE('',*,*,#3310,.F.);
#3641 = PLANE('',#3642);
#3642 = AXIS2_PLACEMENT_3D('',#3643,#3644,#3645);
#3643 = CARTESIAN_POINT('',(-7.1,-8.383419246269,-17.35520671964));
#3644 = DIRECTION('',(-0.707106781187,1.124258545907E-18,0.707106781187)
  );
#3645 = DIRECTION('',(-7.949708416177E-19,-1.,7.949708416177E-19));
#3646 = ADVANCED_FACE('',(#3647),#3658,.T.);
#3647 = FACE_BOUND('',#3648,.T.);
#3648 = EDGE_LOOP('',(#3649,#3650,#3651,#3657));
#3649 = ORIENTED_EDGE('',*,*,#3618,.F.);
#3650 = ORIENTED_EDGE('',*,*,#2787,.T.);
#3651 = ORIENTED_EDGE('',*,*,#3652,.T.);
#3652 = EDGE_CURVE('',#2788,#3255,#3653,.T.);
#3653 = LINE('',#3654,#3655);
#3654 = CARTESIAN_POINT('',(-6.678571428571,-7.080257210098,
    -14.40520671964));
#3655 = VECTOR('',#3656,1.);
#3656 = DIRECTION('',(0.654653670708,-0.755928946018,-1.810426531029E-15
    ));
#3657 = ORIENTED_EDGE('',*,*,#3262,.F.);
#3658 = PLANE('',#3659);
#3659 = AXIS2_PLACEMENT_3D('',#3660,#3661,#3662);
#3660 = CARTESIAN_POINT('',(-7.1,-8.253515435701,-11.53020671964));
#3661 = DIRECTION('',(-0.707106781187,-0.612372435696,-0.353553390593));
#3662 = DIRECTION('',(-9.058522767933E-18,0.5,-0.866025403784));
#3663 = ADVANCED_FACE('',(#3664),#3670,.T.);
#3664 = FACE_BOUND('',#3665,.T.);
#3665 = EDGE_LOOP('',(#3666,#3667,#3668,#3669));
#3666 = ORIENTED_EDGE('',*,*,#3652,.F.);
#3667 = ORIENTED_EDGE('',*,*,#2795,.T.);
#3668 = ORIENTED_EDGE('',*,*,#3633,.T.);
#3669 = ORIENTED_EDGE('',*,*,#3286,.F.);
#3670 = PLANE('',#3671);
#3671 = AXIS2_PLACEMENT_3D('',#3672,#3673,#3674);
#3672 = CARTESIAN_POINT('',(-7.1,-6.63693468197,-14.48020671964));
#3673 = DIRECTION('',(-0.707106781187,-0.612372435696,0.353553390593));
#3674 = DIRECTION('',(6.017082920181E-17,-0.5,-0.866025403784));
#3675 = ADVANCED_FACE('',(#3676),#3692,.T.);
#3676 = FACE_BOUND('',#3677,.T.);
#3677 = EDGE_LOOP('',(#3678,#3684,#3685,#3691));
#3678 = ORIENTED_EDGE('',*,*,#3679,.F.);
#3679 = EDGE_CURVE('',#2820,#3159,#3680,.T.);
#3680 = LINE('',#3681,#3682);
#3681 = CARTESIAN_POINT('',(-6.678571428571,-32.9197427899,
    -14.40520671964));
#3682 = VECTOR('',#3683,1.);
#3683 = DIRECTION('',(0.654653670708,0.755928946018,-1.749508729208E-15)
  );
#3684 = ORIENTED_EDGE('',*,*,#2819,.T.);
#3685 = ORIENTED_EDGE('',*,*,#3686,.T.);
#3686 = EDGE_CURVE('',#2822,#3183,#3687,.T.);
#3687 = LINE('',#3688,#3689);
#3688 = CARTESIAN_POINT('',(-6.678571428571,-31.45987139495,
    -11.87663529107));
#3689 = VECTOR('',#3690,1.);
#3690 = DIRECTION('',(0.654653670708,0.377964473009,-0.654653670708));
#3691 = ORIENTED_EDGE('',*,*,#3190,.F.);
#3692 = PLANE('',#3693);
#3693 = AXIS2_PLACEMENT_3D('',#3694,#3695,#3696);
#3694 = CARTESIAN_POINT('',(-7.1,-33.36306531803,-14.33020671964));
#3695 = DIRECTION('',(-0.707106781187,0.612372435696,-0.353553390593));
#3696 = DIRECTION('',(1.226464219358E-16,0.5,0.866025403784));
#3697 = ADVANCED_FACE('',(#3698),#3709,.T.);
#3698 = FACE_BOUND('',#3699,.T.);
#3699 = EDGE_LOOP('',(#3700,#3706,#3707,#3708));
#3700 = ORIENTED_EDGE('',*,*,#3701,.F.);
#3701 = EDGE_CURVE('',#2854,#3135,#3702,.T.);
#3702 = LINE('',#3703,#3704);
#3703 = CARTESIAN_POINT('',(-6.678571428571,-31.45987139495,
    -16.93377814821));
#3704 = VECTOR('',#3705,1.);
#3705 = DIRECTION('',(0.654653670708,0.377964473009,0.654653670708));
#3706 = ORIENTED_EDGE('',*,*,#2861,.T.);
#3707 = ORIENTED_EDGE('',*,*,#3679,.T.);
#3708 = ORIENTED_EDGE('',*,*,#3166,.F.);
#3709 = PLANE('',#3710);
#3710 = AXIS2_PLACEMENT_3D('',#3711,#3712,#3713);
#3711 = CARTESIAN_POINT('',(-7.1,-31.74648456429,-17.28020671964));
#3712 = DIRECTION('',(-0.707106781187,0.612372435696,0.353553390593));
#3713 = DIRECTION('',(1.050938444765E-17,-0.5,0.866025403784));
#3714 = ADVANCED_FACE('',(#3715),#3726,.T.);
#3715 = FACE_BOUND('',#3716,.T.);
#3716 = EDGE_LOOP('',(#3717,#3718,#3719,#3725));
#3717 = ORIENTED_EDGE('',*,*,#3686,.F.);
#3718 = ORIENTED_EDGE('',*,*,#2829,.T.);
#3719 = ORIENTED_EDGE('',*,*,#3720,.T.);
#3720 = EDGE_CURVE('',#2830,#3078,#3721,.T.);
#3721 = LINE('',#3722,#3723);
#3722 = CARTESIAN_POINT('',(-6.678571428571,-28.54012860504,
    -11.87663529107));
#3723 = VECTOR('',#3724,1.);
#3724 = DIRECTION('',(0.654653670708,-0.377964473009,-0.654653670708));
#3725 = ORIENTED_EDGE('',*,*,#3207,.F.);
#3726 = PLANE('',#3727);
#3727 = AXIS2_PLACEMENT_3D('',#3728,#3729,#3730);
#3728 = CARTESIAN_POINT('',(-7.1,-31.61658075373,-11.45520671964));
#3729 = DIRECTION('',(-0.707106781187,-7.029653970044E-19,
    -0.707106781187));
#3730 = DIRECTION('',(-4.970715991613E-19,1.,-4.970715991613E-19));
#3731 = ADVANCED_FACE('',(#3732),#3743,.T.);
#3732 = FACE_BOUND('',#3733,.T.);
#3733 = EDGE_LOOP('',(#3734,#3740,#3741,#3742));
#3734 = ORIENTED_EDGE('',*,*,#3735,.F.);
#3735 = EDGE_CURVE('',#2846,#3111,#3736,.T.);
#3736 = LINE('',#3737,#3738);
#3737 = CARTESIAN_POINT('',(-6.678571428571,-28.54012860504,
    -16.93377814821));
#3738 = VECTOR('',#3739,1.);
#3739 = DIRECTION('',(0.654653670708,-0.377964473009,0.654653670708));
#3740 = ORIENTED_EDGE('',*,*,#2853,.T.);
#3741 = ORIENTED_EDGE('',*,*,#3701,.T.);
#3742 = ORIENTED_EDGE('',*,*,#3142,.F.);
#3743 = PLANE('',#3744);
#3744 = AXIS2_PLACEMENT_3D('',#3745,#3746,#3747);
#3745 = CARTESIAN_POINT('',(-7.1,-28.38341924626,-17.35520671964));
#3746 = DIRECTION('',(-0.707106781187,1.124258545907E-18,0.707106781187)
  );
#3747 = DIRECTION('',(-7.949708416177E-19,-1.,7.949708416177E-19));
#3748 = ADVANCED_FACE('',(#3749),#3760,.T.);
#3749 = FACE_BOUND('',#3750,.T.);
#3750 = EDGE_LOOP('',(#3751,#3752,#3753,#3759));
#3751 = ORIENTED_EDGE('',*,*,#3720,.F.);
#3752 = ORIENTED_EDGE('',*,*,#2837,.T.);
#3753 = ORIENTED_EDGE('',*,*,#3754,.T.);
#3754 = EDGE_CURVE('',#2838,#3087,#3755,.T.);
#3755 = LINE('',#3756,#3757);
#3756 = CARTESIAN_POINT('',(-6.678571428571,-27.08025721009,
    -14.40520671964));
#3757 = VECTOR('',#3758,1.);
#3758 = DIRECTION('',(0.654653670708,-0.755928946018,-1.867299928745E-16
    ));
#3759 = ORIENTED_EDGE('',*,*,#3094,.F.);
#3760 = PLANE('',#3761);
#3761 = AXIS2_PLACEMENT_3D('',#3762,#3763,#3764);
#3762 = CARTESIAN_POINT('',(-7.1,-28.2535154357,-11.53020671964));
#3763 = DIRECTION('',(-0.707106781187,-0.612372435696,-0.353553390593));
#3764 = DIRECTION('',(-2.774950968617E-17,0.5,-0.866025403784));
#3765 = ADVANCED_FACE('',(#3766),#3772,.T.);
#3766 = FACE_BOUND('',#3767,.T.);
#3767 = EDGE_LOOP('',(#3768,#3769,#3770,#3771));
#3768 = ORIENTED_EDGE('',*,*,#3754,.F.);
#3769 = ORIENTED_EDGE('',*,*,#2845,.T.);
#3770 = ORIENTED_EDGE('',*,*,#3735,.T.);
#3771 = ORIENTED_EDGE('',*,*,#3118,.F.);
#3772 = PLANE('',#3773);
#3773 = AXIS2_PLACEMENT_3D('',#3774,#3775,#3776);
#3774 = CARTESIAN_POINT('',(-7.1,-26.63693468197,-14.48020671964));
#3775 = DIRECTION('',(-0.707106781187,-0.612372435696,0.353553390593));
#3776 = DIRECTION('',(9.756127929599E-17,-0.5,-0.866025403784));
#3777 = ADVANCED_FACE('',(#3778),#3797,.F.);
#3778 = FACE_BOUND('',#3779,.T.);
#3779 = EDGE_LOOP('',(#3780,#3788,#3789,#3790));
#3780 = ORIENTED_EDGE('',*,*,#3781,.F.);
#3781 = EDGE_CURVE('',#3378,#3782,#3784,.T.);
#3782 = VERTEX_POINT('',#3783);
#3783 = CARTESIAN_POINT('',(-12.95,-35.,12.1));
#3784 = LINE('',#3785,#3786);
#3785 = CARTESIAN_POINT('',(-13.25,-35.,12.4));
#3786 = VECTOR('',#3787,1.);
#3787 = DIRECTION('',(0.707106781187,0.,-0.707106781187));
#3788 = ORIENTED_EDGE('',*,*,#3387,.T.);
#3789 = ORIENTED_EDGE('',*,*,#3781,.T.);
#3790 = ORIENTED_EDGE('',*,*,#3791,.F.);
#3791 = EDGE_CURVE('',#3782,#3782,#3792,.T.);
#3792 = CIRCLE('',#3793,2.05);
#3793 = AXIS2_PLACEMENT_3D('',#3794,#3795,#3796);
#3794 = CARTESIAN_POINT('',(-15.,-35.,12.1));
#3795 = DIRECTION('',(0.,0.,1.));
#3796 = DIRECTION('',(1.,0.,0.));
#3797 = CONICAL_SURFACE('',#3798,1.75,0.785398163397);
#3798 = AXIS2_PLACEMENT_3D('',#3799,#3800,#3801);
#3799 = CARTESIAN_POINT('',(-15.,-35.,12.4));
#3800 = DIRECTION('',(-0.,-0.,-1.));
#3801 = DIRECTION('',(1.,0.,0.));
#3802 = ADVANCED_FACE('',(#3803,#3806),#3809,.F.);
#3803 = FACE_BOUND('',#3804,.F.);
#3804 = EDGE_LOOP('',(#3805));
#3805 = ORIENTED_EDGE('',*,*,#3477,.T.);
#3806 = FACE_BOUND('',#3807,.F.);
#3807 = EDGE_LOOP('',(#3808));
#3808 = ORIENTED_EDGE('',*,*,#3412,.F.);
#3809 = PLANE('',#3810);
#3810 = AXIS2_PLACEMENT_3D('',#3811,#3812,#3813);
#3811 = CARTESIAN_POINT('',(6.381387285184E-16,-20.,12.1));
#3812 = DIRECTION('',(0.,0.,1.));
#3813 = DIRECTION('',(1.,0.,0.));
#3814 = ADVANCED_FACE('',(#3815),#3834,.F.);
#3815 = FACE_BOUND('',#3816,.T.);
#3816 = EDGE_LOOP('',(#3817,#3825,#3826,#3827));
#3817 = ORIENTED_EDGE('',*,*,#3818,.F.);
#3818 = EDGE_CURVE('',#3428,#3819,#3821,.T.);
#3819 = VERTEX_POINT('',#3820);
#3820 = CARTESIAN_POINT('',(-12.95,-5.,12.1));
#3821 = LINE('',#3822,#3823);
#3822 = CARTESIAN_POINT('',(-13.25,-5.,12.4));
#3823 = VECTOR('',#3824,1.);
#3824 = DIRECTION('',(0.707106781187,0.,-0.707106781187));
#3825 = ORIENTED_EDGE('',*,*,#3437,.T.);
#3826 = ORIENTED_EDGE('',*,*,#3818,.T.);
#3827 = ORIENTED_EDGE('',*,*,#3828,.F.);
#3828 = EDGE_CURVE('',#3819,#3819,#3829,.T.);
#3829 = CIRCLE('',#3830,2.05);
#3830 = AXIS2_PLACEMENT_3D('',#3831,#3832,#3833);
#3831 = CARTESIAN_POINT('',(-15.,-5.,12.1));
#3832 = DIRECTION('',(0.,0.,1.));
#3833 = DIRECTION('',(1.,0.,0.));
#3834 = CONICAL_SURFACE('',#3835,1.75,0.785398163397);
#3835 = AXIS2_PLACEMENT_3D('',#3836,#3837,#3838);
#3836 = CARTESIAN_POINT('',(-15.,-5.,12.4));
#3837 = DIRECTION('',(-0.,-0.,-1.));
#3838 = DIRECTION('',(1.,0.,0.));
#3839 = ADVANCED_FACE('',(#3840,#3843),#3846,.F.);
#3840 = FACE_BOUND('',#3841,.F.);
#3841 = EDGE_LOOP('',(#3842));
#3842 = ORIENTED_EDGE('',*,*,#3502,.T.);
#3843 = FACE_BOUND('',#3844,.F.);
#3844 = EDGE_LOOP('',(#3845));
#3845 = ORIENTED_EDGE('',*,*,#3462,.F.);
#3846 = PLANE('',#3847);
#3847 = AXIS2_PLACEMENT_3D('',#3848,#3849,#3850);
#3848 = CARTESIAN_POINT('',(6.381387285184E-16,-20.,12.1));
#3849 = DIRECTION('',(0.,0.,1.));
#3850 = DIRECTION('',(1.,0.,0.));
#3851 = ADVANCED_FACE('',(#3852,#3855),#3858,.F.);
#3852 = FACE_BOUND('',#3853,.F.);
#3853 = EDGE_LOOP('',(#3854));
#3854 = ORIENTED_EDGE('',*,*,#3791,.F.);
#3855 = FACE_BOUND('',#3856,.F.);
#3856 = EDGE_LOOP('',(#3857));
#3857 = ORIENTED_EDGE('',*,*,#3527,.T.);
#3858 = PLANE('',#3859);
#3859 = AXIS2_PLACEMENT_3D('',#3860,#3861,#3862);
#3860 = CARTESIAN_POINT('',(6.381387285184E-16,-20.,12.1));
#3861 = DIRECTION('',(0.,0.,1.));
#3862 = DIRECTION('',(1.,0.,0.));
#3863 = ADVANCED_FACE('',(#3864,#3867),#3870,.F.);
#3864 = FACE_BOUND('',#3865,.F.);
#3865 = EDGE_LOOP('',(#3866));
#3866 = ORIENTED_EDGE('',*,*,#3828,.F.);
#3867 = FACE_BOUND('',#3868,.F.);
#3868 = EDGE_LOOP('',(#3869));
#3869 = ORIENTED_EDGE('',*,*,#3552,.T.);
#3870 = PLANE('',#3871);
#3871 = AXIS2_PLACEMENT_3D('',#3872,#3873,#3874);
#3872 = CARTESIAN_POINT('',(6.381387285184E-16,-20.,12.1));
#3873 = DIRECTION('',(0.,0.,1.));
#3874 = DIRECTION('',(1.,0.,0.));
#3875 = ( GEOMETRIC_REPRESENTATION_CONTEXT(3) 
GLOBAL_UNCERTAINTY_ASSIGNED_CONTEXT((#3879)) 
GLOBAL_UNIT_ASSIGNED_CONTEXT((#3876,#3877,#3878)) REPRESENTATION_CONTEXT
('Context #1','3D Context with UNIT and UNCERTAINTY') );
#3876 = ( LENGTH_UNIT() NAMED_UNIT(*) SI_UNIT(.MILLI.,.METRE.) );
#3877 = ( NAMED_UNIT(*) PLANE_ANGLE_UNIT() SI_UNIT($,.RADIAN.) );
#3878 = ( NAMED_UNIT(*) SI_UNIT($,.STERADIAN.) SOLID_ANGLE_UNIT() );
#3879 = UNCERTAINTY_MEASURE_WITH_UNIT(LENGTH_MEASURE(1.E-07),#3876,
  'distance_accuracy_value','confusion accuracy');
#3880 = PRODUCT_RELATED_PRODUCT_CATEGORY('part',$,(#7));
#3881 = MECHANICAL_DESIGN_GEOMETRIC_PRESENTATION_REPRESENTATION('',(
    #3882),#3875);
#3882 = STYLED_ITEM('color',(#3883),#15);
#3883 = PRESENTATION_STYLE_ASSIGNMENT((#3884,#3890));
#3884 = SURFACE_STYLE_USAGE(.BOTH.,#3885);
#3885 = SURFACE_SIDE_STYLE('',(#3886));
#3886 = SURFACE_STYLE_FILL_AREA(#3887);
#3887 = FILL_AREA_STYLE('',(#3888));
#3888 = FILL_AREA_STYLE_COLOUR('',#3889);
#3889 = COLOUR_RGB('',0.678431390124,0.709803936702,0.741176476869);
#3890 = CURVE_STYLE('',#3891,POSITIVE_LENGTH_MEASURE(0.1),#3892);
#3891 = DRAUGHTING_PRE_DEFINED_CURVE_FONT('continuous');
#3892 = COLOUR_RGB('',9.803921802644E-02,9.803921802644E-02,
  9.803921802644E-02);
ENDSEC;
END-ISO-10303-21;
