ISO-10303-21;
HEADER;
FILE_DESCRIPTION(('FreeCAD Model'),'2;1');
FILE_NAME('Open CASCADE Shape Model','2026-04-23T11:00:21',(''),(''),
  'Open CASCADE STEP processor 7.8','FreeCAD','Unknown');
FILE_SCHEMA(('AUTOMOTIVE_DESIGN { 1 0 10303 214 1 1 1 1 }'));
ENDSEC;
DATA;
#1 = APPLICATION_PROTOCOL_DEFINITION('international standard',
  'automotive_design',2000,#2);
#2 = APPLICATION_CONTEXT(
  'core data for automotive mechanical design processes');
#3 = SHAPE_DEFINITION_REPRESENTATION(#4,#10);
#4 = PRODUCT_DEFINITION_SHAPE('','',#5);
#5 = PRODUCT_DEFINITION('design','',#6,#9);
#6 = PRODUCT_DEFINITION_FORMATION('','',#7);
#7 = PRODUCT('accessory_holder','accessory_holder','',(#8));
#8 = PRODUCT_CONTEXT('',#2,'mechanical');
#9 = PRODUCT_DEFINITION_CONTEXT('part definition',#2,'design');
#10 = ADVANCED_BREP_SHAPE_REPRESENTATION('',(#11,#15),#5553);
#11 = AXIS2_PLACEMENT_3D('',#12,#13,#14);
#12 = CARTESIAN_POINT('',(0.,0.,0.));
#13 = DIRECTION('',(0.,0.,1.));
#14 = DIRECTION('',(1.,0.,-0.));
#15 = MANIFOLD_SOLID_BREP('',#16);
#16 = CLOSED_SHELL('',(#17,#59,#90,#122,#217,#241,#259,#283,#307,#359,
    #392,#424,#456,#487,#519,#543,#568,#585,#597,#628,#659,#683,#707,
    #733,#759,#812,#966,#982,#1136,#1152,#1238,#1270,#1294,#1319,#1336,
    #1353,#1384,#1401,#1459,#1483,#1500,#1517,#1542,#1573,#1598,#1615,
    #1645,#1674,#1691,#1723,#1747,#1772,#1796,#1820,#1844,#1868,#1892,
    #1916,#1940,#1964,#1995,#2019,#2036,#2059,#2088,#2105,#2137,#2161,
    #2186,#2210,#2234,#2258,#2282,#2306,#2330,#2354,#2378,#2409,#2433,
    #2450,#2479,#2503,#2527,#2544,#2561,#2598,#2615,#2632,#2649,#2666,
    #2677,#2688,#2713,#2730,#2755,#2766,#2782,#2904,#2921,#2938,#2955,
    #3072,#3089,#3106,#3223,#3240,#3256,#3273,#3289,#3355,#3372,#3383,
    #3399,#3415,#3431,#3443,#3502,#3514,#3573,#3604,#3628,#3652,#3676,
    #3700,#3717,#3748,#3772,#3796,#3820,#3844,#3861,#3892,#3932,#3956,
    #3980,#4020,#4037,#4068,#4108,#4132,#4156,#4196,#4213,#4244,#4268,
    #4308,#4348,#4372,#4389,#4420,#4444,#4484,#4524,#4548,#4565,#4577,
    #4589,#4614,#4639,#4664,#4689,#4711,#4728,#4745,#4762,#4779,#4791,
    #4813,#4830,#4847,#4864,#4881,#4893,#4925,#4949,#4974,#4999,#5023,
    #5041,#5073,#5097,#5122,#5147,#5171,#5189,#5221,#5246,#5270,#5295,
    #5320,#5337,#5369,#5394,#5418,#5443,#5468,#5485,#5502,#5519,#5536));
#17 = ADVANCED_FACE('',(#18),#54,.F.);
#18 = FACE_BOUND('',#19,.F.);
#19 = EDGE_LOOP('',(#20,#30,#39,#47));
#20 = ORIENTED_EDGE('',*,*,#21,.F.);
#21 = EDGE_CURVE('',#22,#24,#26,.T.);
#22 = VERTEX_POINT('',#23);
#23 = CARTESIAN_POINT('',(4.95,-31.6,-14.40520671964));
#24 = VERTEX_POINT('',#25);
#25 = CARTESIAN_POINT('',(1.25,-31.6,-14.40520671964));
#26 = LINE('',#27,#28);
#27 = CARTESIAN_POINT('',(7.25,-31.6,-14.40520671964));
#28 = VECTOR('',#29,1.);
#29 = DIRECTION('',(-1.,-0.,-0.));
#30 = ORIENTED_EDGE('',*,*,#31,.F.);
#31 = EDGE_CURVE('',#32,#22,#34,.T.);
#32 = VERTEX_POINT('',#33);
#33 = CARTESIAN_POINT('',(4.95,-28.4,-14.40520671964));
#34 = CIRCLE('',#35,1.6);
#35 = AXIS2_PLACEMENT_3D('',#36,#37,#38);
#36 = CARTESIAN_POINT('',(4.95,-30.,-14.40520671964));
#37 = DIRECTION('',(1.,-0.,0.));
#38 = DIRECTION('',(0.,1.,-9.992007221626E-15));
#39 = ORIENTED_EDGE('',*,*,#40,.T.);
#40 = EDGE_CURVE('',#32,#41,#43,.T.);
#41 = VERTEX_POINT('',#42);
#42 = CARTESIAN_POINT('',(1.25,-28.4,-14.40520671964));
#43 = LINE('',#44,#45);
#44 = CARTESIAN_POINT('',(7.25,-28.4,-14.40520671964));
#45 = VECTOR('',#46,1.);
#46 = DIRECTION('',(-1.,-0.,-0.));
#47 = ORIENTED_EDGE('',*,*,#48,.T.);
#48 = EDGE_CURVE('',#41,#24,#49,.T.);
#49 = CIRCLE('',#50,1.6);
#50 = AXIS2_PLACEMENT_3D('',#51,#52,#53);
#51 = CARTESIAN_POINT('',(1.25,-30.,-14.40520671964));
#52 = DIRECTION('',(1.,0.,0.));
#53 = DIRECTION('',(0.,1.,0.));
#54 = CYLINDRICAL_SURFACE('',#55,1.6);
#55 = AXIS2_PLACEMENT_3D('',#56,#57,#58);
#56 = CARTESIAN_POINT('',(7.25,-30.,-14.40520671964));
#57 = DIRECTION('',(1.,0.,0.));
#58 = DIRECTION('',(0.,1.,0.));
#59 = ADVANCED_FACE('',(#60),#85,.F.);
#60 = FACE_BOUND('',#61,.F.);
#61 = EDGE_LOOP('',(#62,#72,#78,#79));
#62 = ORIENTED_EDGE('',*,*,#63,.F.);
#63 = EDGE_CURVE('',#64,#66,#68,.T.);
#64 = VERTEX_POINT('',#65);
#65 = CARTESIAN_POINT('',(4.95,-31.6,-15.40520671964));
#66 = VERTEX_POINT('',#67);
#67 = CARTESIAN_POINT('',(1.25,-31.6,-15.40520671964));
#68 = LINE('',#69,#70);
#69 = CARTESIAN_POINT('',(7.25,-31.6,-15.40520671964));
#70 = VECTOR('',#71,1.);
#71 = DIRECTION('',(-1.,-0.,-0.));
#72 = ORIENTED_EDGE('',*,*,#73,.F.);
#73 = EDGE_CURVE('',#22,#64,#74,.T.);
#74 = LINE('',#75,#76);
#75 = CARTESIAN_POINT('',(4.95,-31.6,-14.40520671964));
#76 = VECTOR('',#77,1.);
#77 = DIRECTION('',(0.,8.526512829121E-14,-1.));
#78 = ORIENTED_EDGE('',*,*,#21,.T.);
#79 = ORIENTED_EDGE('',*,*,#80,.F.);
#80 = EDGE_CURVE('',#66,#24,#81,.T.);
#81 = LINE('',#82,#83);
#82 = CARTESIAN_POINT('',(1.25,-31.6,-11.2040874595));
#83 = VECTOR('',#84,1.);
#84 = DIRECTION('',(0.,-8.526512829121E-14,1.));
#85 = PLANE('',#86);
#86 = AXIS2_PLACEMENT_3D('',#87,#88,#89);
#87 = CARTESIAN_POINT('',(7.25,-31.6,-14.40520671964));
#88 = DIRECTION('',(0.,-1.,-8.526512829121E-14));
#89 = DIRECTION('',(0.,8.526512829121E-14,-1.));
#90 = ADVANCED_FACE('',(#91),#117,.F.);
#91 = FACE_BOUND('',#92,.F.);
#92 = EDGE_LOOP('',(#93,#101,#102,#110));
#93 = ORIENTED_EDGE('',*,*,#94,.F.);
#94 = EDGE_CURVE('',#32,#95,#97,.T.);
#95 = VERTEX_POINT('',#96);
#96 = CARTESIAN_POINT('',(5.25,-28.1,-14.40520671964));
#97 = LINE('',#98,#99);
#98 = CARTESIAN_POINT('',(4.95,-28.4,-14.40520671964));
#99 = VECTOR('',#100,1.);
#100 = DIRECTION('',(0.707106781187,0.707106781187,-7.065416064077E-15)
  );
#101 = ORIENTED_EDGE('',*,*,#31,.T.);
#102 = ORIENTED_EDGE('',*,*,#103,.T.);
#103 = EDGE_CURVE('',#22,#104,#106,.T.);
#104 = VERTEX_POINT('',#105);
#105 = CARTESIAN_POINT('',(5.25,-31.9,-14.40520671964));
#106 = LINE('',#107,#108);
#107 = CARTESIAN_POINT('',(4.95,-31.6,-14.40520671964));
#108 = VECTOR('',#109,1.);
#109 = DIRECTION('',(0.707106781187,-0.707106781187,4.734637861201E-14)
  );
#110 = ORIENTED_EDGE('',*,*,#111,.F.);
#111 = EDGE_CURVE('',#95,#104,#112,.T.);
#112 = CIRCLE('',#113,1.9);
#113 = AXIS2_PLACEMENT_3D('',#114,#115,#116);
#114 = CARTESIAN_POINT('',(5.25,-30.,-14.40520671964));
#115 = DIRECTION('',(1.,-0.,0.));
#116 = DIRECTION('',(0.,1.,-9.992007221626E-15));
#117 = CONICAL_SURFACE('',#118,1.6,0.785398163397);
#118 = AXIS2_PLACEMENT_3D('',#119,#120,#121);
#119 = CARTESIAN_POINT('',(4.95,-30.,-14.40520671964));
#120 = DIRECTION('',(1.,0.,0.));
#121 = DIRECTION('',(0.,1.,-9.992007221626E-15));
#122 = ADVANCED_FACE('',(#123,#157,#176),#212,.F.);
#123 = FACE_BOUND('',#124,.F.);
#124 = EDGE_LOOP('',(#125,#135,#143,#151));
#125 = ORIENTED_EDGE('',*,*,#126,.T.);
#126 = EDGE_CURVE('',#127,#129,#131,.T.);
#127 = VERTEX_POINT('',#128);
#128 = CARTESIAN_POINT('',(1.25,-0.3,-8.002968199362));
#129 = VERTEX_POINT('',#130);
#130 = CARTESIAN_POINT('',(1.25,-39.7,-8.002968199362));
#131 = LINE('',#132,#133);
#132 = CARTESIAN_POINT('',(1.25,-1.777015912055E-15,-8.002968199362));
#133 = VECTOR('',#134,1.);
#134 = DIRECTION('',(0.,-1.,2.22044604925E-16));
#135 = ORIENTED_EDGE('',*,*,#136,.T.);
#136 = EDGE_CURVE('',#129,#137,#139,.T.);
#137 = VERTEX_POINT('',#138);
#138 = CARTESIAN_POINT('',(1.25,-39.7,-20.10520671964));
#139 = LINE('',#140,#141);
#140 = CARTESIAN_POINT('',(1.25,-39.7,-8.002968199362));
#141 = VECTOR('',#142,1.);
#142 = DIRECTION('',(0.,-2.22044604925E-16,-1.));
#143 = ORIENTED_EDGE('',*,*,#144,.F.);
#144 = EDGE_CURVE('',#145,#137,#147,.T.);
#145 = VERTEX_POINT('',#146);
#146 = CARTESIAN_POINT('',(1.25,-0.3,-20.10520671964));
#147 = LINE('',#148,#149);
#148 = CARTESIAN_POINT('',(1.25,-4.464252683E-15,-20.10520671964));
#149 = VECTOR('',#150,1.);
#150 = DIRECTION('',(0.,-1.,2.22044604925E-16));
#151 = ORIENTED_EDGE('',*,*,#152,.F.);
#152 = EDGE_CURVE('',#127,#145,#153,.T.);
#153 = LINE('',#154,#155);
#154 = CARTESIAN_POINT('',(1.25,-0.3,-8.002968199362));
#155 = VECTOR('',#156,1.);
#156 = DIRECTION('',(0.,-2.22044604925E-16,-1.));
#157 = FACE_BOUND('',#158,.F.);
#158 = EDGE_LOOP('',(#159,#160,#168,#175));
#159 = ORIENTED_EDGE('',*,*,#48,.F.);
#160 = ORIENTED_EDGE('',*,*,#161,.F.);
#161 = EDGE_CURVE('',#162,#41,#164,.T.);
#162 = VERTEX_POINT('',#163);
#163 = CARTESIAN_POINT('',(1.25,-28.4,-15.40520671964));
#164 = LINE('',#165,#166);
#165 = CARTESIAN_POINT('',(1.25,-28.4,-11.2040874595));
#166 = VECTOR('',#167,1.);
#167 = DIRECTION('',(0.,0.,1.));
#168 = ORIENTED_EDGE('',*,*,#169,.F.);
#169 = EDGE_CURVE('',#66,#162,#170,.T.);
#170 = CIRCLE('',#171,1.6);
#171 = AXIS2_PLACEMENT_3D('',#172,#173,#174);
#172 = CARTESIAN_POINT('',(1.25,-30.,-15.40520671964));
#173 = DIRECTION('',(1.,0.,0.));
#174 = DIRECTION('',(0.,1.,0.));
#175 = ORIENTED_EDGE('',*,*,#80,.T.);
#176 = FACE_BOUND('',#177,.F.);
#177 = EDGE_LOOP('',(#178,#189,#197,#206));
#178 = ORIENTED_EDGE('',*,*,#179,.F.);
#179 = EDGE_CURVE('',#180,#182,#184,.T.);
#180 = VERTEX_POINT('',#181);
#181 = CARTESIAN_POINT('',(1.25,-11.6,-15.40520671964));
#182 = VERTEX_POINT('',#183);
#183 = CARTESIAN_POINT('',(1.25,-8.4,-15.40520671964));
#184 = CIRCLE('',#185,1.6);
#185 = AXIS2_PLACEMENT_3D('',#186,#187,#188);
#186 = CARTESIAN_POINT('',(1.25,-10.,-15.40520671964));
#187 = DIRECTION('',(1.,0.,0.));
#188 = DIRECTION('',(0.,1.,0.));
#189 = ORIENTED_EDGE('',*,*,#190,.T.);
#190 = EDGE_CURVE('',#180,#191,#193,.T.);
#191 = VERTEX_POINT('',#192);
#192 = CARTESIAN_POINT('',(1.25,-11.6,-14.40520671964));
#193 = LINE('',#194,#195);
#194 = CARTESIAN_POINT('',(1.25,-11.6,-11.2040874595));
#195 = VECTOR('',#196,1.);
#196 = DIRECTION('',(0.,0.,1.));
#197 = ORIENTED_EDGE('',*,*,#198,.F.);
#198 = EDGE_CURVE('',#199,#191,#201,.T.);
#199 = VERTEX_POINT('',#200);
#200 = CARTESIAN_POINT('',(1.25,-8.4,-14.40520671964));
#201 = CIRCLE('',#202,1.6);
#202 = AXIS2_PLACEMENT_3D('',#203,#204,#205);
#203 = CARTESIAN_POINT('',(1.25,-10.,-14.40520671964));
#204 = DIRECTION('',(1.,0.,0.));
#205 = DIRECTION('',(0.,1.,0.));
#206 = ORIENTED_EDGE('',*,*,#207,.F.);
#207 = EDGE_CURVE('',#182,#199,#208,.T.);
#208 = LINE('',#209,#210);
#209 = CARTESIAN_POINT('',(1.25,-8.4,-11.2040874595));
#210 = VECTOR('',#211,1.);
#211 = DIRECTION('',(0.,8.526512829121E-14,1.));
#212 = PLANE('',#213);
#213 = AXIS2_PLACEMENT_3D('',#214,#215,#216);
#214 = CARTESIAN_POINT('',(1.25,-1.777015912055E-15,-8.002968199362));
#215 = DIRECTION('',(1.,0.,0.));
#216 = DIRECTION('',(0.,-2.22044604925E-16,-1.));
#217 = ADVANCED_FACE('',(#218),#236,.T.);
#218 = FACE_BOUND('',#219,.T.);
#219 = EDGE_LOOP('',(#220,#228,#234,#235));
#220 = ORIENTED_EDGE('',*,*,#221,.F.);
#221 = EDGE_CURVE('',#222,#162,#224,.T.);
#222 = VERTEX_POINT('',#223);
#223 = CARTESIAN_POINT('',(4.95,-28.4,-15.40520671964));
#224 = LINE('',#225,#226);
#225 = CARTESIAN_POINT('',(7.25,-28.4,-15.40520671964));
#226 = VECTOR('',#227,1.);
#227 = DIRECTION('',(-1.,-0.,-0.));
#228 = ORIENTED_EDGE('',*,*,#229,.T.);
#229 = EDGE_CURVE('',#222,#32,#230,.T.);
#230 = LINE('',#231,#232);
#231 = CARTESIAN_POINT('',(4.95,-28.4,-15.40520671964));
#232 = VECTOR('',#233,1.);
#233 = DIRECTION('',(0.,0.,1.));
#234 = ORIENTED_EDGE('',*,*,#40,.T.);
#235 = ORIENTED_EDGE('',*,*,#161,.F.);
#236 = PLANE('',#237);
#237 = AXIS2_PLACEMENT_3D('',#238,#239,#240);
#238 = CARTESIAN_POINT('',(7.25,-28.4,-14.40520671964));
#239 = DIRECTION('',(0.,-1.,0.));
#240 = DIRECTION('',(0.,0.,-1.));
#241 = ADVANCED_FACE('',(#242),#254,.F.);
#242 = FACE_BOUND('',#243,.F.);
#243 = EDGE_LOOP('',(#244,#245,#252,#253));
#244 = ORIENTED_EDGE('',*,*,#221,.F.);
#245 = ORIENTED_EDGE('',*,*,#246,.F.);
#246 = EDGE_CURVE('',#64,#222,#247,.T.);
#247 = CIRCLE('',#248,1.6);
#248 = AXIS2_PLACEMENT_3D('',#249,#250,#251);
#249 = CARTESIAN_POINT('',(4.95,-30.,-15.40520671964));
#250 = DIRECTION('',(1.,0.,0.));
#251 = DIRECTION('',(0.,-1.,3.5527136788E-14));
#252 = ORIENTED_EDGE('',*,*,#63,.T.);
#253 = ORIENTED_EDGE('',*,*,#169,.T.);
#254 = CYLINDRICAL_SURFACE('',#255,1.6);
#255 = AXIS2_PLACEMENT_3D('',#256,#257,#258);
#256 = CARTESIAN_POINT('',(7.25,-30.,-15.40520671964));
#257 = DIRECTION('',(1.,0.,0.));
#258 = DIRECTION('',(0.,1.,0.));
#259 = ADVANCED_FACE('',(#260),#278,.T.);
#260 = FACE_BOUND('',#261,.F.);
#261 = EDGE_LOOP('',(#262,#263,#264,#272));
#262 = ORIENTED_EDGE('',*,*,#103,.F.);
#263 = ORIENTED_EDGE('',*,*,#73,.T.);
#264 = ORIENTED_EDGE('',*,*,#265,.T.);
#265 = EDGE_CURVE('',#64,#266,#268,.T.);
#266 = VERTEX_POINT('',#267);
#267 = CARTESIAN_POINT('',(5.25,-31.9,-15.40520671964));
#268 = LINE('',#269,#270);
#269 = CARTESIAN_POINT('',(5.1,-31.75,-15.40520671964));
#270 = VECTOR('',#271,1.);
#271 = DIRECTION('',(0.707106781187,-0.707106781187,-6.029155041345E-14)
  );
#272 = ORIENTED_EDGE('',*,*,#273,.F.);
#273 = EDGE_CURVE('',#104,#266,#274,.T.);
#274 = LINE('',#275,#276);
#275 = CARTESIAN_POINT('',(5.25,-31.9,-14.40520671964));
#276 = VECTOR('',#277,1.);
#277 = DIRECTION('',(0.,8.526512829121E-14,-1.));
#278 = PLANE('',#279);
#279 = AXIS2_PLACEMENT_3D('',#280,#281,#282);
#280 = CARTESIAN_POINT('',(5.1,-31.75,-14.40520671964));
#281 = DIRECTION('',(0.707106781187,0.707106781187,6.029008399857E-14));
#282 = DIRECTION('',(1.036911910524E-18,-8.52640913793E-14,1.));
#283 = ADVANCED_FACE('',(#284),#302,.F.);
#284 = FACE_BOUND('',#285,.F.);
#285 = EDGE_LOOP('',(#286,#294,#295,#296));
#286 = ORIENTED_EDGE('',*,*,#287,.F.);
#287 = EDGE_CURVE('',#222,#288,#290,.T.);
#288 = VERTEX_POINT('',#289);
#289 = CARTESIAN_POINT('',(5.25,-28.1,-15.40520671964));
#290 = LINE('',#291,#292);
#291 = CARTESIAN_POINT('',(4.95,-28.4,-15.40520671964));
#292 = VECTOR('',#293,1.);
#293 = DIRECTION('',(0.707106781187,0.707106781187,-8.659560562353E-17)
  );
#294 = ORIENTED_EDGE('',*,*,#229,.T.);
#295 = ORIENTED_EDGE('',*,*,#94,.T.);
#296 = ORIENTED_EDGE('',*,*,#297,.F.);
#297 = EDGE_CURVE('',#288,#95,#298,.T.);
#298 = LINE('',#299,#300);
#299 = CARTESIAN_POINT('',(5.25,-28.1,-15.40520671964));
#300 = VECTOR('',#301,1.);
#301 = DIRECTION('',(0.,0.,1.));
#302 = PLANE('',#303);
#303 = AXIS2_PLACEMENT_3D('',#304,#305,#306);
#304 = CARTESIAN_POINT('',(5.1,-28.25,-15.40520671964));
#305 = DIRECTION('',(-0.707106781187,0.707106781187,2.10522612102E-18));
#306 = DIRECTION('',(1.488619666104E-18,-1.488619666104E-18,1.));
#307 = ADVANCED_FACE('',(#308,#320),#354,.F.);
#308 = FACE_BOUND('',#309,.F.);
#309 = EDGE_LOOP('',(#310,#311,#312,#319));
#310 = ORIENTED_EDGE('',*,*,#111,.T.);
#311 = ORIENTED_EDGE('',*,*,#273,.T.);
#312 = ORIENTED_EDGE('',*,*,#313,.T.);
#313 = EDGE_CURVE('',#266,#288,#314,.T.);
#314 = CIRCLE('',#315,1.9);
#315 = AXIS2_PLACEMENT_3D('',#316,#317,#318);
#316 = CARTESIAN_POINT('',(5.25,-30.,-15.40520671964));
#317 = DIRECTION('',(1.,0.,0.));
#318 = DIRECTION('',(0.,-1.,3.5527136788E-14));
#319 = ORIENTED_EDGE('',*,*,#297,.T.);
#320 = FACE_BOUND('',#321,.F.);
#321 = EDGE_LOOP('',(#322,#332,#340,#348));
#322 = ORIENTED_EDGE('',*,*,#323,.F.);
#323 = EDGE_CURVE('',#324,#326,#328,.T.);
#324 = VERTEX_POINT('',#325);
#325 = CARTESIAN_POINT('',(5.25,-26.,-20.10520671964));
#326 = VERTEX_POINT('',#327);
#327 = CARTESIAN_POINT('',(5.25,-26.,-8.405206719647));
#328 = LINE('',#329,#330);
#329 = CARTESIAN_POINT('',(5.25,-26.,-20.40520671964));
#330 = VECTOR('',#331,1.);
#331 = DIRECTION('',(0.,0.,1.));
#332 = ORIENTED_EDGE('',*,*,#333,.T.);
#333 = EDGE_CURVE('',#324,#334,#336,.T.);
#334 = VERTEX_POINT('',#335);
#335 = CARTESIAN_POINT('',(5.25,-34.,-20.10520671964));
#336 = LINE('',#337,#338);
#337 = CARTESIAN_POINT('',(5.25,-26.,-20.10520671964));
#338 = VECTOR('',#339,1.);
#339 = DIRECTION('',(0.,-1.,0.));
#340 = ORIENTED_EDGE('',*,*,#341,.T.);
#341 = EDGE_CURVE('',#334,#342,#344,.T.);
#342 = VERTEX_POINT('',#343);
#343 = CARTESIAN_POINT('',(5.25,-34.,-8.405206719647));
#344 = LINE('',#345,#346);
#345 = CARTESIAN_POINT('',(5.25,-34.,-20.40520671964));
#346 = VECTOR('',#347,1.);
#347 = DIRECTION('',(0.,0.,1.));
#348 = ORIENTED_EDGE('',*,*,#349,.T.);
#349 = EDGE_CURVE('',#342,#326,#350,.T.);
#350 = LINE('',#351,#352);
#351 = CARTESIAN_POINT('',(5.25,-30.,-8.405206719647));
#352 = VECTOR('',#353,1.);
#353 = DIRECTION('',(0.,1.,0.));
#354 = PLANE('',#355);
#355 = AXIS2_PLACEMENT_3D('',#356,#357,#358);
#356 = CARTESIAN_POINT('',(5.25,-30.,-14.40520671964));
#357 = DIRECTION('',(-1.,-0.,-0.));
#358 = DIRECTION('',(0.,0.,-1.));
#359 = ADVANCED_FACE('',(#360),#387,.F.);
#360 = FACE_BOUND('',#361,.T.);
#361 = EDGE_LOOP('',(#362,#363,#372,#380));
#362 = ORIENTED_EDGE('',*,*,#126,.T.);
#363 = ORIENTED_EDGE('',*,*,#364,.T.);
#364 = EDGE_CURVE('',#129,#365,#367,.T.);
#365 = VERTEX_POINT('',#366);
#366 = CARTESIAN_POINT('',(-1.25,-39.7,-8.002968199362));
#367 = CIRCLE('',#368,8.1);
#368 = AXIS2_PLACEMENT_3D('',#369,#370,#371);
#369 = CARTESIAN_POINT('',(3.944304526105E-31,-39.7,-2.6645352591E-15));
#370 = DIRECTION('',(0.,-1.,0.));
#371 = DIRECTION('',(0.154320987654,0.,-0.988020765353));
#372 = ORIENTED_EDGE('',*,*,#373,.F.);
#373 = EDGE_CURVE('',#374,#365,#376,.T.);
#374 = VERTEX_POINT('',#375);
#375 = CARTESIAN_POINT('',(-1.25,-0.3,-8.002968199362));
#376 = LINE('',#377,#378);
#377 = CARTESIAN_POINT('',(-1.25,-1.777015912055E-15,-8.002968199362));
#378 = VECTOR('',#379,1.);
#379 = DIRECTION('',(0.,-1.,2.22044604925E-16));
#380 = ORIENTED_EDGE('',*,*,#381,.F.);
#381 = EDGE_CURVE('',#127,#374,#382,.T.);
#382 = CIRCLE('',#383,8.1);
#383 = AXIS2_PLACEMENT_3D('',#384,#385,#386);
#384 = CARTESIAN_POINT('',(3.944304526105E-31,-0.3,-2.6645352591E-15));
#385 = DIRECTION('',(0.,-1.,0.));
#386 = DIRECTION('',(0.154320987654,0.,-0.988020765353));
#387 = CYLINDRICAL_SURFACE('',#388,8.1);
#388 = AXIS2_PLACEMENT_3D('',#389,#390,#391);
#389 = CARTESIAN_POINT('',(3.838428220124E-31,-5.916456789158E-31,
    -2.6645352591E-15));
#390 = DIRECTION('',(0.,1.,-2.22044604925E-16));
#391 = DIRECTION('',(1.,0.,0.));
#392 = ADVANCED_FACE('',(#393),#419,.F.);
#393 = FACE_BOUND('',#394,.F.);
#394 = EDGE_LOOP('',(#395,#404,#405,#413));
#395 = ORIENTED_EDGE('',*,*,#396,.F.);
#396 = EDGE_CURVE('',#127,#397,#399,.T.);
#397 = VERTEX_POINT('',#398);
#398 = CARTESIAN_POINT('',(1.55,2.775557561563E-17,-8.255755568087));
#399 = PARABOLA('',#400,2.421840725564);
#400 = AXIS2_PLACEMENT_3D('',#401,#402,#403);
#401 = CARTESIAN_POINT('',(-3.425,-4.975,-2.651534290924E-15));
#402 = DIRECTION('',(-0.707106781187,0.707106781187,2.68410883492E-18));
#403 = DIRECTION('',(0.707106781187,0.707106781187,-2.68410883492E-18));
#404 = ORIENTED_EDGE('',*,*,#152,.T.);
#405 = ORIENTED_EDGE('',*,*,#406,.F.);
#406 = EDGE_CURVE('',#407,#145,#409,.T.);
#407 = VERTEX_POINT('',#408);
#408 = CARTESIAN_POINT('',(1.55,-9.238539231086E-16,-20.10520671964));
#409 = LINE('',#410,#411);
#410 = CARTESIAN_POINT('',(1.4,-0.15,-20.10520671964));
#411 = VECTOR('',#412,1.);
#412 = DIRECTION('',(-0.707106781187,-0.707106781187,4.203696700566E-15)
  );
#413 = ORIENTED_EDGE('',*,*,#414,.F.);
#414 = EDGE_CURVE('',#397,#407,#415,.T.);
#415 = LINE('',#416,#417);
#416 = CARTESIAN_POINT('',(1.55,-8.931736859104E-17,-8.002968199362));
#417 = VECTOR('',#418,1.);
#418 = DIRECTION('',(0.,-2.22044604925E-16,-1.));
#419 = PLANE('',#420);
#420 = AXIS2_PLACEMENT_3D('',#421,#422,#423);
#421 = CARTESIAN_POINT('',(1.4,-0.15,-8.002968199362));
#422 = DIRECTION('',(0.707106781187,-0.707106781187,-2.68410883492E-18)
  );
#423 = DIRECTION('',(-1.129202540211E-16,-1.091243509039E-16,-1.));
#424 = ADVANCED_FACE('',(#425),#451,.T.);
#425 = FACE_BOUND('',#426,.T.);
#426 = EDGE_LOOP('',(#427,#436,#437,#445));
#427 = ORIENTED_EDGE('',*,*,#428,.F.);
#428 = EDGE_CURVE('',#129,#429,#431,.T.);
#429 = VERTEX_POINT('',#430);
#430 = CARTESIAN_POINT('',(1.55,-40.,-8.255755568087));
#431 = PARABOLA('',#432,2.421840725564);
#432 = AXIS2_PLACEMENT_3D('',#433,#434,#435);
#433 = CARTESIAN_POINT('',(-3.425,-35.025,-2.671812035662E-15));
#434 = DIRECTION('',(0.707106781187,0.707106781187,1.502323518822E-18));
#435 = DIRECTION('',(0.707106781187,-0.707106781187,1.502323518822E-18)
  );
#436 = ORIENTED_EDGE('',*,*,#136,.T.);
#437 = ORIENTED_EDGE('',*,*,#438,.F.);
#438 = EDGE_CURVE('',#439,#137,#441,.T.);
#439 = VERTEX_POINT('',#440);
#440 = CARTESIAN_POINT('',(1.55,-40.,-20.10520671964));
#441 = LINE('',#442,#443);
#442 = CARTESIAN_POINT('',(1.4,-39.85,-20.10520671964));
#443 = VECTOR('',#444,1.);
#444 = DIRECTION('',(-0.707106781187,0.707106781187,2.572143923288E-15)
  );
#445 = ORIENTED_EDGE('',*,*,#446,.F.);
#446 = EDGE_CURVE('',#429,#439,#447,.T.);
#447 = LINE('',#448,#449);
#448 = CARTESIAN_POINT('',(1.55,-40.,-8.002968199362));
#449 = VECTOR('',#450,1.);
#450 = DIRECTION('',(0.,-2.22044604925E-16,-1.));
#451 = PLANE('',#452);
#452 = AXIS2_PLACEMENT_3D('',#453,#454,#455);
#453 = CARTESIAN_POINT('',(1.4,-39.85,-8.002968199362));
#454 = DIRECTION('',(-0.707106781187,-0.707106781187,-1.502323518822E-18
    ));
#455 = DIRECTION('',(1.120846056102E-16,-1.099599993148E-16,-1.));
#456 = ADVANCED_FACE('',(#457),#482,.T.);
#457 = FACE_BOUND('',#458,.F.);
#458 = EDGE_LOOP('',(#459,#467,#468,#476));
#459 = ORIENTED_EDGE('',*,*,#460,.T.);
#460 = EDGE_CURVE('',#461,#145,#463,.T.);
#461 = VERTEX_POINT('',#462);
#462 = CARTESIAN_POINT('',(1.55,-0.3,-20.40520671964));
#463 = LINE('',#464,#465);
#464 = CARTESIAN_POINT('',(1.475,-0.3,-20.33020671964));
#465 = VECTOR('',#466,1.);
#466 = DIRECTION('',(-0.707106781187,3.098699772134E-16,0.707106781187)
  );
#467 = ORIENTED_EDGE('',*,*,#144,.T.);
#468 = ORIENTED_EDGE('',*,*,#469,.F.);
#469 = EDGE_CURVE('',#470,#137,#472,.T.);
#470 = VERTEX_POINT('',#471);
#471 = CARTESIAN_POINT('',(1.55,-39.7,-20.40520671964));
#472 = LINE('',#473,#474);
#473 = CARTESIAN_POINT('',(1.475,-39.7,-20.33020671964));
#474 = VECTOR('',#475,1.);
#475 = DIRECTION('',(-0.707106781187,6.838084786117E-15,0.707106781187)
  );
#476 = ORIENTED_EDGE('',*,*,#477,.F.);
#477 = EDGE_CURVE('',#461,#470,#478,.T.);
#478 = LINE('',#479,#480);
#479 = CARTESIAN_POINT('',(1.55,-4.530866064478E-15,-20.40520671964));
#480 = VECTOR('',#481,1.);
#481 = DIRECTION('',(0.,-1.,2.22044604925E-16));
#482 = PLANE('',#483);
#483 = AXIS2_PLACEMENT_3D('',#484,#485,#486);
#484 = CARTESIAN_POINT('',(1.4,-4.497559373739E-15,-20.25520671964));
#485 = DIRECTION('',(-0.707106781187,-2.512584507879E-16,-0.707106781187
    ));
#486 = DIRECTION('',(-6.664425192001E-17,1.,-2.88688856845E-16));
#487 = ADVANCED_FACE('',(#488),#514,.F.);
#488 = FACE_BOUND('',#489,.F.);
#489 = EDGE_LOOP('',(#490,#498,#507,#513));
#490 = ORIENTED_EDGE('',*,*,#491,.F.);
#491 = EDGE_CURVE('',#492,#182,#494,.T.);
#492 = VERTEX_POINT('',#493);
#493 = CARTESIAN_POINT('',(4.95,-8.4,-15.40520671964));
#494 = LINE('',#495,#496);
#495 = CARTESIAN_POINT('',(7.25,-8.4,-15.40520671964));
#496 = VECTOR('',#497,1.);
#497 = DIRECTION('',(-1.,-0.,-0.));
#498 = ORIENTED_EDGE('',*,*,#499,.F.);
#499 = EDGE_CURVE('',#500,#492,#502,.T.);
#500 = VERTEX_POINT('',#501);
#501 = CARTESIAN_POINT('',(4.95,-11.6,-15.40520671964));
#502 = CIRCLE('',#503,1.6);
#503 = AXIS2_PLACEMENT_3D('',#504,#505,#506);
#504 = CARTESIAN_POINT('',(4.95,-10.,-15.40520671964));
#505 = DIRECTION('',(1.,0.,0.));
#506 = DIRECTION('',(0.,-1.,-1.000310945187E-12));
#507 = ORIENTED_EDGE('',*,*,#508,.T.);
#508 = EDGE_CURVE('',#500,#180,#509,.T.);
#509 = LINE('',#510,#511);
#510 = CARTESIAN_POINT('',(7.25,-11.6,-15.40520671964));
#511 = VECTOR('',#512,1.);
#512 = DIRECTION('',(-1.,-0.,-0.));
#513 = ORIENTED_EDGE('',*,*,#179,.T.);
#514 = CYLINDRICAL_SURFACE('',#515,1.6);
#515 = AXIS2_PLACEMENT_3D('',#516,#517,#518);
#516 = CARTESIAN_POINT('',(7.25,-10.,-15.40520671964));
#517 = DIRECTION('',(1.,0.,0.));
#518 = DIRECTION('',(0.,1.,0.));
#519 = ADVANCED_FACE('',(#520),#538,.T.);
#520 = FACE_BOUND('',#521,.T.);
#521 = EDGE_LOOP('',(#522,#523,#531,#537));
#522 = ORIENTED_EDGE('',*,*,#491,.F.);
#523 = ORIENTED_EDGE('',*,*,#524,.T.);
#524 = EDGE_CURVE('',#492,#525,#527,.T.);
#525 = VERTEX_POINT('',#526);
#526 = CARTESIAN_POINT('',(4.95,-8.4,-14.40520671964));
#527 = LINE('',#528,#529);
#528 = CARTESIAN_POINT('',(4.95,-8.4,-15.40520671964));
#529 = VECTOR('',#530,1.);
#530 = DIRECTION('',(0.,8.526512829121E-14,1.));
#531 = ORIENTED_EDGE('',*,*,#532,.T.);
#532 = EDGE_CURVE('',#525,#199,#533,.T.);
#533 = LINE('',#534,#535);
#534 = CARTESIAN_POINT('',(7.25,-8.4,-14.40520671964));
#535 = VECTOR('',#536,1.);
#536 = DIRECTION('',(-1.,-0.,-0.));
#537 = ORIENTED_EDGE('',*,*,#207,.F.);
#538 = PLANE('',#539);
#539 = AXIS2_PLACEMENT_3D('',#540,#541,#542);
#540 = CARTESIAN_POINT('',(7.25,-8.4,-14.40520671964));
#541 = DIRECTION('',(0.,-1.,8.526512829121E-14));
#542 = DIRECTION('',(0.,-8.526512829121E-14,-1.));
#543 = ADVANCED_FACE('',(#544),#563,.F.);
#544 = FACE_BOUND('',#545,.F.);
#545 = EDGE_LOOP('',(#546,#554,#561,#562));
#546 = ORIENTED_EDGE('',*,*,#547,.F.);
#547 = EDGE_CURVE('',#548,#191,#550,.T.);
#548 = VERTEX_POINT('',#549);
#549 = CARTESIAN_POINT('',(4.95,-11.6,-14.40520671964));
#550 = LINE('',#551,#552);
#551 = CARTESIAN_POINT('',(7.25,-11.6,-14.40520671964));
#552 = VECTOR('',#553,1.);
#553 = DIRECTION('',(-1.,-0.,-0.));
#554 = ORIENTED_EDGE('',*,*,#555,.F.);
#555 = EDGE_CURVE('',#525,#548,#556,.T.);
#556 = CIRCLE('',#557,1.6);
#557 = AXIS2_PLACEMENT_3D('',#558,#559,#560);
#558 = CARTESIAN_POINT('',(4.95,-10.,-14.40520671964));
#559 = DIRECTION('',(1.,0.,-0.));
#560 = DIRECTION('',(0.,1.,1.062483434566E-12));
#561 = ORIENTED_EDGE('',*,*,#532,.T.);
#562 = ORIENTED_EDGE('',*,*,#198,.T.);
#563 = CYLINDRICAL_SURFACE('',#564,1.6);
#564 = AXIS2_PLACEMENT_3D('',#565,#566,#567);
#565 = CARTESIAN_POINT('',(7.25,-10.,-14.40520671964));
#566 = DIRECTION('',(1.,0.,0.));
#567 = DIRECTION('',(0.,1.,0.));
#568 = ADVANCED_FACE('',(#569),#580,.F.);
#569 = FACE_BOUND('',#570,.F.);
#570 = EDGE_LOOP('',(#571,#572,#578,#579));
#571 = ORIENTED_EDGE('',*,*,#508,.F.);
#572 = ORIENTED_EDGE('',*,*,#573,.F.);
#573 = EDGE_CURVE('',#548,#500,#574,.T.);
#574 = LINE('',#575,#576);
#575 = CARTESIAN_POINT('',(4.95,-11.6,-14.40520671964));
#576 = VECTOR('',#577,1.);
#577 = DIRECTION('',(0.,0.,-1.));
#578 = ORIENTED_EDGE('',*,*,#547,.T.);
#579 = ORIENTED_EDGE('',*,*,#190,.F.);
#580 = PLANE('',#581);
#581 = AXIS2_PLACEMENT_3D('',#582,#583,#584);
#582 = CARTESIAN_POINT('',(7.25,-11.6,-14.40520671964));
#583 = DIRECTION('',(0.,-1.,0.));
#584 = DIRECTION('',(0.,0.,-1.));
#585 = ADVANCED_FACE('',(#586),#592,.F.);
#586 = FACE_BOUND('',#587,.F.);
#587 = EDGE_LOOP('',(#588,#589,#590,#591));
#588 = ORIENTED_EDGE('',*,*,#265,.F.);
#589 = ORIENTED_EDGE('',*,*,#246,.T.);
#590 = ORIENTED_EDGE('',*,*,#287,.T.);
#591 = ORIENTED_EDGE('',*,*,#313,.F.);
#592 = CONICAL_SURFACE('',#593,1.6,0.785398163397);
#593 = AXIS2_PLACEMENT_3D('',#594,#595,#596);
#594 = CARTESIAN_POINT('',(4.95,-30.,-15.40520671964));
#595 = DIRECTION('',(1.,0.,0.));
#596 = DIRECTION('',(0.,-1.,3.5527136788E-14));
#597 = ADVANCED_FACE('',(#598),#623,.F.);
#598 = FACE_BOUND('',#599,.F.);
#599 = EDGE_LOOP('',(#600,#601,#609,#617));
#600 = ORIENTED_EDGE('',*,*,#323,.T.);
#601 = ORIENTED_EDGE('',*,*,#602,.T.);
#602 = EDGE_CURVE('',#326,#603,#605,.T.);
#603 = VERTEX_POINT('',#604);
#604 = CARTESIAN_POINT('',(7.25,-24.,-8.405206719647));
#605 = LINE('',#606,#607);
#606 = CARTESIAN_POINT('',(5.25,-26.,-8.405206719647));
#607 = VECTOR('',#608,1.);
#608 = DIRECTION('',(0.707106781187,0.707106781187,0.));
#609 = ORIENTED_EDGE('',*,*,#610,.F.);
#610 = EDGE_CURVE('',#611,#603,#613,.T.);
#611 = VERTEX_POINT('',#612);
#612 = CARTESIAN_POINT('',(7.25,-24.,-20.10520671964));
#613 = LINE('',#614,#615);
#614 = CARTESIAN_POINT('',(7.25,-24.,-20.40520671964));
#615 = VECTOR('',#616,1.);
#616 = DIRECTION('',(0.,0.,1.));
#617 = ORIENTED_EDGE('',*,*,#618,.F.);
#618 = EDGE_CURVE('',#324,#611,#619,.T.);
#619 = LINE('',#620,#621);
#620 = CARTESIAN_POINT('',(5.25,-26.,-20.10520671964));
#621 = VECTOR('',#622,1.);
#622 = DIRECTION('',(0.707106781187,0.707106781187,0.));
#623 = PLANE('',#624);
#624 = AXIS2_PLACEMENT_3D('',#625,#626,#627);
#625 = CARTESIAN_POINT('',(5.25,-26.,-20.40520671964));
#626 = DIRECTION('',(-0.707106781187,0.707106781187,0.));
#627 = DIRECTION('',(0.707106781187,0.707106781187,0.));
#628 = ADVANCED_FACE('',(#629),#654,.T.);
#629 = FACE_BOUND('',#630,.F.);
#630 = EDGE_LOOP('',(#631,#639,#647,#653));
#631 = ORIENTED_EDGE('',*,*,#632,.F.);
#632 = EDGE_CURVE('',#633,#324,#635,.T.);
#633 = VERTEX_POINT('',#634);
#634 = CARTESIAN_POINT('',(4.95,-25.87573593128,-20.40520671964));
#635 = LINE('',#636,#637);
#636 = CARTESIAN_POINT('',(5.111851286034,-25.94277692905,
    -20.24335543361));
#637 = VECTOR('',#638,1.);
#638 = DIRECTION('',(0.678598344546,-0.281084637715,0.678598344546));
#639 = ORIENTED_EDGE('',*,*,#640,.T.);
#640 = EDGE_CURVE('',#633,#641,#643,.T.);
#641 = VERTEX_POINT('',#642);
#642 = CARTESIAN_POINT('',(4.95,-34.12426406871,-20.40520671964));
#643 = LINE('',#644,#645);
#644 = CARTESIAN_POINT('',(4.95,-26.,-20.40520671964));
#645 = VECTOR('',#646,1.);
#646 = DIRECTION('',(0.,-1.,0.));
#647 = ORIENTED_EDGE('',*,*,#648,.T.);
#648 = EDGE_CURVE('',#641,#334,#649,.T.);
#649 = LINE('',#650,#651);
#650 = CARTESIAN_POINT('',(5.874825565356,-33.74118877671,
    -19.48038115429));
#651 = VECTOR('',#652,1.);
#652 = DIRECTION('',(0.678598344546,0.281084637715,0.678598344546));
#653 = ORIENTED_EDGE('',*,*,#333,.F.);
#654 = PLANE('',#655);
#655 = AXIS2_PLACEMENT_3D('',#656,#657,#658);
#656 = CARTESIAN_POINT('',(5.1,-26.,-20.25520671964));
#657 = DIRECTION('',(0.707106781187,1.124258545907E-18,-0.707106781187)
  );
#658 = DIRECTION('',(-7.949708416177E-19,1.,7.949708416177E-19));
#659 = ADVANCED_FACE('',(#660),#678,.T.);
#660 = FACE_BOUND('',#661,.T.);
#661 = EDGE_LOOP('',(#662,#663,#664,#672));
#662 = ORIENTED_EDGE('',*,*,#349,.T.);
#663 = ORIENTED_EDGE('',*,*,#602,.T.);
#664 = ORIENTED_EDGE('',*,*,#665,.T.);
#665 = EDGE_CURVE('',#603,#666,#668,.T.);
#666 = VERTEX_POINT('',#667);
#667 = CARTESIAN_POINT('',(7.25,-36.,-8.405206719647));
#668 = LINE('',#669,#670);
#669 = CARTESIAN_POINT('',(7.25,-1.866330805377E-15,-8.405206719647));
#670 = VECTOR('',#671,1.);
#671 = DIRECTION('',(0.,-1.,2.22044604925E-16));
#672 = ORIENTED_EDGE('',*,*,#673,.F.);
#673 = EDGE_CURVE('',#342,#666,#674,.T.);
#674 = LINE('',#675,#676);
#675 = CARTESIAN_POINT('',(5.25,-34.,-8.405206719647));
#676 = VECTOR('',#677,1.);
#677 = DIRECTION('',(0.707106781187,-0.707106781187,0.));
#678 = PLANE('',#679);
#679 = AXIS2_PLACEMENT_3D('',#680,#681,#682);
#680 = CARTESIAN_POINT('',(6.405903758158,-20.,-8.405206719647));
#681 = DIRECTION('',(0.,0.,-1.));
#682 = DIRECTION('',(1.,0.,0.));
#683 = ADVANCED_FACE('',(#684),#702,.T.);
#684 = FACE_BOUND('',#685,.T.);
#685 = EDGE_LOOP('',(#686,#687,#688,#696));
#686 = ORIENTED_EDGE('',*,*,#341,.T.);
#687 = ORIENTED_EDGE('',*,*,#673,.T.);
#688 = ORIENTED_EDGE('',*,*,#689,.F.);
#689 = EDGE_CURVE('',#690,#666,#692,.T.);
#690 = VERTEX_POINT('',#691);
#691 = CARTESIAN_POINT('',(7.25,-36.,-20.10520671964));
#692 = LINE('',#693,#694);
#693 = CARTESIAN_POINT('',(7.25,-36.,-20.40520671964));
#694 = VECTOR('',#695,1.);
#695 = DIRECTION('',(0.,0.,1.));
#696 = ORIENTED_EDGE('',*,*,#697,.F.);
#697 = EDGE_CURVE('',#334,#690,#698,.T.);
#698 = LINE('',#699,#700);
#699 = CARTESIAN_POINT('',(5.25,-34.,-20.10520671964));
#700 = VECTOR('',#701,1.);
#701 = DIRECTION('',(0.707106781187,-0.707106781187,0.));
#702 = PLANE('',#703);
#703 = AXIS2_PLACEMENT_3D('',#704,#705,#706);
#704 = CARTESIAN_POINT('',(5.25,-34.,-20.40520671964));
#705 = DIRECTION('',(0.707106781187,0.707106781187,0.));
#706 = DIRECTION('',(0.707106781187,-0.707106781187,0.));
#707 = ADVANCED_FACE('',(#708),#728,.F.);
#708 = FACE_BOUND('',#709,.T.);
#709 = EDGE_LOOP('',(#710,#711,#712,#721));
#710 = ORIENTED_EDGE('',*,*,#396,.F.);
#711 = ORIENTED_EDGE('',*,*,#381,.T.);
#712 = ORIENTED_EDGE('',*,*,#713,.T.);
#713 = EDGE_CURVE('',#374,#714,#716,.T.);
#714 = VERTEX_POINT('',#715);
#715 = CARTESIAN_POINT('',(-1.55,-1.110223024625E-16,-8.255755568087));
#716 = PARABOLA('',#717,2.421840725564);
#717 = AXIS2_PLACEMENT_3D('',#718,#719,#720);
#718 = CARTESIAN_POINT('',(3.425,-4.975,-2.651534290924E-15));
#719 = DIRECTION('',(-0.707106781187,-0.707106781187,-2.68410883492E-18)
  );
#720 = DIRECTION('',(-0.707106781187,0.707106781187,-2.68410883492E-18)
  );
#721 = ORIENTED_EDGE('',*,*,#722,.F.);
#722 = EDGE_CURVE('',#397,#714,#723,.T.);
#723 = CIRCLE('',#724,8.4);
#724 = AXIS2_PLACEMENT_3D('',#725,#726,#727);
#725 = CARTESIAN_POINT('',(3.944304526105E-31,-8.931736859104E-17,
    -2.6645352591E-15));
#726 = DIRECTION('',(0.,-1.,0.));
#727 = DIRECTION('',(0.154320987654,0.,-0.988020765353));
#728 = CONICAL_SURFACE('',#729,8.1,0.785398163397);
#729 = AXIS2_PLACEMENT_3D('',#730,#731,#732);
#730 = CARTESIAN_POINT('',(3.944304526105E-31,-0.3,-2.6645352591E-15));
#731 = DIRECTION('',(0.,1.,0.));
#732 = DIRECTION('',(0.154320987654,0.,-0.988020765353));
#733 = ADVANCED_FACE('',(#734),#754,.F.);
#734 = FACE_BOUND('',#735,.F.);
#735 = EDGE_LOOP('',(#736,#737,#738,#747));
#736 = ORIENTED_EDGE('',*,*,#428,.F.);
#737 = ORIENTED_EDGE('',*,*,#364,.T.);
#738 = ORIENTED_EDGE('',*,*,#739,.T.);
#739 = EDGE_CURVE('',#365,#740,#742,.T.);
#740 = VERTEX_POINT('',#741);
#741 = CARTESIAN_POINT('',(-1.55,-40.,-8.255755568087));
#742 = PARABOLA('',#743,2.421840725564);
#743 = AXIS2_PLACEMENT_3D('',#744,#745,#746);
#744 = CARTESIAN_POINT('',(3.425,-35.025,-2.678779113354E-15));
#745 = DIRECTION('',(0.707106781187,-0.707106781187,-2.94070830154E-18)
  );
#746 = DIRECTION('',(-0.707106781187,-0.707106781187,2.94070830154E-18)
  );
#747 = ORIENTED_EDGE('',*,*,#748,.F.);
#748 = EDGE_CURVE('',#429,#740,#749,.T.);
#749 = CIRCLE('',#750,8.4);
#750 = AXIS2_PLACEMENT_3D('',#751,#752,#753);
#751 = CARTESIAN_POINT('',(3.944304526105E-31,-40.,-2.6645352591E-15));
#752 = DIRECTION('',(0.,-1.,0.));
#753 = DIRECTION('',(0.154320987654,0.,-0.988020765353));
#754 = CONICAL_SURFACE('',#755,8.1,0.785398163397);
#755 = AXIS2_PLACEMENT_3D('',#756,#757,#758);
#756 = CARTESIAN_POINT('',(3.944304526105E-31,-39.7,-2.6645352591E-15));
#757 = DIRECTION('',(-0.,-1.,-0.));
#758 = DIRECTION('',(0.154320987654,0.,-0.988020765353));
#759 = ADVANCED_FACE('',(#760,#771,#796),#807,.T.);
#760 = FACE_BOUND('',#761,.T.);
#761 = EDGE_LOOP('',(#762));
#762 = ORIENTED_EDGE('',*,*,#763,.T.);
#763 = EDGE_CURVE('',#764,#764,#766,.T.);
#764 = VERTEX_POINT('',#765);
#765 = CARTESIAN_POINT('',(-1.25,-11.9,-14.40520671964));
#766 = CIRCLE('',#767,1.9);
#767 = AXIS2_PLACEMENT_3D('',#768,#769,#770);
#768 = CARTESIAN_POINT('',(-1.25,-10.,-14.40520671964));
#769 = DIRECTION('',(-1.,0.,0.));
#770 = DIRECTION('',(0.,-1.,0.));
#771 = FACE_BOUND('',#772,.T.);
#772 = EDGE_LOOP('',(#773,#774,#782,#790));
#773 = ORIENTED_EDGE('',*,*,#373,.T.);
#774 = ORIENTED_EDGE('',*,*,#775,.T.);
#775 = EDGE_CURVE('',#365,#776,#778,.T.);
#776 = VERTEX_POINT('',#777);
#777 = CARTESIAN_POINT('',(-1.25,-39.7,-20.10520671964));
#778 = LINE('',#779,#780);
#779 = CARTESIAN_POINT('',(-1.25,-39.7,-8.002968199362));
#780 = VECTOR('',#781,1.);
#781 = DIRECTION('',(0.,-2.22044604925E-16,-1.));
#782 = ORIENTED_EDGE('',*,*,#783,.F.);
#783 = EDGE_CURVE('',#784,#776,#786,.T.);
#784 = VERTEX_POINT('',#785);
#785 = CARTESIAN_POINT('',(-1.25,-0.3,-20.10520671964));
#786 = LINE('',#787,#788);
#787 = CARTESIAN_POINT('',(-1.25,-4.464252683E-15,-20.10520671964));
#788 = VECTOR('',#789,1.);
#789 = DIRECTION('',(0.,-1.,2.22044604925E-16));
#790 = ORIENTED_EDGE('',*,*,#791,.F.);
#791 = EDGE_CURVE('',#374,#784,#792,.T.);
#792 = LINE('',#793,#794);
#793 = CARTESIAN_POINT('',(-1.25,-0.3,-8.002968199362));
#794 = VECTOR('',#795,1.);
#795 = DIRECTION('',(0.,-2.22044604925E-16,-1.));
#796 = FACE_BOUND('',#797,.T.);
#797 = EDGE_LOOP('',(#798));
#798 = ORIENTED_EDGE('',*,*,#799,.T.);
#799 = EDGE_CURVE('',#800,#800,#802,.T.);
#800 = VERTEX_POINT('',#801);
#801 = CARTESIAN_POINT('',(-1.25,-31.9,-14.40520671964));
#802 = CIRCLE('',#803,1.9);
#803 = AXIS2_PLACEMENT_3D('',#804,#805,#806);
#804 = CARTESIAN_POINT('',(-1.25,-30.,-14.40520671964));
#805 = DIRECTION('',(-1.,0.,0.));
#806 = DIRECTION('',(0.,-1.,0.));
#807 = PLANE('',#808);
#808 = AXIS2_PLACEMENT_3D('',#809,#810,#811);
#809 = CARTESIAN_POINT('',(-1.25,-1.777015912055E-15,-8.002968199362));
#810 = DIRECTION('',(1.,0.,0.));
#811 = DIRECTION('',(0.,-2.22044604925E-16,-1.));
#812 = ADVANCED_FACE('',(#813),#961,.T.);
#813 = FACE_BOUND('',#814,.T.);
#814 = EDGE_LOOP('',(#815,#816,#817,#825,#833,#841,#850,#858,#866,#874,
    #882,#890,#898,#906,#914,#922,#930,#938,#947,#955));
#815 = ORIENTED_EDGE('',*,*,#414,.F.);
#816 = ORIENTED_EDGE('',*,*,#722,.T.);
#817 = ORIENTED_EDGE('',*,*,#818,.T.);
#818 = EDGE_CURVE('',#714,#819,#821,.T.);
#819 = VERTEX_POINT('',#820);
#820 = CARTESIAN_POINT('',(-1.55,-9.211808016987E-16,-20.10520671964));
#821 = LINE('',#822,#823);
#822 = CARTESIAN_POINT('',(-1.55,-8.931736859104E-17,-8.002968199362));
#823 = VECTOR('',#824,1.);
#824 = DIRECTION('',(0.,-2.22044604925E-16,-1.));
#825 = ORIENTED_EDGE('',*,*,#826,.F.);
#826 = EDGE_CURVE('',#827,#819,#829,.T.);
#827 = VERTEX_POINT('',#828);
#828 = CARTESIAN_POINT('',(-6.95,-8.06423100389E-16,-20.10520671964));
#829 = LINE('',#830,#831);
#830 = CARTESIAN_POINT('',(-7.25,-8.931736859104E-17,-20.10520671964));
#831 = VECTOR('',#832,1.);
#832 = DIRECTION('',(1.,0.,0.));
#833 = ORIENTED_EDGE('',*,*,#834,.F.);
#834 = EDGE_CURVE('',#835,#827,#837,.T.);
#835 = VERTEX_POINT('',#836);
#836 = CARTESIAN_POINT('',(-6.95,3.053113317719E-16,-8.266649865574));
#837 = LINE('',#838,#839);
#838 = CARTESIAN_POINT('',(-6.95,-8.931736859104E-17,-8.405206719647));
#839 = VECTOR('',#840,1.);
#840 = DIRECTION('',(0.,-2.22044604925E-16,-1.));
#841 = ORIENTED_EDGE('',*,*,#842,.F.);
#842 = EDGE_CURVE('',#843,#835,#845,.T.);
#843 = VERTEX_POINT('',#844);
#844 = CARTESIAN_POINT('',(-10.8,-7.216449660064E-16,-1.7763568394E-15)
  );
#845 = CIRCLE('',#846,10.8);
#846 = AXIS2_PLACEMENT_3D('',#847,#848,#849);
#847 = CARTESIAN_POINT('',(3.944304526105E-31,-8.931736859104E-17,
    -2.6645352591E-15));
#848 = DIRECTION('',(-0.,-1.,0.));
#849 = DIRECTION('',(-1.,0.,1.224646799147E-16));
#850 = ORIENTED_EDGE('',*,*,#851,.F.);
#851 = EDGE_CURVE('',#852,#843,#854,.T.);
#852 = VERTEX_POINT('',#853);
#853 = CARTESIAN_POINT('',(-10.8,-8.931736859104E-17,6.7));
#854 = LINE('',#855,#856);
#855 = CARTESIAN_POINT('',(-10.8,-8.931736859104E-17,7.));
#856 = VECTOR('',#857,1.);
#857 = DIRECTION('',(0.,-2.22044604925E-16,-1.));
#858 = ORIENTED_EDGE('',*,*,#859,.T.);
#859 = EDGE_CURVE('',#852,#860,#862,.T.);
#860 = VERTEX_POINT('',#861);
#861 = CARTESIAN_POINT('',(-11.24695407764,-8.931736859104E-17,
    7.398000626963));
#862 = LINE('',#863,#864);
#863 = CARTESIAN_POINT('',(-7.617040984483,-8.931736859104E-17,
    1.729226715818));
#864 = VECTOR('',#865,1.);
#865 = DIRECTION('',(-0.539253690055,0.,0.842143371263));
#866 = ORIENTED_EDGE('',*,*,#867,.F.);
#867 = EDGE_CURVE('',#868,#860,#870,.T.);
#868 = VERTEX_POINT('',#869);
#869 = CARTESIAN_POINT('',(-19.60199937303,-8.931736859104E-17,
    11.246954077648));
#870 = LINE('',#871,#872);
#871 = CARTESIAN_POINT('',(-19.87447672534,-8.931736859104E-17,
    11.372477352305));
#872 = VECTOR('',#873,1.);
#873 = DIRECTION('',(0.908257841017,-9.290588643404E-17,-0.418410915525)
  );
#874 = ORIENTED_EDGE('',*,*,#875,.T.);
#875 = EDGE_CURVE('',#868,#876,#878,.T.);
#876 = VERTEX_POINT('',#877);
#877 = CARTESIAN_POINT('',(-19.7,-8.931736859104E-17,11.4));
#878 = LINE('',#879,#880);
#879 = CARTESIAN_POINT('',(-14.10680199484,-8.931736859104E-17,
    2.665197232637));
#880 = VECTOR('',#881,1.);
#881 = DIRECTION('',(-0.539253690055,0.,0.842143371263));
#882 = ORIENTED_EDGE('',*,*,#883,.F.);
#883 = EDGE_CURVE('',#884,#876,#886,.T.);
#884 = VERTEX_POINT('',#885);
#885 = CARTESIAN_POINT('',(-19.7,2.515025068531E-17,14.8));
#886 = LINE('',#887,#888);
#887 = CARTESIAN_POINT('',(-19.7,-8.931736859104E-17,15.1));
#888 = VECTOR('',#889,1.);
#889 = DIRECTION('',(0.,-2.22044604925E-16,-1.));
#890 = ORIENTED_EDGE('',*,*,#891,.T.);
#891 = EDGE_CURVE('',#884,#892,#894,.T.);
#892 = VERTEX_POINT('',#893);
#893 = CARTESIAN_POINT('',(19.7,2.709364859358E-16,14.8));
#894 = LINE('',#895,#896);
#895 = CARTESIAN_POINT('',(-20.,-8.931736859104E-17,14.8));
#896 = VECTOR('',#897,1.);
#897 = DIRECTION('',(1.,0.,0.));
#898 = ORIENTED_EDGE('',*,*,#899,.F.);
#899 = EDGE_CURVE('',#900,#892,#902,.T.);
#900 = VERTEX_POINT('',#901);
#901 = CARTESIAN_POINT('',(19.7,-8.931736859104E-17,11.4));
#902 = LINE('',#903,#904);
#903 = CARTESIAN_POINT('',(19.7,-8.931736859104E-17,11.1));
#904 = VECTOR('',#905,1.);
#905 = DIRECTION('',(0.,2.22044604925E-16,1.));
#906 = ORIENTED_EDGE('',*,*,#907,.T.);
#907 = EDGE_CURVE('',#900,#908,#910,.T.);
#908 = VERTEX_POINT('',#909);
#909 = CARTESIAN_POINT('',(19.601999373037,-8.931736859104E-17,
    11.246954077648));
#910 = LINE('',#911,#912);
#911 = CARTESIAN_POINT('',(14.15580230833,-8.931736859104E-17,
    2.741720193813));
#912 = VECTOR('',#913,1.);
#913 = DIRECTION('',(-0.539253690055,0.,-0.842143371263));
#914 = ORIENTED_EDGE('',*,*,#915,.T.);
#915 = EDGE_CURVE('',#908,#916,#918,.T.);
#916 = VERTEX_POINT('',#917);
#917 = CARTESIAN_POINT('',(11.246954077648,-8.931736859104E-17,
    7.398000626963));
#918 = LINE('',#919,#920);
#919 = CARTESIAN_POINT('',(19.874476725343,-8.931736859104E-17,
    11.372477352305));
#920 = VECTOR('',#921,1.);
#921 = DIRECTION('',(-0.908257841017,-9.290588643404E-17,-0.418410915525
    ));
#922 = ORIENTED_EDGE('',*,*,#923,.T.);
#923 = EDGE_CURVE('',#916,#924,#926,.T.);
#924 = VERTEX_POINT('',#925);
#925 = CARTESIAN_POINT('',(10.8,-8.931736859104E-17,6.7));
#926 = LINE('',#927,#928);
#927 = CARTESIAN_POINT('',(7.840518023307,-8.931736859104E-17,
    2.0782270293));
#928 = VECTOR('',#929,1.);
#929 = DIRECTION('',(-0.539253690055,0.,-0.842143371263));
#930 = ORIENTED_EDGE('',*,*,#931,.F.);
#931 = EDGE_CURVE('',#932,#924,#934,.T.);
#932 = VERTEX_POINT('',#933);
#933 = CARTESIAN_POINT('',(10.8,-1.110223024625E-16,-3.10838460042E-15)
  );
#934 = LINE('',#935,#936);
#935 = CARTESIAN_POINT('',(10.8,-8.931736859104E-17,-2.6645352591E-15));
#936 = VECTOR('',#937,1.);
#937 = DIRECTION('',(0.,2.22044604925E-16,1.));
#938 = ORIENTED_EDGE('',*,*,#939,.F.);
#939 = EDGE_CURVE('',#940,#932,#942,.T.);
#940 = VERTEX_POINT('',#941);
#941 = CARTESIAN_POINT('',(6.95,-1.110223024625E-16,-8.266649865574));
#942 = CIRCLE('',#943,10.8);
#943 = AXIS2_PLACEMENT_3D('',#944,#945,#946);
#944 = CARTESIAN_POINT('',(3.944304526105E-31,-8.931736859104E-17,
    -2.6645352591E-15));
#945 = DIRECTION('',(0.,-1.,0.));
#946 = DIRECTION('',(0.653153153153,0.,-0.757225830599));
#947 = ORIENTED_EDGE('',*,*,#948,.F.);
#948 = EDGE_CURVE('',#949,#940,#951,.T.);
#949 = VERTEX_POINT('',#950);
#950 = CARTESIAN_POINT('',(6.95,-4.386057541808E-16,-20.10520671964));
#951 = LINE('',#952,#953);
#952 = CARTESIAN_POINT('',(6.95,-8.931736859104E-17,-20.40520671964));
#953 = VECTOR('',#954,1.);
#954 = DIRECTION('',(0.,2.22044604925E-16,1.));
#955 = ORIENTED_EDGE('',*,*,#956,.F.);
#956 = EDGE_CURVE('',#407,#949,#957,.T.);
#957 = LINE('',#958,#959);
#958 = CARTESIAN_POINT('',(1.25,-8.931736859104E-17,-20.10520671964));
#959 = VECTOR('',#960,1.);
#960 = DIRECTION('',(1.,0.,0.));
#961 = PLANE('',#962);
#962 = AXIS2_PLACEMENT_3D('',#963,#964,#965);
#963 = CARTESIAN_POINT('',(1.423288031872E-15,-8.931736859104E-17,
    -0.402249667904));
#964 = DIRECTION('',(0.,1.,0.));
#965 = DIRECTION('',(0.,0.,1.));
#966 = ADVANCED_FACE('',(#967),#977,.T.);
#967 = FACE_BOUND('',#968,.T.);
#968 = EDGE_LOOP('',(#969,#975,#976));
#969 = ORIENTED_EDGE('',*,*,#970,.F.);
#970 = EDGE_CURVE('',#461,#407,#971,.T.);
#971 = LINE('',#972,#973);
#972 = CARTESIAN_POINT('',(1.55,-0.225,-20.33020671964));
#973 = VECTOR('',#974,1.);
#974 = DIRECTION('',(-4.539638610304E-15,0.707106781187,0.707106781187)
  );
#975 = ORIENTED_EDGE('',*,*,#460,.T.);
#976 = ORIENTED_EDGE('',*,*,#406,.F.);
#977 = PLANE('',#978);
#978 = AXIS2_PLACEMENT_3D('',#979,#980,#981);
#979 = CARTESIAN_POINT('',(1.55,-0.3,-20.40520671964));
#980 = DIRECTION('',(-0.57735026919,0.57735026919,-0.57735026919));
#981 = DIRECTION('',(-0.707106781187,-0.707106781187,-2.349454119481E-17
    ));
#982 = ADVANCED_FACE('',(#983),#1131,.F.);
#983 = FACE_BOUND('',#984,.F.);
#984 = EDGE_LOOP('',(#985,#986,#987,#995,#1003,#1011,#1020,#1028,#1036,
    #1044,#1052,#1060,#1068,#1076,#1084,#1092,#1100,#1108,#1117,#1125));
#985 = ORIENTED_EDGE('',*,*,#446,.F.);
#986 = ORIENTED_EDGE('',*,*,#748,.T.);
#987 = ORIENTED_EDGE('',*,*,#988,.T.);
#988 = EDGE_CURVE('',#740,#989,#991,.T.);
#989 = VERTEX_POINT('',#990);
#990 = CARTESIAN_POINT('',(-1.55,-40.,-20.10520671964));
#991 = LINE('',#992,#993);
#992 = CARTESIAN_POINT('',(-1.55,-40.,-8.002968199362));
#993 = VECTOR('',#994,1.);
#994 = DIRECTION('',(0.,-2.22044604925E-16,-1.));
#995 = ORIENTED_EDGE('',*,*,#996,.F.);
#996 = EDGE_CURVE('',#997,#989,#999,.T.);
#997 = VERTEX_POINT('',#998);
#998 = CARTESIAN_POINT('',(-6.95,-40.,-20.10520671964));
#999 = LINE('',#1000,#1001);
#1000 = CARTESIAN_POINT('',(-7.25,-40.,-20.10520671964));
#1001 = VECTOR('',#1002,1.);
#1002 = DIRECTION('',(1.,0.,0.));
#1003 = ORIENTED_EDGE('',*,*,#1004,.F.);
#1004 = EDGE_CURVE('',#1005,#997,#1007,.T.);
#1005 = VERTEX_POINT('',#1006);
#1006 = CARTESIAN_POINT('',(-6.95,-40.,-8.266649865574));
#1007 = LINE('',#1008,#1009);
#1008 = CARTESIAN_POINT('',(-6.95,-40.,-8.405206719647));
#1009 = VECTOR('',#1010,1.);
#1010 = DIRECTION('',(0.,-2.22044604925E-16,-1.));
#1011 = ORIENTED_EDGE('',*,*,#1012,.F.);
#1012 = EDGE_CURVE('',#1013,#1005,#1015,.T.);
#1013 = VERTEX_POINT('',#1014);
#1014 = CARTESIAN_POINT('',(-10.8,-40.,7.105427357601E-15));
#1015 = CIRCLE('',#1016,10.8);
#1016 = AXIS2_PLACEMENT_3D('',#1017,#1018,#1019);
#1017 = CARTESIAN_POINT('',(3.944304526105E-31,-40.,-2.6645352591E-15));
#1018 = DIRECTION('',(-0.,-1.,0.));
#1019 = DIRECTION('',(-1.,0.,9.226254183833E-16));
#1020 = ORIENTED_EDGE('',*,*,#1021,.F.);
#1021 = EDGE_CURVE('',#1022,#1013,#1024,.T.);
#1022 = VERTEX_POINT('',#1023);
#1023 = CARTESIAN_POINT('',(-10.8,-40.,6.7));
#1024 = LINE('',#1025,#1026);
#1025 = CARTESIAN_POINT('',(-10.8,-40.,7.));
#1026 = VECTOR('',#1027,1.);
#1027 = DIRECTION('',(0.,-2.22044604925E-16,-1.));
#1028 = ORIENTED_EDGE('',*,*,#1029,.T.);
#1029 = EDGE_CURVE('',#1022,#1030,#1032,.T.);
#1030 = VERTEX_POINT('',#1031);
#1031 = CARTESIAN_POINT('',(-11.24695407764,-40.,7.398000626963));
#1032 = LINE('',#1033,#1034);
#1033 = CARTESIAN_POINT('',(-7.617040984483,-40.,1.729226715818));
#1034 = VECTOR('',#1035,1.);
#1035 = DIRECTION('',(-0.539253690055,0.,0.842143371263));
#1036 = ORIENTED_EDGE('',*,*,#1037,.F.);
#1037 = EDGE_CURVE('',#1038,#1030,#1040,.T.);
#1038 = VERTEX_POINT('',#1039);
#1039 = CARTESIAN_POINT('',(-19.60199937303,-40.,11.246954077648));
#1040 = LINE('',#1041,#1042);
#1041 = CARTESIAN_POINT('',(-19.87447672534,-40.,11.372477352305));
#1042 = VECTOR('',#1043,1.);
#1043 = DIRECTION('',(0.908257841017,-9.290588643404E-17,-0.418410915525
    ));
#1044 = ORIENTED_EDGE('',*,*,#1045,.T.);
#1045 = EDGE_CURVE('',#1038,#1046,#1048,.T.);
#1046 = VERTEX_POINT('',#1047);
#1047 = CARTESIAN_POINT('',(-19.7,-40.,11.4));
#1048 = LINE('',#1049,#1050);
#1049 = CARTESIAN_POINT('',(-14.10680199484,-40.,2.665197232637));
#1050 = VECTOR('',#1051,1.);
#1051 = DIRECTION('',(-0.539253690055,0.,0.842143371263));
#1052 = ORIENTED_EDGE('',*,*,#1053,.F.);
#1053 = EDGE_CURVE('',#1054,#1046,#1056,.T.);
#1054 = VERTEX_POINT('',#1055);
#1055 = CARTESIAN_POINT('',(-19.7,-40.,14.8));
#1056 = LINE('',#1057,#1058);
#1057 = CARTESIAN_POINT('',(-19.7,-40.,15.1));
#1058 = VECTOR('',#1059,1.);
#1059 = DIRECTION('',(0.,-2.22044604925E-16,-1.));
#1060 = ORIENTED_EDGE('',*,*,#1061,.T.);
#1061 = EDGE_CURVE('',#1054,#1062,#1064,.T.);
#1062 = VERTEX_POINT('',#1063);
#1063 = CARTESIAN_POINT('',(19.7,-40.,14.8));
#1064 = LINE('',#1065,#1066);
#1065 = CARTESIAN_POINT('',(-20.,-40.,14.8));
#1066 = VECTOR('',#1067,1.);
#1067 = DIRECTION('',(1.,0.,0.));
#1068 = ORIENTED_EDGE('',*,*,#1069,.F.);
#1069 = EDGE_CURVE('',#1070,#1062,#1072,.T.);
#1070 = VERTEX_POINT('',#1071);
#1071 = CARTESIAN_POINT('',(19.7,-40.,11.4));
#1072 = LINE('',#1073,#1074);
#1073 = CARTESIAN_POINT('',(19.7,-40.,11.1));
#1074 = VECTOR('',#1075,1.);
#1075 = DIRECTION('',(0.,2.22044604925E-16,1.));
#1076 = ORIENTED_EDGE('',*,*,#1077,.T.);
#1077 = EDGE_CURVE('',#1070,#1078,#1080,.T.);
#1078 = VERTEX_POINT('',#1079);
#1079 = CARTESIAN_POINT('',(19.601999373037,-40.,11.246954077648));
#1080 = LINE('',#1081,#1082);
#1081 = CARTESIAN_POINT('',(14.15580230833,-40.,2.741720193813));
#1082 = VECTOR('',#1083,1.);
#1083 = DIRECTION('',(-0.539253690055,0.,-0.842143371263));
#1084 = ORIENTED_EDGE('',*,*,#1085,.T.);
#1085 = EDGE_CURVE('',#1078,#1086,#1088,.T.);
#1086 = VERTEX_POINT('',#1087);
#1087 = CARTESIAN_POINT('',(11.246954077648,-40.,7.398000626963));
#1088 = LINE('',#1089,#1090);
#1089 = CARTESIAN_POINT('',(19.874476725343,-40.,11.372477352305));
#1090 = VECTOR('',#1091,1.);
#1091 = DIRECTION('',(-0.908257841017,-9.290588643404E-17,
    -0.418410915525));
#1092 = ORIENTED_EDGE('',*,*,#1093,.T.);
#1093 = EDGE_CURVE('',#1086,#1094,#1096,.T.);
#1094 = VERTEX_POINT('',#1095);
#1095 = CARTESIAN_POINT('',(10.8,-40.,6.7));
#1096 = LINE('',#1097,#1098);
#1097 = CARTESIAN_POINT('',(7.840518023307,-40.,2.0782270293));
#1098 = VECTOR('',#1099,1.);
#1099 = DIRECTION('',(-0.539253690055,0.,-0.842143371263));
#1100 = ORIENTED_EDGE('',*,*,#1101,.F.);
#1101 = EDGE_CURVE('',#1102,#1094,#1104,.T.);
#1102 = VERTEX_POINT('',#1103);
#1103 = CARTESIAN_POINT('',(10.8,-40.,2.793801046709E-15));
#1104 = LINE('',#1105,#1106);
#1105 = CARTESIAN_POINT('',(10.8,-40.,6.217248937901E-15));
#1106 = VECTOR('',#1107,1.);
#1107 = DIRECTION('',(0.,2.22044604925E-16,1.));
#1108 = ORIENTED_EDGE('',*,*,#1109,.F.);
#1109 = EDGE_CURVE('',#1110,#1102,#1112,.T.);
#1110 = VERTEX_POINT('',#1111);
#1111 = CARTESIAN_POINT('',(6.95,-40.,-8.266649865574));
#1112 = CIRCLE('',#1113,10.8);
#1113 = AXIS2_PLACEMENT_3D('',#1114,#1115,#1116);
#1114 = CARTESIAN_POINT('',(3.944304526105E-31,-40.,-2.6645352591E-15));
#1115 = DIRECTION('',(0.,-1.,0.));
#1116 = DIRECTION('',(0.653153153153,0.,-0.757225830599));
#1117 = ORIENTED_EDGE('',*,*,#1118,.F.);
#1118 = EDGE_CURVE('',#1119,#1110,#1121,.T.);
#1119 = VERTEX_POINT('',#1120);
#1120 = CARTESIAN_POINT('',(6.95,-40.,-20.10520671964));
#1121 = LINE('',#1122,#1123);
#1122 = CARTESIAN_POINT('',(6.95,-40.,-20.40520671964));
#1123 = VECTOR('',#1124,1.);
#1124 = DIRECTION('',(0.,2.22044604925E-16,1.));
#1125 = ORIENTED_EDGE('',*,*,#1126,.F.);
#1126 = EDGE_CURVE('',#439,#1119,#1127,.T.);
#1127 = LINE('',#1128,#1129);
#1128 = CARTESIAN_POINT('',(1.25,-40.,-20.10520671964));
#1129 = VECTOR('',#1130,1.);
#1130 = DIRECTION('',(1.,0.,0.));
#1131 = PLANE('',#1132);
#1132 = AXIS2_PLACEMENT_3D('',#1133,#1134,#1135);
#1133 = CARTESIAN_POINT('',(1.423288031872E-15,-40.,-0.402249667904));
#1134 = DIRECTION('',(0.,1.,0.));
#1135 = DIRECTION('',(0.,0.,1.));
#1136 = ADVANCED_FACE('',(#1137),#1147,.F.);
#1137 = FACE_BOUND('',#1138,.F.);
#1138 = EDGE_LOOP('',(#1139,#1145,#1146));
#1139 = ORIENTED_EDGE('',*,*,#1140,.F.);
#1140 = EDGE_CURVE('',#470,#439,#1141,.T.);
#1141 = LINE('',#1142,#1143);
#1142 = CARTESIAN_POINT('',(1.55,-39.775,-20.33020671964));
#1143 = VECTOR('',#1144,1.);
#1144 = DIRECTION('',(4.303024240913E-15,-0.707106781187,0.707106781187)
  );
#1145 = ORIENTED_EDGE('',*,*,#469,.T.);
#1146 = ORIENTED_EDGE('',*,*,#438,.F.);
#1147 = PLANE('',#1148);
#1148 = AXIS2_PLACEMENT_3D('',#1149,#1150,#1151);
#1149 = CARTESIAN_POINT('',(1.55,-39.7,-20.40520671964));
#1150 = DIRECTION('',(0.57735026919,0.57735026919,0.57735026919));
#1151 = DIRECTION('',(-0.707106781187,0.707106781187,-3.059698670026E-17
    ));
#1152 = ADVANCED_FACE('',(#1153),#1233,.F.);
#1153 = FACE_BOUND('',#1154,.F.);
#1154 = EDGE_LOOP('',(#1155,#1163,#1171,#1177,#1178,#1186,#1194,#1202,
    #1210,#1218,#1226,#1232));
#1155 = ORIENTED_EDGE('',*,*,#1156,.T.);
#1156 = EDGE_CURVE('',#470,#1157,#1159,.T.);
#1157 = VERTEX_POINT('',#1158);
#1158 = CARTESIAN_POINT('',(6.95,-39.7,-20.40520671964));
#1159 = LINE('',#1160,#1161);
#1160 = CARTESIAN_POINT('',(1.25,-39.7,-20.40520671964));
#1161 = VECTOR('',#1162,1.);
#1162 = DIRECTION('',(1.,0.,0.));
#1163 = ORIENTED_EDGE('',*,*,#1164,.F.);
#1164 = EDGE_CURVE('',#1165,#1157,#1167,.T.);
#1165 = VERTEX_POINT('',#1166);
#1166 = CARTESIAN_POINT('',(6.95,-36.12426406871,-20.40520671964));
#1167 = LINE('',#1168,#1169);
#1168 = CARTESIAN_POINT('',(6.95,-36.,-20.40520671964));
#1169 = VECTOR('',#1170,1.);
#1170 = DIRECTION('',(0.,-1.,2.22044604925E-16));
#1171 = ORIENTED_EDGE('',*,*,#1172,.F.);
#1172 = EDGE_CURVE('',#641,#1165,#1173,.T.);
#1173 = LINE('',#1174,#1175);
#1174 = CARTESIAN_POINT('',(5.037867965644,-34.21213203435,
    -20.40520671964));
#1175 = VECTOR('',#1176,1.);
#1176 = DIRECTION('',(0.707106781187,-0.707106781187,0.));
#1177 = ORIENTED_EDGE('',*,*,#640,.F.);
#1178 = ORIENTED_EDGE('',*,*,#1179,.T.);
#1179 = EDGE_CURVE('',#633,#1180,#1182,.T.);
#1180 = VERTEX_POINT('',#1181);
#1181 = CARTESIAN_POINT('',(6.95,-23.87573593128,-20.40520671964));
#1182 = LINE('',#1183,#1184);
#1183 = CARTESIAN_POINT('',(5.037867965644,-25.78786796564,
    -20.40520671964));
#1184 = VECTOR('',#1185,1.);
#1185 = DIRECTION('',(0.707106781187,0.707106781187,0.));
#1186 = ORIENTED_EDGE('',*,*,#1187,.F.);
#1187 = EDGE_CURVE('',#1188,#1180,#1190,.T.);
#1188 = VERTEX_POINT('',#1189);
#1189 = CARTESIAN_POINT('',(6.95,-16.12426406871,-20.40520671964));
#1190 = LINE('',#1191,#1192);
#1191 = CARTESIAN_POINT('',(6.95,-16.,-20.40520671964));
#1192 = VECTOR('',#1193,1.);
#1193 = DIRECTION('',(0.,-1.,2.22044604925E-16));
#1194 = ORIENTED_EDGE('',*,*,#1195,.F.);
#1195 = EDGE_CURVE('',#1196,#1188,#1198,.T.);
#1196 = VERTEX_POINT('',#1197);
#1197 = CARTESIAN_POINT('',(4.95,-14.12426406871,-20.40520671964));
#1198 = LINE('',#1199,#1200);
#1199 = CARTESIAN_POINT('',(5.037867965644,-14.21213203435,
    -20.40520671964));
#1200 = VECTOR('',#1201,1.);
#1201 = DIRECTION('',(0.707106781187,-0.707106781187,0.));
#1202 = ORIENTED_EDGE('',*,*,#1203,.F.);
#1203 = EDGE_CURVE('',#1204,#1196,#1206,.T.);
#1204 = VERTEX_POINT('',#1205);
#1205 = CARTESIAN_POINT('',(4.95,-5.875735931288,-20.40520671964));
#1206 = LINE('',#1207,#1208);
#1207 = CARTESIAN_POINT('',(4.95,-6.,-20.40520671964));
#1208 = VECTOR('',#1209,1.);
#1209 = DIRECTION('',(0.,-1.,0.));
#1210 = ORIENTED_EDGE('',*,*,#1211,.T.);
#1211 = EDGE_CURVE('',#1204,#1212,#1214,.T.);
#1212 = VERTEX_POINT('',#1213);
#1213 = CARTESIAN_POINT('',(6.95,-3.875735931288,-20.40520671964));
#1214 = LINE('',#1215,#1216);
#1215 = CARTESIAN_POINT('',(5.037867965644,-5.787867965644,
    -20.40520671964));
#1216 = VECTOR('',#1217,1.);
#1217 = DIRECTION('',(0.707106781187,0.707106781187,0.));
#1218 = ORIENTED_EDGE('',*,*,#1219,.F.);
#1219 = EDGE_CURVE('',#1220,#1212,#1222,.T.);
#1220 = VERTEX_POINT('',#1221);
#1221 = CARTESIAN_POINT('',(6.95,-0.3,-20.40520671964));
#1222 = LINE('',#1223,#1224);
#1223 = CARTESIAN_POINT('',(6.95,-4.530866064478E-15,-20.40520671964));
#1224 = VECTOR('',#1225,1.);
#1225 = DIRECTION('',(0.,-1.,2.22044604925E-16));
#1226 = ORIENTED_EDGE('',*,*,#1227,.F.);
#1227 = EDGE_CURVE('',#461,#1220,#1228,.T.);
#1228 = LINE('',#1229,#1230);
#1229 = CARTESIAN_POINT('',(1.25,-0.3,-20.40520671964));
#1230 = VECTOR('',#1231,1.);
#1231 = DIRECTION('',(1.,0.,0.));
#1232 = ORIENTED_EDGE('',*,*,#477,.T.);
#1233 = PLANE('',#1234);
#1234 = AXIS2_PLACEMENT_3D('',#1235,#1236,#1237);
#1235 = CARTESIAN_POINT('',(1.25,-4.530866064478E-15,-20.40520671964));
#1236 = DIRECTION('',(0.,2.22044604925E-16,1.));
#1237 = DIRECTION('',(1.,0.,0.));
#1238 = ADVANCED_FACE('',(#1239),#1265,.F.);
#1239 = FACE_BOUND('',#1240,.F.);
#1240 = EDGE_LOOP('',(#1241,#1249,#1250,#1258));
#1241 = ORIENTED_EDGE('',*,*,#1242,.F.);
#1242 = EDGE_CURVE('',#500,#1243,#1245,.T.);
#1243 = VERTEX_POINT('',#1244);
#1244 = CARTESIAN_POINT('',(5.25,-11.9,-15.40520671964));
#1245 = LINE('',#1246,#1247);
#1246 = CARTESIAN_POINT('',(5.1,-11.75,-15.40520671964));
#1247 = VECTOR('',#1248,1.);
#1248 = DIRECTION('',(0.707106781187,-0.707106781187,8.705818558065E-35)
  );
#1249 = ORIENTED_EDGE('',*,*,#499,.T.);
#1250 = ORIENTED_EDGE('',*,*,#1251,.T.);
#1251 = EDGE_CURVE('',#492,#1252,#1254,.T.);
#1252 = VERTEX_POINT('',#1253);
#1253 = CARTESIAN_POINT('',(5.25,-8.1,-15.40520671964));
#1254 = LINE('',#1255,#1256);
#1255 = CARTESIAN_POINT('',(4.95,-8.4,-15.40520671964));
#1256 = VECTOR('',#1257,1.);
#1257 = DIRECTION('',(0.707106781187,0.707106781187,2.205170806182E-14)
  );
#1258 = ORIENTED_EDGE('',*,*,#1259,.F.);
#1259 = EDGE_CURVE('',#1243,#1252,#1260,.T.);
#1260 = CIRCLE('',#1261,1.9);
#1261 = AXIS2_PLACEMENT_3D('',#1262,#1263,#1264);
#1262 = CARTESIAN_POINT('',(5.25,-10.,-15.40520671964));
#1263 = DIRECTION('',(1.,0.,0.));
#1264 = DIRECTION('',(0.,-1.,-1.000310945187E-12));
#1265 = CONICAL_SURFACE('',#1266,1.6,0.785398163397);
#1266 = AXIS2_PLACEMENT_3D('',#1267,#1268,#1269);
#1267 = CARTESIAN_POINT('',(4.95,-10.,-15.40520671964));
#1268 = DIRECTION('',(1.,0.,0.));
#1269 = DIRECTION('',(0.,-1.,-1.000310945187E-12));
#1270 = ADVANCED_FACE('',(#1271),#1289,.F.);
#1271 = FACE_BOUND('',#1272,.F.);
#1272 = EDGE_LOOP('',(#1273,#1274,#1275,#1283));
#1273 = ORIENTED_EDGE('',*,*,#1251,.F.);
#1274 = ORIENTED_EDGE('',*,*,#524,.T.);
#1275 = ORIENTED_EDGE('',*,*,#1276,.T.);
#1276 = EDGE_CURVE('',#525,#1277,#1279,.T.);
#1277 = VERTEX_POINT('',#1278);
#1278 = CARTESIAN_POINT('',(5.25,-8.1,-14.40520671964));
#1279 = LINE('',#1280,#1281);
#1280 = CARTESIAN_POINT('',(4.95,-8.4,-14.40520671964));
#1281 = VECTOR('',#1282,1.);
#1282 = DIRECTION('',(0.707106781187,0.707106781187,7.510693700297E-13)
  );
#1283 = ORIENTED_EDGE('',*,*,#1284,.F.);
#1284 = EDGE_CURVE('',#1252,#1277,#1285,.T.);
#1285 = LINE('',#1286,#1287);
#1286 = CARTESIAN_POINT('',(5.25,-8.1,-15.40520671964));
#1287 = VECTOR('',#1288,1.);
#1288 = DIRECTION('',(0.,8.526512829121E-14,1.));
#1289 = PLANE('',#1290);
#1290 = AXIS2_PLACEMENT_3D('',#1291,#1292,#1293);
#1291 = CARTESIAN_POINT('',(5.1,-8.25,-15.40520671964));
#1292 = DIRECTION('',(-0.707106781187,0.707106781187,-6.029008399857E-14
    ));
#1293 = DIRECTION('',(1.036911910444E-18,8.52640913793E-14,1.));
#1294 = ADVANCED_FACE('',(#1295),#1314,.F.);
#1295 = FACE_BOUND('',#1296,.F.);
#1296 = EDGE_LOOP('',(#1297,#1298,#1299,#1307));
#1297 = ORIENTED_EDGE('',*,*,#1276,.F.);
#1298 = ORIENTED_EDGE('',*,*,#555,.T.);
#1299 = ORIENTED_EDGE('',*,*,#1300,.T.);
#1300 = EDGE_CURVE('',#548,#1301,#1303,.T.);
#1301 = VERTEX_POINT('',#1302);
#1302 = CARTESIAN_POINT('',(5.25,-11.9,-14.40520671964));
#1303 = LINE('',#1304,#1305);
#1304 = CARTESIAN_POINT('',(4.95,-11.6,-14.40520671964));
#1305 = VECTOR('',#1306,1.);
#1306 = DIRECTION('',(0.707106781187,-0.707106781187,-6.664801966717E-15
    ));
#1307 = ORIENTED_EDGE('',*,*,#1308,.F.);
#1308 = EDGE_CURVE('',#1277,#1301,#1309,.T.);
#1309 = CIRCLE('',#1310,1.9);
#1310 = AXIS2_PLACEMENT_3D('',#1311,#1312,#1313);
#1311 = CARTESIAN_POINT('',(5.25,-10.,-14.40520671964));
#1312 = DIRECTION('',(1.,0.,-0.));
#1313 = DIRECTION('',(0.,1.,1.062483434566E-12));
#1314 = CONICAL_SURFACE('',#1315,1.6,0.785398163397);
#1315 = AXIS2_PLACEMENT_3D('',#1316,#1317,#1318);
#1316 = CARTESIAN_POINT('',(4.95,-10.,-14.40520671964));
#1317 = DIRECTION('',(1.,0.,0.));
#1318 = DIRECTION('',(0.,1.,1.062483434566E-12));
#1319 = ADVANCED_FACE('',(#1320),#1331,.T.);
#1320 = FACE_BOUND('',#1321,.F.);
#1321 = EDGE_LOOP('',(#1322,#1323,#1324,#1325));
#1322 = ORIENTED_EDGE('',*,*,#1300,.F.);
#1323 = ORIENTED_EDGE('',*,*,#573,.T.);
#1324 = ORIENTED_EDGE('',*,*,#1242,.T.);
#1325 = ORIENTED_EDGE('',*,*,#1326,.F.);
#1326 = EDGE_CURVE('',#1301,#1243,#1327,.T.);
#1327 = LINE('',#1328,#1329);
#1328 = CARTESIAN_POINT('',(5.25,-11.9,-14.40520671964));
#1329 = VECTOR('',#1330,1.);
#1330 = DIRECTION('',(0.,0.,-1.));
#1331 = PLANE('',#1332);
#1332 = AXIS2_PLACEMENT_3D('',#1333,#1334,#1335);
#1333 = CARTESIAN_POINT('',(5.1,-11.75,-14.40520671964));
#1334 = DIRECTION('',(0.707106781187,0.707106781187,-1.683932972118E-18)
  );
#1335 = DIRECTION('',(1.190720423648E-18,1.190720423648E-18,1.));
#1336 = ADVANCED_FACE('',(#1337),#1348,.T.);
#1337 = FACE_BOUND('',#1338,.T.);
#1338 = EDGE_LOOP('',(#1339,#1340,#1341,#1347));
#1339 = ORIENTED_EDGE('',*,*,#632,.F.);
#1340 = ORIENTED_EDGE('',*,*,#1179,.T.);
#1341 = ORIENTED_EDGE('',*,*,#1342,.T.);
#1342 = EDGE_CURVE('',#1180,#611,#1343,.T.);
#1343 = LINE('',#1344,#1345);
#1344 = CARTESIAN_POINT('',(6.079124863322,-23.51500763854,
    -21.27608185632));
#1345 = VECTOR('',#1346,1.);
#1346 = DIRECTION('',(0.678598344546,-0.281084637715,0.678598344546));
#1347 = ORIENTED_EDGE('',*,*,#618,.F.);
#1348 = PLANE('',#1349);
#1349 = AXIS2_PLACEMENT_3D('',#1350,#1351,#1352);
#1350 = CARTESIAN_POINT('',(5.143933982822,-25.89393398282,
    -20.25520671964));
#1351 = DIRECTION('',(0.5,-0.5,-0.707106781187));
#1352 = DIRECTION('',(0.707106781187,0.707106781187,-1.942890293094E-16)
  );
#1353 = ADVANCED_FACE('',(#1354),#1379,.F.);
#1354 = FACE_BOUND('',#1355,.F.);
#1355 = EDGE_LOOP('',(#1356,#1366,#1372,#1373));
#1356 = ORIENTED_EDGE('',*,*,#1357,.F.);
#1357 = EDGE_CURVE('',#1358,#1360,#1362,.T.);
#1358 = VERTEX_POINT('',#1359);
#1359 = CARTESIAN_POINT('',(7.25,-16.,-20.10520671964));
#1360 = VERTEX_POINT('',#1361);
#1361 = CARTESIAN_POINT('',(7.25,-16.,-8.405206719647));
#1362 = LINE('',#1363,#1364);
#1363 = CARTESIAN_POINT('',(7.25,-16.,-20.40520671964));
#1364 = VECTOR('',#1365,1.);
#1365 = DIRECTION('',(0.,0.,1.));
#1366 = ORIENTED_EDGE('',*,*,#1367,.T.);
#1367 = EDGE_CURVE('',#1358,#611,#1368,.T.);
#1368 = LINE('',#1369,#1370);
#1369 = CARTESIAN_POINT('',(7.25,-16.,-20.10520671964));
#1370 = VECTOR('',#1371,1.);
#1371 = DIRECTION('',(0.,-1.,2.22044604925E-16));
#1372 = ORIENTED_EDGE('',*,*,#610,.T.);
#1373 = ORIENTED_EDGE('',*,*,#1374,.F.);
#1374 = EDGE_CURVE('',#1360,#603,#1375,.T.);
#1375 = LINE('',#1376,#1377);
#1376 = CARTESIAN_POINT('',(7.25,-1.866330805377E-15,-8.405206719647));
#1377 = VECTOR('',#1378,1.);
#1378 = DIRECTION('',(0.,-1.,2.22044604925E-16));
#1379 = PLANE('',#1380);
#1380 = AXIS2_PLACEMENT_3D('',#1381,#1382,#1383);
#1381 = CARTESIAN_POINT('',(7.25,-4.530866064478E-15,-20.40520671964));
#1382 = DIRECTION('',(-1.,0.,0.));
#1383 = DIRECTION('',(0.,2.22044604925E-16,1.));
#1384 = ADVANCED_FACE('',(#1385),#1396,.F.);
#1385 = FACE_BOUND('',#1386,.F.);
#1386 = EDGE_LOOP('',(#1387,#1388,#1389,#1395));
#1387 = ORIENTED_EDGE('',*,*,#648,.F.);
#1388 = ORIENTED_EDGE('',*,*,#1172,.T.);
#1389 = ORIENTED_EDGE('',*,*,#1390,.T.);
#1390 = EDGE_CURVE('',#1165,#690,#1391,.T.);
#1391 = LINE('',#1392,#1393);
#1392 = CARTESIAN_POINT('',(6.842099142644,-36.16895806722,-20.513107577
    ));
#1393 = VECTOR('',#1394,1.);
#1394 = DIRECTION('',(0.678598344546,0.281084637715,0.678598344546));
#1395 = ORIENTED_EDGE('',*,*,#697,.F.);
#1396 = PLANE('',#1397);
#1397 = AXIS2_PLACEMENT_3D('',#1398,#1399,#1400);
#1398 = CARTESIAN_POINT('',(5.143933982822,-34.10606601717,
    -20.25520671964));
#1399 = DIRECTION('',(-0.5,-0.5,0.707106781187));
#1400 = DIRECTION('',(0.707106781187,-0.707106781187,3.053113317719E-16)
  );
#1401 = ADVANCED_FACE('',(#1402),#1454,.T.);
#1402 = FACE_BOUND('',#1403,.F.);
#1403 = EDGE_LOOP('',(#1404,#1414,#1420,#1421,#1422,#1430,#1439,#1447));
#1404 = ORIENTED_EDGE('',*,*,#1405,.T.);
#1405 = EDGE_CURVE('',#1406,#1408,#1410,.T.);
#1406 = VERTEX_POINT('',#1407);
#1407 = CARTESIAN_POINT('',(7.25,-0.3,-8.405206719647));
#1408 = VERTEX_POINT('',#1409);
#1409 = CARTESIAN_POINT('',(7.25,-4.,-8.405206719647));
#1410 = LINE('',#1411,#1412);
#1411 = CARTESIAN_POINT('',(7.25,-1.866330805377E-15,-8.405206719647));
#1412 = VECTOR('',#1413,1.);
#1413 = DIRECTION('',(0.,-1.,2.22044604925E-16));
#1414 = ORIENTED_EDGE('',*,*,#1415,.T.);
#1415 = EDGE_CURVE('',#1408,#1360,#1416,.T.);
#1416 = LINE('',#1417,#1418);
#1417 = CARTESIAN_POINT('',(7.25,-1.866330805377E-15,-8.405206719647));
#1418 = VECTOR('',#1419,1.);
#1419 = DIRECTION('',(0.,-1.,2.22044604925E-16));
#1420 = ORIENTED_EDGE('',*,*,#1374,.T.);
#1421 = ORIENTED_EDGE('',*,*,#665,.T.);
#1422 = ORIENTED_EDGE('',*,*,#1423,.T.);
#1423 = EDGE_CURVE('',#666,#1424,#1426,.T.);
#1424 = VERTEX_POINT('',#1425);
#1425 = CARTESIAN_POINT('',(7.25,-39.7,-8.405206719647));
#1426 = LINE('',#1427,#1428);
#1427 = CARTESIAN_POINT('',(7.25,-1.866330805377E-15,-8.405206719647));
#1428 = VECTOR('',#1429,1.);
#1429 = DIRECTION('',(0.,-1.,2.22044604925E-16));
#1430 = ORIENTED_EDGE('',*,*,#1431,.T.);
#1431 = EDGE_CURVE('',#1424,#1432,#1434,.T.);
#1432 = VERTEX_POINT('',#1433);
#1433 = CARTESIAN_POINT('',(11.1,-39.7,4.410887232896E-15));
#1434 = CIRCLE('',#1435,11.1);
#1435 = AXIS2_PLACEMENT_3D('',#1436,#1437,#1438);
#1436 = CARTESIAN_POINT('',(3.944304526105E-31,-39.7,-2.6645352591E-15)
  );
#1437 = DIRECTION('',(0.,-1.,0.));
#1438 = DIRECTION('',(0.653153153153,0.,-0.757225830599));
#1439 = ORIENTED_EDGE('',*,*,#1440,.F.);
#1440 = EDGE_CURVE('',#1441,#1432,#1443,.T.);
#1441 = VERTEX_POINT('',#1442);
#1442 = CARTESIAN_POINT('',(11.1,-0.3,-2.444739944165E-15));
#1443 = LINE('',#1444,#1445);
#1444 = CARTESIAN_POINT('',(11.1,-8.934837786368E-31,-4.02389321253E-15)
  );
#1445 = VECTOR('',#1446,1.);
#1446 = DIRECTION('',(0.,-1.,2.22044604925E-16));
#1447 = ORIENTED_EDGE('',*,*,#1448,.F.);
#1448 = EDGE_CURVE('',#1406,#1441,#1449,.T.);
#1449 = CIRCLE('',#1450,11.1);
#1450 = AXIS2_PLACEMENT_3D('',#1451,#1452,#1453);
#1451 = CARTESIAN_POINT('',(3.944304526105E-31,-0.3,-2.6645352591E-15));
#1452 = DIRECTION('',(0.,-1.,0.));
#1453 = DIRECTION('',(0.653153153153,0.,-0.757225830599));
#1454 = CYLINDRICAL_SURFACE('',#1455,11.1);
#1455 = AXIS2_PLACEMENT_3D('',#1456,#1457,#1458);
#1456 = CARTESIAN_POINT('',(3.838428220124E-31,-5.916456789158E-31,
    -2.6645352591E-15));
#1457 = DIRECTION('',(0.,1.,-2.22044604925E-16));
#1458 = DIRECTION('',(1.,0.,0.));
#1459 = ADVANCED_FACE('',(#1460),#1478,.F.);
#1460 = FACE_BOUND('',#1461,.F.);
#1461 = EDGE_LOOP('',(#1462,#1463,#1471,#1477));
#1462 = ORIENTED_EDGE('',*,*,#689,.F.);
#1463 = ORIENTED_EDGE('',*,*,#1464,.T.);
#1464 = EDGE_CURVE('',#690,#1465,#1467,.T.);
#1465 = VERTEX_POINT('',#1466);
#1466 = CARTESIAN_POINT('',(7.25,-39.7,-20.10520671964));
#1467 = LINE('',#1468,#1469);
#1468 = CARTESIAN_POINT('',(7.25,-36.,-20.10520671964));
#1469 = VECTOR('',#1470,1.);
#1470 = DIRECTION('',(0.,-1.,2.22044604925E-16));
#1471 = ORIENTED_EDGE('',*,*,#1472,.T.);
#1472 = EDGE_CURVE('',#1465,#1424,#1473,.T.);
#1473 = LINE('',#1474,#1475);
#1474 = CARTESIAN_POINT('',(7.25,-39.7,-20.40520671964));
#1475 = VECTOR('',#1476,1.);
#1476 = DIRECTION('',(0.,2.22044604925E-16,1.));
#1477 = ORIENTED_EDGE('',*,*,#1423,.F.);
#1478 = PLANE('',#1479);
#1479 = AXIS2_PLACEMENT_3D('',#1480,#1481,#1482);
#1480 = CARTESIAN_POINT('',(7.25,-4.530866064478E-15,-20.40520671964));
#1481 = DIRECTION('',(-1.,0.,0.));
#1482 = DIRECTION('',(0.,2.22044604925E-16,1.));
#1483 = ADVANCED_FACE('',(#1484),#1495,.T.);
#1484 = FACE_BOUND('',#1485,.F.);
#1485 = EDGE_LOOP('',(#1486,#1487,#1488,#1494));
#1486 = ORIENTED_EDGE('',*,*,#713,.T.);
#1487 = ORIENTED_EDGE('',*,*,#818,.T.);
#1488 = ORIENTED_EDGE('',*,*,#1489,.T.);
#1489 = EDGE_CURVE('',#819,#784,#1490,.T.);
#1490 = LINE('',#1491,#1492);
#1491 = CARTESIAN_POINT('',(-1.4,-0.15,-20.10520671964));
#1492 = VECTOR('',#1493,1.);
#1493 = DIRECTION('',(0.707106781187,-0.707106781187,2.4661972453E-15));
#1494 = ORIENTED_EDGE('',*,*,#791,.F.);
#1495 = PLANE('',#1496);
#1496 = AXIS2_PLACEMENT_3D('',#1497,#1498,#1499);
#1497 = CARTESIAN_POINT('',(-1.4,-0.15,-8.002968199362));
#1498 = DIRECTION('',(0.707106781187,0.707106781187,2.68410883492E-18));
#1499 = DIRECTION('',(-1.129202540211E-16,1.091243509039E-16,1.));
#1500 = ADVANCED_FACE('',(#1501),#1512,.F.);
#1501 = FACE_BOUND('',#1502,.T.);
#1502 = EDGE_LOOP('',(#1503,#1504,#1505,#1511));
#1503 = ORIENTED_EDGE('',*,*,#739,.T.);
#1504 = ORIENTED_EDGE('',*,*,#988,.T.);
#1505 = ORIENTED_EDGE('',*,*,#1506,.T.);
#1506 = EDGE_CURVE('',#989,#776,#1507,.T.);
#1507 = LINE('',#1508,#1509);
#1508 = CARTESIAN_POINT('',(-1.4,-39.85,-20.10520671964));
#1509 = VECTOR('',#1510,1.);
#1510 = DIRECTION('',(0.707106781187,0.707106781187,-5.223860357981E-15)
  );
#1511 = ORIENTED_EDGE('',*,*,#775,.F.);
#1512 = PLANE('',#1513);
#1513 = AXIS2_PLACEMENT_3D('',#1514,#1515,#1516);
#1514 = CARTESIAN_POINT('',(-1.4,-39.85,-8.002968199362));
#1515 = DIRECTION('',(-0.707106781187,0.707106781187,2.94070830154E-18)
  );
#1516 = DIRECTION('',(1.13101697244E-16,1.08942907681E-16,1.));
#1517 = ADVANCED_FACE('',(#1518),#1537,.F.);
#1518 = FACE_BOUND('',#1519,.F.);
#1519 = EDGE_LOOP('',(#1520,#1528,#1529,#1530));
#1520 = ORIENTED_EDGE('',*,*,#1521,.F.);
#1521 = EDGE_CURVE('',#764,#1522,#1524,.T.);
#1522 = VERTEX_POINT('',#1523);
#1523 = CARTESIAN_POINT('',(-1.55,-11.6,-14.40520671964));
#1524 = LINE('',#1525,#1526);
#1525 = CARTESIAN_POINT('',(-1.55,-11.6,-14.40520671964));
#1526 = VECTOR('',#1527,1.);
#1527 = DIRECTION('',(-0.707106781187,0.707106781187,0.));
#1528 = ORIENTED_EDGE('',*,*,#763,.T.);
#1529 = ORIENTED_EDGE('',*,*,#1521,.T.);
#1530 = ORIENTED_EDGE('',*,*,#1531,.F.);
#1531 = EDGE_CURVE('',#1522,#1522,#1532,.T.);
#1532 = CIRCLE('',#1533,1.6);
#1533 = AXIS2_PLACEMENT_3D('',#1534,#1535,#1536);
#1534 = CARTESIAN_POINT('',(-1.55,-10.,-14.40520671964));
#1535 = DIRECTION('',(-1.,0.,0.));
#1536 = DIRECTION('',(0.,-1.,0.));
#1537 = CONICAL_SURFACE('',#1538,1.6,0.785398163397);
#1538 = AXIS2_PLACEMENT_3D('',#1539,#1540,#1541);
#1539 = CARTESIAN_POINT('',(-1.55,-10.,-14.40520671964));
#1540 = DIRECTION('',(1.,0.,0.));
#1541 = DIRECTION('',(0.,-1.,0.));
#1542 = ADVANCED_FACE('',(#1543),#1568,.F.);
#1543 = FACE_BOUND('',#1544,.T.);
#1544 = EDGE_LOOP('',(#1545,#1553,#1554,#1562));
#1545 = ORIENTED_EDGE('',*,*,#1546,.T.);
#1546 = EDGE_CURVE('',#1547,#784,#1549,.T.);
#1547 = VERTEX_POINT('',#1548);
#1548 = CARTESIAN_POINT('',(-1.55,-0.3,-20.40520671964));
#1549 = LINE('',#1550,#1551);
#1550 = CARTESIAN_POINT('',(-1.475,-0.3,-20.33020671964));
#1551 = VECTOR('',#1552,1.);
#1552 = DIRECTION('',(0.707106781187,1.397661941622E-15,0.707106781187)
  );
#1553 = ORIENTED_EDGE('',*,*,#783,.T.);
#1554 = ORIENTED_EDGE('',*,*,#1555,.F.);
#1555 = EDGE_CURVE('',#1556,#776,#1558,.T.);
#1556 = VERTEX_POINT('',#1557);
#1557 = CARTESIAN_POINT('',(-1.55,-39.7,-20.40520671964));
#1558 = LINE('',#1559,#1560);
#1559 = CARTESIAN_POINT('',(-1.475,-39.7,-20.33020671964));
#1560 = VECTOR('',#1561,1.);
#1561 = DIRECTION('',(0.707106781187,5.249053037549E-15,0.707106781187)
  );
#1562 = ORIENTED_EDGE('',*,*,#1563,.F.);
#1563 = EDGE_CURVE('',#1547,#1556,#1564,.T.);
#1564 = LINE('',#1565,#1566);
#1565 = CARTESIAN_POINT('',(-1.55,-4.530866064478E-15,-20.40520671964));
#1566 = VECTOR('',#1567,1.);
#1567 = DIRECTION('',(0.,-1.,2.22044604925E-16));
#1568 = PLANE('',#1569);
#1569 = AXIS2_PLACEMENT_3D('',#1570,#1571,#1572);
#1570 = CARTESIAN_POINT('',(-1.4,-4.497559373739E-15,-20.25520671964));
#1571 = DIRECTION('',(-0.707106781187,2.512584507879E-16,0.707106781187)
  );
#1572 = DIRECTION('',(6.664425192001E-17,1.,-2.88688856845E-16));
#1573 = ADVANCED_FACE('',(#1574),#1593,.F.);
#1574 = FACE_BOUND('',#1575,.F.);
#1575 = EDGE_LOOP('',(#1576,#1584,#1585,#1586));
#1576 = ORIENTED_EDGE('',*,*,#1577,.F.);
#1577 = EDGE_CURVE('',#800,#1578,#1580,.T.);
#1578 = VERTEX_POINT('',#1579);
#1579 = CARTESIAN_POINT('',(-1.55,-31.6,-14.40520671964));
#1580 = LINE('',#1581,#1582);
#1581 = CARTESIAN_POINT('',(-1.55,-31.6,-14.40520671964));
#1582 = VECTOR('',#1583,1.);
#1583 = DIRECTION('',(-0.707106781187,0.707106781187,0.));
#1584 = ORIENTED_EDGE('',*,*,#799,.T.);
#1585 = ORIENTED_EDGE('',*,*,#1577,.T.);
#1586 = ORIENTED_EDGE('',*,*,#1587,.F.);
#1587 = EDGE_CURVE('',#1578,#1578,#1588,.T.);
#1588 = CIRCLE('',#1589,1.6);
#1589 = AXIS2_PLACEMENT_3D('',#1590,#1591,#1592);
#1590 = CARTESIAN_POINT('',(-1.55,-30.,-14.40520671964));
#1591 = DIRECTION('',(-1.,0.,0.));
#1592 = DIRECTION('',(0.,-1.,0.));
#1593 = CONICAL_SURFACE('',#1594,1.6,0.785398163397);
#1594 = AXIS2_PLACEMENT_3D('',#1595,#1596,#1597);
#1595 = CARTESIAN_POINT('',(-1.55,-30.,-14.40520671964));
#1596 = DIRECTION('',(1.,0.,0.));
#1597 = DIRECTION('',(0.,-1.,0.));
#1598 = ADVANCED_FACE('',(#1599),#1610,.F.);
#1599 = FACE_BOUND('',#1600,.T.);
#1600 = EDGE_LOOP('',(#1601,#1602,#1603,#1609));
#1601 = ORIENTED_EDGE('',*,*,#970,.T.);
#1602 = ORIENTED_EDGE('',*,*,#956,.T.);
#1603 = ORIENTED_EDGE('',*,*,#1604,.F.);
#1604 = EDGE_CURVE('',#1220,#949,#1605,.T.);
#1605 = LINE('',#1606,#1607);
#1606 = CARTESIAN_POINT('',(6.95,-0.225,-20.33020671964));
#1607 = VECTOR('',#1608,1.);
#1608 = DIRECTION('',(3.034261284908E-15,0.707106781187,0.707106781187)
  );
#1609 = ORIENTED_EDGE('',*,*,#1227,.F.);
#1610 = PLANE('',#1611);
#1611 = AXIS2_PLACEMENT_3D('',#1612,#1613,#1614);
#1612 = CARTESIAN_POINT('',(1.25,-0.15,-20.25520671964));
#1613 = DIRECTION('',(1.400135019174E-18,-0.707106781187,0.707106781187)
  );
#1614 = DIRECTION('',(-1.,-9.900449666345E-19,9.900449666345E-19));
#1615 = ADVANCED_FACE('',(#1616),#1640,.F.);
#1616 = FACE_BOUND('',#1617,.T.);
#1617 = EDGE_LOOP('',(#1618,#1619,#1626,#1634));
#1618 = ORIENTED_EDGE('',*,*,#948,.T.);
#1619 = ORIENTED_EDGE('',*,*,#1620,.T.);
#1620 = EDGE_CURVE('',#940,#1406,#1621,.T.);
#1621 = PARABOLA('',#1622,1.361180553784);
#1622 = AXIS2_PLACEMENT_3D('',#1623,#1624,#1625);
#1623 = CARTESIAN_POINT('',(-1.925,8.875,-2.667454330313E-15));
#1624 = DIRECTION('',(0.707106781187,0.707106781187,1.072257168372E-18)
  );
#1625 = DIRECTION('',(0.707106781187,-0.707106781187,1.072257168372E-18)
  );
#1626 = ORIENTED_EDGE('',*,*,#1627,.F.);
#1627 = EDGE_CURVE('',#1628,#1406,#1630,.T.);
#1628 = VERTEX_POINT('',#1629);
#1629 = CARTESIAN_POINT('',(7.25,-0.3,-20.10520671964));
#1630 = LINE('',#1631,#1632);
#1631 = CARTESIAN_POINT('',(7.25,-0.3,-20.40520671964));
#1632 = VECTOR('',#1633,1.);
#1633 = DIRECTION('',(0.,2.22044604925E-16,1.));
#1634 = ORIENTED_EDGE('',*,*,#1635,.F.);
#1635 = EDGE_CURVE('',#949,#1628,#1636,.T.);
#1636 = LINE('',#1637,#1638);
#1637 = CARTESIAN_POINT('',(7.1,-0.15,-20.10520671964));
#1638 = VECTOR('',#1639,1.);
#1639 = DIRECTION('',(0.707106781187,-0.707106781187,1.957330481129E-15)
  );
#1640 = PLANE('',#1641);
#1641 = AXIS2_PLACEMENT_3D('',#1642,#1643,#1644);
#1642 = CARTESIAN_POINT('',(7.1,-0.15,-20.40520671964));
#1643 = DIRECTION('',(-0.707106781187,-0.707106781187,
    -1.072257168372E-18));
#1644 = DIRECTION('',(1.117805027774E-16,-1.102641021476E-16,-1.));
#1645 = ADVANCED_FACE('',(#1646),#1669,.F.);
#1646 = FACE_BOUND('',#1647,.T.);
#1647 = EDGE_LOOP('',(#1648,#1649,#1655,#1663));
#1648 = ORIENTED_EDGE('',*,*,#826,.T.);
#1649 = ORIENTED_EDGE('',*,*,#1650,.F.);
#1650 = EDGE_CURVE('',#1547,#819,#1651,.T.);
#1651 = LINE('',#1652,#1653);
#1652 = CARTESIAN_POINT('',(-1.55,-0.225,-20.33020671964));
#1653 = VECTOR('',#1654,1.);
#1654 = DIRECTION('',(3.866601670069E-15,0.707106781187,0.707106781187)
  );
#1655 = ORIENTED_EDGE('',*,*,#1656,.F.);
#1656 = EDGE_CURVE('',#1657,#1547,#1659,.T.);
#1657 = VERTEX_POINT('',#1658);
#1658 = CARTESIAN_POINT('',(-6.95,-0.3,-20.40520671964));
#1659 = LINE('',#1660,#1661);
#1660 = CARTESIAN_POINT('',(-7.25,-0.3,-20.40520671964));
#1661 = VECTOR('',#1662,1.);
#1662 = DIRECTION('',(1.,0.,0.));
#1663 = ORIENTED_EDGE('',*,*,#1664,.F.);
#1664 = EDGE_CURVE('',#827,#1657,#1665,.T.);
#1665 = LINE('',#1666,#1667);
#1666 = CARTESIAN_POINT('',(-6.95,-0.15,-20.25520671964));
#1667 = VECTOR('',#1668,1.);
#1668 = DIRECTION('',(2.225250349122E-15,-0.707106781187,-0.707106781187
    ));
#1669 = PLANE('',#1670);
#1670 = AXIS2_PLACEMENT_3D('',#1671,#1672,#1673);
#1671 = CARTESIAN_POINT('',(-7.25,-0.15,-20.25520671964));
#1672 = DIRECTION('',(1.400135019174E-18,-0.707106781187,0.707106781187)
  );
#1673 = DIRECTION('',(-1.,-9.900449666345E-19,9.900449666345E-19));
#1674 = ADVANCED_FACE('',(#1675),#1686,.T.);
#1675 = FACE_BOUND('',#1676,.T.);
#1676 = EDGE_LOOP('',(#1677,#1678,#1679,#1685));
#1677 = ORIENTED_EDGE('',*,*,#1620,.F.);
#1678 = ORIENTED_EDGE('',*,*,#939,.T.);
#1679 = ORIENTED_EDGE('',*,*,#1680,.T.);
#1680 = EDGE_CURVE('',#932,#1441,#1681,.T.);
#1681 = LINE('',#1682,#1683);
#1682 = CARTESIAN_POINT('',(11.1,-0.3,-2.444739944165E-15));
#1683 = VECTOR('',#1684,1.);
#1684 = DIRECTION('',(0.707106781187,-0.707106781187,2.489252307292E-17)
  );
#1685 = ORIENTED_EDGE('',*,*,#1448,.F.);
#1686 = CONICAL_SURFACE('',#1687,11.1,0.785398163397);
#1687 = AXIS2_PLACEMENT_3D('',#1688,#1689,#1690);
#1688 = CARTESIAN_POINT('',(3.944304526105E-31,-0.3,-2.6645352591E-15));
#1689 = DIRECTION('',(-0.,-1.,-0.));
#1690 = DIRECTION('',(0.653153153153,0.,-0.757225830599));
#1691 = ADVANCED_FACE('',(#1692),#1718,.F.);
#1692 = FACE_BOUND('',#1693,.T.);
#1693 = EDGE_LOOP('',(#1694,#1703,#1704,#1712));
#1694 = ORIENTED_EDGE('',*,*,#1695,.F.);
#1695 = EDGE_CURVE('',#835,#1696,#1698,.T.);
#1696 = VERTEX_POINT('',#1697);
#1697 = CARTESIAN_POINT('',(-7.25,-0.3,-8.405206719647));
#1698 = PARABOLA('',#1699,1.361180553784);
#1699 = AXIS2_PLACEMENT_3D('',#1700,#1701,#1702);
#1700 = CARTESIAN_POINT('',(1.925,8.875,-2.661616187888E-15));
#1701 = DIRECTION('',(0.707106781187,-0.707106781187,1.072257168372E-18)
  );
#1702 = DIRECTION('',(-0.707106781187,-0.707106781187,
    -1.072257168372E-18));
#1703 = ORIENTED_EDGE('',*,*,#834,.T.);
#1704 = ORIENTED_EDGE('',*,*,#1705,.F.);
#1705 = EDGE_CURVE('',#1706,#827,#1708,.T.);
#1706 = VERTEX_POINT('',#1707);
#1707 = CARTESIAN_POINT('',(-7.25,-0.3,-20.10520671964));
#1708 = LINE('',#1709,#1710);
#1709 = CARTESIAN_POINT('',(-7.175,-0.225,-20.10520671964));
#1710 = VECTOR('',#1711,1.);
#1711 = DIRECTION('',(0.707106781187,0.707106781187,-8.928679660971E-16)
  );
#1712 = ORIENTED_EDGE('',*,*,#1713,.F.);
#1713 = EDGE_CURVE('',#1696,#1706,#1714,.T.);
#1714 = LINE('',#1715,#1716);
#1715 = CARTESIAN_POINT('',(-7.25,-0.3,-8.405206719647));
#1716 = VECTOR('',#1717,1.);
#1717 = DIRECTION('',(0.,-2.22044604925E-16,-1.));
#1718 = PLANE('',#1719);
#1719 = AXIS2_PLACEMENT_3D('',#1720,#1721,#1722);
#1720 = CARTESIAN_POINT('',(-7.1,-0.15,-8.405206719647));
#1721 = DIRECTION('',(0.707106781187,-0.707106781187,1.072257168372E-18)
  );
#1722 = DIRECTION('',(1.102641021476E-16,1.117805027774E-16,1.));
#1723 = ADVANCED_FACE('',(#1724),#1742,.F.);
#1724 = FACE_BOUND('',#1725,.T.);
#1725 = EDGE_LOOP('',(#1726,#1727,#1728,#1736));
#1726 = ORIENTED_EDGE('',*,*,#1680,.F.);
#1727 = ORIENTED_EDGE('',*,*,#931,.T.);
#1728 = ORIENTED_EDGE('',*,*,#1729,.T.);
#1729 = EDGE_CURVE('',#924,#1730,#1732,.T.);
#1730 = VERTEX_POINT('',#1731);
#1731 = CARTESIAN_POINT('',(11.1,-0.3,6.7));
#1732 = LINE('',#1733,#1734);
#1733 = CARTESIAN_POINT('',(10.986738519412,-0.186738519412,6.7));
#1734 = VECTOR('',#1735,1.);
#1735 = DIRECTION('',(0.707106781187,-0.707106781187,6.779346018741E-15)
  );
#1736 = ORIENTED_EDGE('',*,*,#1737,.F.);
#1737 = EDGE_CURVE('',#1441,#1730,#1738,.T.);
#1738 = LINE('',#1739,#1740);
#1739 = CARTESIAN_POINT('',(11.1,-0.3,-2.597921877623E-15));
#1740 = VECTOR('',#1741,1.);
#1741 = DIRECTION('',(0.,2.22044604925E-16,1.));
#1742 = PLANE('',#1743);
#1743 = AXIS2_PLACEMENT_3D('',#1744,#1745,#1746);
#1744 = CARTESIAN_POINT('',(10.95,-0.15,-2.631228568362E-15));
#1745 = DIRECTION('',(-0.707106781187,-0.707106781187,2.048336198767E-19
    ));
#1746 = DIRECTION('',(1.108774632209E-16,-1.111671417041E-16,-1.));
#1747 = ADVANCED_FACE('',(#1748),#1767,.T.);
#1748 = FACE_BOUND('',#1749,.T.);
#1749 = EDGE_LOOP('',(#1750,#1758,#1759,#1760));
#1750 = ORIENTED_EDGE('',*,*,#1751,.F.);
#1751 = EDGE_CURVE('',#843,#1752,#1754,.T.);
#1752 = VERTEX_POINT('',#1753);
#1753 = CARTESIAN_POINT('',(-11.1,-0.3,-1.7763568394E-15));
#1754 = LINE('',#1755,#1756);
#1755 = CARTESIAN_POINT('',(-10.95,-0.15,-1.7763568394E-15));
#1756 = VECTOR('',#1757,1.);
#1757 = DIRECTION('',(-0.707106781187,-0.707106781187,1.570092458684E-16
    ));
#1758 = ORIENTED_EDGE('',*,*,#842,.T.);
#1759 = ORIENTED_EDGE('',*,*,#1695,.T.);
#1760 = ORIENTED_EDGE('',*,*,#1761,.F.);
#1761 = EDGE_CURVE('',#1752,#1696,#1762,.T.);
#1762 = CIRCLE('',#1763,11.1);
#1763 = AXIS2_PLACEMENT_3D('',#1764,#1765,#1766);
#1764 = CARTESIAN_POINT('',(3.944304526105E-31,-0.3,-2.6645352591E-15));
#1765 = DIRECTION('',(-0.,-1.,0.));
#1766 = DIRECTION('',(-1.,0.,1.224646799147E-16));
#1767 = CONICAL_SURFACE('',#1768,11.1,0.785398163397);
#1768 = AXIS2_PLACEMENT_3D('',#1769,#1770,#1771);
#1769 = CARTESIAN_POINT('',(3.944304526105E-31,-0.3,-2.6645352591E-15));
#1770 = DIRECTION('',(-0.,-1.,-0.));
#1771 = DIRECTION('',(-1.,0.,1.224646799147E-16));
#1772 = ADVANCED_FACE('',(#1773),#1791,.F.);
#1773 = FACE_BOUND('',#1774,.F.);
#1774 = EDGE_LOOP('',(#1775,#1783,#1784,#1785));
#1775 = ORIENTED_EDGE('',*,*,#1776,.F.);
#1776 = EDGE_CURVE('',#916,#1777,#1779,.T.);
#1777 = VERTEX_POINT('',#1778);
#1778 = CARTESIAN_POINT('',(11.372477352305,-0.3,7.125523274657));
#1779 = LINE('',#1780,#1781);
#1780 = CARTESIAN_POINT('',(11.278334896312,-7.499999999999E-02,
    7.329881288886));
#1781 = VECTOR('',#1782,1.);
#1782 = DIRECTION('',(0.29586119569,-0.707106781187,-0.642235278449));
#1783 = ORIENTED_EDGE('',*,*,#923,.T.);
#1784 = ORIENTED_EDGE('',*,*,#1729,.T.);
#1785 = ORIENTED_EDGE('',*,*,#1786,.F.);
#1786 = EDGE_CURVE('',#1777,#1730,#1787,.T.);
#1787 = LINE('',#1788,#1789);
#1788 = CARTESIAN_POINT('',(11.347977195565,-0.3,7.087261794069));
#1789 = VECTOR('',#1790,1.);
#1790 = DIRECTION('',(-0.539253690055,6.497822368888E-16,-0.842143371263
    ));
#1791 = PLANE('',#1792);
#1792 = AXIS2_PLACEMENT_3D('',#1793,#1794,#1795);
#1793 = CARTESIAN_POINT('',(11.246954077648,-8.931736859104E-17,
    7.398000626963));
#1794 = DIRECTION('',(-0.644152800251,-0.644152800251,0.412473441397));
#1795 = DIRECTION('',(-0.539253690055,1.859081370095E-15,-0.842143371263
    ));
#1796 = ADVANCED_FACE('',(#1797),#1815,.F.);
#1797 = FACE_BOUND('',#1798,.T.);
#1798 = EDGE_LOOP('',(#1799,#1807,#1808,#1809));
#1799 = ORIENTED_EDGE('',*,*,#1800,.F.);
#1800 = EDGE_CURVE('',#852,#1801,#1803,.T.);
#1801 = VERTEX_POINT('',#1802);
#1802 = CARTESIAN_POINT('',(-11.1,-0.3,6.7));
#1803 = LINE('',#1804,#1805);
#1804 = CARTESIAN_POINT('',(-10.875,-7.5E-02,6.7));
#1805 = VECTOR('',#1806,1.);
#1806 = DIRECTION('',(-0.707106781187,-0.707106781187,9.634243391104E-15
    ));
#1807 = ORIENTED_EDGE('',*,*,#851,.T.);
#1808 = ORIENTED_EDGE('',*,*,#1751,.T.);
#1809 = ORIENTED_EDGE('',*,*,#1810,.F.);
#1810 = EDGE_CURVE('',#1801,#1752,#1811,.T.);
#1811 = LINE('',#1812,#1813);
#1812 = CARTESIAN_POINT('',(-11.1,-0.3,7.));
#1813 = VECTOR('',#1814,1.);
#1814 = DIRECTION('',(0.,-2.22044604925E-16,-1.));
#1815 = PLANE('',#1816);
#1816 = AXIS2_PLACEMENT_3D('',#1817,#1818,#1819);
#1817 = CARTESIAN_POINT('',(-10.95,-0.15,7.));
#1818 = DIRECTION('',(0.707106781187,-0.707106781187,-2.048336198767E-19
    ));
#1819 = DIRECTION('',(1.111671417041E-16,1.108774632209E-16,1.));
#1820 = ADVANCED_FACE('',(#1821),#1839,.T.);
#1821 = FACE_BOUND('',#1822,.F.);
#1822 = EDGE_LOOP('',(#1823,#1831,#1832,#1833));
#1823 = ORIENTED_EDGE('',*,*,#1824,.F.);
#1824 = EDGE_CURVE('',#908,#1825,#1827,.T.);
#1825 = VERTEX_POINT('',#1826);
#1826 = CARTESIAN_POINT('',(19.727522647695,-0.3,10.974476725343));
#1827 = LINE('',#1828,#1829);
#1828 = CARTESIAN_POINT('',(19.623129058689,-5.049984325933E-02,
    11.201087199037));
#1829 = VECTOR('',#1830,1.);
#1830 = DIRECTION('',(0.29586119569,-0.707106781187,-0.642235278449));
#1831 = ORIENTED_EDGE('',*,*,#915,.T.);
#1832 = ORIENTED_EDGE('',*,*,#1776,.T.);
#1833 = ORIENTED_EDGE('',*,*,#1834,.F.);
#1834 = EDGE_CURVE('',#1825,#1777,#1835,.T.);
#1835 = LINE('',#1836,#1837);
#1836 = CARTESIAN_POINT('',(20.,-0.3,11.1));
#1837 = VECTOR('',#1838,1.);
#1838 = DIRECTION('',(-0.908257841017,-9.290588643404E-17,
    -0.418410915525));
#1839 = PLANE('',#1840);
#1840 = AXIS2_PLACEMENT_3D('',#1841,#1842,#1843);
#1841 = CARTESIAN_POINT('',(19.937238362671,-0.15,11.236238676153));
#1842 = DIRECTION('',(0.29586119569,0.707106781187,-0.642235278449));
#1843 = DIRECTION('',(0.908257841017,-7.33351173876E-19,0.418410915525)
  );
#1844 = ADVANCED_FACE('',(#1845),#1863,.F.);
#1845 = FACE_BOUND('',#1846,.F.);
#1846 = EDGE_LOOP('',(#1847,#1848,#1849,#1857));
#1847 = ORIENTED_EDGE('',*,*,#1800,.F.);
#1848 = ORIENTED_EDGE('',*,*,#859,.T.);
#1849 = ORIENTED_EDGE('',*,*,#1850,.T.);
#1850 = EDGE_CURVE('',#860,#1851,#1853,.T.);
#1851 = VERTEX_POINT('',#1852);
#1852 = CARTESIAN_POINT('',(-11.3724773523,-0.3,7.125523274657));
#1853 = LINE('',#1854,#1855);
#1854 = CARTESIAN_POINT('',(-11.32508751251,-0.186738519412,
    7.228393902487));
#1855 = VECTOR('',#1856,1.);
#1856 = DIRECTION('',(-0.29586119569,-0.707106781187,-0.642235278449));
#1857 = ORIENTED_EDGE('',*,*,#1858,.F.);
#1858 = EDGE_CURVE('',#1801,#1851,#1859,.T.);
#1859 = LINE('',#1860,#1861);
#1860 = CARTESIAN_POINT('',(-11.12450015674,-0.3,6.738261480588));
#1861 = VECTOR('',#1862,1.);
#1862 = DIRECTION('',(-0.539253690055,2.797297475231E-15,0.842143371263)
  );
#1863 = PLANE('',#1864);
#1864 = AXIS2_PLACEMENT_3D('',#1865,#1866,#1867);
#1865 = CARTESIAN_POINT('',(-10.8,-8.931736859104E-17,6.7));
#1866 = DIRECTION('',(0.644152800251,-0.644152800251,0.412473441397));
#1867 = DIRECTION('',(-0.539253690055,4.846780014093E-16,0.842143371263)
  );
#1868 = ADVANCED_FACE('',(#1869),#1887,.F.);
#1869 = FACE_BOUND('',#1870,.F.);
#1870 = EDGE_LOOP('',(#1871,#1879,#1880,#1881));
#1871 = ORIENTED_EDGE('',*,*,#1872,.F.);
#1872 = EDGE_CURVE('',#900,#1873,#1875,.T.);
#1873 = VERTEX_POINT('',#1874);
#1874 = CARTESIAN_POINT('',(20.,-0.3,11.4));
#1875 = LINE('',#1876,#1877);
#1876 = CARTESIAN_POINT('',(19.775,-7.5E-02,11.4));
#1877 = VECTOR('',#1878,1.);
#1878 = DIRECTION('',(0.707106781187,-0.707106781187,-2.15083200448E-15)
  );
#1879 = ORIENTED_EDGE('',*,*,#907,.T.);
#1880 = ORIENTED_EDGE('',*,*,#1824,.T.);
#1881 = ORIENTED_EDGE('',*,*,#1882,.F.);
#1882 = EDGE_CURVE('',#1873,#1825,#1883,.T.);
#1883 = LINE('',#1884,#1885);
#1884 = CARTESIAN_POINT('',(19.888261480588,-0.3,11.225499843259));
#1885 = VECTOR('',#1886,1.);
#1886 = DIRECTION('',(-0.539253690055,-1.888733092421E-15,
    -0.842143371263));
#1887 = PLANE('',#1888);
#1888 = AXIS2_PLACEMENT_3D('',#1889,#1890,#1891);
#1889 = CARTESIAN_POINT('',(19.7,-8.931736859104E-17,11.4));
#1890 = DIRECTION('',(-0.644152800251,-0.644152800251,0.412473441397));
#1891 = DIRECTION('',(-0.539253690055,-1.886981540222E-15,
    -0.842143371263));
#1892 = ADVANCED_FACE('',(#1893),#1911,.F.);
#1893 = FACE_BOUND('',#1894,.T.);
#1894 = EDGE_LOOP('',(#1895,#1903,#1904,#1905));
#1895 = ORIENTED_EDGE('',*,*,#1896,.F.);
#1896 = EDGE_CURVE('',#868,#1897,#1899,.T.);
#1897 = VERTEX_POINT('',#1898);
#1898 = CARTESIAN_POINT('',(-19.72752264769,-0.3,10.974476725343));
#1899 = LINE('',#1900,#1901);
#1900 = CARTESIAN_POINT('',(-19.6333801917,-7.5E-02,11.178834739571));
#1901 = VECTOR('',#1902,1.);
#1902 = DIRECTION('',(-0.29586119569,-0.707106781187,-0.642235278449));
#1903 = ORIENTED_EDGE('',*,*,#867,.T.);
#1904 = ORIENTED_EDGE('',*,*,#1850,.T.);
#1905 = ORIENTED_EDGE('',*,*,#1906,.F.);
#1906 = EDGE_CURVE('',#1897,#1851,#1907,.T.);
#1907 = LINE('',#1908,#1909);
#1908 = CARTESIAN_POINT('',(-20.,-0.3,11.1));
#1909 = VECTOR('',#1910,1.);
#1910 = DIRECTION('',(0.908257841017,-9.290588643404E-17,-0.418410915525
    ));
#1911 = PLANE('',#1912);
#1912 = AXIS2_PLACEMENT_3D('',#1913,#1914,#1915);
#1913 = CARTESIAN_POINT('',(-19.93723836267,-0.15,11.236238676153));
#1914 = DIRECTION('',(0.29586119569,-0.707106781187,0.642235278449));
#1915 = DIRECTION('',(-0.908257841017,5.986941559658E-17,0.418410915525)
  );
#1916 = ADVANCED_FACE('',(#1917),#1935,.F.);
#1917 = FACE_BOUND('',#1918,.T.);
#1918 = EDGE_LOOP('',(#1919,#1920,#1921,#1929));
#1919 = ORIENTED_EDGE('',*,*,#1872,.F.);
#1920 = ORIENTED_EDGE('',*,*,#899,.T.);
#1921 = ORIENTED_EDGE('',*,*,#1922,.F.);
#1922 = EDGE_CURVE('',#1923,#892,#1925,.T.);
#1923 = VERTEX_POINT('',#1924);
#1924 = CARTESIAN_POINT('',(20.,-0.3,14.8));
#1925 = LINE('',#1926,#1927);
#1926 = CARTESIAN_POINT('',(19.925,-0.225,14.8));
#1927 = VECTOR('',#1928,1.);
#1928 = DIRECTION('',(-0.707106781187,0.707106781187,2.758609990234E-15)
  );
#1929 = ORIENTED_EDGE('',*,*,#1930,.F.);
#1930 = EDGE_CURVE('',#1873,#1923,#1931,.T.);
#1931 = LINE('',#1932,#1933);
#1932 = CARTESIAN_POINT('',(20.,-0.3,11.1));
#1933 = VECTOR('',#1934,1.);
#1934 = DIRECTION('',(0.,2.22044604925E-16,1.));
#1935 = PLANE('',#1936);
#1936 = AXIS2_PLACEMENT_3D('',#1937,#1938,#1939);
#1937 = CARTESIAN_POINT('',(19.85,-0.15,11.1));
#1938 = DIRECTION('',(-0.707106781187,-0.707106781187,3.256108521322E-18
    ));
#1939 = DIRECTION('',(1.087198860468E-16,-1.133247188782E-16,-1.));
#1940 = ADVANCED_FACE('',(#1941),#1959,.F.);
#1941 = FACE_BOUND('',#1942,.F.);
#1942 = EDGE_LOOP('',(#1943,#1944,#1945,#1953));
#1943 = ORIENTED_EDGE('',*,*,#1896,.F.);
#1944 = ORIENTED_EDGE('',*,*,#875,.T.);
#1945 = ORIENTED_EDGE('',*,*,#1946,.T.);
#1946 = EDGE_CURVE('',#876,#1947,#1949,.T.);
#1947 = VERTEX_POINT('',#1948);
#1948 = CARTESIAN_POINT('',(-20.,-0.3,11.4));
#1949 = LINE('',#1950,#1951);
#1950 = CARTESIAN_POINT('',(-19.75049984325,-5.049984325933E-02,11.4));
#1951 = VECTOR('',#1952,1.);
#1952 = DIRECTION('',(-0.707106781187,-0.707106781187,5.414405714924E-15
    ));
#1953 = ORIENTED_EDGE('',*,*,#1954,.F.);
#1954 = EDGE_CURVE('',#1897,#1947,#1955,.T.);
#1955 = LINE('',#1956,#1957);
#1956 = CARTESIAN_POINT('',(-19.8392611671,-0.3,11.148976882083));
#1957 = VECTOR('',#1958,1.);
#1958 = DIRECTION('',(-0.539253690055,-2.675431788799E-15,0.842143371263
    ));
#1959 = PLANE('',#1960);
#1960 = AXIS2_PLACEMENT_3D('',#1961,#1962,#1963);
#1961 = CARTESIAN_POINT('',(-19.60199937303,-8.931736859104E-17,
    11.246954077648));
#1962 = DIRECTION('',(0.644152800251,-0.644152800251,0.412473441397));
#1963 = DIRECTION('',(-0.539253690055,-3.139397697728E-16,0.842143371263
    ));
#1964 = ADVANCED_FACE('',(#1965),#1990,.T.);
#1965 = FACE_BOUND('',#1966,.F.);
#1966 = EDGE_LOOP('',(#1967,#1975,#1976,#1984));
#1967 = ORIENTED_EDGE('',*,*,#1968,.T.);
#1968 = EDGE_CURVE('',#1969,#884,#1971,.T.);
#1969 = VERTEX_POINT('',#1970);
#1970 = CARTESIAN_POINT('',(-19.7,-0.3,15.1));
#1971 = LINE('',#1972,#1973);
#1972 = CARTESIAN_POINT('',(-19.7,-0.225,15.025));
#1973 = VECTOR('',#1974,1.);
#1974 = DIRECTION('',(2.045093422153E-15,0.707106781187,-0.707106781187)
  );
#1975 = ORIENTED_EDGE('',*,*,#891,.T.);
#1976 = ORIENTED_EDGE('',*,*,#1977,.T.);
#1977 = EDGE_CURVE('',#892,#1978,#1980,.T.);
#1978 = VERTEX_POINT('',#1979);
#1979 = CARTESIAN_POINT('',(19.7,-0.3,15.1));
#1980 = LINE('',#1981,#1982);
#1981 = CARTESIAN_POINT('',(19.7,-0.15,14.95));
#1982 = VECTOR('',#1983,1.);
#1983 = DIRECTION('',(1.568355451265E-15,-0.707106781187,0.707106781187)
  );
#1984 = ORIENTED_EDGE('',*,*,#1985,.F.);
#1985 = EDGE_CURVE('',#1969,#1978,#1986,.T.);
#1986 = LINE('',#1987,#1988);
#1987 = CARTESIAN_POINT('',(-20.,-0.3,15.1));
#1988 = VECTOR('',#1989,1.);
#1989 = DIRECTION('',(1.,0.,0.));
#1990 = PLANE('',#1991);
#1991 = AXIS2_PLACEMENT_3D('',#1992,#1993,#1994);
#1992 = CARTESIAN_POINT('',(-20.,-0.15,14.95));
#1993 = DIRECTION('',(-1.400135019174E-18,0.707106781187,0.707106781187)
  );
#1994 = DIRECTION('',(-1.,-9.900449666345E-19,-9.900449666345E-19));
#1995 = ADVANCED_FACE('',(#1996),#2014,.F.);
#1996 = FACE_BOUND('',#1997,.T.);
#1997 = EDGE_LOOP('',(#1998,#1999,#2000,#2008));
#1998 = ORIENTED_EDGE('',*,*,#883,.T.);
#1999 = ORIENTED_EDGE('',*,*,#1946,.T.);
#2000 = ORIENTED_EDGE('',*,*,#2001,.F.);
#2001 = EDGE_CURVE('',#2002,#1947,#2004,.T.);
#2002 = VERTEX_POINT('',#2003);
#2003 = CARTESIAN_POINT('',(-20.,-0.3,14.8));
#2004 = LINE('',#2005,#2006);
#2005 = CARTESIAN_POINT('',(-20.,-0.3,15.1));
#2006 = VECTOR('',#2007,1.);
#2007 = DIRECTION('',(0.,-2.22044604925E-16,-1.));
#2008 = ORIENTED_EDGE('',*,*,#2009,.F.);
#2009 = EDGE_CURVE('',#884,#2002,#2010,.T.);
#2010 = LINE('',#2011,#2012);
#2011 = CARTESIAN_POINT('',(-19.85,-0.15,14.8));
#2012 = VECTOR('',#2013,1.);
#2013 = DIRECTION('',(-0.707106781187,-0.707106781187,4.864424771065E-15
    ));
#2014 = PLANE('',#2015);
#2015 = AXIS2_PLACEMENT_3D('',#2016,#2017,#2018);
#2016 = CARTESIAN_POINT('',(-19.85,-0.15,15.1));
#2017 = DIRECTION('',(0.707106781187,-0.707106781187,-2.048336198767E-19
    ));
#2018 = DIRECTION('',(1.111671417041E-16,1.108774632209E-16,1.));
#2019 = ADVANCED_FACE('',(#2020),#2031,.T.);
#2020 = FACE_BOUND('',#2021,.F.);
#2021 = EDGE_LOOP('',(#2022,#2023,#2024,#2030));
#2022 = ORIENTED_EDGE('',*,*,#1140,.T.);
#2023 = ORIENTED_EDGE('',*,*,#1126,.T.);
#2024 = ORIENTED_EDGE('',*,*,#2025,.F.);
#2025 = EDGE_CURVE('',#1157,#1119,#2026,.T.);
#2026 = LINE('',#2027,#2028);
#2027 = CARTESIAN_POINT('',(6.95,-39.775,-20.33020671964));
#2028 = VECTOR('',#2029,1.);
#2029 = DIRECTION('',(6.282448299506E-15,-0.707106781187,0.707106781187)
  );
#2030 = ORIENTED_EDGE('',*,*,#1156,.F.);
#2031 = PLANE('',#2032);
#2032 = AXIS2_PLACEMENT_3D('',#2033,#2034,#2035);
#2033 = CARTESIAN_POINT('',(1.25,-39.85,-20.25520671964));
#2034 = DIRECTION('',(-2.184536262988E-18,-0.707106781187,
    -0.707106781187));
#2035 = DIRECTION('',(-1.,1.544700405307E-18,1.544700405307E-18));
#2036 = ADVANCED_FACE('',(#2037),#2054,.T.);
#2037 = FACE_BOUND('',#2038,.F.);
#2038 = EDGE_LOOP('',(#2039,#2040,#2047,#2048));
#2039 = ORIENTED_EDGE('',*,*,#1118,.T.);
#2040 = ORIENTED_EDGE('',*,*,#2041,.T.);
#2041 = EDGE_CURVE('',#1110,#1424,#2042,.T.);
#2042 = PARABOLA('',#2043,1.361180553784);
#2043 = AXIS2_PLACEMENT_3D('',#2044,#2045,#2046);
#2044 = CARTESIAN_POINT('',(-1.925,-48.875,-2.669397726729E-15));
#2045 = DIRECTION('',(-0.707106781187,0.707106781187,-1.786121471767E-18
    ));
#2046 = DIRECTION('',(0.707106781187,0.707106781187,1.786121471767E-18)
  );
#2047 = ORIENTED_EDGE('',*,*,#1472,.F.);
#2048 = ORIENTED_EDGE('',*,*,#2049,.F.);
#2049 = EDGE_CURVE('',#1119,#1465,#2050,.T.);
#2050 = LINE('',#2051,#2052);
#2051 = CARTESIAN_POINT('',(7.1,-39.85,-20.10520671964));
#2052 = VECTOR('',#2053,1.);
#2053 = DIRECTION('',(0.707106781187,0.707106781187,-2.148363882076E-15)
  );
#2054 = PLANE('',#2055);
#2055 = AXIS2_PLACEMENT_3D('',#2056,#2057,#2058);
#2056 = CARTESIAN_POINT('',(7.1,-39.85,-20.40520671964));
#2057 = DIRECTION('',(0.707106781187,-0.707106781187,1.786121471767E-18)
  );
#2058 = DIRECTION('',(-1.097593238578E-16,-1.122852810672E-16,-1.));
#2059 = ADVANCED_FACE('',(#2060),#2083,.T.);
#2060 = FACE_BOUND('',#2061,.F.);
#2061 = EDGE_LOOP('',(#2062,#2063,#2069,#2077));
#2062 = ORIENTED_EDGE('',*,*,#996,.T.);
#2063 = ORIENTED_EDGE('',*,*,#2064,.F.);
#2064 = EDGE_CURVE('',#1556,#989,#2065,.T.);
#2065 = LINE('',#2066,#2067);
#2066 = CARTESIAN_POINT('',(-1.55,-39.775,-20.33020671964));
#2067 = VECTOR('',#2068,1.);
#2068 = DIRECTION('',(-1.04138486393E-14,-0.707106781187,0.707106781187)
  );
#2069 = ORIENTED_EDGE('',*,*,#2070,.F.);
#2070 = EDGE_CURVE('',#2071,#1556,#2073,.T.);
#2071 = VERTEX_POINT('',#2072);
#2072 = CARTESIAN_POINT('',(-6.95,-39.7,-20.40520671964));
#2073 = LINE('',#2074,#2075);
#2074 = CARTESIAN_POINT('',(-7.25,-39.7,-20.40520671964));
#2075 = VECTOR('',#2076,1.);
#2076 = DIRECTION('',(1.,0.,0.));
#2077 = ORIENTED_EDGE('',*,*,#2078,.F.);
#2078 = EDGE_CURVE('',#997,#2071,#2079,.T.);
#2079 = LINE('',#2080,#2081);
#2080 = CARTESIAN_POINT('',(-6.95,-39.85,-20.25520671964));
#2081 = VECTOR('',#2082,1.);
#2082 = DIRECTION('',(1.91761436683E-15,0.707106781187,-0.707106781187)
  );
#2083 = PLANE('',#2084);
#2084 = AXIS2_PLACEMENT_3D('',#2085,#2086,#2087);
#2085 = CARTESIAN_POINT('',(-7.25,-39.85,-20.25520671964));
#2086 = DIRECTION('',(-2.184536262988E-18,-0.707106781187,
    -0.707106781187));
#2087 = DIRECTION('',(-1.,1.544700405307E-18,1.544700405307E-18));
#2088 = ADVANCED_FACE('',(#2089),#2100,.T.);
#2089 = FACE_BOUND('',#2090,.F.);
#2090 = EDGE_LOOP('',(#2091,#2092,#2093,#2099));
#2091 = ORIENTED_EDGE('',*,*,#2041,.F.);
#2092 = ORIENTED_EDGE('',*,*,#1109,.T.);
#2093 = ORIENTED_EDGE('',*,*,#2094,.T.);
#2094 = EDGE_CURVE('',#1102,#1432,#2095,.T.);
#2095 = LINE('',#2096,#2097);
#2096 = CARTESIAN_POINT('',(11.1,-39.7,4.410887232896E-15));
#2097 = VECTOR('',#2098,1.);
#2098 = DIRECTION('',(0.707106781187,0.707106781187,3.577658397466E-16)
  );
#2099 = ORIENTED_EDGE('',*,*,#1431,.F.);
#2100 = CONICAL_SURFACE('',#2101,11.1,0.785398163397);
#2101 = AXIS2_PLACEMENT_3D('',#2102,#2103,#2104);
#2102 = CARTESIAN_POINT('',(3.944304526105E-31,-39.7,-2.6645352591E-15)
  );
#2103 = DIRECTION('',(0.,1.,0.));
#2104 = DIRECTION('',(0.653153153153,0.,-0.757225830599));
#2105 = ADVANCED_FACE('',(#2106),#2132,.T.);
#2106 = FACE_BOUND('',#2107,.F.);
#2107 = EDGE_LOOP('',(#2108,#2117,#2118,#2126));
#2108 = ORIENTED_EDGE('',*,*,#2109,.F.);
#2109 = EDGE_CURVE('',#1005,#2110,#2112,.T.);
#2110 = VERTEX_POINT('',#2111);
#2111 = CARTESIAN_POINT('',(-7.25,-39.7,-8.405206719647));
#2112 = PARABOLA('',#2113,1.361180553784);
#2113 = AXIS2_PLACEMENT_3D('',#2114,#2115,#2116);
#2114 = CARTESIAN_POINT('',(1.925,-48.875,-2.655756988682E-15));
#2115 = DIRECTION('',(-0.707106781187,-0.707106781187,
    -3.224506254484E-18));
#2116 = DIRECTION('',(-0.707106781187,0.707106781187,-3.224506254484E-18
    ));
#2117 = ORIENTED_EDGE('',*,*,#1004,.T.);
#2118 = ORIENTED_EDGE('',*,*,#2119,.F.);
#2119 = EDGE_CURVE('',#2120,#997,#2122,.T.);
#2120 = VERTEX_POINT('',#2121);
#2121 = CARTESIAN_POINT('',(-7.25,-39.7,-20.10520671964));
#2122 = LINE('',#2123,#2124);
#2123 = CARTESIAN_POINT('',(-7.175,-39.775,-20.10520671964));
#2124 = VECTOR('',#2125,1.);
#2125 = DIRECTION('',(0.707106781187,-0.707106781187,-6.326338013054E-15
    ));
#2126 = ORIENTED_EDGE('',*,*,#2127,.F.);
#2127 = EDGE_CURVE('',#2110,#2120,#2128,.T.);
#2128 = LINE('',#2129,#2130);
#2129 = CARTESIAN_POINT('',(-7.25,-39.7,-8.405206719647));
#2130 = VECTOR('',#2131,1.);
#2131 = DIRECTION('',(0.,-2.22044604925E-16,-1.));
#2132 = PLANE('',#2133);
#2133 = AXIS2_PLACEMENT_3D('',#2134,#2135,#2136);
#2134 = CARTESIAN_POINT('',(-7.1,-39.85,-8.405206719647));
#2135 = DIRECTION('',(-0.707106781187,-0.707106781187,
    -3.224506254484E-18));
#2136 = DIRECTION('',(-1.13302372701E-16,1.08742232224E-16,1.));
#2137 = ADVANCED_FACE('',(#2138),#2156,.T.);
#2138 = FACE_BOUND('',#2139,.F.);
#2139 = EDGE_LOOP('',(#2140,#2141,#2142,#2150));
#2140 = ORIENTED_EDGE('',*,*,#2094,.F.);
#2141 = ORIENTED_EDGE('',*,*,#1101,.T.);
#2142 = ORIENTED_EDGE('',*,*,#2143,.T.);
#2143 = EDGE_CURVE('',#1094,#2144,#2146,.T.);
#2144 = VERTEX_POINT('',#2145);
#2145 = CARTESIAN_POINT('',(11.1,-39.7,6.7));
#2146 = LINE('',#2147,#2148);
#2147 = CARTESIAN_POINT('',(10.986738519412,-39.81326148058,6.7));
#2148 = VECTOR('',#2149,1.);
#2149 = DIRECTION('',(0.707106781187,0.707106781187,-3.341647315945E-15)
  );
#2150 = ORIENTED_EDGE('',*,*,#2151,.F.);
#2151 = EDGE_CURVE('',#1432,#2144,#2152,.T.);
#2152 = LINE('',#2153,#2154);
#2153 = CARTESIAN_POINT('',(11.1,-39.7,6.150635556423E-15));
#2154 = VECTOR('',#2155,1.);
#2155 = DIRECTION('',(0.,2.22044604925E-16,1.));
#2156 = PLANE('',#2157);
#2157 = AXIS2_PLACEMENT_3D('',#2158,#2159,#2160);
#2158 = CARTESIAN_POINT('',(10.95,-39.85,6.183942247162E-15));
#2159 = DIRECTION('',(0.707106781187,-0.707106781187,-2.96353736683E-18)
  );
#2160 = DIRECTION('',(-1.131178398309E-16,-1.089267650941E-16,-1.));
#2161 = ADVANCED_FACE('',(#2162),#2181,.T.);
#2162 = FACE_BOUND('',#2163,.F.);
#2163 = EDGE_LOOP('',(#2164,#2172,#2173,#2174));
#2164 = ORIENTED_EDGE('',*,*,#2165,.F.);
#2165 = EDGE_CURVE('',#1013,#2166,#2168,.T.);
#2166 = VERTEX_POINT('',#2167);
#2167 = CARTESIAN_POINT('',(-11.1,-39.7,7.105427357601E-15));
#2168 = LINE('',#2169,#2170);
#2169 = CARTESIAN_POINT('',(-10.95,-39.85,7.105427357601E-15));
#2170 = VECTOR('',#2171,1.);
#2171 = DIRECTION('',(-0.707106781187,0.707106781187,-1.570092458684E-16
    ));
#2172 = ORIENTED_EDGE('',*,*,#1012,.T.);
#2173 = ORIENTED_EDGE('',*,*,#2109,.T.);
#2174 = ORIENTED_EDGE('',*,*,#2175,.F.);
#2175 = EDGE_CURVE('',#2166,#2110,#2176,.T.);
#2176 = CIRCLE('',#2177,11.1);
#2177 = AXIS2_PLACEMENT_3D('',#2178,#2179,#2180);
#2178 = CARTESIAN_POINT('',(3.944304526105E-31,-39.7,-2.6645352591E-15)
  );
#2179 = DIRECTION('',(-0.,-1.,0.));
#2180 = DIRECTION('',(-1.,0.,9.226254183833E-16));
#2181 = CONICAL_SURFACE('',#2182,11.1,0.785398163397);
#2182 = AXIS2_PLACEMENT_3D('',#2183,#2184,#2185);
#2183 = CARTESIAN_POINT('',(3.944304526105E-31,-39.7,-2.6645352591E-15)
  );
#2184 = DIRECTION('',(0.,1.,0.));
#2185 = DIRECTION('',(-1.,0.,9.226254183833E-16));
#2186 = ADVANCED_FACE('',(#2187),#2205,.T.);
#2187 = FACE_BOUND('',#2188,.T.);
#2188 = EDGE_LOOP('',(#2189,#2197,#2198,#2199));
#2189 = ORIENTED_EDGE('',*,*,#2190,.F.);
#2190 = EDGE_CURVE('',#1086,#2191,#2193,.T.);
#2191 = VERTEX_POINT('',#2192);
#2192 = CARTESIAN_POINT('',(11.372477352305,-39.7,7.125523274657));
#2193 = LINE('',#2194,#2195);
#2194 = CARTESIAN_POINT('',(11.278334896312,-39.925,7.329881288886));
#2195 = VECTOR('',#2196,1.);
#2196 = DIRECTION('',(0.29586119569,0.707106781187,-0.642235278449));
#2197 = ORIENTED_EDGE('',*,*,#1093,.T.);
#2198 = ORIENTED_EDGE('',*,*,#2143,.T.);
#2199 = ORIENTED_EDGE('',*,*,#2200,.F.);
#2200 = EDGE_CURVE('',#2191,#2144,#2201,.T.);
#2201 = LINE('',#2202,#2203);
#2202 = CARTESIAN_POINT('',(11.347977195565,-39.7,7.087261794069));
#2203 = VECTOR('',#2204,1.);
#2204 = DIRECTION('',(-0.539253690055,1.053795084631E-15,-0.842143371263
    ));
#2205 = PLANE('',#2206);
#2206 = AXIS2_PLACEMENT_3D('',#2207,#2208,#2209);
#2207 = CARTESIAN_POINT('',(11.246954077648,-40.,7.398000626963));
#2208 = DIRECTION('',(0.644152800251,-0.644152800251,-0.412473441397));
#2209 = DIRECTION('',(-0.539253690055,-8.782323502121E-17,
    -0.842143371263));
#2210 = ADVANCED_FACE('',(#2211),#2229,.T.);
#2211 = FACE_BOUND('',#2212,.F.);
#2212 = EDGE_LOOP('',(#2213,#2221,#2222,#2223));
#2213 = ORIENTED_EDGE('',*,*,#2214,.F.);
#2214 = EDGE_CURVE('',#1022,#2215,#2217,.T.);
#2215 = VERTEX_POINT('',#2216);
#2216 = CARTESIAN_POINT('',(-11.1,-39.7,6.7));
#2217 = LINE('',#2218,#2219);
#2218 = CARTESIAN_POINT('',(-10.875,-39.925,6.7));
#2219 = VECTOR('',#2220,1.);
#2220 = DIRECTION('',(-0.707106781187,0.707106781187,1.112817054706E-16)
  );
#2221 = ORIENTED_EDGE('',*,*,#1021,.T.);
#2222 = ORIENTED_EDGE('',*,*,#2165,.T.);
#2223 = ORIENTED_EDGE('',*,*,#2224,.F.);
#2224 = EDGE_CURVE('',#2215,#2166,#2225,.T.);
#2225 = LINE('',#2226,#2227);
#2226 = CARTESIAN_POINT('',(-11.1,-39.7,7.));
#2227 = VECTOR('',#2228,1.);
#2228 = DIRECTION('',(0.,-2.22044604925E-16,-1.));
#2229 = PLANE('',#2230);
#2230 = AXIS2_PLACEMENT_3D('',#2231,#2232,#2233);
#2231 = CARTESIAN_POINT('',(-10.95,-39.85,7.));
#2232 = DIRECTION('',(-0.707106781187,-0.707106781187,2.96353736683E-18)
  );
#2233 = DIRECTION('',(-1.089267650941E-16,1.131178398309E-16,1.));
#2234 = ADVANCED_FACE('',(#2235),#2253,.F.);
#2235 = FACE_BOUND('',#2236,.T.);
#2236 = EDGE_LOOP('',(#2237,#2245,#2246,#2247));
#2237 = ORIENTED_EDGE('',*,*,#2238,.F.);
#2238 = EDGE_CURVE('',#1078,#2239,#2241,.T.);
#2239 = VERTEX_POINT('',#2240);
#2240 = CARTESIAN_POINT('',(19.727522647695,-39.7,10.974476725343));
#2241 = LINE('',#2242,#2243);
#2242 = CARTESIAN_POINT('',(19.623129058689,-39.94950015674,
    11.201087199037));
#2243 = VECTOR('',#2244,1.);
#2244 = DIRECTION('',(0.29586119569,0.707106781187,-0.642235278449));
#2245 = ORIENTED_EDGE('',*,*,#1085,.T.);
#2246 = ORIENTED_EDGE('',*,*,#2190,.T.);
#2247 = ORIENTED_EDGE('',*,*,#2248,.F.);
#2248 = EDGE_CURVE('',#2239,#2191,#2249,.T.);
#2249 = LINE('',#2250,#2251);
#2250 = CARTESIAN_POINT('',(20.,-39.7,11.1));
#2251 = VECTOR('',#2252,1.);
#2252 = DIRECTION('',(-0.908257841017,-9.290588643404E-17,
    -0.418410915525));
#2253 = PLANE('',#2254);
#2254 = AXIS2_PLACEMENT_3D('',#2255,#2256,#2257);
#2255 = CARTESIAN_POINT('',(19.937238362671,-39.85,11.236238676153));
#2256 = DIRECTION('',(-0.29586119569,0.707106781187,0.642235278449));
#2257 = DIRECTION('',(0.908257841017,1.211830875795E-17,0.418410915525)
  );
#2258 = ADVANCED_FACE('',(#2259),#2277,.T.);
#2259 = FACE_BOUND('',#2260,.T.);
#2260 = EDGE_LOOP('',(#2261,#2262,#2263,#2271));
#2261 = ORIENTED_EDGE('',*,*,#2214,.F.);
#2262 = ORIENTED_EDGE('',*,*,#1029,.T.);
#2263 = ORIENTED_EDGE('',*,*,#2264,.T.);
#2264 = EDGE_CURVE('',#1030,#2265,#2267,.T.);
#2265 = VERTEX_POINT('',#2266);
#2266 = CARTESIAN_POINT('',(-11.3724773523,-39.7,7.125523274657));
#2267 = LINE('',#2268,#2269);
#2268 = CARTESIAN_POINT('',(-11.32508751251,-39.81326148058,
    7.228393902487));
#2269 = VECTOR('',#2270,1.);
#2270 = DIRECTION('',(-0.29586119569,0.707106781187,-0.642235278449));
#2271 = ORIENTED_EDGE('',*,*,#2272,.F.);
#2272 = EDGE_CURVE('',#2215,#2265,#2273,.T.);
#2273 = LINE('',#2274,#2275);
#2274 = CARTESIAN_POINT('',(-11.12450015674,-39.7,6.738261480588));
#2275 = VECTOR('',#2276,1.);
#2276 = DIRECTION('',(-0.539253690055,2.315648060912E-15,0.842143371263)
  );
#2277 = PLANE('',#2278);
#2278 = AXIS2_PLACEMENT_3D('',#2279,#2280,#2281);
#2279 = CARTESIAN_POINT('',(-10.8,-40.,6.7));
#2280 = DIRECTION('',(-0.644152800251,-0.644152800251,-0.412473441397));
#2281 = DIRECTION('',(-0.539253690055,4.796178847684E-17,0.842143371263)
  );
#2282 = ADVANCED_FACE('',(#2283),#2301,.T.);
#2283 = FACE_BOUND('',#2284,.T.);
#2284 = EDGE_LOOP('',(#2285,#2293,#2294,#2295));
#2285 = ORIENTED_EDGE('',*,*,#2286,.F.);
#2286 = EDGE_CURVE('',#1070,#2287,#2289,.T.);
#2287 = VERTEX_POINT('',#2288);
#2288 = CARTESIAN_POINT('',(20.,-39.7,11.4));
#2289 = LINE('',#2290,#2291);
#2290 = CARTESIAN_POINT('',(19.775,-39.925,11.4));
#2291 = VECTOR('',#2292,1.);
#2292 = DIRECTION('',(0.707106781187,0.707106781187,-2.69371277511E-16)
  );
#2293 = ORIENTED_EDGE('',*,*,#1077,.T.);
#2294 = ORIENTED_EDGE('',*,*,#2238,.T.);
#2295 = ORIENTED_EDGE('',*,*,#2296,.F.);
#2296 = EDGE_CURVE('',#2287,#2239,#2297,.T.);
#2297 = LINE('',#2298,#2299);
#2298 = CARTESIAN_POINT('',(19.888261480588,-39.7,11.225499843259));
#2299 = VECTOR('',#2300,1.);
#2300 = DIRECTION('',(-0.539253690055,-2.252753195758E-15,
    -0.842143371263));
#2301 = PLANE('',#2302);
#2302 = AXIS2_PLACEMENT_3D('',#2303,#2304,#2305);
#2303 = CARTESIAN_POINT('',(19.7,-40.,11.4));
#2304 = DIRECTION('',(0.644152800251,-0.644152800251,-0.412473441397));
#2305 = DIRECTION('',(-0.539253690055,3.933711703946E-17,-0.842143371263
    ));
#2306 = ADVANCED_FACE('',(#2307),#2325,.T.);
#2307 = FACE_BOUND('',#2308,.F.);
#2308 = EDGE_LOOP('',(#2309,#2317,#2318,#2319));
#2309 = ORIENTED_EDGE('',*,*,#2310,.F.);
#2310 = EDGE_CURVE('',#1038,#2311,#2313,.T.);
#2311 = VERTEX_POINT('',#2312);
#2312 = CARTESIAN_POINT('',(-19.72752264769,-39.7,10.974476725343));
#2313 = LINE('',#2314,#2315);
#2314 = CARTESIAN_POINT('',(-19.6333801917,-39.925,11.178834739571));
#2315 = VECTOR('',#2316,1.);
#2316 = DIRECTION('',(-0.29586119569,0.707106781187,-0.642235278449));
#2317 = ORIENTED_EDGE('',*,*,#1037,.T.);
#2318 = ORIENTED_EDGE('',*,*,#2264,.T.);
#2319 = ORIENTED_EDGE('',*,*,#2320,.F.);
#2320 = EDGE_CURVE('',#2311,#2265,#2321,.T.);
#2321 = LINE('',#2322,#2323);
#2322 = CARTESIAN_POINT('',(-20.,-39.7,11.1));
#2323 = VECTOR('',#2324,1.);
#2324 = DIRECTION('',(0.908257841017,-9.290588643404E-17,-0.418410915525
    ));
#2325 = PLANE('',#2326);
#2326 = AXIS2_PLACEMENT_3D('',#2327,#2328,#2329);
#2327 = CARTESIAN_POINT('',(-19.93723836267,-39.85,11.236238676153));
#2328 = DIRECTION('',(-0.29586119569,-0.707106781187,-0.642235278449));
#2329 = DIRECTION('',(-0.908257841017,1.211830875795E-17,0.418410915525)
  );
#2330 = ADVANCED_FACE('',(#2331),#2349,.T.);
#2331 = FACE_BOUND('',#2332,.F.);
#2332 = EDGE_LOOP('',(#2333,#2334,#2335,#2343));
#2333 = ORIENTED_EDGE('',*,*,#2286,.F.);
#2334 = ORIENTED_EDGE('',*,*,#1069,.T.);
#2335 = ORIENTED_EDGE('',*,*,#2336,.F.);
#2336 = EDGE_CURVE('',#2337,#1062,#2339,.T.);
#2337 = VERTEX_POINT('',#2338);
#2338 = CARTESIAN_POINT('',(20.,-39.7,14.8));
#2339 = LINE('',#2340,#2341);
#2340 = CARTESIAN_POINT('',(19.925,-39.775,14.8));
#2341 = VECTOR('',#2342,1.);
#2342 = DIRECTION('',(-0.707106781187,-0.707106781187,1.253803710102E-14
    ));
#2343 = ORIENTED_EDGE('',*,*,#2344,.F.);
#2344 = EDGE_CURVE('',#2287,#2337,#2345,.T.);
#2345 = LINE('',#2346,#2347);
#2346 = CARTESIAN_POINT('',(20.,-39.7,11.1));
#2347 = VECTOR('',#2348,1.);
#2348 = DIRECTION('',(0.,2.22044604925E-16,1.));
#2349 = PLANE('',#2350);
#2350 = AXIS2_PLACEMENT_3D('',#2351,#2352,#2353);
#2351 = CARTESIAN_POINT('',(19.85,-39.85,11.1));
#2352 = DIRECTION('',(0.707106781187,-0.707106781187,-2.96353736683E-18)
  );
#2353 = DIRECTION('',(-1.131178398309E-16,-1.089267650941E-16,-1.));
#2354 = ADVANCED_FACE('',(#2355),#2373,.T.);
#2355 = FACE_BOUND('',#2356,.T.);
#2356 = EDGE_LOOP('',(#2357,#2358,#2359,#2367));
#2357 = ORIENTED_EDGE('',*,*,#2310,.F.);
#2358 = ORIENTED_EDGE('',*,*,#1045,.T.);
#2359 = ORIENTED_EDGE('',*,*,#2360,.T.);
#2360 = EDGE_CURVE('',#1046,#2361,#2363,.T.);
#2361 = VERTEX_POINT('',#2362);
#2362 = CARTESIAN_POINT('',(-20.,-39.7,11.4));
#2363 = LINE('',#2364,#2365);
#2364 = CARTESIAN_POINT('',(-19.75049984325,-39.94950015674,11.4));
#2365 = VECTOR('',#2366,1.);
#2366 = DIRECTION('',(-0.707106781187,0.707106781187,5.903873963494E-15)
  );
#2367 = ORIENTED_EDGE('',*,*,#2368,.F.);
#2368 = EDGE_CURVE('',#2311,#2361,#2369,.T.);
#2369 = LINE('',#2370,#2371);
#2370 = CARTESIAN_POINT('',(-19.8392611671,-39.7,11.148976882083));
#2371 = VECTOR('',#2372,1.);
#2372 = DIRECTION('',(-0.539253690055,2.261293621984E-15,0.842143371263)
  );
#2373 = PLANE('',#2374);
#2374 = AXIS2_PLACEMENT_3D('',#2375,#2376,#2377);
#2375 = CARTESIAN_POINT('',(-19.60199937303,-40.,11.246954077648));
#2376 = DIRECTION('',(-0.644152800251,-0.644152800251,-0.412473441397));
#2377 = DIRECTION('',(-0.539253690055,-4.296155500693E-17,0.842143371263
    ));
#2378 = ADVANCED_FACE('',(#2379),#2404,.F.);
#2379 = FACE_BOUND('',#2380,.T.);
#2380 = EDGE_LOOP('',(#2381,#2389,#2390,#2398));
#2381 = ORIENTED_EDGE('',*,*,#2382,.T.);
#2382 = EDGE_CURVE('',#2383,#1054,#2385,.T.);
#2383 = VERTEX_POINT('',#2384);
#2384 = CARTESIAN_POINT('',(-19.7,-39.7,15.1));
#2385 = LINE('',#2386,#2387);
#2386 = CARTESIAN_POINT('',(-19.7,-39.775,15.025));
#2387 = VECTOR('',#2388,1.);
#2388 = DIRECTION('',(-4.100031333168E-15,-0.707106781187,
    -0.707106781187));
#2389 = ORIENTED_EDGE('',*,*,#1061,.T.);
#2390 = ORIENTED_EDGE('',*,*,#2391,.T.);
#2391 = EDGE_CURVE('',#1062,#2392,#2394,.T.);
#2392 = VERTEX_POINT('',#2393);
#2393 = CARTESIAN_POINT('',(19.7,-39.7,15.1));
#2394 = LINE('',#2395,#2396);
#2395 = CARTESIAN_POINT('',(19.7,-39.85,14.95));
#2396 = VECTOR('',#2397,1.);
#2397 = DIRECTION('',(-4.072699183084E-15,0.707106781187,0.707106781187)
  );
#2398 = ORIENTED_EDGE('',*,*,#2399,.F.);
#2399 = EDGE_CURVE('',#2383,#2392,#2400,.T.);
#2400 = LINE('',#2401,#2402);
#2401 = CARTESIAN_POINT('',(-20.,-39.7,15.1));
#2402 = VECTOR('',#2403,1.);
#2403 = DIRECTION('',(1.,0.,0.));
#2404 = PLANE('',#2405);
#2405 = AXIS2_PLACEMENT_3D('',#2406,#2407,#2408);
#2406 = CARTESIAN_POINT('',(-20.,-39.85,14.95));
#2407 = DIRECTION('',(2.184536262988E-18,0.707106781187,-0.707106781187)
  );
#2408 = DIRECTION('',(-1.,1.544700405307E-18,-1.544700405307E-18));
#2409 = ADVANCED_FACE('',(#2410),#2428,.T.);
#2410 = FACE_BOUND('',#2411,.F.);
#2411 = EDGE_LOOP('',(#2412,#2413,#2414,#2422));
#2412 = ORIENTED_EDGE('',*,*,#1053,.T.);
#2413 = ORIENTED_EDGE('',*,*,#2360,.T.);
#2414 = ORIENTED_EDGE('',*,*,#2415,.F.);
#2415 = EDGE_CURVE('',#2416,#2361,#2418,.T.);
#2416 = VERTEX_POINT('',#2417);
#2417 = CARTESIAN_POINT('',(-20.,-39.7,14.8));
#2418 = LINE('',#2419,#2420);
#2419 = CARTESIAN_POINT('',(-20.,-39.7,15.1));
#2420 = VECTOR('',#2421,1.);
#2421 = DIRECTION('',(0.,-2.22044604925E-16,-1.));
#2422 = ORIENTED_EDGE('',*,*,#2423,.F.);
#2423 = EDGE_CURVE('',#1054,#2416,#2424,.T.);
#2424 = LINE('',#2425,#2426);
#2425 = CARTESIAN_POINT('',(-19.85,-39.85,14.8));
#2426 = VECTOR('',#2427,1.);
#2427 = DIRECTION('',(-0.707106781187,0.707106781187,-4.145817265163E-15
    ));
#2428 = PLANE('',#2429);
#2429 = AXIS2_PLACEMENT_3D('',#2430,#2431,#2432);
#2430 = CARTESIAN_POINT('',(-19.85,-39.85,15.1));
#2431 = DIRECTION('',(-0.707106781187,-0.707106781187,2.96353736683E-18)
  );
#2432 = DIRECTION('',(-1.089267650941E-16,1.131178398309E-16,1.));
#2433 = ADVANCED_FACE('',(#2434),#2445,.T.);
#2434 = FACE_BOUND('',#2435,.F.);
#2435 = EDGE_LOOP('',(#2436,#2437,#2438,#2444));
#2436 = ORIENTED_EDGE('',*,*,#1390,.F.);
#2437 = ORIENTED_EDGE('',*,*,#1164,.T.);
#2438 = ORIENTED_EDGE('',*,*,#2439,.T.);
#2439 = EDGE_CURVE('',#1157,#1465,#2440,.T.);
#2440 = LINE('',#2441,#2442);
#2441 = CARTESIAN_POINT('',(7.025,-39.7,-20.33020671964));
#2442 = VECTOR('',#2443,1.);
#2443 = DIRECTION('',(0.707106781187,-8.484391971521E-15,0.707106781187)
  );
#2444 = ORIENTED_EDGE('',*,*,#1464,.F.);
#2445 = PLANE('',#2446);
#2446 = AXIS2_PLACEMENT_3D('',#2447,#2448,#2449);
#2447 = CARTESIAN_POINT('',(7.1,-36.,-20.25520671964));
#2448 = DIRECTION('',(0.707106781187,-2.523732091295E-16,-0.707106781187
    ));
#2449 = DIRECTION('',(6.743250510274E-17,1.,-2.894771100278E-16));
#2450 = ADVANCED_FACE('',(#2451),#2474,.T.);
#2451 = FACE_BOUND('',#2452,.F.);
#2452 = EDGE_LOOP('',(#2453,#2459,#2460,#2468));
#2453 = ORIENTED_EDGE('',*,*,#2454,.F.);
#2454 = EDGE_CURVE('',#1220,#1628,#2455,.T.);
#2455 = LINE('',#2456,#2457);
#2456 = CARTESIAN_POINT('',(7.025,-0.3,-20.33020671964));
#2457 = VECTOR('',#2458,1.);
#2458 = DIRECTION('',(0.707106781187,1.155462286806E-15,0.707106781187)
  );
#2459 = ORIENTED_EDGE('',*,*,#1219,.T.);
#2460 = ORIENTED_EDGE('',*,*,#2461,.T.);
#2461 = EDGE_CURVE('',#1212,#2462,#2464,.T.);
#2462 = VERTEX_POINT('',#2463);
#2463 = CARTESIAN_POINT('',(7.25,-4.,-20.10520671964));
#2464 = LINE('',#2465,#2466);
#2465 = CARTESIAN_POINT('',(6.460612002983,-3.673024785661,
    -20.89459471666));
#2466 = VECTOR('',#2467,1.);
#2467 = DIRECTION('',(0.678598344546,-0.281084637715,0.678598344546));
#2468 = ORIENTED_EDGE('',*,*,#2469,.F.);
#2469 = EDGE_CURVE('',#1628,#2462,#2470,.T.);
#2470 = LINE('',#2471,#2472);
#2471 = CARTESIAN_POINT('',(7.25,-4.464252683E-15,-20.10520671964));
#2472 = VECTOR('',#2473,1.);
#2473 = DIRECTION('',(0.,-1.,2.22044604925E-16));
#2474 = PLANE('',#2475);
#2475 = AXIS2_PLACEMENT_3D('',#2476,#2477,#2478);
#2476 = CARTESIAN_POINT('',(7.1,-4.497559373739E-15,-20.25520671964));
#2477 = DIRECTION('',(0.707106781187,-2.523732091295E-16,-0.707106781187
    ));
#2478 = DIRECTION('',(6.743250510274E-17,1.,-2.894771100278E-16));
#2479 = ADVANCED_FACE('',(#2480),#2498,.T.);
#2480 = FACE_BOUND('',#2481,.T.);
#2481 = EDGE_LOOP('',(#2482,#2490,#2491,#2492));
#2482 = ORIENTED_EDGE('',*,*,#2483,.F.);
#2483 = EDGE_CURVE('',#1204,#2484,#2486,.T.);
#2484 = VERTEX_POINT('',#2485);
#2485 = CARTESIAN_POINT('',(5.25,-6.,-20.10520671964));
#2486 = LINE('',#2487,#2488);
#2487 = CARTESIAN_POINT('',(5.111851286034,-5.942776929051,
    -20.24335543361));
#2488 = VECTOR('',#2489,1.);
#2489 = DIRECTION('',(0.678598344546,-0.281084637715,0.678598344546));
#2490 = ORIENTED_EDGE('',*,*,#1211,.T.);
#2491 = ORIENTED_EDGE('',*,*,#2461,.T.);
#2492 = ORIENTED_EDGE('',*,*,#2493,.F.);
#2493 = EDGE_CURVE('',#2484,#2462,#2494,.T.);
#2494 = LINE('',#2495,#2496);
#2495 = CARTESIAN_POINT('',(5.25,-6.,-20.10520671964));
#2496 = VECTOR('',#2497,1.);
#2497 = DIRECTION('',(0.707106781187,0.707106781187,0.));
#2498 = PLANE('',#2499);
#2499 = AXIS2_PLACEMENT_3D('',#2500,#2501,#2502);
#2500 = CARTESIAN_POINT('',(5.143933982822,-5.893933982822,
    -20.25520671964));
#2501 = DIRECTION('',(0.5,-0.5,-0.707106781187));
#2502 = DIRECTION('',(0.707106781187,0.707106781187,5.551115123126E-17)
  );
#2503 = ADVANCED_FACE('',(#2504),#2522,.T.);
#2504 = FACE_BOUND('',#2505,.F.);
#2505 = EDGE_LOOP('',(#2506,#2507,#2508,#2516));
#2506 = ORIENTED_EDGE('',*,*,#2483,.F.);
#2507 = ORIENTED_EDGE('',*,*,#1203,.T.);
#2508 = ORIENTED_EDGE('',*,*,#2509,.T.);
#2509 = EDGE_CURVE('',#1196,#2510,#2512,.T.);
#2510 = VERTEX_POINT('',#2511);
#2511 = CARTESIAN_POINT('',(5.25,-14.,-20.10520671964));
#2512 = LINE('',#2513,#2514);
#2513 = CARTESIAN_POINT('',(5.874825565356,-13.74118877671,
    -19.48038115429));
#2514 = VECTOR('',#2515,1.);
#2515 = DIRECTION('',(0.678598344546,0.281084637715,0.678598344546));
#2516 = ORIENTED_EDGE('',*,*,#2517,.F.);
#2517 = EDGE_CURVE('',#2484,#2510,#2518,.T.);
#2518 = LINE('',#2519,#2520);
#2519 = CARTESIAN_POINT('',(5.25,-6.,-20.10520671964));
#2520 = VECTOR('',#2521,1.);
#2521 = DIRECTION('',(0.,-1.,0.));
#2522 = PLANE('',#2523);
#2523 = AXIS2_PLACEMENT_3D('',#2524,#2525,#2526);
#2524 = CARTESIAN_POINT('',(5.1,-6.,-20.25520671964));
#2525 = DIRECTION('',(0.707106781187,-2.519519159806E-16,-0.707106781187
    ));
#2526 = DIRECTION('',(1.781569083228E-16,1.,-1.781569083228E-16));
#2527 = ADVANCED_FACE('',(#2528),#2539,.T.);
#2528 = FACE_BOUND('',#2529,.F.);
#2529 = EDGE_LOOP('',(#2530,#2536,#2537,#2538));
#2530 = ORIENTED_EDGE('',*,*,#2531,.F.);
#2531 = EDGE_CURVE('',#1188,#1358,#2532,.T.);
#2532 = LINE('',#2533,#2534);
#2533 = CARTESIAN_POINT('',(6.842099142644,-16.16895806722,-20.513107577
    ));
#2534 = VECTOR('',#2535,1.);
#2535 = DIRECTION('',(0.678598344546,0.281084637715,0.678598344546));
#2536 = ORIENTED_EDGE('',*,*,#1187,.T.);
#2537 = ORIENTED_EDGE('',*,*,#1342,.T.);
#2538 = ORIENTED_EDGE('',*,*,#1367,.F.);
#2539 = PLANE('',#2540);
#2540 = AXIS2_PLACEMENT_3D('',#2541,#2542,#2543);
#2541 = CARTESIAN_POINT('',(7.1,-16.,-20.25520671964));
#2542 = DIRECTION('',(0.707106781187,-2.523732091295E-16,-0.707106781187
    ));
#2543 = DIRECTION('',(6.743250510274E-17,1.,-2.894771100278E-16));
#2544 = ADVANCED_FACE('',(#2545),#2556,.F.);
#2545 = FACE_BOUND('',#2546,.F.);
#2546 = EDGE_LOOP('',(#2547,#2548,#2549,#2550));
#2547 = ORIENTED_EDGE('',*,*,#2509,.F.);
#2548 = ORIENTED_EDGE('',*,*,#1195,.T.);
#2549 = ORIENTED_EDGE('',*,*,#2531,.T.);
#2550 = ORIENTED_EDGE('',*,*,#2551,.F.);
#2551 = EDGE_CURVE('',#2510,#1358,#2552,.T.);
#2552 = LINE('',#2553,#2554);
#2553 = CARTESIAN_POINT('',(5.25,-14.,-20.10520671964));
#2554 = VECTOR('',#2555,1.);
#2555 = DIRECTION('',(0.707106781187,-0.707106781187,0.));
#2556 = PLANE('',#2557);
#2557 = AXIS2_PLACEMENT_3D('',#2558,#2559,#2560);
#2558 = CARTESIAN_POINT('',(5.143933982822,-14.10606601717,
    -20.25520671964));
#2559 = DIRECTION('',(-0.5,-0.5,0.707106781187));
#2560 = DIRECTION('',(0.707106781187,-0.707106781187,8.326672684689E-17)
  );
#2561 = ADVANCED_FACE('',(#2562,#2568),#2593,.F.);
#2562 = FACE_BOUND('',#2563,.F.);
#2563 = EDGE_LOOP('',(#2564,#2565,#2566,#2567));
#2564 = ORIENTED_EDGE('',*,*,#1308,.T.);
#2565 = ORIENTED_EDGE('',*,*,#1326,.T.);
#2566 = ORIENTED_EDGE('',*,*,#1259,.T.);
#2567 = ORIENTED_EDGE('',*,*,#1284,.T.);
#2568 = FACE_BOUND('',#2569,.F.);
#2569 = EDGE_LOOP('',(#2570,#2578,#2579,#2587));
#2570 = ORIENTED_EDGE('',*,*,#2571,.F.);
#2571 = EDGE_CURVE('',#2484,#2572,#2574,.T.);
#2572 = VERTEX_POINT('',#2573);
#2573 = CARTESIAN_POINT('',(5.25,-6.,-8.405206719647));
#2574 = LINE('',#2575,#2576);
#2575 = CARTESIAN_POINT('',(5.25,-6.,-20.40520671964));
#2576 = VECTOR('',#2577,1.);
#2577 = DIRECTION('',(0.,0.,1.));
#2578 = ORIENTED_EDGE('',*,*,#2517,.T.);
#2579 = ORIENTED_EDGE('',*,*,#2580,.T.);
#2580 = EDGE_CURVE('',#2510,#2581,#2583,.T.);
#2581 = VERTEX_POINT('',#2582);
#2582 = CARTESIAN_POINT('',(5.25,-14.,-8.405206719647));
#2583 = LINE('',#2584,#2585);
#2584 = CARTESIAN_POINT('',(5.25,-14.,-20.40520671964));
#2585 = VECTOR('',#2586,1.);
#2586 = DIRECTION('',(0.,0.,1.));
#2587 = ORIENTED_EDGE('',*,*,#2588,.T.);
#2588 = EDGE_CURVE('',#2581,#2572,#2589,.T.);
#2589 = LINE('',#2590,#2591);
#2590 = CARTESIAN_POINT('',(5.25,-10.,-8.405206719647));
#2591 = VECTOR('',#2592,1.);
#2592 = DIRECTION('',(0.,1.,0.));
#2593 = PLANE('',#2594);
#2594 = AXIS2_PLACEMENT_3D('',#2595,#2596,#2597);
#2595 = CARTESIAN_POINT('',(5.25,-10.,-14.40520671964));
#2596 = DIRECTION('',(-1.,-0.,-0.));
#2597 = DIRECTION('',(0.,0.,-1.));
#2598 = ADVANCED_FACE('',(#2599),#2610,.T.);
#2599 = FACE_BOUND('',#2600,.T.);
#2600 = EDGE_LOOP('',(#2601,#2602,#2608,#2609));
#2601 = ORIENTED_EDGE('',*,*,#2580,.T.);
#2602 = ORIENTED_EDGE('',*,*,#2603,.T.);
#2603 = EDGE_CURVE('',#2581,#1360,#2604,.T.);
#2604 = LINE('',#2605,#2606);
#2605 = CARTESIAN_POINT('',(5.25,-14.,-8.405206719647));
#2606 = VECTOR('',#2607,1.);
#2607 = DIRECTION('',(0.707106781187,-0.707106781187,0.));
#2608 = ORIENTED_EDGE('',*,*,#1357,.F.);
#2609 = ORIENTED_EDGE('',*,*,#2551,.F.);
#2610 = PLANE('',#2611);
#2611 = AXIS2_PLACEMENT_3D('',#2612,#2613,#2614);
#2612 = CARTESIAN_POINT('',(5.25,-14.,-20.40520671964));
#2613 = DIRECTION('',(0.707106781187,0.707106781187,0.));
#2614 = DIRECTION('',(0.707106781187,-0.707106781187,0.));
#2615 = ADVANCED_FACE('',(#2616),#2627,.F.);
#2616 = FACE_BOUND('',#2617,.F.);
#2617 = EDGE_LOOP('',(#2618,#2619,#2620,#2621));
#2618 = ORIENTED_EDGE('',*,*,#1405,.F.);
#2619 = ORIENTED_EDGE('',*,*,#1627,.F.);
#2620 = ORIENTED_EDGE('',*,*,#2469,.T.);
#2621 = ORIENTED_EDGE('',*,*,#2622,.T.);
#2622 = EDGE_CURVE('',#2462,#1408,#2623,.T.);
#2623 = LINE('',#2624,#2625);
#2624 = CARTESIAN_POINT('',(7.25,-4.,-20.40520671964));
#2625 = VECTOR('',#2626,1.);
#2626 = DIRECTION('',(0.,0.,1.));
#2627 = PLANE('',#2628);
#2628 = AXIS2_PLACEMENT_3D('',#2629,#2630,#2631);
#2629 = CARTESIAN_POINT('',(7.25,-4.530866064478E-15,-20.40520671964));
#2630 = DIRECTION('',(-1.,0.,0.));
#2631 = DIRECTION('',(0.,2.22044604925E-16,1.));
#2632 = ADVANCED_FACE('',(#2633),#2644,.T.);
#2633 = FACE_BOUND('',#2634,.F.);
#2634 = EDGE_LOOP('',(#2635,#2636,#2642,#2643));
#2635 = ORIENTED_EDGE('',*,*,#1415,.F.);
#2636 = ORIENTED_EDGE('',*,*,#2637,.F.);
#2637 = EDGE_CURVE('',#2572,#1408,#2638,.T.);
#2638 = LINE('',#2639,#2640);
#2639 = CARTESIAN_POINT('',(5.25,-6.,-8.405206719647));
#2640 = VECTOR('',#2641,1.);
#2641 = DIRECTION('',(0.707106781187,0.707106781187,0.));
#2642 = ORIENTED_EDGE('',*,*,#2588,.F.);
#2643 = ORIENTED_EDGE('',*,*,#2603,.T.);
#2644 = PLANE('',#2645);
#2645 = AXIS2_PLACEMENT_3D('',#2646,#2647,#2648);
#2646 = CARTESIAN_POINT('',(6.405903758158,-20.,-8.405206719647));
#2647 = DIRECTION('',(0.,0.,-1.));
#2648 = DIRECTION('',(1.,0.,0.));
#2649 = ADVANCED_FACE('',(#2650),#2661,.F.);
#2650 = FACE_BOUND('',#2651,.F.);
#2651 = EDGE_LOOP('',(#2652,#2653,#2654,#2660));
#2652 = ORIENTED_EDGE('',*,*,#1440,.T.);
#2653 = ORIENTED_EDGE('',*,*,#2151,.T.);
#2654 = ORIENTED_EDGE('',*,*,#2655,.F.);
#2655 = EDGE_CURVE('',#1730,#2144,#2656,.T.);
#2656 = LINE('',#2657,#2658);
#2657 = CARTESIAN_POINT('',(11.1,1.487698852998E-15,6.7));
#2658 = VECTOR('',#2659,1.);
#2659 = DIRECTION('',(0.,-1.,2.22044604925E-16));
#2660 = ORIENTED_EDGE('',*,*,#1737,.F.);
#2661 = PLANE('',#2662);
#2662 = AXIS2_PLACEMENT_3D('',#2663,#2664,#2665);
#2663 = CARTESIAN_POINT('',(11.1,-5.916456789158E-31,-2.6645352591E-15)
  );
#2664 = DIRECTION('',(-1.,0.,0.));
#2665 = DIRECTION('',(0.,2.22044604925E-16,1.));
#2666 = ADVANCED_FACE('',(#2667),#2672,.F.);
#2667 = FACE_BOUND('',#2668,.F.);
#2668 = EDGE_LOOP('',(#2669,#2670,#2671));
#2669 = ORIENTED_EDGE('',*,*,#1650,.F.);
#2670 = ORIENTED_EDGE('',*,*,#1546,.T.);
#2671 = ORIENTED_EDGE('',*,*,#1489,.F.);
#2672 = PLANE('',#2673);
#2673 = AXIS2_PLACEMENT_3D('',#2674,#2675,#2676);
#2674 = CARTESIAN_POINT('',(-1.55,-0.3,-20.40520671964));
#2675 = DIRECTION('',(-0.57735026919,-0.57735026919,0.57735026919));
#2676 = DIRECTION('',(0.707106781187,-0.707106781187,-7.418568658188E-17
    ));
#2677 = ADVANCED_FACE('',(#2678),#2683,.T.);
#2678 = FACE_BOUND('',#2679,.T.);
#2679 = EDGE_LOOP('',(#2680,#2681,#2682));
#2680 = ORIENTED_EDGE('',*,*,#2064,.F.);
#2681 = ORIENTED_EDGE('',*,*,#1555,.T.);
#2682 = ORIENTED_EDGE('',*,*,#1506,.F.);
#2683 = PLANE('',#2684);
#2684 = AXIS2_PLACEMENT_3D('',#2685,#2686,#2687);
#2685 = CARTESIAN_POINT('',(-1.55,-39.7,-20.40520671964));
#2686 = DIRECTION('',(0.57735026919,-0.57735026919,-0.57735026919));
#2687 = DIRECTION('',(0.707106781187,0.707106781187,6.123707412238E-17)
  );
#2688 = ADVANCED_FACE('',(#2689),#2708,.F.);
#2689 = FACE_BOUND('',#2690,.F.);
#2690 = EDGE_LOOP('',(#2691,#2699,#2706,#2707));
#2691 = ORIENTED_EDGE('',*,*,#2692,.F.);
#2692 = EDGE_CURVE('',#2693,#1522,#2695,.T.);
#2693 = VERTEX_POINT('',#2694);
#2694 = CARTESIAN_POINT('',(-4.25,-11.6,-14.40520671964));
#2695 = LINE('',#2696,#2697);
#2696 = CARTESIAN_POINT('',(-7.25,-11.6,-14.40520671964));
#2697 = VECTOR('',#2698,1.);
#2698 = DIRECTION('',(1.,0.,0.));
#2699 = ORIENTED_EDGE('',*,*,#2700,.F.);
#2700 = EDGE_CURVE('',#2693,#2693,#2701,.T.);
#2701 = CIRCLE('',#2702,1.6);
#2702 = AXIS2_PLACEMENT_3D('',#2703,#2704,#2705);
#2703 = CARTESIAN_POINT('',(-4.25,-10.,-14.40520671964));
#2704 = DIRECTION('',(-1.,0.,0.));
#2705 = DIRECTION('',(0.,-1.,0.));
#2706 = ORIENTED_EDGE('',*,*,#2692,.T.);
#2707 = ORIENTED_EDGE('',*,*,#1531,.T.);
#2708 = CYLINDRICAL_SURFACE('',#2709,1.6);
#2709 = AXIS2_PLACEMENT_3D('',#2710,#2711,#2712);
#2710 = CARTESIAN_POINT('',(-7.25,-10.,-14.40520671964));
#2711 = DIRECTION('',(-1.,0.,0.));
#2712 = DIRECTION('',(0.,-1.,0.));
#2713 = ADVANCED_FACE('',(#2714),#2725,.F.);
#2714 = FACE_BOUND('',#2715,.F.);
#2715 = EDGE_LOOP('',(#2716,#2717,#2718,#2719));
#2716 = ORIENTED_EDGE('',*,*,#2070,.T.);
#2717 = ORIENTED_EDGE('',*,*,#1563,.F.);
#2718 = ORIENTED_EDGE('',*,*,#1656,.F.);
#2719 = ORIENTED_EDGE('',*,*,#2720,.T.);
#2720 = EDGE_CURVE('',#1657,#2071,#2721,.T.);
#2721 = LINE('',#2722,#2723);
#2722 = CARTESIAN_POINT('',(-6.95,-4.530866064478E-15,-20.40520671964));
#2723 = VECTOR('',#2724,1.);
#2724 = DIRECTION('',(0.,-1.,2.22044604925E-16));
#2725 = PLANE('',#2726);
#2726 = AXIS2_PLACEMENT_3D('',#2727,#2728,#2729);
#2727 = CARTESIAN_POINT('',(-7.25,-4.530866064478E-15,-20.40520671964));
#2728 = DIRECTION('',(0.,2.22044604925E-16,1.));
#2729 = DIRECTION('',(1.,0.,0.));
#2730 = ADVANCED_FACE('',(#2731),#2750,.F.);
#2731 = FACE_BOUND('',#2732,.F.);
#2732 = EDGE_LOOP('',(#2733,#2741,#2748,#2749));
#2733 = ORIENTED_EDGE('',*,*,#2734,.F.);
#2734 = EDGE_CURVE('',#2735,#1578,#2737,.T.);
#2735 = VERTEX_POINT('',#2736);
#2736 = CARTESIAN_POINT('',(-4.25,-31.6,-14.40520671964));
#2737 = LINE('',#2738,#2739);
#2738 = CARTESIAN_POINT('',(-7.25,-31.6,-14.40520671964));
#2739 = VECTOR('',#2740,1.);
#2740 = DIRECTION('',(1.,0.,0.));
#2741 = ORIENTED_EDGE('',*,*,#2742,.F.);
#2742 = EDGE_CURVE('',#2735,#2735,#2743,.T.);
#2743 = CIRCLE('',#2744,1.6);
#2744 = AXIS2_PLACEMENT_3D('',#2745,#2746,#2747);
#2745 = CARTESIAN_POINT('',(-4.25,-30.,-14.40520671964));
#2746 = DIRECTION('',(-1.,0.,0.));
#2747 = DIRECTION('',(0.,-1.,0.));
#2748 = ORIENTED_EDGE('',*,*,#2734,.T.);
#2749 = ORIENTED_EDGE('',*,*,#1587,.T.);
#2750 = CYLINDRICAL_SURFACE('',#2751,1.6);
#2751 = AXIS2_PLACEMENT_3D('',#2752,#2753,#2754);
#2752 = CARTESIAN_POINT('',(-7.25,-30.,-14.40520671964));
#2753 = DIRECTION('',(-1.,0.,0.));
#2754 = DIRECTION('',(0.,-1.,0.));
#2755 = ADVANCED_FACE('',(#2756),#2761,.F.);
#2756 = FACE_BOUND('',#2757,.F.);
#2757 = EDGE_LOOP('',(#2758,#2759,#2760));
#2758 = ORIENTED_EDGE('',*,*,#1604,.F.);
#2759 = ORIENTED_EDGE('',*,*,#2454,.T.);
#2760 = ORIENTED_EDGE('',*,*,#1635,.F.);
#2761 = PLANE('',#2762);
#2762 = AXIS2_PLACEMENT_3D('',#2763,#2764,#2765);
#2763 = CARTESIAN_POINT('',(6.95,-0.3,-20.40520671964));
#2764 = DIRECTION('',(-0.57735026919,-0.57735026919,0.57735026919));
#2765 = DIRECTION('',(0.707106781187,-0.707106781187,-2.84671417932E-17)
  );
#2766 = ADVANCED_FACE('',(#2767),#2777,.F.);
#2767 = FACE_BOUND('',#2768,.F.);
#2768 = EDGE_LOOP('',(#2769,#2770,#2776));
#2769 = ORIENTED_EDGE('',*,*,#1705,.F.);
#2770 = ORIENTED_EDGE('',*,*,#2771,.T.);
#2771 = EDGE_CURVE('',#1706,#1657,#2772,.T.);
#2772 = LINE('',#2773,#2774);
#2773 = CARTESIAN_POINT('',(-7.175,-0.3,-20.18020671964));
#2774 = VECTOR('',#2775,1.);
#2775 = DIRECTION('',(0.707106781187,-1.46723613914E-15,-0.707106781187)
  );
#2776 = ORIENTED_EDGE('',*,*,#1664,.F.);
#2777 = PLANE('',#2778);
#2778 = AXIS2_PLACEMENT_3D('',#2779,#2780,#2781);
#2779 = CARTESIAN_POINT('',(-7.25,-0.3,-20.10520671964));
#2780 = DIRECTION('',(0.57735026919,-0.57735026919,0.57735026919));
#2781 = DIRECTION('',(2.094934261515E-15,-0.707106781187,-0.707106781187
    ));
#2782 = ADVANCED_FACE('',(#2783,#2833,#2849),#2899,.F.);
#2783 = FACE_BOUND('',#2784,.F.);
#2784 = EDGE_LOOP('',(#2785,#2795,#2803,#2811,#2819,#2827));
#2785 = ORIENTED_EDGE('',*,*,#2786,.T.);
#2786 = EDGE_CURVE('',#2787,#2789,#2791,.T.);
#2787 = VERTEX_POINT('',#2788);
#2788 = CARTESIAN_POINT('',(-7.25,-6.420428331024,-14.40520671964));
#2789 = VERTEX_POINT('',#2790);
#2790 = CARTESIAN_POINT('',(-7.25,-8.210214165512,-17.50520671964));
#2791 = LINE('',#2792,#2793);
#2792 = CARTESIAN_POINT('',(-7.25,-6.507030871403,-14.55520671964));
#2793 = VECTOR('',#2794,1.);
#2794 = DIRECTION('',(0.,-0.5,-0.866025403784));
#2795 = ORIENTED_EDGE('',*,*,#2796,.T.);
#2796 = EDGE_CURVE('',#2789,#2797,#2799,.T.);
#2797 = VERTEX_POINT('',#2798);
#2798 = CARTESIAN_POINT('',(-7.25,-11.78978583448,-17.50520671964));
#2799 = LINE('',#2800,#2801);
#2800 = CARTESIAN_POINT('',(-7.25,-8.383419246269,-17.50520671964));
#2801 = VECTOR('',#2802,1.);
#2802 = DIRECTION('',(0.,-1.,0.));
#2803 = ORIENTED_EDGE('',*,*,#2804,.T.);
#2804 = EDGE_CURVE('',#2797,#2805,#2807,.T.);
#2805 = VERTEX_POINT('',#2806);
#2806 = CARTESIAN_POINT('',(-7.25,-13.57957166897,-14.40520671964));
#2807 = LINE('',#2808,#2809);
#2808 = CARTESIAN_POINT('',(-7.25,-11.87638837486,-17.35520671964));
#2809 = VECTOR('',#2810,1.);
#2810 = DIRECTION('',(0.,-0.5,0.866025403784));
#2811 = ORIENTED_EDGE('',*,*,#2812,.T.);
#2812 = EDGE_CURVE('',#2805,#2813,#2815,.T.);
#2813 = VERTEX_POINT('',#2814);
#2814 = CARTESIAN_POINT('',(-7.25,-11.78978583448,-11.30520671964));
#2815 = LINE('',#2816,#2817);
#2816 = CARTESIAN_POINT('',(-7.25,-13.49296912859,-14.25520671964));
#2817 = VECTOR('',#2818,1.);
#2818 = DIRECTION('',(0.,0.5,0.866025403784));
#2819 = ORIENTED_EDGE('',*,*,#2820,.T.);
#2820 = EDGE_CURVE('',#2813,#2821,#2823,.T.);
#2821 = VERTEX_POINT('',#2822);
#2822 = CARTESIAN_POINT('',(-7.25,-8.210214165512,-11.30520671964));
#2823 = LINE('',#2824,#2825);
#2824 = CARTESIAN_POINT('',(-7.25,-11.61658075373,-11.30520671964));
#2825 = VECTOR('',#2826,1.);
#2826 = DIRECTION('',(0.,1.,0.));
#2827 = ORIENTED_EDGE('',*,*,#2828,.T.);
#2828 = EDGE_CURVE('',#2821,#2787,#2829,.T.);
#2829 = LINE('',#2830,#2831);
#2830 = CARTESIAN_POINT('',(-7.25,-8.123611625134,-11.45520671964));
#2831 = VECTOR('',#2832,1.);
#2832 = DIRECTION('',(0.,0.5,-0.866025403784));
#2833 = FACE_BOUND('',#2834,.F.);
#2834 = EDGE_LOOP('',(#2835,#2841,#2842,#2848));
#2835 = ORIENTED_EDGE('',*,*,#2836,.T.);
#2836 = EDGE_CURVE('',#1696,#2110,#2837,.T.);
#2837 = LINE('',#2838,#2839);
#2838 = CARTESIAN_POINT('',(-7.25,-1.866330805377E-15,-8.405206719647));
#2839 = VECTOR('',#2840,1.);
#2840 = DIRECTION('',(0.,-1.,2.22044604925E-16));
#2841 = ORIENTED_EDGE('',*,*,#2127,.T.);
#2842 = ORIENTED_EDGE('',*,*,#2843,.F.);
#2843 = EDGE_CURVE('',#1706,#2120,#2844,.T.);
#2844 = LINE('',#2845,#2846);
#2845 = CARTESIAN_POINT('',(-7.25,-4.464252683E-15,-20.10520671964));
#2846 = VECTOR('',#2847,1.);
#2847 = DIRECTION('',(0.,-1.,2.22044604925E-16));
#2848 = ORIENTED_EDGE('',*,*,#1713,.F.);
#2849 = FACE_BOUND('',#2850,.F.);
#2850 = EDGE_LOOP('',(#2851,#2861,#2869,#2877,#2885,#2893));
#2851 = ORIENTED_EDGE('',*,*,#2852,.T.);
#2852 = EDGE_CURVE('',#2853,#2855,#2857,.T.);
#2853 = VERTEX_POINT('',#2854);
#2854 = CARTESIAN_POINT('',(-7.25,-33.57957166897,-14.40520671964));
#2855 = VERTEX_POINT('',#2856);
#2856 = CARTESIAN_POINT('',(-7.25,-31.78978583448,-11.30520671964));
#2857 = LINE('',#2858,#2859);
#2858 = CARTESIAN_POINT('',(-7.25,-33.49296912859,-14.25520671964));
#2859 = VECTOR('',#2860,1.);
#2860 = DIRECTION('',(0.,0.5,0.866025403784));
#2861 = ORIENTED_EDGE('',*,*,#2862,.T.);
#2862 = EDGE_CURVE('',#2855,#2863,#2865,.T.);
#2863 = VERTEX_POINT('',#2864);
#2864 = CARTESIAN_POINT('',(-7.25,-28.21021416551,-11.30520671964));
#2865 = LINE('',#2866,#2867);
#2866 = CARTESIAN_POINT('',(-7.25,-31.61658075373,-11.30520671964));
#2867 = VECTOR('',#2868,1.);
#2868 = DIRECTION('',(0.,1.,0.));
#2869 = ORIENTED_EDGE('',*,*,#2870,.T.);
#2870 = EDGE_CURVE('',#2863,#2871,#2873,.T.);
#2871 = VERTEX_POINT('',#2872);
#2872 = CARTESIAN_POINT('',(-7.25,-26.42042833102,-14.40520671964));
#2873 = LINE('',#2874,#2875);
#2874 = CARTESIAN_POINT('',(-7.25,-28.12361162513,-11.45520671964));
#2875 = VECTOR('',#2876,1.);
#2876 = DIRECTION('',(0.,0.5,-0.866025403784));
#2877 = ORIENTED_EDGE('',*,*,#2878,.T.);
#2878 = EDGE_CURVE('',#2871,#2879,#2881,.T.);
#2879 = VERTEX_POINT('',#2880);
#2880 = CARTESIAN_POINT('',(-7.25,-28.21021416551,-17.50520671964));
#2881 = LINE('',#2882,#2883);
#2882 = CARTESIAN_POINT('',(-7.25,-26.5070308714,-14.55520671964));
#2883 = VECTOR('',#2884,1.);
#2884 = DIRECTION('',(0.,-0.5,-0.866025403784));
#2885 = ORIENTED_EDGE('',*,*,#2886,.T.);
#2886 = EDGE_CURVE('',#2879,#2887,#2889,.T.);
#2887 = VERTEX_POINT('',#2888);
#2888 = CARTESIAN_POINT('',(-7.25,-31.78978583448,-17.50520671964));
#2889 = LINE('',#2890,#2891);
#2890 = CARTESIAN_POINT('',(-7.25,-28.38341924626,-17.50520671964));
#2891 = VECTOR('',#2892,1.);
#2892 = DIRECTION('',(0.,-1.,0.));
#2893 = ORIENTED_EDGE('',*,*,#2894,.T.);
#2894 = EDGE_CURVE('',#2887,#2853,#2895,.T.);
#2895 = LINE('',#2896,#2897);
#2896 = CARTESIAN_POINT('',(-7.25,-31.87638837486,-17.35520671964));
#2897 = VECTOR('',#2898,1.);
#2898 = DIRECTION('',(0.,-0.5,0.866025403784));
#2899 = PLANE('',#2900);
#2900 = AXIS2_PLACEMENT_3D('',#2901,#2902,#2903);
#2901 = CARTESIAN_POINT('',(-7.25,-1.866330805377E-15,-8.405206719647));
#2902 = DIRECTION('',(1.,0.,0.));
#2903 = DIRECTION('',(0.,-2.22044604925E-16,-1.));
#2904 = ADVANCED_FACE('',(#2905),#2916,.T.);
#2905 = FACE_BOUND('',#2906,.F.);
#2906 = EDGE_LOOP('',(#2907,#2913,#2914,#2915));
#2907 = ORIENTED_EDGE('',*,*,#2908,.T.);
#2908 = EDGE_CURVE('',#1752,#2166,#2909,.T.);
#2909 = LINE('',#2910,#2911);
#2910 = CARTESIAN_POINT('',(-11.1,-4.407266305246E-31,
    -1.984856289003E-15));
#2911 = VECTOR('',#2912,1.);
#2912 = DIRECTION('',(0.,-1.,2.22044604925E-16));
#2913 = ORIENTED_EDGE('',*,*,#2175,.T.);
#2914 = ORIENTED_EDGE('',*,*,#2836,.F.);
#2915 = ORIENTED_EDGE('',*,*,#1761,.F.);
#2916 = CYLINDRICAL_SURFACE('',#2917,11.1);
#2917 = AXIS2_PLACEMENT_3D('',#2918,#2919,#2920);
#2918 = CARTESIAN_POINT('',(3.838428220124E-31,-5.916456789158E-31,
    -2.6645352591E-15));
#2919 = DIRECTION('',(0.,1.,-2.22044604925E-16));
#2920 = DIRECTION('',(1.,0.,0.));
#2921 = ADVANCED_FACE('',(#2922),#2933,.T.);
#2922 = FACE_BOUND('',#2923,.T.);
#2923 = EDGE_LOOP('',(#2924,#2930,#2931,#2932));
#2924 = ORIENTED_EDGE('',*,*,#2925,.T.);
#2925 = EDGE_CURVE('',#1777,#2191,#2926,.T.);
#2926 = LINE('',#2927,#2928);
#2927 = CARTESIAN_POINT('',(11.372477352305,1.582184000405E-15,
    7.125523274657));
#2928 = VECTOR('',#2929,1.);
#2929 = DIRECTION('',(0.,-1.,2.22044604925E-16));
#2930 = ORIENTED_EDGE('',*,*,#2200,.T.);
#2931 = ORIENTED_EDGE('',*,*,#2655,.F.);
#2932 = ORIENTED_EDGE('',*,*,#1786,.F.);
#2933 = PLANE('',#2934);
#2934 = AXIS2_PLACEMENT_3D('',#2935,#2936,#2937);
#2935 = CARTESIAN_POINT('',(11.236238676153,1.534941426702E-15,
    6.912761637329));
#2936 = DIRECTION('',(0.842143371263,-1.428639268326E-16,-0.539253690055
    ));
#2937 = DIRECTION('',(-1.94750322353E-17,-1.,2.345151453997E-16));
#2938 = ADVANCED_FACE('',(#2939),#2950,.F.);
#2939 = FACE_BOUND('',#2940,.F.);
#2940 = EDGE_LOOP('',(#2941,#2942,#2943,#2949));
#2941 = ORIENTED_EDGE('',*,*,#2908,.F.);
#2942 = ORIENTED_EDGE('',*,*,#1810,.F.);
#2943 = ORIENTED_EDGE('',*,*,#2944,.T.);
#2944 = EDGE_CURVE('',#1801,#2215,#2945,.T.);
#2945 = LINE('',#2946,#2947);
#2946 = CARTESIAN_POINT('',(-11.1,1.487698852998E-15,6.7));
#2947 = VECTOR('',#2948,1.);
#2948 = DIRECTION('',(0.,-1.,2.22044604925E-16));
#2949 = ORIENTED_EDGE('',*,*,#2224,.T.);
#2950 = PLANE('',#2951);
#2951 = AXIS2_PLACEMENT_3D('',#2952,#2953,#2954);
#2952 = CARTESIAN_POINT('',(-11.1,1.554312234475E-15,7.));
#2953 = DIRECTION('',(1.,0.,0.));
#2954 = DIRECTION('',(0.,-2.22044604925E-16,-1.));
#2955 = ADVANCED_FACE('',(#2956,#2967,#3017),#3067,.T.);
#2956 = FACE_BOUND('',#2957,.T.);
#2957 = EDGE_LOOP('',(#2958,#2959,#2960,#2961));
#2958 = ORIENTED_EDGE('',*,*,#2248,.T.);
#2959 = ORIENTED_EDGE('',*,*,#2925,.F.);
#2960 = ORIENTED_EDGE('',*,*,#1834,.F.);
#2961 = ORIENTED_EDGE('',*,*,#2962,.T.);
#2962 = EDGE_CURVE('',#1825,#2239,#2963,.T.);
#2963 = LINE('',#2964,#2965);
#2964 = CARTESIAN_POINT('',(19.727522647695,2.436823348738E-15,
    10.974476725343));
#2965 = VECTOR('',#2966,1.);
#2966 = DIRECTION('',(0.,-1.,2.22044604925E-16));
#2967 = FACE_BOUND('',#2968,.T.);
#2968 = EDGE_LOOP('',(#2969,#2979,#2987,#2995,#3003,#3011));
#2969 = ORIENTED_EDGE('',*,*,#2970,.F.);
#2970 = EDGE_CURVE('',#2971,#2973,#2975,.T.);
#2971 = VERTEX_POINT('',#2972);
#2972 = CARTESIAN_POINT('',(16.766243923983,-31.90000000002,
    9.610292144756));
#2973 = VERTEX_POINT('',#2974);
#2974 = CARTESIAN_POINT('',(18.556029758456,-35.,10.434800225806));
#2975 = LINE('',#2976,#2977);
#2976 = CARTESIAN_POINT('',(16.846531847649,-32.03906276305,
    9.647278716333));
#2977 = VECTOR('',#2978,1.);
#2978 = DIRECTION('',(0.487241691317,-0.843927364927,0.224459655551));
#2979 = ORIENTED_EDGE('',*,*,#2980,.F.);
#2980 = EDGE_CURVE('',#2981,#2971,#2983,.T.);
#2981 = VERTEX_POINT('',#2982);
#2982 = CARTESIAN_POINT('',(13.233756076017,-31.90000000002,
    7.98296628221));
#2983 = LINE('',#2984,#2985);
#2984 = CARTESIAN_POINT('',(13.383419246284,-31.90000000002,
    8.051912237052));
#2985 = VECTOR('',#2986,1.);
#2986 = DIRECTION('',(0.908257841017,0.,0.418410915525));
#2987 = ORIENTED_EDGE('',*,*,#2988,.F.);
#2988 = EDGE_CURVE('',#2989,#2981,#2991,.T.);
#2989 = VERTEX_POINT('',#2990);
#2990 = CARTESIAN_POINT('',(11.443970241544,-35.,7.158458201161));
#2991 = LINE('',#2992,#2993);
#2992 = CARTESIAN_POINT('',(11.536887398635,-34.83906276302,
    7.201262734203));
#2993 = VECTOR('',#2994,1.);
#2994 = DIRECTION('',(0.487241691317,0.843927364927,0.224459655551));
#2995 = ORIENTED_EDGE('',*,*,#2996,.F.);
#2996 = EDGE_CURVE('',#2997,#2989,#2999,.T.);
#2997 = VERTEX_POINT('',#2998);
#2998 = CARTESIAN_POINT('',(13.233756076017,-38.09999999997,
    7.98296628221));
#2999 = LINE('',#3000,#3001);
#3000 = CARTESIAN_POINT('',(13.153468152351,-37.96093723695,
    7.945979710634));
#3001 = VECTOR('',#3002,1.);
#3002 = DIRECTION('',(-0.487241691317,0.843927364927,-0.224459655551));
#3003 = ORIENTED_EDGE('',*,*,#3004,.F.);
#3004 = EDGE_CURVE('',#3005,#2997,#3007,.T.);
#3005 = VERTEX_POINT('',#3006);
#3006 = CARTESIAN_POINT('',(16.766243923983,-38.09999999997,
    9.610292144756));
#3007 = LINE('',#3008,#3009);
#3008 = CARTESIAN_POINT('',(16.616580753716,-38.09999999997,
    9.541346189914));
#3009 = VECTOR('',#3010,1.);
#3010 = DIRECTION('',(-0.908257841017,-0.,-0.418410915525));
#3011 = ORIENTED_EDGE('',*,*,#3012,.F.);
#3012 = EDGE_CURVE('',#2973,#3005,#3013,.T.);
#3013 = LINE('',#3014,#3015);
#3014 = CARTESIAN_POINT('',(18.463112601365,-35.16093723697,
    10.391995692764));
#3015 = VECTOR('',#3016,1.);
#3016 = DIRECTION('',(-0.487241691317,-0.843927364927,-0.224459655551));
#3017 = FACE_BOUND('',#3018,.T.);
#3018 = EDGE_LOOP('',(#3019,#3029,#3037,#3045,#3053,#3061));
#3019 = ORIENTED_EDGE('',*,*,#3020,.F.);
#3020 = EDGE_CURVE('',#3021,#3023,#3025,.T.);
#3021 = VERTEX_POINT('',#3022);
#3022 = CARTESIAN_POINT('',(16.766243923983,-1.900000000026,
    9.610292144756));
#3023 = VERTEX_POINT('',#3024);
#3024 = CARTESIAN_POINT('',(18.556029758456,-5.,10.434800225806));
#3025 = LINE('',#3026,#3027);
#3026 = CARTESIAN_POINT('',(16.846531847649,-2.03906276305,
    9.647278716333));
#3027 = VECTOR('',#3028,1.);
#3028 = DIRECTION('',(0.487241691317,-0.843927364927,0.224459655551));
#3029 = ORIENTED_EDGE('',*,*,#3030,.F.);
#3030 = EDGE_CURVE('',#3031,#3021,#3033,.T.);
#3031 = VERTEX_POINT('',#3032);
#3032 = CARTESIAN_POINT('',(13.233756076017,-1.900000000026,
    7.98296628221));
#3033 = LINE('',#3034,#3035);
#3034 = CARTESIAN_POINT('',(13.383419246284,-1.900000000026,
    8.051912237052));
#3035 = VECTOR('',#3036,1.);
#3036 = DIRECTION('',(0.908257841017,0.,0.418410915525));
#3037 = ORIENTED_EDGE('',*,*,#3038,.F.);
#3038 = EDGE_CURVE('',#3039,#3031,#3041,.T.);
#3039 = VERTEX_POINT('',#3040);
#3040 = CARTESIAN_POINT('',(11.443970241544,-5.,7.158458201161));
#3041 = LINE('',#3042,#3043);
#3042 = CARTESIAN_POINT('',(11.536887398635,-4.839062763024,
    7.201262734203));
#3043 = VECTOR('',#3044,1.);
#3044 = DIRECTION('',(0.487241691317,0.843927364927,0.224459655551));
#3045 = ORIENTED_EDGE('',*,*,#3046,.F.);
#3046 = EDGE_CURVE('',#3047,#3039,#3049,.T.);
#3047 = VERTEX_POINT('',#3048);
#3048 = CARTESIAN_POINT('',(13.233756076017,-8.099999999974,
    7.98296628221));
#3049 = LINE('',#3050,#3051);
#3050 = CARTESIAN_POINT('',(13.153468152351,-7.96093723695,
    7.945979710634));
#3051 = VECTOR('',#3052,1.);
#3052 = DIRECTION('',(-0.487241691317,0.843927364927,-0.224459655551));
#3053 = ORIENTED_EDGE('',*,*,#3054,.F.);
#3054 = EDGE_CURVE('',#3055,#3047,#3057,.T.);
#3055 = VERTEX_POINT('',#3056);
#3056 = CARTESIAN_POINT('',(16.766243923983,-8.099999999974,
    9.610292144756));
#3057 = LINE('',#3058,#3059);
#3058 = CARTESIAN_POINT('',(16.616580753716,-8.099999999974,
    9.541346189914));
#3059 = VECTOR('',#3060,1.);
#3060 = DIRECTION('',(-0.908257841017,-0.,-0.418410915525));
#3061 = ORIENTED_EDGE('',*,*,#3062,.F.);
#3062 = EDGE_CURVE('',#3023,#3055,#3063,.T.);
#3063 = LINE('',#3064,#3065);
#3064 = CARTESIAN_POINT('',(18.463112601365,-5.160937236976,
    10.391995692764));
#3065 = VECTOR('',#3066,1.);
#3066 = DIRECTION('',(-0.487241691317,-0.843927364927,-0.224459655551));
#3067 = PLANE('',#3068);
#3068 = AXIS2_PLACEMENT_3D('',#3069,#3070,#3071);
#3069 = CARTESIAN_POINT('',(20.,2.464695114668E-15,11.1));
#3070 = DIRECTION('',(0.418410915525,-2.016737534788E-16,-0.908257841017
    ));
#3071 = DIRECTION('',(-0.908257841017,-9.290588643404E-17,
    -0.418410915525));
#3072 = ADVANCED_FACE('',(#3073),#3084,.F.);
#3073 = FACE_BOUND('',#3074,.T.);
#3074 = EDGE_LOOP('',(#3075,#3076,#3077,#3083));
#3075 = ORIENTED_EDGE('',*,*,#2944,.T.);
#3076 = ORIENTED_EDGE('',*,*,#2272,.T.);
#3077 = ORIENTED_EDGE('',*,*,#3078,.F.);
#3078 = EDGE_CURVE('',#1851,#2265,#3079,.T.);
#3079 = LINE('',#3080,#3081);
#3080 = CARTESIAN_POINT('',(-11.3724773523,1.582184000405E-15,
    7.125523274657));
#3081 = VECTOR('',#3082,1.);
#3082 = DIRECTION('',(0.,-1.,2.22044604925E-16));
#3083 = ORIENTED_EDGE('',*,*,#1858,.F.);
#3084 = PLANE('',#3085);
#3085 = AXIS2_PLACEMENT_3D('',#3086,#3087,#3088);
#3086 = CARTESIAN_POINT('',(-11.23623867615,1.534941426702E-15,
    6.912761637329));
#3087 = DIRECTION('',(0.842143371263,9.422970315422E-17,0.539253690055)
  );
#3088 = DIRECTION('',(2.148195685197E-17,1.,-2.082889608182E-16));
#3089 = ADVANCED_FACE('',(#3090),#3101,.F.);
#3090 = FACE_BOUND('',#3091,.T.);
#3091 = EDGE_LOOP('',(#3092,#3098,#3099,#3100));
#3092 = ORIENTED_EDGE('',*,*,#3093,.T.);
#3093 = EDGE_CURVE('',#1873,#2287,#3094,.T.);
#3094 = LINE('',#3095,#3096);
#3095 = CARTESIAN_POINT('',(20.,2.531308496145E-15,11.4));
#3096 = VECTOR('',#3097,1.);
#3097 = DIRECTION('',(0.,-1.,2.22044604925E-16));
#3098 = ORIENTED_EDGE('',*,*,#2296,.T.);
#3099 = ORIENTED_EDGE('',*,*,#2962,.F.);
#3100 = ORIENTED_EDGE('',*,*,#1882,.F.);
#3101 = PLANE('',#3102);
#3102 = AXIS2_PLACEMENT_3D('',#3103,#3104,#3105);
#3103 = CARTESIAN_POINT('',(19.863761323847,2.484065922441E-15,
    11.187238362671));
#3104 = DIRECTION('',(-0.842143371263,9.503825116854E-17,0.539253690055)
  );
#3105 = DIRECTION('',(-2.080104350136E-17,1.,-2.087249733185E-16));
#3106 = ADVANCED_FACE('',(#3107,#3118,#3168),#3218,.F.);
#3107 = FACE_BOUND('',#3108,.F.);
#3108 = EDGE_LOOP('',(#3109,#3110,#3111,#3112));
#3109 = ORIENTED_EDGE('',*,*,#2320,.T.);
#3110 = ORIENTED_EDGE('',*,*,#3078,.F.);
#3111 = ORIENTED_EDGE('',*,*,#1906,.F.);
#3112 = ORIENTED_EDGE('',*,*,#3113,.T.);
#3113 = EDGE_CURVE('',#1897,#2311,#3114,.T.);
#3114 = LINE('',#3115,#3116);
#3115 = CARTESIAN_POINT('',(-19.72752264769,2.436823348738E-15,
    10.974476725343));
#3116 = VECTOR('',#3117,1.);
#3117 = DIRECTION('',(0.,-1.,2.22044604925E-16));
#3118 = FACE_BOUND('',#3119,.F.);
#3119 = EDGE_LOOP('',(#3120,#3130,#3138,#3146,#3154,#3162));
#3120 = ORIENTED_EDGE('',*,*,#3121,.F.);
#3121 = EDGE_CURVE('',#3122,#3124,#3126,.T.);
#3122 = VERTEX_POINT('',#3123);
#3123 = CARTESIAN_POINT('',(-11.44397024154,-35.,7.158458201161));
#3124 = VERTEX_POINT('',#3125);
#3125 = CARTESIAN_POINT('',(-13.23375607601,-31.90000000002,
    7.98296628221));
#3126 = LINE('',#3127,#3128);
#3127 = CARTESIAN_POINT('',(-11.53688739863,-34.83906276302,
    7.201262734203));
#3128 = VECTOR('',#3129,1.);
#3129 = DIRECTION('',(-0.487241691317,0.843927364927,0.224459655551));
#3130 = ORIENTED_EDGE('',*,*,#3131,.F.);
#3131 = EDGE_CURVE('',#3132,#3122,#3134,.T.);
#3132 = VERTEX_POINT('',#3133);
#3133 = CARTESIAN_POINT('',(-13.23375607601,-38.09999999997,
    7.98296628221));
#3134 = LINE('',#3135,#3136);
#3135 = CARTESIAN_POINT('',(-13.15346815235,-37.96093723695,
    7.945979710634));
#3136 = VECTOR('',#3137,1.);
#3137 = DIRECTION('',(0.487241691317,0.843927364927,-0.224459655551));
#3138 = ORIENTED_EDGE('',*,*,#3139,.F.);
#3139 = EDGE_CURVE('',#3140,#3132,#3142,.T.);
#3140 = VERTEX_POINT('',#3141);
#3141 = CARTESIAN_POINT('',(-16.76624392398,-38.09999999997,
    9.610292144756));
#3142 = LINE('',#3143,#3144);
#3143 = CARTESIAN_POINT('',(-16.61658075371,-38.09999999997,
    9.541346189914));
#3144 = VECTOR('',#3145,1.);
#3145 = DIRECTION('',(0.908257841017,0.,-0.418410915525));
#3146 = ORIENTED_EDGE('',*,*,#3147,.F.);
#3147 = EDGE_CURVE('',#3148,#3140,#3150,.T.);
#3148 = VERTEX_POINT('',#3149);
#3149 = CARTESIAN_POINT('',(-18.55602975845,-35.,10.434800225806));
#3150 = LINE('',#3151,#3152);
#3151 = CARTESIAN_POINT('',(-18.46311260136,-35.16093723697,
    10.391995692764));
#3152 = VECTOR('',#3153,1.);
#3153 = DIRECTION('',(0.487241691317,-0.843927364927,-0.224459655551));
#3154 = ORIENTED_EDGE('',*,*,#3155,.F.);
#3155 = EDGE_CURVE('',#3156,#3148,#3158,.T.);
#3156 = VERTEX_POINT('',#3157);
#3157 = CARTESIAN_POINT('',(-16.76624392398,-31.90000000002,
    9.610292144756));
#3158 = LINE('',#3159,#3160);
#3159 = CARTESIAN_POINT('',(-16.84653184764,-32.03906276305,
    9.647278716333));
#3160 = VECTOR('',#3161,1.);
#3161 = DIRECTION('',(-0.487241691317,-0.843927364927,0.224459655551));
#3162 = ORIENTED_EDGE('',*,*,#3163,.F.);
#3163 = EDGE_CURVE('',#3124,#3156,#3164,.T.);
#3164 = LINE('',#3165,#3166);
#3165 = CARTESIAN_POINT('',(-13.38341924628,-31.90000000002,
    8.051912237052));
#3166 = VECTOR('',#3167,1.);
#3167 = DIRECTION('',(-0.908257841017,0.,0.418410915525));
#3168 = FACE_BOUND('',#3169,.F.);
#3169 = EDGE_LOOP('',(#3170,#3180,#3188,#3196,#3204,#3212));
#3170 = ORIENTED_EDGE('',*,*,#3171,.F.);
#3171 = EDGE_CURVE('',#3172,#3174,#3176,.T.);
#3172 = VERTEX_POINT('',#3173);
#3173 = CARTESIAN_POINT('',(-11.44397024153,-4.999999999983,
    7.158458201156));
#3174 = VERTEX_POINT('',#3175);
#3175 = CARTESIAN_POINT('',(-13.23375607601,-1.900000000014,
    7.98296628221));
#3176 = LINE('',#3177,#3178);
#3177 = CARTESIAN_POINT('',(-11.53688739862,-4.839062763008,
    7.201262734198));
#3178 = VECTOR('',#3179,1.);
#3179 = DIRECTION('',(-0.48724169132,0.843927364925,0.224459655552));
#3180 = ORIENTED_EDGE('',*,*,#3181,.F.);
#3181 = EDGE_CURVE('',#3182,#3172,#3184,.T.);
#3182 = VERTEX_POINT('',#3183);
#3183 = CARTESIAN_POINT('',(-13.23375607598,-8.099999999968,
    7.982966282196));
#3184 = LINE('',#3185,#3186);
#3185 = CARTESIAN_POINT('',(-13.15346815232,-7.960937236943,
    7.94597971062));
#3186 = VECTOR('',#3187,1.);
#3187 = DIRECTION('',(0.487241691312,0.843927364931,-0.224459655548));
#3188 = ORIENTED_EDGE('',*,*,#3189,.F.);
#3189 = EDGE_CURVE('',#3190,#3182,#3192,.T.);
#3190 = VERTEX_POINT('',#3191);
#3191 = CARTESIAN_POINT('',(-16.76624392398,-8.099999999985,
    9.610292144758));
#3192 = LINE('',#3193,#3194);
#3193 = CARTESIAN_POINT('',(-16.61658075371,-8.099999999984,
    9.541346189916));
#3194 = VECTOR('',#3195,1.);
#3195 = DIRECTION('',(0.908257841017,4.278289028143E-12,-0.418410915525)
  );
#3196 = ORIENTED_EDGE('',*,*,#3197,.F.);
#3197 = EDGE_CURVE('',#3198,#3190,#3200,.T.);
#3198 = VERTEX_POINT('',#3199);
#3199 = CARTESIAN_POINT('',(-18.55602975846,-4.999999999987,
    10.43480022581));
#3200 = LINE('',#3201,#3202);
#3201 = CARTESIAN_POINT('',(-18.46311260137,-5.160937236963,
    10.391995692769));
#3202 = VECTOR('',#3203,1.);
#3203 = DIRECTION('',(0.487241691315,-0.843927364928,-0.22445965555));
#3204 = ORIENTED_EDGE('',*,*,#3205,.F.);
#3205 = EDGE_CURVE('',#3206,#3198,#3208,.T.);
#3206 = VERTEX_POINT('',#3207);
#3207 = CARTESIAN_POINT('',(-16.76624392398,-1.900000000014,
    9.610292144756));
#3208 = LINE('',#3209,#3210);
#3209 = CARTESIAN_POINT('',(-16.84653184764,-2.039062763038,
    9.647278716332));
#3210 = VECTOR('',#3211,1.);
#3211 = DIRECTION('',(-0.48724169132,-0.843927364925,0.224459655552));
#3212 = ORIENTED_EDGE('',*,*,#3213,.F.);
#3213 = EDGE_CURVE('',#3174,#3206,#3214,.T.);
#3214 = LINE('',#3215,#3216);
#3215 = CARTESIAN_POINT('',(-13.38341924628,-1.900000000014,
    8.051912237052));
#3216 = VECTOR('',#3217,1.);
#3217 = DIRECTION('',(-0.908257841017,0.,0.418410915525));
#3218 = PLANE('',#3219);
#3219 = AXIS2_PLACEMENT_3D('',#3220,#3221,#3222);
#3220 = CARTESIAN_POINT('',(-20.,2.464695114668E-15,11.1));
#3221 = DIRECTION('',(0.418410915525,2.016737534788E-16,0.908257841017)
  );
#3222 = DIRECTION('',(0.908257841017,-9.290588643404E-17,-0.418410915525
    ));
#3223 = ADVANCED_FACE('',(#3224),#3235,.F.);
#3224 = FACE_BOUND('',#3225,.F.);
#3225 = EDGE_LOOP('',(#3226,#3227,#3233,#3234));
#3226 = ORIENTED_EDGE('',*,*,#2344,.T.);
#3227 = ORIENTED_EDGE('',*,*,#3228,.F.);
#3228 = EDGE_CURVE('',#1923,#2337,#3229,.T.);
#3229 = LINE('',#3230,#3231);
#3230 = CARTESIAN_POINT('',(20.,3.28626015289E-15,14.8));
#3231 = VECTOR('',#3232,1.);
#3232 = DIRECTION('',(0.,-1.,2.22044604925E-16));
#3233 = ORIENTED_EDGE('',*,*,#1930,.F.);
#3234 = ORIENTED_EDGE('',*,*,#3093,.T.);
#3235 = PLANE('',#3236);
#3236 = AXIS2_PLACEMENT_3D('',#3237,#3238,#3239);
#3237 = CARTESIAN_POINT('',(20.,2.464695114668E-15,11.1));
#3238 = DIRECTION('',(-1.,0.,0.));
#3239 = DIRECTION('',(0.,2.22044604925E-16,1.));
#3240 = ADVANCED_FACE('',(#3241),#3251,.F.);
#3241 = FACE_BOUND('',#3242,.F.);
#3242 = EDGE_LOOP('',(#3243,#3244,#3250));
#3243 = ORIENTED_EDGE('',*,*,#1922,.F.);
#3244 = ORIENTED_EDGE('',*,*,#3245,.T.);
#3245 = EDGE_CURVE('',#1923,#1978,#3246,.T.);
#3246 = LINE('',#3247,#3248);
#3247 = CARTESIAN_POINT('',(19.925,-0.3,14.875));
#3248 = VECTOR('',#3249,1.);
#3249 = DIRECTION('',(-0.707106781187,4.313211512791E-15,0.707106781187)
  );
#3250 = ORIENTED_EDGE('',*,*,#1977,.F.);
#3251 = PLANE('',#3252);
#3252 = AXIS2_PLACEMENT_3D('',#3253,#3254,#3255);
#3253 = CARTESIAN_POINT('',(20.,-0.3,14.8));
#3254 = DIRECTION('',(-0.57735026919,-0.57735026919,-0.57735026919));
#3255 = DIRECTION('',(2.426348955702E-17,-0.707106781187,0.707106781187)
  );
#3256 = ADVANCED_FACE('',(#3257),#3268,.T.);
#3257 = FACE_BOUND('',#3258,.T.);
#3258 = EDGE_LOOP('',(#3259,#3260,#3261,#3267));
#3259 = ORIENTED_EDGE('',*,*,#3113,.T.);
#3260 = ORIENTED_EDGE('',*,*,#2368,.T.);
#3261 = ORIENTED_EDGE('',*,*,#3262,.F.);
#3262 = EDGE_CURVE('',#1947,#2361,#3263,.T.);
#3263 = LINE('',#3264,#3265);
#3264 = CARTESIAN_POINT('',(-20.,2.531308496145E-15,11.4));
#3265 = VECTOR('',#3266,1.);
#3266 = DIRECTION('',(0.,-1.,2.22044604925E-16));
#3267 = ORIENTED_EDGE('',*,*,#1954,.F.);
#3268 = PLANE('',#3269);
#3269 = AXIS2_PLACEMENT_3D('',#3270,#3271,#3272);
#3270 = CARTESIAN_POINT('',(-19.86376132384,2.484065922441E-15,
    11.187238362671));
#3271 = DIRECTION('',(-0.842143371263,-9.503825116854E-17,
    -0.539253690055));
#3272 = DIRECTION('',(-2.080104350136E-17,-1.,2.087249733185E-16));
#3273 = ADVANCED_FACE('',(#3274),#3284,.F.);
#3274 = FACE_BOUND('',#3275,.F.);
#3275 = EDGE_LOOP('',(#3276,#3277,#3283));
#3276 = ORIENTED_EDGE('',*,*,#1968,.F.);
#3277 = ORIENTED_EDGE('',*,*,#3278,.T.);
#3278 = EDGE_CURVE('',#1969,#2002,#3279,.T.);
#3279 = LINE('',#3280,#3281);
#3280 = CARTESIAN_POINT('',(-19.775,-0.3,15.025));
#3281 = VECTOR('',#3282,1.);
#3282 = DIRECTION('',(-0.707106781187,2.889407550707E-15,-0.707106781187
    ));
#3283 = ORIENTED_EDGE('',*,*,#2009,.F.);
#3284 = PLANE('',#3285);
#3285 = AXIS2_PLACEMENT_3D('',#3286,#3287,#3288);
#3286 = CARTESIAN_POINT('',(-19.7,-0.3,15.1));
#3287 = DIRECTION('',(0.57735026919,-0.57735026919,-0.57735026919));
#3288 = DIRECTION('',(-0.707106781187,-0.707106781187,4.119450435585E-15
    ));
#3289 = ADVANCED_FACE('',(#3290,#3306,#3317,#3328,#3339),#3350,.T.);
#3290 = FACE_BOUND('',#3291,.T.);
#3291 = EDGE_LOOP('',(#3292,#3293,#3299,#3300));
#3292 = ORIENTED_EDGE('',*,*,#2399,.T.);
#3293 = ORIENTED_EDGE('',*,*,#3294,.F.);
#3294 = EDGE_CURVE('',#1978,#2392,#3295,.T.);
#3295 = LINE('',#3296,#3297);
#3296 = CARTESIAN_POINT('',(19.7,3.352873534368E-15,15.1));
#3297 = VECTOR('',#3298,1.);
#3298 = DIRECTION('',(0.,-1.,2.22044604925E-16));
#3299 = ORIENTED_EDGE('',*,*,#1985,.F.);
#3300 = ORIENTED_EDGE('',*,*,#3301,.T.);
#3301 = EDGE_CURVE('',#1969,#2383,#3302,.T.);
#3302 = LINE('',#3303,#3304);
#3303 = CARTESIAN_POINT('',(-19.7,3.352873534368E-15,15.1));
#3304 = VECTOR('',#3305,1.);
#3305 = DIRECTION('',(0.,-1.,2.22044604925E-16));
#3306 = FACE_BOUND('',#3307,.T.);
#3307 = EDGE_LOOP('',(#3308));
#3308 = ORIENTED_EDGE('',*,*,#3309,.F.);
#3309 = EDGE_CURVE('',#3310,#3310,#3312,.T.);
#3310 = VERTEX_POINT('',#3311);
#3311 = CARTESIAN_POINT('',(-13.25,-35.,15.1));
#3312 = CIRCLE('',#3313,1.75);
#3313 = AXIS2_PLACEMENT_3D('',#3314,#3315,#3316);
#3314 = CARTESIAN_POINT('',(-15.,-35.,15.1));
#3315 = DIRECTION('',(0.,0.,1.));
#3316 = DIRECTION('',(1.,0.,0.));
#3317 = FACE_BOUND('',#3318,.T.);
#3318 = EDGE_LOOP('',(#3319));
#3319 = ORIENTED_EDGE('',*,*,#3320,.F.);
#3320 = EDGE_CURVE('',#3321,#3321,#3323,.T.);
#3321 = VERTEX_POINT('',#3322);
#3322 = CARTESIAN_POINT('',(16.75,-35.,15.1));
#3323 = CIRCLE('',#3324,1.75);
#3324 = AXIS2_PLACEMENT_3D('',#3325,#3326,#3327);
#3325 = CARTESIAN_POINT('',(15.,-35.,15.1));
#3326 = DIRECTION('',(0.,0.,1.));
#3327 = DIRECTION('',(1.,0.,0.));
#3328 = FACE_BOUND('',#3329,.T.);
#3329 = EDGE_LOOP('',(#3330));
#3330 = ORIENTED_EDGE('',*,*,#3331,.F.);
#3331 = EDGE_CURVE('',#3332,#3332,#3334,.T.);
#3332 = VERTEX_POINT('',#3333);
#3333 = CARTESIAN_POINT('',(-13.25,-5.,15.1));
#3334 = CIRCLE('',#3335,1.75);
#3335 = AXIS2_PLACEMENT_3D('',#3336,#3337,#3338);
#3336 = CARTESIAN_POINT('',(-15.,-5.,15.1));
#3337 = DIRECTION('',(0.,0.,1.));
#3338 = DIRECTION('',(1.,0.,0.));
#3339 = FACE_BOUND('',#3340,.T.);
#3340 = EDGE_LOOP('',(#3341));
#3341 = ORIENTED_EDGE('',*,*,#3342,.F.);
#3342 = EDGE_CURVE('',#3343,#3343,#3345,.T.);
#3343 = VERTEX_POINT('',#3344);
#3344 = CARTESIAN_POINT('',(16.75,-5.,15.1));
#3345 = CIRCLE('',#3346,1.75);
#3346 = AXIS2_PLACEMENT_3D('',#3347,#3348,#3349);
#3347 = CARTESIAN_POINT('',(15.,-5.,15.1));
#3348 = DIRECTION('',(0.,0.,1.));
#3349 = DIRECTION('',(1.,0.,0.));
#3350 = PLANE('',#3351);
#3351 = AXIS2_PLACEMENT_3D('',#3352,#3353,#3354);
#3352 = CARTESIAN_POINT('',(-20.,3.352873534368E-15,15.1));
#3353 = DIRECTION('',(0.,2.22044604925E-16,1.));
#3354 = DIRECTION('',(1.,0.,0.));
#3355 = ADVANCED_FACE('',(#3356),#3367,.F.);
#3356 = FACE_BOUND('',#3357,.F.);
#3357 = EDGE_LOOP('',(#3358,#3359,#3360,#3361));
#3358 = ORIENTED_EDGE('',*,*,#2415,.T.);
#3359 = ORIENTED_EDGE('',*,*,#3262,.F.);
#3360 = ORIENTED_EDGE('',*,*,#2001,.F.);
#3361 = ORIENTED_EDGE('',*,*,#3362,.T.);
#3362 = EDGE_CURVE('',#2002,#2416,#3363,.T.);
#3363 = LINE('',#3364,#3365);
#3364 = CARTESIAN_POINT('',(-20.,3.28626015289E-15,14.8));
#3365 = VECTOR('',#3366,1.);
#3366 = DIRECTION('',(0.,-1.,2.22044604925E-16));
#3367 = PLANE('',#3368);
#3368 = AXIS2_PLACEMENT_3D('',#3369,#3370,#3371);
#3369 = CARTESIAN_POINT('',(-20.,3.352873534368E-15,15.1));
#3370 = DIRECTION('',(1.,0.,0.));
#3371 = DIRECTION('',(0.,-2.22044604925E-16,-1.));
#3372 = ADVANCED_FACE('',(#3373),#3378,.T.);
#3373 = FACE_BOUND('',#3374,.T.);
#3374 = EDGE_LOOP('',(#3375,#3376,#3377));
#3375 = ORIENTED_EDGE('',*,*,#2025,.F.);
#3376 = ORIENTED_EDGE('',*,*,#2439,.T.);
#3377 = ORIENTED_EDGE('',*,*,#2049,.F.);
#3378 = PLANE('',#3379);
#3379 = AXIS2_PLACEMENT_3D('',#3380,#3381,#3382);
#3380 = CARTESIAN_POINT('',(6.95,-39.7,-20.40520671964));
#3381 = DIRECTION('',(0.57735026919,-0.57735026919,-0.57735026919));
#3382 = DIRECTION('',(0.707106781187,0.707106781187,-8.386607194759E-15)
  );
#3383 = ADVANCED_FACE('',(#3384),#3394,.T.);
#3384 = FACE_BOUND('',#3385,.T.);
#3385 = EDGE_LOOP('',(#3386,#3387,#3393));
#3386 = ORIENTED_EDGE('',*,*,#2119,.F.);
#3387 = ORIENTED_EDGE('',*,*,#3388,.T.);
#3388 = EDGE_CURVE('',#2120,#2071,#3389,.T.);
#3389 = LINE('',#3390,#3391);
#3390 = CARTESIAN_POINT('',(-7.175,-39.7,-20.18020671964));
#3391 = VECTOR('',#3392,1.);
#3392 = DIRECTION('',(0.707106781187,-4.258995721965E-15,-0.707106781187
    ));
#3393 = ORIENTED_EDGE('',*,*,#2078,.F.);
#3394 = PLANE('',#3395);
#3395 = AXIS2_PLACEMENT_3D('',#3396,#3397,#3398);
#3396 = CARTESIAN_POINT('',(-7.25,-39.7,-20.10520671964));
#3397 = DIRECTION('',(-0.57735026919,-0.57735026919,-0.57735026919));
#3398 = DIRECTION('',(1.044103357479E-14,0.707106781187,-0.707106781187)
  );
#3399 = ADVANCED_FACE('',(#3400),#3410,.T.);
#3400 = FACE_BOUND('',#3401,.T.);
#3401 = EDGE_LOOP('',(#3402,#3403,#3409));
#3402 = ORIENTED_EDGE('',*,*,#2336,.F.);
#3403 = ORIENTED_EDGE('',*,*,#3404,.T.);
#3404 = EDGE_CURVE('',#2337,#2392,#3405,.T.);
#3405 = LINE('',#3406,#3407);
#3406 = CARTESIAN_POINT('',(19.925,-39.7,14.875));
#3407 = VECTOR('',#3408,1.);
#3408 = DIRECTION('',(-0.707106781187,-8.395261716136E-15,0.707106781187
    ));
#3409 = ORIENTED_EDGE('',*,*,#2391,.F.);
#3410 = PLANE('',#3411);
#3411 = AXIS2_PLACEMENT_3D('',#3412,#3413,#3414);
#3412 = CARTESIAN_POINT('',(20.,-39.7,14.8));
#3413 = DIRECTION('',(0.57735026919,-0.57735026919,0.57735026919));
#3414 = DIRECTION('',(-5.461484083611E-18,0.707106781187,0.707106781187)
  );
#3415 = ADVANCED_FACE('',(#3416),#3426,.T.);
#3416 = FACE_BOUND('',#3417,.T.);
#3417 = EDGE_LOOP('',(#3418,#3419,#3425));
#3418 = ORIENTED_EDGE('',*,*,#2382,.F.);
#3419 = ORIENTED_EDGE('',*,*,#3420,.T.);
#3420 = EDGE_CURVE('',#2383,#2416,#3421,.T.);
#3421 = LINE('',#3422,#3423);
#3422 = CARTESIAN_POINT('',(-19.775,-39.7,15.025));
#3423 = VECTOR('',#3424,1.);
#3424 = DIRECTION('',(-0.707106781187,-7.793857944881E-18,
    -0.707106781187));
#3425 = ORIENTED_EDGE('',*,*,#2423,.F.);
#3426 = PLANE('',#3427);
#3427 = AXIS2_PLACEMENT_3D('',#3428,#3429,#3430);
#3428 = CARTESIAN_POINT('',(-19.7,-39.7,15.1));
#3429 = DIRECTION('',(-0.57735026919,-0.57735026919,0.57735026919));
#3430 = DIRECTION('',(-0.707106781187,0.707106781187,-4.207060573166E-15
    ));
#3431 = ADVANCED_FACE('',(#3432),#3438,.F.);
#3432 = FACE_BOUND('',#3433,.F.);
#3433 = EDGE_LOOP('',(#3434,#3435,#3436,#3437));
#3434 = ORIENTED_EDGE('',*,*,#2571,.T.);
#3435 = ORIENTED_EDGE('',*,*,#2637,.T.);
#3436 = ORIENTED_EDGE('',*,*,#2622,.F.);
#3437 = ORIENTED_EDGE('',*,*,#2493,.F.);
#3438 = PLANE('',#3439);
#3439 = AXIS2_PLACEMENT_3D('',#3440,#3441,#3442);
#3440 = CARTESIAN_POINT('',(5.25,-6.,-20.40520671964));
#3441 = DIRECTION('',(-0.707106781187,0.707106781187,0.));
#3442 = DIRECTION('',(0.707106781187,0.707106781187,0.));
#3443 = ADVANCED_FACE('',(#3444,#3494),#3497,.F.);
#3444 = FACE_BOUND('',#3445,.T.);
#3445 = EDGE_LOOP('',(#3446,#3456,#3464,#3472,#3480,#3488));
#3446 = ORIENTED_EDGE('',*,*,#3447,.T.);
#3447 = EDGE_CURVE('',#3448,#3450,#3452,.T.);
#3448 = VERTEX_POINT('',#3449);
#3449 = CARTESIAN_POINT('',(-4.25,-11.61658075373,-11.60520671964));
#3450 = VERTEX_POINT('',#3451);
#3451 = CARTESIAN_POINT('',(-4.25,-8.383419246269,-11.60520671964));
#3452 = LINE('',#3453,#3454);
#3453 = CARTESIAN_POINT('',(-4.25,-11.61658075373,-11.60520671964));
#3454 = VECTOR('',#3455,1.);
#3455 = DIRECTION('',(0.,1.,0.));
#3456 = ORIENTED_EDGE('',*,*,#3457,.T.);
#3457 = EDGE_CURVE('',#3450,#3458,#3460,.T.);
#3458 = VERTEX_POINT('',#3459);
#3459 = CARTESIAN_POINT('',(-4.25,-6.766838492538,-14.40520671964));
#3460 = LINE('',#3461,#3462);
#3461 = CARTESIAN_POINT('',(-4.25,-8.383419246269,-11.60520671964));
#3462 = VECTOR('',#3463,1.);
#3463 = DIRECTION('',(-0.,0.5,-0.866025403784));
#3464 = ORIENTED_EDGE('',*,*,#3465,.T.);
#3465 = EDGE_CURVE('',#3458,#3466,#3468,.T.);
#3466 = VERTEX_POINT('',#3467);
#3467 = CARTESIAN_POINT('',(-4.25,-8.383419246269,-17.20520671964));
#3468 = LINE('',#3469,#3470);
#3469 = CARTESIAN_POINT('',(-4.25,-6.766838492538,-14.40520671964));
#3470 = VECTOR('',#3471,1.);
#3471 = DIRECTION('',(0.,-0.5,-0.866025403784));
#3472 = ORIENTED_EDGE('',*,*,#3473,.T.);
#3473 = EDGE_CURVE('',#3466,#3474,#3476,.T.);
#3474 = VERTEX_POINT('',#3475);
#3475 = CARTESIAN_POINT('',(-4.25,-11.61658075373,-17.20520671964));
#3476 = LINE('',#3477,#3478);
#3477 = CARTESIAN_POINT('',(-4.25,-8.383419246269,-17.20520671964));
#3478 = VECTOR('',#3479,1.);
#3479 = DIRECTION('',(0.,-1.,0.));
#3480 = ORIENTED_EDGE('',*,*,#3481,.T.);
#3481 = EDGE_CURVE('',#3474,#3482,#3484,.T.);
#3482 = VERTEX_POINT('',#3483);
#3483 = CARTESIAN_POINT('',(-4.25,-13.23316150746,-14.40520671964));
#3484 = LINE('',#3485,#3486);
#3485 = CARTESIAN_POINT('',(-4.25,-11.61658075373,-17.20520671964));
#3486 = VECTOR('',#3487,1.);
#3487 = DIRECTION('',(0.,-0.5,0.866025403784));
#3488 = ORIENTED_EDGE('',*,*,#3489,.T.);
#3489 = EDGE_CURVE('',#3482,#3448,#3490,.T.);
#3490 = LINE('',#3491,#3492);
#3491 = CARTESIAN_POINT('',(-4.25,-13.23316150746,-14.40520671964));
#3492 = VECTOR('',#3493,1.);
#3493 = DIRECTION('',(0.,0.5,0.866025403784));
#3494 = FACE_BOUND('',#3495,.F.);
#3495 = EDGE_LOOP('',(#3496));
#3496 = ORIENTED_EDGE('',*,*,#2700,.T.);
#3497 = PLANE('',#3498);
#3498 = AXIS2_PLACEMENT_3D('',#3499,#3500,#3501);
#3499 = CARTESIAN_POINT('',(-4.25,-20.,-14.40520671964));
#3500 = DIRECTION('',(1.,0.,0.));
#3501 = DIRECTION('',(0.,0.,1.));
#3502 = ADVANCED_FACE('',(#3503),#3509,.T.);
#3503 = FACE_BOUND('',#3504,.T.);
#3504 = EDGE_LOOP('',(#3505,#3506,#3507,#3508));
#3505 = ORIENTED_EDGE('',*,*,#2771,.T.);
#3506 = ORIENTED_EDGE('',*,*,#2720,.T.);
#3507 = ORIENTED_EDGE('',*,*,#3388,.F.);
#3508 = ORIENTED_EDGE('',*,*,#2843,.F.);
#3509 = PLANE('',#3510);
#3510 = AXIS2_PLACEMENT_3D('',#3511,#3512,#3513);
#3511 = CARTESIAN_POINT('',(-7.1,-4.497559373739E-15,-20.25520671964));
#3512 = DIRECTION('',(-0.707106781187,-2.511491581709E-16,
    -0.707106781187));
#3513 = DIRECTION('',(6.656697036944E-17,-1.,2.886115752945E-16));
#3514 = ADVANCED_FACE('',(#3515,#3565),#3568,.F.);
#3515 = FACE_BOUND('',#3516,.T.);
#3516 = EDGE_LOOP('',(#3517,#3527,#3535,#3543,#3551,#3559));
#3517 = ORIENTED_EDGE('',*,*,#3518,.T.);
#3518 = EDGE_CURVE('',#3519,#3521,#3523,.T.);
#3519 = VERTEX_POINT('',#3520);
#3520 = CARTESIAN_POINT('',(-4.25,-28.38341924626,-11.60520671964));
#3521 = VERTEX_POINT('',#3522);
#3522 = CARTESIAN_POINT('',(-4.25,-26.76683849253,-14.40520671964));
#3523 = LINE('',#3524,#3525);
#3524 = CARTESIAN_POINT('',(-4.25,-28.38341924626,-11.60520671964));
#3525 = VECTOR('',#3526,1.);
#3526 = DIRECTION('',(-0.,0.5,-0.866025403784));
#3527 = ORIENTED_EDGE('',*,*,#3528,.T.);
#3528 = EDGE_CURVE('',#3521,#3529,#3531,.T.);
#3529 = VERTEX_POINT('',#3530);
#3530 = CARTESIAN_POINT('',(-4.25,-28.38341924626,-17.20520671964));
#3531 = LINE('',#3532,#3533);
#3532 = CARTESIAN_POINT('',(-4.25,-26.76683849253,-14.40520671964));
#3533 = VECTOR('',#3534,1.);
#3534 = DIRECTION('',(0.,-0.5,-0.866025403784));
#3535 = ORIENTED_EDGE('',*,*,#3536,.T.);
#3536 = EDGE_CURVE('',#3529,#3537,#3539,.T.);
#3537 = VERTEX_POINT('',#3538);
#3538 = CARTESIAN_POINT('',(-4.25,-31.61658075373,-17.20520671964));
#3539 = LINE('',#3540,#3541);
#3540 = CARTESIAN_POINT('',(-4.25,-28.38341924626,-17.20520671964));
#3541 = VECTOR('',#3542,1.);
#3542 = DIRECTION('',(0.,-1.,0.));
#3543 = ORIENTED_EDGE('',*,*,#3544,.T.);
#3544 = EDGE_CURVE('',#3537,#3545,#3547,.T.);
#3545 = VERTEX_POINT('',#3546);
#3546 = CARTESIAN_POINT('',(-4.25,-33.23316150746,-14.40520671964));
#3547 = LINE('',#3548,#3549);
#3548 = CARTESIAN_POINT('',(-4.25,-31.61658075373,-17.20520671964));
#3549 = VECTOR('',#3550,1.);
#3550 = DIRECTION('',(0.,-0.5,0.866025403784));
#3551 = ORIENTED_EDGE('',*,*,#3552,.T.);
#3552 = EDGE_CURVE('',#3545,#3553,#3555,.T.);
#3553 = VERTEX_POINT('',#3554);
#3554 = CARTESIAN_POINT('',(-4.25,-31.61658075373,-11.60520671964));
#3555 = LINE('',#3556,#3557);
#3556 = CARTESIAN_POINT('',(-4.25,-33.23316150746,-14.40520671964));
#3557 = VECTOR('',#3558,1.);
#3558 = DIRECTION('',(0.,0.5,0.866025403784));
#3559 = ORIENTED_EDGE('',*,*,#3560,.T.);
#3560 = EDGE_CURVE('',#3553,#3519,#3561,.T.);
#3561 = LINE('',#3562,#3563);
#3562 = CARTESIAN_POINT('',(-4.25,-31.61658075373,-11.60520671964));
#3563 = VECTOR('',#3564,1.);
#3564 = DIRECTION('',(0.,1.,0.));
#3565 = FACE_BOUND('',#3566,.F.);
#3566 = EDGE_LOOP('',(#3567));
#3567 = ORIENTED_EDGE('',*,*,#2742,.T.);
#3568 = PLANE('',#3569);
#3569 = AXIS2_PLACEMENT_3D('',#3570,#3571,#3572);
#3570 = CARTESIAN_POINT('',(-4.25,-20.,-14.40520671964));
#3571 = DIRECTION('',(1.,0.,0.));
#3572 = DIRECTION('',(0.,0.,1.));
#3573 = ADVANCED_FACE('',(#3574),#3599,.T.);
#3574 = FACE_BOUND('',#3575,.T.);
#3575 = EDGE_LOOP('',(#3576,#3584,#3585,#3593));
#3576 = ORIENTED_EDGE('',*,*,#3577,.F.);
#3577 = EDGE_CURVE('',#2787,#3578,#3580,.T.);
#3578 = VERTEX_POINT('',#3579);
#3579 = CARTESIAN_POINT('',(-6.95,-6.766838492538,-14.40520671964));
#3580 = LINE('',#3581,#3582);
#3581 = CARTESIAN_POINT('',(-6.678571428571,-7.080257210098,
    -14.40520671964));
#3582 = VECTOR('',#3583,1.);
#3583 = DIRECTION('',(0.654653670708,-0.755928946018,-1.807718957939E-15
    ));
#3584 = ORIENTED_EDGE('',*,*,#2786,.T.);
#3585 = ORIENTED_EDGE('',*,*,#3586,.T.);
#3586 = EDGE_CURVE('',#2789,#3587,#3589,.T.);
#3587 = VERTEX_POINT('',#3588);
#3588 = CARTESIAN_POINT('',(-6.95,-8.383419246269,-17.20520671964));
#3589 = LINE('',#3590,#3591);
#3590 = CARTESIAN_POINT('',(-6.678571428571,-8.540128605049,
    -16.93377814821));
#3591 = VECTOR('',#3592,1.);
#3592 = DIRECTION('',(0.654653670708,-0.377964473009,0.654653670708));
#3593 = ORIENTED_EDGE('',*,*,#3594,.F.);
#3594 = EDGE_CURVE('',#3578,#3587,#3595,.T.);
#3595 = LINE('',#3596,#3597);
#3596 = CARTESIAN_POINT('',(-6.95,-6.766838492538,-14.40520671964));
#3597 = VECTOR('',#3598,1.);
#3598 = DIRECTION('',(0.,-0.5,-0.866025403784));
#3599 = PLANE('',#3600);
#3600 = AXIS2_PLACEMENT_3D('',#3601,#3602,#3603);
#3601 = CARTESIAN_POINT('',(-7.1,-6.63693468197,-14.48020671964));
#3602 = DIRECTION('',(-0.707106781187,-0.612372435696,0.353553390593));
#3603 = DIRECTION('',(4.659677970555E-18,-0.5,-0.866025403784));
#3604 = ADVANCED_FACE('',(#3605),#3623,.T.);
#3605 = FACE_BOUND('',#3606,.T.);
#3606 = EDGE_LOOP('',(#3607,#3615,#3616,#3617));
#3607 = ORIENTED_EDGE('',*,*,#3608,.F.);
#3608 = EDGE_CURVE('',#2821,#3609,#3611,.T.);
#3609 = VERTEX_POINT('',#3610);
#3610 = CARTESIAN_POINT('',(-6.95,-8.383419246269,-11.60520671964));
#3611 = LINE('',#3612,#3613);
#3612 = CARTESIAN_POINT('',(-6.678571428571,-8.540128605049,
    -11.87663529107));
#3613 = VECTOR('',#3614,1.);
#3614 = DIRECTION('',(0.654653670708,-0.377964473009,-0.654653670708));
#3615 = ORIENTED_EDGE('',*,*,#2828,.T.);
#3616 = ORIENTED_EDGE('',*,*,#3577,.T.);
#3617 = ORIENTED_EDGE('',*,*,#3618,.F.);
#3618 = EDGE_CURVE('',#3609,#3578,#3619,.T.);
#3619 = LINE('',#3620,#3621);
#3620 = CARTESIAN_POINT('',(-6.95,-8.383419246269,-11.60520671964));
#3621 = VECTOR('',#3622,1.);
#3622 = DIRECTION('',(0.,0.5,-0.866025403784));
#3623 = PLANE('',#3624);
#3624 = AXIS2_PLACEMENT_3D('',#3625,#3626,#3627);
#3625 = CARTESIAN_POINT('',(-7.1,-8.253515435701,-11.53020671964));
#3626 = DIRECTION('',(-0.707106781187,-0.612372435696,-0.353553390593));
#3627 = DIRECTION('',(-9.058522767933E-18,0.5,-0.866025403784));
#3628 = ADVANCED_FACE('',(#3629),#3647,.T.);
#3629 = FACE_BOUND('',#3630,.T.);
#3630 = EDGE_LOOP('',(#3631,#3632,#3633,#3641));
#3631 = ORIENTED_EDGE('',*,*,#3586,.F.);
#3632 = ORIENTED_EDGE('',*,*,#2796,.T.);
#3633 = ORIENTED_EDGE('',*,*,#3634,.T.);
#3634 = EDGE_CURVE('',#2797,#3635,#3637,.T.);
#3635 = VERTEX_POINT('',#3636);
#3636 = CARTESIAN_POINT('',(-6.95,-11.61658075373,-17.20520671964));
#3637 = LINE('',#3638,#3639);
#3638 = CARTESIAN_POINT('',(-6.678571428571,-11.45987139495,
    -16.93377814821));
#3639 = VECTOR('',#3640,1.);
#3640 = DIRECTION('',(0.654653670708,0.377964473009,0.654653670708));
#3641 = ORIENTED_EDGE('',*,*,#3642,.F.);
#3642 = EDGE_CURVE('',#3587,#3635,#3643,.T.);
#3643 = LINE('',#3644,#3645);
#3644 = CARTESIAN_POINT('',(-6.95,-8.383419246269,-17.20520671964));
#3645 = VECTOR('',#3646,1.);
#3646 = DIRECTION('',(0.,-1.,0.));
#3647 = PLANE('',#3648);
#3648 = AXIS2_PLACEMENT_3D('',#3649,#3650,#3651);
#3649 = CARTESIAN_POINT('',(-7.1,-8.383419246269,-17.35520671964));
#3650 = DIRECTION('',(-0.707106781187,1.124258545907E-18,0.707106781187)
  );
#3651 = DIRECTION('',(-7.949708416177E-19,-1.,7.949708416177E-19));
#3652 = ADVANCED_FACE('',(#3653),#3671,.T.);
#3653 = FACE_BOUND('',#3654,.T.);
#3654 = EDGE_LOOP('',(#3655,#3663,#3664,#3665));
#3655 = ORIENTED_EDGE('',*,*,#3656,.F.);
#3656 = EDGE_CURVE('',#2813,#3657,#3659,.T.);
#3657 = VERTEX_POINT('',#3658);
#3658 = CARTESIAN_POINT('',(-6.95,-11.61658075373,-11.60520671964));
#3659 = LINE('',#3660,#3661);
#3660 = CARTESIAN_POINT('',(-6.678571428571,-11.45987139495,
    -11.87663529107));
#3661 = VECTOR('',#3662,1.);
#3662 = DIRECTION('',(0.654653670708,0.377964473009,-0.654653670708));
#3663 = ORIENTED_EDGE('',*,*,#2820,.T.);
#3664 = ORIENTED_EDGE('',*,*,#3608,.T.);
#3665 = ORIENTED_EDGE('',*,*,#3666,.F.);
#3666 = EDGE_CURVE('',#3657,#3609,#3667,.T.);
#3667 = LINE('',#3668,#3669);
#3668 = CARTESIAN_POINT('',(-6.95,-11.61658075373,-11.60520671964));
#3669 = VECTOR('',#3670,1.);
#3670 = DIRECTION('',(0.,1.,0.));
#3671 = PLANE('',#3672);
#3672 = AXIS2_PLACEMENT_3D('',#3673,#3674,#3675);
#3673 = CARTESIAN_POINT('',(-7.1,-11.61658075373,-11.45520671964));
#3674 = DIRECTION('',(-0.707106781187,-1.124258545907E-18,
    -0.707106781187));
#3675 = DIRECTION('',(-7.949708416177E-19,1.,-7.949708416177E-19));
#3676 = ADVANCED_FACE('',(#3677),#3695,.T.);
#3677 = FACE_BOUND('',#3678,.T.);
#3678 = EDGE_LOOP('',(#3679,#3680,#3681,#3689));
#3679 = ORIENTED_EDGE('',*,*,#3634,.F.);
#3680 = ORIENTED_EDGE('',*,*,#2804,.T.);
#3681 = ORIENTED_EDGE('',*,*,#3682,.T.);
#3682 = EDGE_CURVE('',#2805,#3683,#3685,.T.);
#3683 = VERTEX_POINT('',#3684);
#3684 = CARTESIAN_POINT('',(-6.95,-13.23316150746,-14.40520671964));
#3685 = LINE('',#3686,#3687);
#3686 = CARTESIAN_POINT('',(-6.678571428571,-12.9197427899,
    -14.40520671964));
#3687 = VECTOR('',#3688,1.);
#3688 = DIRECTION('',(0.654653670708,0.755928946018,1.900165333093E-15)
  );
#3689 = ORIENTED_EDGE('',*,*,#3690,.F.);
#3690 = EDGE_CURVE('',#3635,#3683,#3691,.T.);
#3691 = LINE('',#3692,#3693);
#3692 = CARTESIAN_POINT('',(-6.95,-11.61658075373,-17.20520671964));
#3693 = VECTOR('',#3694,1.);
#3694 = DIRECTION('',(0.,-0.5,0.866025403784));
#3695 = PLANE('',#3696);
#3696 = AXIS2_PLACEMENT_3D('',#3697,#3698,#3699);
#3697 = CARTESIAN_POINT('',(-7.1,-11.74648456429,-17.28020671964));
#3698 = DIRECTION('',(-0.707106781187,0.612372435696,0.353553390593));
#3699 = DIRECTION('',(-2.775798594387E-17,-0.5,0.866025403784));
#3700 = ADVANCED_FACE('',(#3701),#3712,.T.);
#3701 = FACE_BOUND('',#3702,.T.);
#3702 = EDGE_LOOP('',(#3703,#3704,#3705,#3706));
#3703 = ORIENTED_EDGE('',*,*,#3682,.F.);
#3704 = ORIENTED_EDGE('',*,*,#2812,.T.);
#3705 = ORIENTED_EDGE('',*,*,#3656,.T.);
#3706 = ORIENTED_EDGE('',*,*,#3707,.F.);
#3707 = EDGE_CURVE('',#3683,#3657,#3708,.T.);
#3708 = LINE('',#3709,#3710);
#3709 = CARTESIAN_POINT('',(-6.95,-13.23316150746,-14.40520671964));
#3710 = VECTOR('',#3711,1.);
#3711 = DIRECTION('',(0.,0.5,0.866025403784));
#3712 = PLANE('',#3713);
#3713 = AXIS2_PLACEMENT_3D('',#3714,#3715,#3716);
#3714 = CARTESIAN_POINT('',(-7.1,-13.36306531803,-14.33020671964));
#3715 = DIRECTION('',(-0.707106781187,0.612372435696,-0.353553390593));
#3716 = DIRECTION('',(9.058522767933E-18,0.5,0.866025403784));
#3717 = ADVANCED_FACE('',(#3718),#3743,.T.);
#3718 = FACE_BOUND('',#3719,.T.);
#3719 = EDGE_LOOP('',(#3720,#3728,#3729,#3737));
#3720 = ORIENTED_EDGE('',*,*,#3721,.F.);
#3721 = EDGE_CURVE('',#2853,#3722,#3724,.T.);
#3722 = VERTEX_POINT('',#3723);
#3723 = CARTESIAN_POINT('',(-6.95,-33.23316150746,-14.40520671964));
#3724 = LINE('',#3725,#3726);
#3725 = CARTESIAN_POINT('',(-6.678571428571,-32.9197427899,
    -14.40520671964));
#3726 = VECTOR('',#3727,1.);
#3727 = DIRECTION('',(0.654653670708,0.755928946018,-1.749508729208E-15)
  );
#3728 = ORIENTED_EDGE('',*,*,#2852,.T.);
#3729 = ORIENTED_EDGE('',*,*,#3730,.T.);
#3730 = EDGE_CURVE('',#2855,#3731,#3733,.T.);
#3731 = VERTEX_POINT('',#3732);
#3732 = CARTESIAN_POINT('',(-6.95,-31.61658075373,-11.60520671964));
#3733 = LINE('',#3734,#3735);
#3734 = CARTESIAN_POINT('',(-6.678571428571,-31.45987139495,
    -11.87663529107));
#3735 = VECTOR('',#3736,1.);
#3736 = DIRECTION('',(0.654653670708,0.377964473009,-0.654653670708));
#3737 = ORIENTED_EDGE('',*,*,#3738,.F.);
#3738 = EDGE_CURVE('',#3722,#3731,#3739,.T.);
#3739 = LINE('',#3740,#3741);
#3740 = CARTESIAN_POINT('',(-6.95,-33.23316150746,-14.40520671964));
#3741 = VECTOR('',#3742,1.);
#3742 = DIRECTION('',(0.,0.5,0.866025403784));
#3743 = PLANE('',#3744);
#3744 = AXIS2_PLACEMENT_3D('',#3745,#3746,#3747);
#3745 = CARTESIAN_POINT('',(-7.1,-33.36306531803,-14.33020671964));
#3746 = DIRECTION('',(-0.707106781187,0.612372435696,-0.353553390593));
#3747 = DIRECTION('',(1.226464219358E-16,0.5,0.866025403784));
#3748 = ADVANCED_FACE('',(#3749),#3767,.T.);
#3749 = FACE_BOUND('',#3750,.T.);
#3750 = EDGE_LOOP('',(#3751,#3759,#3760,#3761));
#3751 = ORIENTED_EDGE('',*,*,#3752,.F.);
#3752 = EDGE_CURVE('',#2887,#3753,#3755,.T.);
#3753 = VERTEX_POINT('',#3754);
#3754 = CARTESIAN_POINT('',(-6.95,-31.61658075373,-17.20520671964));
#3755 = LINE('',#3756,#3757);
#3756 = CARTESIAN_POINT('',(-6.678571428571,-31.45987139495,
    -16.93377814821));
#3757 = VECTOR('',#3758,1.);
#3758 = DIRECTION('',(0.654653670708,0.377964473009,0.654653670708));
#3759 = ORIENTED_EDGE('',*,*,#2894,.T.);
#3760 = ORIENTED_EDGE('',*,*,#3721,.T.);
#3761 = ORIENTED_EDGE('',*,*,#3762,.F.);
#3762 = EDGE_CURVE('',#3753,#3722,#3763,.T.);
#3763 = LINE('',#3764,#3765);
#3764 = CARTESIAN_POINT('',(-6.95,-31.61658075373,-17.20520671964));
#3765 = VECTOR('',#3766,1.);
#3766 = DIRECTION('',(0.,-0.5,0.866025403784));
#3767 = PLANE('',#3768);
#3768 = AXIS2_PLACEMENT_3D('',#3769,#3770,#3771);
#3769 = CARTESIAN_POINT('',(-7.1,-31.74648456429,-17.28020671964));
#3770 = DIRECTION('',(-0.707106781187,0.612372435696,0.353553390593));
#3771 = DIRECTION('',(1.050938444765E-17,-0.5,0.866025403784));
#3772 = ADVANCED_FACE('',(#3773),#3791,.T.);
#3773 = FACE_BOUND('',#3774,.T.);
#3774 = EDGE_LOOP('',(#3775,#3776,#3777,#3785));
#3775 = ORIENTED_EDGE('',*,*,#3730,.F.);
#3776 = ORIENTED_EDGE('',*,*,#2862,.T.);
#3777 = ORIENTED_EDGE('',*,*,#3778,.T.);
#3778 = EDGE_CURVE('',#2863,#3779,#3781,.T.);
#3779 = VERTEX_POINT('',#3780);
#3780 = CARTESIAN_POINT('',(-6.95,-28.38341924626,-11.60520671964));
#3781 = LINE('',#3782,#3783);
#3782 = CARTESIAN_POINT('',(-6.678571428571,-28.54012860504,
    -11.87663529107));
#3783 = VECTOR('',#3784,1.);
#3784 = DIRECTION('',(0.654653670708,-0.377964473009,-0.654653670708));
#3785 = ORIENTED_EDGE('',*,*,#3786,.F.);
#3786 = EDGE_CURVE('',#3731,#3779,#3787,.T.);
#3787 = LINE('',#3788,#3789);
#3788 = CARTESIAN_POINT('',(-6.95,-31.61658075373,-11.60520671964));
#3789 = VECTOR('',#3790,1.);
#3790 = DIRECTION('',(0.,1.,0.));
#3791 = PLANE('',#3792);
#3792 = AXIS2_PLACEMENT_3D('',#3793,#3794,#3795);
#3793 = CARTESIAN_POINT('',(-7.1,-31.61658075373,-11.45520671964));
#3794 = DIRECTION('',(-0.707106781187,-7.029653970044E-19,
    -0.707106781187));
#3795 = DIRECTION('',(-4.970715991613E-19,1.,-4.970715991613E-19));
#3796 = ADVANCED_FACE('',(#3797),#3815,.T.);
#3797 = FACE_BOUND('',#3798,.T.);
#3798 = EDGE_LOOP('',(#3799,#3807,#3808,#3809));
#3799 = ORIENTED_EDGE('',*,*,#3800,.F.);
#3800 = EDGE_CURVE('',#2879,#3801,#3803,.T.);
#3801 = VERTEX_POINT('',#3802);
#3802 = CARTESIAN_POINT('',(-6.95,-28.38341924626,-17.20520671964));
#3803 = LINE('',#3804,#3805);
#3804 = CARTESIAN_POINT('',(-6.678571428571,-28.54012860504,
    -16.93377814821));
#3805 = VECTOR('',#3806,1.);
#3806 = DIRECTION('',(0.654653670708,-0.377964473009,0.654653670708));
#3807 = ORIENTED_EDGE('',*,*,#2886,.T.);
#3808 = ORIENTED_EDGE('',*,*,#3752,.T.);
#3809 = ORIENTED_EDGE('',*,*,#3810,.F.);
#3810 = EDGE_CURVE('',#3801,#3753,#3811,.T.);
#3811 = LINE('',#3812,#3813);
#3812 = CARTESIAN_POINT('',(-6.95,-28.38341924626,-17.20520671964));
#3813 = VECTOR('',#3814,1.);
#3814 = DIRECTION('',(0.,-1.,0.));
#3815 = PLANE('',#3816);
#3816 = AXIS2_PLACEMENT_3D('',#3817,#3818,#3819);
#3817 = CARTESIAN_POINT('',(-7.1,-28.38341924626,-17.35520671964));
#3818 = DIRECTION('',(-0.707106781187,1.124258545907E-18,0.707106781187)
  );
#3819 = DIRECTION('',(-7.949708416177E-19,-1.,7.949708416177E-19));
#3820 = ADVANCED_FACE('',(#3821),#3839,.T.);
#3821 = FACE_BOUND('',#3822,.T.);
#3822 = EDGE_LOOP('',(#3823,#3824,#3825,#3833));
#3823 = ORIENTED_EDGE('',*,*,#3778,.F.);
#3824 = ORIENTED_EDGE('',*,*,#2870,.T.);
#3825 = ORIENTED_EDGE('',*,*,#3826,.T.);
#3826 = EDGE_CURVE('',#2871,#3827,#3829,.T.);
#3827 = VERTEX_POINT('',#3828);
#3828 = CARTESIAN_POINT('',(-6.95,-26.76683849253,-14.40520671964));
#3829 = LINE('',#3830,#3831);
#3830 = CARTESIAN_POINT('',(-6.678571428571,-27.08025721009,
    -14.40520671964));
#3831 = VECTOR('',#3832,1.);
#3832 = DIRECTION('',(0.654653670708,-0.755928946018,-3.704444083529E-16
    ));
#3833 = ORIENTED_EDGE('',*,*,#3834,.F.);
#3834 = EDGE_CURVE('',#3779,#3827,#3835,.T.);
#3835 = LINE('',#3836,#3837);
#3836 = CARTESIAN_POINT('',(-6.95,-28.38341924626,-11.60520671964));
#3837 = VECTOR('',#3838,1.);
#3838 = DIRECTION('',(0.,0.5,-0.866025403784));
#3839 = PLANE('',#3840);
#3840 = AXIS2_PLACEMENT_3D('',#3841,#3842,#3843);
#3841 = CARTESIAN_POINT('',(-7.1,-28.2535154357,-11.53020671964));
#3842 = DIRECTION('',(-0.707106781187,-0.612372435696,-0.353553390593));
#3843 = DIRECTION('',(1.225251042434E-16,0.5,-0.866025403784));
#3844 = ADVANCED_FACE('',(#3845),#3856,.T.);
#3845 = FACE_BOUND('',#3846,.T.);
#3846 = EDGE_LOOP('',(#3847,#3848,#3849,#3850));
#3847 = ORIENTED_EDGE('',*,*,#3826,.F.);
#3848 = ORIENTED_EDGE('',*,*,#2878,.T.);
#3849 = ORIENTED_EDGE('',*,*,#3800,.T.);
#3850 = ORIENTED_EDGE('',*,*,#3851,.F.);
#3851 = EDGE_CURVE('',#3827,#3801,#3852,.T.);
#3852 = LINE('',#3853,#3854);
#3853 = CARTESIAN_POINT('',(-6.95,-26.76683849253,-14.40520671964));
#3854 = VECTOR('',#3855,1.);
#3855 = DIRECTION('',(0.,-0.5,-0.866025403784));
#3856 = PLANE('',#3857);
#3857 = AXIS2_PLACEMENT_3D('',#3858,#3859,#3860);
#3858 = CARTESIAN_POINT('',(-7.1,-26.63693468197,-14.48020671964));
#3859 = DIRECTION('',(-0.707106781187,-0.612372435696,0.353553390593));
#3860 = DIRECTION('',(9.756127929599E-17,-0.5,-0.866025403784));
#3861 = ADVANCED_FACE('',(#3862),#3887,.F.);
#3862 = FACE_BOUND('',#3863,.T.);
#3863 = EDGE_LOOP('',(#3864,#3872,#3873,#3881));
#3864 = ORIENTED_EDGE('',*,*,#3865,.F.);
#3865 = EDGE_CURVE('',#2971,#3866,#3868,.T.);
#3866 = VERTEX_POINT('',#3867);
#3867 = CARTESIAN_POINT('',(16.604809798471,-32.17961210748,
    9.843779044217));
#3868 = LINE('',#3869,#3870);
#3869 = CARTESIAN_POINT('',(16.584192277461,-32.2153227014,
    9.873598768143));
#3870 = VECTOR('',#3871,1.);
#3871 = DIRECTION('',(-0.4051583054,-0.701754770062,0.585992312459));
#3872 = ORIENTED_EDGE('',*,*,#2970,.T.);
#3873 = ORIENTED_EDGE('',*,*,#3874,.T.);
#3874 = EDGE_CURVE('',#2973,#3875,#3877,.T.);
#3875 = VERTEX_POINT('',#3876);
#3876 = CARTESIAN_POINT('',(18.233161507432,-35.,10.593918595536));
#3877 = LINE('',#3878,#3879);
#3878 = CARTESIAN_POINT('',(17.852543427347,-35.,10.781497672143));
#3879 = VECTOR('',#3880,1.);
#3880 = DIRECTION('',(-0.896985816075,-2.351151294379E-16,0.442059323802
    ));
#3881 = ORIENTED_EDGE('',*,*,#3882,.F.);
#3882 = EDGE_CURVE('',#3866,#3875,#3883,.T.);
#3883 = LINE('',#3884,#3885);
#3884 = CARTESIAN_POINT('',(16.582911805383,-32.14168367087,
    9.833691204704));
#3885 = VECTOR('',#3886,1.);
#3886 = DIRECTION('',(0.487241691317,-0.843927364927,0.224459655551));
#3887 = PLANE('',#3888);
#3888 = AXIS2_PLACEMENT_3D('',#3889,#3890,#3891);
#3889 = CARTESIAN_POINT('',(16.714721826516,-32.09037321696,
    9.740484960519));
#3890 = DIRECTION('',(0.396368818115,0.442756913048,0.804274875881));
#3891 = DIRECTION('',(-0.487241691317,0.843927364927,-0.224459655551));
#3892 = ADVANCED_FACE('',(#3893),#3927,.F.);
#3893 = FACE_BOUND('',#3894,.T.);
#3894 = EDGE_LOOP('',(#3895,#3896,#3904,#3912,#3920,#3926));
#3895 = ORIENTED_EDGE('',*,*,#3865,.T.);
#3896 = ORIENTED_EDGE('',*,*,#3897,.T.);
#3897 = EDGE_CURVE('',#3866,#3898,#3900,.T.);
#3898 = VERTEX_POINT('',#3899);
#3899 = CARTESIAN_POINT('',(16.616580753716,-32.20000000002,
    9.871648870994));
#3900 = LINE('',#3901,#3902);
#3901 = CARTESIAN_POINT('',(16.835229196426,-32.57871021179,
    10.38933788575));
#3902 = VECTOR('',#3903,1.);
#3903 = DIRECTION('',(0.322649528582,-0.558845376542,0.76393005362));
#3904 = ORIENTED_EDGE('',*,*,#3905,.F.);
#3905 = EDGE_CURVE('',#3906,#3898,#3908,.T.);
#3906 = VERTEX_POINT('',#3907);
#3907 = CARTESIAN_POINT('',(13.383419246284,-32.20000000002,
    8.382214918132));
#3908 = LINE('',#3909,#3910);
#3909 = CARTESIAN_POINT('',(13.257895971627,-32.20000000002,
    8.324389589357));
#3910 = VECTOR('',#3911,1.);
#3911 = DIRECTION('',(0.908257841017,0.,0.418410915525));
#3912 = ORIENTED_EDGE('',*,*,#3913,.F.);
#3913 = EDGE_CURVE('',#3914,#3906,#3916,.T.);
#3914 = VERTEX_POINT('',#3915);
#3915 = CARTESIAN_POINT('',(13.395190201529,-32.17961210748,
    8.365190241131));
#3916 = LINE('',#3917,#3918);
#3917 = CARTESIAN_POINT('',(12.981291799412,-32.89650516912,
    8.963823611216));
#3918 = VECTOR('',#3919,1.);
#3919 = DIRECTION('',(-0.4051583054,-0.701754770062,0.585992312459));
#3920 = ORIENTED_EDGE('',*,*,#3921,.F.);
#3921 = EDGE_CURVE('',#2981,#3914,#3922,.T.);
#3922 = LINE('',#3923,#3924);
#3923 = CARTESIAN_POINT('',(13.39693460043,-32.18263349501,
    8.369320415292));
#3924 = VECTOR('',#3925,1.);
#3925 = DIRECTION('',(0.322649528582,-0.558845376542,0.76393005362));
#3926 = ORIENTED_EDGE('',*,*,#2980,.T.);
#3927 = PLANE('',#3928);
#3928 = AXIS2_PLACEMENT_3D('',#3929,#3930,#3931);
#3929 = CARTESIAN_POINT('',(13.320657608955,-32.05000000002,
    8.188150913205));
#3930 = DIRECTION('',(-0.29586119569,0.707106781187,0.642235278449));
#3931 = DIRECTION('',(-0.908257841017,-2.03615507664E-17,-0.418410915525
    ));
#3932 = ADVANCED_FACE('',(#3933),#3951,.F.);
#3933 = FACE_BOUND('',#3934,.T.);
#3934 = EDGE_LOOP('',(#3935,#3936,#3937,#3945));
#3935 = ORIENTED_EDGE('',*,*,#3874,.F.);
#3936 = ORIENTED_EDGE('',*,*,#3012,.T.);
#3937 = ORIENTED_EDGE('',*,*,#3938,.T.);
#3938 = EDGE_CURVE('',#3005,#3939,#3941,.T.);
#3939 = VERTEX_POINT('',#3940);
#3940 = CARTESIAN_POINT('',(16.604809798471,-37.82038789251,
    9.843779044217));
#3941 = LINE('',#3942,#3943);
#3942 = CARTESIAN_POINT('',(16.31897660906,-37.32531028596,
    10.257187949842));
#3943 = VECTOR('',#3944,1.);
#3944 = DIRECTION('',(-0.4051583054,0.701754770062,0.585992312459));
#3945 = ORIENTED_EDGE('',*,*,#3946,.F.);
#3946 = EDGE_CURVE('',#3875,#3939,#3947,.T.);
#3947 = LINE('',#3948,#3949);
#3948 = CARTESIAN_POINT('',(18.199492559099,-35.05831632914,
    10.578408181135));
#3949 = VECTOR('',#3950,1.);
#3950 = DIRECTION('',(-0.487241691317,-0.843927364927,-0.224459655551));
#3951 = PLANE('',#3952);
#3952 = AXIS2_PLACEMENT_3D('',#3953,#3954,#3955);
#3953 = CARTESIAN_POINT('',(18.331302580232,-35.10962678306,
    10.48520193695));
#3954 = DIRECTION('',(0.396368818115,-0.442756913048,0.804274875881));
#3955 = DIRECTION('',(0.487241691317,0.843927364927,0.224459655551));
#3956 = ADVANCED_FACE('',(#3957),#3975,.F.);
#3957 = FACE_BOUND('',#3958,.T.);
#3958 = EDGE_LOOP('',(#3959,#3967,#3968,#3969));
#3959 = ORIENTED_EDGE('',*,*,#3960,.F.);
#3960 = EDGE_CURVE('',#2989,#3961,#3963,.T.);
#3961 = VERTEX_POINT('',#3962);
#3962 = CARTESIAN_POINT('',(11.766838492568,-35.,7.615050689812));
#3963 = LINE('',#3964,#3965);
#3964 = CARTESIAN_POINT('',(12.066685497745,-35.,8.03908708817));
#3965 = VECTOR('',#3966,1.);
#3966 = DIRECTION('',(0.577360528849,5.603833863563E-15,0.816489326157)
  );
#3967 = ORIENTED_EDGE('',*,*,#2988,.T.);
#3968 = ORIENTED_EDGE('',*,*,#3921,.T.);
#3969 = ORIENTED_EDGE('',*,*,#3970,.F.);
#3970 = EDGE_CURVE('',#3961,#3914,#3971,.T.);
#3971 = LINE('',#3972,#3973);
#3972 = CARTESIAN_POINT('',(11.733169544236,-35.05831632914,
    7.599540275412));
#3973 = VECTOR('',#3974,1.);
#3974 = DIRECTION('',(0.487241691317,0.843927364927,0.224459655551));
#3975 = PLANE('',#3976);
#3976 = AXIS2_PLACEMENT_3D('',#3977,#3978,#3979);
#3977 = CARTESIAN_POINT('',(11.635028471435,-34.94868954608,
    7.400401504807));
#3978 = DIRECTION('',(-0.778130640875,0.302907442423,0.550236119367));
#3979 = DIRECTION('',(-0.487241691317,-0.843927364927,-0.224459655551));
#3980 = ADVANCED_FACE('',(#3981),#4015,.F.);
#3981 = FACE_BOUND('',#3982,.T.);
#3982 = EDGE_LOOP('',(#3983,#3984,#3985,#3993,#4001,#4009));
#3983 = ORIENTED_EDGE('',*,*,#3938,.F.);
#3984 = ORIENTED_EDGE('',*,*,#3004,.T.);
#3985 = ORIENTED_EDGE('',*,*,#3986,.T.);
#3986 = EDGE_CURVE('',#2997,#3987,#3989,.T.);
#3987 = VERTEX_POINT('',#3988);
#3988 = CARTESIAN_POINT('',(13.395190201529,-37.82038789251,
    8.365190241131));
#3989 = LINE('',#3990,#3991);
#3990 = CARTESIAN_POINT('',(13.672273228337,-37.34046601216,
    9.021233510301));
#3991 = VECTOR('',#3992,1.);
#3992 = DIRECTION('',(0.322649528582,0.558845376542,0.76393005362));
#3993 = ORIENTED_EDGE('',*,*,#3994,.T.);
#3994 = EDGE_CURVE('',#3987,#3995,#3997,.T.);
#3995 = VERTEX_POINT('',#3996);
#3996 = CARTESIAN_POINT('',(13.383419246284,-37.79999999997,
    8.382214918132));
#3997 = LINE('',#3998,#3999);
#3998 = CARTESIAN_POINT('',(12.539114365264,-36.33762104897,
    9.603357772801));
#3999 = VECTOR('',#4000,1.);
#4000 = DIRECTION('',(-0.4051583054,0.701754770062,0.585992312459));
#4001 = ORIENTED_EDGE('',*,*,#4002,.F.);
#4002 = EDGE_CURVE('',#4003,#3995,#4005,.T.);
#4003 = VERTEX_POINT('',#4004);
#4004 = CARTESIAN_POINT('',(16.616580753716,-37.79999999997,
    9.871648870994));
#4005 = LINE('',#4006,#4007);
#4006 = CARTESIAN_POINT('',(16.491057479058,-37.79999999997,
    9.813823542219));
#4007 = VECTOR('',#4008,1.);
#4008 = DIRECTION('',(-0.908257841017,-0.,-0.418410915525));
#4009 = ORIENTED_EDGE('',*,*,#4010,.F.);
#4010 = EDGE_CURVE('',#3939,#4003,#4011,.T.);
#4011 = LINE('',#4012,#4013);
#4012 = CARTESIAN_POINT('',(16.850497830894,-37.39484373754,
    10.425489089191));
#4013 = VECTOR('',#4014,1.);
#4014 = DIRECTION('',(0.322649528582,0.558845376542,0.76393005362));
#4015 = PLANE('',#4016);
#4016 = AXIS2_PLACEMENT_3D('',#4017,#4018,#4019);
#4017 = CARTESIAN_POINT('',(16.553819116387,-37.94999999997,
    9.677584866067));
#4018 = DIRECTION('',(-0.29586119569,-0.707106781187,0.642235278449));
#4019 = DIRECTION('',(0.908257841017,3.672979346889E-18,0.418410915525)
  );
#4020 = ADVANCED_FACE('',(#4021),#4032,.F.);
#4021 = FACE_BOUND('',#4022,.T.);
#4022 = EDGE_LOOP('',(#4023,#4024,#4025,#4026));
#4023 = ORIENTED_EDGE('',*,*,#3986,.F.);
#4024 = ORIENTED_EDGE('',*,*,#2996,.T.);
#4025 = ORIENTED_EDGE('',*,*,#3960,.T.);
#4026 = ORIENTED_EDGE('',*,*,#4027,.F.);
#4027 = EDGE_CURVE('',#3987,#3961,#4028,.T.);
#4028 = LINE('',#4029,#4030);
#4029 = CARTESIAN_POINT('',(13.349750297951,-37.74168367082,
    8.344257251842));
#4030 = VECTOR('',#4031,1.);
#4031 = DIRECTION('',(-0.487241691317,0.843927364927,-0.224459655551));
#4032 = PLANE('',#4033);
#4033 = AXIS2_PLACEMENT_3D('',#4034,#4035,#4036);
#4034 = CARTESIAN_POINT('',(13.251609225151,-37.85131045388,
    8.145118481238));
#4035 = DIRECTION('',(-0.778130640875,-0.302907442423,0.550236119367));
#4036 = DIRECTION('',(0.487241691317,-0.843927364927,0.224459655551));
#4037 = ADVANCED_FACE('',(#4038),#4063,.F.);
#4038 = FACE_BOUND('',#4039,.T.);
#4039 = EDGE_LOOP('',(#4040,#4048,#4049,#4057));
#4040 = ORIENTED_EDGE('',*,*,#4041,.F.);
#4041 = EDGE_CURVE('',#3021,#4042,#4044,.T.);
#4042 = VERTEX_POINT('',#4043);
#4043 = CARTESIAN_POINT('',(16.604809798471,-2.179612107488,
    9.843779044217));
#4044 = LINE('',#4045,#4046);
#4045 = CARTESIAN_POINT('',(16.584192277461,-2.215322701403,
    9.873598768143));
#4046 = VECTOR('',#4047,1.);
#4047 = DIRECTION('',(-0.4051583054,-0.701754770062,0.585992312459));
#4048 = ORIENTED_EDGE('',*,*,#3020,.T.);
#4049 = ORIENTED_EDGE('',*,*,#4050,.T.);
#4050 = EDGE_CURVE('',#3023,#4051,#4053,.T.);
#4051 = VERTEX_POINT('',#4052);
#4052 = CARTESIAN_POINT('',(18.233161507432,-5.,10.593918595536));
#4053 = LINE('',#4054,#4055);
#4054 = CARTESIAN_POINT('',(17.852543427347,-5.,10.781497672143));
#4055 = VECTOR('',#4056,1.);
#4056 = DIRECTION('',(-0.896985816075,-6.979221891037E-16,0.442059323802
    ));
#4057 = ORIENTED_EDGE('',*,*,#4058,.F.);
#4058 = EDGE_CURVE('',#4042,#4051,#4059,.T.);
#4059 = LINE('',#4060,#4061);
#4060 = CARTESIAN_POINT('',(16.582911805383,-2.141683670877,
    9.833691204704));
#4061 = VECTOR('',#4062,1.);
#4062 = DIRECTION('',(0.487241691317,-0.843927364927,0.224459655551));
#4063 = PLANE('',#4064);
#4064 = AXIS2_PLACEMENT_3D('',#4065,#4066,#4067);
#4065 = CARTESIAN_POINT('',(16.714721826516,-2.090373216963,
    9.740484960519));
#4066 = DIRECTION('',(0.396368818115,0.442756913048,0.804274875881));
#4067 = DIRECTION('',(-0.487241691317,0.843927364927,-0.224459655551));
#4068 = ADVANCED_FACE('',(#4069),#4103,.F.);
#4069 = FACE_BOUND('',#4070,.T.);
#4070 = EDGE_LOOP('',(#4071,#4072,#4080,#4088,#4096,#4102));
#4071 = ORIENTED_EDGE('',*,*,#4041,.T.);
#4072 = ORIENTED_EDGE('',*,*,#4073,.T.);
#4073 = EDGE_CURVE('',#4042,#4074,#4076,.T.);
#4074 = VERTEX_POINT('',#4075);
#4075 = CARTESIAN_POINT('',(16.616580753716,-2.200000000026,
    9.871648870994));
#4076 = LINE('',#4077,#4078);
#4077 = CARTESIAN_POINT('',(16.835229196426,-2.578710211795,
    10.38933788575));
#4078 = VECTOR('',#4079,1.);
#4079 = DIRECTION('',(0.322649528582,-0.558845376542,0.76393005362));
#4080 = ORIENTED_EDGE('',*,*,#4081,.F.);
#4081 = EDGE_CURVE('',#4082,#4074,#4084,.T.);
#4082 = VERTEX_POINT('',#4083);
#4083 = CARTESIAN_POINT('',(13.383419246284,-2.200000000026,
    8.382214918132));
#4084 = LINE('',#4085,#4086);
#4085 = CARTESIAN_POINT('',(13.257895971627,-2.200000000026,
    8.324389589357));
#4086 = VECTOR('',#4087,1.);
#4087 = DIRECTION('',(0.908257841017,0.,0.418410915525));
#4088 = ORIENTED_EDGE('',*,*,#4089,.F.);
#4089 = EDGE_CURVE('',#4090,#4082,#4092,.T.);
#4090 = VERTEX_POINT('',#4091);
#4091 = CARTESIAN_POINT('',(13.395190201529,-2.179612107488,
    8.365190241131));
#4092 = LINE('',#4093,#4094);
#4093 = CARTESIAN_POINT('',(12.981291799412,-2.896505169127,
    8.963823611216));
#4094 = VECTOR('',#4095,1.);
#4095 = DIRECTION('',(-0.4051583054,-0.701754770062,0.585992312459));
#4096 = ORIENTED_EDGE('',*,*,#4097,.F.);
#4097 = EDGE_CURVE('',#3031,#4090,#4098,.T.);
#4098 = LINE('',#4099,#4100);
#4099 = CARTESIAN_POINT('',(13.39693460043,-2.182633495013,
    8.369320415292));
#4100 = VECTOR('',#4101,1.);
#4101 = DIRECTION('',(0.322649528582,-0.558845376542,0.76393005362));
#4102 = ORIENTED_EDGE('',*,*,#3030,.T.);
#4103 = PLANE('',#4104);
#4104 = AXIS2_PLACEMENT_3D('',#4105,#4106,#4107);
#4105 = CARTESIAN_POINT('',(13.320657608955,-2.050000000026,
    8.188150913205));
#4106 = DIRECTION('',(-0.29586119569,0.707106781187,0.642235278449));
#4107 = DIRECTION('',(-0.908257841017,-3.537379687093E-18,
    -0.418410915525));
#4108 = ADVANCED_FACE('',(#4109),#4127,.F.);
#4109 = FACE_BOUND('',#4110,.T.);
#4110 = EDGE_LOOP('',(#4111,#4112,#4113,#4121));
#4111 = ORIENTED_EDGE('',*,*,#4050,.F.);
#4112 = ORIENTED_EDGE('',*,*,#3062,.T.);
#4113 = ORIENTED_EDGE('',*,*,#4114,.T.);
#4114 = EDGE_CURVE('',#3055,#4115,#4117,.T.);
#4115 = VERTEX_POINT('',#4116);
#4116 = CARTESIAN_POINT('',(16.604809798471,-7.820387892512,
    9.843779044217));
#4117 = LINE('',#4118,#4119);
#4118 = CARTESIAN_POINT('',(16.31897660906,-7.325310285962,
    10.257187949842));
#4119 = VECTOR('',#4120,1.);
#4120 = DIRECTION('',(-0.4051583054,0.701754770062,0.585992312459));
#4121 = ORIENTED_EDGE('',*,*,#4122,.F.);
#4122 = EDGE_CURVE('',#4051,#4115,#4123,.T.);
#4123 = LINE('',#4124,#4125);
#4124 = CARTESIAN_POINT('',(18.199492559099,-5.058316329149,
    10.578408181135));
#4125 = VECTOR('',#4126,1.);
#4126 = DIRECTION('',(-0.487241691317,-0.843927364927,-0.224459655551));
#4127 = PLANE('',#4128);
#4128 = AXIS2_PLACEMENT_3D('',#4129,#4130,#4131);
#4129 = CARTESIAN_POINT('',(18.331302580232,-5.109626783063,
    10.48520193695));
#4130 = DIRECTION('',(0.396368818115,-0.442756913048,0.804274875881));
#4131 = DIRECTION('',(0.487241691317,0.843927364927,0.224459655551));
#4132 = ADVANCED_FACE('',(#4133),#4151,.F.);
#4133 = FACE_BOUND('',#4134,.T.);
#4134 = EDGE_LOOP('',(#4135,#4143,#4144,#4145));
#4135 = ORIENTED_EDGE('',*,*,#4136,.F.);
#4136 = EDGE_CURVE('',#3039,#4137,#4139,.T.);
#4137 = VERTEX_POINT('',#4138);
#4138 = CARTESIAN_POINT('',(11.766838492568,-5.,7.615050689812));
#4139 = LINE('',#4140,#4141);
#4140 = CARTESIAN_POINT('',(12.066685497745,-5.,8.03908708817));
#4141 = VECTOR('',#4142,1.);
#4142 = DIRECTION('',(0.577360528849,5.566962513308E-15,0.816489326157)
  );
#4143 = ORIENTED_EDGE('',*,*,#3038,.T.);
#4144 = ORIENTED_EDGE('',*,*,#4097,.T.);
#4145 = ORIENTED_EDGE('',*,*,#4146,.F.);
#4146 = EDGE_CURVE('',#4137,#4090,#4147,.T.);
#4147 = LINE('',#4148,#4149);
#4148 = CARTESIAN_POINT('',(11.733169544235,-5.058316329149,
    7.599540275412));
#4149 = VECTOR('',#4150,1.);
#4150 = DIRECTION('',(0.487241691317,0.843927364927,0.224459655551));
#4151 = PLANE('',#4152);
#4152 = AXIS2_PLACEMENT_3D('',#4153,#4154,#4155);
#4153 = CARTESIAN_POINT('',(11.635028471435,-4.948689546087,
    7.400401504807));
#4154 = DIRECTION('',(-0.778130640875,0.302907442423,0.550236119367));
#4155 = DIRECTION('',(-0.487241691317,-0.843927364927,-0.224459655551));
#4156 = ADVANCED_FACE('',(#4157),#4191,.F.);
#4157 = FACE_BOUND('',#4158,.T.);
#4158 = EDGE_LOOP('',(#4159,#4160,#4161,#4169,#4177,#4185));
#4159 = ORIENTED_EDGE('',*,*,#4114,.F.);
#4160 = ORIENTED_EDGE('',*,*,#3054,.T.);
#4161 = ORIENTED_EDGE('',*,*,#4162,.T.);
#4162 = EDGE_CURVE('',#3047,#4163,#4165,.T.);
#4163 = VERTEX_POINT('',#4164);
#4164 = CARTESIAN_POINT('',(13.395190201529,-7.820387892512,
    8.365190241131));
#4165 = LINE('',#4166,#4167);
#4166 = CARTESIAN_POINT('',(13.672273228337,-7.340466012165,
    9.021233510301));
#4167 = VECTOR('',#4168,1.);
#4168 = DIRECTION('',(0.322649528582,0.558845376542,0.76393005362));
#4169 = ORIENTED_EDGE('',*,*,#4170,.T.);
#4170 = EDGE_CURVE('',#4163,#4171,#4173,.T.);
#4171 = VERTEX_POINT('',#4172);
#4172 = CARTESIAN_POINT('',(13.383419246284,-7.799999999974,
    8.382214918132));
#4173 = LINE('',#4174,#4175);
#4174 = CARTESIAN_POINT('',(12.539114365264,-6.33762104897,
    9.603357772801));
#4175 = VECTOR('',#4176,1.);
#4176 = DIRECTION('',(-0.4051583054,0.701754770062,0.585992312459));
#4177 = ORIENTED_EDGE('',*,*,#4178,.F.);
#4178 = EDGE_CURVE('',#4179,#4171,#4181,.T.);
#4179 = VERTEX_POINT('',#4180);
#4180 = CARTESIAN_POINT('',(16.616580753716,-7.799999999974,
    9.871648870994));
#4181 = LINE('',#4182,#4183);
#4182 = CARTESIAN_POINT('',(16.491057479058,-7.799999999974,
    9.813823542219));
#4183 = VECTOR('',#4184,1.);
#4184 = DIRECTION('',(-0.908257841017,-0.,-0.418410915525));
#4185 = ORIENTED_EDGE('',*,*,#4186,.F.);
#4186 = EDGE_CURVE('',#4115,#4179,#4187,.T.);
#4187 = LINE('',#4188,#4189);
#4188 = CARTESIAN_POINT('',(16.850497830894,-7.394843737544,
    10.425489089191));
#4189 = VECTOR('',#4190,1.);
#4190 = DIRECTION('',(0.322649528582,0.558845376542,0.76393005362));
#4191 = PLANE('',#4192);
#4192 = AXIS2_PLACEMENT_3D('',#4193,#4194,#4195);
#4193 = CARTESIAN_POINT('',(16.553819116387,-7.949999999974,
    9.677584866067));
#4194 = DIRECTION('',(-0.29586119569,-0.707106781187,0.642235278449));
#4195 = DIRECTION('',(0.908257841017,-5.016192031851E-19,0.418410915525)
  );
#4196 = ADVANCED_FACE('',(#4197),#4208,.F.);
#4197 = FACE_BOUND('',#4198,.T.);
#4198 = EDGE_LOOP('',(#4199,#4200,#4201,#4202));
#4199 = ORIENTED_EDGE('',*,*,#4162,.F.);
#4200 = ORIENTED_EDGE('',*,*,#3046,.T.);
#4201 = ORIENTED_EDGE('',*,*,#4136,.T.);
#4202 = ORIENTED_EDGE('',*,*,#4203,.F.);
#4203 = EDGE_CURVE('',#4163,#4137,#4204,.T.);
#4204 = LINE('',#4205,#4206);
#4205 = CARTESIAN_POINT('',(13.349750297951,-7.741683670825,
    8.344257251842));
#4206 = VECTOR('',#4207,1.);
#4207 = DIRECTION('',(-0.487241691317,0.843927364927,-0.224459655551));
#4208 = PLANE('',#4209);
#4209 = AXIS2_PLACEMENT_3D('',#4210,#4211,#4212);
#4210 = CARTESIAN_POINT('',(13.251609225151,-7.851310453887,
    8.145118481238));
#4211 = DIRECTION('',(-0.778130640875,-0.302907442423,0.550236119367));
#4212 = DIRECTION('',(0.487241691317,-0.843927364927,0.224459655551));
#4213 = ADVANCED_FACE('',(#4214),#4239,.T.);
#4214 = FACE_BOUND('',#4215,.F.);
#4215 = EDGE_LOOP('',(#4216,#4224,#4225,#4233));
#4216 = ORIENTED_EDGE('',*,*,#4217,.F.);
#4217 = EDGE_CURVE('',#3122,#4218,#4220,.T.);
#4218 = VERTEX_POINT('',#4219);
#4219 = CARTESIAN_POINT('',(-11.76683849256,-35.,7.615050689812));
#4220 = LINE('',#4221,#4222);
#4221 = CARTESIAN_POINT('',(-12.06668549774,-35.,8.03908708817));
#4222 = VECTOR('',#4223,1.);
#4223 = DIRECTION('',(-0.577360528849,1.733426274231E-15,0.816489326157)
  );
#4224 = ORIENTED_EDGE('',*,*,#3121,.T.);
#4225 = ORIENTED_EDGE('',*,*,#4226,.T.);
#4226 = EDGE_CURVE('',#3124,#4227,#4229,.T.);
#4227 = VERTEX_POINT('',#4228);
#4228 = CARTESIAN_POINT('',(-13.39519020152,-32.17961210748,
    8.365190241131));
#4229 = LINE('',#4230,#4231);
#4230 = CARTESIAN_POINT('',(-13.39693460043,-32.18263349501,
    8.369320415292));
#4231 = VECTOR('',#4232,1.);
#4232 = DIRECTION('',(-0.322649528582,-0.558845376542,0.76393005362));
#4233 = ORIENTED_EDGE('',*,*,#4234,.F.);
#4234 = EDGE_CURVE('',#4218,#4227,#4235,.T.);
#4235 = LINE('',#4236,#4237);
#4236 = CARTESIAN_POINT('',(-11.73316954423,-35.05831632914,
    7.599540275412));
#4237 = VECTOR('',#4238,1.);
#4238 = DIRECTION('',(-0.487241691317,0.843927364927,0.224459655551));
#4239 = PLANE('',#4240);
#4240 = AXIS2_PLACEMENT_3D('',#4241,#4242,#4243);
#4241 = CARTESIAN_POINT('',(-11.63502847143,-34.94868954608,
    7.400401504807));
#4242 = DIRECTION('',(-0.778130640875,-0.302907442423,-0.550236119367));
#4243 = DIRECTION('',(0.487241691317,-0.843927364927,-0.224459655551));
#4244 = ADVANCED_FACE('',(#4245),#4263,.T.);
#4245 = FACE_BOUND('',#4246,.F.);
#4246 = EDGE_LOOP('',(#4247,#4255,#4256,#4257));
#4247 = ORIENTED_EDGE('',*,*,#4248,.F.);
#4248 = EDGE_CURVE('',#3132,#4249,#4251,.T.);
#4249 = VERTEX_POINT('',#4250);
#4250 = CARTESIAN_POINT('',(-13.39519020152,-37.82038789251,
    8.365190241131));
#4251 = LINE('',#4252,#4253);
#4252 = CARTESIAN_POINT('',(-13.67227322833,-37.34046601216,
    9.021233510301));
#4253 = VECTOR('',#4254,1.);
#4254 = DIRECTION('',(-0.322649528582,0.558845376542,0.76393005362));
#4255 = ORIENTED_EDGE('',*,*,#3131,.T.);
#4256 = ORIENTED_EDGE('',*,*,#4217,.T.);
#4257 = ORIENTED_EDGE('',*,*,#4258,.F.);
#4258 = EDGE_CURVE('',#4249,#4218,#4259,.T.);
#4259 = LINE('',#4260,#4261);
#4260 = CARTESIAN_POINT('',(-13.34975029795,-37.74168367082,
    8.344257251842));
#4261 = VECTOR('',#4262,1.);
#4262 = DIRECTION('',(0.487241691317,0.843927364927,-0.224459655551));
#4263 = PLANE('',#4264);
#4264 = AXIS2_PLACEMENT_3D('',#4265,#4266,#4267);
#4265 = CARTESIAN_POINT('',(-13.25160922515,-37.85131045388,
    8.145118481238));
#4266 = DIRECTION('',(-0.778130640875,0.302907442423,-0.550236119367));
#4267 = DIRECTION('',(-0.487241691317,-0.843927364927,0.224459655551));
#4268 = ADVANCED_FACE('',(#4269),#4303,.T.);
#4269 = FACE_BOUND('',#4270,.F.);
#4270 = EDGE_LOOP('',(#4271,#4272,#4273,#4281,#4289,#4297));
#4271 = ORIENTED_EDGE('',*,*,#4226,.F.);
#4272 = ORIENTED_EDGE('',*,*,#3163,.T.);
#4273 = ORIENTED_EDGE('',*,*,#4274,.T.);
#4274 = EDGE_CURVE('',#3156,#4275,#4277,.T.);
#4275 = VERTEX_POINT('',#4276);
#4276 = CARTESIAN_POINT('',(-16.60480979847,-32.17961210748,
    9.843779044217));
#4277 = LINE('',#4278,#4279);
#4278 = CARTESIAN_POINT('',(-16.58419227746,-32.2153227014,
    9.873598768143));
#4279 = VECTOR('',#4280,1.);
#4280 = DIRECTION('',(0.4051583054,-0.701754770062,0.585992312459));
#4281 = ORIENTED_EDGE('',*,*,#4282,.T.);
#4282 = EDGE_CURVE('',#4275,#4283,#4285,.T.);
#4283 = VERTEX_POINT('',#4284);
#4284 = CARTESIAN_POINT('',(-16.61658075371,-32.20000000002,
    9.871648870994));
#4285 = LINE('',#4286,#4287);
#4286 = CARTESIAN_POINT('',(-16.49864829481,-31.99573498935,
    9.59242283262));
#4287 = VECTOR('',#4288,1.);
#4288 = DIRECTION('',(-0.322649528582,-0.558845376542,0.76393005362));
#4289 = ORIENTED_EDGE('',*,*,#4290,.F.);
#4290 = EDGE_CURVE('',#4291,#4283,#4293,.T.);
#4291 = VERTEX_POINT('',#4292);
#4292 = CARTESIAN_POINT('',(-13.38341924628,-32.20000000002,
    8.382214918132));
#4293 = LINE('',#4294,#4295);
#4294 = CARTESIAN_POINT('',(-13.25789597162,-32.20000000002,
    8.324389589357));
#4295 = VECTOR('',#4296,1.);
#4296 = DIRECTION('',(-0.908257841017,0.,0.418410915525));
#4297 = ORIENTED_EDGE('',*,*,#4298,.F.);
#4298 = EDGE_CURVE('',#4227,#4291,#4299,.T.);
#4299 = LINE('',#4300,#4301);
#4300 = CARTESIAN_POINT('',(-12.45055782232,-33.81576338275,
    9.731439692119));
#4301 = VECTOR('',#4302,1.);
#4302 = DIRECTION('',(0.4051583054,-0.701754770062,0.585992312459));
#4303 = PLANE('',#4304);
#4304 = AXIS2_PLACEMENT_3D('',#4305,#4306,#4307);
#4305 = CARTESIAN_POINT('',(-13.32065760895,-32.05000000002,
    8.188150913205));
#4306 = DIRECTION('',(-0.29586119569,-0.707106781187,-0.642235278449));
#4307 = DIRECTION('',(0.908257841017,-1.036282776133E-16,-0.418410915525
    ));
#4308 = ADVANCED_FACE('',(#4309),#4343,.T.);
#4309 = FACE_BOUND('',#4310,.F.);
#4310 = EDGE_LOOP('',(#4311,#4319,#4320,#4321,#4329,#4337));
#4311 = ORIENTED_EDGE('',*,*,#4312,.F.);
#4312 = EDGE_CURVE('',#3140,#4313,#4315,.T.);
#4313 = VERTEX_POINT('',#4314);
#4314 = CARTESIAN_POINT('',(-16.60480979847,-37.82038789251,
    9.843779044217));
#4315 = LINE('',#4316,#4317);
#4316 = CARTESIAN_POINT('',(-16.31897660906,-37.32531028596,
    10.257187949842));
#4317 = VECTOR('',#4318,1.);
#4318 = DIRECTION('',(0.4051583054,0.701754770062,0.585992312459));
#4319 = ORIENTED_EDGE('',*,*,#3139,.T.);
#4320 = ORIENTED_EDGE('',*,*,#4248,.T.);
#4321 = ORIENTED_EDGE('',*,*,#4322,.T.);
#4322 = EDGE_CURVE('',#4249,#4323,#4325,.T.);
#4323 = VERTEX_POINT('',#4324);
#4324 = CARTESIAN_POINT('',(-13.38341924628,-37.79999999997,
    8.382214918132));
#4325 = LINE('',#4326,#4327);
#4326 = CARTESIAN_POINT('',(-13.06984834235,-37.25687926259,
    8.835741691898));
#4327 = VECTOR('',#4328,1.);
#4328 = DIRECTION('',(0.4051583054,0.701754770062,0.585992312459));
#4329 = ORIENTED_EDGE('',*,*,#4330,.F.);
#4330 = EDGE_CURVE('',#4331,#4323,#4333,.T.);
#4331 = VERTEX_POINT('',#4332);
#4332 = CARTESIAN_POINT('',(-16.61658075371,-37.79999999997,
    9.871648870994));
#4333 = LINE('',#4334,#4335);
#4334 = CARTESIAN_POINT('',(-16.49105747905,-37.79999999997,
    9.813823542219));
#4335 = VECTOR('',#4336,1.);
#4336 = DIRECTION('',(0.908257841017,0.,-0.418410915525));
#4337 = ORIENTED_EDGE('',*,*,#4338,.F.);
#4338 = EDGE_CURVE('',#4313,#4331,#4339,.T.);
#4339 = LINE('',#4340,#4341);
#4340 = CARTESIAN_POINT('',(-17.1870787325,-36.8118685151,
    11.222404142322));
#4341 = VECTOR('',#4342,1.);
#4342 = DIRECTION('',(-0.322649528582,0.558845376542,0.76393005362));
#4343 = PLANE('',#4344);
#4344 = AXIS2_PLACEMENT_3D('',#4345,#4346,#4347);
#4345 = CARTESIAN_POINT('',(-16.55381911638,-37.94999999997,
    9.677584866067));
#4346 = DIRECTION('',(-0.29586119569,0.707106781187,-0.642235278449));
#4347 = DIRECTION('',(-0.908257841017,-2.408259626874E-17,0.418410915525
    ));
#4348 = ADVANCED_FACE('',(#4349),#4367,.T.);
#4349 = FACE_BOUND('',#4350,.F.);
#4350 = EDGE_LOOP('',(#4351,#4352,#4353,#4361));
#4351 = ORIENTED_EDGE('',*,*,#4274,.F.);
#4352 = ORIENTED_EDGE('',*,*,#3155,.T.);
#4353 = ORIENTED_EDGE('',*,*,#4354,.T.);
#4354 = EDGE_CURVE('',#3148,#4355,#4357,.T.);
#4355 = VERTEX_POINT('',#4356);
#4356 = CARTESIAN_POINT('',(-18.23316150743,-35.,10.593918595536));
#4357 = LINE('',#4358,#4359);
#4358 = CARTESIAN_POINT('',(-17.85254342734,-35.,10.781497672143));
#4359 = VECTOR('',#4360,1.);
#4360 = DIRECTION('',(0.896985816075,1.798068775462E-17,0.442059323802)
  );
#4361 = ORIENTED_EDGE('',*,*,#4362,.F.);
#4362 = EDGE_CURVE('',#4275,#4355,#4363,.T.);
#4363 = LINE('',#4364,#4365);
#4364 = CARTESIAN_POINT('',(-16.58291180538,-32.14168367087,
    9.833691204704));
#4365 = VECTOR('',#4366,1.);
#4366 = DIRECTION('',(-0.487241691317,-0.843927364927,0.224459655551));
#4367 = PLANE('',#4368);
#4368 = AXIS2_PLACEMENT_3D('',#4369,#4370,#4371);
#4369 = CARTESIAN_POINT('',(-16.71472182651,-32.09037321696,
    9.740484960519));
#4370 = DIRECTION('',(0.396368818115,-0.442756913048,-0.804274875881));
#4371 = DIRECTION('',(0.487241691317,0.843927364927,-0.224459655551));
#4372 = ADVANCED_FACE('',(#4373),#4384,.T.);
#4373 = FACE_BOUND('',#4374,.F.);
#4374 = EDGE_LOOP('',(#4375,#4376,#4377,#4378));
#4375 = ORIENTED_EDGE('',*,*,#4354,.F.);
#4376 = ORIENTED_EDGE('',*,*,#3147,.T.);
#4377 = ORIENTED_EDGE('',*,*,#4312,.T.);
#4378 = ORIENTED_EDGE('',*,*,#4379,.F.);
#4379 = EDGE_CURVE('',#4355,#4313,#4380,.T.);
#4380 = LINE('',#4381,#4382);
#4381 = CARTESIAN_POINT('',(-18.19949255909,-35.05831632914,
    10.578408181135));
#4382 = VECTOR('',#4383,1.);
#4383 = DIRECTION('',(0.487241691317,-0.843927364927,-0.224459655551));
#4384 = PLANE('',#4385);
#4385 = AXIS2_PLACEMENT_3D('',#4386,#4387,#4388);
#4386 = CARTESIAN_POINT('',(-18.33130258023,-35.10962678306,
    10.48520193695));
#4387 = DIRECTION('',(0.396368818115,0.442756913048,-0.804274875881));
#4388 = DIRECTION('',(-0.487241691317,0.843927364927,0.224459655551));
#4389 = ADVANCED_FACE('',(#4390),#4415,.T.);
#4390 = FACE_BOUND('',#4391,.F.);
#4391 = EDGE_LOOP('',(#4392,#4400,#4401,#4409));
#4392 = ORIENTED_EDGE('',*,*,#4393,.F.);
#4393 = EDGE_CURVE('',#3172,#4394,#4396,.T.);
#4394 = VERTEX_POINT('',#4395);
#4395 = CARTESIAN_POINT('',(-11.76683849255,-4.999999999985,
    7.615050689807));
#4396 = LINE('',#4397,#4398);
#4397 = CARTESIAN_POINT('',(-12.06668549773,-4.999999999986,
    8.039087088161));
#4398 = VECTOR('',#4399,1.);
#4399 = DIRECTION('',(-0.577360528848,-2.833063180343E-12,0.816489326157
    ));
#4400 = ORIENTED_EDGE('',*,*,#3171,.T.);
#4401 = ORIENTED_EDGE('',*,*,#4402,.T.);
#4402 = EDGE_CURVE('',#3174,#4403,#4405,.T.);
#4403 = VERTEX_POINT('',#4404);
#4404 = CARTESIAN_POINT('',(-13.39519020152,-2.179612107477,
    8.365190241131));
#4405 = LINE('',#4406,#4407);
#4406 = CARTESIAN_POINT('',(-13.39693460042,-2.182633495,8.369320415289)
  );
#4407 = VECTOR('',#4408,1.);
#4408 = DIRECTION('',(-0.322649528581,-0.558845376542,0.76393005362));
#4409 = ORIENTED_EDGE('',*,*,#4410,.F.);
#4410 = EDGE_CURVE('',#4394,#4403,#4411,.T.);
#4411 = LINE('',#4412,#4413);
#4412 = CARTESIAN_POINT('',(-11.73316954422,-5.058316329134,
    7.599540275406));
#4413 = VECTOR('',#4414,1.);
#4414 = DIRECTION('',(-0.48724169132,0.843927364925,0.224459655552));
#4415 = PLANE('',#4416);
#4416 = AXIS2_PLACEMENT_3D('',#4417,#4418,#4419);
#4417 = CARTESIAN_POINT('',(-11.63502847142,-4.948689546071,
    7.400401504802));
#4418 = DIRECTION('',(-0.778130640874,-0.302907442425,-0.550236119367));
#4419 = DIRECTION('',(0.48724169132,-0.843927364925,-0.224459655552));
#4420 = ADVANCED_FACE('',(#4421),#4439,.T.);
#4421 = FACE_BOUND('',#4422,.F.);
#4422 = EDGE_LOOP('',(#4423,#4431,#4432,#4433));
#4423 = ORIENTED_EDGE('',*,*,#4424,.F.);
#4424 = EDGE_CURVE('',#3182,#4425,#4427,.T.);
#4425 = VERTEX_POINT('',#4426);
#4426 = CARTESIAN_POINT('',(-13.3951902015,-7.820387892507,
    8.365190241117));
#4427 = LINE('',#4428,#4429);
#4428 = CARTESIAN_POINT('',(-13.67227322831,-7.340466012155,
    9.021233510297));
#4429 = VECTOR('',#4430,1.);
#4430 = DIRECTION('',(-0.322649528585,0.558845376539,0.763930053621));
#4431 = ORIENTED_EDGE('',*,*,#3181,.T.);
#4432 = ORIENTED_EDGE('',*,*,#4393,.T.);
#4433 = ORIENTED_EDGE('',*,*,#4434,.F.);
#4434 = EDGE_CURVE('',#4425,#4394,#4435,.T.);
#4435 = LINE('',#4436,#4437);
#4436 = CARTESIAN_POINT('',(-13.34975029792,-7.74168367082,
    8.344257251829));
#4437 = VECTOR('',#4438,1.);
#4438 = DIRECTION('',(0.487241691312,0.843927364931,-0.224459655548));
#4439 = PLANE('',#4440);
#4440 = AXIS2_PLACEMENT_3D('',#4441,#4442,#4443);
#4441 = CARTESIAN_POINT('',(-13.25160922512,-7.851310453882,
    8.145118481225));
#4442 = DIRECTION('',(-0.778130640877,0.30290744242,-0.550236119367));
#4443 = DIRECTION('',(-0.487241691312,-0.843927364931,0.224459655548));
#4444 = ADVANCED_FACE('',(#4445),#4479,.T.);
#4445 = FACE_BOUND('',#4446,.F.);
#4446 = EDGE_LOOP('',(#4447,#4448,#4449,#4457,#4465,#4473));
#4447 = ORIENTED_EDGE('',*,*,#4402,.F.);
#4448 = ORIENTED_EDGE('',*,*,#3213,.T.);
#4449 = ORIENTED_EDGE('',*,*,#4450,.T.);
#4450 = EDGE_CURVE('',#3206,#4451,#4453,.T.);
#4451 = VERTEX_POINT('',#4452);
#4452 = CARTESIAN_POINT('',(-16.60480979847,-2.179612107477,
    9.843779044216));
#4453 = LINE('',#4454,#4455);
#4454 = CARTESIAN_POINT('',(-16.58419227746,-2.215322701389,
    9.873598768141));
#4455 = VECTOR('',#4456,1.);
#4456 = DIRECTION('',(0.405158305399,-0.701754770062,0.58599231246));
#4457 = ORIENTED_EDGE('',*,*,#4458,.T.);
#4458 = EDGE_CURVE('',#4451,#4459,#4461,.T.);
#4459 = VERTEX_POINT('',#4460);
#4460 = CARTESIAN_POINT('',(-16.61658075371,-2.200000000014,
    9.871648870994));
#4461 = LINE('',#4462,#4463);
#4462 = CARTESIAN_POINT('',(-16.49864829481,-1.995734989341,
    9.592422832617));
#4463 = VECTOR('',#4464,1.);
#4464 = DIRECTION('',(-0.322649528584,-0.558845376541,0.76393005362));
#4465 = ORIENTED_EDGE('',*,*,#4466,.F.);
#4466 = EDGE_CURVE('',#4467,#4459,#4469,.T.);
#4467 = VERTEX_POINT('',#4468);
#4468 = CARTESIAN_POINT('',(-13.38341924628,-2.200000000014,
    8.382214918132));
#4469 = LINE('',#4470,#4471);
#4470 = CARTESIAN_POINT('',(-13.25789597162,-2.200000000014,
    8.324389589357));
#4471 = VECTOR('',#4472,1.);
#4472 = DIRECTION('',(-0.908257841017,0.,0.418410915525));
#4473 = ORIENTED_EDGE('',*,*,#4474,.F.);
#4474 = EDGE_CURVE('',#4403,#4467,#4475,.T.);
#4475 = LINE('',#4476,#4477);
#4476 = CARTESIAN_POINT('',(-12.45055782231,-3.815763382741,
    9.731439692115));
#4477 = VECTOR('',#4478,1.);
#4478 = DIRECTION('',(0.405158305403,-0.701754770061,0.585992312457));
#4479 = PLANE('',#4480);
#4480 = AXIS2_PLACEMENT_3D('',#4481,#4482,#4483);
#4481 = CARTESIAN_POINT('',(-13.32065760895,-2.050000000014,
    8.188150913205));
#4482 = DIRECTION('',(-0.29586119569,-0.707106781187,-0.642235278449));
#4483 = DIRECTION('',(0.908257841017,2.421819592854E-17,-0.418410915525)
  );
#4484 = ADVANCED_FACE('',(#4485),#4519,.T.);
#4485 = FACE_BOUND('',#4486,.F.);
#4486 = EDGE_LOOP('',(#4487,#4495,#4496,#4497,#4505,#4513));
#4487 = ORIENTED_EDGE('',*,*,#4488,.F.);
#4488 = EDGE_CURVE('',#3190,#4489,#4491,.T.);
#4489 = VERTEX_POINT('',#4490);
#4490 = CARTESIAN_POINT('',(-16.60480979847,-7.820387892522,
    9.843779044219));
#4491 = LINE('',#4492,#4493);
#4492 = CARTESIAN_POINT('',(-16.31897660906,-7.325310285965,
    10.25718794985));
#4493 = VECTOR('',#4494,1.);
#4494 = DIRECTION('',(0.4051583054,0.701754770063,0.585992312458));
#4495 = ORIENTED_EDGE('',*,*,#3189,.T.);
#4496 = ORIENTED_EDGE('',*,*,#4424,.T.);
#4497 = ORIENTED_EDGE('',*,*,#4498,.T.);
#4498 = EDGE_CURVE('',#4425,#4499,#4501,.T.);
#4499 = VERTEX_POINT('',#4500);
#4500 = CARTESIAN_POINT('',(-13.38341924625,-7.799999999969,
    8.382214918119));
#4501 = LINE('',#4502,#4503);
#4502 = CARTESIAN_POINT('',(-13.06984834232,-7.256879262583,
    8.835741691891));
#4503 = VECTOR('',#4504,1.);
#4504 = DIRECTION('',(0.405158305395,0.701754770063,0.585992312461));
#4505 = ORIENTED_EDGE('',*,*,#4506,.F.);
#4506 = EDGE_CURVE('',#4507,#4499,#4509,.T.);
#4507 = VERTEX_POINT('',#4508);
#4508 = CARTESIAN_POINT('',(-16.61658075372,-7.799999999984,
    9.871648870996));
#4509 = LINE('',#4510,#4511);
#4510 = CARTESIAN_POINT('',(-16.49105747906,-7.799999999984,
    9.813823542221));
#4511 = VECTOR('',#4512,1.);
#4512 = DIRECTION('',(0.908257841017,4.278289028143E-12,-0.418410915525)
  );
#4513 = ORIENTED_EDGE('',*,*,#4514,.F.);
#4514 = EDGE_CURVE('',#4489,#4507,#4515,.T.);
#4515 = LINE('',#4516,#4517);
#4516 = CARTESIAN_POINT('',(-17.1870787325,-6.81186851511,11.22240414233
    ));
#4517 = VECTOR('',#4518,1.);
#4518 = DIRECTION('',(-0.32264952858,0.558845376542,0.763930053621));
#4519 = PLANE('',#4520);
#4520 = AXIS2_PLACEMENT_3D('',#4521,#4522,#4523);
#4521 = CARTESIAN_POINT('',(-16.55381911639,-7.949999999984,
    9.677584866069));
#4522 = DIRECTION('',(-0.295861195693,0.707106781186,-0.642235278449));
#4523 = DIRECTION('',(-0.908257841017,-4.278325512016E-12,0.418410915525
    ));
#4524 = ADVANCED_FACE('',(#4525),#4543,.T.);
#4525 = FACE_BOUND('',#4526,.F.);
#4526 = EDGE_LOOP('',(#4527,#4528,#4529,#4537));
#4527 = ORIENTED_EDGE('',*,*,#4450,.F.);
#4528 = ORIENTED_EDGE('',*,*,#3205,.T.);
#4529 = ORIENTED_EDGE('',*,*,#4530,.T.);
#4530 = EDGE_CURVE('',#3198,#4531,#4533,.T.);
#4531 = VERTEX_POINT('',#4532);
#4532 = CARTESIAN_POINT('',(-18.23316150744,-4.999999999988,
    10.593918595541));
#4533 = LINE('',#4534,#4535);
#4534 = CARTESIAN_POINT('',(-17.85254342735,-4.999999999988,
    10.781497672148));
#4535 = VECTOR('',#4536,1.);
#4536 = DIRECTION('',(0.896985816075,-2.252199839426E-12,0.442059323802)
  );
#4537 = ORIENTED_EDGE('',*,*,#4538,.F.);
#4538 = EDGE_CURVE('',#4451,#4531,#4539,.T.);
#4539 = LINE('',#4540,#4541);
#4540 = CARTESIAN_POINT('',(-16.58291180538,-2.141683670865,
    9.833691204704));
#4541 = VECTOR('',#4542,1.);
#4542 = DIRECTION('',(-0.48724169132,-0.843927364925,0.224459655552));
#4543 = PLANE('',#4544);
#4544 = AXIS2_PLACEMENT_3D('',#4545,#4546,#4547);
#4545 = CARTESIAN_POINT('',(-16.71472182651,-2.090373216951,
    9.740484960518));
#4546 = DIRECTION('',(0.396368818113,-0.44275691305,-0.804274875881));
#4547 = DIRECTION('',(0.48724169132,0.843927364925,-0.224459655552));
#4548 = ADVANCED_FACE('',(#4549),#4560,.T.);
#4549 = FACE_BOUND('',#4550,.F.);
#4550 = EDGE_LOOP('',(#4551,#4552,#4553,#4554));
#4551 = ORIENTED_EDGE('',*,*,#4530,.F.);
#4552 = ORIENTED_EDGE('',*,*,#3197,.T.);
#4553 = ORIENTED_EDGE('',*,*,#4488,.T.);
#4554 = ORIENTED_EDGE('',*,*,#4555,.F.);
#4555 = EDGE_CURVE('',#4531,#4489,#4556,.T.);
#4556 = LINE('',#4557,#4558);
#4557 = CARTESIAN_POINT('',(-18.19949255911,-5.058316329137,
    10.57840818114));
#4558 = VECTOR('',#4559,1.);
#4559 = DIRECTION('',(0.487241691315,-0.843927364928,-0.22445965555));
#4560 = PLANE('',#4561);
#4561 = AXIS2_PLACEMENT_3D('',#4562,#4563,#4564);
#4562 = CARTESIAN_POINT('',(-18.33130258024,-5.10962678305,
    10.485201936954));
#4563 = DIRECTION('',(0.396368818116,0.442756913047,-0.804274875882));
#4564 = DIRECTION('',(-0.487241691315,0.843927364928,0.22445965555));
#4565 = ADVANCED_FACE('',(#4566),#4572,.F.);
#4566 = FACE_BOUND('',#4567,.T.);
#4567 = EDGE_LOOP('',(#4568,#4569,#4570,#4571));
#4568 = ORIENTED_EDGE('',*,*,#3245,.T.);
#4569 = ORIENTED_EDGE('',*,*,#3294,.T.);
#4570 = ORIENTED_EDGE('',*,*,#3404,.F.);
#4571 = ORIENTED_EDGE('',*,*,#3228,.F.);
#4572 = PLANE('',#4573);
#4573 = AXIS2_PLACEMENT_3D('',#4574,#4575,#4576);
#4574 = CARTESIAN_POINT('',(19.85,3.319566843629E-15,14.95));
#4575 = DIRECTION('',(-0.707106781187,-1.252773930199E-16,
    -0.707106781187));
#4576 = DIRECTION('',(2.243780832877E-17,1.,-1.996067965963E-16));
#4577 = ADVANCED_FACE('',(#4578),#4584,.F.);
#4578 = FACE_BOUND('',#4579,.T.);
#4579 = EDGE_LOOP('',(#4580,#4581,#4582,#4583));
#4580 = ORIENTED_EDGE('',*,*,#3278,.T.);
#4581 = ORIENTED_EDGE('',*,*,#3362,.T.);
#4582 = ORIENTED_EDGE('',*,*,#3420,.F.);
#4583 = ORIENTED_EDGE('',*,*,#3301,.F.);
#4584 = PLANE('',#4585);
#4585 = AXIS2_PLACEMENT_3D('',#4586,#4587,#4588);
#4586 = CARTESIAN_POINT('',(-19.85,3.319566843629E-15,14.95));
#4587 = DIRECTION('',(0.707106781187,-1.247475066051E-16,-0.707106781187
    ));
#4588 = DIRECTION('',(-2.281249460593E-17,1.,-1.992321103191E-16));
#4589 = ADVANCED_FACE('',(#4590),#4609,.F.);
#4590 = FACE_BOUND('',#4591,.F.);
#4591 = EDGE_LOOP('',(#4592,#4600,#4601,#4602));
#4592 = ORIENTED_EDGE('',*,*,#4593,.F.);
#4593 = EDGE_CURVE('',#3310,#4594,#4596,.T.);
#4594 = VERTEX_POINT('',#4595);
#4595 = CARTESIAN_POINT('',(-13.25,-35.,12.1));
#4596 = LINE('',#4597,#4598);
#4597 = CARTESIAN_POINT('',(-13.25,-35.,15.1));
#4598 = VECTOR('',#4599,1.);
#4599 = DIRECTION('',(-0.,-0.,-1.));
#4600 = ORIENTED_EDGE('',*,*,#3309,.F.);
#4601 = ORIENTED_EDGE('',*,*,#4593,.T.);
#4602 = ORIENTED_EDGE('',*,*,#4603,.T.);
#4603 = EDGE_CURVE('',#4594,#4594,#4604,.T.);
#4604 = CIRCLE('',#4605,1.75);
#4605 = AXIS2_PLACEMENT_3D('',#4606,#4607,#4608);
#4606 = CARTESIAN_POINT('',(-15.,-35.,12.1));
#4607 = DIRECTION('',(0.,0.,1.));
#4608 = DIRECTION('',(1.,0.,0.));
#4609 = CYLINDRICAL_SURFACE('',#4610,1.75);
#4610 = AXIS2_PLACEMENT_3D('',#4611,#4612,#4613);
#4611 = CARTESIAN_POINT('',(-15.,-35.,15.1));
#4612 = DIRECTION('',(0.,0.,1.));
#4613 = DIRECTION('',(1.,0.,0.));
#4614 = ADVANCED_FACE('',(#4615),#4634,.F.);
#4615 = FACE_BOUND('',#4616,.F.);
#4616 = EDGE_LOOP('',(#4617,#4625,#4626,#4627));
#4617 = ORIENTED_EDGE('',*,*,#4618,.F.);
#4618 = EDGE_CURVE('',#3321,#4619,#4621,.T.);
#4619 = VERTEX_POINT('',#4620);
#4620 = CARTESIAN_POINT('',(16.75,-35.,12.1));
#4621 = LINE('',#4622,#4623);
#4622 = CARTESIAN_POINT('',(16.75,-35.,15.1));
#4623 = VECTOR('',#4624,1.);
#4624 = DIRECTION('',(-0.,-0.,-1.));
#4625 = ORIENTED_EDGE('',*,*,#3320,.F.);
#4626 = ORIENTED_EDGE('',*,*,#4618,.T.);
#4627 = ORIENTED_EDGE('',*,*,#4628,.T.);
#4628 = EDGE_CURVE('',#4619,#4619,#4629,.T.);
#4629 = CIRCLE('',#4630,1.75);
#4630 = AXIS2_PLACEMENT_3D('',#4631,#4632,#4633);
#4631 = CARTESIAN_POINT('',(15.,-35.,12.1));
#4632 = DIRECTION('',(0.,0.,1.));
#4633 = DIRECTION('',(1.,0.,0.));
#4634 = CYLINDRICAL_SURFACE('',#4635,1.75);
#4635 = AXIS2_PLACEMENT_3D('',#4636,#4637,#4638);
#4636 = CARTESIAN_POINT('',(15.,-35.,15.1));
#4637 = DIRECTION('',(0.,0.,1.));
#4638 = DIRECTION('',(1.,0.,0.));
#4639 = ADVANCED_FACE('',(#4640),#4659,.F.);
#4640 = FACE_BOUND('',#4641,.F.);
#4641 = EDGE_LOOP('',(#4642,#4650,#4651,#4652));
#4642 = ORIENTED_EDGE('',*,*,#4643,.F.);
#4643 = EDGE_CURVE('',#3332,#4644,#4646,.T.);
#4644 = VERTEX_POINT('',#4645);
#4645 = CARTESIAN_POINT('',(-13.25,-5.,12.1));
#4646 = LINE('',#4647,#4648);
#4647 = CARTESIAN_POINT('',(-13.25,-5.,15.1));
#4648 = VECTOR('',#4649,1.);
#4649 = DIRECTION('',(-0.,-0.,-1.));
#4650 = ORIENTED_EDGE('',*,*,#3331,.F.);
#4651 = ORIENTED_EDGE('',*,*,#4643,.T.);
#4652 = ORIENTED_EDGE('',*,*,#4653,.T.);
#4653 = EDGE_CURVE('',#4644,#4644,#4654,.T.);
#4654 = CIRCLE('',#4655,1.75);
#4655 = AXIS2_PLACEMENT_3D('',#4656,#4657,#4658);
#4656 = CARTESIAN_POINT('',(-15.,-5.,12.1));
#4657 = DIRECTION('',(0.,0.,1.));
#4658 = DIRECTION('',(1.,0.,0.));
#4659 = CYLINDRICAL_SURFACE('',#4660,1.75);
#4660 = AXIS2_PLACEMENT_3D('',#4661,#4662,#4663);
#4661 = CARTESIAN_POINT('',(-15.,-5.,15.1));
#4662 = DIRECTION('',(0.,0.,1.));
#4663 = DIRECTION('',(1.,0.,0.));
#4664 = ADVANCED_FACE('',(#4665),#4684,.F.);
#4665 = FACE_BOUND('',#4666,.F.);
#4666 = EDGE_LOOP('',(#4667,#4675,#4676,#4677));
#4667 = ORIENTED_EDGE('',*,*,#4668,.F.);
#4668 = EDGE_CURVE('',#3343,#4669,#4671,.T.);
#4669 = VERTEX_POINT('',#4670);
#4670 = CARTESIAN_POINT('',(16.75,-5.,12.1));
#4671 = LINE('',#4672,#4673);
#4672 = CARTESIAN_POINT('',(16.75,-5.,15.1));
#4673 = VECTOR('',#4674,1.);
#4674 = DIRECTION('',(-0.,-0.,-1.));
#4675 = ORIENTED_EDGE('',*,*,#3342,.F.);
#4676 = ORIENTED_EDGE('',*,*,#4668,.T.);
#4677 = ORIENTED_EDGE('',*,*,#4678,.T.);
#4678 = EDGE_CURVE('',#4669,#4669,#4679,.T.);
#4679 = CIRCLE('',#4680,1.75);
#4680 = AXIS2_PLACEMENT_3D('',#4681,#4682,#4683);
#4681 = CARTESIAN_POINT('',(15.,-5.,12.1));
#4682 = DIRECTION('',(0.,0.,1.));
#4683 = DIRECTION('',(1.,0.,0.));
#4684 = CYLINDRICAL_SURFACE('',#4685,1.75);
#4685 = AXIS2_PLACEMENT_3D('',#4686,#4687,#4688);
#4686 = CARTESIAN_POINT('',(15.,-5.,15.1));
#4687 = DIRECTION('',(0.,0.,1.));
#4688 = DIRECTION('',(1.,0.,0.));
#4689 = ADVANCED_FACE('',(#4690),#4706,.F.);
#4690 = FACE_BOUND('',#4691,.F.);
#4691 = EDGE_LOOP('',(#4692,#4698,#4699,#4705));
#4692 = ORIENTED_EDGE('',*,*,#4693,.T.);
#4693 = EDGE_CURVE('',#3657,#3448,#4694,.T.);
#4694 = LINE('',#4695,#4696);
#4695 = CARTESIAN_POINT('',(-7.25,-11.61658075373,-11.60520671964));
#4696 = VECTOR('',#4697,1.);
#4697 = DIRECTION('',(1.,0.,0.));
#4698 = ORIENTED_EDGE('',*,*,#3447,.T.);
#4699 = ORIENTED_EDGE('',*,*,#4700,.F.);
#4700 = EDGE_CURVE('',#3609,#3450,#4701,.T.);
#4701 = LINE('',#4702,#4703);
#4702 = CARTESIAN_POINT('',(-7.25,-8.383419246269,-11.60520671964));
#4703 = VECTOR('',#4704,1.);
#4704 = DIRECTION('',(1.,0.,0.));
#4705 = ORIENTED_EDGE('',*,*,#3666,.F.);
#4706 = PLANE('',#4707);
#4707 = AXIS2_PLACEMENT_3D('',#4708,#4709,#4710);
#4708 = CARTESIAN_POINT('',(-7.25,-11.61658075373,-11.60520671964));
#4709 = DIRECTION('',(0.,0.,1.));
#4710 = DIRECTION('',(0.,1.,0.));
#4711 = ADVANCED_FACE('',(#4712),#4723,.F.);
#4712 = FACE_BOUND('',#4713,.F.);
#4713 = EDGE_LOOP('',(#4714,#4715,#4716,#4722));
#4714 = ORIENTED_EDGE('',*,*,#4700,.T.);
#4715 = ORIENTED_EDGE('',*,*,#3457,.T.);
#4716 = ORIENTED_EDGE('',*,*,#4717,.F.);
#4717 = EDGE_CURVE('',#3578,#3458,#4718,.T.);
#4718 = LINE('',#4719,#4720);
#4719 = CARTESIAN_POINT('',(-7.25,-6.766838492538,-14.40520671964));
#4720 = VECTOR('',#4721,1.);
#4721 = DIRECTION('',(1.,0.,0.));
#4722 = ORIENTED_EDGE('',*,*,#3618,.F.);
#4723 = PLANE('',#4724);
#4724 = AXIS2_PLACEMENT_3D('',#4725,#4726,#4727);
#4725 = CARTESIAN_POINT('',(-7.25,-8.383419246269,-11.60520671964));
#4726 = DIRECTION('',(0.,0.866025403784,0.5));
#4727 = DIRECTION('',(0.,0.5,-0.866025403784));
#4728 = ADVANCED_FACE('',(#4729),#4740,.F.);
#4729 = FACE_BOUND('',#4730,.F.);
#4730 = EDGE_LOOP('',(#4731,#4732,#4733,#4739));
#4731 = ORIENTED_EDGE('',*,*,#4717,.T.);
#4732 = ORIENTED_EDGE('',*,*,#3465,.T.);
#4733 = ORIENTED_EDGE('',*,*,#4734,.F.);
#4734 = EDGE_CURVE('',#3587,#3466,#4735,.T.);
#4735 = LINE('',#4736,#4737);
#4736 = CARTESIAN_POINT('',(-7.25,-8.383419246269,-17.20520671964));
#4737 = VECTOR('',#4738,1.);
#4738 = DIRECTION('',(1.,0.,0.));
#4739 = ORIENTED_EDGE('',*,*,#3594,.F.);
#4740 = PLANE('',#4741);
#4741 = AXIS2_PLACEMENT_3D('',#4742,#4743,#4744);
#4742 = CARTESIAN_POINT('',(-7.25,-6.766838492538,-14.40520671964));
#4743 = DIRECTION('',(0.,0.866025403784,-0.5));
#4744 = DIRECTION('',(0.,-0.5,-0.866025403784));
#4745 = ADVANCED_FACE('',(#4746),#4757,.F.);
#4746 = FACE_BOUND('',#4747,.F.);
#4747 = EDGE_LOOP('',(#4748,#4749,#4750,#4756));
#4748 = ORIENTED_EDGE('',*,*,#4734,.T.);
#4749 = ORIENTED_EDGE('',*,*,#3473,.T.);
#4750 = ORIENTED_EDGE('',*,*,#4751,.F.);
#4751 = EDGE_CURVE('',#3635,#3474,#4752,.T.);
#4752 = LINE('',#4753,#4754);
#4753 = CARTESIAN_POINT('',(-7.25,-11.61658075373,-17.20520671964));
#4754 = VECTOR('',#4755,1.);
#4755 = DIRECTION('',(1.,0.,0.));
#4756 = ORIENTED_EDGE('',*,*,#3642,.F.);
#4757 = PLANE('',#4758);
#4758 = AXIS2_PLACEMENT_3D('',#4759,#4760,#4761);
#4759 = CARTESIAN_POINT('',(-7.25,-8.383419246269,-17.20520671964));
#4760 = DIRECTION('',(0.,0.,-1.));
#4761 = DIRECTION('',(0.,-1.,0.));
#4762 = ADVANCED_FACE('',(#4763),#4774,.F.);
#4763 = FACE_BOUND('',#4764,.F.);
#4764 = EDGE_LOOP('',(#4765,#4766,#4767,#4773));
#4765 = ORIENTED_EDGE('',*,*,#4751,.T.);
#4766 = ORIENTED_EDGE('',*,*,#3481,.T.);
#4767 = ORIENTED_EDGE('',*,*,#4768,.F.);
#4768 = EDGE_CURVE('',#3683,#3482,#4769,.T.);
#4769 = LINE('',#4770,#4771);
#4770 = CARTESIAN_POINT('',(-7.25,-13.23316150746,-14.40520671964));
#4771 = VECTOR('',#4772,1.);
#4772 = DIRECTION('',(1.,0.,0.));
#4773 = ORIENTED_EDGE('',*,*,#3690,.F.);
#4774 = PLANE('',#4775);
#4775 = AXIS2_PLACEMENT_3D('',#4776,#4777,#4778);
#4776 = CARTESIAN_POINT('',(-7.25,-11.61658075373,-17.20520671964));
#4777 = DIRECTION('',(0.,-0.866025403784,-0.5));
#4778 = DIRECTION('',(0.,-0.5,0.866025403784));
#4779 = ADVANCED_FACE('',(#4780),#4786,.F.);
#4780 = FACE_BOUND('',#4781,.F.);
#4781 = EDGE_LOOP('',(#4782,#4783,#4784,#4785));
#4782 = ORIENTED_EDGE('',*,*,#4768,.T.);
#4783 = ORIENTED_EDGE('',*,*,#3489,.T.);
#4784 = ORIENTED_EDGE('',*,*,#4693,.F.);
#4785 = ORIENTED_EDGE('',*,*,#3707,.F.);
#4786 = PLANE('',#4787);
#4787 = AXIS2_PLACEMENT_3D('',#4788,#4789,#4790);
#4788 = CARTESIAN_POINT('',(-7.25,-13.23316150746,-14.40520671964));
#4789 = DIRECTION('',(0.,-0.866025403784,0.5));
#4790 = DIRECTION('',(0.,0.5,0.866025403784));
#4791 = ADVANCED_FACE('',(#4792),#4808,.F.);
#4792 = FACE_BOUND('',#4793,.F.);
#4793 = EDGE_LOOP('',(#4794,#4800,#4801,#4807));
#4794 = ORIENTED_EDGE('',*,*,#4795,.T.);
#4795 = EDGE_CURVE('',#3779,#3519,#4796,.T.);
#4796 = LINE('',#4797,#4798);
#4797 = CARTESIAN_POINT('',(-7.25,-28.38341924626,-11.60520671964));
#4798 = VECTOR('',#4799,1.);
#4799 = DIRECTION('',(1.,0.,0.));
#4800 = ORIENTED_EDGE('',*,*,#3518,.T.);
#4801 = ORIENTED_EDGE('',*,*,#4802,.F.);
#4802 = EDGE_CURVE('',#3827,#3521,#4803,.T.);
#4803 = LINE('',#4804,#4805);
#4804 = CARTESIAN_POINT('',(-7.25,-26.76683849253,-14.40520671964));
#4805 = VECTOR('',#4806,1.);
#4806 = DIRECTION('',(1.,0.,0.));
#4807 = ORIENTED_EDGE('',*,*,#3834,.F.);
#4808 = PLANE('',#4809);
#4809 = AXIS2_PLACEMENT_3D('',#4810,#4811,#4812);
#4810 = CARTESIAN_POINT('',(-7.25,-28.38341924626,-11.60520671964));
#4811 = DIRECTION('',(0.,0.866025403784,0.5));
#4812 = DIRECTION('',(0.,0.5,-0.866025403784));
#4813 = ADVANCED_FACE('',(#4814),#4825,.F.);
#4814 = FACE_BOUND('',#4815,.F.);
#4815 = EDGE_LOOP('',(#4816,#4817,#4818,#4824));
#4816 = ORIENTED_EDGE('',*,*,#4802,.T.);
#4817 = ORIENTED_EDGE('',*,*,#3528,.T.);
#4818 = ORIENTED_EDGE('',*,*,#4819,.F.);
#4819 = EDGE_CURVE('',#3801,#3529,#4820,.T.);
#4820 = LINE('',#4821,#4822);
#4821 = CARTESIAN_POINT('',(-7.25,-28.38341924626,-17.20520671964));
#4822 = VECTOR('',#4823,1.);
#4823 = DIRECTION('',(1.,0.,0.));
#4824 = ORIENTED_EDGE('',*,*,#3851,.F.);
#4825 = PLANE('',#4826);
#4826 = AXIS2_PLACEMENT_3D('',#4827,#4828,#4829);
#4827 = CARTESIAN_POINT('',(-7.25,-26.76683849253,-14.40520671964));
#4828 = DIRECTION('',(0.,0.866025403784,-0.5));
#4829 = DIRECTION('',(0.,-0.5,-0.866025403784));
#4830 = ADVANCED_FACE('',(#4831),#4842,.F.);
#4831 = FACE_BOUND('',#4832,.F.);
#4832 = EDGE_LOOP('',(#4833,#4834,#4835,#4841));
#4833 = ORIENTED_EDGE('',*,*,#4819,.T.);
#4834 = ORIENTED_EDGE('',*,*,#3536,.T.);
#4835 = ORIENTED_EDGE('',*,*,#4836,.F.);
#4836 = EDGE_CURVE('',#3753,#3537,#4837,.T.);
#4837 = LINE('',#4838,#4839);
#4838 = CARTESIAN_POINT('',(-7.25,-31.61658075373,-17.20520671964));
#4839 = VECTOR('',#4840,1.);
#4840 = DIRECTION('',(1.,0.,0.));
#4841 = ORIENTED_EDGE('',*,*,#3810,.F.);
#4842 = PLANE('',#4843);
#4843 = AXIS2_PLACEMENT_3D('',#4844,#4845,#4846);
#4844 = CARTESIAN_POINT('',(-7.25,-28.38341924626,-17.20520671964));
#4845 = DIRECTION('',(0.,0.,-1.));
#4846 = DIRECTION('',(0.,-1.,0.));
#4847 = ADVANCED_FACE('',(#4848),#4859,.F.);
#4848 = FACE_BOUND('',#4849,.F.);
#4849 = EDGE_LOOP('',(#4850,#4851,#4852,#4858));
#4850 = ORIENTED_EDGE('',*,*,#4836,.T.);
#4851 = ORIENTED_EDGE('',*,*,#3544,.T.);
#4852 = ORIENTED_EDGE('',*,*,#4853,.F.);
#4853 = EDGE_CURVE('',#3722,#3545,#4854,.T.);
#4854 = LINE('',#4855,#4856);
#4855 = CARTESIAN_POINT('',(-7.25,-33.23316150746,-14.40520671964));
#4856 = VECTOR('',#4857,1.);
#4857 = DIRECTION('',(1.,0.,0.));
#4858 = ORIENTED_EDGE('',*,*,#3762,.F.);
#4859 = PLANE('',#4860);
#4860 = AXIS2_PLACEMENT_3D('',#4861,#4862,#4863);
#4861 = CARTESIAN_POINT('',(-7.25,-31.61658075373,-17.20520671964));
#4862 = DIRECTION('',(0.,-0.866025403784,-0.5));
#4863 = DIRECTION('',(0.,-0.5,0.866025403784));
#4864 = ADVANCED_FACE('',(#4865),#4876,.F.);
#4865 = FACE_BOUND('',#4866,.F.);
#4866 = EDGE_LOOP('',(#4867,#4868,#4869,#4875));
#4867 = ORIENTED_EDGE('',*,*,#4853,.T.);
#4868 = ORIENTED_EDGE('',*,*,#3552,.T.);
#4869 = ORIENTED_EDGE('',*,*,#4870,.F.);
#4870 = EDGE_CURVE('',#3731,#3553,#4871,.T.);
#4871 = LINE('',#4872,#4873);
#4872 = CARTESIAN_POINT('',(-7.25,-31.61658075373,-11.60520671964));
#4873 = VECTOR('',#4874,1.);
#4874 = DIRECTION('',(1.,0.,0.));
#4875 = ORIENTED_EDGE('',*,*,#3738,.F.);
#4876 = PLANE('',#4877);
#4877 = AXIS2_PLACEMENT_3D('',#4878,#4879,#4880);
#4878 = CARTESIAN_POINT('',(-7.25,-33.23316150746,-14.40520671964));
#4879 = DIRECTION('',(0.,-0.866025403784,0.5));
#4880 = DIRECTION('',(0.,0.5,0.866025403784));
#4881 = ADVANCED_FACE('',(#4882),#4888,.F.);
#4882 = FACE_BOUND('',#4883,.F.);
#4883 = EDGE_LOOP('',(#4884,#4885,#4886,#4887));
#4884 = ORIENTED_EDGE('',*,*,#4870,.T.);
#4885 = ORIENTED_EDGE('',*,*,#3560,.T.);
#4886 = ORIENTED_EDGE('',*,*,#4795,.F.);
#4887 = ORIENTED_EDGE('',*,*,#3786,.F.);
#4888 = PLANE('',#4889);
#4889 = AXIS2_PLACEMENT_3D('',#4890,#4891,#4892);
#4890 = CARTESIAN_POINT('',(-7.25,-31.61658075373,-11.60520671964));
#4891 = DIRECTION('',(0.,0.,1.));
#4892 = DIRECTION('',(0.,1.,0.));
#4893 = ADVANCED_FACE('',(#4894),#4920,.F.);
#4894 = FACE_BOUND('',#4895,.F.);
#4895 = EDGE_LOOP('',(#4896,#4904,#4912,#4918,#4919));
#4896 = ORIENTED_EDGE('',*,*,#4897,.F.);
#4897 = EDGE_CURVE('',#4898,#3898,#4900,.T.);
#4898 = VERTEX_POINT('',#4899);
#4899 = CARTESIAN_POINT('',(16.616580753716,-32.20000000002,12.1));
#4900 = LINE('',#4901,#4902);
#4901 = CARTESIAN_POINT('',(16.616580753716,-32.20000000002,12.1));
#4902 = VECTOR('',#4903,1.);
#4903 = DIRECTION('',(-0.,-0.,-1.));
#4904 = ORIENTED_EDGE('',*,*,#4905,.F.);
#4905 = EDGE_CURVE('',#4906,#4898,#4908,.T.);
#4906 = VERTEX_POINT('',#4907);
#4907 = CARTESIAN_POINT('',(18.233161507432,-35.,12.1));
#4908 = LINE('',#4909,#4910);
#4909 = CARTESIAN_POINT('',(18.233161507432,-35.,12.1));
#4910 = VECTOR('',#4911,1.);
#4911 = DIRECTION('',(-0.5,0.866025403784,0.));
#4912 = ORIENTED_EDGE('',*,*,#4913,.T.);
#4913 = EDGE_CURVE('',#4906,#3875,#4914,.T.);
#4914 = LINE('',#4915,#4916);
#4915 = CARTESIAN_POINT('',(18.233161507432,-35.,12.1));
#4916 = VECTOR('',#4917,1.);
#4917 = DIRECTION('',(-0.,-0.,-1.));
#4918 = ORIENTED_EDGE('',*,*,#3882,.F.);
#4919 = ORIENTED_EDGE('',*,*,#3897,.T.);
#4920 = PLANE('',#4921);
#4921 = AXIS2_PLACEMENT_3D('',#4922,#4923,#4924);
#4922 = CARTESIAN_POINT('',(18.233161507432,-35.,12.1));
#4923 = DIRECTION('',(0.866025403784,0.5,0.));
#4924 = DIRECTION('',(-0.5,0.866025403784,0.));
#4925 = ADVANCED_FACE('',(#4926),#4944,.F.);
#4926 = FACE_BOUND('',#4927,.F.);
#4927 = EDGE_LOOP('',(#4928,#4936,#4942,#4943));
#4928 = ORIENTED_EDGE('',*,*,#4929,.F.);
#4929 = EDGE_CURVE('',#4930,#3906,#4932,.T.);
#4930 = VERTEX_POINT('',#4931);
#4931 = CARTESIAN_POINT('',(13.383419246284,-32.20000000002,12.1));
#4932 = LINE('',#4933,#4934);
#4933 = CARTESIAN_POINT('',(13.383419246284,-32.20000000002,12.1));
#4934 = VECTOR('',#4935,1.);
#4935 = DIRECTION('',(-0.,-0.,-1.));
#4936 = ORIENTED_EDGE('',*,*,#4937,.F.);
#4937 = EDGE_CURVE('',#4898,#4930,#4938,.T.);
#4938 = LINE('',#4939,#4940);
#4939 = CARTESIAN_POINT('',(16.616580753716,-32.20000000002,12.1));
#4940 = VECTOR('',#4941,1.);
#4941 = DIRECTION('',(-1.,0.,0.));
#4942 = ORIENTED_EDGE('',*,*,#4897,.T.);
#4943 = ORIENTED_EDGE('',*,*,#3905,.F.);
#4944 = PLANE('',#4945);
#4945 = AXIS2_PLACEMENT_3D('',#4946,#4947,#4948);
#4946 = CARTESIAN_POINT('',(16.616580753716,-32.20000000002,12.1));
#4947 = DIRECTION('',(0.,1.,0.));
#4948 = DIRECTION('',(-1.,0.,0.));
#4949 = ADVANCED_FACE('',(#4950),#4969,.F.);
#4950 = FACE_BOUND('',#4951,.F.);
#4951 = EDGE_LOOP('',(#4952,#4960,#4966,#4967,#4968));
#4952 = ORIENTED_EDGE('',*,*,#4953,.F.);
#4953 = EDGE_CURVE('',#4954,#3961,#4956,.T.);
#4954 = VERTEX_POINT('',#4955);
#4955 = CARTESIAN_POINT('',(11.766838492568,-35.,12.1));
#4956 = LINE('',#4957,#4958);
#4957 = CARTESIAN_POINT('',(11.766838492568,-35.,12.1));
#4958 = VECTOR('',#4959,1.);
#4959 = DIRECTION('',(-0.,-0.,-1.));
#4960 = ORIENTED_EDGE('',*,*,#4961,.F.);
#4961 = EDGE_CURVE('',#4930,#4954,#4962,.T.);
#4962 = LINE('',#4963,#4964);
#4963 = CARTESIAN_POINT('',(13.383419246284,-32.20000000002,12.1));
#4964 = VECTOR('',#4965,1.);
#4965 = DIRECTION('',(-0.5,-0.866025403784,0.));
#4966 = ORIENTED_EDGE('',*,*,#4929,.T.);
#4967 = ORIENTED_EDGE('',*,*,#3913,.F.);
#4968 = ORIENTED_EDGE('',*,*,#3970,.F.);
#4969 = PLANE('',#4970);
#4970 = AXIS2_PLACEMENT_3D('',#4971,#4972,#4973);
#4971 = CARTESIAN_POINT('',(13.383419246284,-32.20000000002,12.1));
#4972 = DIRECTION('',(-0.866025403784,0.5,0.));
#4973 = DIRECTION('',(-0.5,-0.866025403784,0.));
#4974 = ADVANCED_FACE('',(#4975),#4994,.F.);
#4975 = FACE_BOUND('',#4976,.F.);
#4976 = EDGE_LOOP('',(#4977,#4978,#4986,#4992,#4993));
#4977 = ORIENTED_EDGE('',*,*,#4913,.F.);
#4978 = ORIENTED_EDGE('',*,*,#4979,.F.);
#4979 = EDGE_CURVE('',#4980,#4906,#4982,.T.);
#4980 = VERTEX_POINT('',#4981);
#4981 = CARTESIAN_POINT('',(16.616580753716,-37.79999999997,12.1));
#4982 = LINE('',#4983,#4984);
#4983 = CARTESIAN_POINT('',(16.616580753716,-37.79999999997,12.1));
#4984 = VECTOR('',#4985,1.);
#4985 = DIRECTION('',(0.5,0.866025403784,0.));
#4986 = ORIENTED_EDGE('',*,*,#4987,.T.);
#4987 = EDGE_CURVE('',#4980,#4003,#4988,.T.);
#4988 = LINE('',#4989,#4990);
#4989 = CARTESIAN_POINT('',(16.616580753716,-37.79999999997,12.1));
#4990 = VECTOR('',#4991,1.);
#4991 = DIRECTION('',(-0.,-0.,-1.));
#4992 = ORIENTED_EDGE('',*,*,#4010,.F.);
#4993 = ORIENTED_EDGE('',*,*,#3946,.F.);
#4994 = PLANE('',#4995);
#4995 = AXIS2_PLACEMENT_3D('',#4996,#4997,#4998);
#4996 = CARTESIAN_POINT('',(16.616580753716,-37.79999999997,12.1));
#4997 = DIRECTION('',(0.866025403784,-0.5,0.));
#4998 = DIRECTION('',(0.5,0.866025403784,0.));
#4999 = ADVANCED_FACE('',(#5000),#5018,.F.);
#5000 = FACE_BOUND('',#5001,.F.);
#5001 = EDGE_LOOP('',(#5002,#5003,#5011,#5017));
#5002 = ORIENTED_EDGE('',*,*,#4987,.F.);
#5003 = ORIENTED_EDGE('',*,*,#5004,.F.);
#5004 = EDGE_CURVE('',#5005,#4980,#5007,.T.);
#5005 = VERTEX_POINT('',#5006);
#5006 = CARTESIAN_POINT('',(13.383419246284,-37.79999999997,12.1));
#5007 = LINE('',#5008,#5009);
#5008 = CARTESIAN_POINT('',(13.383419246284,-37.79999999997,12.1));
#5009 = VECTOR('',#5010,1.);
#5010 = DIRECTION('',(1.,0.,0.));
#5011 = ORIENTED_EDGE('',*,*,#5012,.T.);
#5012 = EDGE_CURVE('',#5005,#3995,#5013,.T.);
#5013 = LINE('',#5014,#5015);
#5014 = CARTESIAN_POINT('',(13.383419246284,-37.79999999997,12.1));
#5015 = VECTOR('',#5016,1.);
#5016 = DIRECTION('',(-0.,-0.,-1.));
#5017 = ORIENTED_EDGE('',*,*,#4002,.F.);
#5018 = PLANE('',#5019);
#5019 = AXIS2_PLACEMENT_3D('',#5020,#5021,#5022);
#5020 = CARTESIAN_POINT('',(13.383419246284,-37.79999999997,12.1));
#5021 = DIRECTION('',(0.,-1.,0.));
#5022 = DIRECTION('',(1.,0.,0.));
#5023 = ADVANCED_FACE('',(#5024),#5036,.F.);
#5024 = FACE_BOUND('',#5025,.F.);
#5025 = EDGE_LOOP('',(#5026,#5027,#5033,#5034,#5035));
#5026 = ORIENTED_EDGE('',*,*,#5012,.F.);
#5027 = ORIENTED_EDGE('',*,*,#5028,.F.);
#5028 = EDGE_CURVE('',#4954,#5005,#5029,.T.);
#5029 = LINE('',#5030,#5031);
#5030 = CARTESIAN_POINT('',(11.766838492568,-35.,12.1));
#5031 = VECTOR('',#5032,1.);
#5032 = DIRECTION('',(0.5,-0.866025403784,0.));
#5033 = ORIENTED_EDGE('',*,*,#4953,.T.);
#5034 = ORIENTED_EDGE('',*,*,#4027,.F.);
#5035 = ORIENTED_EDGE('',*,*,#3994,.T.);
#5036 = PLANE('',#5037);
#5037 = AXIS2_PLACEMENT_3D('',#5038,#5039,#5040);
#5038 = CARTESIAN_POINT('',(11.766838492568,-35.,12.1));
#5039 = DIRECTION('',(-0.866025403784,-0.5,0.));
#5040 = DIRECTION('',(0.5,-0.866025403784,0.));
#5041 = ADVANCED_FACE('',(#5042),#5068,.F.);
#5042 = FACE_BOUND('',#5043,.F.);
#5043 = EDGE_LOOP('',(#5044,#5052,#5060,#5066,#5067));
#5044 = ORIENTED_EDGE('',*,*,#5045,.F.);
#5045 = EDGE_CURVE('',#5046,#4074,#5048,.T.);
#5046 = VERTEX_POINT('',#5047);
#5047 = CARTESIAN_POINT('',(16.616580753716,-2.200000000026,12.1));
#5048 = LINE('',#5049,#5050);
#5049 = CARTESIAN_POINT('',(16.616580753716,-2.200000000026,12.1));
#5050 = VECTOR('',#5051,1.);
#5051 = DIRECTION('',(-0.,-0.,-1.));
#5052 = ORIENTED_EDGE('',*,*,#5053,.F.);
#5053 = EDGE_CURVE('',#5054,#5046,#5056,.T.);
#5054 = VERTEX_POINT('',#5055);
#5055 = CARTESIAN_POINT('',(18.233161507432,-5.,12.1));
#5056 = LINE('',#5057,#5058);
#5057 = CARTESIAN_POINT('',(18.233161507432,-5.,12.1));
#5058 = VECTOR('',#5059,1.);
#5059 = DIRECTION('',(-0.5,0.866025403784,0.));
#5060 = ORIENTED_EDGE('',*,*,#5061,.T.);
#5061 = EDGE_CURVE('',#5054,#4051,#5062,.T.);
#5062 = LINE('',#5063,#5064);
#5063 = CARTESIAN_POINT('',(18.233161507432,-5.,12.1));
#5064 = VECTOR('',#5065,1.);
#5065 = DIRECTION('',(-0.,-0.,-1.));
#5066 = ORIENTED_EDGE('',*,*,#4058,.F.);
#5067 = ORIENTED_EDGE('',*,*,#4073,.T.);
#5068 = PLANE('',#5069);
#5069 = AXIS2_PLACEMENT_3D('',#5070,#5071,#5072);
#5070 = CARTESIAN_POINT('',(18.233161507432,-5.,12.1));
#5071 = DIRECTION('',(0.866025403784,0.5,0.));
#5072 = DIRECTION('',(-0.5,0.866025403784,0.));
#5073 = ADVANCED_FACE('',(#5074),#5092,.F.);
#5074 = FACE_BOUND('',#5075,.F.);
#5075 = EDGE_LOOP('',(#5076,#5084,#5090,#5091));
#5076 = ORIENTED_EDGE('',*,*,#5077,.F.);
#5077 = EDGE_CURVE('',#5078,#4082,#5080,.T.);
#5078 = VERTEX_POINT('',#5079);
#5079 = CARTESIAN_POINT('',(13.383419246284,-2.200000000026,12.1));
#5080 = LINE('',#5081,#5082);
#5081 = CARTESIAN_POINT('',(13.383419246284,-2.200000000026,12.1));
#5082 = VECTOR('',#5083,1.);
#5083 = DIRECTION('',(-0.,-0.,-1.));
#5084 = ORIENTED_EDGE('',*,*,#5085,.F.);
#5085 = EDGE_CURVE('',#5046,#5078,#5086,.T.);
#5086 = LINE('',#5087,#5088);
#5087 = CARTESIAN_POINT('',(16.616580753716,-2.200000000026,12.1));
#5088 = VECTOR('',#5089,1.);
#5089 = DIRECTION('',(-1.,0.,0.));
#5090 = ORIENTED_EDGE('',*,*,#5045,.T.);
#5091 = ORIENTED_EDGE('',*,*,#4081,.F.);
#5092 = PLANE('',#5093);
#5093 = AXIS2_PLACEMENT_3D('',#5094,#5095,#5096);
#5094 = CARTESIAN_POINT('',(16.616580753716,-2.200000000026,12.1));
#5095 = DIRECTION('',(0.,1.,0.));
#5096 = DIRECTION('',(-1.,0.,0.));
#5097 = ADVANCED_FACE('',(#5098),#5117,.F.);
#5098 = FACE_BOUND('',#5099,.F.);
#5099 = EDGE_LOOP('',(#5100,#5108,#5114,#5115,#5116));
#5100 = ORIENTED_EDGE('',*,*,#5101,.F.);
#5101 = EDGE_CURVE('',#5102,#4137,#5104,.T.);
#5102 = VERTEX_POINT('',#5103);
#5103 = CARTESIAN_POINT('',(11.766838492568,-5.,12.1));
#5104 = LINE('',#5105,#5106);
#5105 = CARTESIAN_POINT('',(11.766838492568,-5.,12.1));
#5106 = VECTOR('',#5107,1.);
#5107 = DIRECTION('',(-0.,-0.,-1.));
#5108 = ORIENTED_EDGE('',*,*,#5109,.F.);
#5109 = EDGE_CURVE('',#5078,#5102,#5110,.T.);
#5110 = LINE('',#5111,#5112);
#5111 = CARTESIAN_POINT('',(13.383419246284,-2.200000000026,12.1));
#5112 = VECTOR('',#5113,1.);
#5113 = DIRECTION('',(-0.5,-0.866025403784,0.));
#5114 = ORIENTED_EDGE('',*,*,#5077,.T.);
#5115 = ORIENTED_EDGE('',*,*,#4089,.F.);
#5116 = ORIENTED_EDGE('',*,*,#4146,.F.);
#5117 = PLANE('',#5118);
#5118 = AXIS2_PLACEMENT_3D('',#5119,#5120,#5121);
#5119 = CARTESIAN_POINT('',(13.383419246284,-2.200000000026,12.1));
#5120 = DIRECTION('',(-0.866025403784,0.5,0.));
#5121 = DIRECTION('',(-0.5,-0.866025403784,0.));
#5122 = ADVANCED_FACE('',(#5123),#5142,.F.);
#5123 = FACE_BOUND('',#5124,.F.);
#5124 = EDGE_LOOP('',(#5125,#5126,#5134,#5140,#5141));
#5125 = ORIENTED_EDGE('',*,*,#5061,.F.);
#5126 = ORIENTED_EDGE('',*,*,#5127,.F.);
#5127 = EDGE_CURVE('',#5128,#5054,#5130,.T.);
#5128 = VERTEX_POINT('',#5129);
#5129 = CARTESIAN_POINT('',(16.616580753716,-7.799999999974,12.1));
#5130 = LINE('',#5131,#5132);
#5131 = CARTESIAN_POINT('',(16.616580753716,-7.799999999974,12.1));
#5132 = VECTOR('',#5133,1.);
#5133 = DIRECTION('',(0.5,0.866025403784,0.));
#5134 = ORIENTED_EDGE('',*,*,#5135,.T.);
#5135 = EDGE_CURVE('',#5128,#4179,#5136,.T.);
#5136 = LINE('',#5137,#5138);
#5137 = CARTESIAN_POINT('',(16.616580753716,-7.799999999974,12.1));
#5138 = VECTOR('',#5139,1.);
#5139 = DIRECTION('',(-0.,-0.,-1.));
#5140 = ORIENTED_EDGE('',*,*,#4186,.F.);
#5141 = ORIENTED_EDGE('',*,*,#4122,.F.);
#5142 = PLANE('',#5143);
#5143 = AXIS2_PLACEMENT_3D('',#5144,#5145,#5146);
#5144 = CARTESIAN_POINT('',(16.616580753716,-7.799999999974,12.1));
#5145 = DIRECTION('',(0.866025403784,-0.5,0.));
#5146 = DIRECTION('',(0.5,0.866025403784,0.));
#5147 = ADVANCED_FACE('',(#5148),#5166,.F.);
#5148 = FACE_BOUND('',#5149,.F.);
#5149 = EDGE_LOOP('',(#5150,#5151,#5159,#5165));
#5150 = ORIENTED_EDGE('',*,*,#5135,.F.);
#5151 = ORIENTED_EDGE('',*,*,#5152,.F.);
#5152 = EDGE_CURVE('',#5153,#5128,#5155,.T.);
#5153 = VERTEX_POINT('',#5154);
#5154 = CARTESIAN_POINT('',(13.383419246284,-7.799999999974,12.1));
#5155 = LINE('',#5156,#5157);
#5156 = CARTESIAN_POINT('',(13.383419246284,-7.799999999974,12.1));
#5157 = VECTOR('',#5158,1.);
#5158 = DIRECTION('',(1.,0.,0.));
#5159 = ORIENTED_EDGE('',*,*,#5160,.T.);
#5160 = EDGE_CURVE('',#5153,#4171,#5161,.T.);
#5161 = LINE('',#5162,#5163);
#5162 = CARTESIAN_POINT('',(13.383419246284,-7.799999999974,12.1));
#5163 = VECTOR('',#5164,1.);
#5164 = DIRECTION('',(-0.,-0.,-1.));
#5165 = ORIENTED_EDGE('',*,*,#4178,.F.);
#5166 = PLANE('',#5167);
#5167 = AXIS2_PLACEMENT_3D('',#5168,#5169,#5170);
#5168 = CARTESIAN_POINT('',(13.383419246284,-7.799999999974,12.1));
#5169 = DIRECTION('',(0.,-1.,0.));
#5170 = DIRECTION('',(1.,0.,0.));
#5171 = ADVANCED_FACE('',(#5172),#5184,.F.);
#5172 = FACE_BOUND('',#5173,.F.);
#5173 = EDGE_LOOP('',(#5174,#5175,#5181,#5182,#5183));
#5174 = ORIENTED_EDGE('',*,*,#5160,.F.);
#5175 = ORIENTED_EDGE('',*,*,#5176,.F.);
#5176 = EDGE_CURVE('',#5102,#5153,#5177,.T.);
#5177 = LINE('',#5178,#5179);
#5178 = CARTESIAN_POINT('',(11.766838492568,-5.,12.1));
#5179 = VECTOR('',#5180,1.);
#5180 = DIRECTION('',(0.5,-0.866025403784,0.));
#5181 = ORIENTED_EDGE('',*,*,#5101,.T.);
#5182 = ORIENTED_EDGE('',*,*,#4203,.F.);
#5183 = ORIENTED_EDGE('',*,*,#4170,.T.);
#5184 = PLANE('',#5185);
#5185 = AXIS2_PLACEMENT_3D('',#5186,#5187,#5188);
#5186 = CARTESIAN_POINT('',(11.766838492568,-5.,12.1));
#5187 = DIRECTION('',(-0.866025403784,-0.5,0.));
#5188 = DIRECTION('',(0.5,-0.866025403784,0.));
#5189 = ADVANCED_FACE('',(#5190),#5216,.F.);
#5190 = FACE_BOUND('',#5191,.F.);
#5191 = EDGE_LOOP('',(#5192,#5200,#5208,#5214,#5215));
#5192 = ORIENTED_EDGE('',*,*,#5193,.F.);
#5193 = EDGE_CURVE('',#5194,#4291,#5196,.T.);
#5194 = VERTEX_POINT('',#5195);
#5195 = CARTESIAN_POINT('',(-13.38341924628,-32.20000000002,12.1));
#5196 = LINE('',#5197,#5198);
#5197 = CARTESIAN_POINT('',(-13.38341924628,-32.20000000002,12.1));
#5198 = VECTOR('',#5199,1.);
#5199 = DIRECTION('',(-0.,-0.,-1.));
#5200 = ORIENTED_EDGE('',*,*,#5201,.F.);
#5201 = EDGE_CURVE('',#5202,#5194,#5204,.T.);
#5202 = VERTEX_POINT('',#5203);
#5203 = CARTESIAN_POINT('',(-11.76683849256,-35.,12.1));
#5204 = LINE('',#5205,#5206);
#5205 = CARTESIAN_POINT('',(-11.76683849256,-35.,12.1));
#5206 = VECTOR('',#5207,1.);
#5207 = DIRECTION('',(-0.5,0.866025403784,0.));
#5208 = ORIENTED_EDGE('',*,*,#5209,.T.);
#5209 = EDGE_CURVE('',#5202,#4218,#5210,.T.);
#5210 = LINE('',#5211,#5212);
#5211 = CARTESIAN_POINT('',(-11.76683849256,-35.,12.1));
#5212 = VECTOR('',#5213,1.);
#5213 = DIRECTION('',(-0.,-0.,-1.));
#5214 = ORIENTED_EDGE('',*,*,#4234,.T.);
#5215 = ORIENTED_EDGE('',*,*,#4298,.T.);
#5216 = PLANE('',#5217);
#5217 = AXIS2_PLACEMENT_3D('',#5218,#5219,#5220);
#5218 = CARTESIAN_POINT('',(-11.76683849256,-35.,12.1));
#5219 = DIRECTION('',(0.866025403784,0.5,0.));
#5220 = DIRECTION('',(-0.5,0.866025403784,0.));
#5221 = ADVANCED_FACE('',(#5222),#5241,.F.);
#5222 = FACE_BOUND('',#5223,.F.);
#5223 = EDGE_LOOP('',(#5224,#5225,#5233,#5239,#5240));
#5224 = ORIENTED_EDGE('',*,*,#5209,.F.);
#5225 = ORIENTED_EDGE('',*,*,#5226,.F.);
#5226 = EDGE_CURVE('',#5227,#5202,#5229,.T.);
#5227 = VERTEX_POINT('',#5228);
#5228 = CARTESIAN_POINT('',(-13.38341924628,-37.79999999997,12.1));
#5229 = LINE('',#5230,#5231);
#5230 = CARTESIAN_POINT('',(-13.38341924628,-37.79999999997,12.1));
#5231 = VECTOR('',#5232,1.);
#5232 = DIRECTION('',(0.5,0.866025403784,0.));
#5233 = ORIENTED_EDGE('',*,*,#5234,.T.);
#5234 = EDGE_CURVE('',#5227,#4323,#5235,.T.);
#5235 = LINE('',#5236,#5237);
#5236 = CARTESIAN_POINT('',(-13.38341924628,-37.79999999997,12.1));
#5237 = VECTOR('',#5238,1.);
#5238 = DIRECTION('',(-0.,-0.,-1.));
#5239 = ORIENTED_EDGE('',*,*,#4322,.F.);
#5240 = ORIENTED_EDGE('',*,*,#4258,.T.);
#5241 = PLANE('',#5242);
#5242 = AXIS2_PLACEMENT_3D('',#5243,#5244,#5245);
#5243 = CARTESIAN_POINT('',(-13.38341924628,-37.79999999997,12.1));
#5244 = DIRECTION('',(0.866025403784,-0.5,0.));
#5245 = DIRECTION('',(0.5,0.866025403784,0.));
#5246 = ADVANCED_FACE('',(#5247),#5265,.F.);
#5247 = FACE_BOUND('',#5248,.F.);
#5248 = EDGE_LOOP('',(#5249,#5257,#5263,#5264));
#5249 = ORIENTED_EDGE('',*,*,#5250,.F.);
#5250 = EDGE_CURVE('',#5251,#4283,#5253,.T.);
#5251 = VERTEX_POINT('',#5252);
#5252 = CARTESIAN_POINT('',(-16.61658075371,-32.20000000002,12.1));
#5253 = LINE('',#5254,#5255);
#5254 = CARTESIAN_POINT('',(-16.61658075371,-32.20000000002,12.1));
#5255 = VECTOR('',#5256,1.);
#5256 = DIRECTION('',(-0.,-0.,-1.));
#5257 = ORIENTED_EDGE('',*,*,#5258,.F.);
#5258 = EDGE_CURVE('',#5194,#5251,#5259,.T.);
#5259 = LINE('',#5260,#5261);
#5260 = CARTESIAN_POINT('',(-13.38341924628,-32.20000000002,12.1));
#5261 = VECTOR('',#5262,1.);
#5262 = DIRECTION('',(-1.,0.,0.));
#5263 = ORIENTED_EDGE('',*,*,#5193,.T.);
#5264 = ORIENTED_EDGE('',*,*,#4290,.T.);
#5265 = PLANE('',#5266);
#5266 = AXIS2_PLACEMENT_3D('',#5267,#5268,#5269);
#5267 = CARTESIAN_POINT('',(-13.38341924628,-32.20000000002,12.1));
#5268 = DIRECTION('',(0.,1.,0.));
#5269 = DIRECTION('',(-1.,0.,0.));
#5270 = ADVANCED_FACE('',(#5271),#5290,.F.);
#5271 = FACE_BOUND('',#5272,.F.);
#5272 = EDGE_LOOP('',(#5273,#5281,#5287,#5288,#5289));
#5273 = ORIENTED_EDGE('',*,*,#5274,.F.);
#5274 = EDGE_CURVE('',#5275,#4355,#5277,.T.);
#5275 = VERTEX_POINT('',#5276);
#5276 = CARTESIAN_POINT('',(-18.23316150743,-35.,12.1));
#5277 = LINE('',#5278,#5279);
#5278 = CARTESIAN_POINT('',(-18.23316150743,-35.,12.1));
#5279 = VECTOR('',#5280,1.);
#5280 = DIRECTION('',(-0.,-0.,-1.));
#5281 = ORIENTED_EDGE('',*,*,#5282,.F.);
#5282 = EDGE_CURVE('',#5251,#5275,#5283,.T.);
#5283 = LINE('',#5284,#5285);
#5284 = CARTESIAN_POINT('',(-16.61658075371,-32.20000000002,12.1));
#5285 = VECTOR('',#5286,1.);
#5286 = DIRECTION('',(-0.5,-0.866025403784,0.));
#5287 = ORIENTED_EDGE('',*,*,#5250,.T.);
#5288 = ORIENTED_EDGE('',*,*,#4282,.F.);
#5289 = ORIENTED_EDGE('',*,*,#4362,.T.);
#5290 = PLANE('',#5291);
#5291 = AXIS2_PLACEMENT_3D('',#5292,#5293,#5294);
#5292 = CARTESIAN_POINT('',(-16.61658075371,-32.20000000002,12.1));
#5293 = DIRECTION('',(-0.866025403784,0.5,0.));
#5294 = DIRECTION('',(-0.5,-0.866025403784,0.));
#5295 = ADVANCED_FACE('',(#5296),#5315,.F.);
#5296 = FACE_BOUND('',#5297,.F.);
#5297 = EDGE_LOOP('',(#5298,#5306,#5312,#5313,#5314));
#5298 = ORIENTED_EDGE('',*,*,#5299,.F.);
#5299 = EDGE_CURVE('',#5300,#4331,#5302,.T.);
#5300 = VERTEX_POINT('',#5301);
#5301 = CARTESIAN_POINT('',(-16.61658075371,-37.79999999997,12.1));
#5302 = LINE('',#5303,#5304);
#5303 = CARTESIAN_POINT('',(-16.61658075371,-37.79999999997,12.1));
#5304 = VECTOR('',#5305,1.);
#5305 = DIRECTION('',(-0.,-0.,-1.));
#5306 = ORIENTED_EDGE('',*,*,#5307,.F.);
#5307 = EDGE_CURVE('',#5275,#5300,#5308,.T.);
#5308 = LINE('',#5309,#5310);
#5309 = CARTESIAN_POINT('',(-18.23316150743,-35.,12.1));
#5310 = VECTOR('',#5311,1.);
#5311 = DIRECTION('',(0.5,-0.866025403784,0.));
#5312 = ORIENTED_EDGE('',*,*,#5274,.T.);
#5313 = ORIENTED_EDGE('',*,*,#4379,.T.);
#5314 = ORIENTED_EDGE('',*,*,#4338,.T.);
#5315 = PLANE('',#5316);
#5316 = AXIS2_PLACEMENT_3D('',#5317,#5318,#5319);
#5317 = CARTESIAN_POINT('',(-18.23316150743,-35.,12.1));
#5318 = DIRECTION('',(-0.866025403784,-0.5,0.));
#5319 = DIRECTION('',(0.5,-0.866025403784,0.));
#5320 = ADVANCED_FACE('',(#5321),#5332,.F.);
#5321 = FACE_BOUND('',#5322,.F.);
#5322 = EDGE_LOOP('',(#5323,#5324,#5330,#5331));
#5323 = ORIENTED_EDGE('',*,*,#5234,.F.);
#5324 = ORIENTED_EDGE('',*,*,#5325,.F.);
#5325 = EDGE_CURVE('',#5300,#5227,#5326,.T.);
#5326 = LINE('',#5327,#5328);
#5327 = CARTESIAN_POINT('',(-16.61658075371,-37.79999999997,12.1));
#5328 = VECTOR('',#5329,1.);
#5329 = DIRECTION('',(1.,0.,0.));
#5330 = ORIENTED_EDGE('',*,*,#5299,.T.);
#5331 = ORIENTED_EDGE('',*,*,#4330,.T.);
#5332 = PLANE('',#5333);
#5333 = AXIS2_PLACEMENT_3D('',#5334,#5335,#5336);
#5334 = CARTESIAN_POINT('',(-16.61658075371,-37.79999999997,12.1));
#5335 = DIRECTION('',(0.,-1.,0.));
#5336 = DIRECTION('',(1.,0.,0.));
#5337 = ADVANCED_FACE('',(#5338),#5364,.F.);
#5338 = FACE_BOUND('',#5339,.F.);
#5339 = EDGE_LOOP('',(#5340,#5348,#5356,#5362,#5363));
#5340 = ORIENTED_EDGE('',*,*,#5341,.F.);
#5341 = EDGE_CURVE('',#5342,#4467,#5344,.T.);
#5342 = VERTEX_POINT('',#5343);
#5343 = CARTESIAN_POINT('',(-13.38341924628,-2.200000000014,12.1));
#5344 = LINE('',#5345,#5346);
#5345 = CARTESIAN_POINT('',(-13.38341924628,-2.200000000014,12.1));
#5346 = VECTOR('',#5347,1.);
#5347 = DIRECTION('',(-0.,-0.,-1.));
#5348 = ORIENTED_EDGE('',*,*,#5349,.F.);
#5349 = EDGE_CURVE('',#5350,#5342,#5352,.T.);
#5350 = VERTEX_POINT('',#5351);
#5351 = CARTESIAN_POINT('',(-11.76683849255,-4.999999999985,12.1));
#5352 = LINE('',#5353,#5354);
#5353 = CARTESIAN_POINT('',(-11.76683849255,-4.999999999985,12.1));
#5354 = VECTOR('',#5355,1.);
#5355 = DIRECTION('',(-0.500000000003,0.866025403783,0.));
#5356 = ORIENTED_EDGE('',*,*,#5357,.T.);
#5357 = EDGE_CURVE('',#5350,#4394,#5358,.T.);
#5358 = LINE('',#5359,#5360);
#5359 = CARTESIAN_POINT('',(-11.76683849255,-4.999999999985,12.1));
#5360 = VECTOR('',#5361,1.);
#5361 = DIRECTION('',(-0.,-0.,-1.));
#5362 = ORIENTED_EDGE('',*,*,#4410,.T.);
#5363 = ORIENTED_EDGE('',*,*,#4474,.T.);
#5364 = PLANE('',#5365);
#5365 = AXIS2_PLACEMENT_3D('',#5366,#5367,#5368);
#5366 = CARTESIAN_POINT('',(-11.76683849255,-4.999999999985,12.1));
#5367 = DIRECTION('',(0.866025403783,0.500000000003,0.));
#5368 = DIRECTION('',(-0.500000000003,0.866025403783,0.));
#5369 = ADVANCED_FACE('',(#5370),#5389,.F.);
#5370 = FACE_BOUND('',#5371,.F.);
#5371 = EDGE_LOOP('',(#5372,#5373,#5381,#5387,#5388));
#5372 = ORIENTED_EDGE('',*,*,#5357,.F.);
#5373 = ORIENTED_EDGE('',*,*,#5374,.F.);
#5374 = EDGE_CURVE('',#5375,#5350,#5377,.T.);
#5375 = VERTEX_POINT('',#5376);
#5376 = CARTESIAN_POINT('',(-13.38341924625,-7.799999999969,12.1));
#5377 = LINE('',#5378,#5379);
#5378 = CARTESIAN_POINT('',(-13.38341924625,-7.799999999969,12.1));
#5379 = VECTOR('',#5380,1.);
#5380 = DIRECTION('',(0.499999999995,0.866025403788,0.));
#5381 = ORIENTED_EDGE('',*,*,#5382,.T.);
#5382 = EDGE_CURVE('',#5375,#4499,#5383,.T.);
#5383 = LINE('',#5384,#5385);
#5384 = CARTESIAN_POINT('',(-13.38341924625,-7.799999999969,12.1));
#5385 = VECTOR('',#5386,1.);
#5386 = DIRECTION('',(-0.,-0.,-1.));
#5387 = ORIENTED_EDGE('',*,*,#4498,.F.);
#5388 = ORIENTED_EDGE('',*,*,#4434,.T.);
#5389 = PLANE('',#5390);
#5390 = AXIS2_PLACEMENT_3D('',#5391,#5392,#5393);
#5391 = CARTESIAN_POINT('',(-13.38341924625,-7.799999999969,12.1));
#5392 = DIRECTION('',(0.866025403788,-0.499999999995,0.));
#5393 = DIRECTION('',(0.499999999995,0.866025403788,0.));
#5394 = ADVANCED_FACE('',(#5395),#5413,.F.);
#5395 = FACE_BOUND('',#5396,.F.);
#5396 = EDGE_LOOP('',(#5397,#5405,#5411,#5412));
#5397 = ORIENTED_EDGE('',*,*,#5398,.F.);
#5398 = EDGE_CURVE('',#5399,#4459,#5401,.T.);
#5399 = VERTEX_POINT('',#5400);
#5400 = CARTESIAN_POINT('',(-16.61658075371,-2.200000000014,12.1));
#5401 = LINE('',#5402,#5403);
#5402 = CARTESIAN_POINT('',(-16.61658075371,-2.200000000014,12.1));
#5403 = VECTOR('',#5404,1.);
#5404 = DIRECTION('',(-0.,-0.,-1.));
#5405 = ORIENTED_EDGE('',*,*,#5406,.F.);
#5406 = EDGE_CURVE('',#5342,#5399,#5407,.T.);
#5407 = LINE('',#5408,#5409);
#5408 = CARTESIAN_POINT('',(-13.38341924628,-2.200000000014,12.1));
#5409 = VECTOR('',#5410,1.);
#5410 = DIRECTION('',(-1.,0.,0.));
#5411 = ORIENTED_EDGE('',*,*,#5341,.T.);
#5412 = ORIENTED_EDGE('',*,*,#4466,.T.);
#5413 = PLANE('',#5414);
#5414 = AXIS2_PLACEMENT_3D('',#5415,#5416,#5417);
#5415 = CARTESIAN_POINT('',(-13.38341924628,-2.200000000014,12.1));
#5416 = DIRECTION('',(0.,1.,0.));
#5417 = DIRECTION('',(-1.,0.,0.));
#5418 = ADVANCED_FACE('',(#5419),#5438,.F.);
#5419 = FACE_BOUND('',#5420,.F.);
#5420 = EDGE_LOOP('',(#5421,#5429,#5435,#5436,#5437));
#5421 = ORIENTED_EDGE('',*,*,#5422,.F.);
#5422 = EDGE_CURVE('',#5423,#4531,#5425,.T.);
#5423 = VERTEX_POINT('',#5424);
#5424 = CARTESIAN_POINT('',(-18.23316150744,-4.999999999988,12.1));
#5425 = LINE('',#5426,#5427);
#5426 = CARTESIAN_POINT('',(-18.23316150744,-4.999999999988,12.1));
#5427 = VECTOR('',#5428,1.);
#5428 = DIRECTION('',(-0.,-0.,-1.));
#5429 = ORIENTED_EDGE('',*,*,#5430,.F.);
#5430 = EDGE_CURVE('',#5399,#5423,#5431,.T.);
#5431 = LINE('',#5432,#5433);
#5432 = CARTESIAN_POINT('',(-16.61658075371,-2.200000000014,12.1));
#5433 = VECTOR('',#5434,1.);
#5434 = DIRECTION('',(-0.500000000003,-0.866025403783,0.));
#5435 = ORIENTED_EDGE('',*,*,#5398,.T.);
#5436 = ORIENTED_EDGE('',*,*,#4458,.F.);
#5437 = ORIENTED_EDGE('',*,*,#4538,.T.);
#5438 = PLANE('',#5439);
#5439 = AXIS2_PLACEMENT_3D('',#5440,#5441,#5442);
#5440 = CARTESIAN_POINT('',(-16.61658075371,-2.200000000014,12.1));
#5441 = DIRECTION('',(-0.866025403783,0.500000000003,0.));
#5442 = DIRECTION('',(-0.500000000003,-0.866025403783,0.));
#5443 = ADVANCED_FACE('',(#5444),#5463,.F.);
#5444 = FACE_BOUND('',#5445,.F.);
#5445 = EDGE_LOOP('',(#5446,#5454,#5460,#5461,#5462));
#5446 = ORIENTED_EDGE('',*,*,#5447,.F.);
#5447 = EDGE_CURVE('',#5448,#4507,#5450,.T.);
#5448 = VERTEX_POINT('',#5449);
#5449 = CARTESIAN_POINT('',(-16.61658075372,-7.799999999984,12.1));
#5450 = LINE('',#5451,#5452);
#5451 = CARTESIAN_POINT('',(-16.61658075372,-7.799999999984,12.1));
#5452 = VECTOR('',#5453,1.);
#5453 = DIRECTION('',(-0.,-0.,-1.));
#5454 = ORIENTED_EDGE('',*,*,#5455,.F.);
#5455 = EDGE_CURVE('',#5423,#5448,#5456,.T.);
#5456 = LINE('',#5457,#5458);
#5457 = CARTESIAN_POINT('',(-18.23316150744,-4.999999999988,12.1));
#5458 = VECTOR('',#5459,1.);
#5459 = DIRECTION('',(0.499999999998,-0.866025403785,0.));
#5460 = ORIENTED_EDGE('',*,*,#5422,.T.);
#5461 = ORIENTED_EDGE('',*,*,#4555,.T.);
#5462 = ORIENTED_EDGE('',*,*,#4514,.T.);
#5463 = PLANE('',#5464);
#5464 = AXIS2_PLACEMENT_3D('',#5465,#5466,#5467);
#5465 = CARTESIAN_POINT('',(-18.23316150744,-4.999999999988,12.1));
#5466 = DIRECTION('',(-0.866025403785,-0.499999999998,0.));
#5467 = DIRECTION('',(0.499999999998,-0.866025403785,0.));
#5468 = ADVANCED_FACE('',(#5469),#5480,.F.);
#5469 = FACE_BOUND('',#5470,.F.);
#5470 = EDGE_LOOP('',(#5471,#5472,#5478,#5479));
#5471 = ORIENTED_EDGE('',*,*,#5382,.F.);
#5472 = ORIENTED_EDGE('',*,*,#5473,.F.);
#5473 = EDGE_CURVE('',#5448,#5375,#5474,.T.);
#5474 = LINE('',#5475,#5476);
#5475 = CARTESIAN_POINT('',(-16.61658075372,-7.799999999984,12.1));
#5476 = VECTOR('',#5477,1.);
#5477 = DIRECTION('',(1.,4.710434454769E-12,0.));
#5478 = ORIENTED_EDGE('',*,*,#5447,.T.);
#5479 = ORIENTED_EDGE('',*,*,#4506,.T.);
#5480 = PLANE('',#5481);
#5481 = AXIS2_PLACEMENT_3D('',#5482,#5483,#5484);
#5482 = CARTESIAN_POINT('',(-16.61658075372,-7.799999999984,12.1));
#5483 = DIRECTION('',(4.710434454769E-12,-1.,0.));
#5484 = DIRECTION('',(1.,4.710434454769E-12,0.));
#5485 = ADVANCED_FACE('',(#5486,#5494),#5497,.F.);
#5486 = FACE_BOUND('',#5487,.F.);
#5487 = EDGE_LOOP('',(#5488,#5489,#5490,#5491,#5492,#5493));
#5488 = ORIENTED_EDGE('',*,*,#5201,.T.);
#5489 = ORIENTED_EDGE('',*,*,#5258,.T.);
#5490 = ORIENTED_EDGE('',*,*,#5282,.T.);
#5491 = ORIENTED_EDGE('',*,*,#5307,.T.);
#5492 = ORIENTED_EDGE('',*,*,#5325,.T.);
#5493 = ORIENTED_EDGE('',*,*,#5226,.T.);
#5494 = FACE_BOUND('',#5495,.F.);
#5495 = EDGE_LOOP('',(#5496));
#5496 = ORIENTED_EDGE('',*,*,#4603,.F.);
#5497 = PLANE('',#5498);
#5498 = AXIS2_PLACEMENT_3D('',#5499,#5500,#5501);
#5499 = CARTESIAN_POINT('',(-1.180158828504E-11,-19.99999999998,12.1));
#5500 = DIRECTION('',(0.,0.,1.));
#5501 = DIRECTION('',(1.,0.,0.));
#5502 = ADVANCED_FACE('',(#5503,#5511),#5514,.F.);
#5503 = FACE_BOUND('',#5504,.F.);
#5504 = EDGE_LOOP('',(#5505,#5506,#5507,#5508,#5509,#5510));
#5505 = ORIENTED_EDGE('',*,*,#4905,.T.);
#5506 = ORIENTED_EDGE('',*,*,#4937,.T.);
#5507 = ORIENTED_EDGE('',*,*,#4961,.T.);
#5508 = ORIENTED_EDGE('',*,*,#5028,.T.);
#5509 = ORIENTED_EDGE('',*,*,#5004,.T.);
#5510 = ORIENTED_EDGE('',*,*,#4979,.T.);
#5511 = FACE_BOUND('',#5512,.F.);
#5512 = EDGE_LOOP('',(#5513));
#5513 = ORIENTED_EDGE('',*,*,#4628,.F.);
#5514 = PLANE('',#5515);
#5515 = AXIS2_PLACEMENT_3D('',#5516,#5517,#5518);
#5516 = CARTESIAN_POINT('',(-1.180158828504E-11,-19.99999999998,12.1));
#5517 = DIRECTION('',(0.,0.,1.));
#5518 = DIRECTION('',(1.,0.,0.));
#5519 = ADVANCED_FACE('',(#5520,#5528),#5531,.F.);
#5520 = FACE_BOUND('',#5521,.F.);
#5521 = EDGE_LOOP('',(#5522,#5523,#5524,#5525,#5526,#5527));
#5522 = ORIENTED_EDGE('',*,*,#5349,.T.);
#5523 = ORIENTED_EDGE('',*,*,#5406,.T.);
#5524 = ORIENTED_EDGE('',*,*,#5430,.T.);
#5525 = ORIENTED_EDGE('',*,*,#5455,.T.);
#5526 = ORIENTED_EDGE('',*,*,#5473,.T.);
#5527 = ORIENTED_EDGE('',*,*,#5374,.T.);
#5528 = FACE_BOUND('',#5529,.F.);
#5529 = EDGE_LOOP('',(#5530));
#5530 = ORIENTED_EDGE('',*,*,#4653,.F.);
#5531 = PLANE('',#5532);
#5532 = AXIS2_PLACEMENT_3D('',#5533,#5534,#5535);
#5533 = CARTESIAN_POINT('',(-1.180158828504E-11,-19.99999999998,12.1));
#5534 = DIRECTION('',(0.,0.,1.));
#5535 = DIRECTION('',(1.,0.,0.));
#5536 = ADVANCED_FACE('',(#5537,#5545),#5548,.F.);
#5537 = FACE_BOUND('',#5538,.F.);
#5538 = EDGE_LOOP('',(#5539,#5540,#5541,#5542,#5543,#5544));
#5539 = ORIENTED_EDGE('',*,*,#5053,.T.);
#5540 = ORIENTED_EDGE('',*,*,#5085,.T.);
#5541 = ORIENTED_EDGE('',*,*,#5109,.T.);
#5542 = ORIENTED_EDGE('',*,*,#5176,.T.);
#5543 = ORIENTED_EDGE('',*,*,#5152,.T.);
#5544 = ORIENTED_EDGE('',*,*,#5127,.T.);
#5545 = FACE_BOUND('',#5546,.F.);
#5546 = EDGE_LOOP('',(#5547));
#5547 = ORIENTED_EDGE('',*,*,#4678,.F.);
#5548 = PLANE('',#5549);
#5549 = AXIS2_PLACEMENT_3D('',#5550,#5551,#5552);
#5550 = CARTESIAN_POINT('',(-1.180158828504E-11,-19.99999999998,12.1));
#5551 = DIRECTION('',(0.,0.,1.));
#5552 = DIRECTION('',(1.,0.,0.));
#5553 = ( GEOMETRIC_REPRESENTATION_CONTEXT(3) 
GLOBAL_UNCERTAINTY_ASSIGNED_CONTEXT((#5557)) 
GLOBAL_UNIT_ASSIGNED_CONTEXT((#5554,#5555,#5556)) REPRESENTATION_CONTEXT
('Context #1','3D Context with UNIT and UNCERTAINTY') );
#5554 = ( LENGTH_UNIT() NAMED_UNIT(*) SI_UNIT(.MILLI.,.METRE.) );
#5555 = ( NAMED_UNIT(*) PLANE_ANGLE_UNIT() SI_UNIT($,.RADIAN.) );
#5556 = ( NAMED_UNIT(*) SI_UNIT($,.STERADIAN.) SOLID_ANGLE_UNIT() );
#5557 = UNCERTAINTY_MEASURE_WITH_UNIT(LENGTH_MEASURE(1.E-07),#5554,
  'distance_accuracy_value','confusion accuracy');
#5558 = PRODUCT_RELATED_PRODUCT_CATEGORY('part',$,(#7));
#5559 = MECHANICAL_DESIGN_GEOMETRIC_PRESENTATION_REPRESENTATION('',(
    #5560),#5553);
#5560 = STYLED_ITEM('color',(#5561),#15);
#5561 = PRESENTATION_STYLE_ASSIGNMENT((#5562,#5568));
#5562 = SURFACE_STYLE_USAGE(.BOTH.,#5563);
#5563 = SURFACE_SIDE_STYLE('',(#5564));
#5564 = SURFACE_STYLE_FILL_AREA(#5565);
#5565 = FILL_AREA_STYLE('',(#5566));
#5566 = FILL_AREA_STYLE_COLOUR('',#5567);
#5567 = COLOUR_RGB('',0.678431390124,0.709803936702,0.741176476869);
#5568 = CURVE_STYLE('',#5569,POSITIVE_LENGTH_MEASURE(0.1),#5570);
#5569 = DRAUGHTING_PRE_DEFINED_CURVE_FONT('continuous');
#5570 = COLOUR_RGB('',9.803921802644E-02,9.803921802644E-02,
  9.803921802644E-02);
ENDSEC;
END-ISO-10303-21;
