ISO-10303-21;
HEADER;
FILE_DESCRIPTION(('FreeCAD Model'),'2;1');
FILE_NAME('Open CASCADE Shape Model','2026-04-23T11:36:56',(''),(''),
  'Open CASCADE STEP processor 7.8','FreeCAD','Unknown');
FILE_SCHEMA(('AUTOMOTIVE_DESIGN { 1 0 10303 214 1 1 1 1 }'));
ENDSEC;
DATA;
#1 = APPLICATION_PROTOCOL_DEFINITION('international standard',
  'automotive_design',2000,#2);
#2 = APPLICATION_CONTEXT(
  'core data for automotive mechanical design processes');
#3 = SHAPE_DEFINITION_REPRESENTATION(#4,#10);
#4 = PRODUCT_DEFINITION_SHAPE('','',#5);
#5 = PRODUCT_DEFINITION('design','',#6,#9);
#6 = PRODUCT_DEFINITION_FORMATION('','',#7);
#7 = PRODUCT('frame_holder_large','frame_holder_large','',(#8));
#8 = PRODUCT_CONTEXT('',#2,'mechanical');
#9 = PRODUCT_DEFINITION_CONTEXT('part definition',#2,'design');
#10 = ADVANCED_BREP_SHAPE_REPRESENTATION('',(#11,#15),#8498);
#11 = AXIS2_PLACEMENT_3D('',#12,#13,#14);
#12 = CARTESIAN_POINT('',(0.,0.,0.));
#13 = DIRECTION('',(0.,0.,1.));
#14 = DIRECTION('',(1.,0.,-0.));
#15 = MANIFOLD_SOLID_BREP('',#16);
#16 = CLOSED_SHELL('',(#17,#91,#122,#155,#186,#217,#248,#281,#312,#343,
    #367,#391,#422,#446,#747,#807,#824,#889,#913,#944,#968,#992,#1293,
    #1353,#1370,#1401,#1417,#1441,#1511,#1529,#1562,#1586,#1610,#1641,
    #1667,#1699,#1723,#1749,#1780,#1804,#1836,#1867,#1893,#1917,#1941,
    #1958,#1990,#2014,#2038,#2063,#2088,#2112,#2136,#2154,#2185,#2210,
    #2235,#2259,#2283,#2308,#2333,#2350,#2375,#2392,#2423,#2448,#2472,
    #2490,#2502,#2533,#2551,#2582,#2613,#2644,#2668,#2685,#2701,#2734,
    #2758,#2782,#2813,#2839,#2871,#2895,#2921,#2952,#2976,#3008,#3025,
    #3051,#3075,#3106,#3123,#3154,#3179,#3204,#3228,#3252,#3277,#3302,
    #3319,#3351,#3375,#3399,#3424,#3449,#3473,#3497,#3515,#3540,#3557,
    #3588,#3613,#3637,#3655,#3667,#3694,#3716,#3833,#3849,#3998,#4020,
    #4036,#4053,#4097,#4214,#4230,#4247,#4269,#4285,#4374,#4390,#4434,
    #4520,#4536,#4553,#4577,#4588,#4678,#4869,#4886,#4953,#4970,#4987,
    #5004,#5016,#5038,#5123,#5140,#5331,#5348,#5415,#5432,#5444,#5461,
    #5485,#5507,#5567,#5584,#5606,#5630,#5690,#5707,#5724,#5740,#5756,
    #5772,#5788,#5799,#5815,#5826,#5838,#5869,#5893,#5917,#5941,#5965,
    #5982,#6013,#6037,#6061,#6085,#6109,#6126,#6151,#6176,#6201,#6226,
    #6251,#6276,#6301,#6326,#6351,#6376,#6401,#6426,#6438,#6463,#6488,
    #6500,#6531,#6555,#6579,#6603,#6627,#6644,#6675,#6699,#6723,#6747,
    #6771,#6788,#6800,#6812,#6834,#6851,#6868,#6880,#6902,#6919,#6936,
    #6948,#6973,#6998,#7015,#7032,#7049,#7061,#7078,#7090,#7122,#7154,
    #7178,#7202,#7227,#7252,#7284,#7308,#7332,#7356,#7380,#7404,#7429,
    #7446,#7478,#7502,#7526,#7550,#7574,#7598,#7623,#7640,#7657,#7674,
    #7706,#7738,#7762,#7786,#7811,#7836,#7860,#7892,#7916,#7940,#7957,
    #7981,#8005,#8030,#8054,#8086,#8110,#8134,#8151,#8175,#8199,#8224,
    #8241,#8258,#8275,#8292,#8309,#8326,#8343,#8360,#8377,#8394,#8411,
    #8428,#8437,#8446,#8455,#8464,#8481));
#17 = ADVANCED_FACE('',(#18),#86,.T.);
#18 = FACE_BOUND('',#19,.F.);
#19 = EDGE_LOOP('',(#20,#30,#38,#46,#54,#62,#71,#79));
#20 = ORIENTED_EDGE('',*,*,#21,.T.);
#21 = EDGE_CURVE('',#22,#24,#26,.T.);
#22 = VERTEX_POINT('',#23);
#23 = CARTESIAN_POINT('',(7.25,-0.3,-8.405206719647));
#24 = VERTEX_POINT('',#25);
#25 = CARTESIAN_POINT('',(7.25,-4.,-8.405206719647));
#26 = LINE('',#27,#28);
#27 = CARTESIAN_POINT('',(7.25,-1.866330805377E-15,-8.405206719647));
#28 = VECTOR('',#29,1.);
#29 = DIRECTION('',(0.,-1.,2.22044604925E-16));
#30 = ORIENTED_EDGE('',*,*,#31,.T.);
#31 = EDGE_CURVE('',#24,#32,#34,.T.);
#32 = VERTEX_POINT('',#33);
#33 = CARTESIAN_POINT('',(7.25,-16.,-8.405206719647));
#34 = LINE('',#35,#36);
#35 = CARTESIAN_POINT('',(7.25,-1.866330805377E-15,-8.405206719647));
#36 = VECTOR('',#37,1.);
#37 = DIRECTION('',(0.,-1.,2.22044604925E-16));
#38 = ORIENTED_EDGE('',*,*,#39,.T.);
#39 = EDGE_CURVE('',#32,#40,#42,.T.);
#40 = VERTEX_POINT('',#41);
#41 = CARTESIAN_POINT('',(7.25,-24.,-8.405206719647));
#42 = LINE('',#43,#44);
#43 = CARTESIAN_POINT('',(7.25,-1.866330805377E-15,-8.405206719647));
#44 = VECTOR('',#45,1.);
#45 = DIRECTION('',(0.,-1.,2.22044604925E-16));
#46 = ORIENTED_EDGE('',*,*,#47,.T.);
#47 = EDGE_CURVE('',#40,#48,#50,.T.);
#48 = VERTEX_POINT('',#49);
#49 = CARTESIAN_POINT('',(7.25,-36.,-8.405206719647));
#50 = LINE('',#51,#52);
#51 = CARTESIAN_POINT('',(7.25,-1.866330805377E-15,-8.405206719647));
#52 = VECTOR('',#53,1.);
#53 = DIRECTION('',(0.,-1.,2.22044604925E-16));
#54 = ORIENTED_EDGE('',*,*,#55,.T.);
#55 = EDGE_CURVE('',#48,#56,#58,.T.);
#56 = VERTEX_POINT('',#57);
#57 = CARTESIAN_POINT('',(7.25,-39.7,-8.405206719647));
#58 = LINE('',#59,#60);
#59 = CARTESIAN_POINT('',(7.25,-1.866330805377E-15,-8.405206719647));
#60 = VECTOR('',#61,1.);
#61 = DIRECTION('',(0.,-1.,2.22044604925E-16));
#62 = ORIENTED_EDGE('',*,*,#63,.T.);
#63 = EDGE_CURVE('',#56,#64,#66,.T.);
#64 = VERTEX_POINT('',#65);
#65 = CARTESIAN_POINT('',(11.1,-39.7,9.281102340744E-15));
#66 = CIRCLE('',#67,11.1);
#67 = AXIS2_PLACEMENT_3D('',#68,#69,#70);
#68 = CARTESIAN_POINT('',(-9.004741497577E-18,-39.7,1.414057736347E-14)
  );
#69 = DIRECTION('',(7.301967388019E-34,-1.,2.342578391104E-16));
#70 = DIRECTION('',(0.653153153153,-1.773860867946E-16,-0.757225830599)
  );
#71 = ORIENTED_EDGE('',*,*,#72,.F.);
#72 = EDGE_CURVE('',#73,#64,#75,.T.);
#73 = VERTEX_POINT('',#74);
#74 = CARTESIAN_POINT('',(11.1,-0.3,0.));
#75 = LINE('',#76,#77);
#76 = CARTESIAN_POINT('',(11.1,-8.934837773015E-31,-4.023893206517E-15)
  );
#77 = VECTOR('',#78,1.);
#78 = DIRECTION('',(0.,-1.,2.22044604925E-16));
#79 = ORIENTED_EDGE('',*,*,#80,.T.);
#80 = EDGE_CURVE('',#73,#22,#81,.T.);
#81 = CIRCLE('',#82,11.1);
#82 = AXIS2_PLACEMENT_3D('',#83,#84,#85);
#83 = CARTESIAN_POINT('',(-9.004741497577E-18,-0.3,7.30000198272E-17));
#84 = DIRECTION('',(0.,1.,-2.43333399424E-16));
#85 = DIRECTION('',(1.,-1.180112435192E-31,-4.8497758137E-16));
#86 = CYLINDRICAL_SURFACE('',#87,11.1);
#87 = AXIS2_PLACEMENT_3D('',#88,#89,#90);
#88 = CARTESIAN_POINT('',(-9.004741497577E-18,-5.916456789158E-31,
    -2.6645352591E-15));
#89 = DIRECTION('',(0.,1.,-2.22044604925E-16));
#90 = DIRECTION('',(1.,0.,0.));
#91 = ADVANCED_FACE('',(#92),#117,.F.);
#92 = FACE_BOUND('',#93,.F.);
#93 = EDGE_LOOP('',(#94,#95,#103,#111));
#94 = ORIENTED_EDGE('',*,*,#21,.F.);
#95 = ORIENTED_EDGE('',*,*,#96,.F.);
#96 = EDGE_CURVE('',#97,#22,#99,.T.);
#97 = VERTEX_POINT('',#98);
#98 = CARTESIAN_POINT('',(7.25,-0.3,-20.10520671964));
#99 = LINE('',#100,#101);
#100 = CARTESIAN_POINT('',(7.25,-0.3,-20.40520671964));
#101 = VECTOR('',#102,1.);
#102 = DIRECTION('',(0.,2.22044604925E-16,1.));
#103 = ORIENTED_EDGE('',*,*,#104,.T.);
#104 = EDGE_CURVE('',#97,#105,#107,.T.);
#105 = VERTEX_POINT('',#106);
#106 = CARTESIAN_POINT('',(7.25,-4.,-20.10520671964));
#107 = LINE('',#108,#109);
#108 = CARTESIAN_POINT('',(7.25,-4.464252683E-15,-20.10520671964));
#109 = VECTOR('',#110,1.);
#110 = DIRECTION('',(0.,-1.,2.22044604925E-16));
#111 = ORIENTED_EDGE('',*,*,#112,.T.);
#112 = EDGE_CURVE('',#105,#24,#113,.T.);
#113 = LINE('',#114,#115);
#114 = CARTESIAN_POINT('',(7.25,-4.,-20.40520671964));
#115 = VECTOR('',#116,1.);
#116 = DIRECTION('',(0.,0.,1.));
#117 = PLANE('',#118);
#118 = AXIS2_PLACEMENT_3D('',#119,#120,#121);
#119 = CARTESIAN_POINT('',(7.25,-4.530866064478E-15,-20.40520671964));
#120 = DIRECTION('',(-1.,0.,0.));
#121 = DIRECTION('',(0.,2.22044604925E-16,1.));
#122 = ADVANCED_FACE('',(#123),#150,.T.);
#123 = FACE_BOUND('',#124,.T.);
#124 = EDGE_LOOP('',(#125,#133,#134,#143));
#125 = ORIENTED_EDGE('',*,*,#126,.F.);
#126 = EDGE_CURVE('',#73,#127,#129,.T.);
#127 = VERTEX_POINT('',#128);
#128 = CARTESIAN_POINT('',(10.8,-8.520961713998E-15,0.));
#129 = LINE('',#130,#131);
#130 = CARTESIAN_POINT('',(10.95,-0.15,0.));
#131 = VECTOR('',#132,1.);
#132 = DIRECTION('',(-0.707106781187,0.707106781187,-2.436048514919E-16)
  );
#133 = ORIENTED_EDGE('',*,*,#80,.T.);
#134 = ORIENTED_EDGE('',*,*,#135,.T.);
#135 = EDGE_CURVE('',#22,#136,#138,.T.);
#136 = VERTEX_POINT('',#137);
#137 = CARTESIAN_POINT('',(6.95,-2.22044604925E-15,-8.266649865574));
#138 = PARABOLA('',#139,1.361180553784);
#139 = AXIS2_PLACEMENT_3D('',#140,#141,#142);
#140 = CARTESIAN_POINT('',(-1.925,8.875,-2.1602223495E-15));
#141 = DIRECTION('',(-0.707106781187,-0.707106781187,1.718281836227E-16)
  );
#142 = DIRECTION('',(0.707106781187,-0.707106781187,1.72297210021E-16));
#143 = ORIENTED_EDGE('',*,*,#144,.F.);
#144 = EDGE_CURVE('',#127,#136,#145,.T.);
#145 = CIRCLE('',#146,10.8);
#146 = AXIS2_PLACEMENT_3D('',#147,#148,#149);
#147 = CARTESIAN_POINT('',(-9.004741497577E-18,-2.555358131112E-16,0.));
#148 = DIRECTION('',(0.,1.,-2.43333399424E-16));
#149 = DIRECTION('',(1.,-1.180112435192E-31,-4.8497758137E-16));
#150 = CONICAL_SURFACE('',#151,11.1,0.785398163397);
#151 = AXIS2_PLACEMENT_3D('',#152,#153,#154);
#152 = CARTESIAN_POINT('',(-9.004741497577E-18,-0.3,7.30000198272E-17));
#153 = DIRECTION('',(-0.,-1.,2.43333399424E-16));
#154 = DIRECTION('',(1.,-1.180112435192E-31,-4.8497758137E-16));
#155 = ADVANCED_FACE('',(#156),#181,.T.);
#156 = FACE_BOUND('',#157,.F.);
#157 = EDGE_LOOP('',(#158,#159,#167,#175));
#158 = ORIENTED_EDGE('',*,*,#31,.F.);
#159 = ORIENTED_EDGE('',*,*,#160,.F.);
#160 = EDGE_CURVE('',#161,#24,#163,.T.);
#161 = VERTEX_POINT('',#162);
#162 = CARTESIAN_POINT('',(5.25,-6.,-8.405206719647));
#163 = LINE('',#164,#165);
#164 = CARTESIAN_POINT('',(5.25,-6.,-8.405206719647));
#165 = VECTOR('',#166,1.);
#166 = DIRECTION('',(0.707106781187,0.707106781187,0.));
#167 = ORIENTED_EDGE('',*,*,#168,.F.);
#168 = EDGE_CURVE('',#169,#161,#171,.T.);
#169 = VERTEX_POINT('',#170);
#170 = CARTESIAN_POINT('',(5.25,-14.,-8.405206719647));
#171 = LINE('',#172,#173);
#172 = CARTESIAN_POINT('',(5.25,-10.,-8.405206719647));
#173 = VECTOR('',#174,1.);
#174 = DIRECTION('',(0.,1.,0.));
#175 = ORIENTED_EDGE('',*,*,#176,.T.);
#176 = EDGE_CURVE('',#169,#32,#177,.T.);
#177 = LINE('',#178,#179);
#178 = CARTESIAN_POINT('',(5.25,-14.,-8.405206719647));
#179 = VECTOR('',#180,1.);
#180 = DIRECTION('',(0.707106781187,-0.707106781187,0.));
#181 = PLANE('',#182);
#182 = AXIS2_PLACEMENT_3D('',#183,#184,#185);
#183 = CARTESIAN_POINT('',(6.405903758158,-20.,-8.405206719647));
#184 = DIRECTION('',(0.,0.,-1.));
#185 = DIRECTION('',(1.,0.,0.));
#186 = ADVANCED_FACE('',(#187),#212,.T.);
#187 = FACE_BOUND('',#188,.T.);
#188 = EDGE_LOOP('',(#189,#199,#205,#206));
#189 = ORIENTED_EDGE('',*,*,#190,.F.);
#190 = EDGE_CURVE('',#191,#193,#195,.T.);
#191 = VERTEX_POINT('',#192);
#192 = CARTESIAN_POINT('',(11.1,-39.7,170.2));
#193 = VERTEX_POINT('',#194);
#194 = CARTESIAN_POINT('',(11.1,-0.3,170.2));
#195 = LINE('',#196,#197);
#196 = CARTESIAN_POINT('',(11.1,-40.,170.2));
#197 = VECTOR('',#198,1.);
#198 = DIRECTION('',(0.,1.,-3.445092848398E-16));
#199 = ORIENTED_EDGE('',*,*,#200,.F.);
#200 = EDGE_CURVE('',#64,#191,#201,.T.);
#201 = LINE('',#202,#203);
#202 = CARTESIAN_POINT('',(11.1,-39.7,-6.661338147751E-17));
#203 = VECTOR('',#204,1.);
#204 = DIRECTION('',(0.,2.22044604925E-16,1.));
#205 = ORIENTED_EDGE('',*,*,#72,.F.);
#206 = ORIENTED_EDGE('',*,*,#207,.F.);
#207 = EDGE_CURVE('',#193,#73,#208,.T.);
#208 = LINE('',#209,#210);
#209 = CARTESIAN_POINT('',(11.1,-0.3,170.2));
#210 = VECTOR('',#211,1.);
#211 = DIRECTION('',(0.,-3.445092848398E-16,-1.));
#212 = PLANE('',#213);
#213 = AXIS2_PLACEMENT_3D('',#214,#215,#216);
#214 = CARTESIAN_POINT('',(11.1,-20.,85.1));
#215 = DIRECTION('',(1.,0.,0.));
#216 = DIRECTION('',(0.,0.,1.));
#217 = ADVANCED_FACE('',(#218),#243,.F.);
#218 = FACE_BOUND('',#219,.F.);
#219 = EDGE_LOOP('',(#220,#228,#236,#242));
#220 = ORIENTED_EDGE('',*,*,#221,.F.);
#221 = EDGE_CURVE('',#222,#32,#224,.T.);
#222 = VERTEX_POINT('',#223);
#223 = CARTESIAN_POINT('',(7.25,-16.,-20.10520671964));
#224 = LINE('',#225,#226);
#225 = CARTESIAN_POINT('',(7.25,-16.,-20.40520671964));
#226 = VECTOR('',#227,1.);
#227 = DIRECTION('',(0.,0.,1.));
#228 = ORIENTED_EDGE('',*,*,#229,.T.);
#229 = EDGE_CURVE('',#222,#230,#232,.T.);
#230 = VERTEX_POINT('',#231);
#231 = CARTESIAN_POINT('',(7.25,-24.,-20.10520671964));
#232 = LINE('',#233,#234);
#233 = CARTESIAN_POINT('',(7.25,-16.,-20.10520671964));
#234 = VECTOR('',#235,1.);
#235 = DIRECTION('',(0.,-1.,2.22044604925E-16));
#236 = ORIENTED_EDGE('',*,*,#237,.T.);
#237 = EDGE_CURVE('',#230,#40,#238,.T.);
#238 = LINE('',#239,#240);
#239 = CARTESIAN_POINT('',(7.25,-24.,-20.40520671964));
#240 = VECTOR('',#241,1.);
#241 = DIRECTION('',(0.,0.,1.));
#242 = ORIENTED_EDGE('',*,*,#39,.F.);
#243 = PLANE('',#244);
#244 = AXIS2_PLACEMENT_3D('',#245,#246,#247);
#245 = CARTESIAN_POINT('',(7.25,-4.530866064478E-15,-20.40520671964));
#246 = DIRECTION('',(-1.,0.,0.));
#247 = DIRECTION('',(0.,2.22044604925E-16,1.));
#248 = ADVANCED_FACE('',(#249),#276,.T.);
#249 = FACE_BOUND('',#250,.T.);
#250 = EDGE_LOOP('',(#251,#260,#261,#269));
#251 = ORIENTED_EDGE('',*,*,#252,.F.);
#252 = EDGE_CURVE('',#56,#253,#255,.T.);
#253 = VERTEX_POINT('',#254);
#254 = CARTESIAN_POINT('',(6.95,-40.,-8.266649865574));
#255 = PARABOLA('',#256,1.361180553784);
#256 = AXIS2_PLACEMENT_3D('',#257,#258,#259);
#257 = CARTESIAN_POINT('',(-1.925,-48.875,1.538202437185E-14));
#258 = DIRECTION('',(0.707106781187,-0.707106781187,4.991310675009E-16)
  );
#259 = DIRECTION('',(0.707106781187,0.707106781187,1.678404543388E-16));
#260 = ORIENTED_EDGE('',*,*,#63,.T.);
#261 = ORIENTED_EDGE('',*,*,#262,.T.);
#262 = EDGE_CURVE('',#64,#263,#265,.T.);
#263 = VERTEX_POINT('',#264);
#264 = CARTESIAN_POINT('',(10.8,-40.,8.752998146453E-15));
#265 = LINE('',#266,#267);
#266 = CARTESIAN_POINT('',(11.1,-39.7,9.281102340744E-15));
#267 = VECTOR('',#268,1.);
#268 = DIRECTION('',(-0.707106781187,-0.707106781187,5.461452550912E-16)
  );
#269 = ORIENTED_EDGE('',*,*,#270,.F.);
#270 = EDGE_CURVE('',#253,#263,#271,.T.);
#271 = CIRCLE('',#272,10.8);
#272 = AXIS2_PLACEMENT_3D('',#273,#274,#275);
#273 = CARTESIAN_POINT('',(-9.004741497577E-18,-40.,1.42108547152E-14));
#274 = DIRECTION('',(7.301967388019E-34,-1.,2.342578391104E-16));
#275 = DIRECTION('',(0.653153153153,-1.773860867946E-16,-0.757225830599)
  );
#276 = CONICAL_SURFACE('',#277,11.1,0.785398163397);
#277 = AXIS2_PLACEMENT_3D('',#278,#279,#280);
#278 = CARTESIAN_POINT('',(-9.004741497577E-18,-39.7,1.414057736347E-14)
  );
#279 = DIRECTION('',(-0.,1.,-2.342578391104E-16));
#280 = DIRECTION('',(0.653153153153,-1.773860867946E-16,-0.757225830599)
  );
#281 = ADVANCED_FACE('',(#282),#307,.T.);
#282 = FACE_BOUND('',#283,.T.);
#283 = EDGE_LOOP('',(#284,#294,#300,#301));
#284 = ORIENTED_EDGE('',*,*,#285,.T.);
#285 = EDGE_CURVE('',#286,#288,#290,.T.);
#286 = VERTEX_POINT('',#287);
#287 = CARTESIAN_POINT('',(5.25,-34.,-8.405206719647));
#288 = VERTEX_POINT('',#289);
#289 = CARTESIAN_POINT('',(5.25,-26.,-8.405206719647));
#290 = LINE('',#291,#292);
#291 = CARTESIAN_POINT('',(5.25,-30.,-8.405206719647));
#292 = VECTOR('',#293,1.);
#293 = DIRECTION('',(0.,1.,0.));
#294 = ORIENTED_EDGE('',*,*,#295,.T.);
#295 = EDGE_CURVE('',#288,#40,#296,.T.);
#296 = LINE('',#297,#298);
#297 = CARTESIAN_POINT('',(5.25,-26.,-8.405206719647));
#298 = VECTOR('',#299,1.);
#299 = DIRECTION('',(0.707106781187,0.707106781187,0.));
#300 = ORIENTED_EDGE('',*,*,#47,.T.);
#301 = ORIENTED_EDGE('',*,*,#302,.F.);
#302 = EDGE_CURVE('',#286,#48,#303,.T.);
#303 = LINE('',#304,#305);
#304 = CARTESIAN_POINT('',(5.25,-34.,-8.405206719647));
#305 = VECTOR('',#306,1.);
#306 = DIRECTION('',(0.707106781187,-0.707106781187,0.));
#307 = PLANE('',#308);
#308 = AXIS2_PLACEMENT_3D('',#309,#310,#311);
#309 = CARTESIAN_POINT('',(6.405903758158,-20.,-8.405206719647));
#310 = DIRECTION('',(0.,0.,-1.));
#311 = DIRECTION('',(1.,0.,0.));
#312 = ADVANCED_FACE('',(#313),#338,.F.);
#313 = FACE_BOUND('',#314,.F.);
#314 = EDGE_LOOP('',(#315,#323,#331,#337));
#315 = ORIENTED_EDGE('',*,*,#316,.F.);
#316 = EDGE_CURVE('',#317,#48,#319,.T.);
#317 = VERTEX_POINT('',#318);
#318 = CARTESIAN_POINT('',(7.25,-36.,-20.10520671964));
#319 = LINE('',#320,#321);
#320 = CARTESIAN_POINT('',(7.25,-36.,-20.40520671964));
#321 = VECTOR('',#322,1.);
#322 = DIRECTION('',(0.,0.,1.));
#323 = ORIENTED_EDGE('',*,*,#324,.T.);
#324 = EDGE_CURVE('',#317,#325,#327,.T.);
#325 = VERTEX_POINT('',#326);
#326 = CARTESIAN_POINT('',(7.25,-39.7,-20.10520671964));
#327 = LINE('',#328,#329);
#328 = CARTESIAN_POINT('',(7.25,-36.,-20.10520671964));
#329 = VECTOR('',#330,1.);
#330 = DIRECTION('',(0.,-1.,2.22044604925E-16));
#331 = ORIENTED_EDGE('',*,*,#332,.T.);
#332 = EDGE_CURVE('',#325,#56,#333,.T.);
#333 = LINE('',#334,#335);
#334 = CARTESIAN_POINT('',(7.25,-39.7,-20.40520671964));
#335 = VECTOR('',#336,1.);
#336 = DIRECTION('',(0.,2.22044604925E-16,1.));
#337 = ORIENTED_EDGE('',*,*,#55,.F.);
#338 = PLANE('',#339);
#339 = AXIS2_PLACEMENT_3D('',#340,#341,#342);
#340 = CARTESIAN_POINT('',(7.25,-4.530866064478E-15,-20.40520671964));
#341 = DIRECTION('',(-1.,0.,0.));
#342 = DIRECTION('',(0.,2.22044604925E-16,1.));
#343 = ADVANCED_FACE('',(#344),#362,.F.);
#344 = FACE_BOUND('',#345,.F.);
#345 = EDGE_LOOP('',(#346,#347,#348,#356));
#346 = ORIENTED_EDGE('',*,*,#96,.T.);
#347 = ORIENTED_EDGE('',*,*,#135,.T.);
#348 = ORIENTED_EDGE('',*,*,#349,.F.);
#349 = EDGE_CURVE('',#350,#136,#352,.T.);
#350 = VERTEX_POINT('',#351);
#351 = CARTESIAN_POINT('',(6.95,-4.8892005297E-15,-20.10520671964));
#352 = LINE('',#353,#354);
#353 = CARTESIAN_POINT('',(6.95,-5.220804130152E-15,-20.40520671964));
#354 = VECTOR('',#355,1.);
#355 = DIRECTION('',(0.,2.22044604925E-16,1.));
#356 = ORIENTED_EDGE('',*,*,#357,.T.);
#357 = EDGE_CURVE('',#350,#97,#358,.T.);
#358 = LINE('',#359,#360);
#359 = CARTESIAN_POINT('',(7.1,-0.15,-20.10520671964));
#360 = VECTOR('',#361,1.);
#361 = DIRECTION('',(0.707106781187,-0.707106781187,1.255933516261E-14)
  );
#362 = PLANE('',#363);
#363 = AXIS2_PLACEMENT_3D('',#364,#365,#366);
#364 = CARTESIAN_POINT('',(7.1,-0.15,-20.40520671964));
#365 = DIRECTION('',(-0.707106781187,-0.707106781187,1.718281836227E-16)
  );
#366 = DIRECTION('',(1.047857137608E-17,2.325231763011E-16,1.));
#367 = ADVANCED_FACE('',(#368),#386,.F.);
#368 = FACE_BOUND('',#369,.F.);
#369 = EDGE_LOOP('',(#370,#378,#379,#380));
#370 = ORIENTED_EDGE('',*,*,#371,.T.);
#371 = EDGE_CURVE('',#372,#161,#374,.T.);
#372 = VERTEX_POINT('',#373);
#373 = CARTESIAN_POINT('',(5.25,-6.,-20.10520671964));
#374 = LINE('',#375,#376);
#375 = CARTESIAN_POINT('',(5.25,-6.,-20.40520671964));
#376 = VECTOR('',#377,1.);
#377 = DIRECTION('',(0.,0.,1.));
#378 = ORIENTED_EDGE('',*,*,#160,.T.);
#379 = ORIENTED_EDGE('',*,*,#112,.F.);
#380 = ORIENTED_EDGE('',*,*,#381,.F.);
#381 = EDGE_CURVE('',#372,#105,#382,.T.);
#382 = LINE('',#383,#384);
#383 = CARTESIAN_POINT('',(5.25,-6.,-20.10520671964));
#384 = VECTOR('',#385,1.);
#385 = DIRECTION('',(0.707106781187,0.707106781187,0.));
#386 = PLANE('',#387);
#387 = AXIS2_PLACEMENT_3D('',#388,#389,#390);
#388 = CARTESIAN_POINT('',(5.25,-6.,-20.40520671964));
#389 = DIRECTION('',(-0.707106781187,0.707106781187,0.));
#390 = DIRECTION('',(0.707106781187,0.707106781187,0.));
#391 = ADVANCED_FACE('',(#392),#417,.T.);
#392 = FACE_BOUND('',#393,.T.);
#393 = EDGE_LOOP('',(#394,#402,#403,#411));
#394 = ORIENTED_EDGE('',*,*,#395,.T.);
#395 = EDGE_CURVE('',#396,#97,#398,.T.);
#396 = VERTEX_POINT('',#397);
#397 = CARTESIAN_POINT('',(6.95,-0.3,-20.40520671964));
#398 = LINE('',#399,#400);
#399 = CARTESIAN_POINT('',(7.025,-0.3,-20.33020671964));
#400 = VECTOR('',#401,1.);
#401 = DIRECTION('',(0.707106781187,-1.097804377705E-14,0.707106781187)
  );
#402 = ORIENTED_EDGE('',*,*,#104,.T.);
#403 = ORIENTED_EDGE('',*,*,#404,.T.);
#404 = EDGE_CURVE('',#105,#405,#407,.T.);
#405 = VERTEX_POINT('',#406);
#406 = CARTESIAN_POINT('',(6.95,-3.875735931288,-20.40520671964));
#407 = LINE('',#408,#409);
#408 = CARTESIAN_POINT('',(6.460612002983,-3.673024785661,
    -20.89459471666));
#409 = VECTOR('',#410,1.);
#410 = DIRECTION('',(-0.678598344546,0.281084637715,-0.678598344546));
#411 = ORIENTED_EDGE('',*,*,#412,.F.);
#412 = EDGE_CURVE('',#396,#405,#413,.T.);
#413 = LINE('',#414,#415);
#414 = CARTESIAN_POINT('',(6.95,-4.530866064478E-15,-20.40520671964));
#415 = VECTOR('',#416,1.);
#416 = DIRECTION('',(0.,-1.,2.22044604925E-16));
#417 = PLANE('',#418);
#418 = AXIS2_PLACEMENT_3D('',#419,#420,#421);
#419 = CARTESIAN_POINT('',(7.1,-4.497559373739E-15,-20.25520671964));
#420 = DIRECTION('',(0.707106781187,-2.523732091295E-16,-0.707106781187)
  );
#421 = DIRECTION('',(-6.743250510274E-17,-1.,2.894771100278E-16));
#422 = ADVANCED_FACE('',(#423),#441,.T.);
#423 = FACE_BOUND('',#424,.T.);
#424 = EDGE_LOOP('',(#425,#433,#434,#435));
#425 = ORIENTED_EDGE('',*,*,#426,.F.);
#426 = EDGE_CURVE('',#193,#427,#429,.T.);
#427 = VERTEX_POINT('',#428);
#428 = CARTESIAN_POINT('',(10.8,3.541611448554E-14,170.2));
#429 = LINE('',#430,#431);
#430 = CARTESIAN_POINT('',(11.1,-0.3,170.2));
#431 = VECTOR('',#432,1.);
#432 = DIRECTION('',(-0.707106781187,0.707106781187,-6.612129527638E-16)
  );
#433 = ORIENTED_EDGE('',*,*,#207,.T.);
#434 = ORIENTED_EDGE('',*,*,#126,.T.);
#435 = ORIENTED_EDGE('',*,*,#436,.F.);
#436 = EDGE_CURVE('',#427,#127,#437,.T.);
#437 = LINE('',#438,#439);
#438 = CARTESIAN_POINT('',(10.8,4.159188156632E-14,170.2));
#439 = VECTOR('',#440,1.);
#440 = DIRECTION('',(0.,-3.445092848398E-16,-1.));
#441 = PLANE('',#442);
#442 = AXIS2_PLACEMENT_3D('',#443,#444,#445);
#443 = CARTESIAN_POINT('',(10.95,-0.15,170.2));
#444 = DIRECTION('',(0.707106781187,0.707106781187,-1.741339919539E-16)
  );
#445 = DIRECTION('',(4.912331587418E-17,-2.953859689656E-16,-1.));
#446 = ADVANCED_FACE('',(#447,#591,#661,#731),#742,.T.);
#447 = FACE_BOUND('',#448,.T.);
#448 = EDGE_LOOP('',(#449,#460,#468,#476,#484,#493,#501,#509,#517,#524,
    #525,#526,#527,#535,#543,#552,#560,#568,#576,#585));
#449 = ORIENTED_EDGE('',*,*,#450,.F.);
#450 = EDGE_CURVE('',#451,#453,#455,.T.);
#451 = VERTEX_POINT('',#452);
#452 = CARTESIAN_POINT('',(-6.95,3.741451592987E-14,178.46664986557));
#453 = VERTEX_POINT('',#454);
#454 = CARTESIAN_POINT('',(-10.8,3.541611448554E-14,170.2));
#455 = CIRCLE('',#456,10.8);
#456 = AXIS2_PLACEMENT_3D('',#457,#458,#459);
#457 = CARTESIAN_POINT('',(-9.004741497577E-18,4.115980876885E-14,170.2)
  );
#458 = DIRECTION('',(-2.35216506156E-33,-1.,2.43333399424E-16));
#459 = DIRECTION('',(-0.653153153153,1.842583354913E-16,0.757225830599)
  );
#460 = ORIENTED_EDGE('',*,*,#461,.T.);
#461 = EDGE_CURVE('',#451,#462,#464,.T.);
#462 = VERTEX_POINT('',#463);
#463 = CARTESIAN_POINT('',(-6.95,4.44910704606E-14,190.30520671964));
#464 = LINE('',#465,#466);
#465 = CARTESIAN_POINT('',(-6.95,4.291882021921E-14,178.60520671964));
#466 = VECTOR('',#467,1.);
#467 = DIRECTION('',(0.,3.445092848398E-16,1.));
#468 = ORIENTED_EDGE('',*,*,#469,.T.);
#469 = EDGE_CURVE('',#462,#470,#472,.T.);
#470 = VERTEX_POINT('',#471);
#471 = CARTESIAN_POINT('',(-1.55,4.435985540121E-14,190.30520671964));
#472 = LINE('',#473,#474);
#473 = CARTESIAN_POINT('',(-7.25,4.785853427472E-14,190.30520671964));
#474 = VECTOR('',#475,1.);
#475 = DIRECTION('',(1.,0.,0.));
#476 = ORIENTED_EDGE('',*,*,#477,.F.);
#477 = EDGE_CURVE('',#478,#470,#480,.T.);
#478 = VERTEX_POINT('',#479);
#479 = CARTESIAN_POINT('',(-1.55,4.302114220422E-14,178.45575556808));
#480 = LINE('',#481,#482);
#481 = CARTESIAN_POINT('',(-1.55,4.286988118595E-14,178.20296819936));
#482 = VECTOR('',#483,1.);
#483 = DIRECTION('',(0.,3.445092848398E-16,1.));
#484 = ORIENTED_EDGE('',*,*,#485,.F.);
#485 = EDGE_CURVE('',#486,#478,#488,.T.);
#486 = VERTEX_POINT('',#487);
#487 = CARTESIAN_POINT('',(1.55,3.741451592987E-14,178.45575556808));
#488 = CIRCLE('',#489,8.4);
#489 = AXIS2_PLACEMENT_3D('',#490,#491,#492);
#490 = CARTESIAN_POINT('',(-9.004741497577E-18,4.115980876885E-14,170.2)
  );
#491 = DIRECTION('',(-1.358111335868E-33,1.,-2.43333399424E-16));
#492 = DIRECTION('',(0.154320987654,2.404184515349E-16,0.988020765353));
#493 = ORIENTED_EDGE('',*,*,#494,.T.);
#494 = EDGE_CURVE('',#486,#495,#497,.T.);
#495 = VERTEX_POINT('',#496);
#496 = CARTESIAN_POINT('',(1.55,4.43125425901E-14,190.30520671964));
#497 = LINE('',#498,#499);
#498 = CARTESIAN_POINT('',(1.55,4.286988118595E-14,178.20296819936));
#499 = VECTOR('',#500,1.);
#500 = DIRECTION('',(0.,3.445092848398E-16,1.));
#501 = ORIENTED_EDGE('',*,*,#502,.T.);
#502 = EDGE_CURVE('',#495,#503,#505,.T.);
#503 = VERTEX_POINT('',#504);
#504 = CARTESIAN_POINT('',(6.95,4.489872945203E-14,190.30520671964));
#505 = LINE('',#506,#507);
#506 = CARTESIAN_POINT('',(1.25,4.785853427472E-14,190.30520671964));
#507 = VECTOR('',#508,1.);
#508 = DIRECTION('',(1.,0.,0.));
#509 = ORIENTED_EDGE('',*,*,#510,.T.);
#510 = EDGE_CURVE('',#503,#511,#513,.T.);
#511 = VERTEX_POINT('',#512);
#512 = CARTESIAN_POINT('',(6.95,4.413136522885E-14,178.46664986557));
#513 = LINE('',#514,#515);
#514 = CARTESIAN_POINT('',(6.95,4.793153429455E-14,190.60520671964));
#515 = VECTOR('',#516,1.);
#516 = DIRECTION('',(0.,-3.445092848398E-16,-1.));
#517 = ORIENTED_EDGE('',*,*,#518,.T.);
#518 = EDGE_CURVE('',#511,#427,#519,.T.);
#519 = CIRCLE('',#520,10.8);
#520 = AXIS2_PLACEMENT_3D('',#521,#522,#523);
#521 = CARTESIAN_POINT('',(-9.004741497577E-18,4.115980876885E-14,170.2)
  );
#522 = DIRECTION('',(-2.672560374078E-33,1.,-2.43333399424E-16));
#523 = DIRECTION('',(0.653153153153,1.842583354913E-16,0.757225830599));
#524 = ORIENTED_EDGE('',*,*,#436,.T.);
#525 = ORIENTED_EDGE('',*,*,#144,.T.);
#526 = ORIENTED_EDGE('',*,*,#349,.F.);
#527 = ORIENTED_EDGE('',*,*,#528,.F.);
#528 = EDGE_CURVE('',#529,#350,#531,.T.);
#529 = VERTEX_POINT('',#530);
#530 = CARTESIAN_POINT('',(1.55,-4.667429921368E-15,-20.10520671964));
#531 = LINE('',#532,#533);
#532 = CARTESIAN_POINT('',(1.25,-5.147804110325E-15,-20.10520671964));
#533 = VECTOR('',#534,1.);
#534 = DIRECTION('',(1.,0.,0.));
#535 = ORIENTED_EDGE('',*,*,#536,.F.);
#536 = EDGE_CURVE('',#537,#529,#539,.T.);
#537 = VERTEX_POINT('',#538);
#538 = CARTESIAN_POINT('',(1.55,-2.192690473635E-15,-8.255755568087));
#539 = LINE('',#540,#541);
#540 = CARTESIAN_POINT('',(1.55,-2.202925270544E-15,-8.002968199362));
#541 = VECTOR('',#542,1.);
#542 = DIRECTION('',(0.,-2.22044604925E-16,-1.));
#543 = ORIENTED_EDGE('',*,*,#544,.T.);
#544 = EDGE_CURVE('',#537,#545,#547,.T.);
#545 = VERTEX_POINT('',#546);
#546 = CARTESIAN_POINT('',(-1.55,-2.22044604925E-15,-8.255755568087));
#547 = CIRCLE('',#548,8.4);
#548 = AXIS2_PLACEMENT_3D('',#549,#550,#551);
#549 = CARTESIAN_POINT('',(-9.004741497577E-18,-2.555358131112E-16,0.));
#550 = DIRECTION('',(-8.048790920663E-34,-1.,2.43333399424E-16));
#551 = DIRECTION('',(0.154320987654,-2.404184515349E-16,-0.988020765353)
  );
#552 = ORIENTED_EDGE('',*,*,#553,.T.);
#553 = EDGE_CURVE('',#545,#554,#556,.T.);
#554 = VERTEX_POINT('',#555);
#555 = CARTESIAN_POINT('',(-1.55,-4.623394348402E-15,-20.10520671964));
#556 = LINE('',#557,#558);
#557 = CARTESIAN_POINT('',(-1.55,-2.202925270544E-15,-8.002968199362));
#558 = VECTOR('',#559,1.);
#559 = DIRECTION('',(0.,-2.22044604925E-16,-1.));
#560 = ORIENTED_EDGE('',*,*,#561,.F.);
#561 = EDGE_CURVE('',#562,#554,#564,.T.);
#562 = VERTEX_POINT('',#563);
#563 = CARTESIAN_POINT('',(-6.95,-4.49101357649E-15,-20.10520671964));
#564 = LINE('',#565,#566);
#565 = CARTESIAN_POINT('',(-7.25,-5.147804110325E-15,-20.10520671964));
#566 = VECTOR('',#567,1.);
#567 = DIRECTION('',(1.,0.,0.));
#568 = ORIENTED_EDGE('',*,*,#569,.F.);
#569 = EDGE_CURVE('',#570,#562,#572,.T.);
#570 = VERTEX_POINT('',#571);
#571 = CARTESIAN_POINT('',(-6.95,-2.22044604925E-15,-8.266649865574));
#572 = LINE('',#573,#574);
#573 = CARTESIAN_POINT('',(-6.95,-2.300803337064E-15,-8.405206719647));
#574 = VECTOR('',#575,1.);
#575 = DIRECTION('',(0.,-2.22044604925E-16,-1.));
#576 = ORIENTED_EDGE('',*,*,#577,.F.);
#577 = EDGE_CURVE('',#578,#570,#580,.T.);
#578 = VERTEX_POINT('',#579);
#579 = CARTESIAN_POINT('',(-10.8,-8.82627304577E-15,0.));
#580 = CIRCLE('',#581,10.8);
#581 = AXIS2_PLACEMENT_3D('',#582,#583,#584);
#582 = CARTESIAN_POINT('',(-9.004741497577E-18,-2.555358131112E-16,0.));
#583 = DIRECTION('',(0.,-1.,2.43333399424E-16));
#584 = DIRECTION('',(-1.,-2.861200290013E-32,-1.175835416258E-16));
#585 = ORIENTED_EDGE('',*,*,#586,.F.);
#586 = EDGE_CURVE('',#453,#578,#587,.T.);
#587 = LINE('',#588,#589);
#588 = CARTESIAN_POINT('',(-10.8,4.159188156632E-14,170.2));
#589 = VECTOR('',#590,1.);
#590 = DIRECTION('',(0.,-3.445092848398E-16,-1.));
#591 = FACE_BOUND('',#592,.T.);
#592 = EDGE_LOOP('',(#593,#604,#612,#621,#629,#638,#646,#655));
#593 = ORIENTED_EDGE('',*,*,#594,.F.);
#594 = EDGE_CURVE('',#595,#597,#599,.T.);
#595 = VERTEX_POINT('',#596);
#596 = CARTESIAN_POINT('',(-8.4,2.997602166488E-14,147.81));
#597 = VERTEX_POINT('',#598);
#598 = CARTESIAN_POINT('',(-5.81,3.058664432842E-14,150.4));
#599 = CIRCLE('',#600,2.59);
#600 = AXIS2_PLACEMENT_3D('',#601,#602,#603);
#601 = CARTESIAN_POINT('',(-5.81,3.571157395575E-14,147.81));
#602 = DIRECTION('',(0.,1.,-2.43333399424E-16));
#603 = DIRECTION('',(-1.,-7.475499667555E-47,-3.072122316645E-31));
#604 = ORIENTED_EDGE('',*,*,#605,.F.);
#605 = EDGE_CURVE('',#606,#595,#608,.T.);
#606 = VERTEX_POINT('',#607);
#607 = CARTESIAN_POINT('',(-8.4,2.847722058164E-14,112.39));
#608 = LINE('',#609,#610);
#609 = CARTESIAN_POINT('',(-8.4,2.709270494815E-14,112.39));
#610 = VECTOR('',#611,1.);
#611 = DIRECTION('',(0.,2.22044604925E-16,1.));
#612 = ORIENTED_EDGE('',*,*,#613,.F.);
#613 = EDGE_CURVE('',#614,#606,#616,.T.);
#614 = VERTEX_POINT('',#615);
#615 = CARTESIAN_POINT('',(-5.81,2.442490654175E-14,109.8));
#616 = CIRCLE('',#617,2.59);
#617 = AXIS2_PLACEMENT_3D('',#618,#619,#620);
#618 = CARTESIAN_POINT('',(-5.81,2.709270494815E-14,112.39));
#619 = DIRECTION('',(0.,1.,-2.43333399424E-16));
#620 = DIRECTION('',(0.,-2.43333399424E-16,-1.));
#621 = ORIENTED_EDGE('',*,*,#622,.F.);
#622 = EDGE_CURVE('',#623,#614,#625,.T.);
#623 = VERTEX_POINT('',#624);
#624 = CARTESIAN_POINT('',(5.81,2.786659791809E-14,109.8));
#625 = LINE('',#626,#627);
#626 = CARTESIAN_POINT('',(5.81,2.646247144364E-14,109.8));
#627 = VECTOR('',#628,1.);
#628 = DIRECTION('',(-1.,-0.,-0.));
#629 = ORIENTED_EDGE('',*,*,#630,.F.);
#630 = EDGE_CURVE('',#631,#623,#633,.T.);
#631 = VERTEX_POINT('',#632);
#632 = CARTESIAN_POINT('',(8.4,2.756128658632E-14,112.39));
#633 = CIRCLE('',#634,2.59);
#634 = AXIS2_PLACEMENT_3D('',#635,#636,#637);
#635 = CARTESIAN_POINT('',(5.81,2.709270494815E-14,112.39));
#636 = DIRECTION('',(0.,1.,-2.43333399424E-16));
#637 = DIRECTION('',(1.,-5.52580056865E-47,-2.270876329238E-31));
#638 = ORIENTED_EDGE('',*,*,#639,.F.);
#639 = EDGE_CURVE('',#640,#631,#642,.T.);
#640 = VERTEX_POINT('',#641);
#641 = CARTESIAN_POINT('',(8.4,2.997602166488E-14,147.81));
#642 = LINE('',#643,#644);
#643 = CARTESIAN_POINT('',(8.4,3.571157395575E-14,147.81));
#644 = VECTOR('',#645,1.);
#645 = DIRECTION('',(0.,-2.22044604925E-16,-1.));
#646 = ORIENTED_EDGE('',*,*,#647,.F.);
#647 = EDGE_CURVE('',#648,#640,#650,.T.);
#648 = VERTEX_POINT('',#649);
#649 = CARTESIAN_POINT('',(5.81,3.07254222065E-14,150.4));
#650 = CIRCLE('',#651,2.59);
#651 = AXIS2_PLACEMENT_3D('',#652,#653,#654);
#652 = CARTESIAN_POINT('',(5.81,3.571157395575E-14,147.81));
#653 = DIRECTION('',(0.,1.,-2.43333399424E-16));
#654 = DIRECTION('',(0.,2.43333399424E-16,1.));
#655 = ORIENTED_EDGE('',*,*,#656,.F.);
#656 = EDGE_CURVE('',#597,#648,#657,.T.);
#657 = LINE('',#658,#659);
#658 = CARTESIAN_POINT('',(-5.81,3.634180746026E-14,150.4));
#659 = VECTOR('',#660,1.);
#660 = DIRECTION('',(1.,0.,0.));
#661 = FACE_BOUND('',#662,.T.);
#662 = EDGE_LOOP('',(#663,#673,#682,#690,#699,#707,#716,#724));
#663 = ORIENTED_EDGE('',*,*,#664,.F.);
#664 = EDGE_CURVE('',#665,#667,#669,.T.);
#665 = VERTEX_POINT('',#666);
#666 = CARTESIAN_POINT('',(-5.81,1.235123114895E-14,60.4));
#667 = VERTEX_POINT('',#668);
#668 = CARTESIAN_POINT('',(5.810000000001,1.237898672457E-14,60.4));
#669 = LINE('',#670,#671);
#670 = CARTESIAN_POINT('',(-5.81,1.44418015121E-14,60.4));
#671 = VECTOR('',#672,1.);
#672 = DIRECTION('',(1.,0.,0.));
#673 = ORIENTED_EDGE('',*,*,#674,.F.);
#674 = EDGE_CURVE('',#675,#665,#677,.T.);
#675 = VERTEX_POINT('',#676);
#676 = CARTESIAN_POINT('',(-8.4,1.373900992974E-14,57.810000000001));
#677 = CIRCLE('',#678,2.59);
#678 = AXIS2_PLACEMENT_3D('',#679,#680,#681);
#679 = CARTESIAN_POINT('',(-5.81,1.381156800759E-14,57.81));
#680 = DIRECTION('',(0.,1.,-2.43333399424E-16));
#681 = DIRECTION('',(-1.,2.43115314165E-28,9.991037594531E-13));
#682 = ORIENTED_EDGE('',*,*,#683,.F.);
#683 = EDGE_CURVE('',#684,#675,#686,.T.);
#684 = VERTEX_POINT('',#685);
#685 = CARTESIAN_POINT('',(-8.4,4.884981308351E-15,22.39));
#686 = LINE('',#687,#688);
#687 = CARTESIAN_POINT('',(-8.4,5.192698999992E-15,22.39));
#688 = VECTOR('',#689,1.);
#689 = DIRECTION('',(0.,2.22044604925E-16,1.));
#690 = ORIENTED_EDGE('',*,*,#691,.F.);
#691 = EDGE_CURVE('',#692,#684,#694,.T.);
#692 = VERTEX_POINT('',#693);
#693 = CARTESIAN_POINT('',(-5.810000000001,5.412337245048E-15,19.8));
#694 = CIRCLE('',#695,2.59);
#695 = AXIS2_PLACEMENT_3D('',#696,#697,#698);
#696 = CARTESIAN_POINT('',(-5.81,5.192698999992E-15,22.39));
#697 = DIRECTION('',(-2.964448111621E-45,1.,-2.43333399424E-16));
#698 = DIRECTION('',(-9.998794611297E-13,-2.43333399424E-16,-1.));
#699 = ORIENTED_EDGE('',*,*,#700,.F.);
#700 = EDGE_CURVE('',#701,#692,#703,.T.);
#701 = VERTEX_POINT('',#702);
#702 = CARTESIAN_POINT('',(5.81,4.274358644807E-15,19.8));
#703 = LINE('',#704,#705);
#704 = CARTESIAN_POINT('',(5.81,4.562465495484E-15,19.8));
#705 = VECTOR('',#706,1.);
#706 = DIRECTION('',(-1.,-0.,-0.));
#707 = ORIENTED_EDGE('',*,*,#708,.F.);
#708 = EDGE_CURVE('',#709,#701,#711,.T.);
#709 = VERTEX_POINT('',#710);
#710 = CARTESIAN_POINT('',(8.4,5.634381849973E-15,22.389999999999));
#711 = CIRCLE('',#712,2.59);
#712 = AXIS2_PLACEMENT_3D('',#713,#714,#715);
#713 = CARTESIAN_POINT('',(5.81,5.192698999992E-15,22.39));
#714 = DIRECTION('',(0.,1.,-2.43333399424E-16));
#715 = DIRECTION('',(1.,-2.434928224168E-28,-1.000655162806E-12));
#716 = ORIENTED_EDGE('',*,*,#717,.F.);
#717 = EDGE_CURVE('',#718,#709,#720,.T.);
#718 = VERTEX_POINT('',#719);
#719 = CARTESIAN_POINT('',(8.4,1.521005543736E-14,57.81));
#720 = LINE('',#721,#722);
#721 = CARTESIAN_POINT('',(8.4,1.381156800759E-14,57.81));
#722 = VECTOR('',#723,1.);
#723 = DIRECTION('',(-0.,-2.22044604925E-16,-1.));
#724 = ORIENTED_EDGE('',*,*,#725,.F.);
#725 = EDGE_CURVE('',#667,#718,#726,.T.);
#726 = CIRCLE('',#727,2.59);
#727 = AXIS2_PLACEMENT_3D('',#728,#729,#730);
#728 = CARTESIAN_POINT('',(5.81,1.381156800759E-14,57.81));
#729 = DIRECTION('',(-2.964448111621E-45,1.,-2.43333399424E-16));
#730 = DIRECTION('',(9.998794611297E-13,2.43333399424E-16,1.));
#731 = FACE_BOUND('',#732,.T.);
#732 = EDGE_LOOP('',(#733));
#733 = ORIENTED_EDGE('',*,*,#734,.F.);
#734 = EDGE_CURVE('',#735,#735,#737,.T.);
#735 = VERTEX_POINT('',#736);
#736 = CARTESIAN_POINT('',(-7.8,2.181588243388E-14,85.1));
#737 = CIRCLE('',#738,7.8);
#738 = AXIS2_PLACEMENT_3D('',#739,#740,#741);
#739 = CARTESIAN_POINT('',(0.,2.045213647787E-14,85.1));
#740 = DIRECTION('',(0.,1.,-2.43333399424E-16));
#741 = DIRECTION('',(-1.,-1.228544852653E-47,-5.048813091673E-32));
#742 = PLANE('',#743);
#743 = AXIS2_PLACEMENT_3D('',#744,#745,#746);
#744 = CARTESIAN_POINT('',(1.22175107122E-15,2.045213647787E-14,85.1));
#745 = DIRECTION('',(0.,1.,-2.43333399424E-16));
#746 = DIRECTION('',(0.,2.43333399424E-16,1.));
#747 = ADVANCED_FACE('',(#748,#766),#802,.F.);
#748 = FACE_BOUND('',#749,.F.);
#749 = EDGE_LOOP('',(#750,#751,#759,#765));
#750 = ORIENTED_EDGE('',*,*,#371,.F.);
#751 = ORIENTED_EDGE('',*,*,#752,.T.);
#752 = EDGE_CURVE('',#372,#753,#755,.T.);
#753 = VERTEX_POINT('',#754);
#754 = CARTESIAN_POINT('',(5.25,-14.,-20.10520671964));
#755 = LINE('',#756,#757);
#756 = CARTESIAN_POINT('',(5.25,-6.,-20.10520671964));
#757 = VECTOR('',#758,1.);
#758 = DIRECTION('',(0.,-1.,0.));
#759 = ORIENTED_EDGE('',*,*,#760,.T.);
#760 = EDGE_CURVE('',#753,#169,#761,.T.);
#761 = LINE('',#762,#763);
#762 = CARTESIAN_POINT('',(5.25,-14.,-20.40520671964));
#763 = VECTOR('',#764,1.);
#764 = DIRECTION('',(0.,0.,1.));
#765 = ORIENTED_EDGE('',*,*,#168,.T.);
#766 = FACE_BOUND('',#767,.F.);
#767 = EDGE_LOOP('',(#768,#778,#787,#795));
#768 = ORIENTED_EDGE('',*,*,#769,.T.);
#769 = EDGE_CURVE('',#770,#772,#774,.T.);
#770 = VERTEX_POINT('',#771);
#771 = CARTESIAN_POINT('',(5.25,-11.6,-14.40520671964));
#772 = VERTEX_POINT('',#773);
#773 = CARTESIAN_POINT('',(5.25,-11.6,-15.40520671964));
#774 = LINE('',#775,#776);
#775 = CARTESIAN_POINT('',(5.25,-11.6,-14.40520671964));
#776 = VECTOR('',#777,1.);
#777 = DIRECTION('',(0.,0.,-1.));
#778 = ORIENTED_EDGE('',*,*,#779,.T.);
#779 = EDGE_CURVE('',#772,#780,#782,.T.);
#780 = VERTEX_POINT('',#781);
#781 = CARTESIAN_POINT('',(5.25,-8.4,-15.40520671964));
#782 = CIRCLE('',#783,1.6);
#783 = AXIS2_PLACEMENT_3D('',#784,#785,#786);
#784 = CARTESIAN_POINT('',(5.25,-10.,-15.40520671964));
#785 = DIRECTION('',(1.,0.,0.));
#786 = DIRECTION('',(0.,1.,0.));
#787 = ORIENTED_EDGE('',*,*,#788,.F.);
#788 = EDGE_CURVE('',#789,#780,#791,.T.);
#789 = VERTEX_POINT('',#790);
#790 = CARTESIAN_POINT('',(5.25,-8.4,-14.40520671964));
#791 = LINE('',#792,#793);
#792 = CARTESIAN_POINT('',(5.25,-8.4,-14.40520671964));
#793 = VECTOR('',#794,1.);
#794 = DIRECTION('',(0.,-8.526512829121E-14,-1.));
#795 = ORIENTED_EDGE('',*,*,#796,.T.);
#796 = EDGE_CURVE('',#789,#770,#797,.T.);
#797 = CIRCLE('',#798,1.6);
#798 = AXIS2_PLACEMENT_3D('',#799,#800,#801);
#799 = CARTESIAN_POINT('',(5.25,-10.,-14.40520671964));
#800 = DIRECTION('',(1.,0.,0.));
#801 = DIRECTION('',(0.,1.,0.));
#802 = PLANE('',#803);
#803 = AXIS2_PLACEMENT_3D('',#804,#805,#806);
#804 = CARTESIAN_POINT('',(5.25,-10.,-14.40520671964));
#805 = DIRECTION('',(-1.,-0.,-0.));
#806 = DIRECTION('',(0.,0.,-1.));
#807 = ADVANCED_FACE('',(#808),#819,.T.);
#808 = FACE_BOUND('',#809,.T.);
#809 = EDGE_LOOP('',(#810,#811,#812,#813));
#810 = ORIENTED_EDGE('',*,*,#760,.T.);
#811 = ORIENTED_EDGE('',*,*,#176,.T.);
#812 = ORIENTED_EDGE('',*,*,#221,.F.);
#813 = ORIENTED_EDGE('',*,*,#814,.F.);
#814 = EDGE_CURVE('',#753,#222,#815,.T.);
#815 = LINE('',#816,#817);
#816 = CARTESIAN_POINT('',(5.25,-14.,-20.10520671964));
#817 = VECTOR('',#818,1.);
#818 = DIRECTION('',(0.707106781187,-0.707106781187,0.));
#819 = PLANE('',#820);
#820 = AXIS2_PLACEMENT_3D('',#821,#822,#823);
#821 = CARTESIAN_POINT('',(5.25,-14.,-20.40520671964));
#822 = DIRECTION('',(0.707106781187,0.707106781187,0.));
#823 = DIRECTION('',(0.707106781187,-0.707106781187,0.));
#824 = ADVANCED_FACE('',(#825),#884,.T.);
#825 = FACE_BOUND('',#826,.F.);
#826 = EDGE_LOOP('',(#827,#837,#845,#853,#861,#869,#876,#877));
#827 = ORIENTED_EDGE('',*,*,#828,.T.);
#828 = EDGE_CURVE('',#829,#831,#833,.T.);
#829 = VERTEX_POINT('',#830);
#830 = CARTESIAN_POINT('',(7.25,-39.7,178.60520671964));
#831 = VERTEX_POINT('',#832);
#832 = CARTESIAN_POINT('',(7.25,-36.,178.60520671964));
#833 = LINE('',#834,#835);
#834 = CARTESIAN_POINT('',(7.25,-40.,178.60520671964));
#835 = VECTOR('',#836,1.);
#836 = DIRECTION('',(0.,1.,-3.445092848398E-16));
#837 = ORIENTED_EDGE('',*,*,#838,.T.);
#838 = EDGE_CURVE('',#831,#839,#841,.T.);
#839 = VERTEX_POINT('',#840);
#840 = CARTESIAN_POINT('',(7.25,-24.,178.60520671964));
#841 = LINE('',#842,#843);
#842 = CARTESIAN_POINT('',(7.25,-40.,178.60520671964));
#843 = VECTOR('',#844,1.);
#844 = DIRECTION('',(0.,1.,-3.445092848398E-16));
#845 = ORIENTED_EDGE('',*,*,#846,.T.);
#846 = EDGE_CURVE('',#839,#847,#849,.T.);
#847 = VERTEX_POINT('',#848);
#848 = CARTESIAN_POINT('',(7.25,-16.,178.60520671964));
#849 = LINE('',#850,#851);
#850 = CARTESIAN_POINT('',(7.25,-40.,178.60520671964));
#851 = VECTOR('',#852,1.);
#852 = DIRECTION('',(0.,1.,-3.445092848398E-16));
#853 = ORIENTED_EDGE('',*,*,#854,.T.);
#854 = EDGE_CURVE('',#847,#855,#857,.T.);
#855 = VERTEX_POINT('',#856);
#856 = CARTESIAN_POINT('',(7.25,-4.,178.60520671964));
#857 = LINE('',#858,#859);
#858 = CARTESIAN_POINT('',(7.25,-40.,178.60520671964));
#859 = VECTOR('',#860,1.);
#860 = DIRECTION('',(0.,1.,-3.445092848398E-16));
#861 = ORIENTED_EDGE('',*,*,#862,.T.);
#862 = EDGE_CURVE('',#855,#863,#865,.T.);
#863 = VERTEX_POINT('',#864);
#864 = CARTESIAN_POINT('',(7.25,-0.3,178.60520671964));
#865 = LINE('',#866,#867);
#866 = CARTESIAN_POINT('',(7.25,-40.,178.60520671964));
#867 = VECTOR('',#868,1.);
#868 = DIRECTION('',(0.,1.,-3.445092848398E-16));
#869 = ORIENTED_EDGE('',*,*,#870,.T.);
#870 = EDGE_CURVE('',#863,#193,#871,.T.);
#871 = CIRCLE('',#872,11.1);
#872 = AXIS2_PLACEMENT_3D('',#873,#874,#875);
#873 = CARTESIAN_POINT('',(-9.004741497577E-18,-0.3,170.2));
#874 = DIRECTION('',(-2.672560374078E-33,1.,-2.43333399424E-16));
#875 = DIRECTION('',(0.653153153153,1.842583354913E-16,0.757225830599));
#876 = ORIENTED_EDGE('',*,*,#190,.F.);
#877 = ORIENTED_EDGE('',*,*,#878,.T.);
#878 = EDGE_CURVE('',#191,#829,#879,.T.);
#879 = CIRCLE('',#880,11.1);
#880 = AXIS2_PLACEMENT_3D('',#881,#882,#883);
#881 = CARTESIAN_POINT('',(-9.004741497577E-18,-39.7,170.2));
#882 = DIRECTION('',(0.,-1.,2.342578391104E-16));
#883 = DIRECTION('',(1.,1.053845014802E-46,4.49865421283E-31));
#884 = CYLINDRICAL_SURFACE('',#885,11.1);
#885 = AXIS2_PLACEMENT_3D('',#886,#887,#888);
#886 = CARTESIAN_POINT('',(-9.004741497577E-18,-40.,170.2));
#887 = DIRECTION('',(0.,-1.,3.445092848398E-16));
#888 = DIRECTION('',(1.,0.,0.));
#889 = ADVANCED_FACE('',(#890),#908,.T.);
#890 = FACE_BOUND('',#891,.T.);
#891 = EDGE_LOOP('',(#892,#893,#894,#902));
#892 = ORIENTED_EDGE('',*,*,#262,.F.);
#893 = ORIENTED_EDGE('',*,*,#200,.T.);
#894 = ORIENTED_EDGE('',*,*,#895,.T.);
#895 = EDGE_CURVE('',#191,#896,#898,.T.);
#896 = VERTEX_POINT('',#897);
#897 = CARTESIAN_POINT('',(10.8,-40.,170.2));
#898 = LINE('',#899,#900);
#899 = CARTESIAN_POINT('',(10.95,-39.85,170.2));
#900 = VECTOR('',#901,1.);
#901 = DIRECTION('',(-0.707106781187,-0.707106781187,1.570092458684E-16)
  );
#902 = ORIENTED_EDGE('',*,*,#903,.F.);
#903 = EDGE_CURVE('',#263,#896,#904,.T.);
#904 = LINE('',#905,#906);
#905 = CARTESIAN_POINT('',(10.8,-40.,0.));
#906 = VECTOR('',#907,1.);
#907 = DIRECTION('',(0.,2.22044604925E-16,1.));
#908 = PLANE('',#909);
#909 = AXIS2_PLACEMENT_3D('',#910,#911,#912);
#910 = CARTESIAN_POINT('',(10.95,-39.85,-3.330669073875E-17));
#911 = DIRECTION('',(0.707106781187,-0.707106781187,-2.96353736683E-18)
  );
#912 = DIRECTION('',(1.131178398309E-16,1.089267650941E-16,1.));
#913 = ADVANCED_FACE('',(#914),#939,.T.);
#914 = FACE_BOUND('',#915,.F.);
#915 = EDGE_LOOP('',(#916,#924,#932,#938));
#916 = ORIENTED_EDGE('',*,*,#917,.F.);
#917 = EDGE_CURVE('',#918,#222,#920,.T.);
#918 = VERTEX_POINT('',#919);
#919 = CARTESIAN_POINT('',(6.95,-16.12426406871,-20.40520671964));
#920 = LINE('',#921,#922);
#921 = CARTESIAN_POINT('',(6.842099142644,-16.16895806722,-20.513107577)
  );
#922 = VECTOR('',#923,1.);
#923 = DIRECTION('',(0.678598344546,0.281084637715,0.678598344546));
#924 = ORIENTED_EDGE('',*,*,#925,.T.);
#925 = EDGE_CURVE('',#918,#926,#928,.T.);
#926 = VERTEX_POINT('',#927);
#927 = CARTESIAN_POINT('',(6.95,-23.87573593128,-20.40520671964));
#928 = LINE('',#929,#930);
#929 = CARTESIAN_POINT('',(6.95,-16.,-20.40520671964));
#930 = VECTOR('',#931,1.);
#931 = DIRECTION('',(0.,-1.,2.22044604925E-16));
#932 = ORIENTED_EDGE('',*,*,#933,.T.);
#933 = EDGE_CURVE('',#926,#230,#934,.T.);
#934 = LINE('',#935,#936);
#935 = CARTESIAN_POINT('',(6.079124863322,-23.51500763854,
    -21.27608185632));
#936 = VECTOR('',#937,1.);
#937 = DIRECTION('',(0.678598344546,-0.281084637715,0.678598344546));
#938 = ORIENTED_EDGE('',*,*,#229,.F.);
#939 = PLANE('',#940);
#940 = AXIS2_PLACEMENT_3D('',#941,#942,#943);
#941 = CARTESIAN_POINT('',(7.1,-16.,-20.25520671964));
#942 = DIRECTION('',(0.707106781187,-2.523732091295E-16,-0.707106781187)
  );
#943 = DIRECTION('',(6.743250510274E-17,1.,-2.894771100278E-16));
#944 = ADVANCED_FACE('',(#945),#963,.F.);
#945 = FACE_BOUND('',#946,.F.);
#946 = EDGE_LOOP('',(#947,#955,#956,#957));
#947 = ORIENTED_EDGE('',*,*,#948,.T.);
#948 = EDGE_CURVE('',#949,#288,#951,.T.);
#949 = VERTEX_POINT('',#950);
#950 = CARTESIAN_POINT('',(5.25,-26.,-20.10520671964));
#951 = LINE('',#952,#953);
#952 = CARTESIAN_POINT('',(5.25,-26.,-20.40520671964));
#953 = VECTOR('',#954,1.);
#954 = DIRECTION('',(0.,0.,1.));
#955 = ORIENTED_EDGE('',*,*,#295,.T.);
#956 = ORIENTED_EDGE('',*,*,#237,.F.);
#957 = ORIENTED_EDGE('',*,*,#958,.F.);
#958 = EDGE_CURVE('',#949,#230,#959,.T.);
#959 = LINE('',#960,#961);
#960 = CARTESIAN_POINT('',(5.25,-26.,-20.10520671964));
#961 = VECTOR('',#962,1.);
#962 = DIRECTION('',(0.707106781187,0.707106781187,0.));
#963 = PLANE('',#964);
#964 = AXIS2_PLACEMENT_3D('',#965,#966,#967);
#965 = CARTESIAN_POINT('',(5.25,-26.,-20.40520671964));
#966 = DIRECTION('',(-0.707106781187,0.707106781187,0.));
#967 = DIRECTION('',(0.707106781187,0.707106781187,0.));
#968 = ADVANCED_FACE('',(#969),#987,.F.);
#969 = FACE_BOUND('',#970,.T.);
#970 = EDGE_LOOP('',(#971,#979,#980,#981));
#971 = ORIENTED_EDGE('',*,*,#972,.F.);
#972 = EDGE_CURVE('',#325,#973,#975,.T.);
#973 = VERTEX_POINT('',#974);
#974 = CARTESIAN_POINT('',(6.95,-40.,-20.10520671964));
#975 = LINE('',#976,#977);
#976 = CARTESIAN_POINT('',(7.175,-39.775,-20.10520671964));
#977 = VECTOR('',#978,1.);
#978 = DIRECTION('',(-0.707106781187,-0.707106781187,4.1743077403E-15));
#979 = ORIENTED_EDGE('',*,*,#332,.T.);
#980 = ORIENTED_EDGE('',*,*,#252,.T.);
#981 = ORIENTED_EDGE('',*,*,#982,.F.);
#982 = EDGE_CURVE('',#973,#253,#983,.T.);
#983 = LINE('',#984,#985);
#984 = CARTESIAN_POINT('',(6.95,-40.,-20.40520671964));
#985 = VECTOR('',#986,1.);
#986 = DIRECTION('',(0.,2.22044604925E-16,1.));
#987 = PLANE('',#988);
#988 = AXIS2_PLACEMENT_3D('',#989,#990,#991);
#989 = CARTESIAN_POINT('',(7.1,-39.85,-20.40520671964));
#990 = DIRECTION('',(-0.707106781187,0.707106781187,-4.991310675009E-16)
  );
#991 = DIRECTION('',(2.419166600682E-16,-4.639612649933E-16,-1.));
#992 = ADVANCED_FACE('',(#993,#1137,#1207,#1277),#1288,.T.);
#993 = FACE_BOUND('',#994,.T.);
#994 = EDGE_LOOP('',(#995,#1006,#1014,#1022,#1030,#1039,#1047,#1053,
    #1054,#1055,#1056,#1065,#1073,#1081,#1089,#1098,#1106,#1114,#1122,
    #1131));
#995 = ORIENTED_EDGE('',*,*,#996,.F.);
#996 = EDGE_CURVE('',#997,#999,#1001,.T.);
#997 = VERTEX_POINT('',#998);
#998 = CARTESIAN_POINT('',(-6.95,-40.,-8.266649865574));
#999 = VERTEX_POINT('',#1000);
#1000 = CARTESIAN_POINT('',(-10.8,-40.,1.168225118393E-14));
#1001 = CIRCLE('',#1002,10.8);
#1002 = AXIS2_PLACEMENT_3D('',#1003,#1004,#1005);
#1003 = CARTESIAN_POINT('',(-9.004741497577E-18,-40.,1.42108547152E-14)
  );
#1004 = DIRECTION('',(-9.05783225195E-33,1.,-2.342578391104E-16));
#1005 = DIRECTION('',(-0.653153153153,-1.773860867946E-16,
    -0.757225830599));
#1006 = ORIENTED_EDGE('',*,*,#1007,.T.);
#1007 = EDGE_CURVE('',#997,#1008,#1010,.T.);
#1008 = VERTEX_POINT('',#1009);
#1009 = CARTESIAN_POINT('',(-6.95,-40.,-20.10520671964));
#1010 = LINE('',#1011,#1012);
#1011 = CARTESIAN_POINT('',(-6.95,-40.,-8.405206719647));
#1012 = VECTOR('',#1013,1.);
#1013 = DIRECTION('',(0.,-2.22044604925E-16,-1.));
#1014 = ORIENTED_EDGE('',*,*,#1015,.T.);
#1015 = EDGE_CURVE('',#1008,#1016,#1018,.T.);
#1016 = VERTEX_POINT('',#1017);
#1017 = CARTESIAN_POINT('',(-1.55,-40.,-20.10520671964));
#1018 = LINE('',#1019,#1020);
#1019 = CARTESIAN_POINT('',(-7.25,-40.,-20.10520671964));
#1020 = VECTOR('',#1021,1.);
#1021 = DIRECTION('',(1.,0.,0.));
#1022 = ORIENTED_EDGE('',*,*,#1023,.F.);
#1023 = EDGE_CURVE('',#1024,#1016,#1026,.T.);
#1024 = VERTEX_POINT('',#1025);
#1025 = CARTESIAN_POINT('',(-1.55,-40.,-8.255755568087));
#1026 = LINE('',#1027,#1028);
#1027 = CARTESIAN_POINT('',(-1.55,-40.,-8.002968199362));
#1028 = VECTOR('',#1029,1.);
#1029 = DIRECTION('',(0.,-2.22044604925E-16,-1.));
#1030 = ORIENTED_EDGE('',*,*,#1031,.F.);
#1031 = EDGE_CURVE('',#1032,#1024,#1034,.T.);
#1032 = VERTEX_POINT('',#1033);
#1033 = CARTESIAN_POINT('',(1.55,-40.,-8.255755568087));
#1034 = CIRCLE('',#1035,8.4);
#1035 = AXIS2_PLACEMENT_3D('',#1036,#1037,#1038);
#1036 = CARTESIAN_POINT('',(-9.004741497577E-18,-40.,1.42108547152E-14)
  );
#1037 = DIRECTION('',(1.718419895335E-33,-1.,2.342578391104E-16));
#1038 = DIRECTION('',(0.154320987654,-2.314516094878E-16,-0.988020765353
    ));
#1039 = ORIENTED_EDGE('',*,*,#1040,.T.);
#1040 = EDGE_CURVE('',#1032,#1041,#1043,.T.);
#1041 = VERTEX_POINT('',#1042);
#1042 = CARTESIAN_POINT('',(1.55,-40.,-20.10520671964));
#1043 = LINE('',#1044,#1045);
#1044 = CARTESIAN_POINT('',(1.55,-40.,-8.002968199362));
#1045 = VECTOR('',#1046,1.);
#1046 = DIRECTION('',(0.,-2.22044604925E-16,-1.));
#1047 = ORIENTED_EDGE('',*,*,#1048,.T.);
#1048 = EDGE_CURVE('',#1041,#973,#1049,.T.);
#1049 = LINE('',#1050,#1051);
#1050 = CARTESIAN_POINT('',(1.25,-40.,-20.10520671964));
#1051 = VECTOR('',#1052,1.);
#1052 = DIRECTION('',(1.,0.,0.));
#1053 = ORIENTED_EDGE('',*,*,#982,.T.);
#1054 = ORIENTED_EDGE('',*,*,#270,.T.);
#1055 = ORIENTED_EDGE('',*,*,#903,.T.);
#1056 = ORIENTED_EDGE('',*,*,#1057,.T.);
#1057 = EDGE_CURVE('',#896,#1058,#1060,.T.);
#1058 = VERTEX_POINT('',#1059);
#1059 = CARTESIAN_POINT('',(6.95,-40.,178.46664986557));
#1060 = CIRCLE('',#1061,10.8);
#1061 = AXIS2_PLACEMENT_3D('',#1062,#1063,#1064);
#1062 = CARTESIAN_POINT('',(-9.004741497577E-18,-40.,170.2));
#1063 = DIRECTION('',(0.,-1.,2.342578391104E-16));
#1064 = DIRECTION('',(1.,1.053845014802E-46,4.49865421283E-31));
#1065 = ORIENTED_EDGE('',*,*,#1066,.F.);
#1066 = EDGE_CURVE('',#1067,#1058,#1069,.T.);
#1067 = VERTEX_POINT('',#1068);
#1068 = CARTESIAN_POINT('',(6.95,-40.,190.30520671964));
#1069 = LINE('',#1070,#1071);
#1070 = CARTESIAN_POINT('',(6.95,-40.,190.60520671964));
#1071 = VECTOR('',#1072,1.);
#1072 = DIRECTION('',(0.,-3.445092848398E-16,-1.));
#1073 = ORIENTED_EDGE('',*,*,#1074,.F.);
#1074 = EDGE_CURVE('',#1075,#1067,#1077,.T.);
#1075 = VERTEX_POINT('',#1076);
#1076 = CARTESIAN_POINT('',(1.55,-40.,190.30520671964));
#1077 = LINE('',#1078,#1079);
#1078 = CARTESIAN_POINT('',(1.25,-40.,190.30520671964));
#1079 = VECTOR('',#1080,1.);
#1080 = DIRECTION('',(1.,0.,0.));
#1081 = ORIENTED_EDGE('',*,*,#1082,.F.);
#1082 = EDGE_CURVE('',#1083,#1075,#1085,.T.);
#1083 = VERTEX_POINT('',#1084);
#1084 = CARTESIAN_POINT('',(1.55,-40.,178.45575556808));
#1085 = LINE('',#1086,#1087);
#1086 = CARTESIAN_POINT('',(1.55,-40.,178.20296819936));
#1087 = VECTOR('',#1088,1.);
#1088 = DIRECTION('',(0.,3.445092848398E-16,1.));
#1089 = ORIENTED_EDGE('',*,*,#1090,.T.);
#1090 = EDGE_CURVE('',#1083,#1091,#1093,.T.);
#1091 = VERTEX_POINT('',#1092);
#1092 = CARTESIAN_POINT('',(-1.55,-40.,178.45575556808));
#1093 = CIRCLE('',#1094,8.4);
#1094 = AXIS2_PLACEMENT_3D('',#1095,#1096,#1097);
#1095 = CARTESIAN_POINT('',(-9.004741497577E-18,-40.,170.2));
#1096 = DIRECTION('',(3.80719450701E-33,1.,-2.342578391104E-16));
#1097 = DIRECTION('',(0.154320987654,2.314516094878E-16,0.988020765353)
  );
#1098 = ORIENTED_EDGE('',*,*,#1099,.T.);
#1099 = EDGE_CURVE('',#1091,#1100,#1102,.T.);
#1100 = VERTEX_POINT('',#1101);
#1101 = CARTESIAN_POINT('',(-1.55,-40.,190.30520671964));
#1102 = LINE('',#1103,#1104);
#1103 = CARTESIAN_POINT('',(-1.55,-40.,178.20296819936));
#1104 = VECTOR('',#1105,1.);
#1105 = DIRECTION('',(0.,3.445092848398E-16,1.));
#1106 = ORIENTED_EDGE('',*,*,#1107,.F.);
#1107 = EDGE_CURVE('',#1108,#1100,#1110,.T.);
#1108 = VERTEX_POINT('',#1109);
#1109 = CARTESIAN_POINT('',(-6.95,-40.,190.30520671964));
#1110 = LINE('',#1111,#1112);
#1111 = CARTESIAN_POINT('',(-7.25,-40.,190.30520671964));
#1112 = VECTOR('',#1113,1.);
#1113 = DIRECTION('',(1.,0.,0.));
#1114 = ORIENTED_EDGE('',*,*,#1115,.F.);
#1115 = EDGE_CURVE('',#1116,#1108,#1118,.T.);
#1116 = VERTEX_POINT('',#1117);
#1117 = CARTESIAN_POINT('',(-6.95,-40.,178.46664986557));
#1118 = LINE('',#1119,#1120);
#1119 = CARTESIAN_POINT('',(-6.95,-40.,178.60520671964));
#1120 = VECTOR('',#1121,1.);
#1121 = DIRECTION('',(0.,3.445092848398E-16,1.));
#1122 = ORIENTED_EDGE('',*,*,#1123,.F.);
#1123 = EDGE_CURVE('',#1124,#1116,#1126,.T.);
#1124 = VERTEX_POINT('',#1125);
#1125 = CARTESIAN_POINT('',(-10.8,-40.,170.2));
#1126 = CIRCLE('',#1127,10.8);
#1127 = AXIS2_PLACEMENT_3D('',#1128,#1129,#1130);
#1128 = CARTESIAN_POINT('',(-9.004741497577E-18,-40.,170.2));
#1129 = DIRECTION('',(0.,1.,-2.342578391104E-16));
#1130 = DIRECTION('',(-1.,1.053845014802E-46,4.49865421283E-31));
#1131 = ORIENTED_EDGE('',*,*,#1132,.F.);
#1132 = EDGE_CURVE('',#999,#1124,#1133,.T.);
#1133 = LINE('',#1134,#1135);
#1134 = CARTESIAN_POINT('',(-10.8,-40.,0.));
#1135 = VECTOR('',#1136,1.);
#1136 = DIRECTION('',(0.,2.22044604925E-16,1.));
#1137 = FACE_BOUND('',#1138,.T.);
#1138 = EDGE_LOOP('',(#1139,#1149,#1158,#1166,#1175,#1183,#1192,#1200));
#1139 = ORIENTED_EDGE('',*,*,#1140,.T.);
#1140 = EDGE_CURVE('',#1141,#1143,#1145,.T.);
#1141 = VERTEX_POINT('',#1142);
#1142 = CARTESIAN_POINT('',(-5.81,-40.,60.4));
#1143 = VERTEX_POINT('',#1144);
#1144 = CARTESIAN_POINT('',(5.810000000001,-40.,60.4));
#1145 = LINE('',#1146,#1147);
#1146 = CARTESIAN_POINT('',(-5.81,-40.,60.4));
#1147 = VECTOR('',#1148,1.);
#1148 = DIRECTION('',(1.,0.,0.));
#1149 = ORIENTED_EDGE('',*,*,#1150,.T.);
#1150 = EDGE_CURVE('',#1143,#1151,#1153,.T.);
#1151 = VERTEX_POINT('',#1152);
#1152 = CARTESIAN_POINT('',(8.4,-40.,57.81));
#1153 = CIRCLE('',#1154,2.59);
#1154 = AXIS2_PLACEMENT_3D('',#1155,#1156,#1157);
#1155 = CARTESIAN_POINT('',(5.81,-40.,57.81));
#1156 = DIRECTION('',(-1.412401139759E-44,1.,-2.342578391104E-16));
#1157 = DIRECTION('',(9.998794611297E-13,2.342578391104E-16,1.));
#1158 = ORIENTED_EDGE('',*,*,#1159,.T.);
#1159 = EDGE_CURVE('',#1151,#1160,#1162,.T.);
#1160 = VERTEX_POINT('',#1161);
#1161 = CARTESIAN_POINT('',(8.4,-40.,22.389999999999));
#1162 = LINE('',#1163,#1164);
#1163 = CARTESIAN_POINT('',(8.4,-40.,57.81));
#1164 = VECTOR('',#1165,1.);
#1165 = DIRECTION('',(-0.,-2.22044604925E-16,-1.));
#1166 = ORIENTED_EDGE('',*,*,#1167,.T.);
#1167 = EDGE_CURVE('',#1160,#1168,#1170,.T.);
#1168 = VERTEX_POINT('',#1169);
#1169 = CARTESIAN_POINT('',(5.81,-40.,19.8));
#1170 = CIRCLE('',#1171,2.59);
#1171 = AXIS2_PLACEMENT_3D('',#1172,#1173,#1174);
#1172 = CARTESIAN_POINT('',(5.81,-40.,22.39));
#1173 = DIRECTION('',(0.,1.,-2.342578391104E-16));
#1174 = DIRECTION('',(1.,-2.347747445307E-28,-1.002206566159E-12));
#1175 = ORIENTED_EDGE('',*,*,#1176,.T.);
#1176 = EDGE_CURVE('',#1168,#1177,#1179,.T.);
#1177 = VERTEX_POINT('',#1178);
#1178 = CARTESIAN_POINT('',(-5.810000000001,-40.,19.8));
#1179 = LINE('',#1180,#1181);
#1180 = CARTESIAN_POINT('',(5.81,-40.,19.8));
#1181 = VECTOR('',#1182,1.);
#1182 = DIRECTION('',(-1.,-0.,-0.));
#1183 = ORIENTED_EDGE('',*,*,#1184,.T.);
#1184 = EDGE_CURVE('',#1177,#1185,#1187,.T.);
#1185 = VERTEX_POINT('',#1186);
#1186 = CARTESIAN_POINT('',(-8.4,-40.,22.39));
#1187 = CIRCLE('',#1188,2.59);
#1188 = AXIS2_PLACEMENT_3D('',#1189,#1190,#1191);
#1189 = CARTESIAN_POINT('',(-5.81,-40.,22.39));
#1190 = DIRECTION('',(1.749417079451E-44,1.,-2.342578391104E-16));
#1191 = DIRECTION('',(-9.998794611297E-13,-2.342578391104E-16,-1.));
#1192 = ORIENTED_EDGE('',*,*,#1193,.T.);
#1193 = EDGE_CURVE('',#1185,#1194,#1196,.T.);
#1194 = VERTEX_POINT('',#1195);
#1195 = CARTESIAN_POINT('',(-8.4,-40.,57.810000000001));
#1196 = LINE('',#1197,#1198);
#1197 = CARTESIAN_POINT('',(-8.4,-40.,22.39));
#1198 = VECTOR('',#1199,1.);
#1199 = DIRECTION('',(0.,2.22044604925E-16,1.));
#1200 = ORIENTED_EDGE('',*,*,#1201,.T.);
#1201 = EDGE_CURVE('',#1194,#1141,#1202,.T.);
#1202 = CIRCLE('',#1203,2.59);
#1203 = AXIS2_PLACEMENT_3D('',#1204,#1205,#1206);
#1204 = CARTESIAN_POINT('',(-5.81,-40.,57.81));
#1205 = DIRECTION('',(0.,1.,-2.342578391104E-16));
#1206 = DIRECTION('',(-1.,2.340478877365E-28,9.991037594531E-13));
#1207 = FACE_BOUND('',#1208,.T.);
#1208 = EDGE_LOOP('',(#1209,#1220,#1228,#1237,#1245,#1254,#1262,#1271));
#1209 = ORIENTED_EDGE('',*,*,#1210,.T.);
#1210 = EDGE_CURVE('',#1211,#1213,#1215,.T.);
#1211 = VERTEX_POINT('',#1212);
#1212 = CARTESIAN_POINT('',(-8.4,-40.,147.81));
#1213 = VERTEX_POINT('',#1214);
#1214 = CARTESIAN_POINT('',(-5.81,-40.,150.4));
#1215 = CIRCLE('',#1216,2.59);
#1216 = AXIS2_PLACEMENT_3D('',#1217,#1218,#1219);
#1217 = CARTESIAN_POINT('',(-5.81,-40.,147.81));
#1218 = DIRECTION('',(0.,1.,-2.342578391104E-16));
#1219 = DIRECTION('',(-1.,5.108157058649E-46,2.180570382638E-30));
#1220 = ORIENTED_EDGE('',*,*,#1221,.T.);
#1221 = EDGE_CURVE('',#1213,#1222,#1224,.T.);
#1222 = VERTEX_POINT('',#1223);
#1223 = CARTESIAN_POINT('',(5.81,-40.,150.4));
#1224 = LINE('',#1225,#1226);
#1225 = CARTESIAN_POINT('',(-5.81,-40.,150.4));
#1226 = VECTOR('',#1227,1.);
#1227 = DIRECTION('',(1.,0.,0.));
#1228 = ORIENTED_EDGE('',*,*,#1229,.T.);
#1229 = EDGE_CURVE('',#1222,#1230,#1232,.T.);
#1230 = VERTEX_POINT('',#1231);
#1231 = CARTESIAN_POINT('',(8.4,-40.,147.81));
#1232 = CIRCLE('',#1233,2.59);
#1233 = AXIS2_PLACEMENT_3D('',#1234,#1235,#1236);
#1234 = CARTESIAN_POINT('',(5.81,-40.,147.81));
#1235 = DIRECTION('',(0.,1.,-2.342578391104E-16));
#1236 = DIRECTION('',(0.,2.342578391104E-16,1.));
#1237 = ORIENTED_EDGE('',*,*,#1238,.T.);
#1238 = EDGE_CURVE('',#1230,#1239,#1241,.T.);
#1239 = VERTEX_POINT('',#1240);
#1240 = CARTESIAN_POINT('',(8.4,-40.,112.39));
#1241 = LINE('',#1242,#1243);
#1242 = CARTESIAN_POINT('',(8.4,-40.,147.81));
#1243 = VECTOR('',#1244,1.);
#1244 = DIRECTION('',(0.,-2.22044604925E-16,-1.));
#1245 = ORIENTED_EDGE('',*,*,#1246,.T.);
#1246 = EDGE_CURVE('',#1239,#1247,#1249,.T.);
#1247 = VERTEX_POINT('',#1248);
#1248 = CARTESIAN_POINT('',(5.81,-40.,109.8));
#1249 = CIRCLE('',#1250,2.59);
#1250 = AXIS2_PLACEMENT_3D('',#1251,#1252,#1253);
#1251 = CARTESIAN_POINT('',(5.81,-40.,112.39));
#1252 = DIRECTION('',(0.,1.,-2.342578391104E-16));
#1253 = DIRECTION('',(1.,5.108157058649E-46,2.180570382638E-30));
#1254 = ORIENTED_EDGE('',*,*,#1255,.T.);
#1255 = EDGE_CURVE('',#1247,#1256,#1258,.T.);
#1256 = VERTEX_POINT('',#1257);
#1257 = CARTESIAN_POINT('',(-5.81,-40.,109.8));
#1258 = LINE('',#1259,#1260);
#1259 = CARTESIAN_POINT('',(5.81,-40.,109.8));
#1260 = VECTOR('',#1261,1.);
#1261 = DIRECTION('',(-1.,-0.,-0.));
#1262 = ORIENTED_EDGE('',*,*,#1263,.T.);
#1263 = EDGE_CURVE('',#1256,#1264,#1266,.T.);
#1264 = VERTEX_POINT('',#1265);
#1265 = CARTESIAN_POINT('',(-8.4,-40.,112.39));
#1266 = CIRCLE('',#1267,2.59);
#1267 = AXIS2_PLACEMENT_3D('',#1268,#1269,#1270);
#1268 = CARTESIAN_POINT('',(-5.81,-40.,112.39));
#1269 = DIRECTION('',(0.,1.,-2.342578391104E-16));
#1270 = DIRECTION('',(0.,-2.342578391104E-16,-1.));
#1271 = ORIENTED_EDGE('',*,*,#1272,.T.);
#1272 = EDGE_CURVE('',#1264,#1211,#1273,.T.);
#1273 = LINE('',#1274,#1275);
#1274 = CARTESIAN_POINT('',(-8.4,-40.,112.39));
#1275 = VECTOR('',#1276,1.);
#1276 = DIRECTION('',(0.,2.22044604925E-16,1.));
#1277 = FACE_BOUND('',#1278,.T.);
#1278 = EDGE_LOOP('',(#1279));
#1279 = ORIENTED_EDGE('',*,*,#1280,.T.);
#1280 = EDGE_CURVE('',#1281,#1281,#1283,.T.);
#1281 = VERTEX_POINT('',#1282);
#1282 = CARTESIAN_POINT('',(-7.8,-40.,85.1));
#1283 = CIRCLE('',#1284,7.8);
#1284 = AXIS2_PLACEMENT_3D('',#1285,#1286,#1287);
#1285 = CARTESIAN_POINT('',(0.,-40.,85.1));
#1286 = DIRECTION('',(0.,1.,-2.342578391104E-16));
#1287 = DIRECTION('',(-1.,1.559690621907E-46,6.658008234989E-31));
#1288 = PLANE('',#1289);
#1289 = AXIS2_PLACEMENT_3D('',#1290,#1291,#1292);
#1290 = CARTESIAN_POINT('',(1.026270899825E-15,-40.,85.1));
#1291 = DIRECTION('',(0.,-1.,2.342578391104E-16));
#1292 = DIRECTION('',(0.,-2.342578391104E-16,-1.));
#1293 = ADVANCED_FACE('',(#1294,#1312),#1348,.F.);
#1294 = FACE_BOUND('',#1295,.F.);
#1295 = EDGE_LOOP('',(#1296,#1297,#1305,#1311));
#1296 = ORIENTED_EDGE('',*,*,#948,.F.);
#1297 = ORIENTED_EDGE('',*,*,#1298,.T.);
#1298 = EDGE_CURVE('',#949,#1299,#1301,.T.);
#1299 = VERTEX_POINT('',#1300);
#1300 = CARTESIAN_POINT('',(5.25,-34.,-20.10520671964));
#1301 = LINE('',#1302,#1303);
#1302 = CARTESIAN_POINT('',(5.25,-26.,-20.10520671964));
#1303 = VECTOR('',#1304,1.);
#1304 = DIRECTION('',(0.,-1.,0.));
#1305 = ORIENTED_EDGE('',*,*,#1306,.T.);
#1306 = EDGE_CURVE('',#1299,#286,#1307,.T.);
#1307 = LINE('',#1308,#1309);
#1308 = CARTESIAN_POINT('',(5.25,-34.,-20.40520671964));
#1309 = VECTOR('',#1310,1.);
#1310 = DIRECTION('',(0.,0.,1.));
#1311 = ORIENTED_EDGE('',*,*,#285,.T.);
#1312 = FACE_BOUND('',#1313,.F.);
#1313 = EDGE_LOOP('',(#1314,#1324,#1333,#1341));
#1314 = ORIENTED_EDGE('',*,*,#1315,.F.);
#1315 = EDGE_CURVE('',#1316,#1318,#1320,.T.);
#1316 = VERTEX_POINT('',#1317);
#1317 = CARTESIAN_POINT('',(5.25,-28.4,-14.40520671964));
#1318 = VERTEX_POINT('',#1319);
#1319 = CARTESIAN_POINT('',(5.25,-28.4,-15.40520671964));
#1320 = LINE('',#1321,#1322);
#1321 = CARTESIAN_POINT('',(5.25,-28.4,-14.40520671964));
#1322 = VECTOR('',#1323,1.);
#1323 = DIRECTION('',(0.,0.,-1.));
#1324 = ORIENTED_EDGE('',*,*,#1325,.T.);
#1325 = EDGE_CURVE('',#1316,#1326,#1328,.T.);
#1326 = VERTEX_POINT('',#1327);
#1327 = CARTESIAN_POINT('',(5.25,-31.6,-14.40520671964));
#1328 = CIRCLE('',#1329,1.6);
#1329 = AXIS2_PLACEMENT_3D('',#1330,#1331,#1332);
#1330 = CARTESIAN_POINT('',(5.25,-30.,-14.40520671964));
#1331 = DIRECTION('',(1.,0.,0.));
#1332 = DIRECTION('',(0.,1.,0.));
#1333 = ORIENTED_EDGE('',*,*,#1334,.T.);
#1334 = EDGE_CURVE('',#1326,#1335,#1337,.T.);
#1335 = VERTEX_POINT('',#1336);
#1336 = CARTESIAN_POINT('',(5.25,-31.6,-15.40520671964));
#1337 = LINE('',#1338,#1339);
#1338 = CARTESIAN_POINT('',(5.25,-31.6,-14.40520671964));
#1339 = VECTOR('',#1340,1.);
#1340 = DIRECTION('',(0.,8.526512829121E-14,-1.));
#1341 = ORIENTED_EDGE('',*,*,#1342,.T.);
#1342 = EDGE_CURVE('',#1335,#1318,#1343,.T.);
#1343 = CIRCLE('',#1344,1.6);
#1344 = AXIS2_PLACEMENT_3D('',#1345,#1346,#1347);
#1345 = CARTESIAN_POINT('',(5.25,-30.,-15.40520671964));
#1346 = DIRECTION('',(1.,0.,0.));
#1347 = DIRECTION('',(0.,1.,0.));
#1348 = PLANE('',#1349);
#1349 = AXIS2_PLACEMENT_3D('',#1350,#1351,#1352);
#1350 = CARTESIAN_POINT('',(5.25,-30.,-14.40520671964));
#1351 = DIRECTION('',(-1.,-0.,-0.));
#1352 = DIRECTION('',(0.,0.,-1.));
#1353 = ADVANCED_FACE('',(#1354),#1365,.T.);
#1354 = FACE_BOUND('',#1355,.T.);
#1355 = EDGE_LOOP('',(#1356,#1357,#1358,#1359));
#1356 = ORIENTED_EDGE('',*,*,#1306,.T.);
#1357 = ORIENTED_EDGE('',*,*,#302,.T.);
#1358 = ORIENTED_EDGE('',*,*,#316,.F.);
#1359 = ORIENTED_EDGE('',*,*,#1360,.F.);
#1360 = EDGE_CURVE('',#1299,#317,#1361,.T.);
#1361 = LINE('',#1362,#1363);
#1362 = CARTESIAN_POINT('',(5.25,-34.,-20.10520671964));
#1363 = VECTOR('',#1364,1.);
#1364 = DIRECTION('',(0.707106781187,-0.707106781187,0.));
#1365 = PLANE('',#1366);
#1366 = AXIS2_PLACEMENT_3D('',#1367,#1368,#1369);
#1367 = CARTESIAN_POINT('',(5.25,-34.,-20.40520671964));
#1368 = DIRECTION('',(0.707106781187,0.707106781187,0.));
#1369 = DIRECTION('',(0.707106781187,-0.707106781187,0.));
#1370 = ADVANCED_FACE('',(#1371),#1396,.T.);
#1371 = FACE_BOUND('',#1372,.F.);
#1372 = EDGE_LOOP('',(#1373,#1381,#1389,#1395));
#1373 = ORIENTED_EDGE('',*,*,#1374,.F.);
#1374 = EDGE_CURVE('',#1375,#317,#1377,.T.);
#1375 = VERTEX_POINT('',#1376);
#1376 = CARTESIAN_POINT('',(6.95,-36.12426406871,-20.40520671964));
#1377 = LINE('',#1378,#1379);
#1378 = CARTESIAN_POINT('',(6.842099142644,-36.16895806722,-20.513107577
    ));
#1379 = VECTOR('',#1380,1.);
#1380 = DIRECTION('',(0.678598344546,0.281084637715,0.678598344546));
#1381 = ORIENTED_EDGE('',*,*,#1382,.T.);
#1382 = EDGE_CURVE('',#1375,#1383,#1385,.T.);
#1383 = VERTEX_POINT('',#1384);
#1384 = CARTESIAN_POINT('',(6.95,-39.7,-20.40520671964));
#1385 = LINE('',#1386,#1387);
#1386 = CARTESIAN_POINT('',(6.95,-36.,-20.40520671964));
#1387 = VECTOR('',#1388,1.);
#1388 = DIRECTION('',(0.,-1.,2.22044604925E-16));
#1389 = ORIENTED_EDGE('',*,*,#1390,.F.);
#1390 = EDGE_CURVE('',#325,#1383,#1391,.T.);
#1391 = LINE('',#1392,#1393);
#1392 = CARTESIAN_POINT('',(7.175,-39.7,-20.18020671964));
#1393 = VECTOR('',#1394,1.);
#1394 = DIRECTION('',(-0.707106781187,1.051716886727E-14,-0.707106781187
    ));
#1395 = ORIENTED_EDGE('',*,*,#324,.F.);
#1396 = PLANE('',#1397);
#1397 = AXIS2_PLACEMENT_3D('',#1398,#1399,#1400);
#1398 = CARTESIAN_POINT('',(7.1,-36.,-20.25520671964));
#1399 = DIRECTION('',(0.707106781187,-2.523732091295E-16,-0.707106781187
    ));
#1400 = DIRECTION('',(6.743250510274E-17,1.,-2.894771100278E-16));
#1401 = ADVANCED_FACE('',(#1402),#1412,.F.);
#1402 = FACE_BOUND('',#1403,.F.);
#1403 = EDGE_LOOP('',(#1404,#1410,#1411));
#1404 = ORIENTED_EDGE('',*,*,#1405,.F.);
#1405 = EDGE_CURVE('',#396,#350,#1406,.T.);
#1406 = LINE('',#1407,#1408);
#1407 = CARTESIAN_POINT('',(6.95,-0.225,-20.33020671964));
#1408 = VECTOR('',#1409,1.);
#1409 = DIRECTION('',(1.431563461298E-15,0.707106781187,0.707106781187)
  );
#1410 = ORIENTED_EDGE('',*,*,#395,.T.);
#1411 = ORIENTED_EDGE('',*,*,#357,.F.);
#1412 = PLANE('',#1413);
#1413 = AXIS2_PLACEMENT_3D('',#1414,#1415,#1416);
#1414 = CARTESIAN_POINT('',(6.95,-0.3,-20.40520671964));
#1415 = DIRECTION('',(-0.57735026919,-0.57735026919,0.57735026919));
#1416 = DIRECTION('',(0.707106781187,-0.707106781187,8.37963853316E-15)
  );
#1417 = ADVANCED_FACE('',(#1418),#1436,.T.);
#1418 = FACE_BOUND('',#1419,.T.);
#1419 = EDGE_LOOP('',(#1420,#1428,#1434,#1435));
#1420 = ORIENTED_EDGE('',*,*,#1421,.F.);
#1421 = EDGE_CURVE('',#1422,#372,#1424,.T.);
#1422 = VERTEX_POINT('',#1423);
#1423 = CARTESIAN_POINT('',(4.95,-5.875735931288,-20.40520671964));
#1424 = LINE('',#1425,#1426);
#1425 = CARTESIAN_POINT('',(5.111851286034,-5.942776929051,
    -20.24335543361));
#1426 = VECTOR('',#1427,1.);
#1427 = DIRECTION('',(0.678598344546,-0.281084637715,0.678598344546));
#1428 = ORIENTED_EDGE('',*,*,#1429,.T.);
#1429 = EDGE_CURVE('',#1422,#405,#1430,.T.);
#1430 = LINE('',#1431,#1432);
#1431 = CARTESIAN_POINT('',(5.037867965644,-5.787867965644,
    -20.40520671964));
#1432 = VECTOR('',#1433,1.);
#1433 = DIRECTION('',(0.707106781187,0.707106781187,0.));
#1434 = ORIENTED_EDGE('',*,*,#404,.F.);
#1435 = ORIENTED_EDGE('',*,*,#381,.F.);
#1436 = PLANE('',#1437);
#1437 = AXIS2_PLACEMENT_3D('',#1438,#1439,#1440);
#1438 = CARTESIAN_POINT('',(5.143933982822,-5.893933982822,
    -20.25520671964));
#1439 = DIRECTION('',(0.5,-0.5,-0.707106781187));
#1440 = DIRECTION('',(0.707106781187,0.707106781187,5.551115123126E-17)
  );
#1441 = ADVANCED_FACE('',(#1442),#1506,.F.);
#1442 = FACE_BOUND('',#1443,.F.);
#1443 = EDGE_LOOP('',(#1444,#1452,#1460,#1466,#1467,#1475,#1483,#1489,
    #1490,#1498,#1504,#1505));
#1444 = ORIENTED_EDGE('',*,*,#1445,.F.);
#1445 = EDGE_CURVE('',#1446,#396,#1448,.T.);
#1446 = VERTEX_POINT('',#1447);
#1447 = CARTESIAN_POINT('',(1.55,-0.3,-20.40520671964));
#1448 = LINE('',#1449,#1450);
#1449 = CARTESIAN_POINT('',(1.25,-0.3,-20.40520671964));
#1450 = VECTOR('',#1451,1.);
#1451 = DIRECTION('',(1.,0.,0.));
#1452 = ORIENTED_EDGE('',*,*,#1453,.T.);
#1453 = EDGE_CURVE('',#1446,#1454,#1456,.T.);
#1454 = VERTEX_POINT('',#1455);
#1455 = CARTESIAN_POINT('',(1.55,-39.7,-20.40520671964));
#1456 = LINE('',#1457,#1458);
#1457 = CARTESIAN_POINT('',(1.55,-4.530866064478E-15,-20.40520671964));
#1458 = VECTOR('',#1459,1.);
#1459 = DIRECTION('',(0.,-1.,2.22044604925E-16));
#1460 = ORIENTED_EDGE('',*,*,#1461,.T.);
#1461 = EDGE_CURVE('',#1454,#1383,#1462,.T.);
#1462 = LINE('',#1463,#1464);
#1463 = CARTESIAN_POINT('',(1.25,-39.7,-20.40520671964));
#1464 = VECTOR('',#1465,1.);
#1465 = DIRECTION('',(1.,0.,0.));
#1466 = ORIENTED_EDGE('',*,*,#1382,.F.);
#1467 = ORIENTED_EDGE('',*,*,#1468,.F.);
#1468 = EDGE_CURVE('',#1469,#1375,#1471,.T.);
#1469 = VERTEX_POINT('',#1470);
#1470 = CARTESIAN_POINT('',(4.95,-34.12426406871,-20.40520671964));
#1471 = LINE('',#1472,#1473);
#1472 = CARTESIAN_POINT('',(5.037867965644,-34.21213203435,
    -20.40520671964));
#1473 = VECTOR('',#1474,1.);
#1474 = DIRECTION('',(0.707106781187,-0.707106781187,0.));
#1475 = ORIENTED_EDGE('',*,*,#1476,.F.);
#1476 = EDGE_CURVE('',#1477,#1469,#1479,.T.);
#1477 = VERTEX_POINT('',#1478);
#1478 = CARTESIAN_POINT('',(4.95,-25.87573593128,-20.40520671964));
#1479 = LINE('',#1480,#1481);
#1480 = CARTESIAN_POINT('',(4.95,-26.,-20.40520671964));
#1481 = VECTOR('',#1482,1.);
#1482 = DIRECTION('',(0.,-1.,0.));
#1483 = ORIENTED_EDGE('',*,*,#1484,.T.);
#1484 = EDGE_CURVE('',#1477,#926,#1485,.T.);
#1485 = LINE('',#1486,#1487);
#1486 = CARTESIAN_POINT('',(5.037867965644,-25.78786796564,
    -20.40520671964));
#1487 = VECTOR('',#1488,1.);
#1488 = DIRECTION('',(0.707106781187,0.707106781187,0.));
#1489 = ORIENTED_EDGE('',*,*,#925,.F.);
#1490 = ORIENTED_EDGE('',*,*,#1491,.F.);
#1491 = EDGE_CURVE('',#1492,#918,#1494,.T.);
#1492 = VERTEX_POINT('',#1493);
#1493 = CARTESIAN_POINT('',(4.95,-14.12426406871,-20.40520671964));
#1494 = LINE('',#1495,#1496);
#1495 = CARTESIAN_POINT('',(5.037867965644,-14.21213203435,
    -20.40520671964));
#1496 = VECTOR('',#1497,1.);
#1497 = DIRECTION('',(0.707106781187,-0.707106781187,0.));
#1498 = ORIENTED_EDGE('',*,*,#1499,.F.);
#1499 = EDGE_CURVE('',#1422,#1492,#1500,.T.);
#1500 = LINE('',#1501,#1502);
#1501 = CARTESIAN_POINT('',(4.95,-6.,-20.40520671964));
#1502 = VECTOR('',#1503,1.);
#1503 = DIRECTION('',(0.,-1.,0.));
#1504 = ORIENTED_EDGE('',*,*,#1429,.T.);
#1505 = ORIENTED_EDGE('',*,*,#412,.F.);
#1506 = PLANE('',#1507);
#1507 = AXIS2_PLACEMENT_3D('',#1508,#1509,#1510);
#1508 = CARTESIAN_POINT('',(1.25,-4.530866064478E-15,-20.40520671964));
#1509 = DIRECTION('',(0.,2.22044604925E-16,1.));
#1510 = DIRECTION('',(1.,0.,0.));
#1511 = ADVANCED_FACE('',(#1512),#1524,.T.);
#1512 = FACE_BOUND('',#1513,.T.);
#1513 = EDGE_LOOP('',(#1514,#1521,#1522,#1523));
#1514 = ORIENTED_EDGE('',*,*,#1515,.F.);
#1515 = EDGE_CURVE('',#863,#511,#1516,.T.);
#1516 = PARABOLA('',#1517,1.361180553784);
#1517 = AXIS2_PLACEMENT_3D('',#1518,#1519,#1520);
#1518 = CARTESIAN_POINT('',(-1.925,8.875,170.2));
#1519 = DIRECTION('',(0.707106781187,0.707106781187,-1.669172307897E-16)
  );
#1520 = DIRECTION('',(0.707106781187,-0.707106781187,1.772081628541E-16)
  );
#1521 = ORIENTED_EDGE('',*,*,#870,.T.);
#1522 = ORIENTED_EDGE('',*,*,#426,.T.);
#1523 = ORIENTED_EDGE('',*,*,#518,.F.);
#1524 = CONICAL_SURFACE('',#1525,11.1,0.785398163397);
#1525 = AXIS2_PLACEMENT_3D('',#1526,#1527,#1528);
#1526 = CARTESIAN_POINT('',(-9.004741497577E-18,-0.3,170.2));
#1527 = DIRECTION('',(-0.,-1.,2.43333399424E-16));
#1528 = DIRECTION('',(0.653153153153,1.842583354913E-16,0.757225830599)
  );
#1529 = ADVANCED_FACE('',(#1530),#1557,.T.);
#1530 = FACE_BOUND('',#1531,.F.);
#1531 = EDGE_LOOP('',(#1532,#1541,#1550,#1556));
#1532 = ORIENTED_EDGE('',*,*,#1533,.F.);
#1533 = EDGE_CURVE('',#1534,#451,#1536,.T.);
#1534 = VERTEX_POINT('',#1535);
#1535 = CARTESIAN_POINT('',(-7.25,-0.3,178.60520671964));
#1536 = PARABOLA('',#1537,1.361180553784);
#1537 = AXIS2_PLACEMENT_3D('',#1538,#1539,#1540);
#1538 = CARTESIAN_POINT('',(1.925,8.875,170.2));
#1539 = DIRECTION('',(0.707106781187,-0.707106781187,1.754110827422E-16)
  );
#1540 = DIRECTION('',(-0.707106781187,-0.707106781187,1.687143109016E-16
    ));
#1541 = ORIENTED_EDGE('',*,*,#1542,.T.);
#1542 = EDGE_CURVE('',#1534,#1543,#1545,.T.);
#1543 = VERTEX_POINT('',#1544);
#1544 = CARTESIAN_POINT('',(-11.1,-0.3,170.2));
#1545 = CIRCLE('',#1546,11.1);
#1546 = AXIS2_PLACEMENT_3D('',#1547,#1548,#1549);
#1547 = CARTESIAN_POINT('',(-9.004741497577E-18,-0.3,170.2));
#1548 = DIRECTION('',(-2.35216506156E-33,-1.,2.43333399424E-16));
#1549 = DIRECTION('',(-0.653153153153,1.842583354913E-16,0.757225830599)
  );
#1550 = ORIENTED_EDGE('',*,*,#1551,.T.);
#1551 = EDGE_CURVE('',#1543,#453,#1552,.T.);
#1552 = LINE('',#1553,#1554);
#1553 = CARTESIAN_POINT('',(-11.1,-0.3,170.2));
#1554 = VECTOR('',#1555,1.);
#1555 = DIRECTION('',(0.707106781187,0.707106781187,-3.854537383897E-16)
  );
#1556 = ORIENTED_EDGE('',*,*,#450,.F.);
#1557 = CONICAL_SURFACE('',#1558,11.1,0.785398163397);
#1558 = AXIS2_PLACEMENT_3D('',#1559,#1560,#1561);
#1559 = CARTESIAN_POINT('',(-9.004741497577E-18,-0.3,170.2));
#1560 = DIRECTION('',(-0.,-1.,2.43333399424E-16));
#1561 = DIRECTION('',(-0.653153153153,1.842583354913E-16,0.757225830599)
  );
#1562 = ADVANCED_FACE('',(#1563),#1581,.F.);
#1563 = FACE_BOUND('',#1564,.T.);
#1564 = EDGE_LOOP('',(#1565,#1566,#1574,#1580));
#1565 = ORIENTED_EDGE('',*,*,#1533,.F.);
#1566 = ORIENTED_EDGE('',*,*,#1567,.T.);
#1567 = EDGE_CURVE('',#1534,#1568,#1570,.T.);
#1568 = VERTEX_POINT('',#1569);
#1569 = CARTESIAN_POINT('',(-7.25,-0.3,190.30520671964));
#1570 = LINE('',#1571,#1572);
#1571 = CARTESIAN_POINT('',(-7.25,-0.3,178.60520671964));
#1572 = VECTOR('',#1573,1.);
#1573 = DIRECTION('',(0.,3.445092848398E-16,1.));
#1574 = ORIENTED_EDGE('',*,*,#1575,.F.);
#1575 = EDGE_CURVE('',#462,#1568,#1576,.T.);
#1576 = LINE('',#1577,#1578);
#1577 = CARTESIAN_POINT('',(-7.1,-0.15,190.30520671964));
#1578 = VECTOR('',#1579,1.);
#1579 = DIRECTION('',(-0.707106781187,-0.707106781187,7.698196712735E-15
    ));
#1580 = ORIENTED_EDGE('',*,*,#461,.F.);
#1581 = PLANE('',#1582);
#1582 = AXIS2_PLACEMENT_3D('',#1583,#1584,#1585);
#1583 = CARTESIAN_POINT('',(-7.1,-0.15,178.60520671964));
#1584 = DIRECTION('',(0.707106781187,-0.707106781187,1.754110827422E-16)
  );
#1585 = DIRECTION('',(-4.822027631761E-17,-2.962890085222E-16,-1.));
#1586 = ADVANCED_FACE('',(#1587),#1605,.T.);
#1587 = FACE_BOUND('',#1588,.F.);
#1588 = EDGE_LOOP('',(#1589,#1590,#1598,#1604));
#1589 = ORIENTED_EDGE('',*,*,#1551,.F.);
#1590 = ORIENTED_EDGE('',*,*,#1591,.T.);
#1591 = EDGE_CURVE('',#1543,#1592,#1594,.T.);
#1592 = VERTEX_POINT('',#1593);
#1593 = CARTESIAN_POINT('',(-11.1,-0.3,0.));
#1594 = LINE('',#1595,#1596);
#1595 = CARTESIAN_POINT('',(-11.1,-0.3,170.2));
#1596 = VECTOR('',#1597,1.);
#1597 = DIRECTION('',(0.,-3.445092848398E-16,-1.));
#1598 = ORIENTED_EDGE('',*,*,#1599,.T.);
#1599 = EDGE_CURVE('',#1592,#578,#1600,.T.);
#1600 = LINE('',#1601,#1602);
#1601 = CARTESIAN_POINT('',(-10.95,-0.15,0.));
#1602 = VECTOR('',#1603,1.);
#1603 = DIRECTION('',(0.707106781187,0.707106781187,-2.436048514919E-16)
  );
#1604 = ORIENTED_EDGE('',*,*,#586,.F.);
#1605 = PLANE('',#1606);
#1606 = AXIS2_PLACEMENT_3D('',#1607,#1608,#1609);
#1607 = CARTESIAN_POINT('',(-10.95,-0.15,170.2));
#1608 = DIRECTION('',(-0.707106781187,0.707106781187,-1.765778424613E-16
    ));
#1609 = DIRECTION('',(4.73952526082E-17,2.971140322316E-16,1.));
#1610 = ADVANCED_FACE('',(#1611),#1636,.F.);
#1611 = FACE_BOUND('',#1612,.T.);
#1612 = EDGE_LOOP('',(#1613,#1621,#1629,#1635));
#1613 = ORIENTED_EDGE('',*,*,#1614,.F.);
#1614 = EDGE_CURVE('',#1615,#462,#1617,.T.);
#1615 = VERTEX_POINT('',#1616);
#1616 = CARTESIAN_POINT('',(-6.95,-0.3,190.60520671964));
#1617 = LINE('',#1618,#1619);
#1618 = CARTESIAN_POINT('',(-6.95,-0.225,190.53020671964));
#1619 = VECTOR('',#1620,1.);
#1620 = DIRECTION('',(7.174993760218E-14,0.707106781187,-0.707106781187)
  );
#1621 = ORIENTED_EDGE('',*,*,#1622,.T.);
#1622 = EDGE_CURVE('',#1615,#1623,#1625,.T.);
#1623 = VERTEX_POINT('',#1624);
#1624 = CARTESIAN_POINT('',(-1.55,-0.3,190.60520671964));
#1625 = LINE('',#1626,#1627);
#1626 = CARTESIAN_POINT('',(-7.25,-0.3,190.60520671964));
#1627 = VECTOR('',#1628,1.);
#1628 = DIRECTION('',(1.,0.,0.));
#1629 = ORIENTED_EDGE('',*,*,#1630,.F.);
#1630 = EDGE_CURVE('',#470,#1623,#1631,.T.);
#1631 = LINE('',#1632,#1633);
#1632 = CARTESIAN_POINT('',(-1.55,-0.15,190.45520671964));
#1633 = VECTOR('',#1634,1.);
#1634 = DIRECTION('',(6.992380980498E-14,-0.707106781187,0.707106781187)
  );
#1635 = ORIENTED_EDGE('',*,*,#469,.F.);
#1636 = PLANE('',#1637);
#1637 = AXIS2_PLACEMENT_3D('',#1638,#1639,#1640);
#1638 = CARTESIAN_POINT('',(-7.25,-0.15,190.45520671964));
#1639 = DIRECTION('',(2.97479701505E-18,-0.707106781187,-0.707106781187)
  );
#1640 = DIRECTION('',(-1.,-2.103499141996E-18,-2.103499141995E-18));
#1641 = ADVANCED_FACE('',(#1642),#1662,.T.);
#1642 = FACE_BOUND('',#1643,.F.);
#1643 = EDGE_LOOP('',(#1644,#1645,#1654,#1661));
#1644 = ORIENTED_EDGE('',*,*,#1599,.F.);
#1645 = ORIENTED_EDGE('',*,*,#1646,.T.);
#1646 = EDGE_CURVE('',#1592,#1647,#1649,.T.);
#1647 = VERTEX_POINT('',#1648);
#1648 = CARTESIAN_POINT('',(-7.25,-0.3,-8.405206719647));
#1649 = CIRCLE('',#1650,11.1);
#1650 = AXIS2_PLACEMENT_3D('',#1651,#1652,#1653);
#1651 = CARTESIAN_POINT('',(-9.004741497577E-18,-0.3,7.30000198272E-17)
  );
#1652 = DIRECTION('',(0.,-1.,2.43333399424E-16));
#1653 = DIRECTION('',(-1.,-2.861200290013E-32,-1.175835416258E-16));
#1654 = ORIENTED_EDGE('',*,*,#1655,.T.);
#1655 = EDGE_CURVE('',#1647,#570,#1656,.T.);
#1656 = PARABOLA('',#1657,1.361180553784);
#1657 = AXIS2_PLACEMENT_3D('',#1658,#1659,#1660);
#1658 = CARTESIAN_POINT('',(1.925,8.875,-2.163837791279E-15));
#1659 = DIRECTION('',(-0.707106781187,0.707106781187,-1.705001299091E-16
    ));
#1660 = DIRECTION('',(-0.707106781187,-0.707106781187,1.736252637346E-16
    ));
#1661 = ORIENTED_EDGE('',*,*,#577,.F.);
#1662 = CONICAL_SURFACE('',#1663,11.1,0.785398163397);
#1663 = AXIS2_PLACEMENT_3D('',#1664,#1665,#1666);
#1664 = CARTESIAN_POINT('',(-9.004741497577E-18,-0.3,7.30000198272E-17)
  );
#1665 = DIRECTION('',(-0.,-1.,2.43333399424E-16));
#1666 = DIRECTION('',(-1.,-2.861200290013E-32,-1.175835416258E-16));
#1667 = ADVANCED_FACE('',(#1668),#1694,.T.);
#1668 = FACE_BOUND('',#1669,.F.);
#1669 = EDGE_LOOP('',(#1670,#1679,#1687,#1693));
#1670 = ORIENTED_EDGE('',*,*,#1671,.F.);
#1671 = EDGE_CURVE('',#1672,#478,#1674,.T.);
#1672 = VERTEX_POINT('',#1673);
#1673 = CARTESIAN_POINT('',(-1.25,-0.3,178.20296819936));
#1674 = PARABOLA('',#1675,2.421840725564);
#1675 = AXIS2_PLACEMENT_3D('',#1676,#1677,#1678);
#1676 = CARTESIAN_POINT('',(3.425,-4.975,170.2));
#1677 = DIRECTION('',(0.707106781187,0.707106781187,-1.716547167389E-16)
  );
#1678 = DIRECTION('',(-0.707106781187,0.707106781187,-1.724706769049E-16
    ));
#1679 = ORIENTED_EDGE('',*,*,#1680,.T.);
#1680 = EDGE_CURVE('',#1672,#1681,#1683,.T.);
#1681 = VERTEX_POINT('',#1682);
#1682 = CARTESIAN_POINT('',(-1.25,-0.3,190.30520671964));
#1683 = LINE('',#1684,#1685);
#1684 = CARTESIAN_POINT('',(-1.25,-0.3,178.20296819936));
#1685 = VECTOR('',#1686,1.);
#1686 = DIRECTION('',(0.,3.445092848398E-16,1.));
#1687 = ORIENTED_EDGE('',*,*,#1688,.T.);
#1688 = EDGE_CURVE('',#1681,#470,#1689,.T.);
#1689 = LINE('',#1690,#1691);
#1690 = CARTESIAN_POINT('',(-1.325,-0.225,190.30520671964));
#1691 = VECTOR('',#1692,1.);
#1692 = DIRECTION('',(-0.707106781187,0.707106781187,3.709299052941E-14)
  );
#1693 = ORIENTED_EDGE('',*,*,#477,.F.);
#1694 = PLANE('',#1695);
#1695 = AXIS2_PLACEMENT_3D('',#1696,#1697,#1698);
#1696 = CARTESIAN_POINT('',(-1.4,-0.15,178.20296819936));
#1697 = DIRECTION('',(0.707106781187,0.707106781187,-1.716547167389E-16)
  );
#1698 = DIRECTION('',(5.087642819116E-17,-2.936328566486E-16,-1.));
#1699 = ADVANCED_FACE('',(#1700),#1718,.F.);
#1700 = FACE_BOUND('',#1701,.F.);
#1701 = EDGE_LOOP('',(#1702,#1703,#1711,#1717));
#1702 = ORIENTED_EDGE('',*,*,#1655,.F.);
#1703 = ORIENTED_EDGE('',*,*,#1704,.T.);
#1704 = EDGE_CURVE('',#1647,#1705,#1707,.T.);
#1705 = VERTEX_POINT('',#1706);
#1706 = CARTESIAN_POINT('',(-7.25,-0.3,-20.10520671964));
#1707 = LINE('',#1708,#1709);
#1708 = CARTESIAN_POINT('',(-7.25,-0.3,-8.405206719647));
#1709 = VECTOR('',#1710,1.);
#1710 = DIRECTION('',(0.,-2.22044604925E-16,-1.));
#1711 = ORIENTED_EDGE('',*,*,#1712,.T.);
#1712 = EDGE_CURVE('',#1705,#562,#1713,.T.);
#1713 = LINE('',#1714,#1715);
#1714 = CARTESIAN_POINT('',(-7.175,-0.225,-20.10520671964));
#1715 = VECTOR('',#1716,1.);
#1716 = DIRECTION('',(0.707106781187,0.707106781187,-9.221932491341E-15)
  );
#1717 = ORIENTED_EDGE('',*,*,#569,.F.);
#1718 = PLANE('',#1719);
#1719 = AXIS2_PLACEMENT_3D('',#1720,#1721,#1722);
#1720 = CARTESIAN_POINT('',(-7.1,-0.15,-8.405206719647));
#1721 = DIRECTION('',(0.707106781187,-0.707106781187,1.705001299091E-16)
  );
#1722 = DIRECTION('',(9.539495589407E-18,-2.315841005144E-16,-1.));
#1723 = ADVANCED_FACE('',(#1724),#1744,.F.);
#1724 = FACE_BOUND('',#1725,.F.);
#1725 = EDGE_LOOP('',(#1726,#1735,#1742,#1743));
#1726 = ORIENTED_EDGE('',*,*,#1727,.F.);
#1727 = EDGE_CURVE('',#1728,#486,#1730,.T.);
#1728 = VERTEX_POINT('',#1729);
#1729 = CARTESIAN_POINT('',(1.25,-0.3,178.20296819936));
#1730 = PARABOLA('',#1731,2.421840725564);
#1731 = AXIS2_PLACEMENT_3D('',#1732,#1733,#1734);
#1732 = CARTESIAN_POINT('',(-3.425,-4.975,170.2));
#1733 = DIRECTION('',(0.707106781187,-0.707106781187,1.716547167389E-16)
  );
#1734 = DIRECTION('',(0.707106781187,0.707106781187,-1.724706769049E-16)
  );
#1735 = ORIENTED_EDGE('',*,*,#1736,.T.);
#1736 = EDGE_CURVE('',#1728,#1672,#1737,.T.);
#1737 = CIRCLE('',#1738,8.1);
#1738 = AXIS2_PLACEMENT_3D('',#1739,#1740,#1741);
#1739 = CARTESIAN_POINT('',(-9.004741497577E-18,-0.3,170.2));
#1740 = DIRECTION('',(-1.358111335868E-33,1.,-2.43333399424E-16));
#1741 = DIRECTION('',(0.154320987654,2.404184515349E-16,0.988020765353)
  );
#1742 = ORIENTED_EDGE('',*,*,#1671,.T.);
#1743 = ORIENTED_EDGE('',*,*,#485,.F.);
#1744 = CONICAL_SURFACE('',#1745,8.1,0.785398163397);
#1745 = AXIS2_PLACEMENT_3D('',#1746,#1747,#1748);
#1746 = CARTESIAN_POINT('',(-9.004741497577E-18,-0.3,170.2));
#1747 = DIRECTION('',(0.,1.,-2.43333399424E-16));
#1748 = DIRECTION('',(0.154320987654,2.404184515349E-16,0.988020765353)
  );
#1749 = ADVANCED_FACE('',(#1750),#1775,.F.);
#1750 = FACE_BOUND('',#1751,.F.);
#1751 = EDGE_LOOP('',(#1752,#1762,#1768,#1769));
#1752 = ORIENTED_EDGE('',*,*,#1753,.T.);
#1753 = EDGE_CURVE('',#1754,#1756,#1758,.T.);
#1754 = VERTEX_POINT('',#1755);
#1755 = CARTESIAN_POINT('',(-6.95,-0.3,-20.40520671964));
#1756 = VERTEX_POINT('',#1757);
#1757 = CARTESIAN_POINT('',(-1.55,-0.3,-20.40520671964));
#1758 = LINE('',#1759,#1760);
#1759 = CARTESIAN_POINT('',(-7.25,-0.3,-20.40520671964));
#1760 = VECTOR('',#1761,1.);
#1761 = DIRECTION('',(1.,0.,0.));
#1762 = ORIENTED_EDGE('',*,*,#1763,.T.);
#1763 = EDGE_CURVE('',#1756,#554,#1764,.T.);
#1764 = LINE('',#1765,#1766);
#1765 = CARTESIAN_POINT('',(-1.55,-0.225,-20.33020671964));
#1766 = VECTOR('',#1767,1.);
#1767 = DIRECTION('',(1.654022216834E-15,0.707106781187,0.707106781187)
  );
#1768 = ORIENTED_EDGE('',*,*,#561,.F.);
#1769 = ORIENTED_EDGE('',*,*,#1770,.T.);
#1770 = EDGE_CURVE('',#562,#1754,#1771,.T.);
#1771 = LINE('',#1772,#1773);
#1772 = CARTESIAN_POINT('',(-6.95,-0.15,-20.25520671964));
#1773 = VECTOR('',#1774,1.);
#1774 = DIRECTION('',(3.011152988447E-16,-0.707106781187,-0.707106781187
    ));
#1775 = PLANE('',#1776);
#1776 = AXIS2_PLACEMENT_3D('',#1777,#1778,#1779);
#1777 = CARTESIAN_POINT('',(-7.25,-0.15,-20.25520671964));
#1778 = DIRECTION('',(1.258236042702E-18,-0.707106781187,0.707106781187)
  );
#1779 = DIRECTION('',(1.,8.897072381277E-19,-8.897072381277E-19));
#1780 = ADVANCED_FACE('',(#1781),#1799,.F.);
#1781 = FACE_BOUND('',#1782,.T.);
#1782 = EDGE_LOOP('',(#1783,#1784,#1792,#1798));
#1783 = ORIENTED_EDGE('',*,*,#1727,.F.);
#1784 = ORIENTED_EDGE('',*,*,#1785,.T.);
#1785 = EDGE_CURVE('',#1728,#1786,#1788,.T.);
#1786 = VERTEX_POINT('',#1787);
#1787 = CARTESIAN_POINT('',(1.25,-0.3,190.30520671964));
#1788 = LINE('',#1789,#1790);
#1789 = CARTESIAN_POINT('',(1.25,-0.3,178.20296819936));
#1790 = VECTOR('',#1791,1.);
#1791 = DIRECTION('',(0.,3.445092848398E-16,1.));
#1792 = ORIENTED_EDGE('',*,*,#1793,.F.);
#1793 = EDGE_CURVE('',#495,#1786,#1794,.T.);
#1794 = LINE('',#1795,#1796);
#1795 = CARTESIAN_POINT('',(1.4,-0.15,190.30520671964));
#1796 = VECTOR('',#1797,1.);
#1797 = DIRECTION('',(-0.707106781187,-0.707106781187,
    -3.746108665483E-14));
#1798 = ORIENTED_EDGE('',*,*,#494,.F.);
#1799 = PLANE('',#1800);
#1800 = AXIS2_PLACEMENT_3D('',#1801,#1802,#1803);
#1801 = CARTESIAN_POINT('',(1.4,-0.15,178.20296819936));
#1802 = DIRECTION('',(0.707106781187,-0.707106781187,1.716547167389E-16)
  );
#1803 = DIRECTION('',(-5.087642819116E-17,-2.936328566486E-16,-1.));
#1804 = ADVANCED_FACE('',(#1805),#1831,.T.);
#1805 = FACE_BOUND('',#1806,.T.);
#1806 = EDGE_LOOP('',(#1807,#1816,#1824,#1830));
#1807 = ORIENTED_EDGE('',*,*,#1808,.F.);
#1808 = EDGE_CURVE('',#1809,#545,#1811,.T.);
#1809 = VERTEX_POINT('',#1810);
#1810 = CARTESIAN_POINT('',(-1.25,-0.3,-8.002968199362));
#1811 = PARABOLA('',#1812,2.421840725564);
#1812 = AXIS2_PLACEMENT_3D('',#1813,#1814,#1815);
#1813 = CARTESIAN_POINT('',(3.425,-4.975,1.212559787695E-15));
#1814 = DIRECTION('',(-0.707106781187,-0.707106781187,1.716547167389E-16
    ));
#1815 = DIRECTION('',(-0.707106781187,0.707106781187,-1.724706769049E-16
    ));
#1816 = ORIENTED_EDGE('',*,*,#1817,.T.);
#1817 = EDGE_CURVE('',#1809,#1818,#1820,.T.);
#1818 = VERTEX_POINT('',#1819);
#1819 = CARTESIAN_POINT('',(-1.25,-0.3,-20.10520671964));
#1820 = LINE('',#1821,#1822);
#1821 = CARTESIAN_POINT('',(-1.25,-0.3,-8.002968199362));
#1822 = VECTOR('',#1823,1.);
#1823 = DIRECTION('',(0.,-2.22044604925E-16,-1.));
#1824 = ORIENTED_EDGE('',*,*,#1825,.F.);
#1825 = EDGE_CURVE('',#554,#1818,#1826,.T.);
#1826 = LINE('',#1827,#1828);
#1827 = CARTESIAN_POINT('',(-1.4,-0.15,-20.10520671964));
#1828 = VECTOR('',#1829,1.);
#1829 = DIRECTION('',(0.707106781187,-0.707106781187,1.03310175108E-14)
  );
#1830 = ORIENTED_EDGE('',*,*,#553,.F.);
#1831 = PLANE('',#1832);
#1832 = AXIS2_PLACEMENT_3D('',#1833,#1834,#1835);
#1833 = CARTESIAN_POINT('',(-1.4,-0.15,-8.002968199362));
#1834 = DIRECTION('',(0.707106781187,0.707106781187,-1.716547167389E-16)
  );
#1835 = DIRECTION('',(-1.035591176621E-17,-2.324005166912E-16,-1.));
#1836 = ADVANCED_FACE('',(#1837),#1862,.F.);
#1837 = FACE_BOUND('',#1838,.T.);
#1838 = EDGE_LOOP('',(#1839,#1847,#1855,#1861));
#1839 = ORIENTED_EDGE('',*,*,#1840,.F.);
#1840 = EDGE_CURVE('',#1841,#495,#1843,.T.);
#1841 = VERTEX_POINT('',#1842);
#1842 = CARTESIAN_POINT('',(1.55,-0.3,190.60520671964));
#1843 = LINE('',#1844,#1845);
#1844 = CARTESIAN_POINT('',(1.55,-0.225,190.53020671964));
#1845 = VECTOR('',#1846,1.);
#1846 = DIRECTION('',(6.959553954079E-14,0.707106781187,-0.707106781187)
  );
#1847 = ORIENTED_EDGE('',*,*,#1848,.T.);
#1848 = EDGE_CURVE('',#1841,#1849,#1851,.T.);
#1849 = VERTEX_POINT('',#1850);
#1850 = CARTESIAN_POINT('',(6.95,-0.3,190.60520671964));
#1851 = LINE('',#1852,#1853);
#1852 = CARTESIAN_POINT('',(1.25,-0.3,190.60520671964));
#1853 = VECTOR('',#1854,1.);
#1854 = DIRECTION('',(1.,0.,0.));
#1855 = ORIENTED_EDGE('',*,*,#1856,.F.);
#1856 = EDGE_CURVE('',#503,#1849,#1857,.T.);
#1857 = LINE('',#1858,#1859);
#1858 = CARTESIAN_POINT('',(6.95,-0.15,190.45520671964));
#1859 = VECTOR('',#1860,1.);
#1860 = DIRECTION('',(5.464288833991E-14,-0.707106781187,0.707106781187)
  );
#1861 = ORIENTED_EDGE('',*,*,#502,.F.);
#1862 = PLANE('',#1863);
#1863 = AXIS2_PLACEMENT_3D('',#1864,#1865,#1866);
#1864 = CARTESIAN_POINT('',(1.25,-0.15,190.45520671964));
#1865 = DIRECTION('',(2.97479701505E-18,-0.707106781187,-0.707106781187)
  );
#1866 = DIRECTION('',(-1.,-2.103499141996E-18,-2.103499141995E-18));
#1867 = ADVANCED_FACE('',(#1868),#1888,.F.);
#1868 = FACE_BOUND('',#1869,.T.);
#1869 = EDGE_LOOP('',(#1870,#1879,#1886,#1887));
#1870 = ORIENTED_EDGE('',*,*,#1871,.F.);
#1871 = EDGE_CURVE('',#1872,#537,#1874,.T.);
#1872 = VERTEX_POINT('',#1873);
#1873 = CARTESIAN_POINT('',(1.25,-0.3,-8.002968199362));
#1874 = PARABOLA('',#1875,2.421840725564);
#1875 = AXIS2_PLACEMENT_3D('',#1876,#1877,#1878);
#1876 = CARTESIAN_POINT('',(-3.425,-4.975,1.212559787695E-15));
#1877 = DIRECTION('',(-0.707106781187,0.707106781187,-1.716547167389E-16
    ));
#1878 = DIRECTION('',(0.707106781187,0.707106781187,-1.724706769049E-16)
  );
#1879 = ORIENTED_EDGE('',*,*,#1880,.T.);
#1880 = EDGE_CURVE('',#1872,#1809,#1881,.T.);
#1881 = CIRCLE('',#1882,8.1);
#1882 = AXIS2_PLACEMENT_3D('',#1883,#1884,#1885);
#1883 = CARTESIAN_POINT('',(-9.004741497577E-18,-0.3,7.30000198272E-17)
  );
#1884 = DIRECTION('',(-8.048790920663E-34,-1.,2.43333399424E-16));
#1885 = DIRECTION('',(0.154320987654,-2.404184515349E-16,-0.988020765353
    ));
#1886 = ORIENTED_EDGE('',*,*,#1808,.T.);
#1887 = ORIENTED_EDGE('',*,*,#544,.F.);
#1888 = CONICAL_SURFACE('',#1889,8.1,0.785398163397);
#1889 = AXIS2_PLACEMENT_3D('',#1890,#1891,#1892);
#1890 = CARTESIAN_POINT('',(-9.004741497577E-18,-0.3,7.30000198272E-17)
  );
#1891 = DIRECTION('',(0.,1.,-2.43333399424E-16));
#1892 = DIRECTION('',(0.154320987654,-2.404184515349E-16,-0.988020765353
    ));
#1893 = ADVANCED_FACE('',(#1894),#1912,.F.);
#1894 = FACE_BOUND('',#1895,.T.);
#1895 = EDGE_LOOP('',(#1896,#1904,#1910,#1911));
#1896 = ORIENTED_EDGE('',*,*,#1897,.F.);
#1897 = EDGE_CURVE('',#1898,#503,#1900,.T.);
#1898 = VERTEX_POINT('',#1899);
#1899 = CARTESIAN_POINT('',(7.25,-0.3,190.30520671964));
#1900 = LINE('',#1901,#1902);
#1901 = CARTESIAN_POINT('',(7.175,-0.225,190.30520671964));
#1902 = VECTOR('',#1903,1.);
#1903 = DIRECTION('',(-0.707106781187,0.707106781187,3.420237810845E-17)
  );
#1904 = ORIENTED_EDGE('',*,*,#1905,.T.);
#1905 = EDGE_CURVE('',#1898,#863,#1906,.T.);
#1906 = LINE('',#1907,#1908);
#1907 = CARTESIAN_POINT('',(7.25,-0.3,190.60520671964));
#1908 = VECTOR('',#1909,1.);
#1909 = DIRECTION('',(0.,-3.445092848398E-16,-1.));
#1910 = ORIENTED_EDGE('',*,*,#1515,.T.);
#1911 = ORIENTED_EDGE('',*,*,#510,.F.);
#1912 = PLANE('',#1913);
#1913 = AXIS2_PLACEMENT_3D('',#1914,#1915,#1916);
#1914 = CARTESIAN_POINT('',(7.1,-0.15,190.60520671964));
#1915 = DIRECTION('',(-0.707106781187,-0.707106781187,1.669172307897E-16
    ));
#1916 = DIRECTION('',(-5.422633663164E-17,2.902829482081E-16,1.));
#1917 = ADVANCED_FACE('',(#1918),#1936,.F.);
#1918 = FACE_BOUND('',#1919,.F.);
#1919 = EDGE_LOOP('',(#1920,#1921,#1929,#1935));
#1920 = ORIENTED_EDGE('',*,*,#1871,.F.);
#1921 = ORIENTED_EDGE('',*,*,#1922,.T.);
#1922 = EDGE_CURVE('',#1872,#1923,#1925,.T.);
#1923 = VERTEX_POINT('',#1924);
#1924 = CARTESIAN_POINT('',(1.25,-0.3,-20.10520671964));
#1925 = LINE('',#1926,#1927);
#1926 = CARTESIAN_POINT('',(1.25,-0.3,-8.002968199362));
#1927 = VECTOR('',#1928,1.);
#1928 = DIRECTION('',(0.,-2.22044604925E-16,-1.));
#1929 = ORIENTED_EDGE('',*,*,#1930,.T.);
#1930 = EDGE_CURVE('',#1923,#529,#1931,.T.);
#1931 = LINE('',#1932,#1933);
#1932 = CARTESIAN_POINT('',(1.325,-0.225,-20.10520671964));
#1933 = VECTOR('',#1934,1.);
#1934 = DIRECTION('',(0.707106781187,0.707106781187,-1.057963605253E-14)
  );
#1935 = ORIENTED_EDGE('',*,*,#536,.F.);
#1936 = PLANE('',#1937);
#1937 = AXIS2_PLACEMENT_3D('',#1938,#1939,#1940);
#1938 = CARTESIAN_POINT('',(1.4,-0.15,-8.002968199362));
#1939 = DIRECTION('',(0.707106781187,-0.707106781187,1.716547167389E-16)
  );
#1940 = DIRECTION('',(1.035591176621E-17,-2.324005166912E-16,-1.));
#1941 = ADVANCED_FACE('',(#1942),#1953,.F.);
#1942 = FACE_BOUND('',#1943,.F.);
#1943 = EDGE_LOOP('',(#1944,#1945,#1946,#1947));
#1944 = ORIENTED_EDGE('',*,*,#1445,.T.);
#1945 = ORIENTED_EDGE('',*,*,#1405,.T.);
#1946 = ORIENTED_EDGE('',*,*,#528,.F.);
#1947 = ORIENTED_EDGE('',*,*,#1948,.T.);
#1948 = EDGE_CURVE('',#529,#1446,#1949,.T.);
#1949 = LINE('',#1950,#1951);
#1950 = CARTESIAN_POINT('',(1.55,-0.15,-20.25520671964));
#1951 = VECTOR('',#1952,1.);
#1952 = DIRECTION('',(1.013978100311E-15,-0.707106781187,-0.707106781187
    ));
#1953 = PLANE('',#1954);
#1954 = AXIS2_PLACEMENT_3D('',#1955,#1956,#1957);
#1955 = CARTESIAN_POINT('',(1.25,-0.15,-20.25520671964));
#1956 = DIRECTION('',(1.258236042702E-18,-0.707106781187,0.707106781187)
  );
#1957 = DIRECTION('',(1.,8.897072381277E-19,-8.897072381277E-19));
#1958 = ADVANCED_FACE('',(#1959),#1985,.F.);
#1959 = FACE_BOUND('',#1960,.F.);
#1960 = EDGE_LOOP('',(#1961,#1969,#1978,#1984));
#1961 = ORIENTED_EDGE('',*,*,#1962,.F.);
#1962 = EDGE_CURVE('',#1963,#595,#1965,.T.);
#1963 = VERTEX_POINT('',#1964);
#1964 = CARTESIAN_POINT('',(-8.1,-0.3,147.81));
#1965 = LINE('',#1966,#1967);
#1966 = CARTESIAN_POINT('',(-8.1,-0.3,147.81));
#1967 = VECTOR('',#1968,1.);
#1968 = DIRECTION('',(-0.707106781187,0.707106781187,-1.720626968219E-16
    ));
#1969 = ORIENTED_EDGE('',*,*,#1970,.T.);
#1970 = EDGE_CURVE('',#1963,#1971,#1973,.T.);
#1971 = VERTEX_POINT('',#1972);
#1972 = CARTESIAN_POINT('',(-5.81,-0.3,150.1));
#1973 = CIRCLE('',#1974,2.29);
#1974 = AXIS2_PLACEMENT_3D('',#1975,#1976,#1977);
#1975 = CARTESIAN_POINT('',(-5.81,-0.3,147.81));
#1976 = DIRECTION('',(0.,1.,-2.43333399424E-16));
#1977 = DIRECTION('',(-1.,-7.475499667555E-47,-3.072122316645E-31));
#1978 = ORIENTED_EDGE('',*,*,#1979,.T.);
#1979 = EDGE_CURVE('',#1971,#597,#1980,.T.);
#1980 = LINE('',#1981,#1982);
#1981 = CARTESIAN_POINT('',(-5.81,-0.3,150.1));
#1982 = VECTOR('',#1983,1.);
#1983 = DIRECTION('',(-4.329780281178E-17,0.707106781187,0.707106781187)
  );
#1984 = ORIENTED_EDGE('',*,*,#594,.F.);
#1985 = CONICAL_SURFACE('',#1986,2.29,0.785398163397);
#1986 = AXIS2_PLACEMENT_3D('',#1987,#1988,#1989);
#1987 = CARTESIAN_POINT('',(-5.81,-0.3,147.81));
#1988 = DIRECTION('',(0.,1.,-2.43333399424E-16));
#1989 = DIRECTION('',(-1.,-7.475499667555E-47,-3.072122316645E-31));
#1990 = ADVANCED_FACE('',(#1991),#2009,.T.);
#1991 = FACE_BOUND('',#1992,.F.);
#1992 = EDGE_LOOP('',(#1993,#2001,#2007,#2008));
#1993 = ORIENTED_EDGE('',*,*,#1994,.F.);
#1994 = EDGE_CURVE('',#1995,#606,#1997,.T.);
#1995 = VERTEX_POINT('',#1996);
#1996 = CARTESIAN_POINT('',(-8.1,-0.3,112.39));
#1997 = LINE('',#1998,#1999);
#1998 = CARTESIAN_POINT('',(-8.1,-0.3,112.39));
#1999 = VECTOR('',#2000,1.);
#2000 = DIRECTION('',(-0.707106781187,0.707106781187,-2.153604996337E-16
    ));
#2001 = ORIENTED_EDGE('',*,*,#2002,.T.);
#2002 = EDGE_CURVE('',#1995,#1963,#2003,.T.);
#2003 = LINE('',#2004,#2005);
#2004 = CARTESIAN_POINT('',(-8.1,-0.3,112.39));
#2005 = VECTOR('',#2006,1.);
#2006 = DIRECTION('',(0.,2.22044604925E-16,1.));
#2007 = ORIENTED_EDGE('',*,*,#1962,.T.);
#2008 = ORIENTED_EDGE('',*,*,#605,.F.);
#2009 = PLANE('',#2010);
#2010 = AXIS2_PLACEMENT_3D('',#2011,#2012,#2013);
#2011 = CARTESIAN_POINT('',(-8.25,-0.15,112.39));
#2012 = DIRECTION('',(0.707106781187,0.707106781187,-1.741339919539E-16)
  );
#2013 = DIRECTION('',(-1.210902408319E-17,-2.341536290082E-16,-1.));
#2014 = ADVANCED_FACE('',(#2015),#2033,.F.);
#2015 = FACE_BOUND('',#2016,.F.);
#2016 = EDGE_LOOP('',(#2017,#2018,#2026,#2032));
#2017 = ORIENTED_EDGE('',*,*,#1979,.F.);
#2018 = ORIENTED_EDGE('',*,*,#2019,.T.);
#2019 = EDGE_CURVE('',#1971,#2020,#2022,.T.);
#2020 = VERTEX_POINT('',#2021);
#2021 = CARTESIAN_POINT('',(5.81,-0.3,150.1));
#2022 = LINE('',#2023,#2024);
#2023 = CARTESIAN_POINT('',(-5.81,-0.3,150.1));
#2024 = VECTOR('',#2025,1.);
#2025 = DIRECTION('',(1.,0.,0.));
#2026 = ORIENTED_EDGE('',*,*,#2027,.T.);
#2027 = EDGE_CURVE('',#2020,#648,#2028,.T.);
#2028 = LINE('',#2029,#2030);
#2029 = CARTESIAN_POINT('',(5.81,-0.15,150.25));
#2030 = VECTOR('',#2031,1.);
#2031 = DIRECTION('',(1.421863923281E-34,0.707106781187,0.707106781187)
  );
#2032 = ORIENTED_EDGE('',*,*,#656,.F.);
#2033 = PLANE('',#2034);
#2034 = AXIS2_PLACEMENT_3D('',#2035,#2036,#2037);
#2035 = CARTESIAN_POINT('',(-5.81,-0.15,150.25));
#2036 = DIRECTION('',(3.686541132701E-18,-0.707106781187,0.707106781187)
  );
#2037 = DIRECTION('',(1.,2.606778234056E-18,-2.606778234056E-18));
#2038 = ADVANCED_FACE('',(#2039),#2058,.F.);
#2039 = FACE_BOUND('',#2040,.F.);
#2040 = EDGE_LOOP('',(#2041,#2049,#2056,#2057));
#2041 = ORIENTED_EDGE('',*,*,#2042,.F.);
#2042 = EDGE_CURVE('',#2043,#614,#2045,.T.);
#2043 = VERTEX_POINT('',#2044);
#2044 = CARTESIAN_POINT('',(-5.81,-0.3,110.1));
#2045 = LINE('',#2046,#2047);
#2046 = CARTESIAN_POINT('',(-5.81,-0.15,109.95));
#2047 = VECTOR('',#2048,1.);
#2048 = DIRECTION('',(-3.516781568626E-35,0.707106781187,-0.707106781187
    ));
#2049 = ORIENTED_EDGE('',*,*,#2050,.T.);
#2050 = EDGE_CURVE('',#2043,#1995,#2051,.T.);
#2051 = CIRCLE('',#2052,2.29);
#2052 = AXIS2_PLACEMENT_3D('',#2053,#2054,#2055);
#2053 = CARTESIAN_POINT('',(-5.81,-0.3,112.39));
#2054 = DIRECTION('',(0.,1.,-2.43333399424E-16));
#2055 = DIRECTION('',(0.,-2.43333399424E-16,-1.));
#2056 = ORIENTED_EDGE('',*,*,#1994,.T.);
#2057 = ORIENTED_EDGE('',*,*,#613,.F.);
#2058 = CONICAL_SURFACE('',#2059,2.29,0.785398163397);
#2059 = AXIS2_PLACEMENT_3D('',#2060,#2061,#2062);
#2060 = CARTESIAN_POINT('',(-5.81,-0.3,112.39));
#2061 = DIRECTION('',(0.,1.,-2.43333399424E-16));
#2062 = DIRECTION('',(0.,-2.43333399424E-16,-1.));
#2063 = ADVANCED_FACE('',(#2064),#2083,.F.);
#2064 = FACE_BOUND('',#2065,.F.);
#2065 = EDGE_LOOP('',(#2066,#2067,#2076,#2082));
#2066 = ORIENTED_EDGE('',*,*,#2027,.F.);
#2067 = ORIENTED_EDGE('',*,*,#2068,.T.);
#2068 = EDGE_CURVE('',#2020,#2069,#2071,.T.);
#2069 = VERTEX_POINT('',#2070);
#2070 = CARTESIAN_POINT('',(8.1,-0.3,147.81));
#2071 = CIRCLE('',#2072,2.29);
#2072 = AXIS2_PLACEMENT_3D('',#2073,#2074,#2075);
#2073 = CARTESIAN_POINT('',(5.81,-0.3,147.81));
#2074 = DIRECTION('',(0.,1.,-2.43333399424E-16));
#2075 = DIRECTION('',(0.,2.43333399424E-16,1.));
#2076 = ORIENTED_EDGE('',*,*,#2077,.T.);
#2077 = EDGE_CURVE('',#2069,#640,#2078,.T.);
#2078 = LINE('',#2079,#2080);
#2079 = CARTESIAN_POINT('',(8.1,-0.3,147.81));
#2080 = VECTOR('',#2081,1.);
#2081 = DIRECTION('',(0.707106781187,0.707106781187,1.127309072937E-15)
  );
#2082 = ORIENTED_EDGE('',*,*,#647,.F.);
#2083 = CONICAL_SURFACE('',#2084,2.29,0.785398163397);
#2084 = AXIS2_PLACEMENT_3D('',#2085,#2086,#2087);
#2085 = CARTESIAN_POINT('',(5.81,-0.3,147.81));
#2086 = DIRECTION('',(0.,1.,-2.43333399424E-16));
#2087 = DIRECTION('',(0.,2.43333399424E-16,1.));
#2088 = ADVANCED_FACE('',(#2089),#2107,.T.);
#2089 = FACE_BOUND('',#2090,.F.);
#2090 = EDGE_LOOP('',(#2091,#2099,#2105,#2106));
#2091 = ORIENTED_EDGE('',*,*,#2092,.F.);
#2092 = EDGE_CURVE('',#2093,#623,#2095,.T.);
#2093 = VERTEX_POINT('',#2094);
#2094 = CARTESIAN_POINT('',(5.81,-0.3,110.1));
#2095 = LINE('',#2096,#2097);
#2096 = CARTESIAN_POINT('',(5.81,-0.3,110.1));
#2097 = VECTOR('',#2098,1.);
#2098 = DIRECTION('',(4.329780281177E-17,0.707106781187,-0.707106781187)
  );
#2099 = ORIENTED_EDGE('',*,*,#2100,.T.);
#2100 = EDGE_CURVE('',#2093,#2043,#2101,.T.);
#2101 = LINE('',#2102,#2103);
#2102 = CARTESIAN_POINT('',(5.81,-0.3,110.1));
#2103 = VECTOR('',#2104,1.);
#2104 = DIRECTION('',(-1.,-0.,-0.));
#2105 = ORIENTED_EDGE('',*,*,#2042,.T.);
#2106 = ORIENTED_EDGE('',*,*,#622,.F.);
#2107 = PLANE('',#2108);
#2108 = AXIS2_PLACEMENT_3D('',#2109,#2110,#2111);
#2109 = CARTESIAN_POINT('',(5.81,-0.15,109.95));
#2110 = DIRECTION('',(8.11253921238E-19,0.707106781187,0.707106781187));
#2111 = DIRECTION('',(1.,-5.736431489716E-19,-5.736431489716E-19));
#2112 = ADVANCED_FACE('',(#2113),#2131,.F.);
#2113 = FACE_BOUND('',#2114,.F.);
#2114 = EDGE_LOOP('',(#2115,#2116,#2124,#2130));
#2115 = ORIENTED_EDGE('',*,*,#2077,.F.);
#2116 = ORIENTED_EDGE('',*,*,#2117,.T.);
#2117 = EDGE_CURVE('',#2069,#2118,#2120,.T.);
#2118 = VERTEX_POINT('',#2119);
#2119 = CARTESIAN_POINT('',(8.1,-0.3,112.39));
#2120 = LINE('',#2121,#2122);
#2121 = CARTESIAN_POINT('',(8.1,-0.3,147.81));
#2122 = VECTOR('',#2123,1.);
#2123 = DIRECTION('',(0.,-2.22044604925E-16,-1.));
#2124 = ORIENTED_EDGE('',*,*,#2125,.T.);
#2125 = EDGE_CURVE('',#2118,#631,#2126,.T.);
#2126 = LINE('',#2127,#2128);
#2127 = CARTESIAN_POINT('',(8.25,-0.15,112.39));
#2128 = VECTOR('',#2129,1.);
#2129 = DIRECTION('',(0.707106781187,0.707106781187,-1.570092458684E-16)
  );
#2130 = ORIENTED_EDGE('',*,*,#639,.F.);
#2131 = PLANE('',#2132);
#2132 = AXIS2_PLACEMENT_3D('',#2133,#2134,#2135);
#2133 = CARTESIAN_POINT('',(8.25,-0.15,147.81));
#2134 = DIRECTION('',(0.707106781187,-0.707106781187,1.741339919539E-16)
  );
#2135 = DIRECTION('',(1.210902408319E-17,-2.341536290082E-16,-1.));
#2136 = ADVANCED_FACE('',(#2137),#2149,.F.);
#2137 = FACE_BOUND('',#2138,.F.);
#2138 = EDGE_LOOP('',(#2139,#2140,#2147,#2148));
#2139 = ORIENTED_EDGE('',*,*,#2125,.F.);
#2140 = ORIENTED_EDGE('',*,*,#2141,.T.);
#2141 = EDGE_CURVE('',#2118,#2093,#2142,.T.);
#2142 = CIRCLE('',#2143,2.29);
#2143 = AXIS2_PLACEMENT_3D('',#2144,#2145,#2146);
#2144 = CARTESIAN_POINT('',(5.81,-0.3,112.39));
#2145 = DIRECTION('',(0.,1.,-2.43333399424E-16));
#2146 = DIRECTION('',(1.,-5.52580056865E-47,-2.270876329238E-31));
#2147 = ORIENTED_EDGE('',*,*,#2092,.T.);
#2148 = ORIENTED_EDGE('',*,*,#630,.F.);
#2149 = CONICAL_SURFACE('',#2150,2.29,0.785398163397);
#2150 = AXIS2_PLACEMENT_3D('',#2151,#2152,#2153);
#2151 = CARTESIAN_POINT('',(5.81,-0.3,112.39));
#2152 = DIRECTION('',(0.,1.,-2.43333399424E-16));
#2153 = DIRECTION('',(1.,-5.52580056865E-47,-2.270876329238E-31));
#2154 = ADVANCED_FACE('',(#2155),#2180,.F.);
#2155 = FACE_BOUND('',#2156,.F.);
#2156 = EDGE_LOOP('',(#2157,#2165,#2173,#2179));
#2157 = ORIENTED_EDGE('',*,*,#2158,.F.);
#2158 = EDGE_CURVE('',#2159,#665,#2161,.T.);
#2159 = VERTEX_POINT('',#2160);
#2160 = CARTESIAN_POINT('',(-5.81,-0.3,60.1));
#2161 = LINE('',#2162,#2163);
#2162 = CARTESIAN_POINT('',(-5.81,-0.15,60.25));
#2163 = VECTOR('',#2164,1.);
#2164 = DIRECTION('',(6.68369948981E-35,0.707106781187,0.707106781187));
#2165 = ORIENTED_EDGE('',*,*,#2166,.T.);
#2166 = EDGE_CURVE('',#2159,#2167,#2169,.T.);
#2167 = VERTEX_POINT('',#2168);
#2168 = CARTESIAN_POINT('',(5.810000000001,-0.3,60.1));
#2169 = LINE('',#2170,#2171);
#2170 = CARTESIAN_POINT('',(-5.81,-0.3,60.1));
#2171 = VECTOR('',#2172,1.);
#2172 = DIRECTION('',(1.,0.,0.));
#2173 = ORIENTED_EDGE('',*,*,#2174,.T.);
#2174 = EDGE_CURVE('',#2167,#667,#2175,.T.);
#2175 = LINE('',#2176,#2177);
#2176 = CARTESIAN_POINT('',(5.810000000001,-0.15,60.25));
#2177 = VECTOR('',#2178,1.);
#2178 = DIRECTION('',(6.68369948981E-35,0.707106781187,0.707106781187));
#2179 = ORIENTED_EDGE('',*,*,#664,.F.);
#2180 = PLANE('',#2181);
#2181 = AXIS2_PLACEMENT_3D('',#2182,#2183,#2184);
#2182 = CARTESIAN_POINT('',(-5.81,-0.15,60.25));
#2183 = DIRECTION('',(2.519415152637E-18,-0.707106781187,0.707106781187)
  );
#2184 = DIRECTION('',(1.,1.781495539054E-18,-1.781495539054E-18));
#2185 = ADVANCED_FACE('',(#2186),#2205,.F.);
#2186 = FACE_BOUND('',#2187,.F.);
#2187 = EDGE_LOOP('',(#2188,#2196,#2203,#2204));
#2188 = ORIENTED_EDGE('',*,*,#2189,.F.);
#2189 = EDGE_CURVE('',#2190,#675,#2192,.T.);
#2190 = VERTEX_POINT('',#2191);
#2191 = CARTESIAN_POINT('',(-8.1,-0.3,57.810000000001));
#2192 = LINE('',#2193,#2194);
#2193 = CARTESIAN_POINT('',(-8.25,-0.15,57.810000000001));
#2194 = VECTOR('',#2195,1.);
#2195 = DIRECTION('',(-0.707106781187,0.707106781187,-1.570092458684E-16
    ));
#2196 = ORIENTED_EDGE('',*,*,#2197,.T.);
#2197 = EDGE_CURVE('',#2190,#2159,#2198,.T.);
#2198 = CIRCLE('',#2199,2.29);
#2199 = AXIS2_PLACEMENT_3D('',#2200,#2201,#2202);
#2200 = CARTESIAN_POINT('',(-5.81,-0.3,57.81));
#2201 = DIRECTION('',(0.,1.,-2.43333399424E-16));
#2202 = DIRECTION('',(-1.,2.43115314165E-28,9.991037594531E-13));
#2203 = ORIENTED_EDGE('',*,*,#2158,.T.);
#2204 = ORIENTED_EDGE('',*,*,#674,.F.);
#2205 = CONICAL_SURFACE('',#2206,2.29,0.785398163397);
#2206 = AXIS2_PLACEMENT_3D('',#2207,#2208,#2209);
#2207 = CARTESIAN_POINT('',(-5.81,-0.3,57.81));
#2208 = DIRECTION('',(0.,1.,-2.43333399424E-16));
#2209 = DIRECTION('',(-1.,2.43115314165E-28,9.991037594531E-13));
#2210 = ADVANCED_FACE('',(#2211),#2230,.F.);
#2211 = FACE_BOUND('',#2212,.F.);
#2212 = EDGE_LOOP('',(#2213,#2214,#2223,#2229));
#2213 = ORIENTED_EDGE('',*,*,#2174,.F.);
#2214 = ORIENTED_EDGE('',*,*,#2215,.T.);
#2215 = EDGE_CURVE('',#2167,#2216,#2218,.T.);
#2216 = VERTEX_POINT('',#2217);
#2217 = CARTESIAN_POINT('',(8.1,-0.3,57.81));
#2218 = CIRCLE('',#2219,2.29);
#2219 = AXIS2_PLACEMENT_3D('',#2220,#2221,#2222);
#2220 = CARTESIAN_POINT('',(5.81,-0.3,57.81));
#2221 = DIRECTION('',(-2.964448111621E-45,1.,-2.43333399424E-16));
#2222 = DIRECTION('',(9.998794611297E-13,2.43333399424E-16,1.));
#2223 = ORIENTED_EDGE('',*,*,#2224,.T.);
#2224 = EDGE_CURVE('',#2216,#718,#2225,.T.);
#2225 = LINE('',#2226,#2227);
#2226 = CARTESIAN_POINT('',(8.1,-0.3,57.81));
#2227 = VECTOR('',#2228,1.);
#2228 = DIRECTION('',(0.707106781187,0.707106781187,-1.376780826405E-16)
  );
#2229 = ORIENTED_EDGE('',*,*,#725,.F.);
#2230 = CONICAL_SURFACE('',#2231,2.29,0.785398163397);
#2231 = AXIS2_PLACEMENT_3D('',#2232,#2233,#2234);
#2232 = CARTESIAN_POINT('',(5.81,-0.3,57.81));
#2233 = DIRECTION('',(0.,1.,-2.43333399424E-16));
#2234 = DIRECTION('',(9.998794611297E-13,2.43333399424E-16,1.));
#2235 = ADVANCED_FACE('',(#2236),#2254,.F.);
#2236 = FACE_BOUND('',#2237,.F.);
#2237 = EDGE_LOOP('',(#2238,#2246,#2252,#2253));
#2238 = ORIENTED_EDGE('',*,*,#2239,.F.);
#2239 = EDGE_CURVE('',#2240,#684,#2242,.T.);
#2240 = VERTEX_POINT('',#2241);
#2241 = CARTESIAN_POINT('',(-8.1,-0.3,22.39));
#2242 = LINE('',#2243,#2244);
#2243 = CARTESIAN_POINT('',(-8.1,-0.3,22.39));
#2244 = VECTOR('',#2245,1.);
#2245 = DIRECTION('',(-0.707106781187,0.707106781187,-3.634565568716E-16
    ));
#2246 = ORIENTED_EDGE('',*,*,#2247,.T.);
#2247 = EDGE_CURVE('',#2240,#2190,#2248,.T.);
#2248 = LINE('',#2249,#2250);
#2249 = CARTESIAN_POINT('',(-8.1,-0.3,22.39));
#2250 = VECTOR('',#2251,1.);
#2251 = DIRECTION('',(0.,2.22044604925E-16,1.));
#2252 = ORIENTED_EDGE('',*,*,#2189,.T.);
#2253 = ORIENTED_EDGE('',*,*,#683,.F.);
#2254 = PLANE('',#2255);
#2255 = AXIS2_PLACEMENT_3D('',#2256,#2257,#2258);
#2256 = CARTESIAN_POINT('',(-8.25,-0.15,22.39));
#2257 = DIRECTION('',(-0.707106781187,-0.707106781187,1.765778424613E-16
    ));
#2258 = DIRECTION('',(1.383708734917E-17,2.358816922742E-16,1.));
#2259 = ADVANCED_FACE('',(#2260),#2278,.T.);
#2260 = FACE_BOUND('',#2261,.F.);
#2261 = EDGE_LOOP('',(#2262,#2263,#2271,#2277));
#2262 = ORIENTED_EDGE('',*,*,#2224,.F.);
#2263 = ORIENTED_EDGE('',*,*,#2264,.T.);
#2264 = EDGE_CURVE('',#2216,#2265,#2267,.T.);
#2265 = VERTEX_POINT('',#2266);
#2266 = CARTESIAN_POINT('',(8.1,-0.3,22.389999999999));
#2267 = LINE('',#2268,#2269);
#2268 = CARTESIAN_POINT('',(8.1,-0.3,57.81));
#2269 = VECTOR('',#2270,1.);
#2270 = DIRECTION('',(-0.,-2.22044604925E-16,-1.));
#2271 = ORIENTED_EDGE('',*,*,#2272,.T.);
#2272 = EDGE_CURVE('',#2265,#709,#2273,.T.);
#2273 = LINE('',#2274,#2275);
#2274 = CARTESIAN_POINT('',(8.25,-0.15,22.389999999999));
#2275 = VECTOR('',#2276,1.);
#2276 = DIRECTION('',(0.707106781187,0.707106781187,-1.570092458684E-16)
  );
#2277 = ORIENTED_EDGE('',*,*,#717,.F.);
#2278 = PLANE('',#2279);
#2279 = AXIS2_PLACEMENT_3D('',#2280,#2281,#2282);
#2280 = CARTESIAN_POINT('',(8.25,-0.15,57.81));
#2281 = DIRECTION('',(-0.707106781187,0.707106781187,-1.765778424613E-16
    ));
#2282 = DIRECTION('',(-1.383708734917E-17,2.358816922742E-16,1.));
#2283 = ADVANCED_FACE('',(#2284),#2303,.F.);
#2284 = FACE_BOUND('',#2285,.F.);
#2285 = EDGE_LOOP('',(#2286,#2294,#2301,#2302));
#2286 = ORIENTED_EDGE('',*,*,#2287,.F.);
#2287 = EDGE_CURVE('',#2288,#692,#2290,.T.);
#2288 = VERTEX_POINT('',#2289);
#2289 = CARTESIAN_POINT('',(-5.810000000001,-0.3,20.1));
#2290 = LINE('',#2291,#2292);
#2291 = CARTESIAN_POINT('',(-5.810000000001,-0.15,19.95));
#2292 = VECTOR('',#2293,1.);
#2293 = DIRECTION('',(1.072054887351E-35,0.707106781187,-0.707106781187)
  );
#2294 = ORIENTED_EDGE('',*,*,#2295,.T.);
#2295 = EDGE_CURVE('',#2288,#2240,#2296,.T.);
#2296 = CIRCLE('',#2297,2.29);
#2297 = AXIS2_PLACEMENT_3D('',#2298,#2299,#2300);
#2298 = CARTESIAN_POINT('',(-5.81,-0.3,22.39));
#2299 = DIRECTION('',(-2.964448111621E-45,1.,-2.43333399424E-16));
#2300 = DIRECTION('',(-9.998794611297E-13,-2.43333399424E-16,-1.));
#2301 = ORIENTED_EDGE('',*,*,#2239,.T.);
#2302 = ORIENTED_EDGE('',*,*,#691,.F.);
#2303 = CONICAL_SURFACE('',#2304,2.29,0.785398163397);
#2304 = AXIS2_PLACEMENT_3D('',#2305,#2306,#2307);
#2305 = CARTESIAN_POINT('',(-5.81,-0.3,22.39));
#2306 = DIRECTION('',(0.,1.,-2.43333399424E-16));
#2307 = DIRECTION('',(-9.998794611297E-13,-2.43333399424E-16,-1.));
#2308 = ADVANCED_FACE('',(#2309),#2328,.F.);
#2309 = FACE_BOUND('',#2310,.F.);
#2310 = EDGE_LOOP('',(#2311,#2312,#2321,#2327));
#2311 = ORIENTED_EDGE('',*,*,#2272,.F.);
#2312 = ORIENTED_EDGE('',*,*,#2313,.T.);
#2313 = EDGE_CURVE('',#2265,#2314,#2316,.T.);
#2314 = VERTEX_POINT('',#2315);
#2315 = CARTESIAN_POINT('',(5.81,-0.3,20.1));
#2316 = CIRCLE('',#2317,2.29);
#2317 = AXIS2_PLACEMENT_3D('',#2318,#2319,#2320);
#2318 = CARTESIAN_POINT('',(5.81,-0.3,22.39));
#2319 = DIRECTION('',(0.,1.,-2.43333399424E-16));
#2320 = DIRECTION('',(1.,-2.434928224168E-28,-1.000655162806E-12));
#2321 = ORIENTED_EDGE('',*,*,#2322,.T.);
#2322 = EDGE_CURVE('',#2314,#701,#2323,.T.);
#2323 = LINE('',#2324,#2325);
#2324 = CARTESIAN_POINT('',(5.81,-0.3,20.1));
#2325 = VECTOR('',#2326,1.);
#2326 = DIRECTION('',(-4.309156391061E-17,0.707106781187,-0.707106781187
    ));
#2327 = ORIENTED_EDGE('',*,*,#708,.F.);
#2328 = CONICAL_SURFACE('',#2329,2.29,0.785398163397);
#2329 = AXIS2_PLACEMENT_3D('',#2330,#2331,#2332);
#2330 = CARTESIAN_POINT('',(5.81,-0.3,22.39));
#2331 = DIRECTION('',(0.,1.,-2.43333399424E-16));
#2332 = DIRECTION('',(1.,-2.434928224168E-28,-1.000655162806E-12));
#2333 = ADVANCED_FACE('',(#2334),#2345,.T.);
#2334 = FACE_BOUND('',#2335,.F.);
#2335 = EDGE_LOOP('',(#2336,#2337,#2343,#2344));
#2336 = ORIENTED_EDGE('',*,*,#2322,.F.);
#2337 = ORIENTED_EDGE('',*,*,#2338,.T.);
#2338 = EDGE_CURVE('',#2314,#2288,#2339,.T.);
#2339 = LINE('',#2340,#2341);
#2340 = CARTESIAN_POINT('',(5.81,-0.3,20.1));
#2341 = VECTOR('',#2342,1.);
#2342 = DIRECTION('',(-1.,-0.,-0.));
#2343 = ORIENTED_EDGE('',*,*,#2287,.T.);
#2344 = ORIENTED_EDGE('',*,*,#700,.F.);
#2345 = PLANE('',#2346);
#2346 = AXIS2_PLACEMENT_3D('',#2347,#2348,#2349);
#2347 = CARTESIAN_POINT('',(5.81,-0.15,19.95));
#2348 = DIRECTION('',(1.78863507823E-18,0.707106781187,0.707106781187));
#2349 = DIRECTION('',(1.,-1.264755992884E-18,-1.264755992884E-18));
#2350 = ADVANCED_FACE('',(#2351),#2370,.F.);
#2351 = FACE_BOUND('',#2352,.T.);
#2352 = EDGE_LOOP('',(#2353,#2361,#2362,#2363));
#2353 = ORIENTED_EDGE('',*,*,#2354,.F.);
#2354 = EDGE_CURVE('',#735,#2355,#2357,.T.);
#2355 = VERTEX_POINT('',#2356);
#2356 = CARTESIAN_POINT('',(-7.5,-0.3,85.1));
#2357 = LINE('',#2358,#2359);
#2358 = CARTESIAN_POINT('',(-7.5,-0.3,85.1));
#2359 = VECTOR('',#2360,1.);
#2360 = DIRECTION('',(0.707106781187,-0.707106781187,1.720626968219E-16)
  );
#2361 = ORIENTED_EDGE('',*,*,#734,.T.);
#2362 = ORIENTED_EDGE('',*,*,#2354,.T.);
#2363 = ORIENTED_EDGE('',*,*,#2364,.F.);
#2364 = EDGE_CURVE('',#2355,#2355,#2365,.T.);
#2365 = CIRCLE('',#2366,7.5);
#2366 = AXIS2_PLACEMENT_3D('',#2367,#2368,#2369);
#2367 = CARTESIAN_POINT('',(0.,-0.3,85.1));
#2368 = DIRECTION('',(0.,1.,-2.43333399424E-16));
#2369 = DIRECTION('',(-1.,-1.228544852653E-47,-5.048813091673E-32));
#2370 = CONICAL_SURFACE('',#2371,7.5,0.785398163397);
#2371 = AXIS2_PLACEMENT_3D('',#2372,#2373,#2374);
#2372 = CARTESIAN_POINT('',(0.,-0.3,85.1));
#2373 = DIRECTION('',(-0.,1.,-2.43333399424E-16));
#2374 = DIRECTION('',(-1.,-1.228544852653E-47,-5.048813091673E-32));
#2375 = ADVANCED_FACE('',(#2376),#2387,.T.);
#2376 = FACE_BOUND('',#2377,.F.);
#2377 = EDGE_LOOP('',(#2378,#2379,#2380,#2386));
#2378 = ORIENTED_EDGE('',*,*,#1421,.F.);
#2379 = ORIENTED_EDGE('',*,*,#1499,.T.);
#2380 = ORIENTED_EDGE('',*,*,#2381,.T.);
#2381 = EDGE_CURVE('',#1492,#753,#2382,.T.);
#2382 = LINE('',#2383,#2384);
#2383 = CARTESIAN_POINT('',(5.874825565356,-13.74118877671,
    -19.48038115429));
#2384 = VECTOR('',#2385,1.);
#2385 = DIRECTION('',(0.678598344546,0.281084637715,0.678598344546));
#2386 = ORIENTED_EDGE('',*,*,#752,.F.);
#2387 = PLANE('',#2388);
#2388 = AXIS2_PLACEMENT_3D('',#2389,#2390,#2391);
#2389 = CARTESIAN_POINT('',(5.1,-6.,-20.25520671964));
#2390 = DIRECTION('',(0.707106781187,-2.519519159806E-16,-0.707106781187
    ));
#2391 = DIRECTION('',(1.781569083228E-16,1.,-1.781569083228E-16));
#2392 = ADVANCED_FACE('',(#2393),#2418,.F.);
#2393 = FACE_BOUND('',#2394,.F.);
#2394 = EDGE_LOOP('',(#2395,#2396,#2404,#2412));
#2395 = ORIENTED_EDGE('',*,*,#769,.F.);
#2396 = ORIENTED_EDGE('',*,*,#2397,.T.);
#2397 = EDGE_CURVE('',#770,#2398,#2400,.T.);
#2398 = VERTEX_POINT('',#2399);
#2399 = CARTESIAN_POINT('',(1.25,-11.6,-14.40520671964));
#2400 = LINE('',#2401,#2402);
#2401 = CARTESIAN_POINT('',(7.25,-11.6,-14.40520671964));
#2402 = VECTOR('',#2403,1.);
#2403 = DIRECTION('',(-1.,-0.,-0.));
#2404 = ORIENTED_EDGE('',*,*,#2405,.F.);
#2405 = EDGE_CURVE('',#2406,#2398,#2408,.T.);
#2406 = VERTEX_POINT('',#2407);
#2407 = CARTESIAN_POINT('',(1.25,-11.6,-15.40520671964));
#2408 = LINE('',#2409,#2410);
#2409 = CARTESIAN_POINT('',(1.25,-11.6,-11.2040874595));
#2410 = VECTOR('',#2411,1.);
#2411 = DIRECTION('',(0.,0.,1.));
#2412 = ORIENTED_EDGE('',*,*,#2413,.F.);
#2413 = EDGE_CURVE('',#772,#2406,#2414,.T.);
#2414 = LINE('',#2415,#2416);
#2415 = CARTESIAN_POINT('',(7.25,-11.6,-15.40520671964));
#2416 = VECTOR('',#2417,1.);
#2417 = DIRECTION('',(-1.,-0.,-0.));
#2418 = PLANE('',#2419);
#2419 = AXIS2_PLACEMENT_3D('',#2420,#2421,#2422);
#2420 = CARTESIAN_POINT('',(7.25,-11.6,-14.40520671964));
#2421 = DIRECTION('',(0.,-1.,0.));
#2422 = DIRECTION('',(0.,0.,-1.));
#2423 = ADVANCED_FACE('',(#2424),#2443,.F.);
#2424 = FACE_BOUND('',#2425,.F.);
#2425 = EDGE_LOOP('',(#2426,#2427,#2435,#2442));
#2426 = ORIENTED_EDGE('',*,*,#796,.F.);
#2427 = ORIENTED_EDGE('',*,*,#2428,.T.);
#2428 = EDGE_CURVE('',#789,#2429,#2431,.T.);
#2429 = VERTEX_POINT('',#2430);
#2430 = CARTESIAN_POINT('',(1.25,-8.4,-14.40520671964));
#2431 = LINE('',#2432,#2433);
#2432 = CARTESIAN_POINT('',(7.25,-8.4,-14.40520671964));
#2433 = VECTOR('',#2434,1.);
#2434 = DIRECTION('',(-1.,-0.,-0.));
#2435 = ORIENTED_EDGE('',*,*,#2436,.T.);
#2436 = EDGE_CURVE('',#2429,#2398,#2437,.T.);
#2437 = CIRCLE('',#2438,1.6);
#2438 = AXIS2_PLACEMENT_3D('',#2439,#2440,#2441);
#2439 = CARTESIAN_POINT('',(1.25,-10.,-14.40520671964));
#2440 = DIRECTION('',(1.,0.,0.));
#2441 = DIRECTION('',(0.,1.,0.));
#2442 = ORIENTED_EDGE('',*,*,#2397,.F.);
#2443 = CYLINDRICAL_SURFACE('',#2444,1.6);
#2444 = AXIS2_PLACEMENT_3D('',#2445,#2446,#2447);
#2445 = CARTESIAN_POINT('',(7.25,-10.,-14.40520671964));
#2446 = DIRECTION('',(1.,0.,0.));
#2447 = DIRECTION('',(0.,1.,0.));
#2448 = ADVANCED_FACE('',(#2449),#2467,.T.);
#2449 = FACE_BOUND('',#2450,.T.);
#2450 = EDGE_LOOP('',(#2451,#2452,#2453,#2461));
#2451 = ORIENTED_EDGE('',*,*,#788,.F.);
#2452 = ORIENTED_EDGE('',*,*,#2428,.T.);
#2453 = ORIENTED_EDGE('',*,*,#2454,.F.);
#2454 = EDGE_CURVE('',#2455,#2429,#2457,.T.);
#2455 = VERTEX_POINT('',#2456);
#2456 = CARTESIAN_POINT('',(1.25,-8.4,-15.40520671964));
#2457 = LINE('',#2458,#2459);
#2458 = CARTESIAN_POINT('',(1.25,-8.4,-11.2040874595));
#2459 = VECTOR('',#2460,1.);
#2460 = DIRECTION('',(0.,8.526512829121E-14,1.));
#2461 = ORIENTED_EDGE('',*,*,#2462,.F.);
#2462 = EDGE_CURVE('',#780,#2455,#2463,.T.);
#2463 = LINE('',#2464,#2465);
#2464 = CARTESIAN_POINT('',(7.25,-8.4,-15.40520671964));
#2465 = VECTOR('',#2466,1.);
#2466 = DIRECTION('',(-1.,-0.,-0.));
#2467 = PLANE('',#2468);
#2468 = AXIS2_PLACEMENT_3D('',#2469,#2470,#2471);
#2469 = CARTESIAN_POINT('',(7.25,-8.4,-14.40520671964));
#2470 = DIRECTION('',(0.,-1.,8.526512829121E-14));
#2471 = DIRECTION('',(0.,-8.526512829121E-14,-1.));
#2472 = ADVANCED_FACE('',(#2473),#2485,.F.);
#2473 = FACE_BOUND('',#2474,.F.);
#2474 = EDGE_LOOP('',(#2475,#2476,#2477,#2484));
#2475 = ORIENTED_EDGE('',*,*,#779,.F.);
#2476 = ORIENTED_EDGE('',*,*,#2413,.T.);
#2477 = ORIENTED_EDGE('',*,*,#2478,.T.);
#2478 = EDGE_CURVE('',#2406,#2455,#2479,.T.);
#2479 = CIRCLE('',#2480,1.6);
#2480 = AXIS2_PLACEMENT_3D('',#2481,#2482,#2483);
#2481 = CARTESIAN_POINT('',(1.25,-10.,-15.40520671964));
#2482 = DIRECTION('',(1.,0.,0.));
#2483 = DIRECTION('',(0.,1.,0.));
#2484 = ORIENTED_EDGE('',*,*,#2462,.F.);
#2485 = CYLINDRICAL_SURFACE('',#2486,1.6);
#2486 = AXIS2_PLACEMENT_3D('',#2487,#2488,#2489);
#2487 = CARTESIAN_POINT('',(7.25,-10.,-15.40520671964));
#2488 = DIRECTION('',(1.,0.,0.));
#2489 = DIRECTION('',(0.,1.,0.));
#2490 = ADVANCED_FACE('',(#2491),#2497,.F.);
#2491 = FACE_BOUND('',#2492,.F.);
#2492 = EDGE_LOOP('',(#2493,#2494,#2495,#2496));
#2493 = ORIENTED_EDGE('',*,*,#2381,.F.);
#2494 = ORIENTED_EDGE('',*,*,#1491,.T.);
#2495 = ORIENTED_EDGE('',*,*,#917,.T.);
#2496 = ORIENTED_EDGE('',*,*,#814,.F.);
#2497 = PLANE('',#2498);
#2498 = AXIS2_PLACEMENT_3D('',#2499,#2500,#2501);
#2499 = CARTESIAN_POINT('',(5.143933982822,-14.10606601717,
    -20.25520671964));
#2500 = DIRECTION('',(-0.5,-0.5,0.707106781187));
#2501 = DIRECTION('',(0.707106781187,-0.707106781187,8.326672684689E-17)
  );
#2502 = ADVANCED_FACE('',(#2503),#2528,.F.);
#2503 = FACE_BOUND('',#2504,.F.);
#2504 = EDGE_LOOP('',(#2505,#2506,#2514,#2522));
#2505 = ORIENTED_EDGE('',*,*,#828,.F.);
#2506 = ORIENTED_EDGE('',*,*,#2507,.F.);
#2507 = EDGE_CURVE('',#2508,#829,#2510,.T.);
#2508 = VERTEX_POINT('',#2509);
#2509 = CARTESIAN_POINT('',(7.25,-39.7,190.30520671964));
#2510 = LINE('',#2511,#2512);
#2511 = CARTESIAN_POINT('',(7.25,-39.7,190.60520671964));
#2512 = VECTOR('',#2513,1.);
#2513 = DIRECTION('',(0.,-3.445092848398E-16,-1.));
#2514 = ORIENTED_EDGE('',*,*,#2515,.T.);
#2515 = EDGE_CURVE('',#2508,#2516,#2518,.T.);
#2516 = VERTEX_POINT('',#2517);
#2517 = CARTESIAN_POINT('',(7.25,-36.,190.30520671964));
#2518 = LINE('',#2519,#2520);
#2519 = CARTESIAN_POINT('',(7.25,-40.,190.30520671964));
#2520 = VECTOR('',#2521,1.);
#2521 = DIRECTION('',(0.,1.,-3.445092848398E-16));
#2522 = ORIENTED_EDGE('',*,*,#2523,.T.);
#2523 = EDGE_CURVE('',#2516,#831,#2524,.T.);
#2524 = LINE('',#2525,#2526);
#2525 = CARTESIAN_POINT('',(7.25,-36.,190.60520671964));
#2526 = VECTOR('',#2527,1.);
#2527 = DIRECTION('',(0.,-1.224646799147E-16,-1.));
#2528 = PLANE('',#2529);
#2529 = AXIS2_PLACEMENT_3D('',#2530,#2531,#2532);
#2530 = CARTESIAN_POINT('',(7.25,-40.,190.60520671964));
#2531 = DIRECTION('',(-1.,-0.,0.));
#2532 = DIRECTION('',(0.,-3.445092848398E-16,-1.));
#2533 = ADVANCED_FACE('',(#2534),#2546,.T.);
#2534 = FACE_BOUND('',#2535,.T.);
#2535 = EDGE_LOOP('',(#2536,#2537,#2538,#2545));
#2536 = ORIENTED_EDGE('',*,*,#895,.F.);
#2537 = ORIENTED_EDGE('',*,*,#878,.T.);
#2538 = ORIENTED_EDGE('',*,*,#2539,.T.);
#2539 = EDGE_CURVE('',#829,#1058,#2540,.T.);
#2540 = PARABOLA('',#2541,1.361180553784);
#2541 = AXIS2_PLACEMENT_3D('',#2542,#2543,#2544);
#2542 = CARTESIAN_POINT('',(-1.925,-48.875,170.2));
#2543 = DIRECTION('',(-0.707106781187,0.707106781187,1.786121471767E-18)
  );
#2544 = DIRECTION('',(0.707106781187,0.707106781187,-3.330767346339E-16)
  );
#2545 = ORIENTED_EDGE('',*,*,#1057,.F.);
#2546 = CONICAL_SURFACE('',#2547,11.1,0.785398163397);
#2547 = AXIS2_PLACEMENT_3D('',#2548,#2549,#2550);
#2548 = CARTESIAN_POINT('',(-9.004741497577E-18,-39.7,170.2));
#2549 = DIRECTION('',(-0.,1.,-2.342578391104E-16));
#2550 = DIRECTION('',(1.,1.053845014802E-46,4.49865421283E-31));
#2551 = ADVANCED_FACE('',(#2552),#2577,.T.);
#2552 = FACE_BOUND('',#2553,.F.);
#2553 = EDGE_LOOP('',(#2554,#2555,#2563,#2571));
#2554 = ORIENTED_EDGE('',*,*,#838,.F.);
#2555 = ORIENTED_EDGE('',*,*,#2556,.F.);
#2556 = EDGE_CURVE('',#2557,#831,#2559,.T.);
#2557 = VERTEX_POINT('',#2558);
#2558 = CARTESIAN_POINT('',(5.25,-34.,178.60520671964));
#2559 = LINE('',#2560,#2561);
#2560 = CARTESIAN_POINT('',(5.25,-34.,178.60520671964));
#2561 = VECTOR('',#2562,1.);
#2562 = DIRECTION('',(0.707106781187,-0.707106781187,8.659560562355E-17)
  );
#2563 = ORIENTED_EDGE('',*,*,#2564,.F.);
#2564 = EDGE_CURVE('',#2565,#2557,#2567,.T.);
#2565 = VERTEX_POINT('',#2566);
#2566 = CARTESIAN_POINT('',(5.25,-26.,178.60520671964));
#2567 = LINE('',#2568,#2569);
#2568 = CARTESIAN_POINT('',(5.25,-30.,178.60520671964));
#2569 = VECTOR('',#2570,1.);
#2570 = DIRECTION('',(0.,-1.,1.224646799147E-16));
#2571 = ORIENTED_EDGE('',*,*,#2572,.T.);
#2572 = EDGE_CURVE('',#2565,#839,#2573,.T.);
#2573 = LINE('',#2574,#2575);
#2574 = CARTESIAN_POINT('',(5.25,-26.,178.60520671964));
#2575 = VECTOR('',#2576,1.);
#2576 = DIRECTION('',(0.707106781187,0.707106781187,-8.659560562355E-17)
  );
#2577 = PLANE('',#2578);
#2578 = AXIS2_PLACEMENT_3D('',#2579,#2580,#2581);
#2579 = CARTESIAN_POINT('',(6.405903758158,-20.,178.60520671964));
#2580 = DIRECTION('',(0.,1.224646799147E-16,1.));
#2581 = DIRECTION('',(1.,0.,0.));
#2582 = ADVANCED_FACE('',(#2583),#2608,.F.);
#2583 = FACE_BOUND('',#2584,.F.);
#2584 = EDGE_LOOP('',(#2585,#2593,#2601,#2607));
#2585 = ORIENTED_EDGE('',*,*,#2586,.F.);
#2586 = EDGE_CURVE('',#2587,#839,#2589,.T.);
#2587 = VERTEX_POINT('',#2588);
#2588 = CARTESIAN_POINT('',(7.25,-24.,190.30520671964));
#2589 = LINE('',#2590,#2591);
#2590 = CARTESIAN_POINT('',(7.25,-24.,190.60520671964));
#2591 = VECTOR('',#2592,1.);
#2592 = DIRECTION('',(0.,-1.224646799147E-16,-1.));
#2593 = ORIENTED_EDGE('',*,*,#2594,.T.);
#2594 = EDGE_CURVE('',#2587,#2595,#2597,.T.);
#2595 = VERTEX_POINT('',#2596);
#2596 = CARTESIAN_POINT('',(7.25,-16.,190.30520671964));
#2597 = LINE('',#2598,#2599);
#2598 = CARTESIAN_POINT('',(7.25,-24.,190.30520671964));
#2599 = VECTOR('',#2600,1.);
#2600 = DIRECTION('',(0.,1.,-3.445092848398E-16));
#2601 = ORIENTED_EDGE('',*,*,#2602,.T.);
#2602 = EDGE_CURVE('',#2595,#847,#2603,.T.);
#2603 = LINE('',#2604,#2605);
#2604 = CARTESIAN_POINT('',(7.25,-16.,190.60520671964));
#2605 = VECTOR('',#2606,1.);
#2606 = DIRECTION('',(0.,-1.224646799147E-16,-1.));
#2607 = ORIENTED_EDGE('',*,*,#846,.F.);
#2608 = PLANE('',#2609);
#2609 = AXIS2_PLACEMENT_3D('',#2610,#2611,#2612);
#2610 = CARTESIAN_POINT('',(7.25,-40.,190.60520671964));
#2611 = DIRECTION('',(-1.,-0.,0.));
#2612 = DIRECTION('',(0.,-3.445092848398E-16,-1.));
#2613 = ADVANCED_FACE('',(#2614),#2639,.T.);
#2614 = FACE_BOUND('',#2615,.T.);
#2615 = EDGE_LOOP('',(#2616,#2626,#2632,#2633));
#2616 = ORIENTED_EDGE('',*,*,#2617,.T.);
#2617 = EDGE_CURVE('',#2618,#2620,#2622,.T.);
#2618 = VERTEX_POINT('',#2619);
#2619 = CARTESIAN_POINT('',(5.25,-6.,178.60520671964));
#2620 = VERTEX_POINT('',#2621);
#2621 = CARTESIAN_POINT('',(5.25,-14.,178.60520671964));
#2622 = LINE('',#2623,#2624);
#2623 = CARTESIAN_POINT('',(5.25,-10.,178.60520671964));
#2624 = VECTOR('',#2625,1.);
#2625 = DIRECTION('',(0.,-1.,1.224646799147E-16));
#2626 = ORIENTED_EDGE('',*,*,#2627,.T.);
#2627 = EDGE_CURVE('',#2620,#847,#2628,.T.);
#2628 = LINE('',#2629,#2630);
#2629 = CARTESIAN_POINT('',(5.25,-14.,178.60520671964));
#2630 = VECTOR('',#2631,1.);
#2631 = DIRECTION('',(0.707106781187,-0.707106781187,8.659560562355E-17)
  );
#2632 = ORIENTED_EDGE('',*,*,#854,.T.);
#2633 = ORIENTED_EDGE('',*,*,#2634,.F.);
#2634 = EDGE_CURVE('',#2618,#855,#2635,.T.);
#2635 = LINE('',#2636,#2637);
#2636 = CARTESIAN_POINT('',(5.25,-6.,178.60520671964));
#2637 = VECTOR('',#2638,1.);
#2638 = DIRECTION('',(0.707106781187,0.707106781187,-8.659560562355E-17)
  );
#2639 = PLANE('',#2640);
#2640 = AXIS2_PLACEMENT_3D('',#2641,#2642,#2643);
#2641 = CARTESIAN_POINT('',(6.405903758158,-20.,178.60520671964));
#2642 = DIRECTION('',(0.,1.224646799147E-16,1.));
#2643 = DIRECTION('',(1.,0.,0.));
#2644 = ADVANCED_FACE('',(#2645),#2663,.F.);
#2645 = FACE_BOUND('',#2646,.F.);
#2646 = EDGE_LOOP('',(#2647,#2655,#2661,#2662));
#2647 = ORIENTED_EDGE('',*,*,#2648,.F.);
#2648 = EDGE_CURVE('',#2649,#855,#2651,.T.);
#2649 = VERTEX_POINT('',#2650);
#2650 = CARTESIAN_POINT('',(7.25,-4.,190.30520671964));
#2651 = LINE('',#2652,#2653);
#2652 = CARTESIAN_POINT('',(7.25,-4.,190.60520671964));
#2653 = VECTOR('',#2654,1.);
#2654 = DIRECTION('',(0.,-1.224646799147E-16,-1.));
#2655 = ORIENTED_EDGE('',*,*,#2656,.T.);
#2656 = EDGE_CURVE('',#2649,#1898,#2657,.T.);
#2657 = LINE('',#2658,#2659);
#2658 = CARTESIAN_POINT('',(7.25,-4.,190.30520671964));
#2659 = VECTOR('',#2660,1.);
#2660 = DIRECTION('',(0.,1.,-3.445092848398E-16));
#2661 = ORIENTED_EDGE('',*,*,#1905,.T.);
#2662 = ORIENTED_EDGE('',*,*,#862,.F.);
#2663 = PLANE('',#2664);
#2664 = AXIS2_PLACEMENT_3D('',#2665,#2666,#2667);
#2665 = CARTESIAN_POINT('',(7.25,-40.,190.60520671964));
#2666 = DIRECTION('',(-1.,-0.,0.));
#2667 = DIRECTION('',(0.,-3.445092848398E-16,-1.));
#2668 = ADVANCED_FACE('',(#2669),#2680,.T.);
#2669 = FACE_BOUND('',#2670,.T.);
#2670 = EDGE_LOOP('',(#2671,#2677,#2678,#2679));
#2671 = ORIENTED_EDGE('',*,*,#2672,.F.);
#2672 = EDGE_CURVE('',#1477,#949,#2673,.T.);
#2673 = LINE('',#2674,#2675);
#2674 = CARTESIAN_POINT('',(5.111851286034,-25.94277692905,
    -20.24335543361));
#2675 = VECTOR('',#2676,1.);
#2676 = DIRECTION('',(0.678598344546,-0.281084637715,0.678598344546));
#2677 = ORIENTED_EDGE('',*,*,#1484,.T.);
#2678 = ORIENTED_EDGE('',*,*,#933,.T.);
#2679 = ORIENTED_EDGE('',*,*,#958,.F.);
#2680 = PLANE('',#2681);
#2681 = AXIS2_PLACEMENT_3D('',#2682,#2683,#2684);
#2682 = CARTESIAN_POINT('',(5.143933982822,-25.89393398282,
    -20.25520671964));
#2683 = DIRECTION('',(0.5,-0.5,-0.707106781187));
#2684 = DIRECTION('',(0.707106781187,0.707106781187,-1.942890293094E-16)
  );
#2685 = ADVANCED_FACE('',(#2686),#2696,.F.);
#2686 = FACE_BOUND('',#2687,.F.);
#2687 = EDGE_LOOP('',(#2688,#2689,#2690));
#2688 = ORIENTED_EDGE('',*,*,#972,.F.);
#2689 = ORIENTED_EDGE('',*,*,#1390,.T.);
#2690 = ORIENTED_EDGE('',*,*,#2691,.F.);
#2691 = EDGE_CURVE('',#973,#1383,#2692,.T.);
#2692 = LINE('',#2693,#2694);
#2693 = CARTESIAN_POINT('',(6.95,-39.85,-20.25520671964));
#2694 = VECTOR('',#2695,1.);
#2695 = DIRECTION('',(-6.289281337027E-15,0.707106781187,-0.707106781187
    ));
#2696 = PLANE('',#2697);
#2697 = AXIS2_PLACEMENT_3D('',#2698,#2699,#2700);
#2698 = CARTESIAN_POINT('',(7.25,-39.7,-20.10520671964));
#2699 = DIRECTION('',(-0.57735026919,0.57735026919,0.57735026919));
#2700 = DIRECTION('',(-6.263961069467E-15,0.707106781187,-0.707106781187
    ));
#2701 = ADVANCED_FACE('',(#2702),#2729,.T.);
#2702 = FACE_BOUND('',#2703,.F.);
#2703 = EDGE_LOOP('',(#2704,#2713,#2722,#2728));
#2704 = ORIENTED_EDGE('',*,*,#2705,.F.);
#2705 = EDGE_CURVE('',#2706,#997,#2708,.T.);
#2706 = VERTEX_POINT('',#2707);
#2707 = CARTESIAN_POINT('',(-7.25,-39.7,-8.405206719647));
#2708 = PARABOLA('',#2709,1.361180553784);
#2709 = AXIS2_PLACEMENT_3D('',#2710,#2711,#2712);
#2710 = CARTESIAN_POINT('',(1.925,-48.875,1.673597690997E-14));
#2711 = DIRECTION('',(0.707106781187,0.707106781187,-1.786121471767E-18)
  );
#2712 = DIRECTION('',(-0.707106781187,0.707106781187,-3.295044916903E-16
    ));
#2713 = ORIENTED_EDGE('',*,*,#2714,.T.);
#2714 = EDGE_CURVE('',#2706,#2715,#2717,.T.);
#2715 = VERTEX_POINT('',#2716);
#2716 = CARTESIAN_POINT('',(-11.1,-39.7,1.021645483805E-14));
#2717 = CIRCLE('',#2718,11.1);
#2718 = AXIS2_PLACEMENT_3D('',#2719,#2720,#2721);
#2719 = CARTESIAN_POINT('',(-9.004741497577E-18,-39.7,1.414057736347E-14
    ));
#2720 = DIRECTION('',(-9.05783225195E-33,1.,-2.342578391104E-16));
#2721 = DIRECTION('',(-0.653153153153,-1.773860867946E-16,
    -0.757225830599));
#2722 = ORIENTED_EDGE('',*,*,#2723,.T.);
#2723 = EDGE_CURVE('',#2715,#999,#2724,.T.);
#2724 = LINE('',#2725,#2726);
#2725 = CARTESIAN_POINT('',(-11.1,-39.7,1.021645483805E-14));
#2726 = VECTOR('',#2727,1.);
#2727 = DIRECTION('',(0.707106781187,-0.707106781187,3.998257072122E-16)
  );
#2728 = ORIENTED_EDGE('',*,*,#996,.F.);
#2729 = CONICAL_SURFACE('',#2730,11.1,0.785398163397);
#2730 = AXIS2_PLACEMENT_3D('',#2731,#2732,#2733);
#2731 = CARTESIAN_POINT('',(-9.004741497577E-18,-39.7,1.414057736347E-14
    ));
#2732 = DIRECTION('',(-0.,1.,-2.342578391104E-16));
#2733 = DIRECTION('',(-0.653153153153,-1.773860867946E-16,
    -0.757225830599));
#2734 = ADVANCED_FACE('',(#2735),#2753,.F.);
#2735 = FACE_BOUND('',#2736,.T.);
#2736 = EDGE_LOOP('',(#2737,#2738,#2746,#2752));
#2737 = ORIENTED_EDGE('',*,*,#2705,.F.);
#2738 = ORIENTED_EDGE('',*,*,#2739,.T.);
#2739 = EDGE_CURVE('',#2706,#2740,#2742,.T.);
#2740 = VERTEX_POINT('',#2741);
#2741 = CARTESIAN_POINT('',(-7.25,-39.7,-20.10520671964));
#2742 = LINE('',#2743,#2744);
#2743 = CARTESIAN_POINT('',(-7.25,-39.7,-8.405206719647));
#2744 = VECTOR('',#2745,1.);
#2745 = DIRECTION('',(0.,-2.22044604925E-16,-1.));
#2746 = ORIENTED_EDGE('',*,*,#2747,.F.);
#2747 = EDGE_CURVE('',#1008,#2740,#2748,.T.);
#2748 = LINE('',#2749,#2750);
#2749 = CARTESIAN_POINT('',(-7.1,-39.85,-20.10520671964));
#2750 = VECTOR('',#2751,1.);
#2751 = DIRECTION('',(-0.707106781187,0.707106781187,1.270344972891E-14)
  );
#2752 = ORIENTED_EDGE('',*,*,#1007,.F.);
#2753 = PLANE('',#2754);
#2754 = AXIS2_PLACEMENT_3D('',#2755,#2756,#2757);
#2755 = CARTESIAN_POINT('',(-7.1,-39.85,-8.405206719647));
#2756 = DIRECTION('',(0.707106781187,0.707106781187,-1.786121471767E-18)
  );
#2757 = DIRECTION('',(-1.097593238578E-16,1.122852810672E-16,1.));
#2758 = ADVANCED_FACE('',(#2759),#2777,.T.);
#2759 = FACE_BOUND('',#2760,.F.);
#2760 = EDGE_LOOP('',(#2761,#2762,#2770,#2776));
#2761 = ORIENTED_EDGE('',*,*,#2723,.F.);
#2762 = ORIENTED_EDGE('',*,*,#2763,.T.);
#2763 = EDGE_CURVE('',#2715,#2764,#2766,.T.);
#2764 = VERTEX_POINT('',#2765);
#2765 = CARTESIAN_POINT('',(-11.1,-39.7,170.2));
#2766 = LINE('',#2767,#2768);
#2767 = CARTESIAN_POINT('',(-11.1,-39.7,-6.661338147751E-17));
#2768 = VECTOR('',#2769,1.);
#2769 = DIRECTION('',(0.,2.22044604925E-16,1.));
#2770 = ORIENTED_EDGE('',*,*,#2771,.T.);
#2771 = EDGE_CURVE('',#2764,#1124,#2772,.T.);
#2772 = LINE('',#2773,#2774);
#2773 = CARTESIAN_POINT('',(-10.95,-39.85,170.2));
#2774 = VECTOR('',#2775,1.);
#2775 = DIRECTION('',(0.707106781187,-0.707106781187,1.570092458684E-16)
  );
#2776 = ORIENTED_EDGE('',*,*,#1132,.F.);
#2777 = PLANE('',#2778);
#2778 = AXIS2_PLACEMENT_3D('',#2779,#2780,#2781);
#2779 = CARTESIAN_POINT('',(-10.95,-39.85,-3.330669073875E-17));
#2780 = DIRECTION('',(-0.707106781187,-0.707106781187,5.038807263395E-16
    ));
#2781 = DIRECTION('',(-2.452751760413E-16,-4.673197809664E-16,-1.));
#2782 = ADVANCED_FACE('',(#2783),#2808,.F.);
#2783 = FACE_BOUND('',#2784,.T.);
#2784 = EDGE_LOOP('',(#2785,#2793,#2801,#2807));
#2785 = ORIENTED_EDGE('',*,*,#2786,.F.);
#2786 = EDGE_CURVE('',#2787,#1008,#2789,.T.);
#2787 = VERTEX_POINT('',#2788);
#2788 = CARTESIAN_POINT('',(-6.95,-39.7,-20.40520671964));
#2789 = LINE('',#2790,#2791);
#2790 = CARTESIAN_POINT('',(-6.95,-39.775,-20.33020671964));
#2791 = VECTOR('',#2792,1.);
#2792 = DIRECTION('',(-1.054878937007E-14,-0.707106781187,0.707106781187
    ));
#2793 = ORIENTED_EDGE('',*,*,#2794,.T.);
#2794 = EDGE_CURVE('',#2787,#2795,#2797,.T.);
#2795 = VERTEX_POINT('',#2796);
#2796 = CARTESIAN_POINT('',(-1.55,-39.7,-20.40520671964));
#2797 = LINE('',#2798,#2799);
#2798 = CARTESIAN_POINT('',(-7.25,-39.7,-20.40520671964));
#2799 = VECTOR('',#2800,1.);
#2800 = DIRECTION('',(1.,0.,0.));
#2801 = ORIENTED_EDGE('',*,*,#2802,.F.);
#2802 = EDGE_CURVE('',#1016,#2795,#2803,.T.);
#2803 = LINE('',#2804,#2805);
#2804 = CARTESIAN_POINT('',(-1.55,-39.85,-20.25520671964));
#2805 = VECTOR('',#2806,1.);
#2806 = DIRECTION('',(-4.096028632461E-15,0.707106781187,-0.707106781187
    ));
#2807 = ORIENTED_EDGE('',*,*,#1015,.F.);
#2808 = PLANE('',#2809);
#2809 = AXIS2_PLACEMENT_3D('',#2810,#2811,#2812);
#2810 = CARTESIAN_POINT('',(-7.25,-39.85,-20.25520671964));
#2811 = DIRECTION('',(-2.184536262988E-18,0.707106781187,0.707106781187)
  );
#2812 = DIRECTION('',(-1.,-1.544700405307E-18,-1.544700405307E-18));
#2813 = ADVANCED_FACE('',(#2814),#2834,.T.);
#2814 = FACE_BOUND('',#2815,.F.);
#2815 = EDGE_LOOP('',(#2816,#2817,#2826,#2833));
#2816 = ORIENTED_EDGE('',*,*,#2771,.F.);
#2817 = ORIENTED_EDGE('',*,*,#2818,.T.);
#2818 = EDGE_CURVE('',#2764,#2819,#2821,.T.);
#2819 = VERTEX_POINT('',#2820);
#2820 = CARTESIAN_POINT('',(-7.25,-39.7,178.60520671964));
#2821 = CIRCLE('',#2822,11.1);
#2822 = AXIS2_PLACEMENT_3D('',#2823,#2824,#2825);
#2823 = CARTESIAN_POINT('',(-9.004741497577E-18,-39.7,170.2));
#2824 = DIRECTION('',(0.,1.,-2.342578391104E-16));
#2825 = DIRECTION('',(-1.,1.053845014802E-46,4.49865421283E-31));
#2826 = ORIENTED_EDGE('',*,*,#2827,.T.);
#2827 = EDGE_CURVE('',#2819,#1116,#2828,.T.);
#2828 = PARABOLA('',#2829,1.361180553784);
#2829 = AXIS2_PLACEMENT_3D('',#2830,#2831,#2832);
#2830 = CARTESIAN_POINT('',(1.925,-48.875,170.2));
#2831 = DIRECTION('',(-0.707106781187,-0.707106781187,5.037204020782E-16
    ));
#2832 = DIRECTION('',(-0.707106781187,0.707106781187,1.724297889161E-16)
  );
#2833 = ORIENTED_EDGE('',*,*,#1123,.F.);
#2834 = CONICAL_SURFACE('',#2835,11.1,0.785398163397);
#2835 = AXIS2_PLACEMENT_3D('',#2836,#2837,#2838);
#2836 = CARTESIAN_POINT('',(-9.004741497577E-18,-39.7,170.2));
#2837 = DIRECTION('',(-0.,1.,-2.342578391104E-16));
#2838 = DIRECTION('',(-1.,1.053845014802E-46,4.49865421283E-31));
#2839 = ADVANCED_FACE('',(#2840),#2866,.T.);
#2840 = FACE_BOUND('',#2841,.F.);
#2841 = EDGE_LOOP('',(#2842,#2851,#2859,#2865));
#2842 = ORIENTED_EDGE('',*,*,#2843,.F.);
#2843 = EDGE_CURVE('',#2844,#1024,#2846,.T.);
#2844 = VERTEX_POINT('',#2845);
#2845 = CARTESIAN_POINT('',(-1.25,-39.7,-8.002968199362));
#2846 = PARABOLA('',#2847,2.421840725564);
#2847 = AXIS2_PLACEMENT_3D('',#2848,#2849,#2850);
#2848 = CARTESIAN_POINT('',(3.425,-35.025,1.225036564324E-14));
#2849 = DIRECTION('',(0.707106781187,-0.707106781187,1.502323518822E-18)
  );
#2850 = DIRECTION('',(-0.707106781187,-0.707106781187,3.297882896433E-16
    ));
#2851 = ORIENTED_EDGE('',*,*,#2852,.T.);
#2852 = EDGE_CURVE('',#2844,#2853,#2855,.T.);
#2853 = VERTEX_POINT('',#2854);
#2854 = CARTESIAN_POINT('',(-1.25,-39.7,-20.10520671964));
#2855 = LINE('',#2856,#2857);
#2856 = CARTESIAN_POINT('',(-1.25,-39.7,-8.002968199362));
#2857 = VECTOR('',#2858,1.);
#2858 = DIRECTION('',(0.,-2.22044604925E-16,-1.));
#2859 = ORIENTED_EDGE('',*,*,#2860,.T.);
#2860 = EDGE_CURVE('',#2853,#1016,#2861,.T.);
#2861 = LINE('',#2862,#2863);
#2862 = CARTESIAN_POINT('',(-1.325,-39.775,-20.10520671964));
#2863 = VECTOR('',#2864,1.);
#2864 = DIRECTION('',(-0.707106781187,-0.707106781187,
    -9.333848176422E-15));
#2865 = ORIENTED_EDGE('',*,*,#1023,.F.);
#2866 = PLANE('',#2867);
#2867 = AXIS2_PLACEMENT_3D('',#2868,#2869,#2870);
#2868 = CARTESIAN_POINT('',(-1.4,-39.85,-8.002968199362));
#2869 = DIRECTION('',(0.707106781187,-0.707106781187,1.502323518822E-18)
  );
#2870 = DIRECTION('',(1.099599993148E-16,1.120846056102E-16,1.));
#2871 = ADVANCED_FACE('',(#2872),#2890,.F.);
#2872 = FACE_BOUND('',#2873,.F.);
#2873 = EDGE_LOOP('',(#2874,#2875,#2883,#2889));
#2874 = ORIENTED_EDGE('',*,*,#2827,.F.);
#2875 = ORIENTED_EDGE('',*,*,#2876,.T.);
#2876 = EDGE_CURVE('',#2819,#2877,#2879,.T.);
#2877 = VERTEX_POINT('',#2878);
#2878 = CARTESIAN_POINT('',(-7.25,-39.7,190.30520671964));
#2879 = LINE('',#2880,#2881);
#2880 = CARTESIAN_POINT('',(-7.25,-39.7,178.60520671964));
#2881 = VECTOR('',#2882,1.);
#2882 = DIRECTION('',(0.,3.445092848398E-16,1.));
#2883 = ORIENTED_EDGE('',*,*,#2884,.T.);
#2884 = EDGE_CURVE('',#2877,#1108,#2885,.T.);
#2885 = LINE('',#2886,#2887);
#2886 = CARTESIAN_POINT('',(-7.175,-39.775,190.30520671964));
#2887 = VECTOR('',#2888,1.);
#2888 = DIRECTION('',(0.707106781187,-0.707106781187,9.013520507054E-14)
  );
#2889 = ORIENTED_EDGE('',*,*,#1115,.F.);
#2890 = PLANE('',#2891);
#2891 = AXIS2_PLACEMENT_3D('',#2892,#2893,#2894);
#2892 = CARTESIAN_POINT('',(-7.1,-39.85,178.60520671964));
#2893 = DIRECTION('',(0.707106781187,0.707106781187,-5.037204020782E-16)
  );
#2894 = DIRECTION('',(1.839294697116E-16,5.284387545514E-16,1.));
#2895 = ADVANCED_FACE('',(#2896),#2916,.F.);
#2896 = FACE_BOUND('',#2897,.F.);
#2897 = EDGE_LOOP('',(#2898,#2907,#2914,#2915));
#2898 = ORIENTED_EDGE('',*,*,#2899,.F.);
#2899 = EDGE_CURVE('',#2900,#1032,#2902,.T.);
#2900 = VERTEX_POINT('',#2901);
#2901 = CARTESIAN_POINT('',(1.25,-39.7,-8.002968199362));
#2902 = PARABOLA('',#2903,2.421840725564);
#2903 = AXIS2_PLACEMENT_3D('',#2904,#2905,#2906);
#2904 = CARTESIAN_POINT('',(-3.425,-35.025,1.225036564324E-14));
#2905 = DIRECTION('',(0.707106781187,0.707106781187,-1.502323518822E-18)
  );
#2906 = DIRECTION('',(0.707106781187,-0.707106781187,3.297882896433E-16)
  );
#2907 = ORIENTED_EDGE('',*,*,#2908,.T.);
#2908 = EDGE_CURVE('',#2900,#2844,#2909,.T.);
#2909 = CIRCLE('',#2910,8.1);
#2910 = AXIS2_PLACEMENT_3D('',#2911,#2912,#2913);
#2911 = CARTESIAN_POINT('',(-9.004741497577E-18,-39.7,1.414057736347E-14
    ));
#2912 = DIRECTION('',(1.718419895335E-33,-1.,2.342578391104E-16));
#2913 = DIRECTION('',(0.154320987654,-2.314516094878E-16,-0.988020765353
    ));
#2914 = ORIENTED_EDGE('',*,*,#2843,.T.);
#2915 = ORIENTED_EDGE('',*,*,#1031,.F.);
#2916 = CONICAL_SURFACE('',#2917,8.1,0.785398163397);
#2917 = AXIS2_PLACEMENT_3D('',#2918,#2919,#2920);
#2918 = CARTESIAN_POINT('',(-9.004741497577E-18,-39.7,1.414057736347E-14
    ));
#2919 = DIRECTION('',(0.,-1.,2.342578391104E-16));
#2920 = DIRECTION('',(0.154320987654,-2.314516094878E-16,-0.988020765353
    ));
#2921 = ADVANCED_FACE('',(#2922),#2947,.F.);
#2922 = FACE_BOUND('',#2923,.F.);
#2923 = EDGE_LOOP('',(#2924,#2934,#2940,#2941));
#2924 = ORIENTED_EDGE('',*,*,#2925,.T.);
#2925 = EDGE_CURVE('',#2926,#2928,#2930,.T.);
#2926 = VERTEX_POINT('',#2927);
#2927 = CARTESIAN_POINT('',(-6.95,-39.7,190.60520671964));
#2928 = VERTEX_POINT('',#2929);
#2929 = CARTESIAN_POINT('',(-1.55,-39.7,190.60520671964));
#2930 = LINE('',#2931,#2932);
#2931 = CARTESIAN_POINT('',(-7.25,-39.7,190.60520671964));
#2932 = VECTOR('',#2933,1.);
#2933 = DIRECTION('',(1.,0.,0.));
#2934 = ORIENTED_EDGE('',*,*,#2935,.T.);
#2935 = EDGE_CURVE('',#2928,#1100,#2936,.T.);
#2936 = LINE('',#2937,#2938);
#2937 = CARTESIAN_POINT('',(-1.55,-39.775,190.53020671964));
#2938 = VECTOR('',#2939,1.);
#2939 = DIRECTION('',(-1.881718134881E-14,-0.707106781187,
    -0.707106781187));
#2940 = ORIENTED_EDGE('',*,*,#1107,.F.);
#2941 = ORIENTED_EDGE('',*,*,#2942,.T.);
#2942 = EDGE_CURVE('',#1108,#2926,#2943,.T.);
#2943 = LINE('',#2944,#2945);
#2944 = CARTESIAN_POINT('',(-6.95,-39.85,190.45520671964));
#2945 = VECTOR('',#2946,1.);
#2946 = DIRECTION('',(-1.463829625628E-14,0.707106781187,0.707106781187)
  );
#2947 = PLANE('',#2948);
#2948 = AXIS2_PLACEMENT_3D('',#2949,#2950,#2951);
#2949 = CARTESIAN_POINT('',(-7.25,-39.85,190.45520671964));
#2950 = DIRECTION('',(-2.332294747711E-18,0.707106781187,-0.707106781187
    ));
#2951 = DIRECTION('',(1.,1.649181431832E-18,-1.649181431832E-18));
#2952 = ADVANCED_FACE('',(#2953),#2971,.F.);
#2953 = FACE_BOUND('',#2954,.T.);
#2954 = EDGE_LOOP('',(#2955,#2956,#2964,#2970));
#2955 = ORIENTED_EDGE('',*,*,#2899,.F.);
#2956 = ORIENTED_EDGE('',*,*,#2957,.T.);
#2957 = EDGE_CURVE('',#2900,#2958,#2960,.T.);
#2958 = VERTEX_POINT('',#2959);
#2959 = CARTESIAN_POINT('',(1.25,-39.7,-20.10520671964));
#2960 = LINE('',#2961,#2962);
#2961 = CARTESIAN_POINT('',(1.25,-39.7,-8.002968199362));
#2962 = VECTOR('',#2963,1.);
#2963 = DIRECTION('',(0.,-2.22044604925E-16,-1.));
#2964 = ORIENTED_EDGE('',*,*,#2965,.F.);
#2965 = EDGE_CURVE('',#1041,#2958,#2966,.T.);
#2966 = LINE('',#2967,#2968);
#2967 = CARTESIAN_POINT('',(1.4,-39.85,-20.10520671964));
#2968 = VECTOR('',#2969,1.);
#2969 = DIRECTION('',(-0.707106781187,0.707106781187,1.666560819795E-14)
  );
#2970 = ORIENTED_EDGE('',*,*,#1040,.F.);
#2971 = PLANE('',#2972);
#2972 = AXIS2_PLACEMENT_3D('',#2973,#2974,#2975);
#2973 = CARTESIAN_POINT('',(1.4,-39.85,-8.002968199362));
#2974 = DIRECTION('',(0.707106781187,0.707106781187,-1.502323518822E-18)
  );
#2975 = DIRECTION('',(-1.099599993148E-16,1.120846056102E-16,1.));
#2976 = ADVANCED_FACE('',(#2977),#3003,.T.);
#2977 = FACE_BOUND('',#2978,.T.);
#2978 = EDGE_LOOP('',(#2979,#2988,#2996,#3002));
#2979 = ORIENTED_EDGE('',*,*,#2980,.F.);
#2980 = EDGE_CURVE('',#2981,#1091,#2983,.T.);
#2981 = VERTEX_POINT('',#2982);
#2982 = CARTESIAN_POINT('',(-1.25,-39.7,178.20296819936));
#2983 = PARABOLA('',#2984,2.421840725564);
#2984 = AXIS2_PLACEMENT_3D('',#2985,#2986,#2987);
#2985 = CARTESIAN_POINT('',(3.425,-35.025,170.2));
#2986 = DIRECTION('',(-0.707106781187,0.707106781187,-5.034366041253E-16
    ));
#2987 = DIRECTION('',(-0.707106781187,-0.707106781187,
    -1.721459909632E-16));
#2988 = ORIENTED_EDGE('',*,*,#2989,.T.);
#2989 = EDGE_CURVE('',#2981,#2990,#2992,.T.);
#2990 = VERTEX_POINT('',#2991);
#2991 = CARTESIAN_POINT('',(-1.25,-39.7,190.30520671964));
#2992 = LINE('',#2993,#2994);
#2993 = CARTESIAN_POINT('',(-1.25,-39.7,178.20296819936));
#2994 = VECTOR('',#2995,1.);
#2995 = DIRECTION('',(0.,3.445092848398E-16,1.));
#2996 = ORIENTED_EDGE('',*,*,#2997,.F.);
#2997 = EDGE_CURVE('',#1100,#2990,#2998,.T.);
#2998 = LINE('',#2999,#3000);
#2999 = CARTESIAN_POINT('',(-1.399999999999,-39.84999999999,
    190.30520671964));
#3000 = VECTOR('',#3001,1.);
#3001 = DIRECTION('',(0.707106781187,0.707106781187,-1.299339722454E-13)
  );
#3002 = ORIENTED_EDGE('',*,*,#1099,.F.);
#3003 = PLANE('',#3004);
#3004 = AXIS2_PLACEMENT_3D('',#3005,#3006,#3007);
#3005 = CARTESIAN_POINT('',(-1.4,-39.85,178.20296819936));
#3006 = DIRECTION('',(0.707106781187,-0.707106781187,5.034366041253E-16)
  );
#3007 = DIRECTION('',(-1.837287942546E-16,5.282380790944E-16,1.));
#3008 = ADVANCED_FACE('',(#3009),#3020,.F.);
#3009 = FACE_BOUND('',#3010,.T.);
#3010 = EDGE_LOOP('',(#3011,#3017,#3018,#3019));
#3011 = ORIENTED_EDGE('',*,*,#3012,.F.);
#3012 = EDGE_CURVE('',#1454,#1041,#3013,.T.);
#3013 = LINE('',#3014,#3015);
#3014 = CARTESIAN_POINT('',(1.55,-39.775,-20.33020671964));
#3015 = VECTOR('',#3016,1.);
#3016 = DIRECTION('',(-9.918408627885E-15,-0.707106781187,0.707106781187
    ));
#3017 = ORIENTED_EDGE('',*,*,#1461,.T.);
#3018 = ORIENTED_EDGE('',*,*,#2691,.F.);
#3019 = ORIENTED_EDGE('',*,*,#1048,.F.);
#3020 = PLANE('',#3021);
#3021 = AXIS2_PLACEMENT_3D('',#3022,#3023,#3024);
#3022 = CARTESIAN_POINT('',(1.25,-39.85,-20.25520671964));
#3023 = DIRECTION('',(-2.184536262988E-18,0.707106781187,0.707106781187)
  );
#3024 = DIRECTION('',(-1.,-1.544700405307E-18,-1.544700405307E-18));
#3025 = ADVANCED_FACE('',(#3026),#3046,.F.);
#3026 = FACE_BOUND('',#3027,.T.);
#3027 = EDGE_LOOP('',(#3028,#3037,#3044,#3045));
#3028 = ORIENTED_EDGE('',*,*,#3029,.F.);
#3029 = EDGE_CURVE('',#3030,#1083,#3032,.T.);
#3030 = VERTEX_POINT('',#3031);
#3031 = CARTESIAN_POINT('',(1.25,-39.7,178.20296819936));
#3032 = PARABOLA('',#3033,2.421840725564);
#3033 = AXIS2_PLACEMENT_3D('',#3034,#3035,#3036);
#3034 = CARTESIAN_POINT('',(-3.425,-35.025,170.2));
#3035 = DIRECTION('',(-0.707106781187,-0.707106781187,5.034366041253E-16
    ));
#3036 = DIRECTION('',(0.707106781187,-0.707106781187,-1.721459909632E-16
    ));
#3037 = ORIENTED_EDGE('',*,*,#3038,.T.);
#3038 = EDGE_CURVE('',#3030,#2981,#3039,.T.);
#3039 = CIRCLE('',#3040,8.1);
#3040 = AXIS2_PLACEMENT_3D('',#3041,#3042,#3043);
#3041 = CARTESIAN_POINT('',(-9.004741497577E-18,-39.7,170.2));
#3042 = DIRECTION('',(3.80719450701E-33,1.,-2.342578391104E-16));
#3043 = DIRECTION('',(0.154320987654,2.314516094878E-16,0.988020765353)
  );
#3044 = ORIENTED_EDGE('',*,*,#2980,.T.);
#3045 = ORIENTED_EDGE('',*,*,#1090,.F.);
#3046 = CONICAL_SURFACE('',#3047,8.1,0.785398163397);
#3047 = AXIS2_PLACEMENT_3D('',#3048,#3049,#3050);
#3048 = CARTESIAN_POINT('',(-9.004741497577E-18,-39.7,170.2));
#3049 = DIRECTION('',(0.,-1.,2.342578391104E-16));
#3050 = DIRECTION('',(0.154320987654,2.314516094878E-16,0.988020765353)
  );
#3051 = ADVANCED_FACE('',(#3052),#3070,.F.);
#3052 = FACE_BOUND('',#3053,.F.);
#3053 = EDGE_LOOP('',(#3054,#3055,#3063,#3069));
#3054 = ORIENTED_EDGE('',*,*,#3029,.F.);
#3055 = ORIENTED_EDGE('',*,*,#3056,.T.);
#3056 = EDGE_CURVE('',#3030,#3057,#3059,.T.);
#3057 = VERTEX_POINT('',#3058);
#3058 = CARTESIAN_POINT('',(1.25,-39.7,190.30520671964));
#3059 = LINE('',#3060,#3061);
#3060 = CARTESIAN_POINT('',(1.25,-39.7,178.20296819936));
#3061 = VECTOR('',#3062,1.);
#3062 = DIRECTION('',(0.,3.445092848398E-16,1.));
#3063 = ORIENTED_EDGE('',*,*,#3064,.T.);
#3064 = EDGE_CURVE('',#3057,#1075,#3065,.T.);
#3065 = LINE('',#3066,#3067);
#3066 = CARTESIAN_POINT('',(1.324999999999,-39.77499999999,
    190.30520671964));
#3067 = VECTOR('',#3068,1.);
#3068 = DIRECTION('',(0.707106781187,-0.707106781187,1.298941463842E-13)
  );
#3069 = ORIENTED_EDGE('',*,*,#1082,.F.);
#3070 = PLANE('',#3071);
#3071 = AXIS2_PLACEMENT_3D('',#3072,#3073,#3074);
#3072 = CARTESIAN_POINT('',(1.4,-39.85,178.20296819936));
#3073 = DIRECTION('',(0.707106781187,0.707106781187,-5.034366041253E-16)
  );
#3074 = DIRECTION('',(1.837287942546E-16,5.282380790944E-16,1.));
#3075 = ADVANCED_FACE('',(#3076),#3101,.F.);
#3076 = FACE_BOUND('',#3077,.F.);
#3077 = EDGE_LOOP('',(#3078,#3088,#3094,#3095));
#3078 = ORIENTED_EDGE('',*,*,#3079,.T.);
#3079 = EDGE_CURVE('',#3080,#3082,#3084,.T.);
#3080 = VERTEX_POINT('',#3081);
#3081 = CARTESIAN_POINT('',(1.55,-39.7,190.60520671964));
#3082 = VERTEX_POINT('',#3083);
#3083 = CARTESIAN_POINT('',(6.95,-39.7,190.60520671964));
#3084 = LINE('',#3085,#3086);
#3085 = CARTESIAN_POINT('',(1.25,-39.7,190.60520671964));
#3086 = VECTOR('',#3087,1.);
#3087 = DIRECTION('',(1.,0.,0.));
#3088 = ORIENTED_EDGE('',*,*,#3089,.T.);
#3089 = EDGE_CURVE('',#3082,#1067,#3090,.T.);
#3090 = LINE('',#3091,#3092);
#3091 = CARTESIAN_POINT('',(6.95,-39.775,190.53020671964));
#3092 = VECTOR('',#3093,1.);
#3093 = DIRECTION('',(-8.393842590137E-15,-0.707106781187,
    -0.707106781187));
#3094 = ORIENTED_EDGE('',*,*,#1074,.F.);
#3095 = ORIENTED_EDGE('',*,*,#3096,.T.);
#3096 = EDGE_CURVE('',#1075,#3080,#3097,.T.);
#3097 = LINE('',#3098,#3099);
#3098 = CARTESIAN_POINT('',(1.55,-39.85,190.45520671964));
#3099 = VECTOR('',#3100,1.);
#3100 = DIRECTION('',(-1.932125146979E-14,0.707106781187,0.707106781187)
  );
#3101 = PLANE('',#3102);
#3102 = AXIS2_PLACEMENT_3D('',#3103,#3104,#3105);
#3103 = CARTESIAN_POINT('',(1.25,-39.85,190.45520671964));
#3104 = DIRECTION('',(-2.332294747711E-18,0.707106781187,-0.707106781187
    ));
#3105 = DIRECTION('',(1.,1.649181431832E-18,-1.649181431832E-18));
#3106 = ADVANCED_FACE('',(#3107),#3118,.F.);
#3107 = FACE_BOUND('',#3108,.F.);
#3108 = EDGE_LOOP('',(#3109,#3110,#3111,#3112));
#3109 = ORIENTED_EDGE('',*,*,#2507,.T.);
#3110 = ORIENTED_EDGE('',*,*,#2539,.T.);
#3111 = ORIENTED_EDGE('',*,*,#1066,.F.);
#3112 = ORIENTED_EDGE('',*,*,#3113,.T.);
#3113 = EDGE_CURVE('',#1067,#2508,#3114,.T.);
#3114 = LINE('',#3115,#3116);
#3115 = CARTESIAN_POINT('',(7.1,-39.85,190.30520671964));
#3116 = VECTOR('',#3117,1.);
#3117 = DIRECTION('',(0.707106781187,0.707106781187,-1.213936988535E-13)
  );
#3118 = PLANE('',#3119);
#3119 = AXIS2_PLACEMENT_3D('',#3120,#3121,#3122);
#3120 = CARTESIAN_POINT('',(7.1,-39.85,190.60520671964));
#3121 = DIRECTION('',(-0.707106781187,0.707106781187,1.786121471767E-18)
  );
#3122 = DIRECTION('',(-1.735176210246E-16,-1.709916638152E-16,-1.));
#3123 = ADVANCED_FACE('',(#3124),#3149,.F.);
#3124 = FACE_BOUND('',#3125,.T.);
#3125 = EDGE_LOOP('',(#3126,#3134,#3142,#3148));
#3126 = ORIENTED_EDGE('',*,*,#3127,.F.);
#3127 = EDGE_CURVE('',#3128,#1141,#3130,.T.);
#3128 = VERTEX_POINT('',#3129);
#3129 = CARTESIAN_POINT('',(-5.81,-39.7,60.1));
#3130 = LINE('',#3131,#3132);
#3131 = CARTESIAN_POINT('',(-5.81,-39.85,60.25));
#3132 = VECTOR('',#3133,1.);
#3133 = DIRECTION('',(-9.701854050582E-37,-0.707106781187,0.707106781187
    ));
#3134 = ORIENTED_EDGE('',*,*,#3135,.T.);
#3135 = EDGE_CURVE('',#3128,#3136,#3138,.T.);
#3136 = VERTEX_POINT('',#3137);
#3137 = CARTESIAN_POINT('',(5.810000000001,-39.7,60.1));
#3138 = LINE('',#3139,#3140);
#3139 = CARTESIAN_POINT('',(-5.81,-39.7,60.1));
#3140 = VECTOR('',#3141,1.);
#3141 = DIRECTION('',(1.,0.,0.));
#3142 = ORIENTED_EDGE('',*,*,#3143,.T.);
#3143 = EDGE_CURVE('',#3136,#1143,#3144,.T.);
#3144 = LINE('',#3145,#3146);
#3145 = CARTESIAN_POINT('',(5.810000000001,-39.85,60.25));
#3146 = VECTOR('',#3147,1.);
#3147 = DIRECTION('',(-9.701854050582E-37,-0.707106781187,0.707106781187
    ));
#3148 = ORIENTED_EDGE('',*,*,#1140,.F.);
#3149 = PLANE('',#3150);
#3150 = AXIS2_PLACEMENT_3D('',#3151,#3152,#3153);
#3151 = CARTESIAN_POINT('',(-5.81,-39.85,60.25));
#3152 = DIRECTION('',(1.687516538943E-19,0.707106781187,0.707106781187)
  );
#3153 = DIRECTION('',(-1.,1.193254388051E-19,1.193254388051E-19));
#3154 = ADVANCED_FACE('',(#3155),#3174,.F.);
#3155 = FACE_BOUND('',#3156,.T.);
#3156 = EDGE_LOOP('',(#3157,#3165,#3172,#3173));
#3157 = ORIENTED_EDGE('',*,*,#3158,.F.);
#3158 = EDGE_CURVE('',#3159,#1194,#3161,.T.);
#3159 = VERTEX_POINT('',#3160);
#3160 = CARTESIAN_POINT('',(-8.1,-39.7,57.810000000001));
#3161 = LINE('',#3162,#3163);
#3162 = CARTESIAN_POINT('',(-8.25,-39.85,57.810000000001));
#3163 = VECTOR('',#3164,1.);
#3164 = DIRECTION('',(-0.707106781187,-0.707106781187,1.570092458684E-16
    ));
#3165 = ORIENTED_EDGE('',*,*,#3166,.T.);
#3166 = EDGE_CURVE('',#3159,#3128,#3167,.T.);
#3167 = CIRCLE('',#3168,2.29);
#3168 = AXIS2_PLACEMENT_3D('',#3169,#3170,#3171);
#3169 = CARTESIAN_POINT('',(-5.81,-39.7,57.81));
#3170 = DIRECTION('',(0.,1.,-2.342578391104E-16));
#3171 = DIRECTION('',(-1.,2.340478877365E-28,9.991037594531E-13));
#3172 = ORIENTED_EDGE('',*,*,#3127,.T.);
#3173 = ORIENTED_EDGE('',*,*,#1201,.F.);
#3174 = CONICAL_SURFACE('',#3175,2.29,0.785398163397);
#3175 = AXIS2_PLACEMENT_3D('',#3176,#3177,#3178);
#3176 = CARTESIAN_POINT('',(-5.81,-39.7,57.81));
#3177 = DIRECTION('',(0.,-1.,2.342578391104E-16));
#3178 = DIRECTION('',(-1.,2.340478877365E-28,9.991037594531E-13));
#3179 = ADVANCED_FACE('',(#3180),#3199,.F.);
#3180 = FACE_BOUND('',#3181,.T.);
#3181 = EDGE_LOOP('',(#3182,#3183,#3192,#3198));
#3182 = ORIENTED_EDGE('',*,*,#3143,.F.);
#3183 = ORIENTED_EDGE('',*,*,#3184,.T.);
#3184 = EDGE_CURVE('',#3136,#3185,#3187,.T.);
#3185 = VERTEX_POINT('',#3186);
#3186 = CARTESIAN_POINT('',(8.1,-39.7,57.81));
#3187 = CIRCLE('',#3188,2.29);
#3188 = AXIS2_PLACEMENT_3D('',#3189,#3190,#3191);
#3189 = CARTESIAN_POINT('',(5.81,-39.7,57.81));
#3190 = DIRECTION('',(-1.412401139759E-44,1.,-2.342578391104E-16));
#3191 = DIRECTION('',(9.998794611297E-13,2.342578391104E-16,1.));
#3192 = ORIENTED_EDGE('',*,*,#3193,.T.);
#3193 = EDGE_CURVE('',#3185,#1151,#3194,.T.);
#3194 = LINE('',#3195,#3196);
#3195 = CARTESIAN_POINT('',(8.1,-39.7,57.81));
#3196 = VECTOR('',#3197,1.);
#3197 = DIRECTION('',(0.707106781187,-0.707106781187,2.000299207602E-16)
  );
#3198 = ORIENTED_EDGE('',*,*,#1150,.F.);
#3199 = CONICAL_SURFACE('',#3200,2.29,0.785398163397);
#3200 = AXIS2_PLACEMENT_3D('',#3201,#3202,#3203);
#3201 = CARTESIAN_POINT('',(5.81,-39.7,57.81));
#3202 = DIRECTION('',(0.,-1.,2.342578391104E-16));
#3203 = DIRECTION('',(9.998794611297E-13,2.342578391104E-16,1.));
#3204 = ADVANCED_FACE('',(#3205),#3223,.F.);
#3205 = FACE_BOUND('',#3206,.T.);
#3206 = EDGE_LOOP('',(#3207,#3215,#3221,#3222));
#3207 = ORIENTED_EDGE('',*,*,#3208,.F.);
#3208 = EDGE_CURVE('',#3209,#1185,#3211,.T.);
#3209 = VERTEX_POINT('',#3210);
#3210 = CARTESIAN_POINT('',(-8.1,-39.7,22.39));
#3211 = LINE('',#3212,#3213);
#3212 = CARTESIAN_POINT('',(-8.1,-39.7,22.39));
#3213 = VECTOR('',#3214,1.);
#3214 = DIRECTION('',(-0.707106781187,-0.707106781187,
    -2.574855347096E-17));
#3215 = ORIENTED_EDGE('',*,*,#3216,.T.);
#3216 = EDGE_CURVE('',#3209,#3159,#3217,.T.);
#3217 = LINE('',#3218,#3219);
#3218 = CARTESIAN_POINT('',(-8.1,-39.7,22.39));
#3219 = VECTOR('',#3220,1.);
#3220 = DIRECTION('',(0.,2.22044604925E-16,1.));
#3221 = ORIENTED_EDGE('',*,*,#3158,.T.);
#3222 = ORIENTED_EDGE('',*,*,#1193,.F.);
#3223 = PLANE('',#3224);
#3224 = AXIS2_PLACEMENT_3D('',#3225,#3226,#3227);
#3225 = CARTESIAN_POINT('',(-8.25,-39.85,22.39));
#3226 = DIRECTION('',(-0.707106781187,0.707106781187,-2.96353736683E-18)
  );
#3227 = DIRECTION('',(-1.089267650941E-16,-1.131178398309E-16,-1.));
#3228 = ADVANCED_FACE('',(#3229),#3247,.T.);
#3229 = FACE_BOUND('',#3230,.T.);
#3230 = EDGE_LOOP('',(#3231,#3232,#3240,#3246));
#3231 = ORIENTED_EDGE('',*,*,#3193,.F.);
#3232 = ORIENTED_EDGE('',*,*,#3233,.T.);
#3233 = EDGE_CURVE('',#3185,#3234,#3236,.T.);
#3234 = VERTEX_POINT('',#3235);
#3235 = CARTESIAN_POINT('',(8.1,-39.7,22.389999999999));
#3236 = LINE('',#3237,#3238);
#3237 = CARTESIAN_POINT('',(8.1,-39.7,57.81));
#3238 = VECTOR('',#3239,1.);
#3239 = DIRECTION('',(-0.,-2.22044604925E-16,-1.));
#3240 = ORIENTED_EDGE('',*,*,#3241,.T.);
#3241 = EDGE_CURVE('',#3234,#1160,#3242,.T.);
#3242 = LINE('',#3243,#3244);
#3243 = CARTESIAN_POINT('',(8.25,-39.85,22.389999999999));
#3244 = VECTOR('',#3245,1.);
#3245 = DIRECTION('',(0.707106781187,-0.707106781187,1.570092458684E-16)
  );
#3246 = ORIENTED_EDGE('',*,*,#1159,.F.);
#3247 = PLANE('',#3248);
#3248 = AXIS2_PLACEMENT_3D('',#3249,#3250,#3251);
#3249 = CARTESIAN_POINT('',(8.25,-39.85,57.81));
#3250 = DIRECTION('',(-0.707106781187,-0.707106781187,2.96353736683E-18)
  );
#3251 = DIRECTION('',(1.089267650941E-16,-1.131178398309E-16,-1.));
#3252 = ADVANCED_FACE('',(#3253),#3272,.F.);
#3253 = FACE_BOUND('',#3254,.T.);
#3254 = EDGE_LOOP('',(#3255,#3263,#3270,#3271));
#3255 = ORIENTED_EDGE('',*,*,#3256,.F.);
#3256 = EDGE_CURVE('',#3257,#1177,#3259,.T.);
#3257 = VERTEX_POINT('',#3258);
#3258 = CARTESIAN_POINT('',(-5.810000000001,-39.7,20.1));
#3259 = LINE('',#3260,#3261);
#3260 = CARTESIAN_POINT('',(-5.810000000001,-39.85,19.95));
#3261 = VECTOR('',#3262,1.);
#3262 = DIRECTION('',(8.657732723237E-35,-0.707106781187,-0.707106781187
    ));
#3263 = ORIENTED_EDGE('',*,*,#3264,.T.);
#3264 = EDGE_CURVE('',#3257,#3209,#3265,.T.);
#3265 = CIRCLE('',#3266,2.29);
#3266 = AXIS2_PLACEMENT_3D('',#3267,#3268,#3269);
#3267 = CARTESIAN_POINT('',(-5.81,-39.7,22.39));
#3268 = DIRECTION('',(1.749417079451E-44,1.,-2.342578391104E-16));
#3269 = DIRECTION('',(-9.998794611297E-13,-2.342578391104E-16,-1.));
#3270 = ORIENTED_EDGE('',*,*,#3208,.T.);
#3271 = ORIENTED_EDGE('',*,*,#1184,.F.);
#3272 = CONICAL_SURFACE('',#3273,2.29,0.785398163397);
#3273 = AXIS2_PLACEMENT_3D('',#3274,#3275,#3276);
#3274 = CARTESIAN_POINT('',(-5.81,-39.7,22.39));
#3275 = DIRECTION('',(0.,-1.,2.342578391104E-16));
#3276 = DIRECTION('',(-9.998794611297E-13,-2.342578391104E-16,-1.));
#3277 = ADVANCED_FACE('',(#3278),#3297,.F.);
#3278 = FACE_BOUND('',#3279,.T.);
#3279 = EDGE_LOOP('',(#3280,#3281,#3290,#3296));
#3280 = ORIENTED_EDGE('',*,*,#3241,.F.);
#3281 = ORIENTED_EDGE('',*,*,#3282,.T.);
#3282 = EDGE_CURVE('',#3234,#3283,#3285,.T.);
#3283 = VERTEX_POINT('',#3284);
#3284 = CARTESIAN_POINT('',(5.81,-39.7,20.1));
#3285 = CIRCLE('',#3286,2.29);
#3286 = AXIS2_PLACEMENT_3D('',#3287,#3288,#3289);
#3287 = CARTESIAN_POINT('',(5.81,-39.7,22.39));
#3288 = DIRECTION('',(0.,1.,-2.342578391104E-16));
#3289 = DIRECTION('',(1.,-2.347747445307E-28,-1.002206566159E-12));
#3290 = ORIENTED_EDGE('',*,*,#3291,.T.);
#3291 = EDGE_CURVE('',#3283,#1168,#3292,.T.);
#3292 = LINE('',#3293,#3294);
#3293 = CARTESIAN_POINT('',(5.81,-39.7,20.1));
#3294 = VECTOR('',#3295,1.);
#3295 = DIRECTION('',(-2.082154870516E-15,-0.707106781187,
    -0.707106781187));
#3296 = ORIENTED_EDGE('',*,*,#1167,.F.);
#3297 = CONICAL_SURFACE('',#3298,2.29,0.785398163397);
#3298 = AXIS2_PLACEMENT_3D('',#3299,#3300,#3301);
#3299 = CARTESIAN_POINT('',(5.81,-39.7,22.39));
#3300 = DIRECTION('',(0.,-1.,2.342578391104E-16));
#3301 = DIRECTION('',(1.,-2.347747445307E-28,-1.002206566159E-12));
#3302 = ADVANCED_FACE('',(#3303),#3314,.T.);
#3303 = FACE_BOUND('',#3304,.T.);
#3304 = EDGE_LOOP('',(#3305,#3306,#3312,#3313));
#3305 = ORIENTED_EDGE('',*,*,#3291,.F.);
#3306 = ORIENTED_EDGE('',*,*,#3307,.T.);
#3307 = EDGE_CURVE('',#3283,#3257,#3308,.T.);
#3308 = LINE('',#3309,#3310);
#3309 = CARTESIAN_POINT('',(5.81,-39.7,20.1));
#3310 = VECTOR('',#3311,1.);
#3311 = DIRECTION('',(-1.,-0.,-0.));
#3312 = ORIENTED_EDGE('',*,*,#3256,.T.);
#3313 = ORIENTED_EDGE('',*,*,#1176,.F.);
#3314 = PLANE('',#3315);
#3315 = AXIS2_PLACEMENT_3D('',#3316,#3317,#3318);
#3316 = CARTESIAN_POINT('',(5.81,-39.85,19.95));
#3317 = DIRECTION('',(2.184536262988E-18,-0.707106781187,0.707106781187)
  );
#3318 = DIRECTION('',(-1.,-1.544700405307E-18,1.544700405307E-18));
#3319 = ADVANCED_FACE('',(#3320),#3346,.F.);
#3320 = FACE_BOUND('',#3321,.T.);
#3321 = EDGE_LOOP('',(#3322,#3330,#3339,#3345));
#3322 = ORIENTED_EDGE('',*,*,#3323,.F.);
#3323 = EDGE_CURVE('',#3324,#1211,#3326,.T.);
#3324 = VERTEX_POINT('',#3325);
#3325 = CARTESIAN_POINT('',(-8.1,-39.7,147.81));
#3326 = LINE('',#3327,#3328);
#3327 = CARTESIAN_POINT('',(-8.1,-39.7,147.81));
#3328 = VECTOR('',#3329,1.);
#3329 = DIRECTION('',(-0.707106781187,-0.707106781187,1.65645306581E-16)
  );
#3330 = ORIENTED_EDGE('',*,*,#3331,.T.);
#3331 = EDGE_CURVE('',#3324,#3332,#3334,.T.);
#3332 = VERTEX_POINT('',#3333);
#3333 = CARTESIAN_POINT('',(-5.81,-39.7,150.1));
#3334 = CIRCLE('',#3335,2.29);
#3335 = AXIS2_PLACEMENT_3D('',#3336,#3337,#3338);
#3336 = CARTESIAN_POINT('',(-5.81,-39.7,147.81));
#3337 = DIRECTION('',(0.,1.,-2.342578391104E-16));
#3338 = DIRECTION('',(-1.,5.108157058649E-46,2.180570382638E-30));
#3339 = ORIENTED_EDGE('',*,*,#3340,.T.);
#3340 = EDGE_CURVE('',#3332,#1213,#3341,.T.);
#3341 = LINE('',#3342,#3343);
#3342 = CARTESIAN_POINT('',(-5.81,-39.7,150.1));
#3343 = VECTOR('',#3344,1.);
#3344 = DIRECTION('',(-4.329780281177E-17,-0.707106781187,0.707106781187
    ));
#3345 = ORIENTED_EDGE('',*,*,#1210,.F.);
#3346 = CONICAL_SURFACE('',#3347,2.29,0.785398163397);
#3347 = AXIS2_PLACEMENT_3D('',#3348,#3349,#3350);
#3348 = CARTESIAN_POINT('',(-5.81,-39.7,147.81));
#3349 = DIRECTION('',(0.,-1.,2.342578391104E-16));
#3350 = DIRECTION('',(-1.,5.108157058649E-46,2.180570382638E-30));
#3351 = ADVANCED_FACE('',(#3352),#3370,.T.);
#3352 = FACE_BOUND('',#3353,.T.);
#3353 = EDGE_LOOP('',(#3354,#3362,#3368,#3369));
#3354 = ORIENTED_EDGE('',*,*,#3355,.F.);
#3355 = EDGE_CURVE('',#3356,#1264,#3358,.T.);
#3356 = VERTEX_POINT('',#3357);
#3357 = CARTESIAN_POINT('',(-8.1,-39.7,112.39));
#3358 = LINE('',#3359,#3360);
#3359 = CARTESIAN_POINT('',(-8.1,-39.7,112.39));
#3360 = VECTOR('',#3361,1.);
#3361 = DIRECTION('',(-0.707106781187,-0.707106781187,1.223475037693E-16
    ));
#3362 = ORIENTED_EDGE('',*,*,#3363,.T.);
#3363 = EDGE_CURVE('',#3356,#3324,#3364,.T.);
#3364 = LINE('',#3365,#3366);
#3365 = CARTESIAN_POINT('',(-8.1,-39.7,112.39));
#3366 = VECTOR('',#3367,1.);
#3367 = DIRECTION('',(0.,2.22044604925E-16,1.));
#3368 = ORIENTED_EDGE('',*,*,#3323,.T.);
#3369 = ORIENTED_EDGE('',*,*,#1272,.F.);
#3370 = PLANE('',#3371);
#3371 = AXIS2_PLACEMENT_3D('',#3372,#3373,#3374);
#3372 = CARTESIAN_POINT('',(-8.25,-39.85,112.39));
#3373 = DIRECTION('',(0.707106781187,-0.707106781187,-2.96353736683E-18)
  );
#3374 = DIRECTION('',(1.131178398309E-16,1.089267650941E-16,1.));
#3375 = ADVANCED_FACE('',(#3376),#3394,.F.);
#3376 = FACE_BOUND('',#3377,.T.);
#3377 = EDGE_LOOP('',(#3378,#3379,#3387,#3393));
#3378 = ORIENTED_EDGE('',*,*,#3340,.F.);
#3379 = ORIENTED_EDGE('',*,*,#3380,.T.);
#3380 = EDGE_CURVE('',#3332,#3381,#3383,.T.);
#3381 = VERTEX_POINT('',#3382);
#3382 = CARTESIAN_POINT('',(5.81,-39.7,150.1));
#3383 = LINE('',#3384,#3385);
#3384 = CARTESIAN_POINT('',(-5.81,-39.7,150.1));
#3385 = VECTOR('',#3386,1.);
#3386 = DIRECTION('',(1.,0.,0.));
#3387 = ORIENTED_EDGE('',*,*,#3388,.T.);
#3388 = EDGE_CURVE('',#3381,#1222,#3389,.T.);
#3389 = LINE('',#3390,#3391);
#3390 = CARTESIAN_POINT('',(5.81,-39.85,150.25));
#3391 = VECTOR('',#3392,1.);
#3392 = DIRECTION('',(3.184427638713E-35,-0.707106781187,0.707106781187)
  );
#3393 = ORIENTED_EDGE('',*,*,#1221,.F.);
#3394 = PLANE('',#3395);
#3395 = AXIS2_PLACEMENT_3D('',#3396,#3397,#3398);
#3396 = CARTESIAN_POINT('',(-5.81,-39.85,150.25));
#3397 = DIRECTION('',(2.332294747711E-18,0.707106781187,0.707106781187)
  );
#3398 = DIRECTION('',(-1.,1.649181431832E-18,1.649181431832E-18));
#3399 = ADVANCED_FACE('',(#3400),#3419,.F.);
#3400 = FACE_BOUND('',#3401,.T.);
#3401 = EDGE_LOOP('',(#3402,#3410,#3417,#3418));
#3402 = ORIENTED_EDGE('',*,*,#3403,.F.);
#3403 = EDGE_CURVE('',#3404,#1256,#3406,.T.);
#3404 = VERTEX_POINT('',#3405);
#3405 = CARTESIAN_POINT('',(-5.81,-39.7,110.1));
#3406 = LINE('',#3407,#3408);
#3407 = CARTESIAN_POINT('',(-5.81,-39.85,109.95));
#3408 = VECTOR('',#3409,1.);
#3409 = DIRECTION('',(-9.701854050582E-37,-0.707106781187,
    -0.707106781187));
#3410 = ORIENTED_EDGE('',*,*,#3411,.T.);
#3411 = EDGE_CURVE('',#3404,#3356,#3412,.T.);
#3412 = CIRCLE('',#3413,2.29);
#3413 = AXIS2_PLACEMENT_3D('',#3414,#3415,#3416);
#3414 = CARTESIAN_POINT('',(-5.81,-39.7,112.39));
#3415 = DIRECTION('',(0.,1.,-2.342578391104E-16));
#3416 = DIRECTION('',(0.,-2.342578391104E-16,-1.));
#3417 = ORIENTED_EDGE('',*,*,#3355,.T.);
#3418 = ORIENTED_EDGE('',*,*,#1263,.F.);
#3419 = CONICAL_SURFACE('',#3420,2.29,0.785398163397);
#3420 = AXIS2_PLACEMENT_3D('',#3421,#3422,#3423);
#3421 = CARTESIAN_POINT('',(-5.81,-39.7,112.39));
#3422 = DIRECTION('',(0.,-1.,2.342578391104E-16));
#3423 = DIRECTION('',(0.,-2.342578391104E-16,-1.));
#3424 = ADVANCED_FACE('',(#3425),#3444,.F.);
#3425 = FACE_BOUND('',#3426,.T.);
#3426 = EDGE_LOOP('',(#3427,#3428,#3437,#3443));
#3427 = ORIENTED_EDGE('',*,*,#3388,.F.);
#3428 = ORIENTED_EDGE('',*,*,#3429,.T.);
#3429 = EDGE_CURVE('',#3381,#3430,#3432,.T.);
#3430 = VERTEX_POINT('',#3431);
#3431 = CARTESIAN_POINT('',(8.1,-39.7,147.81));
#3432 = CIRCLE('',#3433,2.29);
#3433 = AXIS2_PLACEMENT_3D('',#3434,#3435,#3436);
#3434 = CARTESIAN_POINT('',(5.81,-39.7,147.81));
#3435 = DIRECTION('',(0.,1.,-2.342578391104E-16));
#3436 = DIRECTION('',(0.,2.342578391104E-16,1.));
#3437 = ORIENTED_EDGE('',*,*,#3438,.T.);
#3438 = EDGE_CURVE('',#3430,#1230,#3439,.T.);
#3439 = LINE('',#3440,#3441);
#3440 = CARTESIAN_POINT('',(8.1,-39.7,147.81));
#3441 = VECTOR('',#3442,1.);
#3442 = DIRECTION('',(0.707106781187,-0.707106781187,1.46501707634E-15)
  );
#3443 = ORIENTED_EDGE('',*,*,#1229,.F.);
#3444 = CONICAL_SURFACE('',#3445,2.29,0.785398163397);
#3445 = AXIS2_PLACEMENT_3D('',#3446,#3447,#3448);
#3446 = CARTESIAN_POINT('',(5.81,-39.7,147.81));
#3447 = DIRECTION('',(0.,-1.,2.342578391104E-16));
#3448 = DIRECTION('',(0.,2.342578391104E-16,1.));
#3449 = ADVANCED_FACE('',(#3450),#3468,.T.);
#3450 = FACE_BOUND('',#3451,.T.);
#3451 = EDGE_LOOP('',(#3452,#3460,#3466,#3467));
#3452 = ORIENTED_EDGE('',*,*,#3453,.F.);
#3453 = EDGE_CURVE('',#3454,#1247,#3456,.T.);
#3454 = VERTEX_POINT('',#3455);
#3455 = CARTESIAN_POINT('',(5.81,-39.7,110.1));
#3456 = LINE('',#3457,#3458);
#3457 = CARTESIAN_POINT('',(5.81,-39.7,110.1));
#3458 = VECTOR('',#3459,1.);
#3459 = DIRECTION('',(4.329780281178E-17,-0.707106781187,-0.707106781187
    ));
#3460 = ORIENTED_EDGE('',*,*,#3461,.T.);
#3461 = EDGE_CURVE('',#3454,#3404,#3462,.T.);
#3462 = LINE('',#3463,#3464);
#3463 = CARTESIAN_POINT('',(5.81,-39.7,110.1));
#3464 = VECTOR('',#3465,1.);
#3465 = DIRECTION('',(-1.,-0.,-0.));
#3466 = ORIENTED_EDGE('',*,*,#3403,.T.);
#3467 = ORIENTED_EDGE('',*,*,#1255,.F.);
#3468 = PLANE('',#3469);
#3469 = AXIS2_PLACEMENT_3D('',#3470,#3471,#3472);
#3470 = CARTESIAN_POINT('',(5.81,-39.85,109.95));
#3471 = DIRECTION('',(-1.687516538943E-19,-0.707106781187,0.707106781187
    ));
#3472 = DIRECTION('',(-1.,1.193254388051E-19,-1.193254388051E-19));
#3473 = ADVANCED_FACE('',(#3474),#3492,.F.);
#3474 = FACE_BOUND('',#3475,.T.);
#3475 = EDGE_LOOP('',(#3476,#3477,#3485,#3491));
#3476 = ORIENTED_EDGE('',*,*,#3438,.F.);
#3477 = ORIENTED_EDGE('',*,*,#3478,.T.);
#3478 = EDGE_CURVE('',#3430,#3479,#3481,.T.);
#3479 = VERTEX_POINT('',#3480);
#3480 = CARTESIAN_POINT('',(8.1,-39.7,112.39));
#3481 = LINE('',#3482,#3483);
#3482 = CARTESIAN_POINT('',(8.1,-39.7,147.81));
#3483 = VECTOR('',#3484,1.);
#3484 = DIRECTION('',(0.,-2.22044604925E-16,-1.));
#3485 = ORIENTED_EDGE('',*,*,#3486,.T.);
#3486 = EDGE_CURVE('',#3479,#1239,#3487,.T.);
#3487 = LINE('',#3488,#3489);
#3488 = CARTESIAN_POINT('',(8.25,-39.85,112.39));
#3489 = VECTOR('',#3490,1.);
#3490 = DIRECTION('',(0.707106781187,-0.707106781187,1.570092458684E-16)
  );
#3491 = ORIENTED_EDGE('',*,*,#1238,.F.);
#3492 = PLANE('',#3493);
#3493 = AXIS2_PLACEMENT_3D('',#3494,#3495,#3496);
#3494 = CARTESIAN_POINT('',(8.25,-39.85,147.81));
#3495 = DIRECTION('',(0.707106781187,0.707106781187,2.96353736683E-18));
#3496 = DIRECTION('',(-1.131178398309E-16,1.089267650941E-16,1.));
#3497 = ADVANCED_FACE('',(#3498),#3510,.F.);
#3498 = FACE_BOUND('',#3499,.T.);
#3499 = EDGE_LOOP('',(#3500,#3501,#3508,#3509));
#3500 = ORIENTED_EDGE('',*,*,#3486,.F.);
#3501 = ORIENTED_EDGE('',*,*,#3502,.T.);
#3502 = EDGE_CURVE('',#3479,#3454,#3503,.T.);
#3503 = CIRCLE('',#3504,2.29);
#3504 = AXIS2_PLACEMENT_3D('',#3505,#3506,#3507);
#3505 = CARTESIAN_POINT('',(5.81,-39.7,112.39));
#3506 = DIRECTION('',(0.,1.,-2.342578391104E-16));
#3507 = DIRECTION('',(1.,5.108157058649E-46,2.180570382638E-30));
#3508 = ORIENTED_EDGE('',*,*,#3453,.T.);
#3509 = ORIENTED_EDGE('',*,*,#1246,.F.);
#3510 = CONICAL_SURFACE('',#3511,2.29,0.785398163397);
#3511 = AXIS2_PLACEMENT_3D('',#3512,#3513,#3514);
#3512 = CARTESIAN_POINT('',(5.81,-39.7,112.39));
#3513 = DIRECTION('',(0.,-1.,2.342578391104E-16));
#3514 = DIRECTION('',(1.,5.108157058649E-46,2.180570382638E-30));
#3515 = ADVANCED_FACE('',(#3516),#3535,.F.);
#3516 = FACE_BOUND('',#3517,.T.);
#3517 = EDGE_LOOP('',(#3518,#3526,#3533,#3534));
#3518 = ORIENTED_EDGE('',*,*,#3519,.F.);
#3519 = EDGE_CURVE('',#3520,#1281,#3522,.T.);
#3520 = VERTEX_POINT('',#3521);
#3521 = CARTESIAN_POINT('',(-7.5,-39.7,85.1));
#3522 = LINE('',#3523,#3524);
#3523 = CARTESIAN_POINT('',(-7.5,-39.7,85.1));
#3524 = VECTOR('',#3525,1.);
#3525 = DIRECTION('',(-0.707106781187,-0.707106781187,1.65645306581E-16)
  );
#3526 = ORIENTED_EDGE('',*,*,#3527,.T.);
#3527 = EDGE_CURVE('',#3520,#3520,#3528,.T.);
#3528 = CIRCLE('',#3529,7.5);
#3529 = AXIS2_PLACEMENT_3D('',#3530,#3531,#3532);
#3530 = CARTESIAN_POINT('',(0.,-39.7,85.1));
#3531 = DIRECTION('',(0.,1.,-2.342578391104E-16));
#3532 = DIRECTION('',(-1.,1.559690621907E-46,6.658008234989E-31));
#3533 = ORIENTED_EDGE('',*,*,#3519,.T.);
#3534 = ORIENTED_EDGE('',*,*,#1280,.F.);
#3535 = CONICAL_SURFACE('',#3536,7.5,0.785398163397);
#3536 = AXIS2_PLACEMENT_3D('',#3537,#3538,#3539);
#3537 = CARTESIAN_POINT('',(0.,-39.7,85.1));
#3538 = DIRECTION('',(0.,-1.,2.342578391104E-16));
#3539 = DIRECTION('',(-1.,1.559690621907E-46,6.658008234989E-31));
#3540 = ADVANCED_FACE('',(#3541),#3552,.T.);
#3541 = FACE_BOUND('',#3542,.F.);
#3542 = EDGE_LOOP('',(#3543,#3544,#3545,#3551));
#3543 = ORIENTED_EDGE('',*,*,#2672,.F.);
#3544 = ORIENTED_EDGE('',*,*,#1476,.T.);
#3545 = ORIENTED_EDGE('',*,*,#3546,.T.);
#3546 = EDGE_CURVE('',#1469,#1299,#3547,.T.);
#3547 = LINE('',#3548,#3549);
#3548 = CARTESIAN_POINT('',(5.874825565356,-33.74118877671,
    -19.48038115429));
#3549 = VECTOR('',#3550,1.);
#3550 = DIRECTION('',(0.678598344546,0.281084637715,0.678598344546));
#3551 = ORIENTED_EDGE('',*,*,#1298,.F.);
#3552 = PLANE('',#3553);
#3553 = AXIS2_PLACEMENT_3D('',#3554,#3555,#3556);
#3554 = CARTESIAN_POINT('',(5.1,-26.,-20.25520671964));
#3555 = DIRECTION('',(0.707106781187,1.124258545907E-18,-0.707106781187)
  );
#3556 = DIRECTION('',(-7.949708416177E-19,1.,7.949708416177E-19));
#3557 = ADVANCED_FACE('',(#3558),#3583,.T.);
#3558 = FACE_BOUND('',#3559,.T.);
#3559 = EDGE_LOOP('',(#3560,#3561,#3569,#3577));
#3560 = ORIENTED_EDGE('',*,*,#1315,.F.);
#3561 = ORIENTED_EDGE('',*,*,#3562,.T.);
#3562 = EDGE_CURVE('',#1316,#3563,#3565,.T.);
#3563 = VERTEX_POINT('',#3564);
#3564 = CARTESIAN_POINT('',(1.25,-28.4,-14.40520671964));
#3565 = LINE('',#3566,#3567);
#3566 = CARTESIAN_POINT('',(7.25,-28.4,-14.40520671964));
#3567 = VECTOR('',#3568,1.);
#3568 = DIRECTION('',(-1.,-0.,-0.));
#3569 = ORIENTED_EDGE('',*,*,#3570,.F.);
#3570 = EDGE_CURVE('',#3571,#3563,#3573,.T.);
#3571 = VERTEX_POINT('',#3572);
#3572 = CARTESIAN_POINT('',(1.25,-28.4,-15.40520671964));
#3573 = LINE('',#3574,#3575);
#3574 = CARTESIAN_POINT('',(1.25,-28.4,-11.2040874595));
#3575 = VECTOR('',#3576,1.);
#3576 = DIRECTION('',(0.,0.,1.));
#3577 = ORIENTED_EDGE('',*,*,#3578,.F.);
#3578 = EDGE_CURVE('',#1318,#3571,#3579,.T.);
#3579 = LINE('',#3580,#3581);
#3580 = CARTESIAN_POINT('',(7.25,-28.4,-15.40520671964));
#3581 = VECTOR('',#3582,1.);
#3582 = DIRECTION('',(-1.,-0.,-0.));
#3583 = PLANE('',#3584);
#3584 = AXIS2_PLACEMENT_3D('',#3585,#3586,#3587);
#3585 = CARTESIAN_POINT('',(7.25,-28.4,-14.40520671964));
#3586 = DIRECTION('',(0.,-1.,0.));
#3587 = DIRECTION('',(0.,0.,-1.));
#3588 = ADVANCED_FACE('',(#3589),#3608,.F.);
#3589 = FACE_BOUND('',#3590,.F.);
#3590 = EDGE_LOOP('',(#3591,#3592,#3600,#3607));
#3591 = ORIENTED_EDGE('',*,*,#1342,.F.);
#3592 = ORIENTED_EDGE('',*,*,#3593,.T.);
#3593 = EDGE_CURVE('',#1335,#3594,#3596,.T.);
#3594 = VERTEX_POINT('',#3595);
#3595 = CARTESIAN_POINT('',(1.25,-31.6,-15.40520671964));
#3596 = LINE('',#3597,#3598);
#3597 = CARTESIAN_POINT('',(7.25,-31.6,-15.40520671964));
#3598 = VECTOR('',#3599,1.);
#3599 = DIRECTION('',(-1.,-0.,-0.));
#3600 = ORIENTED_EDGE('',*,*,#3601,.T.);
#3601 = EDGE_CURVE('',#3594,#3571,#3602,.T.);
#3602 = CIRCLE('',#3603,1.6);
#3603 = AXIS2_PLACEMENT_3D('',#3604,#3605,#3606);
#3604 = CARTESIAN_POINT('',(1.25,-30.,-15.40520671964));
#3605 = DIRECTION('',(1.,0.,0.));
#3606 = DIRECTION('',(0.,1.,0.));
#3607 = ORIENTED_EDGE('',*,*,#3578,.F.);
#3608 = CYLINDRICAL_SURFACE('',#3609,1.6);
#3609 = AXIS2_PLACEMENT_3D('',#3610,#3611,#3612);
#3610 = CARTESIAN_POINT('',(7.25,-30.,-15.40520671964));
#3611 = DIRECTION('',(1.,0.,0.));
#3612 = DIRECTION('',(0.,1.,0.));
#3613 = ADVANCED_FACE('',(#3614),#3632,.F.);
#3614 = FACE_BOUND('',#3615,.F.);
#3615 = EDGE_LOOP('',(#3616,#3617,#3625,#3631));
#3616 = ORIENTED_EDGE('',*,*,#1334,.F.);
#3617 = ORIENTED_EDGE('',*,*,#3618,.T.);
#3618 = EDGE_CURVE('',#1326,#3619,#3621,.T.);
#3619 = VERTEX_POINT('',#3620);
#3620 = CARTESIAN_POINT('',(1.25,-31.6,-14.40520671964));
#3621 = LINE('',#3622,#3623);
#3622 = CARTESIAN_POINT('',(7.25,-31.6,-14.40520671964));
#3623 = VECTOR('',#3624,1.);
#3624 = DIRECTION('',(-1.,-0.,-0.));
#3625 = ORIENTED_EDGE('',*,*,#3626,.F.);
#3626 = EDGE_CURVE('',#3594,#3619,#3627,.T.);
#3627 = LINE('',#3628,#3629);
#3628 = CARTESIAN_POINT('',(1.25,-31.6,-11.2040874595));
#3629 = VECTOR('',#3630,1.);
#3630 = DIRECTION('',(0.,-8.526512829121E-14,1.));
#3631 = ORIENTED_EDGE('',*,*,#3593,.F.);
#3632 = PLANE('',#3633);
#3633 = AXIS2_PLACEMENT_3D('',#3634,#3635,#3636);
#3634 = CARTESIAN_POINT('',(7.25,-31.6,-14.40520671964));
#3635 = DIRECTION('',(0.,-1.,-8.526512829121E-14));
#3636 = DIRECTION('',(0.,8.526512829121E-14,-1.));
#3637 = ADVANCED_FACE('',(#3638),#3650,.F.);
#3638 = FACE_BOUND('',#3639,.F.);
#3639 = EDGE_LOOP('',(#3640,#3641,#3642,#3649));
#3640 = ORIENTED_EDGE('',*,*,#1325,.F.);
#3641 = ORIENTED_EDGE('',*,*,#3562,.T.);
#3642 = ORIENTED_EDGE('',*,*,#3643,.T.);
#3643 = EDGE_CURVE('',#3563,#3619,#3644,.T.);
#3644 = CIRCLE('',#3645,1.6);
#3645 = AXIS2_PLACEMENT_3D('',#3646,#3647,#3648);
#3646 = CARTESIAN_POINT('',(1.25,-30.,-14.40520671964));
#3647 = DIRECTION('',(1.,0.,0.));
#3648 = DIRECTION('',(0.,1.,0.));
#3649 = ORIENTED_EDGE('',*,*,#3618,.F.);
#3650 = CYLINDRICAL_SURFACE('',#3651,1.6);
#3651 = AXIS2_PLACEMENT_3D('',#3652,#3653,#3654);
#3652 = CARTESIAN_POINT('',(7.25,-30.,-14.40520671964));
#3653 = DIRECTION('',(1.,0.,0.));
#3654 = DIRECTION('',(0.,1.,0.));
#3655 = ADVANCED_FACE('',(#3656),#3662,.F.);
#3656 = FACE_BOUND('',#3657,.F.);
#3657 = EDGE_LOOP('',(#3658,#3659,#3660,#3661));
#3658 = ORIENTED_EDGE('',*,*,#3546,.F.);
#3659 = ORIENTED_EDGE('',*,*,#1468,.T.);
#3660 = ORIENTED_EDGE('',*,*,#1374,.T.);
#3661 = ORIENTED_EDGE('',*,*,#1360,.F.);
#3662 = PLANE('',#3663);
#3663 = AXIS2_PLACEMENT_3D('',#3664,#3665,#3666);
#3664 = CARTESIAN_POINT('',(5.143933982822,-34.10606601717,
    -20.25520671964));
#3665 = DIRECTION('',(-0.5,-0.5,0.707106781187));
#3666 = DIRECTION('',(0.707106781187,-0.707106781187,3.053113317719E-16)
  );
#3667 = ADVANCED_FACE('',(#3668),#3689,.T.);
#3668 = FACE_BOUND('',#3669,.T.);
#3669 = EDGE_LOOP('',(#3670,#3676,#3677,#3683));
#3670 = ORIENTED_EDGE('',*,*,#3671,.T.);
#3671 = EDGE_CURVE('',#1923,#1446,#3672,.T.);
#3672 = LINE('',#3673,#3674);
#3673 = CARTESIAN_POINT('',(1.325,-0.3,-20.18020671964));
#3674 = VECTOR('',#3675,1.);
#3675 = DIRECTION('',(0.707106781187,9.41593002796E-15,-0.707106781187)
  );
#3676 = ORIENTED_EDGE('',*,*,#1453,.T.);
#3677 = ORIENTED_EDGE('',*,*,#3678,.T.);
#3678 = EDGE_CURVE('',#1454,#2958,#3679,.T.);
#3679 = LINE('',#3680,#3681);
#3680 = CARTESIAN_POINT('',(1.475,-39.7,-20.33020671964));
#3681 = VECTOR('',#3682,1.);
#3682 = DIRECTION('',(-0.707106781187,6.693619780125E-15,0.707106781187)
  );
#3683 = ORIENTED_EDGE('',*,*,#3684,.F.);
#3684 = EDGE_CURVE('',#1923,#2958,#3685,.T.);
#3685 = LINE('',#3686,#3687);
#3686 = CARTESIAN_POINT('',(1.25,-4.464252683E-15,-20.10520671964));
#3687 = VECTOR('',#3688,1.);
#3688 = DIRECTION('',(0.,-1.,2.22044604925E-16));
#3689 = PLANE('',#3690);
#3690 = AXIS2_PLACEMENT_3D('',#3691,#3692,#3693);
#3691 = CARTESIAN_POINT('',(1.4,-4.497559373739E-15,-20.25520671964));
#3692 = DIRECTION('',(-0.707106781187,-2.512584507879E-16,
    -0.707106781187));
#3693 = DIRECTION('',(6.664425192001E-17,-1.,2.88688856845E-16));
#3694 = ADVANCED_FACE('',(#3695),#3711,.T.);
#3695 = FACE_BOUND('',#3696,.F.);
#3696 = EDGE_LOOP('',(#3697,#3703,#3704,#3710));
#3697 = ORIENTED_EDGE('',*,*,#3698,.T.);
#3698 = EDGE_CURVE('',#2764,#1543,#3699,.T.);
#3699 = LINE('',#3700,#3701);
#3700 = CARTESIAN_POINT('',(-11.1,-40.,170.2));
#3701 = VECTOR('',#3702,1.);
#3702 = DIRECTION('',(0.,1.,-3.445092848398E-16));
#3703 = ORIENTED_EDGE('',*,*,#1542,.F.);
#3704 = ORIENTED_EDGE('',*,*,#3705,.F.);
#3705 = EDGE_CURVE('',#2819,#1534,#3706,.T.);
#3706 = LINE('',#3707,#3708);
#3707 = CARTESIAN_POINT('',(-7.25,-40.,178.60520671964));
#3708 = VECTOR('',#3709,1.);
#3709 = DIRECTION('',(0.,1.,-3.445092848398E-16));
#3710 = ORIENTED_EDGE('',*,*,#2818,.F.);
#3711 = CYLINDRICAL_SURFACE('',#3712,11.1);
#3712 = AXIS2_PLACEMENT_3D('',#3713,#3714,#3715);
#3713 = CARTESIAN_POINT('',(-9.004741497577E-18,-40.,170.2));
#3714 = DIRECTION('',(0.,-1.,3.445092848398E-16));
#3715 = DIRECTION('',(1.,0.,0.));
#3716 = ADVANCED_FACE('',(#3717,#3728,#3778),#3828,.F.);
#3717 = FACE_BOUND('',#3718,.F.);
#3718 = EDGE_LOOP('',(#3719,#3720,#3721,#3727));
#3719 = ORIENTED_EDGE('',*,*,#3705,.T.);
#3720 = ORIENTED_EDGE('',*,*,#1567,.T.);
#3721 = ORIENTED_EDGE('',*,*,#3722,.F.);
#3722 = EDGE_CURVE('',#2877,#1568,#3723,.T.);
#3723 = LINE('',#3724,#3725);
#3724 = CARTESIAN_POINT('',(-7.25,-40.,190.30520671964));
#3725 = VECTOR('',#3726,1.);
#3726 = DIRECTION('',(0.,1.,-3.445092848398E-16));
#3727 = ORIENTED_EDGE('',*,*,#2876,.F.);
#3728 = FACE_BOUND('',#3729,.F.);
#3729 = EDGE_LOOP('',(#3730,#3740,#3748,#3756,#3764,#3772));
#3730 = ORIENTED_EDGE('',*,*,#3731,.T.);
#3731 = EDGE_CURVE('',#3732,#3734,#3736,.T.);
#3732 = VERTEX_POINT('',#3733);
#3733 = CARTESIAN_POINT('',(-7.25,-8.383419246269,181.80520671964));
#3734 = VERTEX_POINT('',#3735);
#3735 = CARTESIAN_POINT('',(-7.25,-11.61658075373,181.80520671964));
#3736 = LINE('',#3737,#3738);
#3737 = CARTESIAN_POINT('',(-7.25,-8.383419246269,181.80520671964));
#3738 = VECTOR('',#3739,1.);
#3739 = DIRECTION('',(0.,-1.,1.224646799147E-16));
#3740 = ORIENTED_EDGE('',*,*,#3741,.T.);
#3741 = EDGE_CURVE('',#3734,#3742,#3744,.T.);
#3742 = VERTEX_POINT('',#3743);
#3743 = CARTESIAN_POINT('',(-7.25,-13.23316150746,184.60520671964));
#3744 = LINE('',#3745,#3746);
#3745 = CARTESIAN_POINT('',(-7.25,-11.61658075373,181.80520671964));
#3746 = VECTOR('',#3747,1.);
#3747 = DIRECTION('',(-0.,-0.5,0.866025403784));
#3748 = ORIENTED_EDGE('',*,*,#3749,.T.);
#3749 = EDGE_CURVE('',#3742,#3750,#3752,.T.);
#3750 = VERTEX_POINT('',#3751);
#3751 = CARTESIAN_POINT('',(-7.25,-11.61658075373,187.40520671964));
#3752 = LINE('',#3753,#3754);
#3753 = CARTESIAN_POINT('',(-7.25,-13.23316150746,184.60520671964));
#3754 = VECTOR('',#3755,1.);
#3755 = DIRECTION('',(0.,0.5,0.866025403784));
#3756 = ORIENTED_EDGE('',*,*,#3757,.T.);
#3757 = EDGE_CURVE('',#3750,#3758,#3760,.T.);
#3758 = VERTEX_POINT('',#3759);
#3759 = CARTESIAN_POINT('',(-7.25,-8.383419246269,187.40520671964));
#3760 = LINE('',#3761,#3762);
#3761 = CARTESIAN_POINT('',(-7.25,-11.61658075373,187.40520671964));
#3762 = VECTOR('',#3763,1.);
#3763 = DIRECTION('',(0.,1.,-1.224646799147E-16));
#3764 = ORIENTED_EDGE('',*,*,#3765,.T.);
#3765 = EDGE_CURVE('',#3758,#3766,#3768,.T.);
#3766 = VERTEX_POINT('',#3767);
#3767 = CARTESIAN_POINT('',(-7.25,-6.766838492538,184.60520671964));
#3768 = LINE('',#3769,#3770);
#3769 = CARTESIAN_POINT('',(-7.25,-8.383419246269,187.40520671964));
#3770 = VECTOR('',#3771,1.);
#3771 = DIRECTION('',(0.,0.5,-0.866025403784));
#3772 = ORIENTED_EDGE('',*,*,#3773,.T.);
#3773 = EDGE_CURVE('',#3766,#3732,#3774,.T.);
#3774 = LINE('',#3775,#3776);
#3775 = CARTESIAN_POINT('',(-7.25,-6.766838492538,184.60520671964));
#3776 = VECTOR('',#3777,1.);
#3777 = DIRECTION('',(0.,-0.5,-0.866025403784));
#3778 = FACE_BOUND('',#3779,.F.);
#3779 = EDGE_LOOP('',(#3780,#3790,#3798,#3806,#3814,#3822));
#3780 = ORIENTED_EDGE('',*,*,#3781,.T.);
#3781 = EDGE_CURVE('',#3782,#3784,#3786,.T.);
#3782 = VERTEX_POINT('',#3783);
#3783 = CARTESIAN_POINT('',(-7.25,-26.76683849253,184.60520671964));
#3784 = VERTEX_POINT('',#3785);
#3785 = CARTESIAN_POINT('',(-7.25,-28.38341924626,181.80520671964));
#3786 = LINE('',#3787,#3788);
#3787 = CARTESIAN_POINT('',(-7.25,-26.76683849253,184.60520671964));
#3788 = VECTOR('',#3789,1.);
#3789 = DIRECTION('',(0.,-0.5,-0.866025403784));
#3790 = ORIENTED_EDGE('',*,*,#3791,.T.);
#3791 = EDGE_CURVE('',#3784,#3792,#3794,.T.);
#3792 = VERTEX_POINT('',#3793);
#3793 = CARTESIAN_POINT('',(-7.25,-31.61658075373,181.80520671964));
#3794 = LINE('',#3795,#3796);
#3795 = CARTESIAN_POINT('',(-7.25,-28.38341924626,181.80520671964));
#3796 = VECTOR('',#3797,1.);
#3797 = DIRECTION('',(0.,-1.,1.224646799147E-16));
#3798 = ORIENTED_EDGE('',*,*,#3799,.T.);
#3799 = EDGE_CURVE('',#3792,#3800,#3802,.T.);
#3800 = VERTEX_POINT('',#3801);
#3801 = CARTESIAN_POINT('',(-7.25,-33.23316150746,184.60520671964));
#3802 = LINE('',#3803,#3804);
#3803 = CARTESIAN_POINT('',(-7.25,-31.61658075373,181.80520671964));
#3804 = VECTOR('',#3805,1.);
#3805 = DIRECTION('',(-0.,-0.5,0.866025403784));
#3806 = ORIENTED_EDGE('',*,*,#3807,.T.);
#3807 = EDGE_CURVE('',#3800,#3808,#3810,.T.);
#3808 = VERTEX_POINT('',#3809);
#3809 = CARTESIAN_POINT('',(-7.25,-31.61658075373,187.40520671964));
#3810 = LINE('',#3811,#3812);
#3811 = CARTESIAN_POINT('',(-7.25,-33.23316150746,184.60520671964));
#3812 = VECTOR('',#3813,1.);
#3813 = DIRECTION('',(0.,0.5,0.866025403784));
#3814 = ORIENTED_EDGE('',*,*,#3815,.T.);
#3815 = EDGE_CURVE('',#3808,#3816,#3818,.T.);
#3816 = VERTEX_POINT('',#3817);
#3817 = CARTESIAN_POINT('',(-7.25,-28.38341924626,187.40520671964));
#3818 = LINE('',#3819,#3820);
#3819 = CARTESIAN_POINT('',(-7.25,-31.61658075373,187.40520671964));
#3820 = VECTOR('',#3821,1.);
#3821 = DIRECTION('',(0.,1.,-1.224646799147E-16));
#3822 = ORIENTED_EDGE('',*,*,#3823,.T.);
#3823 = EDGE_CURVE('',#3816,#3782,#3824,.T.);
#3824 = LINE('',#3825,#3826);
#3825 = CARTESIAN_POINT('',(-7.25,-28.38341924626,187.40520671964));
#3826 = VECTOR('',#3827,1.);
#3827 = DIRECTION('',(0.,0.5,-0.866025403784));
#3828 = PLANE('',#3829);
#3829 = AXIS2_PLACEMENT_3D('',#3830,#3831,#3832);
#3830 = CARTESIAN_POINT('',(-7.25,-40.,178.60520671964));
#3831 = DIRECTION('',(1.,0.,0.));
#3832 = DIRECTION('',(0.,3.445092848398E-16,1.));
#3833 = ADVANCED_FACE('',(#3834),#3844,.F.);
#3834 = FACE_BOUND('',#3835,.F.);
#3835 = EDGE_LOOP('',(#3836,#3837,#3843));
#3836 = ORIENTED_EDGE('',*,*,#1614,.F.);
#3837 = ORIENTED_EDGE('',*,*,#3838,.T.);
#3838 = EDGE_CURVE('',#1615,#1568,#3839,.T.);
#3839 = LINE('',#3840,#3841);
#3840 = CARTESIAN_POINT('',(-7.025000000001,-0.3,190.53020671964));
#3841 = VECTOR('',#3842,1.);
#3842 = DIRECTION('',(-0.707106781187,-6.416550567505E-14,
    -0.707106781187));
#3843 = ORIENTED_EDGE('',*,*,#1575,.F.);
#3844 = PLANE('',#3845);
#3845 = AXIS2_PLACEMENT_3D('',#3846,#3847,#3848);
#3846 = CARTESIAN_POINT('',(-6.95,-0.3,190.60520671964));
#3847 = DIRECTION('',(0.57735026919,-0.57735026919,-0.57735026919));
#3848 = DIRECTION('',(-0.707106781187,-0.707106781187,
    -2.608138046175E-17));
#3849 = ADVANCED_FACE('',(#3850,#3861,#3872,#3883,#3894,#3905,#3916,
    #3927,#3938,#3949,#3960,#3971,#3982),#3993,.T.);
#3850 = FACE_BOUND('',#3851,.T.);
#3851 = EDGE_LOOP('',(#3852,#3858,#3859,#3860));
#3852 = ORIENTED_EDGE('',*,*,#3853,.T.);
#3853 = EDGE_CURVE('',#1592,#2715,#3854,.T.);
#3854 = LINE('',#3855,#3856);
#3855 = CARTESIAN_POINT('',(-11.1,-4.407266305246E-31,
    -1.984856289003E-15));
#3856 = VECTOR('',#3857,1.);
#3857 = DIRECTION('',(0.,-1.,2.22044604925E-16));
#3858 = ORIENTED_EDGE('',*,*,#2763,.T.);
#3859 = ORIENTED_EDGE('',*,*,#3698,.T.);
#3860 = ORIENTED_EDGE('',*,*,#1591,.T.);
#3861 = FACE_BOUND('',#3862,.T.);
#3862 = EDGE_LOOP('',(#3863));
#3863 = ORIENTED_EDGE('',*,*,#3864,.F.);
#3864 = EDGE_CURVE('',#3865,#3865,#3867,.T.);
#3865 = VERTEX_POINT('',#3866);
#3866 = CARTESIAN_POINT('',(-11.1,-6.75,145.1));
#3867 = CIRCLE('',#3868,1.75);
#3868 = AXIS2_PLACEMENT_3D('',#3869,#3870,#3871);
#3869 = CARTESIAN_POINT('',(-11.1,-5.,145.1));
#3870 = DIRECTION('',(-1.,0.,0.));
#3871 = DIRECTION('',(0.,-1.,0.));
#3872 = FACE_BOUND('',#3873,.T.);
#3873 = EDGE_LOOP('',(#3874));
#3874 = ORIENTED_EDGE('',*,*,#3875,.F.);
#3875 = EDGE_CURVE('',#3876,#3876,#3878,.T.);
#3876 = VERTEX_POINT('',#3877);
#3877 = CARTESIAN_POINT('',(-11.1,-6.75,115.1));
#3878 = CIRCLE('',#3879,1.75);
#3879 = AXIS2_PLACEMENT_3D('',#3880,#3881,#3882);
#3880 = CARTESIAN_POINT('',(-11.1,-5.,115.1));
#3881 = DIRECTION('',(-1.,0.,0.));
#3882 = DIRECTION('',(0.,-1.,0.));
#3883 = FACE_BOUND('',#3884,.T.);
#3884 = EDGE_LOOP('',(#3885));
#3885 = ORIENTED_EDGE('',*,*,#3886,.F.);
#3886 = EDGE_CURVE('',#3887,#3887,#3889,.T.);
#3887 = VERTEX_POINT('',#3888);
#3888 = CARTESIAN_POINT('',(-11.1,-36.75,145.1));
#3889 = CIRCLE('',#3890,1.75);
#3890 = AXIS2_PLACEMENT_3D('',#3891,#3892,#3893);
#3891 = CARTESIAN_POINT('',(-11.1,-35.,145.1));
#3892 = DIRECTION('',(-1.,0.,0.));
#3893 = DIRECTION('',(0.,-1.,0.));
#3894 = FACE_BOUND('',#3895,.T.);
#3895 = EDGE_LOOP('',(#3896));
#3896 = ORIENTED_EDGE('',*,*,#3897,.F.);
#3897 = EDGE_CURVE('',#3898,#3898,#3900,.T.);
#3898 = VERTEX_POINT('',#3899);
#3899 = CARTESIAN_POINT('',(-11.1,-36.75,115.1));
#3900 = CIRCLE('',#3901,1.75);
#3901 = AXIS2_PLACEMENT_3D('',#3902,#3903,#3904);
#3902 = CARTESIAN_POINT('',(-11.1,-35.,115.1));
#3903 = DIRECTION('',(-1.,0.,0.));
#3904 = DIRECTION('',(0.,-1.,0.));
#3905 = FACE_BOUND('',#3906,.T.);
#3906 = EDGE_LOOP('',(#3907));
#3907 = ORIENTED_EDGE('',*,*,#3908,.F.);
#3908 = EDGE_CURVE('',#3909,#3909,#3911,.T.);
#3909 = VERTEX_POINT('',#3910);
#3910 = CARTESIAN_POINT('',(-11.1,-6.75,55.1));
#3911 = CIRCLE('',#3912,1.75);
#3912 = AXIS2_PLACEMENT_3D('',#3913,#3914,#3915);
#3913 = CARTESIAN_POINT('',(-11.1,-5.,55.1));
#3914 = DIRECTION('',(-1.,0.,0.));
#3915 = DIRECTION('',(0.,-1.,0.));
#3916 = FACE_BOUND('',#3917,.T.);
#3917 = EDGE_LOOP('',(#3918));
#3918 = ORIENTED_EDGE('',*,*,#3919,.F.);
#3919 = EDGE_CURVE('',#3920,#3920,#3922,.T.);
#3920 = VERTEX_POINT('',#3921);
#3921 = CARTESIAN_POINT('',(-11.1,-6.75,25.1));
#3922 = CIRCLE('',#3923,1.75);
#3923 = AXIS2_PLACEMENT_3D('',#3924,#3925,#3926);
#3924 = CARTESIAN_POINT('',(-11.1,-5.,25.1));
#3925 = DIRECTION('',(-1.,0.,0.));
#3926 = DIRECTION('',(0.,-1.,0.));
#3927 = FACE_BOUND('',#3928,.T.);
#3928 = EDGE_LOOP('',(#3929));
#3929 = ORIENTED_EDGE('',*,*,#3930,.F.);
#3930 = EDGE_CURVE('',#3931,#3931,#3933,.T.);
#3931 = VERTEX_POINT('',#3932);
#3932 = CARTESIAN_POINT('',(-11.1,-36.75,55.1));
#3933 = CIRCLE('',#3934,1.75);
#3934 = AXIS2_PLACEMENT_3D('',#3935,#3936,#3937);
#3935 = CARTESIAN_POINT('',(-11.1,-35.,55.1));
#3936 = DIRECTION('',(-1.,0.,0.));
#3937 = DIRECTION('',(0.,-1.,0.));
#3938 = FACE_BOUND('',#3939,.T.);
#3939 = EDGE_LOOP('',(#3940));
#3940 = ORIENTED_EDGE('',*,*,#3941,.F.);
#3941 = EDGE_CURVE('',#3942,#3942,#3944,.T.);
#3942 = VERTEX_POINT('',#3943);
#3943 = CARTESIAN_POINT('',(-11.1,-36.75,25.1));
#3944 = CIRCLE('',#3945,1.75);
#3945 = AXIS2_PLACEMENT_3D('',#3946,#3947,#3948);
#3946 = CARTESIAN_POINT('',(-11.1,-35.,25.1));
#3947 = DIRECTION('',(-1.,0.,0.));
#3948 = DIRECTION('',(0.,-1.,0.));
#3949 = FACE_BOUND('',#3950,.T.);
#3950 = EDGE_LOOP('',(#3951));
#3951 = ORIENTED_EDGE('',*,*,#3952,.F.);
#3952 = EDGE_CURVE('',#3953,#3953,#3955,.T.);
#3953 = VERTEX_POINT('',#3954);
#3954 = CARTESIAN_POINT('',(-11.1,-6.25,100.1));
#3955 = CIRCLE('',#3956,1.25);
#3956 = AXIS2_PLACEMENT_3D('',#3957,#3958,#3959);
#3957 = CARTESIAN_POINT('',(-11.1,-5.,100.1));
#3958 = DIRECTION('',(-1.,0.,0.));
#3959 = DIRECTION('',(0.,-1.,0.));
#3960 = FACE_BOUND('',#3961,.T.);
#3961 = EDGE_LOOP('',(#3962));
#3962 = ORIENTED_EDGE('',*,*,#3963,.F.);
#3963 = EDGE_CURVE('',#3964,#3964,#3966,.T.);
#3964 = VERTEX_POINT('',#3965);
#3965 = CARTESIAN_POINT('',(-11.1,-36.25,100.1));
#3966 = CIRCLE('',#3967,1.25);
#3967 = AXIS2_PLACEMENT_3D('',#3968,#3969,#3970);
#3968 = CARTESIAN_POINT('',(-11.1,-35.,100.1));
#3969 = DIRECTION('',(-1.,0.,0.));
#3970 = DIRECTION('',(0.,-1.,0.));
#3971 = FACE_BOUND('',#3972,.T.);
#3972 = EDGE_LOOP('',(#3973));
#3973 = ORIENTED_EDGE('',*,*,#3974,.F.);
#3974 = EDGE_CURVE('',#3975,#3975,#3977,.T.);
#3975 = VERTEX_POINT('',#3976);
#3976 = CARTESIAN_POINT('',(-11.1,-6.25,70.1));
#3977 = CIRCLE('',#3978,1.25);
#3978 = AXIS2_PLACEMENT_3D('',#3979,#3980,#3981);
#3979 = CARTESIAN_POINT('',(-11.1,-5.,70.1));
#3980 = DIRECTION('',(-1.,0.,0.));
#3981 = DIRECTION('',(0.,-1.,0.));
#3982 = FACE_BOUND('',#3983,.T.);
#3983 = EDGE_LOOP('',(#3984));
#3984 = ORIENTED_EDGE('',*,*,#3985,.F.);
#3985 = EDGE_CURVE('',#3986,#3986,#3988,.T.);
#3986 = VERTEX_POINT('',#3987);
#3987 = CARTESIAN_POINT('',(-11.1,-36.25,70.1));
#3988 = CIRCLE('',#3989,1.25);
#3989 = AXIS2_PLACEMENT_3D('',#3990,#3991,#3992);
#3990 = CARTESIAN_POINT('',(-11.1,-35.,70.1));
#3991 = DIRECTION('',(-1.,0.,0.));
#3992 = DIRECTION('',(0.,-1.,0.));
#3993 = PLANE('',#3994);
#3994 = AXIS2_PLACEMENT_3D('',#3995,#3996,#3997);
#3995 = CARTESIAN_POINT('',(-11.1,-20.,85.1));
#3996 = DIRECTION('',(-1.,-0.,-0.));
#3997 = DIRECTION('',(0.,0.,-1.));
#3998 = ADVANCED_FACE('',(#3999),#4015,.F.);
#3999 = FACE_BOUND('',#4000,.F.);
#4000 = EDGE_LOOP('',(#4001,#4002,#4008,#4009));
#4001 = ORIENTED_EDGE('',*,*,#1622,.T.);
#4002 = ORIENTED_EDGE('',*,*,#4003,.F.);
#4003 = EDGE_CURVE('',#2928,#1623,#4004,.T.);
#4004 = LINE('',#4005,#4006);
#4005 = CARTESIAN_POINT('',(-1.55,-40.,190.60520671964));
#4006 = VECTOR('',#4007,1.);
#4007 = DIRECTION('',(0.,1.,-3.445092848398E-16));
#4008 = ORIENTED_EDGE('',*,*,#2925,.F.);
#4009 = ORIENTED_EDGE('',*,*,#4010,.T.);
#4010 = EDGE_CURVE('',#2926,#1615,#4011,.T.);
#4011 = LINE('',#4012,#4013);
#4012 = CARTESIAN_POINT('',(-6.95,-40.,190.60520671964));
#4013 = VECTOR('',#4014,1.);
#4014 = DIRECTION('',(0.,1.,-3.445092848398E-16));
#4015 = PLANE('',#4016);
#4016 = AXIS2_PLACEMENT_3D('',#4017,#4018,#4019);
#4017 = CARTESIAN_POINT('',(-7.25,-40.,190.60520671964));
#4018 = DIRECTION('',(0.,-3.445092848398E-16,-1.));
#4019 = DIRECTION('',(1.,0.,0.));
#4020 = ADVANCED_FACE('',(#4021),#4031,.F.);
#4021 = FACE_BOUND('',#4022,.F.);
#4022 = EDGE_LOOP('',(#4023,#4024,#4030));
#4023 = ORIENTED_EDGE('',*,*,#1688,.F.);
#4024 = ORIENTED_EDGE('',*,*,#4025,.T.);
#4025 = EDGE_CURVE('',#1681,#1623,#4026,.T.);
#4026 = LINE('',#4027,#4028);
#4027 = CARTESIAN_POINT('',(-1.324999999998,-0.3,190.38020671964));
#4028 = VECTOR('',#4029,1.);
#4029 = DIRECTION('',(-0.707106781187,1.072500427037E-13,0.707106781187)
  );
#4030 = ORIENTED_EDGE('',*,*,#1630,.F.);
#4031 = PLANE('',#4032);
#4032 = AXIS2_PLACEMENT_3D('',#4033,#4034,#4035);
#4033 = CARTESIAN_POINT('',(-1.25,-0.3,190.30520671964));
#4034 = DIRECTION('',(-0.57735026919,-0.57735026919,-0.57735026919));
#4035 = DIRECTION('',(3.141990623147E-14,-0.707106781187,0.707106781187)
  );
#4036 = ADVANCED_FACE('',(#4037),#4048,.T.);
#4037 = FACE_BOUND('',#4038,.F.);
#4038 = EDGE_LOOP('',(#4039,#4040,#4041,#4047));
#4039 = ORIENTED_EDGE('',*,*,#3853,.T.);
#4040 = ORIENTED_EDGE('',*,*,#2714,.F.);
#4041 = ORIENTED_EDGE('',*,*,#4042,.F.);
#4042 = EDGE_CURVE('',#1647,#2706,#4043,.T.);
#4043 = LINE('',#4044,#4045);
#4044 = CARTESIAN_POINT('',(-7.25,-1.866330805377E-15,-8.405206719647));
#4045 = VECTOR('',#4046,1.);
#4046 = DIRECTION('',(0.,-1.,2.22044604925E-16));
#4047 = ORIENTED_EDGE('',*,*,#1646,.F.);
#4048 = CYLINDRICAL_SURFACE('',#4049,11.1);
#4049 = AXIS2_PLACEMENT_3D('',#4050,#4051,#4052);
#4050 = CARTESIAN_POINT('',(-9.004741497577E-18,-5.916456789158E-31,
    -2.6645352591E-15));
#4051 = DIRECTION('',(0.,1.,-2.22044604925E-16));
#4052 = DIRECTION('',(1.,0.,0.));
#4053 = ADVANCED_FACE('',(#4054,#4070,#4081),#4092,.T.);
#4054 = FACE_BOUND('',#4055,.T.);
#4055 = EDGE_LOOP('',(#4056,#4062,#4063,#4069));
#4056 = ORIENTED_EDGE('',*,*,#4057,.T.);
#4057 = EDGE_CURVE('',#2981,#1672,#4058,.T.);
#4058 = LINE('',#4059,#4060);
#4059 = CARTESIAN_POINT('',(-1.25,-40.,178.20296819936));
#4060 = VECTOR('',#4061,1.);
#4061 = DIRECTION('',(0.,1.,-3.445092848398E-16));
#4062 = ORIENTED_EDGE('',*,*,#1680,.T.);
#4063 = ORIENTED_EDGE('',*,*,#4064,.F.);
#4064 = EDGE_CURVE('',#2990,#1681,#4065,.T.);
#4065 = LINE('',#4066,#4067);
#4066 = CARTESIAN_POINT('',(-1.25,-40.,190.30520671964));
#4067 = VECTOR('',#4068,1.);
#4068 = DIRECTION('',(0.,1.,-3.445092848398E-16));
#4069 = ORIENTED_EDGE('',*,*,#2989,.F.);
#4070 = FACE_BOUND('',#4071,.T.);
#4071 = EDGE_LOOP('',(#4072));
#4072 = ORIENTED_EDGE('',*,*,#4073,.T.);
#4073 = EDGE_CURVE('',#4074,#4074,#4076,.T.);
#4074 = VERTEX_POINT('',#4075);
#4075 = CARTESIAN_POINT('',(-1.25,-8.4,184.60520671964));
#4076 = CIRCLE('',#4077,1.6);
#4077 = AXIS2_PLACEMENT_3D('',#4078,#4079,#4080);
#4078 = CARTESIAN_POINT('',(-1.25,-10.,184.60520671964));
#4079 = DIRECTION('',(-1.,0.,-0.));
#4080 = DIRECTION('',(0.,1.,-1.224646799147E-16));
#4081 = FACE_BOUND('',#4082,.T.);
#4082 = EDGE_LOOP('',(#4083));
#4083 = ORIENTED_EDGE('',*,*,#4084,.T.);
#4084 = EDGE_CURVE('',#4085,#4085,#4087,.T.);
#4085 = VERTEX_POINT('',#4086);
#4086 = CARTESIAN_POINT('',(-1.25,-28.4,184.60520671964));
#4087 = CIRCLE('',#4088,1.6);
#4088 = AXIS2_PLACEMENT_3D('',#4089,#4090,#4091);
#4089 = CARTESIAN_POINT('',(-1.25,-30.,184.60520671964));
#4090 = DIRECTION('',(-1.,0.,-0.));
#4091 = DIRECTION('',(0.,1.,-1.224646799147E-16));
#4092 = PLANE('',#4093);
#4093 = AXIS2_PLACEMENT_3D('',#4094,#4095,#4096);
#4094 = CARTESIAN_POINT('',(-1.25,-40.,178.20296819936));
#4095 = DIRECTION('',(1.,0.,0.));
#4096 = DIRECTION('',(0.,3.445092848398E-16,1.));
#4097 = ADVANCED_FACE('',(#4098,#4109,#4159),#4209,.F.);
#4098 = FACE_BOUND('',#4099,.F.);
#4099 = EDGE_LOOP('',(#4100,#4101,#4102,#4108));
#4100 = ORIENTED_EDGE('',*,*,#4042,.T.);
#4101 = ORIENTED_EDGE('',*,*,#2739,.T.);
#4102 = ORIENTED_EDGE('',*,*,#4103,.F.);
#4103 = EDGE_CURVE('',#1705,#2740,#4104,.T.);
#4104 = LINE('',#4105,#4106);
#4105 = CARTESIAN_POINT('',(-7.25,-4.464252683E-15,-20.10520671964));
#4106 = VECTOR('',#4107,1.);
#4107 = DIRECTION('',(0.,-1.,2.22044604925E-16));
#4108 = ORIENTED_EDGE('',*,*,#1704,.F.);
#4109 = FACE_BOUND('',#4110,.F.);
#4110 = EDGE_LOOP('',(#4111,#4121,#4129,#4137,#4145,#4153));
#4111 = ORIENTED_EDGE('',*,*,#4112,.T.);
#4112 = EDGE_CURVE('',#4113,#4115,#4117,.T.);
#4113 = VERTEX_POINT('',#4114);
#4114 = CARTESIAN_POINT('',(-7.25,-31.61658075373,-11.60520671964));
#4115 = VERTEX_POINT('',#4116);
#4116 = CARTESIAN_POINT('',(-7.25,-28.38341924626,-11.60520671964));
#4117 = LINE('',#4118,#4119);
#4118 = CARTESIAN_POINT('',(-7.25,-31.61658075373,-11.60520671964));
#4119 = VECTOR('',#4120,1.);
#4120 = DIRECTION('',(0.,1.,0.));
#4121 = ORIENTED_EDGE('',*,*,#4122,.T.);
#4122 = EDGE_CURVE('',#4115,#4123,#4125,.T.);
#4123 = VERTEX_POINT('',#4124);
#4124 = CARTESIAN_POINT('',(-7.25,-26.76683849253,-14.40520671964));
#4125 = LINE('',#4126,#4127);
#4126 = CARTESIAN_POINT('',(-7.25,-28.38341924626,-11.60520671964));
#4127 = VECTOR('',#4128,1.);
#4128 = DIRECTION('',(-0.,0.5,-0.866025403784));
#4129 = ORIENTED_EDGE('',*,*,#4130,.T.);
#4130 = EDGE_CURVE('',#4123,#4131,#4133,.T.);
#4131 = VERTEX_POINT('',#4132);
#4132 = CARTESIAN_POINT('',(-7.25,-28.38341924626,-17.20520671964));
#4133 = LINE('',#4134,#4135);
#4134 = CARTESIAN_POINT('',(-7.25,-26.76683849253,-14.40520671964));
#4135 = VECTOR('',#4136,1.);
#4136 = DIRECTION('',(0.,-0.5,-0.866025403784));
#4137 = ORIENTED_EDGE('',*,*,#4138,.T.);
#4138 = EDGE_CURVE('',#4131,#4139,#4141,.T.);
#4139 = VERTEX_POINT('',#4140);
#4140 = CARTESIAN_POINT('',(-7.25,-31.61658075373,-17.20520671964));
#4141 = LINE('',#4142,#4143);
#4142 = CARTESIAN_POINT('',(-7.25,-28.38341924626,-17.20520671964));
#4143 = VECTOR('',#4144,1.);
#4144 = DIRECTION('',(0.,-1.,0.));
#4145 = ORIENTED_EDGE('',*,*,#4146,.T.);
#4146 = EDGE_CURVE('',#4139,#4147,#4149,.T.);
#4147 = VERTEX_POINT('',#4148);
#4148 = CARTESIAN_POINT('',(-7.25,-33.23316150746,-14.40520671964));
#4149 = LINE('',#4150,#4151);
#4150 = CARTESIAN_POINT('',(-7.25,-31.61658075373,-17.20520671964));
#4151 = VECTOR('',#4152,1.);
#4152 = DIRECTION('',(0.,-0.5,0.866025403784));
#4153 = ORIENTED_EDGE('',*,*,#4154,.T.);
#4154 = EDGE_CURVE('',#4147,#4113,#4155,.T.);
#4155 = LINE('',#4156,#4157);
#4156 = CARTESIAN_POINT('',(-7.25,-33.23316150746,-14.40520671964));
#4157 = VECTOR('',#4158,1.);
#4158 = DIRECTION('',(0.,0.5,0.866025403784));
#4159 = FACE_BOUND('',#4160,.F.);
#4160 = EDGE_LOOP('',(#4161,#4171,#4179,#4187,#4195,#4203));
#4161 = ORIENTED_EDGE('',*,*,#4162,.T.);
#4162 = EDGE_CURVE('',#4163,#4165,#4167,.T.);
#4163 = VERTEX_POINT('',#4164);
#4164 = CARTESIAN_POINT('',(-7.25,-13.23316150746,-14.40520671964));
#4165 = VERTEX_POINT('',#4166);
#4166 = CARTESIAN_POINT('',(-7.25,-11.61658075373,-11.60520671964));
#4167 = LINE('',#4168,#4169);
#4168 = CARTESIAN_POINT('',(-7.25,-13.23316150746,-14.40520671964));
#4169 = VECTOR('',#4170,1.);
#4170 = DIRECTION('',(0.,0.5,0.866025403784));
#4171 = ORIENTED_EDGE('',*,*,#4172,.T.);
#4172 = EDGE_CURVE('',#4165,#4173,#4175,.T.);
#4173 = VERTEX_POINT('',#4174);
#4174 = CARTESIAN_POINT('',(-7.25,-8.383419246269,-11.60520671964));
#4175 = LINE('',#4176,#4177);
#4176 = CARTESIAN_POINT('',(-7.25,-11.61658075373,-11.60520671964));
#4177 = VECTOR('',#4178,1.);
#4178 = DIRECTION('',(0.,1.,0.));
#4179 = ORIENTED_EDGE('',*,*,#4180,.T.);
#4180 = EDGE_CURVE('',#4173,#4181,#4183,.T.);
#4181 = VERTEX_POINT('',#4182);
#4182 = CARTESIAN_POINT('',(-7.25,-6.766838492538,-14.40520671964));
#4183 = LINE('',#4184,#4185);
#4184 = CARTESIAN_POINT('',(-7.25,-8.383419246269,-11.60520671964));
#4185 = VECTOR('',#4186,1.);
#4186 = DIRECTION('',(-0.,0.5,-0.866025403784));
#4187 = ORIENTED_EDGE('',*,*,#4188,.T.);
#4188 = EDGE_CURVE('',#4181,#4189,#4191,.T.);
#4189 = VERTEX_POINT('',#4190);
#4190 = CARTESIAN_POINT('',(-7.25,-8.383419246269,-17.20520671964));
#4191 = LINE('',#4192,#4193);
#4192 = CARTESIAN_POINT('',(-7.25,-6.766838492538,-14.40520671964));
#4193 = VECTOR('',#4194,1.);
#4194 = DIRECTION('',(0.,-0.5,-0.866025403784));
#4195 = ORIENTED_EDGE('',*,*,#4196,.T.);
#4196 = EDGE_CURVE('',#4189,#4197,#4199,.T.);
#4197 = VERTEX_POINT('',#4198);
#4198 = CARTESIAN_POINT('',(-7.25,-11.61658075373,-17.20520671964));
#4199 = LINE('',#4200,#4201);
#4200 = CARTESIAN_POINT('',(-7.25,-8.383419246269,-17.20520671964));
#4201 = VECTOR('',#4202,1.);
#4202 = DIRECTION('',(0.,-1.,0.));
#4203 = ORIENTED_EDGE('',*,*,#4204,.T.);
#4204 = EDGE_CURVE('',#4197,#4163,#4205,.T.);
#4205 = LINE('',#4206,#4207);
#4206 = CARTESIAN_POINT('',(-7.25,-11.61658075373,-17.20520671964));
#4207 = VECTOR('',#4208,1.);
#4208 = DIRECTION('',(0.,-0.5,0.866025403784));
#4209 = PLANE('',#4210);
#4210 = AXIS2_PLACEMENT_3D('',#4211,#4212,#4213);
#4211 = CARTESIAN_POINT('',(-7.25,-1.866330805377E-15,-8.405206719647));
#4212 = DIRECTION('',(1.,0.,0.));
#4213 = DIRECTION('',(0.,-2.22044604925E-16,-1.));
#4214 = ADVANCED_FACE('',(#4215),#4225,.F.);
#4215 = FACE_BOUND('',#4216,.F.);
#4216 = EDGE_LOOP('',(#4217,#4218,#4224));
#4217 = ORIENTED_EDGE('',*,*,#1712,.F.);
#4218 = ORIENTED_EDGE('',*,*,#4219,.T.);
#4219 = EDGE_CURVE('',#1705,#1754,#4220,.T.);
#4220 = LINE('',#4221,#4222);
#4221 = CARTESIAN_POINT('',(-7.175,-0.3,-20.18020671964));
#4222 = VECTOR('',#4223,1.);
#4223 = DIRECTION('',(0.707106781187,8.593667167743E-15,-0.707106781187)
  );
#4224 = ORIENTED_EDGE('',*,*,#1770,.F.);
#4225 = PLANE('',#4226);
#4226 = AXIS2_PLACEMENT_3D('',#4227,#4228,#4229);
#4227 = CARTESIAN_POINT('',(-7.25,-0.3,-20.10520671964));
#4228 = DIRECTION('',(0.57735026919,-0.57735026919,0.57735026919));
#4229 = DIRECTION('',(4.077433582056E-18,-0.707106781187,-0.707106781187
    ));
#4230 = ADVANCED_FACE('',(#4231),#4242,.F.);
#4231 = FACE_BOUND('',#4232,.T.);
#4232 = EDGE_LOOP('',(#4233,#4239,#4240,#4241));
#4233 = ORIENTED_EDGE('',*,*,#4234,.T.);
#4234 = EDGE_CURVE('',#3030,#1728,#4235,.T.);
#4235 = LINE('',#4236,#4237);
#4236 = CARTESIAN_POINT('',(1.25,-40.,178.20296819936));
#4237 = VECTOR('',#4238,1.);
#4238 = DIRECTION('',(0.,1.,-3.445092848398E-16));
#4239 = ORIENTED_EDGE('',*,*,#1736,.T.);
#4240 = ORIENTED_EDGE('',*,*,#4057,.F.);
#4241 = ORIENTED_EDGE('',*,*,#3038,.F.);
#4242 = CYLINDRICAL_SURFACE('',#4243,8.1);
#4243 = AXIS2_PLACEMENT_3D('',#4244,#4245,#4246);
#4244 = CARTESIAN_POINT('',(-9.004741497577E-18,-40.,170.2));
#4245 = DIRECTION('',(0.,-1.,3.445092848398E-16));
#4246 = DIRECTION('',(1.,0.,0.));
#4247 = ADVANCED_FACE('',(#4248),#4264,.F.);
#4248 = FACE_BOUND('',#4249,.F.);
#4249 = EDGE_LOOP('',(#4250,#4251,#4257,#4258));
#4250 = ORIENTED_EDGE('',*,*,#1753,.F.);
#4251 = ORIENTED_EDGE('',*,*,#4252,.T.);
#4252 = EDGE_CURVE('',#1754,#2787,#4253,.T.);
#4253 = LINE('',#4254,#4255);
#4254 = CARTESIAN_POINT('',(-6.95,-4.530866064478E-15,-20.40520671964));
#4255 = VECTOR('',#4256,1.);
#4256 = DIRECTION('',(0.,-1.,2.22044604925E-16));
#4257 = ORIENTED_EDGE('',*,*,#2794,.T.);
#4258 = ORIENTED_EDGE('',*,*,#4259,.F.);
#4259 = EDGE_CURVE('',#1756,#2795,#4260,.T.);
#4260 = LINE('',#4261,#4262);
#4261 = CARTESIAN_POINT('',(-1.55,-4.530866064478E-15,-20.40520671964));
#4262 = VECTOR('',#4263,1.);
#4263 = DIRECTION('',(0.,-1.,2.22044604925E-16));
#4264 = PLANE('',#4265);
#4265 = AXIS2_PLACEMENT_3D('',#4266,#4267,#4268);
#4266 = CARTESIAN_POINT('',(-7.25,-4.530866064478E-15,-20.40520671964));
#4267 = DIRECTION('',(0.,2.22044604925E-16,1.));
#4268 = DIRECTION('',(1.,0.,0.));
#4269 = ADVANCED_FACE('',(#4270),#4280,.F.);
#4270 = FACE_BOUND('',#4271,.F.);
#4271 = EDGE_LOOP('',(#4272,#4273,#4279));
#4272 = ORIENTED_EDGE('',*,*,#1763,.F.);
#4273 = ORIENTED_EDGE('',*,*,#4274,.T.);
#4274 = EDGE_CURVE('',#1756,#1818,#4275,.T.);
#4275 = LINE('',#4276,#4277);
#4276 = CARTESIAN_POINT('',(-1.475,-0.3,-20.33020671964));
#4277 = VECTOR('',#4278,1.);
#4278 = DIRECTION('',(0.707106781187,-8.527267369711E-15,0.707106781187)
  );
#4279 = ORIENTED_EDGE('',*,*,#1825,.F.);
#4280 = PLANE('',#4281);
#4281 = AXIS2_PLACEMENT_3D('',#4282,#4283,#4284);
#4282 = CARTESIAN_POINT('',(-1.55,-0.3,-20.40520671964));
#4283 = DIRECTION('',(-0.57735026919,-0.57735026919,0.57735026919));
#4284 = DIRECTION('',(0.707106781187,-0.707106781187,8.439599173277E-15)
  );
#4285 = ADVANCED_FACE('',(#4286,#4297,#4333),#4369,.F.);
#4286 = FACE_BOUND('',#4287,.F.);
#4287 = EDGE_LOOP('',(#4288,#4289,#4290,#4296));
#4288 = ORIENTED_EDGE('',*,*,#4234,.T.);
#4289 = ORIENTED_EDGE('',*,*,#1785,.T.);
#4290 = ORIENTED_EDGE('',*,*,#4291,.F.);
#4291 = EDGE_CURVE('',#3057,#1786,#4292,.T.);
#4292 = LINE('',#4293,#4294);
#4293 = CARTESIAN_POINT('',(1.25,-40.,190.30520671964));
#4294 = VECTOR('',#4295,1.);
#4295 = DIRECTION('',(0.,1.,-3.445092848398E-16));
#4296 = ORIENTED_EDGE('',*,*,#3056,.F.);
#4297 = FACE_BOUND('',#4298,.F.);
#4298 = EDGE_LOOP('',(#4299,#4310,#4318,#4327));
#4299 = ORIENTED_EDGE('',*,*,#4300,.F.);
#4300 = EDGE_CURVE('',#4301,#4303,#4305,.T.);
#4301 = VERTEX_POINT('',#4302);
#4302 = CARTESIAN_POINT('',(1.25,-11.6,184.60520671964));
#4303 = VERTEX_POINT('',#4304);
#4304 = CARTESIAN_POINT('',(1.25,-8.4,184.60520671964));
#4305 = CIRCLE('',#4306,1.6);
#4306 = AXIS2_PLACEMENT_3D('',#4307,#4308,#4309);
#4307 = CARTESIAN_POINT('',(1.25,-10.,184.60520671964));
#4308 = DIRECTION('',(1.,0.,0.));
#4309 = DIRECTION('',(0.,-1.,1.224646799147E-16));
#4310 = ORIENTED_EDGE('',*,*,#4311,.F.);
#4311 = EDGE_CURVE('',#4312,#4301,#4314,.T.);
#4312 = VERTEX_POINT('',#4313);
#4313 = CARTESIAN_POINT('',(1.25,-11.6,185.60520671964));
#4314 = LINE('',#4315,#4316);
#4315 = CARTESIAN_POINT('',(1.25,-11.6,181.4040874595));
#4316 = VECTOR('',#4317,1.);
#4317 = DIRECTION('',(0.,-1.224646799147E-16,-1.));
#4318 = ORIENTED_EDGE('',*,*,#4319,.F.);
#4319 = EDGE_CURVE('',#4320,#4312,#4322,.T.);
#4320 = VERTEX_POINT('',#4321);
#4321 = CARTESIAN_POINT('',(1.25,-8.4,185.60520671964));
#4322 = CIRCLE('',#4323,1.6);
#4323 = AXIS2_PLACEMENT_3D('',#4324,#4325,#4326);
#4324 = CARTESIAN_POINT('',(1.25,-10.,185.60520671964));
#4325 = DIRECTION('',(1.,0.,0.));
#4326 = DIRECTION('',(0.,-1.,1.224646799147E-16));
#4327 = ORIENTED_EDGE('',*,*,#4328,.T.);
#4328 = EDGE_CURVE('',#4320,#4303,#4329,.T.);
#4329 = LINE('',#4330,#4331);
#4330 = CARTESIAN_POINT('',(1.25,-8.4,181.4040874595));
#4331 = VECTOR('',#4332,1.);
#4332 = DIRECTION('',(0.,8.514266361129E-14,-1.));
#4333 = FACE_BOUND('',#4334,.F.);
#4334 = EDGE_LOOP('',(#4335,#4346,#4354,#4363));
#4335 = ORIENTED_EDGE('',*,*,#4336,.F.);
#4336 = EDGE_CURVE('',#4337,#4339,#4341,.T.);
#4337 = VERTEX_POINT('',#4338);
#4338 = CARTESIAN_POINT('',(1.25,-28.4,185.60520671964));
#4339 = VERTEX_POINT('',#4340);
#4340 = CARTESIAN_POINT('',(1.25,-31.6,185.60520671964));
#4341 = CIRCLE('',#4342,1.6);
#4342 = AXIS2_PLACEMENT_3D('',#4343,#4344,#4345);
#4343 = CARTESIAN_POINT('',(1.25,-30.,185.60520671964));
#4344 = DIRECTION('',(1.,0.,0.));
#4345 = DIRECTION('',(0.,-1.,1.224646799147E-16));
#4346 = ORIENTED_EDGE('',*,*,#4347,.T.);
#4347 = EDGE_CURVE('',#4337,#4348,#4350,.T.);
#4348 = VERTEX_POINT('',#4349);
#4349 = CARTESIAN_POINT('',(1.25,-28.4,184.60520671964));
#4350 = LINE('',#4351,#4352);
#4351 = CARTESIAN_POINT('',(1.25,-28.4,181.4040874595));
#4352 = VECTOR('',#4353,1.);
#4353 = DIRECTION('',(0.,-1.224646799147E-16,-1.));
#4354 = ORIENTED_EDGE('',*,*,#4355,.F.);
#4355 = EDGE_CURVE('',#4356,#4348,#4358,.T.);
#4356 = VERTEX_POINT('',#4357);
#4357 = CARTESIAN_POINT('',(1.25,-31.6,184.60520671964));
#4358 = CIRCLE('',#4359,1.6);
#4359 = AXIS2_PLACEMENT_3D('',#4360,#4361,#4362);
#4360 = CARTESIAN_POINT('',(1.25,-30.,184.60520671964));
#4361 = DIRECTION('',(1.,0.,0.));
#4362 = DIRECTION('',(0.,-1.,1.224646799147E-16));
#4363 = ORIENTED_EDGE('',*,*,#4364,.F.);
#4364 = EDGE_CURVE('',#4339,#4356,#4365,.T.);
#4365 = LINE('',#4366,#4367);
#4366 = CARTESIAN_POINT('',(1.25,-31.6,181.4040874595));
#4367 = VECTOR('',#4368,1.);
#4368 = DIRECTION('',(0.,-8.538759297112E-14,-1.));
#4369 = PLANE('',#4370);
#4370 = AXIS2_PLACEMENT_3D('',#4371,#4372,#4373);
#4371 = CARTESIAN_POINT('',(1.25,-40.,178.20296819936));
#4372 = DIRECTION('',(1.,0.,0.));
#4373 = DIRECTION('',(0.,3.445092848398E-16,1.));
#4374 = ADVANCED_FACE('',(#4375),#4385,.F.);
#4375 = FACE_BOUND('',#4376,.F.);
#4376 = EDGE_LOOP('',(#4377,#4378,#4384));
#4377 = ORIENTED_EDGE('',*,*,#1840,.F.);
#4378 = ORIENTED_EDGE('',*,*,#4379,.T.);
#4379 = EDGE_CURVE('',#1841,#1786,#4380,.T.);
#4380 = LINE('',#4381,#4382);
#4381 = CARTESIAN_POINT('',(1.474999999999,-0.3,190.53020671964));
#4382 = VECTOR('',#4383,1.);
#4383 = DIRECTION('',(-0.707106781187,-1.072898685649E-13,
    -0.707106781187));
#4384 = ORIENTED_EDGE('',*,*,#1793,.F.);
#4385 = PLANE('',#4386);
#4386 = AXIS2_PLACEMENT_3D('',#4387,#4388,#4389);
#4387 = CARTESIAN_POINT('',(1.55,-0.3,190.60520671964));
#4388 = DIRECTION('',(0.57735026919,-0.57735026919,-0.57735026919));
#4389 = DIRECTION('',(-0.707106781187,-0.707106781187,
    -6.701032432913E-14));
#4390 = ADVANCED_FACE('',(#4391,#4407,#4418),#4429,.T.);
#4391 = FACE_BOUND('',#4392,.T.);
#4392 = EDGE_LOOP('',(#4393,#4399,#4400,#4406));
#4393 = ORIENTED_EDGE('',*,*,#4394,.T.);
#4394 = EDGE_CURVE('',#1809,#2844,#4395,.T.);
#4395 = LINE('',#4396,#4397);
#4396 = CARTESIAN_POINT('',(-1.25,-1.777015912055E-15,-8.002968199362));
#4397 = VECTOR('',#4398,1.);
#4398 = DIRECTION('',(0.,-1.,2.22044604925E-16));
#4399 = ORIENTED_EDGE('',*,*,#2852,.T.);
#4400 = ORIENTED_EDGE('',*,*,#4401,.F.);
#4401 = EDGE_CURVE('',#1818,#2853,#4402,.T.);
#4402 = LINE('',#4403,#4404);
#4403 = CARTESIAN_POINT('',(-1.25,-4.464252683E-15,-20.10520671964));
#4404 = VECTOR('',#4405,1.);
#4405 = DIRECTION('',(0.,-1.,2.22044604925E-16));
#4406 = ORIENTED_EDGE('',*,*,#1817,.F.);
#4407 = FACE_BOUND('',#4408,.T.);
#4408 = EDGE_LOOP('',(#4409));
#4409 = ORIENTED_EDGE('',*,*,#4410,.T.);
#4410 = EDGE_CURVE('',#4411,#4411,#4413,.T.);
#4411 = VERTEX_POINT('',#4412);
#4412 = CARTESIAN_POINT('',(-1.25,-31.6,-14.40520671964));
#4413 = CIRCLE('',#4414,1.6);
#4414 = AXIS2_PLACEMENT_3D('',#4415,#4416,#4417);
#4415 = CARTESIAN_POINT('',(-1.25,-30.,-14.40520671964));
#4416 = DIRECTION('',(-1.,0.,0.));
#4417 = DIRECTION('',(0.,-1.,0.));
#4418 = FACE_BOUND('',#4419,.T.);
#4419 = EDGE_LOOP('',(#4420));
#4420 = ORIENTED_EDGE('',*,*,#4421,.T.);
#4421 = EDGE_CURVE('',#4422,#4422,#4424,.T.);
#4422 = VERTEX_POINT('',#4423);
#4423 = CARTESIAN_POINT('',(-1.25,-11.6,-14.40520671964));
#4424 = CIRCLE('',#4425,1.6);
#4425 = AXIS2_PLACEMENT_3D('',#4426,#4427,#4428);
#4426 = CARTESIAN_POINT('',(-1.25,-10.,-14.40520671964));
#4427 = DIRECTION('',(-1.,0.,0.));
#4428 = DIRECTION('',(0.,-1.,0.));
#4429 = PLANE('',#4430);
#4430 = AXIS2_PLACEMENT_3D('',#4431,#4432,#4433);
#4431 = CARTESIAN_POINT('',(-1.25,-1.777015912055E-15,-8.002968199362));
#4432 = DIRECTION('',(1.,0.,0.));
#4433 = DIRECTION('',(0.,-2.22044604925E-16,-1.));
#4434 = ADVANCED_FACE('',(#4435),#4515,.F.);
#4435 = FACE_BOUND('',#4436,.F.);
#4436 = EDGE_LOOP('',(#4437,#4438,#4446,#4454,#4462,#4470,#4478,#4486,
    #4494,#4502,#4508,#4509));
#4437 = ORIENTED_EDGE('',*,*,#1848,.T.);
#4438 = ORIENTED_EDGE('',*,*,#4439,.F.);
#4439 = EDGE_CURVE('',#4440,#1849,#4442,.T.);
#4440 = VERTEX_POINT('',#4441);
#4441 = CARTESIAN_POINT('',(6.95,-3.875735931288,190.60520671964));
#4442 = LINE('',#4443,#4444);
#4443 = CARTESIAN_POINT('',(6.95,-4.,190.60520671964));
#4444 = VECTOR('',#4445,1.);
#4445 = DIRECTION('',(0.,1.,-3.445092848398E-16));
#4446 = ORIENTED_EDGE('',*,*,#4447,.F.);
#4447 = EDGE_CURVE('',#4448,#4440,#4450,.T.);
#4448 = VERTEX_POINT('',#4449);
#4449 = CARTESIAN_POINT('',(4.95,-5.875735931288,190.60520671964));
#4450 = LINE('',#4451,#4452);
#4451 = CARTESIAN_POINT('',(5.037867965644,-5.787867965644,
    190.60520671964));
#4452 = VECTOR('',#4453,1.);
#4453 = DIRECTION('',(0.707106781187,0.707106781187,-8.659560562355E-17)
  );
#4454 = ORIENTED_EDGE('',*,*,#4455,.F.);
#4455 = EDGE_CURVE('',#4456,#4448,#4458,.T.);
#4456 = VERTEX_POINT('',#4457);
#4457 = CARTESIAN_POINT('',(4.95,-14.12426406871,190.60520671964));
#4458 = LINE('',#4459,#4460);
#4459 = CARTESIAN_POINT('',(4.95,-14.,190.60520671964));
#4460 = VECTOR('',#4461,1.);
#4461 = DIRECTION('',(0.,1.,-1.224646799147E-16));
#4462 = ORIENTED_EDGE('',*,*,#4463,.T.);
#4463 = EDGE_CURVE('',#4456,#4464,#4466,.T.);
#4464 = VERTEX_POINT('',#4465);
#4465 = CARTESIAN_POINT('',(6.95,-16.12426406871,190.60520671964));
#4466 = LINE('',#4467,#4468);
#4467 = CARTESIAN_POINT('',(5.037867965644,-14.21213203435,
    190.60520671964));
#4468 = VECTOR('',#4469,1.);
#4469 = DIRECTION('',(0.707106781187,-0.707106781187,8.659560562355E-17)
  );
#4470 = ORIENTED_EDGE('',*,*,#4471,.F.);
#4471 = EDGE_CURVE('',#4472,#4464,#4474,.T.);
#4472 = VERTEX_POINT('',#4473);
#4473 = CARTESIAN_POINT('',(6.95,-23.87573593128,190.60520671964));
#4474 = LINE('',#4475,#4476);
#4475 = CARTESIAN_POINT('',(6.95,-24.,190.60520671964));
#4476 = VECTOR('',#4477,1.);
#4477 = DIRECTION('',(0.,1.,-3.445092848398E-16));
#4478 = ORIENTED_EDGE('',*,*,#4479,.F.);
#4479 = EDGE_CURVE('',#4480,#4472,#4482,.T.);
#4480 = VERTEX_POINT('',#4481);
#4481 = CARTESIAN_POINT('',(4.95,-25.87573593128,190.60520671964));
#4482 = LINE('',#4483,#4484);
#4483 = CARTESIAN_POINT('',(5.037867965644,-25.78786796564,
    190.60520671964));
#4484 = VECTOR('',#4485,1.);
#4485 = DIRECTION('',(0.707106781187,0.707106781187,-8.659560562355E-17)
  );
#4486 = ORIENTED_EDGE('',*,*,#4487,.F.);
#4487 = EDGE_CURVE('',#4488,#4480,#4490,.T.);
#4488 = VERTEX_POINT('',#4489);
#4489 = CARTESIAN_POINT('',(4.95,-34.12426406871,190.60520671964));
#4490 = LINE('',#4491,#4492);
#4491 = CARTESIAN_POINT('',(4.95,-34.,190.60520671964));
#4492 = VECTOR('',#4493,1.);
#4493 = DIRECTION('',(0.,1.,-1.224646799147E-16));
#4494 = ORIENTED_EDGE('',*,*,#4495,.T.);
#4495 = EDGE_CURVE('',#4488,#4496,#4498,.T.);
#4496 = VERTEX_POINT('',#4497);
#4497 = CARTESIAN_POINT('',(6.95,-36.12426406871,190.60520671964));
#4498 = LINE('',#4499,#4500);
#4499 = CARTESIAN_POINT('',(5.037867965644,-34.21213203435,
    190.60520671964));
#4500 = VECTOR('',#4501,1.);
#4501 = DIRECTION('',(0.707106781187,-0.707106781187,8.659560562355E-17)
  );
#4502 = ORIENTED_EDGE('',*,*,#4503,.F.);
#4503 = EDGE_CURVE('',#3082,#4496,#4504,.T.);
#4504 = LINE('',#4505,#4506);
#4505 = CARTESIAN_POINT('',(6.95,-40.,190.60520671964));
#4506 = VECTOR('',#4507,1.);
#4507 = DIRECTION('',(0.,1.,-3.445092848398E-16));
#4508 = ORIENTED_EDGE('',*,*,#3079,.F.);
#4509 = ORIENTED_EDGE('',*,*,#4510,.T.);
#4510 = EDGE_CURVE('',#3080,#1841,#4511,.T.);
#4511 = LINE('',#4512,#4513);
#4512 = CARTESIAN_POINT('',(1.55,-40.,190.60520671964));
#4513 = VECTOR('',#4514,1.);
#4514 = DIRECTION('',(0.,1.,-3.445092848398E-16));
#4515 = PLANE('',#4516);
#4516 = AXIS2_PLACEMENT_3D('',#4517,#4518,#4519);
#4517 = CARTESIAN_POINT('',(1.25,-40.,190.60520671964));
#4518 = DIRECTION('',(0.,-3.445092848398E-16,-1.));
#4519 = DIRECTION('',(1.,0.,0.));
#4520 = ADVANCED_FACE('',(#4521),#4531,.F.);
#4521 = FACE_BOUND('',#4522,.F.);
#4522 = EDGE_LOOP('',(#4523,#4524,#4530));
#4523 = ORIENTED_EDGE('',*,*,#1897,.F.);
#4524 = ORIENTED_EDGE('',*,*,#4525,.T.);
#4525 = EDGE_CURVE('',#1898,#1849,#4526,.T.);
#4526 = LINE('',#4527,#4528);
#4527 = CARTESIAN_POINT('',(7.175,-0.3,190.38020671964));
#4528 = VECTOR('',#4529,1.);
#4529 = DIRECTION('',(-0.707106781187,5.477598133549E-14,0.707106781187)
  );
#4530 = ORIENTED_EDGE('',*,*,#1856,.F.);
#4531 = PLANE('',#4532);
#4532 = AXIS2_PLACEMENT_3D('',#4533,#4534,#4535);
#4533 = CARTESIAN_POINT('',(7.25,-0.3,190.30520671964));
#4534 = DIRECTION('',(-0.57735026919,-0.57735026919,-0.57735026919));
#4535 = DIRECTION('',(1.466884423421E-14,-0.707106781187,0.707106781187)
  );
#4536 = ADVANCED_FACE('',(#4537),#4548,.F.);
#4537 = FACE_BOUND('',#4538,.T.);
#4538 = EDGE_LOOP('',(#4539,#4545,#4546,#4547));
#4539 = ORIENTED_EDGE('',*,*,#4540,.T.);
#4540 = EDGE_CURVE('',#1872,#2900,#4541,.T.);
#4541 = LINE('',#4542,#4543);
#4542 = CARTESIAN_POINT('',(1.25,-1.777015912055E-15,-8.002968199362));
#4543 = VECTOR('',#4544,1.);
#4544 = DIRECTION('',(0.,-1.,2.22044604925E-16));
#4545 = ORIENTED_EDGE('',*,*,#2908,.T.);
#4546 = ORIENTED_EDGE('',*,*,#4394,.F.);
#4547 = ORIENTED_EDGE('',*,*,#1880,.F.);
#4548 = CYLINDRICAL_SURFACE('',#4549,8.1);
#4549 = AXIS2_PLACEMENT_3D('',#4550,#4551,#4552);
#4550 = CARTESIAN_POINT('',(-9.004741497577E-18,-5.916456789158E-31,
    -2.6645352591E-15));
#4551 = DIRECTION('',(0.,1.,-2.22044604925E-16));
#4552 = DIRECTION('',(1.,0.,0.));
#4553 = ADVANCED_FACE('',(#4554,#4560,#4566),#4572,.F.);
#4554 = FACE_BOUND('',#4555,.F.);
#4555 = EDGE_LOOP('',(#4556,#4557,#4558,#4559));
#4556 = ORIENTED_EDGE('',*,*,#4540,.T.);
#4557 = ORIENTED_EDGE('',*,*,#2957,.T.);
#4558 = ORIENTED_EDGE('',*,*,#3684,.F.);
#4559 = ORIENTED_EDGE('',*,*,#1922,.F.);
#4560 = FACE_BOUND('',#4561,.F.);
#4561 = EDGE_LOOP('',(#4562,#4563,#4564,#4565));
#4562 = ORIENTED_EDGE('',*,*,#3643,.F.);
#4563 = ORIENTED_EDGE('',*,*,#3570,.F.);
#4564 = ORIENTED_EDGE('',*,*,#3601,.F.);
#4565 = ORIENTED_EDGE('',*,*,#3626,.T.);
#4566 = FACE_BOUND('',#4567,.F.);
#4567 = EDGE_LOOP('',(#4568,#4569,#4570,#4571));
#4568 = ORIENTED_EDGE('',*,*,#2478,.F.);
#4569 = ORIENTED_EDGE('',*,*,#2405,.T.);
#4570 = ORIENTED_EDGE('',*,*,#2436,.F.);
#4571 = ORIENTED_EDGE('',*,*,#2454,.F.);
#4572 = PLANE('',#4573);
#4573 = AXIS2_PLACEMENT_3D('',#4574,#4575,#4576);
#4574 = CARTESIAN_POINT('',(1.25,-1.777015912055E-15,-8.002968199362));
#4575 = DIRECTION('',(1.,0.,0.));
#4576 = DIRECTION('',(0.,-2.22044604925E-16,-1.));
#4577 = ADVANCED_FACE('',(#4578),#4583,.F.);
#4578 = FACE_BOUND('',#4579,.F.);
#4579 = EDGE_LOOP('',(#4580,#4581,#4582));
#4580 = ORIENTED_EDGE('',*,*,#1930,.F.);
#4581 = ORIENTED_EDGE('',*,*,#3671,.T.);
#4582 = ORIENTED_EDGE('',*,*,#1948,.F.);
#4583 = PLANE('',#4584);
#4584 = AXIS2_PLACEMENT_3D('',#4585,#4586,#4587);
#4585 = CARTESIAN_POINT('',(1.25,-0.3,-20.10520671964));
#4586 = DIRECTION('',(0.57735026919,-0.57735026919,0.57735026919));
#4587 = DIRECTION('',(1.024638207096E-15,-0.707106781187,-0.707106781187
    ));
#4588 = ADVANCED_FACE('',(#4589),#4673,.F.);
#4589 = FACE_BOUND('',#4590,.F.);
#4590 = EDGE_LOOP('',(#4591,#4597,#4598,#4606,#4615,#4623,#4632,#4640,
    #4649,#4657,#4666,#4672));
#4591 = ORIENTED_EDGE('',*,*,#4592,.F.);
#4592 = EDGE_CURVE('',#1971,#3332,#4593,.T.);
#4593 = LINE('',#4594,#4595);
#4594 = CARTESIAN_POINT('',(-5.81,3.332889519925E-14,150.1));
#4595 = VECTOR('',#4596,1.);
#4596 = DIRECTION('',(0.,-1.,2.22044604925E-16));
#4597 = ORIENTED_EDGE('',*,*,#1970,.F.);
#4598 = ORIENTED_EDGE('',*,*,#4599,.T.);
#4599 = EDGE_CURVE('',#1963,#4600,#4602,.T.);
#4600 = VERTEX_POINT('',#4601);
#4601 = CARTESIAN_POINT('',(-8.1,-3.331457722042,147.81));
#4602 = LINE('',#4603,#4604);
#4603 = CARTESIAN_POINT('',(-8.1,3.282041305397E-14,147.81));
#4604 = VECTOR('',#4605,1.);
#4605 = DIRECTION('',(0.,-1.,2.22044604925E-16));
#4606 = ORIENTED_EDGE('',*,*,#4607,.T.);
#4607 = EDGE_CURVE('',#4600,#4608,#4610,.T.);
#4608 = VERTEX_POINT('',#4609);
#4609 = CARTESIAN_POINT('',(-8.098230757594,-3.383419246269,147.9));
#4610 = ELLIPSE('',#4611,2.644264232888,2.29);
#4611 = AXIS2_PLACEMENT_3D('',#4612,#4613,#4614);
#4612 = CARTESIAN_POINT('',(-5.81,-3.331457722042,147.81));
#4613 = DIRECTION('',(0.,0.866025403784,0.5));
#4614 = DIRECTION('',(0.,0.5,-0.866025403784));
#4615 = ORIENTED_EDGE('',*,*,#4616,.F.);
#4616 = EDGE_CURVE('',#4617,#4608,#4619,.T.);
#4617 = VERTEX_POINT('',#4618);
#4618 = CARTESIAN_POINT('',(-8.098230757594,-6.616580753731,147.9));
#4619 = LINE('',#4620,#4621);
#4620 = CARTESIAN_POINT('',(-8.098230757594,3.282041305397E-14,147.9));
#4621 = VECTOR('',#4622,1.);
#4622 = DIRECTION('',(0.,1.,-2.22044604925E-16));
#4623 = ORIENTED_EDGE('',*,*,#4624,.T.);
#4624 = EDGE_CURVE('',#4617,#4625,#4627,.T.);
#4625 = VERTEX_POINT('',#4626);
#4626 = CARTESIAN_POINT('',(-8.1,-6.668542277958,147.81));
#4627 = ELLIPSE('',#4628,2.644264232888,2.29);
#4628 = AXIS2_PLACEMENT_3D('',#4629,#4630,#4631);
#4629 = CARTESIAN_POINT('',(-5.81,-6.668542277958,147.81));
#4630 = DIRECTION('',(0.,-0.866025403784,0.5));
#4631 = DIRECTION('',(0.,0.5,0.866025403784));
#4632 = ORIENTED_EDGE('',*,*,#4633,.T.);
#4633 = EDGE_CURVE('',#4625,#4634,#4636,.T.);
#4634 = VERTEX_POINT('',#4635);
#4635 = CARTESIAN_POINT('',(-8.1,-33.33145772204,147.81));
#4636 = LINE('',#4637,#4638);
#4637 = CARTESIAN_POINT('',(-8.1,3.282041305397E-14,147.81));
#4638 = VECTOR('',#4639,1.);
#4639 = DIRECTION('',(0.,-1.,2.22044604925E-16));
#4640 = ORIENTED_EDGE('',*,*,#4641,.T.);
#4641 = EDGE_CURVE('',#4634,#4642,#4644,.T.);
#4642 = VERTEX_POINT('',#4643);
#4643 = CARTESIAN_POINT('',(-8.098230757594,-33.38341924626,147.9));
#4644 = ELLIPSE('',#4645,2.644264232888,2.29);
#4645 = AXIS2_PLACEMENT_3D('',#4646,#4647,#4648);
#4646 = CARTESIAN_POINT('',(-5.81,-33.33145772204,147.81));
#4647 = DIRECTION('',(0.,0.866025403784,0.5));
#4648 = DIRECTION('',(0.,0.5,-0.866025403784));
#4649 = ORIENTED_EDGE('',*,*,#4650,.F.);
#4650 = EDGE_CURVE('',#4651,#4642,#4653,.T.);
#4651 = VERTEX_POINT('',#4652);
#4652 = CARTESIAN_POINT('',(-8.098230757594,-36.61658075373,147.9));
#4653 = LINE('',#4654,#4655);
#4654 = CARTESIAN_POINT('',(-8.098230757594,3.282041305397E-14,147.9));
#4655 = VECTOR('',#4656,1.);
#4656 = DIRECTION('',(0.,1.,-2.22044604925E-16));
#4657 = ORIENTED_EDGE('',*,*,#4658,.T.);
#4658 = EDGE_CURVE('',#4651,#4659,#4661,.T.);
#4659 = VERTEX_POINT('',#4660);
#4660 = CARTESIAN_POINT('',(-8.1,-36.66854227795,147.81));
#4661 = ELLIPSE('',#4662,2.644264232888,2.29);
#4662 = AXIS2_PLACEMENT_3D('',#4663,#4664,#4665);
#4663 = CARTESIAN_POINT('',(-5.81,-36.66854227795,147.81));
#4664 = DIRECTION('',(0.,-0.866025403784,0.5));
#4665 = DIRECTION('',(0.,0.5,0.866025403784));
#4666 = ORIENTED_EDGE('',*,*,#4667,.T.);
#4667 = EDGE_CURVE('',#4659,#3324,#4668,.T.);
#4668 = LINE('',#4669,#4670);
#4669 = CARTESIAN_POINT('',(-8.1,3.282041305397E-14,147.81));
#4670 = VECTOR('',#4671,1.);
#4671 = DIRECTION('',(0.,-1.,2.22044604925E-16));
#4672 = ORIENTED_EDGE('',*,*,#3331,.T.);
#4673 = CYLINDRICAL_SURFACE('',#4674,2.29);
#4674 = AXIS2_PLACEMENT_3D('',#4675,#4676,#4677);
#4675 = CARTESIAN_POINT('',(-5.81,3.282041305397E-14,147.81));
#4676 = DIRECTION('',(0.,1.,-2.22044604925E-16));
#4677 = DIRECTION('',(-1.,0.,0.));
#4678 = ADVANCED_FACE('',(#4679),#4864,.T.);
#4679 = FACE_BOUND('',#4680,.T.);
#4680 = EDGE_LOOP('',(#4681,#4689,#4690,#4691,#4699,#4707,#4715,#4723,
    #4729,#4730,#4738,#4746,#4754,#4762,#4768,#4769,#4770,#4778,#4786,
    #4794,#4802,#4810,#4818,#4826,#4834,#4842,#4850,#4858));
#4681 = ORIENTED_EDGE('',*,*,#4682,.F.);
#4682 = EDGE_CURVE('',#1995,#4683,#4685,.T.);
#4683 = VERTEX_POINT('',#4684);
#4684 = CARTESIAN_POINT('',(-8.1,-3.331457722043,112.39));
#4685 = LINE('',#4686,#4687);
#4686 = CARTESIAN_POINT('',(-8.1,2.495559314752E-14,112.39));
#4687 = VECTOR('',#4688,1.);
#4688 = DIRECTION('',(0.,-1.,2.22044604925E-16));
#4689 = ORIENTED_EDGE('',*,*,#2002,.T.);
#4690 = ORIENTED_EDGE('',*,*,#4599,.T.);
#4691 = ORIENTED_EDGE('',*,*,#4692,.F.);
#4692 = EDGE_CURVE('',#4693,#4600,#4695,.T.);
#4693 = VERTEX_POINT('',#4694);
#4694 = CARTESIAN_POINT('',(-8.1,-1.766838492538,145.1));
#4695 = LINE('',#4696,#4697);
#4696 = CARTESIAN_POINT('',(-8.1,-2.9410062689,147.13371824526));
#4697 = VECTOR('',#4698,1.);
#4698 = DIRECTION('',(0.,-0.5,0.866025403784));
#4699 = ORIENTED_EDGE('',*,*,#4700,.F.);
#4700 = EDGE_CURVE('',#4701,#4693,#4703,.T.);
#4701 = VERTEX_POINT('',#4702);
#4702 = CARTESIAN_POINT('',(-8.1,-3.383419246269,142.3));
#4703 = LINE('',#4704,#4705);
#4704 = CARTESIAN_POINT('',(-8.1,-0.959251469907,146.49878175473));
#4705 = VECTOR('',#4706,1.);
#4706 = DIRECTION('',(0.,0.5,0.866025403784));
#4707 = ORIENTED_EDGE('',*,*,#4708,.F.);
#4708 = EDGE_CURVE('',#4709,#4701,#4711,.T.);
#4709 = VERTEX_POINT('',#4710);
#4710 = CARTESIAN_POINT('',(-8.1,-6.616580753731,142.3));
#4711 = LINE('',#4712,#4713);
#4712 = CARTESIAN_POINT('',(-8.1,-1.691709623135,142.3));
#4713 = VECTOR('',#4714,1.);
#4714 = DIRECTION('',(0.,1.,0.));
#4715 = ORIENTED_EDGE('',*,*,#4716,.F.);
#4716 = EDGE_CURVE('',#4717,#4709,#4719,.T.);
#4717 = VERTEX_POINT('',#4718);
#4718 = CARTESIAN_POINT('',(-8.1,-8.233161507462,145.1));
#4719 = LINE('',#4720,#4721);
#4720 = CARTESIAN_POINT('',(-8.1,-6.982458153228,142.93371824526));
#4721 = VECTOR('',#4722,1.);
#4722 = DIRECTION('',(0.,0.5,-0.866025403784));
#4723 = ORIENTED_EDGE('',*,*,#4724,.F.);
#4724 = EDGE_CURVE('',#4625,#4717,#4725,.T.);
#4725 = LINE('',#4726,#4727);
#4726 = CARTESIAN_POINT('',(-8.1,-6.617284107965,147.89878175473));
#4727 = VECTOR('',#4728,1.);
#4728 = DIRECTION('',(0.,-0.5,-0.866025403784));
#4729 = ORIENTED_EDGE('',*,*,#4633,.T.);
#4730 = ORIENTED_EDGE('',*,*,#4731,.F.);
#4731 = EDGE_CURVE('',#4732,#4634,#4734,.T.);
#4732 = VERTEX_POINT('',#4733);
#4733 = CARTESIAN_POINT('',(-8.1,-31.76683849253,145.1));
#4734 = LINE('',#4735,#4736);
#4735 = CARTESIAN_POINT('',(-8.1,-29.1910062689,140.63852771688));
#4736 = VECTOR('',#4737,1.);
#4737 = DIRECTION('',(0.,-0.5,0.866025403784));
#4738 = ORIENTED_EDGE('',*,*,#4739,.F.);
#4739 = EDGE_CURVE('',#4740,#4732,#4742,.T.);
#4740 = VERTEX_POINT('',#4741);
#4741 = CARTESIAN_POINT('',(-8.1,-33.38341924626,142.3));
#4742 = LINE('',#4743,#4744);
#4743 = CARTESIAN_POINT('',(-8.1,-27.2092514699,152.99397228311));
#4744 = VECTOR('',#4745,1.);
#4745 = DIRECTION('',(0.,0.5,0.866025403784));
#4746 = ORIENTED_EDGE('',*,*,#4747,.F.);
#4747 = EDGE_CURVE('',#4748,#4740,#4750,.T.);
#4748 = VERTEX_POINT('',#4749);
#4749 = CARTESIAN_POINT('',(-8.1,-36.61658075373,142.3));
#4750 = LINE('',#4751,#4752);
#4751 = CARTESIAN_POINT('',(-8.1,-16.69170962313,142.3));
#4752 = VECTOR('',#4753,1.);
#4753 = DIRECTION('',(0.,1.,0.));
#4754 = ORIENTED_EDGE('',*,*,#4755,.F.);
#4755 = EDGE_CURVE('',#4756,#4748,#4758,.T.);
#4756 = VERTEX_POINT('',#4757);
#4757 = CARTESIAN_POINT('',(-8.1,-38.23316150746,145.1));
#4758 = LINE('',#4759,#4760);
#4759 = CARTESIAN_POINT('',(-8.1,-33.23245815322,136.43852771688));
#4760 = VECTOR('',#4761,1.);
#4761 = DIRECTION('',(0.,0.5,-0.866025403784));
#4762 = ORIENTED_EDGE('',*,*,#4763,.F.);
#4763 = EDGE_CURVE('',#4659,#4756,#4764,.T.);
#4764 = LINE('',#4765,#4766);
#4765 = CARTESIAN_POINT('',(-8.1,-32.86728410796,154.39397228311));
#4766 = VECTOR('',#4767,1.);
#4767 = DIRECTION('',(0.,-0.5,-0.866025403784));
#4768 = ORIENTED_EDGE('',*,*,#4667,.T.);
#4769 = ORIENTED_EDGE('',*,*,#3363,.F.);
#4770 = ORIENTED_EDGE('',*,*,#4771,.F.);
#4771 = EDGE_CURVE('',#4772,#3356,#4774,.T.);
#4772 = VERTEX_POINT('',#4773);
#4773 = CARTESIAN_POINT('',(-8.1,-36.66854227797,112.39));
#4774 = LINE('',#4775,#4776);
#4775 = CARTESIAN_POINT('',(-8.1,2.495559314752E-14,112.39));
#4776 = VECTOR('',#4777,1.);
#4777 = DIRECTION('',(0.,-1.,2.22044604925E-16));
#4778 = ORIENTED_EDGE('',*,*,#4779,.F.);
#4779 = EDGE_CURVE('',#4780,#4772,#4782,.T.);
#4780 = VERTEX_POINT('',#4781);
#4781 = CARTESIAN_POINT('',(-8.1,-38.23316150746,115.10000000001));
#4782 = LINE('',#4783,#4784);
#4783 = CARTESIAN_POINT('',(-8.1,-39.72764868165,117.68852771698));
#4784 = VECTOR('',#4785,1.);
#4785 = DIRECTION('',(0.,0.499999999996,-0.866025403787));
#4786 = ORIENTED_EDGE('',*,*,#4787,.F.);
#4787 = EDGE_CURVE('',#4788,#4780,#4790,.T.);
#4788 = VERTEX_POINT('',#4789);
#4789 = CARTESIAN_POINT('',(-8.1,-36.61658075371,117.90000000001));
#4790 = LINE('',#4791,#4792);
#4791 = CARTESIAN_POINT('',(-8.1,-26.37209357947,135.6439722831));
#4792 = VECTOR('',#4793,1.);
#4793 = DIRECTION('',(0.,-0.500000000004,-0.866025403782));
#4794 = ORIENTED_EDGE('',*,*,#4795,.F.);
#4795 = EDGE_CURVE('',#4796,#4788,#4798,.T.);
#4796 = VERTEX_POINT('',#4797);
#4797 = CARTESIAN_POINT('',(-8.1,-33.38341924625,117.90000000001));
#4798 = LINE('',#4799,#4800);
#4799 = CARTESIAN_POINT('',(-8.1,-18.30829037685,117.90000000001));
#4800 = VECTOR('',#4801,1.);
#4801 = DIRECTION('',(0.,-1.,0.));
#4802 = ORIENTED_EDGE('',*,*,#4803,.F.);
#4803 = EDGE_CURVE('',#4804,#4796,#4806,.T.);
#4804 = VERTEX_POINT('',#4805);
#4805 = CARTESIAN_POINT('',(-8.1,-31.76683849253,115.09999999997));
#4806 = LINE('',#4807,#4808);
#4807 = CARTESIAN_POINT('',(-8.1,-35.68619679732,121.88852771709));
#4808 = VECTOR('',#4809,1.);
#4809 = DIRECTION('',(0.,-0.499999999992,0.866025403789));
#4810 = ORIENTED_EDGE('',*,*,#4811,.F.);
#4811 = EDGE_CURVE('',#4812,#4804,#4814,.T.);
#4812 = VERTEX_POINT('',#4813);
#4813 = CARTESIAN_POINT('',(-8.1,-33.33145772204,112.39));
#4814 = LINE('',#4815,#4816);
#4815 = CARTESIAN_POINT('',(-8.1,-20.71406094138,134.24397228306));
#4816 = VECTOR('',#4817,1.);
#4817 = DIRECTION('',(0.,0.500000000005,0.866025403781));
#4818 = ORIENTED_EDGE('',*,*,#4819,.F.);
#4819 = EDGE_CURVE('',#4820,#4812,#4822,.T.);
#4820 = VERTEX_POINT('',#4821);
#4821 = CARTESIAN_POINT('',(-8.1,-6.66854227796,112.39));
#4822 = LINE('',#4823,#4824);
#4823 = CARTESIAN_POINT('',(-8.1,2.495559314752E-14,112.39));
#4824 = VECTOR('',#4825,1.);
#4825 = DIRECTION('',(0.,-1.,2.22044604925E-16));
#4826 = ORIENTED_EDGE('',*,*,#4827,.F.);
#4827 = EDGE_CURVE('',#4828,#4820,#4830,.T.);
#4828 = VERTEX_POINT('',#4829);
#4829 = CARTESIAN_POINT('',(-8.1,-8.233161507462,115.1));
#4830 = LINE('',#4831,#4832);
#4831 = CARTESIAN_POINT('',(-8.1,-13.4776486816,124.18371824528));
#4832 = VECTOR('',#4833,1.);
#4833 = DIRECTION('',(0.,0.499999999999,-0.866025403785));
#4834 = ORIENTED_EDGE('',*,*,#4835,.F.);
#4835 = EDGE_CURVE('',#4836,#4828,#4838,.T.);
#4836 = VERTEX_POINT('',#4837);
#4837 = CARTESIAN_POINT('',(-8.1,-6.616580753727,117.9));
#4838 = LINE('',#4839,#4840);
#4839 = CARTESIAN_POINT('',(-8.1,-0.122093579571,129.14878175472));
#4840 = VECTOR('',#4841,1.);
#4841 = DIRECTION('',(0.,-0.500000000001,-0.866025403784));
#4842 = ORIENTED_EDGE('',*,*,#4843,.F.);
#4843 = EDGE_CURVE('',#4844,#4836,#4846,.T.);
#4844 = VERTEX_POINT('',#4845);
#4845 = CARTESIAN_POINT('',(-8.1,-3.383419246265,117.9));
#4846 = LINE('',#4847,#4848);
#4847 = CARTESIAN_POINT('',(-8.1,-3.308290376863,117.9));
#4848 = VECTOR('',#4849,1.);
#4849 = DIRECTION('',(0.,-1.,0.));
#4850 = ORIENTED_EDGE('',*,*,#4851,.F.);
#4851 = EDGE_CURVE('',#4852,#4844,#4854,.T.);
#4852 = VERTEX_POINT('',#4853);
#4853 = CARTESIAN_POINT('',(-8.1,-1.766838492537,115.09999999999));
#4854 = LINE('',#4855,#4856);
#4855 = CARTESIAN_POINT('',(-8.1,-9.436196797267,128.3837182453));
#4856 = VECTOR('',#4857,1.);
#4857 = DIRECTION('',(0.,-0.499999999998,0.866025403785));
#4858 = ORIENTED_EDGE('',*,*,#4859,.F.);
#4859 = EDGE_CURVE('',#4683,#4852,#4860,.T.);
#4860 = LINE('',#4861,#4862);
#4861 = CARTESIAN_POINT('',(-8.1,5.535939058487,127.74878175471));
#4862 = VECTOR('',#4863,1.);
#4863 = DIRECTION('',(0.,0.500000000001,0.866025403784));
#4864 = PLANE('',#4865);
#4865 = AXIS2_PLACEMENT_3D('',#4866,#4867,#4868);
#4866 = CARTESIAN_POINT('',(-8.1,3.282041305397E-14,147.81));
#4867 = DIRECTION('',(1.,0.,0.));
#4868 = DIRECTION('',(0.,-2.22044604925E-16,-1.));
#4869 = ADVANCED_FACE('',(#4870),#4881,.F.);
#4870 = FACE_BOUND('',#4871,.F.);
#4871 = EDGE_LOOP('',(#4872,#4878,#4879,#4880));
#4872 = ORIENTED_EDGE('',*,*,#4873,.F.);
#4873 = EDGE_CURVE('',#2020,#3381,#4874,.T.);
#4874 = LINE('',#4875,#4876);
#4875 = CARTESIAN_POINT('',(5.81,3.332889519925E-14,150.1));
#4876 = VECTOR('',#4877,1.);
#4877 = DIRECTION('',(0.,-1.,2.22044604925E-16));
#4878 = ORIENTED_EDGE('',*,*,#2019,.F.);
#4879 = ORIENTED_EDGE('',*,*,#4592,.T.);
#4880 = ORIENTED_EDGE('',*,*,#3380,.T.);
#4881 = PLANE('',#4882);
#4882 = AXIS2_PLACEMENT_3D('',#4883,#4884,#4885);
#4883 = CARTESIAN_POINT('',(-5.81,3.332889519925E-14,150.1));
#4884 = DIRECTION('',(0.,2.22044604925E-16,1.));
#4885 = DIRECTION('',(1.,0.,0.));
#4886 = ADVANCED_FACE('',(#4887),#4948,.F.);
#4887 = FACE_BOUND('',#4888,.F.);
#4888 = EDGE_LOOP('',(#4889,#4890,#4891,#4897,#4898,#4899,#4908,#4916,
    #4923,#4924,#4933,#4941));
#4889 = ORIENTED_EDGE('',*,*,#4682,.F.);
#4890 = ORIENTED_EDGE('',*,*,#2050,.F.);
#4891 = ORIENTED_EDGE('',*,*,#4892,.T.);
#4892 = EDGE_CURVE('',#2043,#3404,#4893,.T.);
#4893 = LINE('',#4894,#4895);
#4894 = CARTESIAN_POINT('',(-5.81,2.444711100225E-14,110.1));
#4895 = VECTOR('',#4896,1.);
#4896 = DIRECTION('',(0.,-1.,2.22044604925E-16));
#4897 = ORIENTED_EDGE('',*,*,#3411,.T.);
#4898 = ORIENTED_EDGE('',*,*,#4771,.F.);
#4899 = ORIENTED_EDGE('',*,*,#4900,.T.);
#4900 = EDGE_CURVE('',#4772,#4901,#4903,.T.);
#4901 = VERTEX_POINT('',#4902);
#4902 = CARTESIAN_POINT('',(-8.098230757595,-36.61658075374,112.3));
#4903 = ELLIPSE('',#4904,2.644264232882,2.29);
#4904 = AXIS2_PLACEMENT_3D('',#4905,#4906,#4907);
#4905 = CARTESIAN_POINT('',(-5.81,-36.66854227797,112.39));
#4906 = DIRECTION('',(0.,-0.866025403787,-0.499999999996));
#4907 = DIRECTION('',(0.,0.499999999996,-0.866025403787));
#4908 = ORIENTED_EDGE('',*,*,#4909,.T.);
#4909 = EDGE_CURVE('',#4901,#4910,#4912,.T.);
#4910 = VERTEX_POINT('',#4911);
#4911 = CARTESIAN_POINT('',(-8.098230757594,-33.38341924628,
    112.29999999998));
#4912 = LINE('',#4913,#4914);
#4913 = CARTESIAN_POINT('',(-8.098230757586,-4.853437631855E-13,
    112.29999999979));
#4914 = VECTOR('',#4915,1.);
#4915 = DIRECTION('',(0.,1.,-2.22044604925E-16));
#4916 = ORIENTED_EDGE('',*,*,#4917,.T.);
#4917 = EDGE_CURVE('',#4910,#4812,#4918,.T.);
#4918 = ELLIPSE('',#4919,2.644264232898,2.29);
#4919 = AXIS2_PLACEMENT_3D('',#4920,#4921,#4922);
#4920 = CARTESIAN_POINT('',(-5.81,-33.33145772204,112.39));
#4921 = DIRECTION('',(0.,0.866025403781,-0.500000000005));
#4922 = DIRECTION('',(0.,0.500000000005,0.866025403781));
#4923 = ORIENTED_EDGE('',*,*,#4819,.F.);
#4924 = ORIENTED_EDGE('',*,*,#4925,.T.);
#4925 = EDGE_CURVE('',#4820,#4926,#4928,.T.);
#4926 = VERTEX_POINT('',#4927);
#4927 = CARTESIAN_POINT('',(-8.098230757594,-6.616580753734,112.3));
#4928 = ELLIPSE('',#4929,2.644264232887,2.29);
#4929 = AXIS2_PLACEMENT_3D('',#4930,#4931,#4932);
#4930 = CARTESIAN_POINT('',(-5.81,-6.66854227796,112.39));
#4931 = DIRECTION('',(0.,-0.866025403785,-0.499999999999));
#4932 = DIRECTION('',(0.,0.499999999999,-0.866025403785));
#4933 = ORIENTED_EDGE('',*,*,#4934,.T.);
#4934 = EDGE_CURVE('',#4926,#4935,#4937,.T.);
#4935 = VERTEX_POINT('',#4936);
#4936 = CARTESIAN_POINT('',(-8.098230757594,-3.383419246272,
    112.29999999999));
#4937 = LINE('',#4938,#4939);
#4938 = CARTESIAN_POINT('',(-8.098230757594,-7.117056446155E-14,
    112.29999999999));
#4939 = VECTOR('',#4940,1.);
#4940 = DIRECTION('',(0.,1.,-2.22044604925E-16));
#4941 = ORIENTED_EDGE('',*,*,#4942,.T.);
#4942 = EDGE_CURVE('',#4935,#4683,#4943,.T.);
#4943 = ELLIPSE('',#4944,2.64426423289,2.29);
#4944 = AXIS2_PLACEMENT_3D('',#4945,#4946,#4947);
#4945 = CARTESIAN_POINT('',(-5.81,-3.331457722043,112.39));
#4946 = DIRECTION('',(0.,0.866025403784,-0.500000000001));
#4947 = DIRECTION('',(0.,0.500000000001,0.866025403784));
#4948 = CYLINDRICAL_SURFACE('',#4949,2.29);
#4949 = AXIS2_PLACEMENT_3D('',#4950,#4951,#4952);
#4950 = CARTESIAN_POINT('',(-5.81,2.495559314752E-14,112.39));
#4951 = DIRECTION('',(0.,1.,-2.22044604925E-16));
#4952 = DIRECTION('',(-1.,0.,0.));
#4953 = ADVANCED_FACE('',(#4954),#4965,.F.);
#4954 = FACE_BOUND('',#4955,.F.);
#4955 = EDGE_LOOP('',(#4956,#4962,#4963,#4964));
#4956 = ORIENTED_EDGE('',*,*,#4957,.F.);
#4957 = EDGE_CURVE('',#2069,#3430,#4958,.T.);
#4958 = LINE('',#4959,#4960);
#4959 = CARTESIAN_POINT('',(8.1,3.282041305397E-14,147.81));
#4960 = VECTOR('',#4961,1.);
#4961 = DIRECTION('',(0.,-1.,2.22044604925E-16));
#4962 = ORIENTED_EDGE('',*,*,#2068,.F.);
#4963 = ORIENTED_EDGE('',*,*,#4873,.T.);
#4964 = ORIENTED_EDGE('',*,*,#3429,.T.);
#4965 = CYLINDRICAL_SURFACE('',#4966,2.29);
#4966 = AXIS2_PLACEMENT_3D('',#4967,#4968,#4969);
#4967 = CARTESIAN_POINT('',(5.81,3.282041305397E-14,147.81));
#4968 = DIRECTION('',(0.,1.,-2.22044604925E-16));
#4969 = DIRECTION('',(-1.,0.,0.));
#4970 = ADVANCED_FACE('',(#4971),#4982,.T.);
#4971 = FACE_BOUND('',#4972,.T.);
#4972 = EDGE_LOOP('',(#4973,#4979,#4980,#4981));
#4973 = ORIENTED_EDGE('',*,*,#4974,.F.);
#4974 = EDGE_CURVE('',#2093,#3454,#4975,.T.);
#4975 = LINE('',#4976,#4977);
#4976 = CARTESIAN_POINT('',(5.81,2.444711100225E-14,110.1));
#4977 = VECTOR('',#4978,1.);
#4978 = DIRECTION('',(0.,-1.,2.22044604925E-16));
#4979 = ORIENTED_EDGE('',*,*,#2100,.T.);
#4980 = ORIENTED_EDGE('',*,*,#4892,.T.);
#4981 = ORIENTED_EDGE('',*,*,#3461,.F.);
#4982 = PLANE('',#4983);
#4983 = AXIS2_PLACEMENT_3D('',#4984,#4985,#4986);
#4984 = CARTESIAN_POINT('',(-5.81,2.444711100225E-14,110.1));
#4985 = DIRECTION('',(0.,2.22044604925E-16,1.));
#4986 = DIRECTION('',(1.,0.,0.));
#4987 = ADVANCED_FACE('',(#4988),#4999,.F.);
#4988 = FACE_BOUND('',#4989,.F.);
#4989 = EDGE_LOOP('',(#4990,#4996,#4997,#4998));
#4990 = ORIENTED_EDGE('',*,*,#4991,.F.);
#4991 = EDGE_CURVE('',#2118,#3479,#4992,.T.);
#4992 = LINE('',#4993,#4994);
#4993 = CARTESIAN_POINT('',(8.1,2.495559314752E-14,112.39));
#4994 = VECTOR('',#4995,1.);
#4995 = DIRECTION('',(0.,-1.,2.22044604925E-16));
#4996 = ORIENTED_EDGE('',*,*,#2117,.F.);
#4997 = ORIENTED_EDGE('',*,*,#4957,.T.);
#4998 = ORIENTED_EDGE('',*,*,#3478,.T.);
#4999 = PLANE('',#5000);
#5000 = AXIS2_PLACEMENT_3D('',#5001,#5002,#5003);
#5001 = CARTESIAN_POINT('',(8.1,3.282041305397E-14,147.81));
#5002 = DIRECTION('',(1.,0.,0.));
#5003 = DIRECTION('',(0.,-2.22044604925E-16,-1.));
#5004 = ADVANCED_FACE('',(#5005),#5011,.F.);
#5005 = FACE_BOUND('',#5006,.F.);
#5006 = EDGE_LOOP('',(#5007,#5008,#5009,#5010));
#5007 = ORIENTED_EDGE('',*,*,#4974,.F.);
#5008 = ORIENTED_EDGE('',*,*,#2141,.F.);
#5009 = ORIENTED_EDGE('',*,*,#4991,.T.);
#5010 = ORIENTED_EDGE('',*,*,#3502,.T.);
#5011 = CYLINDRICAL_SURFACE('',#5012,2.29);
#5012 = AXIS2_PLACEMENT_3D('',#5013,#5014,#5015);
#5013 = CARTESIAN_POINT('',(5.81,2.495559314752E-14,112.39));
#5014 = DIRECTION('',(0.,1.,-2.22044604925E-16));
#5015 = DIRECTION('',(-1.,0.,0.));
#5016 = ADVANCED_FACE('',(#5017),#5033,.F.);
#5017 = FACE_BOUND('',#5018,.F.);
#5018 = EDGE_LOOP('',(#5019,#5025,#5026,#5032));
#5019 = ORIENTED_EDGE('',*,*,#5020,.F.);
#5020 = EDGE_CURVE('',#2167,#3136,#5021,.T.);
#5021 = LINE('',#5022,#5023);
#5022 = CARTESIAN_POINT('',(5.810000000001,1.334488075599E-14,60.1));
#5023 = VECTOR('',#5024,1.);
#5024 = DIRECTION('',(0.,-1.,2.22044604925E-16));
#5025 = ORIENTED_EDGE('',*,*,#2166,.F.);
#5026 = ORIENTED_EDGE('',*,*,#5027,.T.);
#5027 = EDGE_CURVE('',#2159,#3128,#5028,.T.);
#5028 = LINE('',#5029,#5030);
#5029 = CARTESIAN_POINT('',(-5.81,1.334488075599E-14,60.1));
#5030 = VECTOR('',#5031,1.);
#5031 = DIRECTION('',(0.,-1.,2.22044604925E-16));
#5032 = ORIENTED_EDGE('',*,*,#3135,.T.);
#5033 = PLANE('',#5034);
#5034 = AXIS2_PLACEMENT_3D('',#5035,#5036,#5037);
#5035 = CARTESIAN_POINT('',(-5.81,1.334488075599E-14,60.1));
#5036 = DIRECTION('',(0.,2.22044604925E-16,1.));
#5037 = DIRECTION('',(1.,0.,0.));
#5038 = ADVANCED_FACE('',(#5039),#5118,.F.);
#5039 = FACE_BOUND('',#5040,.F.);
#5040 = EDGE_LOOP('',(#5041,#5042,#5043,#5051,#5060,#5068,#5077,#5085,
    #5094,#5102,#5111,#5117));
#5041 = ORIENTED_EDGE('',*,*,#5027,.F.);
#5042 = ORIENTED_EDGE('',*,*,#2197,.F.);
#5043 = ORIENTED_EDGE('',*,*,#5044,.T.);
#5044 = EDGE_CURVE('',#2190,#5045,#5047,.T.);
#5045 = VERTEX_POINT('',#5046);
#5046 = CARTESIAN_POINT('',(-8.1,-3.331457722044,57.810000000001));
#5047 = LINE('',#5048,#5049);
#5048 = CARTESIAN_POINT('',(-8.1,1.283639861072E-14,57.810000000001));
#5049 = VECTOR('',#5050,1.);
#5050 = DIRECTION('',(0.,-1.,2.22044604925E-16));
#5051 = ORIENTED_EDGE('',*,*,#5052,.F.);
#5052 = EDGE_CURVE('',#5053,#5045,#5055,.T.);
#5053 = VERTEX_POINT('',#5054);
#5054 = CARTESIAN_POINT('',(-8.098230757594,-3.383419246272,
    57.900000000002));
#5055 = ELLIPSE('',#5056,2.64426423289,2.29);
#5056 = AXIS2_PLACEMENT_3D('',#5057,#5058,#5059);
#5057 = CARTESIAN_POINT('',(-5.81,-3.331457722043,57.81));
#5058 = DIRECTION('',(0.,-0.866025403784,-0.500000000001));
#5059 = DIRECTION('',(0.,0.500000000001,-0.866025403784));
#5060 = ORIENTED_EDGE('',*,*,#5061,.F.);
#5061 = EDGE_CURVE('',#5062,#5053,#5064,.T.);
#5062 = VERTEX_POINT('',#5063);
#5063 = CARTESIAN_POINT('',(-8.098230757594,-6.616580753734,
    57.899999999999));
#5064 = LINE('',#5065,#5066);
#5065 = CARTESIAN_POINT('',(-8.098230757594,-8.328975899837E-14,
    57.900000000006));
#5066 = VECTOR('',#5067,1.);
#5067 = DIRECTION('',(0.,1.,-2.22044604925E-16));
#5068 = ORIENTED_EDGE('',*,*,#5069,.F.);
#5069 = EDGE_CURVE('',#5070,#5062,#5072,.T.);
#5070 = VERTEX_POINT('',#5071);
#5071 = CARTESIAN_POINT('',(-8.1,-6.66854227796,57.810000000001));
#5072 = ELLIPSE('',#5073,2.644264232887,2.29);
#5073 = AXIS2_PLACEMENT_3D('',#5074,#5075,#5076);
#5074 = CARTESIAN_POINT('',(-5.81,-6.66854227796,57.81));
#5075 = DIRECTION('',(0.,0.866025403785,-0.499999999999));
#5076 = DIRECTION('',(0.,0.499999999999,0.866025403785));
#5077 = ORIENTED_EDGE('',*,*,#5078,.T.);
#5078 = EDGE_CURVE('',#5070,#5079,#5081,.T.);
#5079 = VERTEX_POINT('',#5080);
#5080 = CARTESIAN_POINT('',(-8.1,-33.33145772204,57.810000000001));
#5081 = LINE('',#5082,#5083);
#5082 = CARTESIAN_POINT('',(-8.1,1.283639861072E-14,57.810000000001));
#5083 = VECTOR('',#5084,1.);
#5084 = DIRECTION('',(0.,-1.,2.22044604925E-16));
#5085 = ORIENTED_EDGE('',*,*,#5086,.F.);
#5086 = EDGE_CURVE('',#5087,#5079,#5089,.T.);
#5087 = VERTEX_POINT('',#5088);
#5088 = CARTESIAN_POINT('',(-8.098230757593,-33.38341924628,
    57.900000000015));
#5089 = ELLIPSE('',#5090,2.644264232898,2.29);
#5090 = AXIS2_PLACEMENT_3D('',#5091,#5092,#5093);
#5091 = CARTESIAN_POINT('',(-5.81,-33.33145772204,57.81));
#5092 = DIRECTION('',(0.,-0.866025403781,-0.500000000005));
#5093 = DIRECTION('',(0.,0.500000000005,-0.866025403781));
#5094 = ORIENTED_EDGE('',*,*,#5095,.F.);
#5095 = EDGE_CURVE('',#5096,#5087,#5098,.T.);
#5096 = VERTEX_POINT('',#5097);
#5097 = CARTESIAN_POINT('',(-8.098230757594,-36.61658075374,
    57.899999999997));
#5098 = LINE('',#5099,#5100);
#5099 = CARTESIAN_POINT('',(-8.098230757586,-4.974629577223E-13,
    57.900000000204));
#5100 = VECTOR('',#5101,1.);
#5101 = DIRECTION('',(0.,1.,-2.22044604925E-16));
#5102 = ORIENTED_EDGE('',*,*,#5103,.F.);
#5103 = EDGE_CURVE('',#5104,#5096,#5106,.T.);
#5104 = VERTEX_POINT('',#5105);
#5105 = CARTESIAN_POINT('',(-8.1,-36.66854227797,57.810000000001));
#5106 = ELLIPSE('',#5107,2.644264232882,2.29);
#5107 = AXIS2_PLACEMENT_3D('',#5108,#5109,#5110);
#5108 = CARTESIAN_POINT('',(-5.81,-36.66854227797,57.81));
#5109 = DIRECTION('',(0.,0.866025403787,-0.499999999996));
#5110 = DIRECTION('',(0.,0.499999999996,0.866025403787));
#5111 = ORIENTED_EDGE('',*,*,#5112,.T.);
#5112 = EDGE_CURVE('',#5104,#3159,#5113,.T.);
#5113 = LINE('',#5114,#5115);
#5114 = CARTESIAN_POINT('',(-8.1,1.283639861072E-14,57.810000000001));
#5115 = VECTOR('',#5116,1.);
#5116 = DIRECTION('',(0.,-1.,2.22044604925E-16));
#5117 = ORIENTED_EDGE('',*,*,#3166,.T.);
#5118 = CYLINDRICAL_SURFACE('',#5119,2.29);
#5119 = AXIS2_PLACEMENT_3D('',#5120,#5121,#5122);
#5120 = CARTESIAN_POINT('',(-5.81,1.283639861072E-14,57.81));
#5121 = DIRECTION('',(0.,1.,-2.22044604925E-16));
#5122 = DIRECTION('',(-1.,0.,0.));
#5123 = ADVANCED_FACE('',(#5124),#5135,.F.);
#5124 = FACE_BOUND('',#5125,.F.);
#5125 = EDGE_LOOP('',(#5126,#5132,#5133,#5134));
#5126 = ORIENTED_EDGE('',*,*,#5127,.F.);
#5127 = EDGE_CURVE('',#2216,#3185,#5128,.T.);
#5128 = LINE('',#5129,#5130);
#5129 = CARTESIAN_POINT('',(8.1,1.283639861072E-14,57.81));
#5130 = VECTOR('',#5131,1.);
#5131 = DIRECTION('',(0.,-1.,2.22044604925E-16));
#5132 = ORIENTED_EDGE('',*,*,#2215,.F.);
#5133 = ORIENTED_EDGE('',*,*,#5020,.T.);
#5134 = ORIENTED_EDGE('',*,*,#3184,.T.);
#5135 = CYLINDRICAL_SURFACE('',#5136,2.29);
#5136 = AXIS2_PLACEMENT_3D('',#5137,#5138,#5139);
#5137 = CARTESIAN_POINT('',(5.81,1.283639861072E-14,57.81));
#5138 = DIRECTION('',(0.,1.,-2.22044604925E-16));
#5139 = DIRECTION('',(-1.,0.,0.));
#5140 = ADVANCED_FACE('',(#5141),#5326,.F.);
#5141 = FACE_BOUND('',#5142,.F.);
#5142 = EDGE_LOOP('',(#5143,#5144,#5145,#5153,#5161,#5169,#5177,#5185,
    #5193,#5201,#5209,#5217,#5225,#5233,#5241,#5247,#5248,#5249,#5257,
    #5265,#5273,#5281,#5287,#5288,#5296,#5304,#5312,#5320));
#5143 = ORIENTED_EDGE('',*,*,#5044,.F.);
#5144 = ORIENTED_EDGE('',*,*,#2247,.F.);
#5145 = ORIENTED_EDGE('',*,*,#5146,.T.);
#5146 = EDGE_CURVE('',#2240,#5147,#5149,.T.);
#5147 = VERTEX_POINT('',#5148);
#5148 = CARTESIAN_POINT('',(-8.1,-3.331457722042,22.39));
#5149 = LINE('',#5150,#5151);
#5150 = CARTESIAN_POINT('',(-8.1,4.971578704271E-15,22.39));
#5151 = VECTOR('',#5152,1.);
#5152 = DIRECTION('',(0.,-1.,2.22044604925E-16));
#5153 = ORIENTED_EDGE('',*,*,#5154,.T.);
#5154 = EDGE_CURVE('',#5147,#5155,#5157,.T.);
#5155 = VERTEX_POINT('',#5156);
#5156 = CARTESIAN_POINT('',(-8.1,-1.766838492538,25.1));
#5157 = LINE('',#5158,#5159);
#5158 = CARTESIAN_POINT('',(-8.1,-2.9410062689,23.066281754731));
#5159 = VECTOR('',#5160,1.);
#5160 = DIRECTION('',(0.,0.5,0.866025403784));
#5161 = ORIENTED_EDGE('',*,*,#5162,.T.);
#5162 = EDGE_CURVE('',#5155,#5163,#5165,.T.);
#5163 = VERTEX_POINT('',#5164);
#5164 = CARTESIAN_POINT('',(-8.1,-3.383419246269,27.9));
#5165 = LINE('',#5166,#5167);
#5166 = CARTESIAN_POINT('',(-8.1,-0.959251469907,23.701218245269));
#5167 = VECTOR('',#5168,1.);
#5168 = DIRECTION('',(0.,-0.5,0.866025403784));
#5169 = ORIENTED_EDGE('',*,*,#5170,.T.);
#5170 = EDGE_CURVE('',#5163,#5171,#5173,.T.);
#5171 = VERTEX_POINT('',#5172);
#5172 = CARTESIAN_POINT('',(-8.1,-6.616580753731,27.9));
#5173 = LINE('',#5174,#5175);
#5174 = CARTESIAN_POINT('',(-8.1,-1.691709623135,27.9));
#5175 = VECTOR('',#5176,1.);
#5176 = DIRECTION('',(-0.,-1.,-0.));
#5177 = ORIENTED_EDGE('',*,*,#5178,.T.);
#5178 = EDGE_CURVE('',#5171,#5179,#5181,.T.);
#5179 = VERTEX_POINT('',#5180);
#5180 = CARTESIAN_POINT('',(-8.1,-8.233161507462,25.1));
#5181 = LINE('',#5182,#5183);
#5182 = CARTESIAN_POINT('',(-8.1,-6.982458153228,27.266281754731));
#5183 = VECTOR('',#5184,1.);
#5184 = DIRECTION('',(-0.,-0.5,-0.866025403784));
#5185 = ORIENTED_EDGE('',*,*,#5186,.T.);
#5186 = EDGE_CURVE('',#5179,#5187,#5189,.T.);
#5187 = VERTEX_POINT('',#5188);
#5188 = CARTESIAN_POINT('',(-8.1,-6.668542277958,22.39));
#5189 = LINE('',#5190,#5191);
#5190 = CARTESIAN_POINT('',(-8.1,-6.617284107965,22.301218245269));
#5191 = VECTOR('',#5192,1.);
#5192 = DIRECTION('',(0.,0.5,-0.866025403784));
#5193 = ORIENTED_EDGE('',*,*,#5194,.T.);
#5194 = EDGE_CURVE('',#5187,#5195,#5197,.T.);
#5195 = VERTEX_POINT('',#5196);
#5196 = CARTESIAN_POINT('',(-8.1,-33.33145772204,22.39));
#5197 = LINE('',#5198,#5199);
#5198 = CARTESIAN_POINT('',(-8.1,4.971578704271E-15,22.39));
#5199 = VECTOR('',#5200,1.);
#5200 = DIRECTION('',(0.,-1.,2.22044604925E-16));
#5201 = ORIENTED_EDGE('',*,*,#5202,.T.);
#5202 = EDGE_CURVE('',#5195,#5203,#5205,.T.);
#5203 = VERTEX_POINT('',#5204);
#5204 = CARTESIAN_POINT('',(-8.1,-31.76683849253,25.1));
#5205 = LINE('',#5206,#5207);
#5206 = CARTESIAN_POINT('',(-8.1,-29.1910062689,29.561472283114));
#5207 = VECTOR('',#5208,1.);
#5208 = DIRECTION('',(0.,0.5,0.866025403784));
#5209 = ORIENTED_EDGE('',*,*,#5210,.T.);
#5210 = EDGE_CURVE('',#5203,#5211,#5213,.T.);
#5211 = VERTEX_POINT('',#5212);
#5212 = CARTESIAN_POINT('',(-8.1,-33.38341924626,27.9));
#5213 = LINE('',#5214,#5215);
#5214 = CARTESIAN_POINT('',(-8.1,-27.2092514699,17.206027716886));
#5215 = VECTOR('',#5216,1.);
#5216 = DIRECTION('',(0.,-0.5,0.866025403784));
#5217 = ORIENTED_EDGE('',*,*,#5218,.T.);
#5218 = EDGE_CURVE('',#5211,#5219,#5221,.T.);
#5219 = VERTEX_POINT('',#5220);
#5220 = CARTESIAN_POINT('',(-8.1,-36.61658075373,27.9));
#5221 = LINE('',#5222,#5223);
#5222 = CARTESIAN_POINT('',(-8.1,-16.69170962313,27.9));
#5223 = VECTOR('',#5224,1.);
#5224 = DIRECTION('',(-0.,-1.,-0.));
#5225 = ORIENTED_EDGE('',*,*,#5226,.T.);
#5226 = EDGE_CURVE('',#5219,#5227,#5229,.T.);
#5227 = VERTEX_POINT('',#5228);
#5228 = CARTESIAN_POINT('',(-8.1,-38.23316150746,25.1));
#5229 = LINE('',#5230,#5231);
#5230 = CARTESIAN_POINT('',(-8.1,-33.23245815322,33.761472283114));
#5231 = VECTOR('',#5232,1.);
#5232 = DIRECTION('',(-0.,-0.5,-0.866025403784));
#5233 = ORIENTED_EDGE('',*,*,#5234,.T.);
#5234 = EDGE_CURVE('',#5227,#5235,#5237,.T.);
#5235 = VERTEX_POINT('',#5236);
#5236 = CARTESIAN_POINT('',(-8.1,-36.66854227795,22.39));
#5237 = LINE('',#5238,#5239);
#5238 = CARTESIAN_POINT('',(-8.1,-32.86728410796,15.806027716886));
#5239 = VECTOR('',#5240,1.);
#5240 = DIRECTION('',(0.,0.5,-0.866025403784));
#5241 = ORIENTED_EDGE('',*,*,#5242,.T.);
#5242 = EDGE_CURVE('',#5235,#3209,#5243,.T.);
#5243 = LINE('',#5244,#5245);
#5244 = CARTESIAN_POINT('',(-8.1,4.971578704271E-15,22.39));
#5245 = VECTOR('',#5246,1.);
#5246 = DIRECTION('',(0.,-1.,2.22044604925E-16));
#5247 = ORIENTED_EDGE('',*,*,#3216,.T.);
#5248 = ORIENTED_EDGE('',*,*,#5112,.F.);
#5249 = ORIENTED_EDGE('',*,*,#5250,.T.);
#5250 = EDGE_CURVE('',#5104,#5251,#5253,.T.);
#5251 = VERTEX_POINT('',#5252);
#5252 = CARTESIAN_POINT('',(-8.1,-38.23316150746,55.099999999989));
#5253 = LINE('',#5254,#5255);
#5254 = CARTESIAN_POINT('',(-8.1,-39.72764868165,52.511472283011));
#5255 = VECTOR('',#5256,1.);
#5256 = DIRECTION('',(-0.,-0.499999999996,-0.866025403787));
#5257 = ORIENTED_EDGE('',*,*,#5258,.T.);
#5258 = EDGE_CURVE('',#5251,#5259,#5261,.T.);
#5259 = VERTEX_POINT('',#5260);
#5260 = CARTESIAN_POINT('',(-8.1,-36.61658075371,52.299999999981));
#5261 = LINE('',#5262,#5263);
#5262 = CARTESIAN_POINT('',(-8.1,-26.37209357947,34.5560277169));
#5263 = VECTOR('',#5264,1.);
#5264 = DIRECTION('',(0.,0.500000000004,-0.866025403782));
#5265 = ORIENTED_EDGE('',*,*,#5266,.T.);
#5266 = EDGE_CURVE('',#5259,#5267,#5269,.T.);
#5267 = VERTEX_POINT('',#5268);
#5268 = CARTESIAN_POINT('',(-8.1,-33.38341924625,52.299999999981));
#5269 = LINE('',#5270,#5271);
#5270 = CARTESIAN_POINT('',(-8.1,-18.30829037685,52.299999999981));
#5271 = VECTOR('',#5272,1.);
#5272 = DIRECTION('',(0.,1.,0.));
#5273 = ORIENTED_EDGE('',*,*,#5274,.T.);
#5274 = EDGE_CURVE('',#5267,#5275,#5277,.T.);
#5275 = VERTEX_POINT('',#5276);
#5276 = CARTESIAN_POINT('',(-8.1,-31.76683849253,55.100000000021));
#5277 = LINE('',#5278,#5279);
#5278 = CARTESIAN_POINT('',(-8.1,-35.68619679732,48.311472282903));
#5279 = VECTOR('',#5280,1.);
#5280 = DIRECTION('',(0.,0.499999999992,0.866025403789));
#5281 = ORIENTED_EDGE('',*,*,#5282,.T.);
#5282 = EDGE_CURVE('',#5275,#5079,#5283,.T.);
#5283 = LINE('',#5284,#5285);
#5284 = CARTESIAN_POINT('',(-8.1,-20.71406094138,35.956027716938));
#5285 = VECTOR('',#5286,1.);
#5286 = DIRECTION('',(0.,-0.500000000005,0.866025403781));
#5287 = ORIENTED_EDGE('',*,*,#5078,.F.);
#5288 = ORIENTED_EDGE('',*,*,#5289,.T.);
#5289 = EDGE_CURVE('',#5070,#5290,#5292,.T.);
#5290 = VERTEX_POINT('',#5291);
#5291 = CARTESIAN_POINT('',(-8.1,-8.233161507462,55.099999999997));
#5292 = LINE('',#5293,#5294);
#5293 = CARTESIAN_POINT('',(-8.1,-13.4776486816,46.016281754714));
#5294 = VECTOR('',#5295,1.);
#5295 = DIRECTION('',(-0.,-0.499999999999,-0.866025403785));
#5296 = ORIENTED_EDGE('',*,*,#5297,.T.);
#5297 = EDGE_CURVE('',#5290,#5298,#5300,.T.);
#5298 = VERTEX_POINT('',#5299);
#5299 = CARTESIAN_POINT('',(-8.1,-6.616580753727,52.299999999996));
#5300 = LINE('',#5301,#5302);
#5301 = CARTESIAN_POINT('',(-8.1,-0.122093579571,41.05121824528));
#5302 = VECTOR('',#5303,1.);
#5303 = DIRECTION('',(0.,0.500000000001,-0.866025403784));
#5304 = ORIENTED_EDGE('',*,*,#5305,.T.);
#5305 = EDGE_CURVE('',#5298,#5306,#5308,.T.);
#5306 = VERTEX_POINT('',#5307);
#5307 = CARTESIAN_POINT('',(-8.1,-3.383419246265,52.299999999996));
#5308 = LINE('',#5309,#5310);
#5309 = CARTESIAN_POINT('',(-8.1,-3.308290376864,52.299999999996));
#5310 = VECTOR('',#5311,1.);
#5311 = DIRECTION('',(0.,1.,0.));
#5312 = ORIENTED_EDGE('',*,*,#5313,.T.);
#5313 = EDGE_CURVE('',#5306,#5314,#5316,.T.);
#5314 = VERTEX_POINT('',#5315);
#5315 = CARTESIAN_POINT('',(-8.1,-1.766838492537,55.100000000003));
#5316 = LINE('',#5317,#5318);
#5317 = CARTESIAN_POINT('',(-8.1,-9.436196797267,41.8162817547));
#5318 = VECTOR('',#5319,1.);
#5319 = DIRECTION('',(0.,0.499999999998,0.866025403785));
#5320 = ORIENTED_EDGE('',*,*,#5321,.T.);
#5321 = EDGE_CURVE('',#5314,#5045,#5322,.T.);
#5322 = LINE('',#5323,#5324);
#5323 = CARTESIAN_POINT('',(-8.1,5.535939058487,42.451218245285));
#5324 = VECTOR('',#5325,1.);
#5325 = DIRECTION('',(0.,-0.500000000001,0.866025403784));
#5326 = PLANE('',#5327);
#5327 = AXIS2_PLACEMENT_3D('',#5328,#5329,#5330);
#5328 = CARTESIAN_POINT('',(-8.1,4.971578704271E-15,22.39));
#5329 = DIRECTION('',(-1.,0.,0.));
#5330 = DIRECTION('',(0.,2.22044604925E-16,1.));
#5331 = ADVANCED_FACE('',(#5332),#5343,.T.);
#5332 = FACE_BOUND('',#5333,.T.);
#5333 = EDGE_LOOP('',(#5334,#5335,#5336,#5342));
#5334 = ORIENTED_EDGE('',*,*,#5127,.F.);
#5335 = ORIENTED_EDGE('',*,*,#2264,.T.);
#5336 = ORIENTED_EDGE('',*,*,#5337,.T.);
#5337 = EDGE_CURVE('',#2265,#3234,#5338,.T.);
#5338 = LINE('',#5339,#5340);
#5339 = CARTESIAN_POINT('',(8.1,4.971578704271E-15,22.389999999999));
#5340 = VECTOR('',#5341,1.);
#5341 = DIRECTION('',(0.,-1.,2.22044604925E-16));
#5342 = ORIENTED_EDGE('',*,*,#3233,.F.);
#5343 = PLANE('',#5344);
#5344 = AXIS2_PLACEMENT_3D('',#5345,#5346,#5347);
#5345 = CARTESIAN_POINT('',(8.1,4.971578704271E-15,22.39));
#5346 = DIRECTION('',(-1.,0.,0.));
#5347 = DIRECTION('',(0.,2.22044604925E-16,1.));
#5348 = ADVANCED_FACE('',(#5349),#5410,.F.);
#5349 = FACE_BOUND('',#5350,.F.);
#5350 = EDGE_LOOP('',(#5351,#5352,#5353,#5359,#5360,#5361,#5370,#5378,
    #5385,#5386,#5395,#5403));
#5351 = ORIENTED_EDGE('',*,*,#5146,.F.);
#5352 = ORIENTED_EDGE('',*,*,#2295,.F.);
#5353 = ORIENTED_EDGE('',*,*,#5354,.T.);
#5354 = EDGE_CURVE('',#2288,#3257,#5355,.T.);
#5355 = LINE('',#5356,#5357);
#5356 = CARTESIAN_POINT('',(-5.810000000001,4.463096558993E-15,20.1));
#5357 = VECTOR('',#5358,1.);
#5358 = DIRECTION('',(0.,-1.,2.22044604925E-16));
#5359 = ORIENTED_EDGE('',*,*,#3264,.T.);
#5360 = ORIENTED_EDGE('',*,*,#5242,.F.);
#5361 = ORIENTED_EDGE('',*,*,#5362,.F.);
#5362 = EDGE_CURVE('',#5363,#5235,#5365,.T.);
#5363 = VERTEX_POINT('',#5364);
#5364 = CARTESIAN_POINT('',(-8.098230757594,-36.61658075373,22.3));
#5365 = ELLIPSE('',#5366,2.644264232888,2.29);
#5366 = AXIS2_PLACEMENT_3D('',#5367,#5368,#5369);
#5367 = CARTESIAN_POINT('',(-5.81,-36.66854227795,22.39));
#5368 = DIRECTION('',(0.,0.866025403784,0.5));
#5369 = DIRECTION('',(0.,0.5,-0.866025403784));
#5370 = ORIENTED_EDGE('',*,*,#5371,.T.);
#5371 = EDGE_CURVE('',#5363,#5372,#5374,.T.);
#5372 = VERTEX_POINT('',#5373);
#5373 = CARTESIAN_POINT('',(-8.098230757594,-33.38341924626,22.3));
#5374 = LINE('',#5375,#5376);
#5375 = CARTESIAN_POINT('',(-8.098230757594,4.971578704271E-15,22.3));
#5376 = VECTOR('',#5377,1.);
#5377 = DIRECTION('',(0.,1.,-2.22044604925E-16));
#5378 = ORIENTED_EDGE('',*,*,#5379,.F.);
#5379 = EDGE_CURVE('',#5195,#5372,#5380,.T.);
#5380 = ELLIPSE('',#5381,2.644264232888,2.29);
#5381 = AXIS2_PLACEMENT_3D('',#5382,#5383,#5384);
#5382 = CARTESIAN_POINT('',(-5.81,-33.33145772204,22.39));
#5383 = DIRECTION('',(0.,-0.866025403784,0.5));
#5384 = DIRECTION('',(0.,0.5,0.866025403784));
#5385 = ORIENTED_EDGE('',*,*,#5194,.F.);
#5386 = ORIENTED_EDGE('',*,*,#5387,.F.);
#5387 = EDGE_CURVE('',#5388,#5187,#5390,.T.);
#5388 = VERTEX_POINT('',#5389);
#5389 = CARTESIAN_POINT('',(-8.098230757594,-6.616580753731,22.3));
#5390 = ELLIPSE('',#5391,2.644264232888,2.29);
#5391 = AXIS2_PLACEMENT_3D('',#5392,#5393,#5394);
#5392 = CARTESIAN_POINT('',(-5.81,-6.668542277958,22.39));
#5393 = DIRECTION('',(0.,0.866025403784,0.5));
#5394 = DIRECTION('',(0.,0.5,-0.866025403784));
#5395 = ORIENTED_EDGE('',*,*,#5396,.T.);
#5396 = EDGE_CURVE('',#5388,#5397,#5399,.T.);
#5397 = VERTEX_POINT('',#5398);
#5398 = CARTESIAN_POINT('',(-8.098230757594,-3.383419246269,22.3));
#5399 = LINE('',#5400,#5401);
#5400 = CARTESIAN_POINT('',(-8.098230757594,4.971578704271E-15,22.3));
#5401 = VECTOR('',#5402,1.);
#5402 = DIRECTION('',(0.,1.,-2.22044604925E-16));
#5403 = ORIENTED_EDGE('',*,*,#5404,.F.);
#5404 = EDGE_CURVE('',#5147,#5397,#5405,.T.);
#5405 = ELLIPSE('',#5406,2.644264232888,2.29);
#5406 = AXIS2_PLACEMENT_3D('',#5407,#5408,#5409);
#5407 = CARTESIAN_POINT('',(-5.81,-3.331457722042,22.39));
#5408 = DIRECTION('',(0.,-0.866025403784,0.5));
#5409 = DIRECTION('',(0.,0.5,0.866025403784));
#5410 = CYLINDRICAL_SURFACE('',#5411,2.29);
#5411 = AXIS2_PLACEMENT_3D('',#5412,#5413,#5414);
#5412 = CARTESIAN_POINT('',(-5.81,4.971578704271E-15,22.39));
#5413 = DIRECTION('',(0.,1.,-2.22044604925E-16));
#5414 = DIRECTION('',(-1.,0.,0.));
#5415 = ADVANCED_FACE('',(#5416),#5427,.F.);
#5416 = FACE_BOUND('',#5417,.F.);
#5417 = EDGE_LOOP('',(#5418,#5424,#5425,#5426));
#5418 = ORIENTED_EDGE('',*,*,#5419,.F.);
#5419 = EDGE_CURVE('',#2314,#3283,#5420,.T.);
#5420 = LINE('',#5421,#5422);
#5421 = CARTESIAN_POINT('',(5.81,4.463096558993E-15,20.1));
#5422 = VECTOR('',#5423,1.);
#5423 = DIRECTION('',(0.,-1.,2.22044604925E-16));
#5424 = ORIENTED_EDGE('',*,*,#2313,.F.);
#5425 = ORIENTED_EDGE('',*,*,#5337,.T.);
#5426 = ORIENTED_EDGE('',*,*,#3282,.T.);
#5427 = CYLINDRICAL_SURFACE('',#5428,2.29);
#5428 = AXIS2_PLACEMENT_3D('',#5429,#5430,#5431);
#5429 = CARTESIAN_POINT('',(5.81,4.971578704271E-15,22.39));
#5430 = DIRECTION('',(0.,1.,-2.22044604925E-16));
#5431 = DIRECTION('',(-1.,0.,0.));
#5432 = ADVANCED_FACE('',(#5433),#5439,.T.);
#5433 = FACE_BOUND('',#5434,.T.);
#5434 = EDGE_LOOP('',(#5435,#5436,#5437,#5438));
#5435 = ORIENTED_EDGE('',*,*,#5419,.F.);
#5436 = ORIENTED_EDGE('',*,*,#2338,.T.);
#5437 = ORIENTED_EDGE('',*,*,#5354,.T.);
#5438 = ORIENTED_EDGE('',*,*,#3307,.F.);
#5439 = PLANE('',#5440);
#5440 = AXIS2_PLACEMENT_3D('',#5441,#5442,#5443);
#5441 = CARTESIAN_POINT('',(-5.81,4.463096558993E-15,20.1));
#5442 = DIRECTION('',(0.,2.22044604925E-16,1.));
#5443 = DIRECTION('',(1.,0.,0.));
#5444 = ADVANCED_FACE('',(#5445),#5456,.F.);
#5445 = FACE_BOUND('',#5446,.F.);
#5446 = EDGE_LOOP('',(#5447,#5453,#5454,#5455));
#5447 = ORIENTED_EDGE('',*,*,#5448,.F.);
#5448 = EDGE_CURVE('',#2355,#3520,#5449,.T.);
#5449 = LINE('',#5450,#5451);
#5450 = CARTESIAN_POINT('',(-7.5,1.889599587912E-14,85.1));
#5451 = VECTOR('',#5452,1.);
#5452 = DIRECTION('',(0.,-1.,2.22044604925E-16));
#5453 = ORIENTED_EDGE('',*,*,#2364,.F.);
#5454 = ORIENTED_EDGE('',*,*,#5448,.T.);
#5455 = ORIENTED_EDGE('',*,*,#3527,.T.);
#5456 = CYLINDRICAL_SURFACE('',#5457,7.5);
#5457 = AXIS2_PLACEMENT_3D('',#5458,#5459,#5460);
#5458 = CARTESIAN_POINT('',(0.,1.889599587912E-14,85.1));
#5459 = DIRECTION('',(0.,1.,-2.22044604925E-16));
#5460 = DIRECTION('',(-1.,0.,0.));
#5461 = ADVANCED_FACE('',(#5462),#5480,.F.);
#5462 = FACE_BOUND('',#5463,.F.);
#5463 = EDGE_LOOP('',(#5464,#5472,#5473,#5474));
#5464 = ORIENTED_EDGE('',*,*,#5465,.T.);
#5465 = EDGE_CURVE('',#5466,#2557,#5468,.T.);
#5466 = VERTEX_POINT('',#5467);
#5467 = CARTESIAN_POINT('',(5.25,-34.,190.30520671964));
#5468 = LINE('',#5469,#5470);
#5469 = CARTESIAN_POINT('',(5.25,-34.,190.60520671964));
#5470 = VECTOR('',#5471,1.);
#5471 = DIRECTION('',(0.,-1.224646799147E-16,-1.));
#5472 = ORIENTED_EDGE('',*,*,#2556,.T.);
#5473 = ORIENTED_EDGE('',*,*,#2523,.F.);
#5474 = ORIENTED_EDGE('',*,*,#5475,.F.);
#5475 = EDGE_CURVE('',#5466,#2516,#5476,.T.);
#5476 = LINE('',#5477,#5478);
#5477 = CARTESIAN_POINT('',(5.25,-34.,190.30520671964));
#5478 = VECTOR('',#5479,1.);
#5479 = DIRECTION('',(0.707106781187,-0.707106781187,8.659560562355E-17)
  );
#5480 = PLANE('',#5481);
#5481 = AXIS2_PLACEMENT_3D('',#5482,#5483,#5484);
#5482 = CARTESIAN_POINT('',(5.25,-34.,190.60520671964));
#5483 = DIRECTION('',(-0.707106781187,-0.707106781187,8.659560562355E-17
    ));
#5484 = DIRECTION('',(0.707106781187,-0.707106781187,8.659560562355E-17)
  );
#5485 = ADVANCED_FACE('',(#5486),#5502,.T.);
#5486 = FACE_BOUND('',#5487,.F.);
#5487 = EDGE_LOOP('',(#5488,#5494,#5495,#5501));
#5488 = ORIENTED_EDGE('',*,*,#5489,.F.);
#5489 = EDGE_CURVE('',#3082,#2508,#5490,.T.);
#5490 = LINE('',#5491,#5492);
#5491 = CARTESIAN_POINT('',(7.025,-39.7,190.53020671964));
#5492 = VECTOR('',#5493,1.);
#5493 = DIRECTION('',(0.707106781187,1.297339616537E-13,-0.707106781187)
  );
#5494 = ORIENTED_EDGE('',*,*,#4503,.T.);
#5495 = ORIENTED_EDGE('',*,*,#5496,.T.);
#5496 = EDGE_CURVE('',#4496,#2516,#5497,.T.);
#5497 = LINE('',#5498,#5499);
#5498 = CARTESIAN_POINT('',(6.460612002983,-36.32697521433,
    191.09459471666));
#5499 = VECTOR('',#5500,1.);
#5500 = DIRECTION('',(0.678598344546,0.281084637715,-0.678598344546));
#5501 = ORIENTED_EDGE('',*,*,#2515,.F.);
#5502 = PLANE('',#5503);
#5503 = AXIS2_PLACEMENT_3D('',#5504,#5505,#5506);
#5504 = CARTESIAN_POINT('',(7.1,-40.,190.45520671964));
#5505 = DIRECTION('',(0.707106781187,1.020053594048E-18,0.707106781187)
  );
#5506 = DIRECTION('',(-1.715333556064E-16,-1.,1.729759292334E-16));
#5507 = ADVANCED_FACE('',(#5508,#5526),#5562,.F.);
#5508 = FACE_BOUND('',#5509,.F.);
#5509 = EDGE_LOOP('',(#5510,#5511,#5519,#5525));
#5510 = ORIENTED_EDGE('',*,*,#5465,.F.);
#5511 = ORIENTED_EDGE('',*,*,#5512,.T.);
#5512 = EDGE_CURVE('',#5466,#5513,#5515,.T.);
#5513 = VERTEX_POINT('',#5514);
#5514 = CARTESIAN_POINT('',(5.25,-26.,190.30520671964));
#5515 = LINE('',#5516,#5517);
#5516 = CARTESIAN_POINT('',(5.25,-34.,190.30520671964));
#5517 = VECTOR('',#5518,1.);
#5518 = DIRECTION('',(0.,1.,-1.224646799147E-16));
#5519 = ORIENTED_EDGE('',*,*,#5520,.T.);
#5520 = EDGE_CURVE('',#5513,#2565,#5521,.T.);
#5521 = LINE('',#5522,#5523);
#5522 = CARTESIAN_POINT('',(5.25,-26.,190.60520671964));
#5523 = VECTOR('',#5524,1.);
#5524 = DIRECTION('',(0.,-1.224646799147E-16,-1.));
#5525 = ORIENTED_EDGE('',*,*,#2564,.T.);
#5526 = FACE_BOUND('',#5527,.F.);
#5527 = EDGE_LOOP('',(#5528,#5538,#5547,#5555));
#5528 = ORIENTED_EDGE('',*,*,#5529,.T.);
#5529 = EDGE_CURVE('',#5530,#5532,#5534,.T.);
#5530 = VERTEX_POINT('',#5531);
#5531 = CARTESIAN_POINT('',(5.25,-28.4,184.60520671964));
#5532 = VERTEX_POINT('',#5533);
#5533 = CARTESIAN_POINT('',(5.25,-28.4,185.60520671964));
#5534 = LINE('',#5535,#5536);
#5535 = CARTESIAN_POINT('',(5.25,-28.4,184.60520671964));
#5536 = VECTOR('',#5537,1.);
#5537 = DIRECTION('',(0.,1.224646799147E-16,1.));
#5538 = ORIENTED_EDGE('',*,*,#5539,.T.);
#5539 = EDGE_CURVE('',#5532,#5540,#5542,.T.);
#5540 = VERTEX_POINT('',#5541);
#5541 = CARTESIAN_POINT('',(5.25,-31.6,185.60520671964));
#5542 = CIRCLE('',#5543,1.6);
#5543 = AXIS2_PLACEMENT_3D('',#5544,#5545,#5546);
#5544 = CARTESIAN_POINT('',(5.25,-30.,185.60520671964));
#5545 = DIRECTION('',(1.,0.,0.));
#5546 = DIRECTION('',(0.,-1.,1.224646799147E-16));
#5547 = ORIENTED_EDGE('',*,*,#5548,.F.);
#5548 = EDGE_CURVE('',#5549,#5540,#5551,.T.);
#5549 = VERTEX_POINT('',#5550);
#5550 = CARTESIAN_POINT('',(5.25,-31.6,184.60520671964));
#5551 = LINE('',#5552,#5553);
#5552 = CARTESIAN_POINT('',(5.25,-31.6,184.60520671964));
#5553 = VECTOR('',#5554,1.);
#5554 = DIRECTION('',(0.,8.538759297112E-14,1.));
#5555 = ORIENTED_EDGE('',*,*,#5556,.T.);
#5556 = EDGE_CURVE('',#5549,#5530,#5557,.T.);
#5557 = CIRCLE('',#5558,1.6);
#5558 = AXIS2_PLACEMENT_3D('',#5559,#5560,#5561);
#5559 = CARTESIAN_POINT('',(5.25,-30.,184.60520671964));
#5560 = DIRECTION('',(1.,0.,0.));
#5561 = DIRECTION('',(0.,-1.,1.224646799147E-16));
#5562 = PLANE('',#5563);
#5563 = AXIS2_PLACEMENT_3D('',#5564,#5565,#5566);
#5564 = CARTESIAN_POINT('',(5.25,-30.,184.60520671964));
#5565 = DIRECTION('',(-1.,0.,0.));
#5566 = DIRECTION('',(0.,1.224646799147E-16,1.));
#5567 = ADVANCED_FACE('',(#5568),#5579,.T.);
#5568 = FACE_BOUND('',#5569,.T.);
#5569 = EDGE_LOOP('',(#5570,#5571,#5572,#5573));
#5570 = ORIENTED_EDGE('',*,*,#5520,.T.);
#5571 = ORIENTED_EDGE('',*,*,#2572,.T.);
#5572 = ORIENTED_EDGE('',*,*,#2586,.F.);
#5573 = ORIENTED_EDGE('',*,*,#5574,.F.);
#5574 = EDGE_CURVE('',#5513,#2587,#5575,.T.);
#5575 = LINE('',#5576,#5577);
#5576 = CARTESIAN_POINT('',(5.25,-26.,190.30520671964));
#5577 = VECTOR('',#5578,1.);
#5578 = DIRECTION('',(0.707106781187,0.707106781187,-8.659560562355E-17)
  );
#5579 = PLANE('',#5580);
#5580 = AXIS2_PLACEMENT_3D('',#5581,#5582,#5583);
#5581 = CARTESIAN_POINT('',(5.25,-26.,190.60520671964));
#5582 = DIRECTION('',(0.707106781187,-0.707106781187,8.659560562355E-17)
  );
#5583 = DIRECTION('',(0.707106781187,0.707106781187,-8.659560562355E-17)
  );
#5584 = ADVANCED_FACE('',(#5585),#5601,.T.);
#5585 = FACE_BOUND('',#5586,.F.);
#5586 = EDGE_LOOP('',(#5587,#5593,#5594,#5600));
#5587 = ORIENTED_EDGE('',*,*,#5588,.F.);
#5588 = EDGE_CURVE('',#4472,#2587,#5589,.T.);
#5589 = LINE('',#5590,#5591);
#5590 = CARTESIAN_POINT('',(6.842099142644,-23.83104193278,190.713107577
    ));
#5591 = VECTOR('',#5592,1.);
#5592 = DIRECTION('',(0.678598344546,-0.281084637715,-0.678598344546));
#5593 = ORIENTED_EDGE('',*,*,#4471,.T.);
#5594 = ORIENTED_EDGE('',*,*,#5595,.T.);
#5595 = EDGE_CURVE('',#4464,#2595,#5596,.T.);
#5596 = LINE('',#5597,#5598);
#5597 = CARTESIAN_POINT('',(6.079124863322,-16.48499236145,
    191.47608185632));
#5598 = VECTOR('',#5599,1.);
#5599 = DIRECTION('',(0.678598344546,0.281084637715,-0.678598344546));
#5600 = ORIENTED_EDGE('',*,*,#2594,.F.);
#5601 = PLANE('',#5602);
#5602 = AXIS2_PLACEMENT_3D('',#5603,#5604,#5605);
#5603 = CARTESIAN_POINT('',(7.1,-24.,190.45520671964));
#5604 = DIRECTION('',(0.707106781187,1.020053594048E-18,0.707106781187)
  );
#5605 = DIRECTION('',(-1.715333556064E-16,-1.,1.729759292334E-16));
#5606 = ADVANCED_FACE('',(#5607),#5625,.F.);
#5607 = FACE_BOUND('',#5608,.F.);
#5608 = EDGE_LOOP('',(#5609,#5617,#5618,#5619));
#5609 = ORIENTED_EDGE('',*,*,#5610,.T.);
#5610 = EDGE_CURVE('',#5611,#2620,#5613,.T.);
#5611 = VERTEX_POINT('',#5612);
#5612 = CARTESIAN_POINT('',(5.25,-14.,190.30520671964));
#5613 = LINE('',#5614,#5615);
#5614 = CARTESIAN_POINT('',(5.25,-14.,190.60520671964));
#5615 = VECTOR('',#5616,1.);
#5616 = DIRECTION('',(0.,-1.224646799147E-16,-1.));
#5617 = ORIENTED_EDGE('',*,*,#2627,.T.);
#5618 = ORIENTED_EDGE('',*,*,#2602,.F.);
#5619 = ORIENTED_EDGE('',*,*,#5620,.F.);
#5620 = EDGE_CURVE('',#5611,#2595,#5621,.T.);
#5621 = LINE('',#5622,#5623);
#5622 = CARTESIAN_POINT('',(5.25,-14.,190.30520671964));
#5623 = VECTOR('',#5624,1.);
#5624 = DIRECTION('',(0.707106781187,-0.707106781187,8.659560562355E-17)
  );
#5625 = PLANE('',#5626);
#5626 = AXIS2_PLACEMENT_3D('',#5627,#5628,#5629);
#5627 = CARTESIAN_POINT('',(5.25,-14.,190.60520671964));
#5628 = DIRECTION('',(-0.707106781187,-0.707106781187,8.659560562355E-17
    ));
#5629 = DIRECTION('',(0.707106781187,-0.707106781187,8.659560562355E-17)
  );
#5630 = ADVANCED_FACE('',(#5631,#5649),#5685,.F.);
#5631 = FACE_BOUND('',#5632,.F.);
#5632 = EDGE_LOOP('',(#5633,#5634,#5642,#5648));
#5633 = ORIENTED_EDGE('',*,*,#5610,.F.);
#5634 = ORIENTED_EDGE('',*,*,#5635,.T.);
#5635 = EDGE_CURVE('',#5611,#5636,#5638,.T.);
#5636 = VERTEX_POINT('',#5637);
#5637 = CARTESIAN_POINT('',(5.25,-6.,190.30520671964));
#5638 = LINE('',#5639,#5640);
#5639 = CARTESIAN_POINT('',(5.25,-14.,190.30520671964));
#5640 = VECTOR('',#5641,1.);
#5641 = DIRECTION('',(0.,1.,-1.224646799147E-16));
#5642 = ORIENTED_EDGE('',*,*,#5643,.T.);
#5643 = EDGE_CURVE('',#5636,#2618,#5644,.T.);
#5644 = LINE('',#5645,#5646);
#5645 = CARTESIAN_POINT('',(5.25,-6.,190.60520671964));
#5646 = VECTOR('',#5647,1.);
#5647 = DIRECTION('',(0.,-1.224646799147E-16,-1.));
#5648 = ORIENTED_EDGE('',*,*,#2617,.T.);
#5649 = FACE_BOUND('',#5650,.F.);
#5650 = EDGE_LOOP('',(#5651,#5661,#5670,#5678));
#5651 = ORIENTED_EDGE('',*,*,#5652,.F.);
#5652 = EDGE_CURVE('',#5653,#5655,#5657,.T.);
#5653 = VERTEX_POINT('',#5654);
#5654 = CARTESIAN_POINT('',(5.25,-11.6,184.60520671964));
#5655 = VERTEX_POINT('',#5656);
#5656 = CARTESIAN_POINT('',(5.25,-11.6,185.60520671964));
#5657 = LINE('',#5658,#5659);
#5658 = CARTESIAN_POINT('',(5.25,-11.6,184.60520671964));
#5659 = VECTOR('',#5660,1.);
#5660 = DIRECTION('',(0.,1.224646799147E-16,1.));
#5661 = ORIENTED_EDGE('',*,*,#5662,.T.);
#5662 = EDGE_CURVE('',#5653,#5663,#5665,.T.);
#5663 = VERTEX_POINT('',#5664);
#5664 = CARTESIAN_POINT('',(5.25,-8.4,184.60520671964));
#5665 = CIRCLE('',#5666,1.6);
#5666 = AXIS2_PLACEMENT_3D('',#5667,#5668,#5669);
#5667 = CARTESIAN_POINT('',(5.25,-10.,184.60520671964));
#5668 = DIRECTION('',(1.,0.,0.));
#5669 = DIRECTION('',(0.,-1.,1.224646799147E-16));
#5670 = ORIENTED_EDGE('',*,*,#5671,.T.);
#5671 = EDGE_CURVE('',#5663,#5672,#5674,.T.);
#5672 = VERTEX_POINT('',#5673);
#5673 = CARTESIAN_POINT('',(5.25,-8.4,185.60520671964));
#5674 = LINE('',#5675,#5676);
#5675 = CARTESIAN_POINT('',(5.25,-8.4,184.60520671964));
#5676 = VECTOR('',#5677,1.);
#5677 = DIRECTION('',(0.,-8.514266361129E-14,1.));
#5678 = ORIENTED_EDGE('',*,*,#5679,.T.);
#5679 = EDGE_CURVE('',#5672,#5655,#5680,.T.);
#5680 = CIRCLE('',#5681,1.6);
#5681 = AXIS2_PLACEMENT_3D('',#5682,#5683,#5684);
#5682 = CARTESIAN_POINT('',(5.25,-10.,185.60520671964));
#5683 = DIRECTION('',(1.,0.,0.));
#5684 = DIRECTION('',(0.,-1.,1.224646799147E-16));
#5685 = PLANE('',#5686);
#5686 = AXIS2_PLACEMENT_3D('',#5687,#5688,#5689);
#5687 = CARTESIAN_POINT('',(5.25,-10.,184.60520671964));
#5688 = DIRECTION('',(-1.,0.,0.));
#5689 = DIRECTION('',(0.,1.224646799147E-16,1.));
#5690 = ADVANCED_FACE('',(#5691),#5702,.T.);
#5691 = FACE_BOUND('',#5692,.T.);
#5692 = EDGE_LOOP('',(#5693,#5694,#5695,#5696));
#5693 = ORIENTED_EDGE('',*,*,#5643,.T.);
#5694 = ORIENTED_EDGE('',*,*,#2634,.T.);
#5695 = ORIENTED_EDGE('',*,*,#2648,.F.);
#5696 = ORIENTED_EDGE('',*,*,#5697,.F.);
#5697 = EDGE_CURVE('',#5636,#2649,#5698,.T.);
#5698 = LINE('',#5699,#5700);
#5699 = CARTESIAN_POINT('',(5.25,-6.,190.30520671964));
#5700 = VECTOR('',#5701,1.);
#5701 = DIRECTION('',(0.707106781187,0.707106781187,-8.659560562355E-17)
  );
#5702 = PLANE('',#5703);
#5703 = AXIS2_PLACEMENT_3D('',#5704,#5705,#5706);
#5704 = CARTESIAN_POINT('',(5.25,-6.,190.60520671964));
#5705 = DIRECTION('',(0.707106781187,-0.707106781187,8.659560562355E-17)
  );
#5706 = DIRECTION('',(0.707106781187,0.707106781187,-8.659560562355E-17)
  );
#5707 = ADVANCED_FACE('',(#5708),#5719,.T.);
#5708 = FACE_BOUND('',#5709,.T.);
#5709 = EDGE_LOOP('',(#5710,#5716,#5717,#5718));
#5710 = ORIENTED_EDGE('',*,*,#5711,.T.);
#5711 = EDGE_CURVE('',#4440,#2649,#5712,.T.);
#5712 = LINE('',#5713,#5714);
#5713 = CARTESIAN_POINT('',(6.842099142644,-3.83104193278,190.713107577)
  );
#5714 = VECTOR('',#5715,1.);
#5715 = DIRECTION('',(0.678598344546,-0.281084637715,-0.678598344546));
#5716 = ORIENTED_EDGE('',*,*,#2656,.T.);
#5717 = ORIENTED_EDGE('',*,*,#4525,.T.);
#5718 = ORIENTED_EDGE('',*,*,#4439,.F.);
#5719 = PLANE('',#5720);
#5720 = AXIS2_PLACEMENT_3D('',#5721,#5722,#5723);
#5721 = CARTESIAN_POINT('',(7.1,-4.,190.45520671964));
#5722 = DIRECTION('',(0.707106781187,1.020053594048E-18,0.707106781187)
  );
#5723 = DIRECTION('',(1.715333556064E-16,1.,-1.729759292334E-16));
#5724 = ADVANCED_FACE('',(#5725),#5735,.F.);
#5725 = FACE_BOUND('',#5726,.F.);
#5726 = EDGE_LOOP('',(#5727,#5728,#5734));
#5727 = ORIENTED_EDGE('',*,*,#2786,.F.);
#5728 = ORIENTED_EDGE('',*,*,#5729,.T.);
#5729 = EDGE_CURVE('',#2787,#2740,#5730,.T.);
#5730 = LINE('',#5731,#5732);
#5731 = CARTESIAN_POINT('',(-7.025,-39.7,-20.33020671964));
#5732 = VECTOR('',#5733,1.);
#5733 = DIRECTION('',(-0.707106781187,2.061254707666E-15,0.707106781187)
  );
#5734 = ORIENTED_EDGE('',*,*,#2747,.F.);
#5735 = PLANE('',#5736);
#5736 = AXIS2_PLACEMENT_3D('',#5737,#5738,#5739);
#5737 = CARTESIAN_POINT('',(-6.95,-39.7,-20.40520671964));
#5738 = DIRECTION('',(0.57735026919,0.57735026919,0.57735026919));
#5739 = DIRECTION('',(-0.707106781187,0.707106781187,8.409744967528E-15)
  );
#5740 = ADVANCED_FACE('',(#5741),#5751,.F.);
#5741 = FACE_BOUND('',#5742,.F.);
#5742 = EDGE_LOOP('',(#5743,#5744,#5750));
#5743 = ORIENTED_EDGE('',*,*,#2860,.F.);
#5744 = ORIENTED_EDGE('',*,*,#5745,.T.);
#5745 = EDGE_CURVE('',#2853,#2795,#5746,.T.);
#5746 = LINE('',#5747,#5748);
#5747 = CARTESIAN_POINT('',(-1.325,-39.7,-20.18020671964));
#5748 = VECTOR('',#5749,1.);
#5749 = DIRECTION('',(-0.707106781187,-5.240562027109E-15,
    -0.707106781187));
#5750 = ORIENTED_EDGE('',*,*,#2802,.F.);
#5751 = PLANE('',#5752);
#5752 = AXIS2_PLACEMENT_3D('',#5753,#5754,#5755);
#5753 = CARTESIAN_POINT('',(-1.25,-39.7,-20.10520671964));
#5754 = DIRECTION('',(-0.57735026919,0.57735026919,0.57735026919));
#5755 = DIRECTION('',(-4.173451395847E-15,0.707106781187,-0.707106781187
    ));
#5756 = ADVANCED_FACE('',(#5757),#5767,.F.);
#5757 = FACE_BOUND('',#5758,.F.);
#5758 = EDGE_LOOP('',(#5759,#5760,#5766));
#5759 = ORIENTED_EDGE('',*,*,#2884,.F.);
#5760 = ORIENTED_EDGE('',*,*,#5761,.T.);
#5761 = EDGE_CURVE('',#2877,#2926,#5762,.T.);
#5762 = LINE('',#5763,#5764);
#5763 = CARTESIAN_POINT('',(-7.175,-39.7,190.38020671964));
#5764 = VECTOR('',#5765,1.);
#5765 = DIRECTION('',(0.707106781187,-1.047199215369E-13,0.707106781187)
  );
#5766 = ORIENTED_EDGE('',*,*,#2942,.F.);
#5767 = PLANE('',#5768);
#5768 = AXIS2_PLACEMENT_3D('',#5769,#5770,#5771);
#5769 = CARTESIAN_POINT('',(-7.25,-39.7,190.30520671964));
#5770 = DIRECTION('',(0.57735026919,0.57735026919,-0.57735026919));
#5771 = DIRECTION('',(-1.462314462674E-14,0.707106781187,0.707106781187)
  );
#5772 = ADVANCED_FACE('',(#5773),#5783,.F.);
#5773 = FACE_BOUND('',#5774,.F.);
#5774 = EDGE_LOOP('',(#5775,#5776,#5782));
#5775 = ORIENTED_EDGE('',*,*,#2935,.F.);
#5776 = ORIENTED_EDGE('',*,*,#5777,.T.);
#5777 = EDGE_CURVE('',#2928,#2990,#5778,.T.);
#5778 = LINE('',#5779,#5780);
#5779 = CARTESIAN_POINT('',(-1.475,-39.7,190.53020671964));
#5780 = VECTOR('',#5781,1.);
#5781 = DIRECTION('',(0.707106781187,1.488085961068E-13,-0.707106781187)
  );
#5782 = ORIENTED_EDGE('',*,*,#2997,.F.);
#5783 = PLANE('',#5784);
#5784 = AXIS2_PLACEMENT_3D('',#5785,#5786,#5787);
#5785 = CARTESIAN_POINT('',(-1.55,-39.7,190.60520671964));
#5786 = DIRECTION('',(-0.57735026919,0.57735026919,-0.57735026919));
#5787 = DIRECTION('',(0.707106781187,0.707106781187,-1.339822745555E-13)
  );
#5788 = ADVANCED_FACE('',(#5789),#5794,.F.);
#5789 = FACE_BOUND('',#5790,.F.);
#5790 = EDGE_LOOP('',(#5791,#5792,#5793));
#5791 = ORIENTED_EDGE('',*,*,#3012,.F.);
#5792 = ORIENTED_EDGE('',*,*,#3678,.T.);
#5793 = ORIENTED_EDGE('',*,*,#2965,.F.);
#5794 = PLANE('',#5795);
#5795 = AXIS2_PLACEMENT_3D('',#5796,#5797,#5798);
#5796 = CARTESIAN_POINT('',(1.55,-39.7,-20.40520671964));
#5797 = DIRECTION('',(0.57735026919,0.57735026919,0.57735026919));
#5798 = DIRECTION('',(-0.707106781187,0.707106781187,8.37552377971E-15)
  );
#5799 = ADVANCED_FACE('',(#5800),#5810,.F.);
#5800 = FACE_BOUND('',#5801,.F.);
#5801 = EDGE_LOOP('',(#5802,#5803,#5809));
#5802 = ORIENTED_EDGE('',*,*,#3064,.F.);
#5803 = ORIENTED_EDGE('',*,*,#5804,.T.);
#5804 = EDGE_CURVE('',#3057,#3080,#5805,.T.);
#5805 = LINE('',#5806,#5807);
#5806 = CARTESIAN_POINT('',(1.325,-39.7,190.38020671964));
#5807 = VECTOR('',#5808,1.);
#5808 = DIRECTION('',(0.707106781187,-1.493291626396E-13,0.707106781187)
  );
#5809 = ORIENTED_EDGE('',*,*,#3096,.F.);
#5810 = PLANE('',#5811);
#5811 = AXIS2_PLACEMENT_3D('',#5812,#5813,#5814);
#5812 = CARTESIAN_POINT('',(1.25,-39.7,190.30520671964));
#5813 = DIRECTION('',(0.57735026919,0.57735026919,-0.57735026919));
#5814 = DIRECTION('',(-1.932298688312E-14,0.707106781187,0.707106781187)
  );
#5815 = ADVANCED_FACE('',(#5816),#5821,.F.);
#5816 = FACE_BOUND('',#5817,.F.);
#5817 = EDGE_LOOP('',(#5818,#5819,#5820));
#5818 = ORIENTED_EDGE('',*,*,#3089,.F.);
#5819 = ORIENTED_EDGE('',*,*,#5489,.T.);
#5820 = ORIENTED_EDGE('',*,*,#3113,.F.);
#5821 = PLANE('',#5822);
#5822 = AXIS2_PLACEMENT_3D('',#5823,#5824,#5825);
#5823 = CARTESIAN_POINT('',(6.95,-39.7,190.60520671964));
#5824 = DIRECTION('',(-0.57735026919,0.57735026919,-0.57735026919));
#5825 = DIRECTION('',(0.707106781187,0.707106781187,-1.339175546703E-13)
  );
#5826 = ADVANCED_FACE('',(#5827),#5833,.T.);
#5827 = FACE_BOUND('',#5828,.F.);
#5828 = EDGE_LOOP('',(#5829,#5830,#5831,#5832));
#5829 = ORIENTED_EDGE('',*,*,#5761,.F.);
#5830 = ORIENTED_EDGE('',*,*,#3722,.T.);
#5831 = ORIENTED_EDGE('',*,*,#3838,.F.);
#5832 = ORIENTED_EDGE('',*,*,#4010,.F.);
#5833 = PLANE('',#5834);
#5834 = AXIS2_PLACEMENT_3D('',#5835,#5836,#5837);
#5835 = CARTESIAN_POINT('',(-7.1,-40.,190.45520671964));
#5836 = DIRECTION('',(-0.707106781187,-1.020053594048E-18,0.707106781187
    ));
#5837 = DIRECTION('',(1.729759292334E-16,-1.,1.715333556064E-16));
#5838 = ADVANCED_FACE('',(#5839),#5864,.F.);
#5839 = FACE_BOUND('',#5840,.F.);
#5840 = EDGE_LOOP('',(#5841,#5849,#5857,#5863));
#5841 = ORIENTED_EDGE('',*,*,#5842,.T.);
#5842 = EDGE_CURVE('',#3732,#5843,#5845,.T.);
#5843 = VERTEX_POINT('',#5844);
#5844 = CARTESIAN_POINT('',(-4.25,-8.383419246269,181.80520671964));
#5845 = LINE('',#5846,#5847);
#5846 = CARTESIAN_POINT('',(-7.25,-8.383419246269,181.80520671964));
#5847 = VECTOR('',#5848,1.);
#5848 = DIRECTION('',(1.,0.,0.));
#5849 = ORIENTED_EDGE('',*,*,#5850,.T.);
#5850 = EDGE_CURVE('',#5843,#5851,#5853,.T.);
#5851 = VERTEX_POINT('',#5852);
#5852 = CARTESIAN_POINT('',(-4.25,-11.61658075373,181.80520671964));
#5853 = LINE('',#5854,#5855);
#5854 = CARTESIAN_POINT('',(-4.25,-8.383419246269,181.80520671964));
#5855 = VECTOR('',#5856,1.);
#5856 = DIRECTION('',(0.,-1.,1.224646799147E-16));
#5857 = ORIENTED_EDGE('',*,*,#5858,.F.);
#5858 = EDGE_CURVE('',#3734,#5851,#5859,.T.);
#5859 = LINE('',#5860,#5861);
#5860 = CARTESIAN_POINT('',(-7.25,-11.61658075373,181.80520671964));
#5861 = VECTOR('',#5862,1.);
#5862 = DIRECTION('',(1.,0.,0.));
#5863 = ORIENTED_EDGE('',*,*,#3731,.F.);
#5864 = PLANE('',#5865);
#5865 = AXIS2_PLACEMENT_3D('',#5866,#5867,#5868);
#5866 = CARTESIAN_POINT('',(-7.25,-8.383419246269,181.80520671964));
#5867 = DIRECTION('',(0.,-1.224646799147E-16,-1.));
#5868 = DIRECTION('',(0.,-1.,1.224646799147E-16));
#5869 = ADVANCED_FACE('',(#5870),#5888,.F.);
#5870 = FACE_BOUND('',#5871,.F.);
#5871 = EDGE_LOOP('',(#5872,#5880,#5886,#5887));
#5872 = ORIENTED_EDGE('',*,*,#5873,.T.);
#5873 = EDGE_CURVE('',#3766,#5874,#5876,.T.);
#5874 = VERTEX_POINT('',#5875);
#5875 = CARTESIAN_POINT('',(-4.25,-6.766838492538,184.60520671964));
#5876 = LINE('',#5877,#5878);
#5877 = CARTESIAN_POINT('',(-7.25,-6.766838492538,184.60520671964));
#5878 = VECTOR('',#5879,1.);
#5879 = DIRECTION('',(1.,0.,0.));
#5880 = ORIENTED_EDGE('',*,*,#5881,.T.);
#5881 = EDGE_CURVE('',#5874,#5843,#5882,.T.);
#5882 = LINE('',#5883,#5884);
#5883 = CARTESIAN_POINT('',(-4.25,-6.766838492538,184.60520671964));
#5884 = VECTOR('',#5885,1.);
#5885 = DIRECTION('',(0.,-0.5,-0.866025403784));
#5886 = ORIENTED_EDGE('',*,*,#5842,.F.);
#5887 = ORIENTED_EDGE('',*,*,#3773,.F.);
#5888 = PLANE('',#5889);
#5889 = AXIS2_PLACEMENT_3D('',#5890,#5891,#5892);
#5890 = CARTESIAN_POINT('',(-7.25,-6.766838492538,184.60520671964));
#5891 = DIRECTION('',(0.,0.866025403784,-0.5));
#5892 = DIRECTION('',(0.,-0.5,-0.866025403784));
#5893 = ADVANCED_FACE('',(#5894),#5912,.F.);
#5894 = FACE_BOUND('',#5895,.F.);
#5895 = EDGE_LOOP('',(#5896,#5904,#5910,#5911));
#5896 = ORIENTED_EDGE('',*,*,#5897,.T.);
#5897 = EDGE_CURVE('',#3758,#5898,#5900,.T.);
#5898 = VERTEX_POINT('',#5899);
#5899 = CARTESIAN_POINT('',(-4.25,-8.383419246269,187.40520671964));
#5900 = LINE('',#5901,#5902);
#5901 = CARTESIAN_POINT('',(-7.25,-8.383419246269,187.40520671964));
#5902 = VECTOR('',#5903,1.);
#5903 = DIRECTION('',(1.,0.,0.));
#5904 = ORIENTED_EDGE('',*,*,#5905,.T.);
#5905 = EDGE_CURVE('',#5898,#5874,#5906,.T.);
#5906 = LINE('',#5907,#5908);
#5907 = CARTESIAN_POINT('',(-4.25,-8.383419246269,187.40520671964));
#5908 = VECTOR('',#5909,1.);
#5909 = DIRECTION('',(0.,0.5,-0.866025403784));
#5910 = ORIENTED_EDGE('',*,*,#5873,.F.);
#5911 = ORIENTED_EDGE('',*,*,#3765,.F.);
#5912 = PLANE('',#5913);
#5913 = AXIS2_PLACEMENT_3D('',#5914,#5915,#5916);
#5914 = CARTESIAN_POINT('',(-7.25,-8.383419246269,187.40520671964));
#5915 = DIRECTION('',(0.,0.866025403784,0.5));
#5916 = DIRECTION('',(0.,0.5,-0.866025403784));
#5917 = ADVANCED_FACE('',(#5918),#5936,.F.);
#5918 = FACE_BOUND('',#5919,.F.);
#5919 = EDGE_LOOP('',(#5920,#5928,#5934,#5935));
#5920 = ORIENTED_EDGE('',*,*,#5921,.T.);
#5921 = EDGE_CURVE('',#3750,#5922,#5924,.T.);
#5922 = VERTEX_POINT('',#5923);
#5923 = CARTESIAN_POINT('',(-4.25,-11.61658075373,187.40520671964));
#5924 = LINE('',#5925,#5926);
#5925 = CARTESIAN_POINT('',(-7.25,-11.61658075373,187.40520671964));
#5926 = VECTOR('',#5927,1.);
#5927 = DIRECTION('',(1.,0.,0.));
#5928 = ORIENTED_EDGE('',*,*,#5929,.T.);
#5929 = EDGE_CURVE('',#5922,#5898,#5930,.T.);
#5930 = LINE('',#5931,#5932);
#5931 = CARTESIAN_POINT('',(-4.25,-11.61658075373,187.40520671964));
#5932 = VECTOR('',#5933,1.);
#5933 = DIRECTION('',(0.,1.,-1.224646799147E-16));
#5934 = ORIENTED_EDGE('',*,*,#5897,.F.);
#5935 = ORIENTED_EDGE('',*,*,#3757,.F.);
#5936 = PLANE('',#5937);
#5937 = AXIS2_PLACEMENT_3D('',#5938,#5939,#5940);
#5938 = CARTESIAN_POINT('',(-7.25,-11.61658075373,187.40520671964));
#5939 = DIRECTION('',(0.,1.224646799147E-16,1.));
#5940 = DIRECTION('',(0.,1.,-1.224646799147E-16));
#5941 = ADVANCED_FACE('',(#5942),#5960,.F.);
#5942 = FACE_BOUND('',#5943,.F.);
#5943 = EDGE_LOOP('',(#5944,#5952,#5958,#5959));
#5944 = ORIENTED_EDGE('',*,*,#5945,.T.);
#5945 = EDGE_CURVE('',#3742,#5946,#5948,.T.);
#5946 = VERTEX_POINT('',#5947);
#5947 = CARTESIAN_POINT('',(-4.25,-13.23316150746,184.60520671964));
#5948 = LINE('',#5949,#5950);
#5949 = CARTESIAN_POINT('',(-7.25,-13.23316150746,184.60520671964));
#5950 = VECTOR('',#5951,1.);
#5951 = DIRECTION('',(1.,0.,0.));
#5952 = ORIENTED_EDGE('',*,*,#5953,.T.);
#5953 = EDGE_CURVE('',#5946,#5922,#5954,.T.);
#5954 = LINE('',#5955,#5956);
#5955 = CARTESIAN_POINT('',(-4.25,-13.23316150746,184.60520671964));
#5956 = VECTOR('',#5957,1.);
#5957 = DIRECTION('',(0.,0.5,0.866025403784));
#5958 = ORIENTED_EDGE('',*,*,#5921,.F.);
#5959 = ORIENTED_EDGE('',*,*,#3749,.F.);
#5960 = PLANE('',#5961);
#5961 = AXIS2_PLACEMENT_3D('',#5962,#5963,#5964);
#5962 = CARTESIAN_POINT('',(-7.25,-13.23316150746,184.60520671964));
#5963 = DIRECTION('',(0.,-0.866025403784,0.5));
#5964 = DIRECTION('',(0.,0.5,0.866025403784));
#5965 = ADVANCED_FACE('',(#5966),#5977,.F.);
#5966 = FACE_BOUND('',#5967,.F.);
#5967 = EDGE_LOOP('',(#5968,#5969,#5975,#5976));
#5968 = ORIENTED_EDGE('',*,*,#5858,.T.);
#5969 = ORIENTED_EDGE('',*,*,#5970,.T.);
#5970 = EDGE_CURVE('',#5851,#5946,#5971,.T.);
#5971 = LINE('',#5972,#5973);
#5972 = CARTESIAN_POINT('',(-4.25,-11.61658075373,181.80520671964));
#5973 = VECTOR('',#5974,1.);
#5974 = DIRECTION('',(-0.,-0.5,0.866025403784));
#5975 = ORIENTED_EDGE('',*,*,#5945,.F.);
#5976 = ORIENTED_EDGE('',*,*,#3741,.F.);
#5977 = PLANE('',#5978);
#5978 = AXIS2_PLACEMENT_3D('',#5979,#5980,#5981);
#5979 = CARTESIAN_POINT('',(-7.25,-11.61658075373,181.80520671964));
#5980 = DIRECTION('',(0.,-0.866025403784,-0.5));
#5981 = DIRECTION('',(0.,-0.5,0.866025403784));
#5982 = ADVANCED_FACE('',(#5983),#6008,.F.);
#5983 = FACE_BOUND('',#5984,.F.);
#5984 = EDGE_LOOP('',(#5985,#5993,#6001,#6007));
#5985 = ORIENTED_EDGE('',*,*,#5986,.T.);
#5986 = EDGE_CURVE('',#3782,#5987,#5989,.T.);
#5987 = VERTEX_POINT('',#5988);
#5988 = CARTESIAN_POINT('',(-4.25,-26.76683849253,184.60520671964));
#5989 = LINE('',#5990,#5991);
#5990 = CARTESIAN_POINT('',(-7.25,-26.76683849253,184.60520671964));
#5991 = VECTOR('',#5992,1.);
#5992 = DIRECTION('',(1.,0.,0.));
#5993 = ORIENTED_EDGE('',*,*,#5994,.T.);
#5994 = EDGE_CURVE('',#5987,#5995,#5997,.T.);
#5995 = VERTEX_POINT('',#5996);
#5996 = CARTESIAN_POINT('',(-4.25,-28.38341924626,181.80520671964));
#5997 = LINE('',#5998,#5999);
#5998 = CARTESIAN_POINT('',(-4.25,-26.76683849253,184.60520671964));
#5999 = VECTOR('',#6000,1.);
#6000 = DIRECTION('',(0.,-0.5,-0.866025403784));
#6001 = ORIENTED_EDGE('',*,*,#6002,.F.);
#6002 = EDGE_CURVE('',#3784,#5995,#6003,.T.);
#6003 = LINE('',#6004,#6005);
#6004 = CARTESIAN_POINT('',(-7.25,-28.38341924626,181.80520671964));
#6005 = VECTOR('',#6006,1.);
#6006 = DIRECTION('',(1.,0.,0.));
#6007 = ORIENTED_EDGE('',*,*,#3781,.F.);
#6008 = PLANE('',#6009);
#6009 = AXIS2_PLACEMENT_3D('',#6010,#6011,#6012);
#6010 = CARTESIAN_POINT('',(-7.25,-26.76683849253,184.60520671964));
#6011 = DIRECTION('',(0.,0.866025403784,-0.5));
#6012 = DIRECTION('',(0.,-0.5,-0.866025403784));
#6013 = ADVANCED_FACE('',(#6014),#6032,.F.);
#6014 = FACE_BOUND('',#6015,.F.);
#6015 = EDGE_LOOP('',(#6016,#6024,#6030,#6031));
#6016 = ORIENTED_EDGE('',*,*,#6017,.T.);
#6017 = EDGE_CURVE('',#3816,#6018,#6020,.T.);
#6018 = VERTEX_POINT('',#6019);
#6019 = CARTESIAN_POINT('',(-4.25,-28.38341924626,187.40520671964));
#6020 = LINE('',#6021,#6022);
#6021 = CARTESIAN_POINT('',(-7.25,-28.38341924626,187.40520671964));
#6022 = VECTOR('',#6023,1.);
#6023 = DIRECTION('',(1.,0.,0.));
#6024 = ORIENTED_EDGE('',*,*,#6025,.T.);
#6025 = EDGE_CURVE('',#6018,#5987,#6026,.T.);
#6026 = LINE('',#6027,#6028);
#6027 = CARTESIAN_POINT('',(-4.25,-28.38341924626,187.40520671964));
#6028 = VECTOR('',#6029,1.);
#6029 = DIRECTION('',(0.,0.5,-0.866025403784));
#6030 = ORIENTED_EDGE('',*,*,#5986,.F.);
#6031 = ORIENTED_EDGE('',*,*,#3823,.F.);
#6032 = PLANE('',#6033);
#6033 = AXIS2_PLACEMENT_3D('',#6034,#6035,#6036);
#6034 = CARTESIAN_POINT('',(-7.25,-28.38341924626,187.40520671964));
#6035 = DIRECTION('',(0.,0.866025403784,0.5));
#6036 = DIRECTION('',(0.,0.5,-0.866025403784));
#6037 = ADVANCED_FACE('',(#6038),#6056,.F.);
#6038 = FACE_BOUND('',#6039,.F.);
#6039 = EDGE_LOOP('',(#6040,#6048,#6054,#6055));
#6040 = ORIENTED_EDGE('',*,*,#6041,.T.);
#6041 = EDGE_CURVE('',#3808,#6042,#6044,.T.);
#6042 = VERTEX_POINT('',#6043);
#6043 = CARTESIAN_POINT('',(-4.25,-31.61658075373,187.40520671964));
#6044 = LINE('',#6045,#6046);
#6045 = CARTESIAN_POINT('',(-7.25,-31.61658075373,187.40520671964));
#6046 = VECTOR('',#6047,1.);
#6047 = DIRECTION('',(1.,0.,0.));
#6048 = ORIENTED_EDGE('',*,*,#6049,.T.);
#6049 = EDGE_CURVE('',#6042,#6018,#6050,.T.);
#6050 = LINE('',#6051,#6052);
#6051 = CARTESIAN_POINT('',(-4.25,-31.61658075373,187.40520671964));
#6052 = VECTOR('',#6053,1.);
#6053 = DIRECTION('',(0.,1.,-1.224646799147E-16));
#6054 = ORIENTED_EDGE('',*,*,#6017,.F.);
#6055 = ORIENTED_EDGE('',*,*,#3815,.F.);
#6056 = PLANE('',#6057);
#6057 = AXIS2_PLACEMENT_3D('',#6058,#6059,#6060);
#6058 = CARTESIAN_POINT('',(-7.25,-31.61658075373,187.40520671964));
#6059 = DIRECTION('',(0.,1.224646799147E-16,1.));
#6060 = DIRECTION('',(0.,1.,-1.224646799147E-16));
#6061 = ADVANCED_FACE('',(#6062),#6080,.F.);
#6062 = FACE_BOUND('',#6063,.F.);
#6063 = EDGE_LOOP('',(#6064,#6072,#6078,#6079));
#6064 = ORIENTED_EDGE('',*,*,#6065,.T.);
#6065 = EDGE_CURVE('',#3800,#6066,#6068,.T.);
#6066 = VERTEX_POINT('',#6067);
#6067 = CARTESIAN_POINT('',(-4.25,-33.23316150746,184.60520671964));
#6068 = LINE('',#6069,#6070);
#6069 = CARTESIAN_POINT('',(-7.25,-33.23316150746,184.60520671964));
#6070 = VECTOR('',#6071,1.);
#6071 = DIRECTION('',(1.,0.,0.));
#6072 = ORIENTED_EDGE('',*,*,#6073,.T.);
#6073 = EDGE_CURVE('',#6066,#6042,#6074,.T.);
#6074 = LINE('',#6075,#6076);
#6075 = CARTESIAN_POINT('',(-4.25,-33.23316150746,184.60520671964));
#6076 = VECTOR('',#6077,1.);
#6077 = DIRECTION('',(0.,0.5,0.866025403784));
#6078 = ORIENTED_EDGE('',*,*,#6041,.F.);
#6079 = ORIENTED_EDGE('',*,*,#3807,.F.);
#6080 = PLANE('',#6081);
#6081 = AXIS2_PLACEMENT_3D('',#6082,#6083,#6084);
#6082 = CARTESIAN_POINT('',(-7.25,-33.23316150746,184.60520671964));
#6083 = DIRECTION('',(0.,-0.866025403784,0.5));
#6084 = DIRECTION('',(0.,0.5,0.866025403784));
#6085 = ADVANCED_FACE('',(#6086),#6104,.F.);
#6086 = FACE_BOUND('',#6087,.F.);
#6087 = EDGE_LOOP('',(#6088,#6096,#6102,#6103));
#6088 = ORIENTED_EDGE('',*,*,#6089,.T.);
#6089 = EDGE_CURVE('',#3792,#6090,#6092,.T.);
#6090 = VERTEX_POINT('',#6091);
#6091 = CARTESIAN_POINT('',(-4.25,-31.61658075373,181.80520671964));
#6092 = LINE('',#6093,#6094);
#6093 = CARTESIAN_POINT('',(-7.25,-31.61658075373,181.80520671964));
#6094 = VECTOR('',#6095,1.);
#6095 = DIRECTION('',(1.,0.,0.));
#6096 = ORIENTED_EDGE('',*,*,#6097,.T.);
#6097 = EDGE_CURVE('',#6090,#6066,#6098,.T.);
#6098 = LINE('',#6099,#6100);
#6099 = CARTESIAN_POINT('',(-4.25,-31.61658075373,181.80520671964));
#6100 = VECTOR('',#6101,1.);
#6101 = DIRECTION('',(-0.,-0.5,0.866025403784));
#6102 = ORIENTED_EDGE('',*,*,#6065,.F.);
#6103 = ORIENTED_EDGE('',*,*,#3799,.F.);
#6104 = PLANE('',#6105);
#6105 = AXIS2_PLACEMENT_3D('',#6106,#6107,#6108);
#6106 = CARTESIAN_POINT('',(-7.25,-31.61658075373,181.80520671964));
#6107 = DIRECTION('',(0.,-0.866025403784,-0.5));
#6108 = DIRECTION('',(0.,-0.5,0.866025403784));
#6109 = ADVANCED_FACE('',(#6110),#6121,.F.);
#6110 = FACE_BOUND('',#6111,.F.);
#6111 = EDGE_LOOP('',(#6112,#6113,#6119,#6120));
#6112 = ORIENTED_EDGE('',*,*,#6002,.T.);
#6113 = ORIENTED_EDGE('',*,*,#6114,.T.);
#6114 = EDGE_CURVE('',#5995,#6090,#6115,.T.);
#6115 = LINE('',#6116,#6117);
#6116 = CARTESIAN_POINT('',(-4.25,-28.38341924626,181.80520671964));
#6117 = VECTOR('',#6118,1.);
#6118 = DIRECTION('',(0.,-1.,1.224646799147E-16));
#6119 = ORIENTED_EDGE('',*,*,#6089,.F.);
#6120 = ORIENTED_EDGE('',*,*,#3791,.F.);
#6121 = PLANE('',#6122);
#6122 = AXIS2_PLACEMENT_3D('',#6123,#6124,#6125);
#6123 = CARTESIAN_POINT('',(-7.25,-28.38341924626,181.80520671964));
#6124 = DIRECTION('',(0.,-1.224646799147E-16,-1.));
#6125 = DIRECTION('',(0.,-1.,1.224646799147E-16));
#6126 = ADVANCED_FACE('',(#6127),#6146,.F.);
#6127 = FACE_BOUND('',#6128,.F.);
#6128 = EDGE_LOOP('',(#6129,#6137,#6138,#6139));
#6129 = ORIENTED_EDGE('',*,*,#6130,.F.);
#6130 = EDGE_CURVE('',#3865,#6131,#6133,.T.);
#6131 = VERTEX_POINT('',#6132);
#6132 = CARTESIAN_POINT('',(-9.1,-6.75,145.1));
#6133 = LINE('',#6134,#6135);
#6134 = CARTESIAN_POINT('',(-11.1,-6.75,145.1));
#6135 = VECTOR('',#6136,1.);
#6136 = DIRECTION('',(1.,0.,0.));
#6137 = ORIENTED_EDGE('',*,*,#3864,.F.);
#6138 = ORIENTED_EDGE('',*,*,#6130,.T.);
#6139 = ORIENTED_EDGE('',*,*,#6140,.T.);
#6140 = EDGE_CURVE('',#6131,#6131,#6141,.T.);
#6141 = CIRCLE('',#6142,1.75);
#6142 = AXIS2_PLACEMENT_3D('',#6143,#6144,#6145);
#6143 = CARTESIAN_POINT('',(-9.1,-5.,145.1));
#6144 = DIRECTION('',(-1.,0.,0.));
#6145 = DIRECTION('',(0.,-1.,0.));
#6146 = CYLINDRICAL_SURFACE('',#6147,1.75);
#6147 = AXIS2_PLACEMENT_3D('',#6148,#6149,#6150);
#6148 = CARTESIAN_POINT('',(-11.1,-5.,145.1));
#6149 = DIRECTION('',(-1.,0.,0.));
#6150 = DIRECTION('',(0.,-1.,0.));
#6151 = ADVANCED_FACE('',(#6152),#6171,.F.);
#6152 = FACE_BOUND('',#6153,.F.);
#6153 = EDGE_LOOP('',(#6154,#6162,#6163,#6164));
#6154 = ORIENTED_EDGE('',*,*,#6155,.F.);
#6155 = EDGE_CURVE('',#3876,#6156,#6158,.T.);
#6156 = VERTEX_POINT('',#6157);
#6157 = CARTESIAN_POINT('',(-9.1,-6.75,115.1));
#6158 = LINE('',#6159,#6160);
#6159 = CARTESIAN_POINT('',(-11.1,-6.75,115.1));
#6160 = VECTOR('',#6161,1.);
#6161 = DIRECTION('',(1.,0.,0.));
#6162 = ORIENTED_EDGE('',*,*,#3875,.F.);
#6163 = ORIENTED_EDGE('',*,*,#6155,.T.);
#6164 = ORIENTED_EDGE('',*,*,#6165,.T.);
#6165 = EDGE_CURVE('',#6156,#6156,#6166,.T.);
#6166 = CIRCLE('',#6167,1.75);
#6167 = AXIS2_PLACEMENT_3D('',#6168,#6169,#6170);
#6168 = CARTESIAN_POINT('',(-9.1,-5.,115.1));
#6169 = DIRECTION('',(-1.,0.,0.));
#6170 = DIRECTION('',(0.,-1.,0.));
#6171 = CYLINDRICAL_SURFACE('',#6172,1.75);
#6172 = AXIS2_PLACEMENT_3D('',#6173,#6174,#6175);
#6173 = CARTESIAN_POINT('',(-11.1,-5.,115.1));
#6174 = DIRECTION('',(-1.,0.,0.));
#6175 = DIRECTION('',(0.,-1.,0.));
#6176 = ADVANCED_FACE('',(#6177),#6196,.F.);
#6177 = FACE_BOUND('',#6178,.F.);
#6178 = EDGE_LOOP('',(#6179,#6187,#6188,#6189));
#6179 = ORIENTED_EDGE('',*,*,#6180,.F.);
#6180 = EDGE_CURVE('',#3887,#6181,#6183,.T.);
#6181 = VERTEX_POINT('',#6182);
#6182 = CARTESIAN_POINT('',(-9.1,-36.75,145.1));
#6183 = LINE('',#6184,#6185);
#6184 = CARTESIAN_POINT('',(-11.1,-36.75,145.1));
#6185 = VECTOR('',#6186,1.);
#6186 = DIRECTION('',(1.,0.,0.));
#6187 = ORIENTED_EDGE('',*,*,#3886,.F.);
#6188 = ORIENTED_EDGE('',*,*,#6180,.T.);
#6189 = ORIENTED_EDGE('',*,*,#6190,.T.);
#6190 = EDGE_CURVE('',#6181,#6181,#6191,.T.);
#6191 = CIRCLE('',#6192,1.75);
#6192 = AXIS2_PLACEMENT_3D('',#6193,#6194,#6195);
#6193 = CARTESIAN_POINT('',(-9.1,-35.,145.1));
#6194 = DIRECTION('',(-1.,0.,0.));
#6195 = DIRECTION('',(0.,-1.,0.));
#6196 = CYLINDRICAL_SURFACE('',#6197,1.75);
#6197 = AXIS2_PLACEMENT_3D('',#6198,#6199,#6200);
#6198 = CARTESIAN_POINT('',(-11.1,-35.,145.1));
#6199 = DIRECTION('',(-1.,0.,0.));
#6200 = DIRECTION('',(0.,-1.,0.));
#6201 = ADVANCED_FACE('',(#6202),#6221,.F.);
#6202 = FACE_BOUND('',#6203,.F.);
#6203 = EDGE_LOOP('',(#6204,#6212,#6213,#6214));
#6204 = ORIENTED_EDGE('',*,*,#6205,.F.);
#6205 = EDGE_CURVE('',#3898,#6206,#6208,.T.);
#6206 = VERTEX_POINT('',#6207);
#6207 = CARTESIAN_POINT('',(-9.1,-36.75,115.1));
#6208 = LINE('',#6209,#6210);
#6209 = CARTESIAN_POINT('',(-11.1,-36.75,115.1));
#6210 = VECTOR('',#6211,1.);
#6211 = DIRECTION('',(1.,0.,0.));
#6212 = ORIENTED_EDGE('',*,*,#3897,.F.);
#6213 = ORIENTED_EDGE('',*,*,#6205,.T.);
#6214 = ORIENTED_EDGE('',*,*,#6215,.T.);
#6215 = EDGE_CURVE('',#6206,#6206,#6216,.T.);
#6216 = CIRCLE('',#6217,1.75);
#6217 = AXIS2_PLACEMENT_3D('',#6218,#6219,#6220);
#6218 = CARTESIAN_POINT('',(-9.1,-35.,115.1));
#6219 = DIRECTION('',(-1.,0.,0.));
#6220 = DIRECTION('',(0.,-1.,0.));
#6221 = CYLINDRICAL_SURFACE('',#6222,1.75);
#6222 = AXIS2_PLACEMENT_3D('',#6223,#6224,#6225);
#6223 = CARTESIAN_POINT('',(-11.1,-35.,115.1));
#6224 = DIRECTION('',(-1.,0.,0.));
#6225 = DIRECTION('',(0.,-1.,0.));
#6226 = ADVANCED_FACE('',(#6227),#6246,.F.);
#6227 = FACE_BOUND('',#6228,.F.);
#6228 = EDGE_LOOP('',(#6229,#6237,#6238,#6239));
#6229 = ORIENTED_EDGE('',*,*,#6230,.F.);
#6230 = EDGE_CURVE('',#3909,#6231,#6233,.T.);
#6231 = VERTEX_POINT('',#6232);
#6232 = CARTESIAN_POINT('',(-9.1,-6.75,55.1));
#6233 = LINE('',#6234,#6235);
#6234 = CARTESIAN_POINT('',(-11.1,-6.75,55.1));
#6235 = VECTOR('',#6236,1.);
#6236 = DIRECTION('',(1.,0.,0.));
#6237 = ORIENTED_EDGE('',*,*,#3908,.F.);
#6238 = ORIENTED_EDGE('',*,*,#6230,.T.);
#6239 = ORIENTED_EDGE('',*,*,#6240,.T.);
#6240 = EDGE_CURVE('',#6231,#6231,#6241,.T.);
#6241 = CIRCLE('',#6242,1.75);
#6242 = AXIS2_PLACEMENT_3D('',#6243,#6244,#6245);
#6243 = CARTESIAN_POINT('',(-9.1,-5.,55.1));
#6244 = DIRECTION('',(-1.,0.,0.));
#6245 = DIRECTION('',(0.,-1.,0.));
#6246 = CYLINDRICAL_SURFACE('',#6247,1.75);
#6247 = AXIS2_PLACEMENT_3D('',#6248,#6249,#6250);
#6248 = CARTESIAN_POINT('',(-11.1,-5.,55.1));
#6249 = DIRECTION('',(-1.,0.,0.));
#6250 = DIRECTION('',(0.,-1.,0.));
#6251 = ADVANCED_FACE('',(#6252),#6271,.F.);
#6252 = FACE_BOUND('',#6253,.F.);
#6253 = EDGE_LOOP('',(#6254,#6262,#6263,#6264));
#6254 = ORIENTED_EDGE('',*,*,#6255,.F.);
#6255 = EDGE_CURVE('',#3920,#6256,#6258,.T.);
#6256 = VERTEX_POINT('',#6257);
#6257 = CARTESIAN_POINT('',(-9.1,-6.75,25.1));
#6258 = LINE('',#6259,#6260);
#6259 = CARTESIAN_POINT('',(-11.1,-6.75,25.1));
#6260 = VECTOR('',#6261,1.);
#6261 = DIRECTION('',(1.,0.,0.));
#6262 = ORIENTED_EDGE('',*,*,#3919,.F.);
#6263 = ORIENTED_EDGE('',*,*,#6255,.T.);
#6264 = ORIENTED_EDGE('',*,*,#6265,.T.);
#6265 = EDGE_CURVE('',#6256,#6256,#6266,.T.);
#6266 = CIRCLE('',#6267,1.75);
#6267 = AXIS2_PLACEMENT_3D('',#6268,#6269,#6270);
#6268 = CARTESIAN_POINT('',(-9.1,-5.,25.1));
#6269 = DIRECTION('',(-1.,0.,0.));
#6270 = DIRECTION('',(0.,-1.,0.));
#6271 = CYLINDRICAL_SURFACE('',#6272,1.75);
#6272 = AXIS2_PLACEMENT_3D('',#6273,#6274,#6275);
#6273 = CARTESIAN_POINT('',(-11.1,-5.,25.1));
#6274 = DIRECTION('',(-1.,0.,0.));
#6275 = DIRECTION('',(0.,-1.,0.));
#6276 = ADVANCED_FACE('',(#6277),#6296,.F.);
#6277 = FACE_BOUND('',#6278,.F.);
#6278 = EDGE_LOOP('',(#6279,#6287,#6288,#6289));
#6279 = ORIENTED_EDGE('',*,*,#6280,.F.);
#6280 = EDGE_CURVE('',#3931,#6281,#6283,.T.);
#6281 = VERTEX_POINT('',#6282);
#6282 = CARTESIAN_POINT('',(-9.1,-36.75,55.1));
#6283 = LINE('',#6284,#6285);
#6284 = CARTESIAN_POINT('',(-11.1,-36.75,55.1));
#6285 = VECTOR('',#6286,1.);
#6286 = DIRECTION('',(1.,0.,0.));
#6287 = ORIENTED_EDGE('',*,*,#3930,.F.);
#6288 = ORIENTED_EDGE('',*,*,#6280,.T.);
#6289 = ORIENTED_EDGE('',*,*,#6290,.T.);
#6290 = EDGE_CURVE('',#6281,#6281,#6291,.T.);
#6291 = CIRCLE('',#6292,1.75);
#6292 = AXIS2_PLACEMENT_3D('',#6293,#6294,#6295);
#6293 = CARTESIAN_POINT('',(-9.1,-35.,55.1));
#6294 = DIRECTION('',(-1.,0.,0.));
#6295 = DIRECTION('',(0.,-1.,0.));
#6296 = CYLINDRICAL_SURFACE('',#6297,1.75);
#6297 = AXIS2_PLACEMENT_3D('',#6298,#6299,#6300);
#6298 = CARTESIAN_POINT('',(-11.1,-35.,55.1));
#6299 = DIRECTION('',(-1.,0.,0.));
#6300 = DIRECTION('',(0.,-1.,0.));
#6301 = ADVANCED_FACE('',(#6302),#6321,.F.);
#6302 = FACE_BOUND('',#6303,.F.);
#6303 = EDGE_LOOP('',(#6304,#6312,#6313,#6314));
#6304 = ORIENTED_EDGE('',*,*,#6305,.F.);
#6305 = EDGE_CURVE('',#3942,#6306,#6308,.T.);
#6306 = VERTEX_POINT('',#6307);
#6307 = CARTESIAN_POINT('',(-9.1,-36.75,25.1));
#6308 = LINE('',#6309,#6310);
#6309 = CARTESIAN_POINT('',(-11.1,-36.75,25.1));
#6310 = VECTOR('',#6311,1.);
#6311 = DIRECTION('',(1.,0.,0.));
#6312 = ORIENTED_EDGE('',*,*,#3941,.F.);
#6313 = ORIENTED_EDGE('',*,*,#6305,.T.);
#6314 = ORIENTED_EDGE('',*,*,#6315,.T.);
#6315 = EDGE_CURVE('',#6306,#6306,#6316,.T.);
#6316 = CIRCLE('',#6317,1.75);
#6317 = AXIS2_PLACEMENT_3D('',#6318,#6319,#6320);
#6318 = CARTESIAN_POINT('',(-9.1,-35.,25.1));
#6319 = DIRECTION('',(-1.,0.,0.));
#6320 = DIRECTION('',(0.,-1.,0.));
#6321 = CYLINDRICAL_SURFACE('',#6322,1.75);
#6322 = AXIS2_PLACEMENT_3D('',#6323,#6324,#6325);
#6323 = CARTESIAN_POINT('',(-11.1,-35.,25.1));
#6324 = DIRECTION('',(-1.,0.,0.));
#6325 = DIRECTION('',(0.,-1.,0.));
#6326 = ADVANCED_FACE('',(#6327),#6346,.F.);
#6327 = FACE_BOUND('',#6328,.F.);
#6328 = EDGE_LOOP('',(#6329,#6337,#6344,#6345));
#6329 = ORIENTED_EDGE('',*,*,#6330,.T.);
#6330 = EDGE_CURVE('',#3953,#6331,#6333,.T.);
#6331 = VERTEX_POINT('',#6332);
#6332 = CARTESIAN_POINT('',(-4.1,-6.25,100.1));
#6333 = LINE('',#6334,#6335);
#6334 = CARTESIAN_POINT('',(-11.1,-6.25,100.1));
#6335 = VECTOR('',#6336,1.);
#6336 = DIRECTION('',(1.,0.,0.));
#6337 = ORIENTED_EDGE('',*,*,#6338,.T.);
#6338 = EDGE_CURVE('',#6331,#6331,#6339,.T.);
#6339 = CIRCLE('',#6340,1.25);
#6340 = AXIS2_PLACEMENT_3D('',#6341,#6342,#6343);
#6341 = CARTESIAN_POINT('',(-4.1,-5.,100.1));
#6342 = DIRECTION('',(-1.,0.,0.));
#6343 = DIRECTION('',(0.,-1.,0.));
#6344 = ORIENTED_EDGE('',*,*,#6330,.F.);
#6345 = ORIENTED_EDGE('',*,*,#3952,.F.);
#6346 = CYLINDRICAL_SURFACE('',#6347,1.25);
#6347 = AXIS2_PLACEMENT_3D('',#6348,#6349,#6350);
#6348 = CARTESIAN_POINT('',(-11.1,-5.,100.1));
#6349 = DIRECTION('',(-1.,0.,0.));
#6350 = DIRECTION('',(0.,-1.,0.));
#6351 = ADVANCED_FACE('',(#6352),#6371,.F.);
#6352 = FACE_BOUND('',#6353,.F.);
#6353 = EDGE_LOOP('',(#6354,#6362,#6369,#6370));
#6354 = ORIENTED_EDGE('',*,*,#6355,.T.);
#6355 = EDGE_CURVE('',#3964,#6356,#6358,.T.);
#6356 = VERTEX_POINT('',#6357);
#6357 = CARTESIAN_POINT('',(-4.1,-36.25,100.1));
#6358 = LINE('',#6359,#6360);
#6359 = CARTESIAN_POINT('',(-11.1,-36.25,100.1));
#6360 = VECTOR('',#6361,1.);
#6361 = DIRECTION('',(1.,0.,0.));
#6362 = ORIENTED_EDGE('',*,*,#6363,.T.);
#6363 = EDGE_CURVE('',#6356,#6356,#6364,.T.);
#6364 = CIRCLE('',#6365,1.25);
#6365 = AXIS2_PLACEMENT_3D('',#6366,#6367,#6368);
#6366 = CARTESIAN_POINT('',(-4.1,-35.,100.1));
#6367 = DIRECTION('',(-1.,0.,0.));
#6368 = DIRECTION('',(0.,-1.,0.));
#6369 = ORIENTED_EDGE('',*,*,#6355,.F.);
#6370 = ORIENTED_EDGE('',*,*,#3963,.F.);
#6371 = CYLINDRICAL_SURFACE('',#6372,1.25);
#6372 = AXIS2_PLACEMENT_3D('',#6373,#6374,#6375);
#6373 = CARTESIAN_POINT('',(-11.1,-35.,100.1));
#6374 = DIRECTION('',(-1.,0.,0.));
#6375 = DIRECTION('',(0.,-1.,0.));
#6376 = ADVANCED_FACE('',(#6377),#6396,.F.);
#6377 = FACE_BOUND('',#6378,.F.);
#6378 = EDGE_LOOP('',(#6379,#6387,#6394,#6395));
#6379 = ORIENTED_EDGE('',*,*,#6380,.T.);
#6380 = EDGE_CURVE('',#3975,#6381,#6383,.T.);
#6381 = VERTEX_POINT('',#6382);
#6382 = CARTESIAN_POINT('',(-4.1,-6.25,70.1));
#6383 = LINE('',#6384,#6385);
#6384 = CARTESIAN_POINT('',(-11.1,-6.25,70.1));
#6385 = VECTOR('',#6386,1.);
#6386 = DIRECTION('',(1.,0.,0.));
#6387 = ORIENTED_EDGE('',*,*,#6388,.T.);
#6388 = EDGE_CURVE('',#6381,#6381,#6389,.T.);
#6389 = CIRCLE('',#6390,1.25);
#6390 = AXIS2_PLACEMENT_3D('',#6391,#6392,#6393);
#6391 = CARTESIAN_POINT('',(-4.1,-5.,70.1));
#6392 = DIRECTION('',(-1.,0.,0.));
#6393 = DIRECTION('',(0.,-1.,0.));
#6394 = ORIENTED_EDGE('',*,*,#6380,.F.);
#6395 = ORIENTED_EDGE('',*,*,#3974,.F.);
#6396 = CYLINDRICAL_SURFACE('',#6397,1.25);
#6397 = AXIS2_PLACEMENT_3D('',#6398,#6399,#6400);
#6398 = CARTESIAN_POINT('',(-11.1,-5.,70.1));
#6399 = DIRECTION('',(-1.,0.,0.));
#6400 = DIRECTION('',(0.,-1.,0.));
#6401 = ADVANCED_FACE('',(#6402),#6421,.F.);
#6402 = FACE_BOUND('',#6403,.F.);
#6403 = EDGE_LOOP('',(#6404,#6412,#6419,#6420));
#6404 = ORIENTED_EDGE('',*,*,#6405,.T.);
#6405 = EDGE_CURVE('',#3986,#6406,#6408,.T.);
#6406 = VERTEX_POINT('',#6407);
#6407 = CARTESIAN_POINT('',(-4.1,-36.25,70.1));
#6408 = LINE('',#6409,#6410);
#6409 = CARTESIAN_POINT('',(-11.1,-36.25,70.1));
#6410 = VECTOR('',#6411,1.);
#6411 = DIRECTION('',(1.,0.,0.));
#6412 = ORIENTED_EDGE('',*,*,#6413,.T.);
#6413 = EDGE_CURVE('',#6406,#6406,#6414,.T.);
#6414 = CIRCLE('',#6415,1.25);
#6415 = AXIS2_PLACEMENT_3D('',#6416,#6417,#6418);
#6416 = CARTESIAN_POINT('',(-4.1,-35.,70.1));
#6417 = DIRECTION('',(-1.,0.,0.));
#6418 = DIRECTION('',(0.,-1.,0.));
#6419 = ORIENTED_EDGE('',*,*,#6405,.F.);
#6420 = ORIENTED_EDGE('',*,*,#3985,.F.);
#6421 = CYLINDRICAL_SURFACE('',#6422,1.25);
#6422 = AXIS2_PLACEMENT_3D('',#6423,#6424,#6425);
#6423 = CARTESIAN_POINT('',(-11.1,-35.,70.1));
#6424 = DIRECTION('',(-1.,0.,0.));
#6425 = DIRECTION('',(0.,-1.,0.));
#6426 = ADVANCED_FACE('',(#6427),#6433,.F.);
#6427 = FACE_BOUND('',#6428,.T.);
#6428 = EDGE_LOOP('',(#6429,#6430,#6431,#6432));
#6429 = ORIENTED_EDGE('',*,*,#5777,.T.);
#6430 = ORIENTED_EDGE('',*,*,#4064,.T.);
#6431 = ORIENTED_EDGE('',*,*,#4025,.T.);
#6432 = ORIENTED_EDGE('',*,*,#4003,.F.);
#6433 = PLANE('',#6434);
#6434 = AXIS2_PLACEMENT_3D('',#6435,#6436,#6437);
#6435 = CARTESIAN_POINT('',(-1.4,-40.,190.45520671964));
#6436 = DIRECTION('',(-0.707106781187,9.10760977114E-19,-0.707106781187)
  );
#6437 = DIRECTION('',(-1.728986476828E-16,-1.,1.716106371569E-16));
#6438 = ADVANCED_FACE('',(#6439),#6458,.F.);
#6439 = FACE_BOUND('',#6440,.F.);
#6440 = EDGE_LOOP('',(#6441,#6450,#6456,#6457));
#6441 = ORIENTED_EDGE('',*,*,#6442,.F.);
#6442 = EDGE_CURVE('',#6443,#6443,#6445,.T.);
#6443 = VERTEX_POINT('',#6444);
#6444 = CARTESIAN_POINT('',(-4.25,-8.4,184.60520671964));
#6445 = CIRCLE('',#6446,1.6);
#6446 = AXIS2_PLACEMENT_3D('',#6447,#6448,#6449);
#6447 = CARTESIAN_POINT('',(-4.25,-10.,184.60520671964));
#6448 = DIRECTION('',(-1.,0.,-0.));
#6449 = DIRECTION('',(0.,1.,-1.224646799147E-16));
#6450 = ORIENTED_EDGE('',*,*,#6451,.T.);
#6451 = EDGE_CURVE('',#6443,#4074,#6452,.T.);
#6452 = LINE('',#6453,#6454);
#6453 = CARTESIAN_POINT('',(-7.25,-8.4,184.60520671964));
#6454 = VECTOR('',#6455,1.);
#6455 = DIRECTION('',(1.,0.,0.));
#6456 = ORIENTED_EDGE('',*,*,#4073,.T.);
#6457 = ORIENTED_EDGE('',*,*,#6451,.F.);
#6458 = CYLINDRICAL_SURFACE('',#6459,1.6);
#6459 = AXIS2_PLACEMENT_3D('',#6460,#6461,#6462);
#6460 = CARTESIAN_POINT('',(-7.25,-10.,184.60520671964));
#6461 = DIRECTION('',(-1.,-0.,0.));
#6462 = DIRECTION('',(0.,1.,-1.224646799147E-16));
#6463 = ADVANCED_FACE('',(#6464),#6483,.F.);
#6464 = FACE_BOUND('',#6465,.F.);
#6465 = EDGE_LOOP('',(#6466,#6475,#6481,#6482));
#6466 = ORIENTED_EDGE('',*,*,#6467,.F.);
#6467 = EDGE_CURVE('',#6468,#6468,#6470,.T.);
#6468 = VERTEX_POINT('',#6469);
#6469 = CARTESIAN_POINT('',(-4.25,-28.4,184.60520671964));
#6470 = CIRCLE('',#6471,1.6);
#6471 = AXIS2_PLACEMENT_3D('',#6472,#6473,#6474);
#6472 = CARTESIAN_POINT('',(-4.25,-30.,184.60520671964));
#6473 = DIRECTION('',(-1.,0.,-0.));
#6474 = DIRECTION('',(0.,1.,-1.224646799147E-16));
#6475 = ORIENTED_EDGE('',*,*,#6476,.T.);
#6476 = EDGE_CURVE('',#6468,#4085,#6477,.T.);
#6477 = LINE('',#6478,#6479);
#6478 = CARTESIAN_POINT('',(-7.25,-28.4,184.60520671964));
#6479 = VECTOR('',#6480,1.);
#6480 = DIRECTION('',(1.,0.,0.));
#6481 = ORIENTED_EDGE('',*,*,#4084,.T.);
#6482 = ORIENTED_EDGE('',*,*,#6476,.F.);
#6483 = CYLINDRICAL_SURFACE('',#6484,1.6);
#6484 = AXIS2_PLACEMENT_3D('',#6485,#6486,#6487);
#6485 = CARTESIAN_POINT('',(-7.25,-30.,184.60520671964));
#6486 = DIRECTION('',(-1.,-0.,0.));
#6487 = DIRECTION('',(0.,1.,-1.224646799147E-16));
#6488 = ADVANCED_FACE('',(#6489),#6495,.T.);
#6489 = FACE_BOUND('',#6490,.F.);
#6490 = EDGE_LOOP('',(#6491,#6492,#6493,#6494));
#6491 = ORIENTED_EDGE('',*,*,#4219,.F.);
#6492 = ORIENTED_EDGE('',*,*,#4103,.T.);
#6493 = ORIENTED_EDGE('',*,*,#5729,.F.);
#6494 = ORIENTED_EDGE('',*,*,#4252,.F.);
#6495 = PLANE('',#6496);
#6496 = AXIS2_PLACEMENT_3D('',#6497,#6498,#6499);
#6497 = CARTESIAN_POINT('',(-7.1,-4.497559373739E-15,-20.25520671964));
#6498 = DIRECTION('',(-0.707106781187,-2.511491581709E-16,
    -0.707106781187));
#6499 = DIRECTION('',(-6.656697036944E-17,1.,-2.886115752945E-16));
#6500 = ADVANCED_FACE('',(#6501),#6526,.F.);
#6501 = FACE_BOUND('',#6502,.F.);
#6502 = EDGE_LOOP('',(#6503,#6511,#6519,#6525));
#6503 = ORIENTED_EDGE('',*,*,#6504,.T.);
#6504 = EDGE_CURVE('',#4113,#6505,#6507,.T.);
#6505 = VERTEX_POINT('',#6506);
#6506 = CARTESIAN_POINT('',(-4.25,-31.61658075373,-11.60520671964));
#6507 = LINE('',#6508,#6509);
#6508 = CARTESIAN_POINT('',(-7.25,-31.61658075373,-11.60520671964));
#6509 = VECTOR('',#6510,1.);
#6510 = DIRECTION('',(1.,0.,0.));
#6511 = ORIENTED_EDGE('',*,*,#6512,.T.);
#6512 = EDGE_CURVE('',#6505,#6513,#6515,.T.);
#6513 = VERTEX_POINT('',#6514);
#6514 = CARTESIAN_POINT('',(-4.25,-28.38341924626,-11.60520671964));
#6515 = LINE('',#6516,#6517);
#6516 = CARTESIAN_POINT('',(-4.25,-31.61658075373,-11.60520671964));
#6517 = VECTOR('',#6518,1.);
#6518 = DIRECTION('',(0.,1.,0.));
#6519 = ORIENTED_EDGE('',*,*,#6520,.F.);
#6520 = EDGE_CURVE('',#4115,#6513,#6521,.T.);
#6521 = LINE('',#6522,#6523);
#6522 = CARTESIAN_POINT('',(-7.25,-28.38341924626,-11.60520671964));
#6523 = VECTOR('',#6524,1.);
#6524 = DIRECTION('',(1.,0.,0.));
#6525 = ORIENTED_EDGE('',*,*,#4112,.F.);
#6526 = PLANE('',#6527);
#6527 = AXIS2_PLACEMENT_3D('',#6528,#6529,#6530);
#6528 = CARTESIAN_POINT('',(-7.25,-31.61658075373,-11.60520671964));
#6529 = DIRECTION('',(0.,0.,1.));
#6530 = DIRECTION('',(0.,1.,0.));
#6531 = ADVANCED_FACE('',(#6532),#6550,.F.);
#6532 = FACE_BOUND('',#6533,.F.);
#6533 = EDGE_LOOP('',(#6534,#6542,#6548,#6549));
#6534 = ORIENTED_EDGE('',*,*,#6535,.T.);
#6535 = EDGE_CURVE('',#4147,#6536,#6538,.T.);
#6536 = VERTEX_POINT('',#6537);
#6537 = CARTESIAN_POINT('',(-4.25,-33.23316150746,-14.40520671964));
#6538 = LINE('',#6539,#6540);
#6539 = CARTESIAN_POINT('',(-7.25,-33.23316150746,-14.40520671964));
#6540 = VECTOR('',#6541,1.);
#6541 = DIRECTION('',(1.,0.,0.));
#6542 = ORIENTED_EDGE('',*,*,#6543,.T.);
#6543 = EDGE_CURVE('',#6536,#6505,#6544,.T.);
#6544 = LINE('',#6545,#6546);
#6545 = CARTESIAN_POINT('',(-4.25,-33.23316150746,-14.40520671964));
#6546 = VECTOR('',#6547,1.);
#6547 = DIRECTION('',(0.,0.5,0.866025403784));
#6548 = ORIENTED_EDGE('',*,*,#6504,.F.);
#6549 = ORIENTED_EDGE('',*,*,#4154,.F.);
#6550 = PLANE('',#6551);
#6551 = AXIS2_PLACEMENT_3D('',#6552,#6553,#6554);
#6552 = CARTESIAN_POINT('',(-7.25,-33.23316150746,-14.40520671964));
#6553 = DIRECTION('',(0.,-0.866025403784,0.5));
#6554 = DIRECTION('',(0.,0.5,0.866025403784));
#6555 = ADVANCED_FACE('',(#6556),#6574,.F.);
#6556 = FACE_BOUND('',#6557,.F.);
#6557 = EDGE_LOOP('',(#6558,#6566,#6572,#6573));
#6558 = ORIENTED_EDGE('',*,*,#6559,.T.);
#6559 = EDGE_CURVE('',#4139,#6560,#6562,.T.);
#6560 = VERTEX_POINT('',#6561);
#6561 = CARTESIAN_POINT('',(-4.25,-31.61658075373,-17.20520671964));
#6562 = LINE('',#6563,#6564);
#6563 = CARTESIAN_POINT('',(-7.25,-31.61658075373,-17.20520671964));
#6564 = VECTOR('',#6565,1.);
#6565 = DIRECTION('',(1.,0.,0.));
#6566 = ORIENTED_EDGE('',*,*,#6567,.T.);
#6567 = EDGE_CURVE('',#6560,#6536,#6568,.T.);
#6568 = LINE('',#6569,#6570);
#6569 = CARTESIAN_POINT('',(-4.25,-31.61658075373,-17.20520671964));
#6570 = VECTOR('',#6571,1.);
#6571 = DIRECTION('',(0.,-0.5,0.866025403784));
#6572 = ORIENTED_EDGE('',*,*,#6535,.F.);
#6573 = ORIENTED_EDGE('',*,*,#4146,.F.);
#6574 = PLANE('',#6575);
#6575 = AXIS2_PLACEMENT_3D('',#6576,#6577,#6578);
#6576 = CARTESIAN_POINT('',(-7.25,-31.61658075373,-17.20520671964));
#6577 = DIRECTION('',(0.,-0.866025403784,-0.5));
#6578 = DIRECTION('',(0.,-0.5,0.866025403784));
#6579 = ADVANCED_FACE('',(#6580),#6598,.F.);
#6580 = FACE_BOUND('',#6581,.F.);
#6581 = EDGE_LOOP('',(#6582,#6590,#6596,#6597));
#6582 = ORIENTED_EDGE('',*,*,#6583,.T.);
#6583 = EDGE_CURVE('',#4131,#6584,#6586,.T.);
#6584 = VERTEX_POINT('',#6585);
#6585 = CARTESIAN_POINT('',(-4.25,-28.38341924626,-17.20520671964));
#6586 = LINE('',#6587,#6588);
#6587 = CARTESIAN_POINT('',(-7.25,-28.38341924626,-17.20520671964));
#6588 = VECTOR('',#6589,1.);
#6589 = DIRECTION('',(1.,0.,0.));
#6590 = ORIENTED_EDGE('',*,*,#6591,.T.);
#6591 = EDGE_CURVE('',#6584,#6560,#6592,.T.);
#6592 = LINE('',#6593,#6594);
#6593 = CARTESIAN_POINT('',(-4.25,-28.38341924626,-17.20520671964));
#6594 = VECTOR('',#6595,1.);
#6595 = DIRECTION('',(0.,-1.,0.));
#6596 = ORIENTED_EDGE('',*,*,#6559,.F.);
#6597 = ORIENTED_EDGE('',*,*,#4138,.F.);
#6598 = PLANE('',#6599);
#6599 = AXIS2_PLACEMENT_3D('',#6600,#6601,#6602);
#6600 = CARTESIAN_POINT('',(-7.25,-28.38341924626,-17.20520671964));
#6601 = DIRECTION('',(0.,0.,-1.));
#6602 = DIRECTION('',(0.,-1.,0.));
#6603 = ADVANCED_FACE('',(#6604),#6622,.F.);
#6604 = FACE_BOUND('',#6605,.F.);
#6605 = EDGE_LOOP('',(#6606,#6614,#6620,#6621));
#6606 = ORIENTED_EDGE('',*,*,#6607,.T.);
#6607 = EDGE_CURVE('',#4123,#6608,#6610,.T.);
#6608 = VERTEX_POINT('',#6609);
#6609 = CARTESIAN_POINT('',(-4.25,-26.76683849253,-14.40520671964));
#6610 = LINE('',#6611,#6612);
#6611 = CARTESIAN_POINT('',(-7.25,-26.76683849253,-14.40520671964));
#6612 = VECTOR('',#6613,1.);
#6613 = DIRECTION('',(1.,0.,0.));
#6614 = ORIENTED_EDGE('',*,*,#6615,.T.);
#6615 = EDGE_CURVE('',#6608,#6584,#6616,.T.);
#6616 = LINE('',#6617,#6618);
#6617 = CARTESIAN_POINT('',(-4.25,-26.76683849253,-14.40520671964));
#6618 = VECTOR('',#6619,1.);
#6619 = DIRECTION('',(0.,-0.5,-0.866025403784));
#6620 = ORIENTED_EDGE('',*,*,#6583,.F.);
#6621 = ORIENTED_EDGE('',*,*,#4130,.F.);
#6622 = PLANE('',#6623);
#6623 = AXIS2_PLACEMENT_3D('',#6624,#6625,#6626);
#6624 = CARTESIAN_POINT('',(-7.25,-26.76683849253,-14.40520671964));
#6625 = DIRECTION('',(0.,0.866025403784,-0.5));
#6626 = DIRECTION('',(0.,-0.5,-0.866025403784));
#6627 = ADVANCED_FACE('',(#6628),#6639,.F.);
#6628 = FACE_BOUND('',#6629,.F.);
#6629 = EDGE_LOOP('',(#6630,#6631,#6637,#6638));
#6630 = ORIENTED_EDGE('',*,*,#6520,.T.);
#6631 = ORIENTED_EDGE('',*,*,#6632,.T.);
#6632 = EDGE_CURVE('',#6513,#6608,#6633,.T.);
#6633 = LINE('',#6634,#6635);
#6634 = CARTESIAN_POINT('',(-4.25,-28.38341924626,-11.60520671964));
#6635 = VECTOR('',#6636,1.);
#6636 = DIRECTION('',(-0.,0.5,-0.866025403784));
#6637 = ORIENTED_EDGE('',*,*,#6607,.F.);
#6638 = ORIENTED_EDGE('',*,*,#4122,.F.);
#6639 = PLANE('',#6640);
#6640 = AXIS2_PLACEMENT_3D('',#6641,#6642,#6643);
#6641 = CARTESIAN_POINT('',(-7.25,-28.38341924626,-11.60520671964));
#6642 = DIRECTION('',(0.,0.866025403784,0.5));
#6643 = DIRECTION('',(0.,0.5,-0.866025403784));
#6644 = ADVANCED_FACE('',(#6645),#6670,.F.);
#6645 = FACE_BOUND('',#6646,.F.);
#6646 = EDGE_LOOP('',(#6647,#6655,#6663,#6669));
#6647 = ORIENTED_EDGE('',*,*,#6648,.T.);
#6648 = EDGE_CURVE('',#4163,#6649,#6651,.T.);
#6649 = VERTEX_POINT('',#6650);
#6650 = CARTESIAN_POINT('',(-4.25,-13.23316150746,-14.40520671964));
#6651 = LINE('',#6652,#6653);
#6652 = CARTESIAN_POINT('',(-7.25,-13.23316150746,-14.40520671964));
#6653 = VECTOR('',#6654,1.);
#6654 = DIRECTION('',(1.,0.,0.));
#6655 = ORIENTED_EDGE('',*,*,#6656,.T.);
#6656 = EDGE_CURVE('',#6649,#6657,#6659,.T.);
#6657 = VERTEX_POINT('',#6658);
#6658 = CARTESIAN_POINT('',(-4.25,-11.61658075373,-11.60520671964));
#6659 = LINE('',#6660,#6661);
#6660 = CARTESIAN_POINT('',(-4.25,-13.23316150746,-14.40520671964));
#6661 = VECTOR('',#6662,1.);
#6662 = DIRECTION('',(0.,0.5,0.866025403784));
#6663 = ORIENTED_EDGE('',*,*,#6664,.F.);
#6664 = EDGE_CURVE('',#4165,#6657,#6665,.T.);
#6665 = LINE('',#6666,#6667);
#6666 = CARTESIAN_POINT('',(-7.25,-11.61658075373,-11.60520671964));
#6667 = VECTOR('',#6668,1.);
#6668 = DIRECTION('',(1.,0.,0.));
#6669 = ORIENTED_EDGE('',*,*,#4162,.F.);
#6670 = PLANE('',#6671);
#6671 = AXIS2_PLACEMENT_3D('',#6672,#6673,#6674);
#6672 = CARTESIAN_POINT('',(-7.25,-13.23316150746,-14.40520671964));
#6673 = DIRECTION('',(0.,-0.866025403784,0.5));
#6674 = DIRECTION('',(0.,0.5,0.866025403784));
#6675 = ADVANCED_FACE('',(#6676),#6694,.F.);
#6676 = FACE_BOUND('',#6677,.F.);
#6677 = EDGE_LOOP('',(#6678,#6686,#6692,#6693));
#6678 = ORIENTED_EDGE('',*,*,#6679,.T.);
#6679 = EDGE_CURVE('',#4197,#6680,#6682,.T.);
#6680 = VERTEX_POINT('',#6681);
#6681 = CARTESIAN_POINT('',(-4.25,-11.61658075373,-17.20520671964));
#6682 = LINE('',#6683,#6684);
#6683 = CARTESIAN_POINT('',(-7.25,-11.61658075373,-17.20520671964));
#6684 = VECTOR('',#6685,1.);
#6685 = DIRECTION('',(1.,0.,0.));
#6686 = ORIENTED_EDGE('',*,*,#6687,.T.);
#6687 = EDGE_CURVE('',#6680,#6649,#6688,.T.);
#6688 = LINE('',#6689,#6690);
#6689 = CARTESIAN_POINT('',(-4.25,-11.61658075373,-17.20520671964));
#6690 = VECTOR('',#6691,1.);
#6691 = DIRECTION('',(0.,-0.5,0.866025403784));
#6692 = ORIENTED_EDGE('',*,*,#6648,.F.);
#6693 = ORIENTED_EDGE('',*,*,#4204,.F.);
#6694 = PLANE('',#6695);
#6695 = AXIS2_PLACEMENT_3D('',#6696,#6697,#6698);
#6696 = CARTESIAN_POINT('',(-7.25,-11.61658075373,-17.20520671964));
#6697 = DIRECTION('',(0.,-0.866025403784,-0.5));
#6698 = DIRECTION('',(0.,-0.5,0.866025403784));
#6699 = ADVANCED_FACE('',(#6700),#6718,.F.);
#6700 = FACE_BOUND('',#6701,.F.);
#6701 = EDGE_LOOP('',(#6702,#6710,#6716,#6717));
#6702 = ORIENTED_EDGE('',*,*,#6703,.T.);
#6703 = EDGE_CURVE('',#4189,#6704,#6706,.T.);
#6704 = VERTEX_POINT('',#6705);
#6705 = CARTESIAN_POINT('',(-4.25,-8.383419246269,-17.20520671964));
#6706 = LINE('',#6707,#6708);
#6707 = CARTESIAN_POINT('',(-7.25,-8.383419246269,-17.20520671964));
#6708 = VECTOR('',#6709,1.);
#6709 = DIRECTION('',(1.,0.,0.));
#6710 = ORIENTED_EDGE('',*,*,#6711,.T.);
#6711 = EDGE_CURVE('',#6704,#6680,#6712,.T.);
#6712 = LINE('',#6713,#6714);
#6713 = CARTESIAN_POINT('',(-4.25,-8.383419246269,-17.20520671964));
#6714 = VECTOR('',#6715,1.);
#6715 = DIRECTION('',(0.,-1.,0.));
#6716 = ORIENTED_EDGE('',*,*,#6679,.F.);
#6717 = ORIENTED_EDGE('',*,*,#4196,.F.);
#6718 = PLANE('',#6719);
#6719 = AXIS2_PLACEMENT_3D('',#6720,#6721,#6722);
#6720 = CARTESIAN_POINT('',(-7.25,-8.383419246269,-17.20520671964));
#6721 = DIRECTION('',(0.,0.,-1.));
#6722 = DIRECTION('',(0.,-1.,0.));
#6723 = ADVANCED_FACE('',(#6724),#6742,.F.);
#6724 = FACE_BOUND('',#6725,.F.);
#6725 = EDGE_LOOP('',(#6726,#6734,#6740,#6741));
#6726 = ORIENTED_EDGE('',*,*,#6727,.T.);
#6727 = EDGE_CURVE('',#4181,#6728,#6730,.T.);
#6728 = VERTEX_POINT('',#6729);
#6729 = CARTESIAN_POINT('',(-4.25,-6.766838492538,-14.40520671964));
#6730 = LINE('',#6731,#6732);
#6731 = CARTESIAN_POINT('',(-7.25,-6.766838492538,-14.40520671964));
#6732 = VECTOR('',#6733,1.);
#6733 = DIRECTION('',(1.,0.,0.));
#6734 = ORIENTED_EDGE('',*,*,#6735,.T.);
#6735 = EDGE_CURVE('',#6728,#6704,#6736,.T.);
#6736 = LINE('',#6737,#6738);
#6737 = CARTESIAN_POINT('',(-4.25,-6.766838492538,-14.40520671964));
#6738 = VECTOR('',#6739,1.);
#6739 = DIRECTION('',(0.,-0.5,-0.866025403784));
#6740 = ORIENTED_EDGE('',*,*,#6703,.F.);
#6741 = ORIENTED_EDGE('',*,*,#4188,.F.);
#6742 = PLANE('',#6743);
#6743 = AXIS2_PLACEMENT_3D('',#6744,#6745,#6746);
#6744 = CARTESIAN_POINT('',(-7.25,-6.766838492538,-14.40520671964));
#6745 = DIRECTION('',(0.,0.866025403784,-0.5));
#6746 = DIRECTION('',(0.,-0.5,-0.866025403784));
#6747 = ADVANCED_FACE('',(#6748),#6766,.F.);
#6748 = FACE_BOUND('',#6749,.F.);
#6749 = EDGE_LOOP('',(#6750,#6758,#6764,#6765));
#6750 = ORIENTED_EDGE('',*,*,#6751,.T.);
#6751 = EDGE_CURVE('',#4173,#6752,#6754,.T.);
#6752 = VERTEX_POINT('',#6753);
#6753 = CARTESIAN_POINT('',(-4.25,-8.383419246269,-11.60520671964));
#6754 = LINE('',#6755,#6756);
#6755 = CARTESIAN_POINT('',(-7.25,-8.383419246269,-11.60520671964));
#6756 = VECTOR('',#6757,1.);
#6757 = DIRECTION('',(1.,0.,0.));
#6758 = ORIENTED_EDGE('',*,*,#6759,.T.);
#6759 = EDGE_CURVE('',#6752,#6728,#6760,.T.);
#6760 = LINE('',#6761,#6762);
#6761 = CARTESIAN_POINT('',(-4.25,-8.383419246269,-11.60520671964));
#6762 = VECTOR('',#6763,1.);
#6763 = DIRECTION('',(-0.,0.5,-0.866025403784));
#6764 = ORIENTED_EDGE('',*,*,#6727,.F.);
#6765 = ORIENTED_EDGE('',*,*,#4180,.F.);
#6766 = PLANE('',#6767);
#6767 = AXIS2_PLACEMENT_3D('',#6768,#6769,#6770);
#6768 = CARTESIAN_POINT('',(-7.25,-8.383419246269,-11.60520671964));
#6769 = DIRECTION('',(0.,0.866025403784,0.5));
#6770 = DIRECTION('',(0.,0.5,-0.866025403784));
#6771 = ADVANCED_FACE('',(#6772),#6783,.F.);
#6772 = FACE_BOUND('',#6773,.F.);
#6773 = EDGE_LOOP('',(#6774,#6775,#6781,#6782));
#6774 = ORIENTED_EDGE('',*,*,#6664,.T.);
#6775 = ORIENTED_EDGE('',*,*,#6776,.T.);
#6776 = EDGE_CURVE('',#6657,#6752,#6777,.T.);
#6777 = LINE('',#6778,#6779);
#6778 = CARTESIAN_POINT('',(-4.25,-11.61658075373,-11.60520671964));
#6779 = VECTOR('',#6780,1.);
#6780 = DIRECTION('',(0.,1.,0.));
#6781 = ORIENTED_EDGE('',*,*,#6751,.F.);
#6782 = ORIENTED_EDGE('',*,*,#4172,.F.);
#6783 = PLANE('',#6784);
#6784 = AXIS2_PLACEMENT_3D('',#6785,#6786,#6787);
#6785 = CARTESIAN_POINT('',(-7.25,-11.61658075373,-11.60520671964));
#6786 = DIRECTION('',(0.,0.,1.));
#6787 = DIRECTION('',(0.,1.,0.));
#6788 = ADVANCED_FACE('',(#6789),#6795,.F.);
#6789 = FACE_BOUND('',#6790,.T.);
#6790 = EDGE_LOOP('',(#6791,#6792,#6793,#6794));
#6791 = ORIENTED_EDGE('',*,*,#4274,.T.);
#6792 = ORIENTED_EDGE('',*,*,#4401,.T.);
#6793 = ORIENTED_EDGE('',*,*,#5745,.T.);
#6794 = ORIENTED_EDGE('',*,*,#4259,.F.);
#6795 = PLANE('',#6796);
#6796 = AXIS2_PLACEMENT_3D('',#6797,#6798,#6799);
#6797 = CARTESIAN_POINT('',(-1.4,-4.497559373739E-15,-20.25520671964));
#6798 = DIRECTION('',(-0.707106781187,2.512584507879E-16,0.707106781187)
  );
#6799 = DIRECTION('',(6.664425192001E-17,1.,-2.88688856845E-16));
#6800 = ADVANCED_FACE('',(#6801),#6807,.T.);
#6801 = FACE_BOUND('',#6802,.T.);
#6802 = EDGE_LOOP('',(#6803,#6804,#6805,#6806));
#6803 = ORIENTED_EDGE('',*,*,#5804,.T.);
#6804 = ORIENTED_EDGE('',*,*,#4510,.T.);
#6805 = ORIENTED_EDGE('',*,*,#4379,.T.);
#6806 = ORIENTED_EDGE('',*,*,#4291,.F.);
#6807 = PLANE('',#6808);
#6808 = AXIS2_PLACEMENT_3D('',#6809,#6810,#6811);
#6809 = CARTESIAN_POINT('',(1.4,-40.,190.45520671964));
#6810 = DIRECTION('',(-0.707106781187,-9.10760977114E-19,0.707106781187)
  );
#6811 = DIRECTION('',(-1.728986476828E-16,1.,-1.716106371569E-16));
#6812 = ADVANCED_FACE('',(#6813),#6829,.F.);
#6813 = FACE_BOUND('',#6814,.F.);
#6814 = EDGE_LOOP('',(#6815,#6816,#6822,#6823));
#6815 = ORIENTED_EDGE('',*,*,#5662,.F.);
#6816 = ORIENTED_EDGE('',*,*,#6817,.T.);
#6817 = EDGE_CURVE('',#5653,#4301,#6818,.T.);
#6818 = LINE('',#6819,#6820);
#6819 = CARTESIAN_POINT('',(7.25,-11.6,184.60520671964));
#6820 = VECTOR('',#6821,1.);
#6821 = DIRECTION('',(-1.,0.,0.));
#6822 = ORIENTED_EDGE('',*,*,#4300,.T.);
#6823 = ORIENTED_EDGE('',*,*,#6824,.F.);
#6824 = EDGE_CURVE('',#5663,#4303,#6825,.T.);
#6825 = LINE('',#6826,#6827);
#6826 = CARTESIAN_POINT('',(7.25,-8.4,184.60520671964));
#6827 = VECTOR('',#6828,1.);
#6828 = DIRECTION('',(-1.,0.,0.));
#6829 = CYLINDRICAL_SURFACE('',#6830,1.6);
#6830 = AXIS2_PLACEMENT_3D('',#6831,#6832,#6833);
#6831 = CARTESIAN_POINT('',(7.25,-10.,184.60520671964));
#6832 = DIRECTION('',(1.,0.,0.));
#6833 = DIRECTION('',(0.,-1.,1.224646799147E-16));
#6834 = ADVANCED_FACE('',(#6835),#6846,.F.);
#6835 = FACE_BOUND('',#6836,.F.);
#6836 = EDGE_LOOP('',(#6837,#6838,#6839,#6840));
#6837 = ORIENTED_EDGE('',*,*,#5671,.F.);
#6838 = ORIENTED_EDGE('',*,*,#6824,.T.);
#6839 = ORIENTED_EDGE('',*,*,#4328,.F.);
#6840 = ORIENTED_EDGE('',*,*,#6841,.F.);
#6841 = EDGE_CURVE('',#5672,#4320,#6842,.T.);
#6842 = LINE('',#6843,#6844);
#6843 = CARTESIAN_POINT('',(7.25,-8.4,185.60520671964));
#6844 = VECTOR('',#6845,1.);
#6845 = DIRECTION('',(-1.,0.,0.));
#6846 = PLANE('',#6847);
#6847 = AXIS2_PLACEMENT_3D('',#6848,#6849,#6850);
#6848 = CARTESIAN_POINT('',(7.25,-8.4,184.60520671964));
#6849 = DIRECTION('',(0.,1.,8.514266361129E-14));
#6850 = DIRECTION('',(0.,-8.514266361129E-14,1.));
#6851 = ADVANCED_FACE('',(#6852),#6863,.F.);
#6852 = FACE_BOUND('',#6853,.F.);
#6853 = EDGE_LOOP('',(#6854,#6855,#6856,#6857));
#6854 = ORIENTED_EDGE('',*,*,#5679,.F.);
#6855 = ORIENTED_EDGE('',*,*,#6841,.T.);
#6856 = ORIENTED_EDGE('',*,*,#4319,.T.);
#6857 = ORIENTED_EDGE('',*,*,#6858,.F.);
#6858 = EDGE_CURVE('',#5655,#4312,#6859,.T.);
#6859 = LINE('',#6860,#6861);
#6860 = CARTESIAN_POINT('',(7.25,-11.6,185.60520671964));
#6861 = VECTOR('',#6862,1.);
#6862 = DIRECTION('',(-1.,0.,0.));
#6863 = CYLINDRICAL_SURFACE('',#6864,1.6);
#6864 = AXIS2_PLACEMENT_3D('',#6865,#6866,#6867);
#6865 = CARTESIAN_POINT('',(7.25,-10.,185.60520671964));
#6866 = DIRECTION('',(1.,0.,0.));
#6867 = DIRECTION('',(0.,-1.,1.224646799147E-16));
#6868 = ADVANCED_FACE('',(#6869),#6875,.T.);
#6869 = FACE_BOUND('',#6870,.T.);
#6870 = EDGE_LOOP('',(#6871,#6872,#6873,#6874));
#6871 = ORIENTED_EDGE('',*,*,#5652,.F.);
#6872 = ORIENTED_EDGE('',*,*,#6817,.T.);
#6873 = ORIENTED_EDGE('',*,*,#4311,.F.);
#6874 = ORIENTED_EDGE('',*,*,#6858,.F.);
#6875 = PLANE('',#6876);
#6876 = AXIS2_PLACEMENT_3D('',#6877,#6878,#6879);
#6877 = CARTESIAN_POINT('',(7.25,-11.6,184.60520671964));
#6878 = DIRECTION('',(0.,1.,-1.224646799147E-16));
#6879 = DIRECTION('',(0.,1.224646799147E-16,1.));
#6880 = ADVANCED_FACE('',(#6881),#6897,.F.);
#6881 = FACE_BOUND('',#6882,.F.);
#6882 = EDGE_LOOP('',(#6883,#6884,#6890,#6891));
#6883 = ORIENTED_EDGE('',*,*,#5539,.F.);
#6884 = ORIENTED_EDGE('',*,*,#6885,.T.);
#6885 = EDGE_CURVE('',#5532,#4337,#6886,.T.);
#6886 = LINE('',#6887,#6888);
#6887 = CARTESIAN_POINT('',(7.25,-28.4,185.60520671964));
#6888 = VECTOR('',#6889,1.);
#6889 = DIRECTION('',(-1.,0.,0.));
#6890 = ORIENTED_EDGE('',*,*,#4336,.T.);
#6891 = ORIENTED_EDGE('',*,*,#6892,.F.);
#6892 = EDGE_CURVE('',#5540,#4339,#6893,.T.);
#6893 = LINE('',#6894,#6895);
#6894 = CARTESIAN_POINT('',(7.25,-31.6,185.60520671964));
#6895 = VECTOR('',#6896,1.);
#6896 = DIRECTION('',(-1.,0.,0.));
#6897 = CYLINDRICAL_SURFACE('',#6898,1.6);
#6898 = AXIS2_PLACEMENT_3D('',#6899,#6900,#6901);
#6899 = CARTESIAN_POINT('',(7.25,-30.,185.60520671964));
#6900 = DIRECTION('',(1.,0.,0.));
#6901 = DIRECTION('',(0.,-1.,1.224646799147E-16));
#6902 = ADVANCED_FACE('',(#6903),#6914,.T.);
#6903 = FACE_BOUND('',#6904,.T.);
#6904 = EDGE_LOOP('',(#6905,#6906,#6912,#6913));
#6905 = ORIENTED_EDGE('',*,*,#5548,.F.);
#6906 = ORIENTED_EDGE('',*,*,#6907,.T.);
#6907 = EDGE_CURVE('',#5549,#4356,#6908,.T.);
#6908 = LINE('',#6909,#6910);
#6909 = CARTESIAN_POINT('',(7.25,-31.6,184.60520671964));
#6910 = VECTOR('',#6911,1.);
#6911 = DIRECTION('',(-1.,0.,0.));
#6912 = ORIENTED_EDGE('',*,*,#4364,.F.);
#6913 = ORIENTED_EDGE('',*,*,#6892,.F.);
#6914 = PLANE('',#6915);
#6915 = AXIS2_PLACEMENT_3D('',#6916,#6917,#6918);
#6916 = CARTESIAN_POINT('',(7.25,-31.6,184.60520671964));
#6917 = DIRECTION('',(0.,1.,-8.538759297112E-14));
#6918 = DIRECTION('',(0.,8.538759297112E-14,1.));
#6919 = ADVANCED_FACE('',(#6920),#6931,.F.);
#6920 = FACE_BOUND('',#6921,.F.);
#6921 = EDGE_LOOP('',(#6922,#6923,#6924,#6925));
#6922 = ORIENTED_EDGE('',*,*,#5556,.F.);
#6923 = ORIENTED_EDGE('',*,*,#6907,.T.);
#6924 = ORIENTED_EDGE('',*,*,#4355,.T.);
#6925 = ORIENTED_EDGE('',*,*,#6926,.F.);
#6926 = EDGE_CURVE('',#5530,#4348,#6927,.T.);
#6927 = LINE('',#6928,#6929);
#6928 = CARTESIAN_POINT('',(7.25,-28.4,184.60520671964));
#6929 = VECTOR('',#6930,1.);
#6930 = DIRECTION('',(-1.,0.,0.));
#6931 = CYLINDRICAL_SURFACE('',#6932,1.6);
#6932 = AXIS2_PLACEMENT_3D('',#6933,#6934,#6935);
#6933 = CARTESIAN_POINT('',(7.25,-30.,184.60520671964));
#6934 = DIRECTION('',(1.,0.,0.));
#6935 = DIRECTION('',(0.,-1.,1.224646799147E-16));
#6936 = ADVANCED_FACE('',(#6937),#6943,.F.);
#6937 = FACE_BOUND('',#6938,.F.);
#6938 = EDGE_LOOP('',(#6939,#6940,#6941,#6942));
#6939 = ORIENTED_EDGE('',*,*,#5529,.F.);
#6940 = ORIENTED_EDGE('',*,*,#6926,.T.);
#6941 = ORIENTED_EDGE('',*,*,#4347,.F.);
#6942 = ORIENTED_EDGE('',*,*,#6885,.F.);
#6943 = PLANE('',#6944);
#6944 = AXIS2_PLACEMENT_3D('',#6945,#6946,#6947);
#6945 = CARTESIAN_POINT('',(7.25,-28.4,184.60520671964));
#6946 = DIRECTION('',(0.,1.,-1.224646799147E-16));
#6947 = DIRECTION('',(0.,1.224646799147E-16,1.));
#6948 = ADVANCED_FACE('',(#6949),#6968,.F.);
#6949 = FACE_BOUND('',#6950,.F.);
#6950 = EDGE_LOOP('',(#6951,#6960,#6966,#6967));
#6951 = ORIENTED_EDGE('',*,*,#6952,.F.);
#6952 = EDGE_CURVE('',#6953,#6953,#6955,.T.);
#6953 = VERTEX_POINT('',#6954);
#6954 = CARTESIAN_POINT('',(-4.25,-31.6,-14.40520671964));
#6955 = CIRCLE('',#6956,1.6);
#6956 = AXIS2_PLACEMENT_3D('',#6957,#6958,#6959);
#6957 = CARTESIAN_POINT('',(-4.25,-30.,-14.40520671964));
#6958 = DIRECTION('',(-1.,0.,0.));
#6959 = DIRECTION('',(0.,-1.,0.));
#6960 = ORIENTED_EDGE('',*,*,#6961,.T.);
#6961 = EDGE_CURVE('',#6953,#4411,#6962,.T.);
#6962 = LINE('',#6963,#6964);
#6963 = CARTESIAN_POINT('',(-7.25,-31.6,-14.40520671964));
#6964 = VECTOR('',#6965,1.);
#6965 = DIRECTION('',(1.,0.,0.));
#6966 = ORIENTED_EDGE('',*,*,#4410,.T.);
#6967 = ORIENTED_EDGE('',*,*,#6961,.F.);
#6968 = CYLINDRICAL_SURFACE('',#6969,1.6);
#6969 = AXIS2_PLACEMENT_3D('',#6970,#6971,#6972);
#6970 = CARTESIAN_POINT('',(-7.25,-30.,-14.40520671964));
#6971 = DIRECTION('',(-1.,0.,0.));
#6972 = DIRECTION('',(0.,-1.,0.));
#6973 = ADVANCED_FACE('',(#6974),#6993,.F.);
#6974 = FACE_BOUND('',#6975,.F.);
#6975 = EDGE_LOOP('',(#6976,#6985,#6991,#6992));
#6976 = ORIENTED_EDGE('',*,*,#6977,.F.);
#6977 = EDGE_CURVE('',#6978,#6978,#6980,.T.);
#6978 = VERTEX_POINT('',#6979);
#6979 = CARTESIAN_POINT('',(-4.25,-11.6,-14.40520671964));
#6980 = CIRCLE('',#6981,1.6);
#6981 = AXIS2_PLACEMENT_3D('',#6982,#6983,#6984);
#6982 = CARTESIAN_POINT('',(-4.25,-10.,-14.40520671964));
#6983 = DIRECTION('',(-1.,0.,0.));
#6984 = DIRECTION('',(0.,-1.,0.));
#6985 = ORIENTED_EDGE('',*,*,#6986,.T.);
#6986 = EDGE_CURVE('',#6978,#4422,#6987,.T.);
#6987 = LINE('',#6988,#6989);
#6988 = CARTESIAN_POINT('',(-7.25,-11.6,-14.40520671964));
#6989 = VECTOR('',#6990,1.);
#6990 = DIRECTION('',(1.,0.,0.));
#6991 = ORIENTED_EDGE('',*,*,#4421,.T.);
#6992 = ORIENTED_EDGE('',*,*,#6986,.F.);
#6993 = CYLINDRICAL_SURFACE('',#6994,1.6);
#6994 = AXIS2_PLACEMENT_3D('',#6995,#6996,#6997);
#6995 = CARTESIAN_POINT('',(-7.25,-10.,-14.40520671964));
#6996 = DIRECTION('',(-1.,0.,0.));
#6997 = DIRECTION('',(0.,-1.,0.));
#6998 = ADVANCED_FACE('',(#6999),#7010,.F.);
#6999 = FACE_BOUND('',#7000,.F.);
#7000 = EDGE_LOOP('',(#7001,#7007,#7008,#7009));
#7001 = ORIENTED_EDGE('',*,*,#7002,.F.);
#7002 = EDGE_CURVE('',#4448,#5636,#7003,.T.);
#7003 = LINE('',#7004,#7005);
#7004 = CARTESIAN_POINT('',(5.874825565356,-6.258811223288,
    189.68038115429));
#7005 = VECTOR('',#7006,1.);
#7006 = DIRECTION('',(0.678598344546,-0.281084637715,-0.678598344546));
#7007 = ORIENTED_EDGE('',*,*,#4447,.T.);
#7008 = ORIENTED_EDGE('',*,*,#5711,.T.);
#7009 = ORIENTED_EDGE('',*,*,#5697,.F.);
#7010 = PLANE('',#7011);
#7011 = AXIS2_PLACEMENT_3D('',#7012,#7013,#7014);
#7012 = CARTESIAN_POINT('',(5.143933982822,-5.893933982822,
    190.45520671964));
#7013 = DIRECTION('',(-0.5,0.5,-0.707106781187));
#7014 = DIRECTION('',(0.707106781187,0.707106781187,-1.110223024624E-16)
  );
#7015 = ADVANCED_FACE('',(#7016),#7027,.T.);
#7016 = FACE_BOUND('',#7017,.F.);
#7017 = EDGE_LOOP('',(#7018,#7024,#7025,#7026));
#7018 = ORIENTED_EDGE('',*,*,#7019,.F.);
#7019 = EDGE_CURVE('',#4456,#5611,#7020,.T.);
#7020 = LINE('',#7021,#7022);
#7021 = CARTESIAN_POINT('',(5.111851286034,-14.05722307094,
    190.44335543361));
#7022 = VECTOR('',#7023,1.);
#7023 = DIRECTION('',(0.678598344546,0.281084637715,-0.678598344546));
#7024 = ORIENTED_EDGE('',*,*,#4455,.T.);
#7025 = ORIENTED_EDGE('',*,*,#7002,.T.);
#7026 = ORIENTED_EDGE('',*,*,#5635,.F.);
#7027 = PLANE('',#7028);
#7028 = AXIS2_PLACEMENT_3D('',#7029,#7030,#7031);
#7029 = CARTESIAN_POINT('',(5.1,-14.,190.45520671964));
#7030 = DIRECTION('',(0.707106781187,1.020053594048E-18,0.707106781187)
  );
#7031 = DIRECTION('',(-6.051105314384E-17,-1.,6.19536267709E-17));
#7032 = ADVANCED_FACE('',(#7033),#7044,.T.);
#7033 = FACE_BOUND('',#7034,.T.);
#7034 = EDGE_LOOP('',(#7035,#7041,#7042,#7043));
#7035 = ORIENTED_EDGE('',*,*,#7036,.F.);
#7036 = EDGE_CURVE('',#4488,#5466,#7037,.T.);
#7037 = LINE('',#7038,#7039);
#7038 = CARTESIAN_POINT('',(5.111851286034,-34.05722307094,
    190.44335543361));
#7039 = VECTOR('',#7040,1.);
#7040 = DIRECTION('',(0.678598344546,0.281084637715,-0.678598344546));
#7041 = ORIENTED_EDGE('',*,*,#4495,.T.);
#7042 = ORIENTED_EDGE('',*,*,#5496,.T.);
#7043 = ORIENTED_EDGE('',*,*,#5475,.F.);
#7044 = PLANE('',#7045);
#7045 = AXIS2_PLACEMENT_3D('',#7046,#7047,#7048);
#7046 = CARTESIAN_POINT('',(5.143933982822,-34.10606601717,
    190.45520671964));
#7047 = DIRECTION('',(0.5,0.5,0.707106781187));
#7048 = DIRECTION('',(0.707106781187,-0.707106781187,5.551115123131E-17)
  );
#7049 = ADVANCED_FACE('',(#7050),#7056,.T.);
#7050 = FACE_BOUND('',#7051,.T.);
#7051 = EDGE_LOOP('',(#7052,#7053,#7054,#7055));
#7052 = ORIENTED_EDGE('',*,*,#7019,.F.);
#7053 = ORIENTED_EDGE('',*,*,#4463,.T.);
#7054 = ORIENTED_EDGE('',*,*,#5595,.T.);
#7055 = ORIENTED_EDGE('',*,*,#5620,.F.);
#7056 = PLANE('',#7057);
#7057 = AXIS2_PLACEMENT_3D('',#7058,#7059,#7060);
#7058 = CARTESIAN_POINT('',(5.143933982822,-14.10606601717,
    190.45520671964));
#7059 = DIRECTION('',(0.5,0.5,0.707106781187));
#7060 = DIRECTION('',(0.707106781187,-0.707106781187,2.775557561573E-17)
  );
#7061 = ADVANCED_FACE('',(#7062),#7073,.T.);
#7062 = FACE_BOUND('',#7063,.F.);
#7063 = EDGE_LOOP('',(#7064,#7065,#7066,#7072));
#7064 = ORIENTED_EDGE('',*,*,#7036,.F.);
#7065 = ORIENTED_EDGE('',*,*,#4487,.T.);
#7066 = ORIENTED_EDGE('',*,*,#7067,.T.);
#7067 = EDGE_CURVE('',#4480,#5513,#7068,.T.);
#7068 = LINE('',#7069,#7070);
#7069 = CARTESIAN_POINT('',(5.874825565356,-26.25881122328,
    189.68038115429));
#7070 = VECTOR('',#7071,1.);
#7071 = DIRECTION('',(0.678598344546,-0.281084637715,-0.678598344546));
#7072 = ORIENTED_EDGE('',*,*,#5512,.F.);
#7073 = PLANE('',#7074);
#7074 = AXIS2_PLACEMENT_3D('',#7075,#7076,#7077);
#7075 = CARTESIAN_POINT('',(5.1,-34.,190.45520671964));
#7076 = DIRECTION('',(0.707106781187,1.020053594048E-18,0.707106781187)
  );
#7077 = DIRECTION('',(-6.051105314384E-17,-1.,6.19536267709E-17));
#7078 = ADVANCED_FACE('',(#7079),#7085,.F.);
#7079 = FACE_BOUND('',#7080,.F.);
#7080 = EDGE_LOOP('',(#7081,#7082,#7083,#7084));
#7081 = ORIENTED_EDGE('',*,*,#7067,.F.);
#7082 = ORIENTED_EDGE('',*,*,#4479,.T.);
#7083 = ORIENTED_EDGE('',*,*,#5588,.T.);
#7084 = ORIENTED_EDGE('',*,*,#5574,.F.);
#7085 = PLANE('',#7086);
#7086 = AXIS2_PLACEMENT_3D('',#7087,#7088,#7089);
#7087 = CARTESIAN_POINT('',(5.143933982822,-25.89393398282,
    190.45520671964));
#7088 = DIRECTION('',(-0.5,0.5,-0.707106781187));
#7089 = DIRECTION('',(0.707106781187,0.707106781187,-1.110223024624E-16)
  );
#7090 = ADVANCED_FACE('',(#7091),#7117,.F.);
#7091 = FACE_BOUND('',#7092,.F.);
#7092 = EDGE_LOOP('',(#7093,#7103,#7109,#7110,#7111));
#7093 = ORIENTED_EDGE('',*,*,#7094,.F.);
#7094 = EDGE_CURVE('',#7095,#7097,#7099,.T.);
#7095 = VERTEX_POINT('',#7096);
#7096 = CARTESIAN_POINT('',(-9.1,-3.383419246269,147.9));
#7097 = VERTEX_POINT('',#7098);
#7098 = CARTESIAN_POINT('',(-9.1,-1.766838492538,145.1));
#7099 = LINE('',#7100,#7101);
#7100 = CARTESIAN_POINT('',(-9.1,-3.383419246269,147.9));
#7101 = VECTOR('',#7102,1.);
#7102 = DIRECTION('',(-0.,0.5,-0.866025403784));
#7103 = ORIENTED_EDGE('',*,*,#7104,.T.);
#7104 = EDGE_CURVE('',#7095,#4608,#7105,.T.);
#7105 = LINE('',#7106,#7107);
#7106 = CARTESIAN_POINT('',(-9.1,-3.383419246269,147.9));
#7107 = VECTOR('',#7108,1.);
#7108 = DIRECTION('',(1.,0.,0.));
#7109 = ORIENTED_EDGE('',*,*,#4607,.F.);
#7110 = ORIENTED_EDGE('',*,*,#4692,.F.);
#7111 = ORIENTED_EDGE('',*,*,#7112,.F.);
#7112 = EDGE_CURVE('',#7097,#4693,#7113,.T.);
#7113 = LINE('',#7114,#7115);
#7114 = CARTESIAN_POINT('',(-9.1,-1.766838492538,145.1));
#7115 = VECTOR('',#7116,1.);
#7116 = DIRECTION('',(1.,0.,0.));
#7117 = PLANE('',#7118);
#7118 = AXIS2_PLACEMENT_3D('',#7119,#7120,#7121);
#7119 = CARTESIAN_POINT('',(-9.1,-3.383419246269,147.9));
#7120 = DIRECTION('',(0.,0.866025403784,0.5));
#7121 = DIRECTION('',(0.,0.5,-0.866025403784));
#7122 = ADVANCED_FACE('',(#7123),#7149,.F.);
#7123 = FACE_BOUND('',#7124,.F.);
#7124 = EDGE_LOOP('',(#7125,#7135,#7141,#7142,#7143));
#7125 = ORIENTED_EDGE('',*,*,#7126,.F.);
#7126 = EDGE_CURVE('',#7127,#7129,#7131,.T.);
#7127 = VERTEX_POINT('',#7128);
#7128 = CARTESIAN_POINT('',(-9.1,-38.23316150746,145.1));
#7129 = VERTEX_POINT('',#7130);
#7130 = CARTESIAN_POINT('',(-9.1,-36.61658075373,147.9));
#7131 = LINE('',#7132,#7133);
#7132 = CARTESIAN_POINT('',(-9.1,-38.23316150746,145.1));
#7133 = VECTOR('',#7134,1.);
#7134 = DIRECTION('',(0.,0.5,0.866025403784));
#7135 = ORIENTED_EDGE('',*,*,#7136,.T.);
#7136 = EDGE_CURVE('',#7127,#4756,#7137,.T.);
#7137 = LINE('',#7138,#7139);
#7138 = CARTESIAN_POINT('',(-9.1,-38.23316150746,145.1));
#7139 = VECTOR('',#7140,1.);
#7140 = DIRECTION('',(1.,0.,0.));
#7141 = ORIENTED_EDGE('',*,*,#4763,.F.);
#7142 = ORIENTED_EDGE('',*,*,#4658,.F.);
#7143 = ORIENTED_EDGE('',*,*,#7144,.F.);
#7144 = EDGE_CURVE('',#7129,#4651,#7145,.T.);
#7145 = LINE('',#7146,#7147);
#7146 = CARTESIAN_POINT('',(-9.1,-36.61658075373,147.9));
#7147 = VECTOR('',#7148,1.);
#7148 = DIRECTION('',(1.,0.,0.));
#7149 = PLANE('',#7150);
#7150 = AXIS2_PLACEMENT_3D('',#7151,#7152,#7153);
#7151 = CARTESIAN_POINT('',(-9.1,-38.23316150746,145.1));
#7152 = DIRECTION('',(0.,-0.866025403784,0.5));
#7153 = DIRECTION('',(0.,0.5,0.866025403784));
#7154 = ADVANCED_FACE('',(#7155),#7173,.F.);
#7155 = FACE_BOUND('',#7156,.F.);
#7156 = EDGE_LOOP('',(#7157,#7165,#7171,#7172));
#7157 = ORIENTED_EDGE('',*,*,#7158,.F.);
#7158 = EDGE_CURVE('',#7159,#7095,#7161,.T.);
#7159 = VERTEX_POINT('',#7160);
#7160 = CARTESIAN_POINT('',(-9.1,-6.616580753731,147.9));
#7161 = LINE('',#7162,#7163);
#7162 = CARTESIAN_POINT('',(-9.1,-6.616580753731,147.9));
#7163 = VECTOR('',#7164,1.);
#7164 = DIRECTION('',(0.,1.,0.));
#7165 = ORIENTED_EDGE('',*,*,#7166,.T.);
#7166 = EDGE_CURVE('',#7159,#4617,#7167,.T.);
#7167 = LINE('',#7168,#7169);
#7168 = CARTESIAN_POINT('',(-9.1,-6.616580753731,147.9));
#7169 = VECTOR('',#7170,1.);
#7170 = DIRECTION('',(1.,0.,0.));
#7171 = ORIENTED_EDGE('',*,*,#4616,.T.);
#7172 = ORIENTED_EDGE('',*,*,#7104,.F.);
#7173 = PLANE('',#7174);
#7174 = AXIS2_PLACEMENT_3D('',#7175,#7176,#7177);
#7175 = CARTESIAN_POINT('',(-9.1,-6.616580753731,147.9));
#7176 = DIRECTION('',(0.,0.,1.));
#7177 = DIRECTION('',(0.,1.,0.));
#7178 = ADVANCED_FACE('',(#7179),#7197,.F.);
#7179 = FACE_BOUND('',#7180,.F.);
#7180 = EDGE_LOOP('',(#7181,#7189,#7190,#7191));
#7181 = ORIENTED_EDGE('',*,*,#7182,.F.);
#7182 = EDGE_CURVE('',#7129,#7183,#7185,.T.);
#7183 = VERTEX_POINT('',#7184);
#7184 = CARTESIAN_POINT('',(-9.1,-33.38341924626,147.9));
#7185 = LINE('',#7186,#7187);
#7186 = CARTESIAN_POINT('',(-9.1,-36.61658075373,147.9));
#7187 = VECTOR('',#7188,1.);
#7188 = DIRECTION('',(0.,1.,0.));
#7189 = ORIENTED_EDGE('',*,*,#7144,.T.);
#7190 = ORIENTED_EDGE('',*,*,#4650,.T.);
#7191 = ORIENTED_EDGE('',*,*,#7192,.F.);
#7192 = EDGE_CURVE('',#7183,#4642,#7193,.T.);
#7193 = LINE('',#7194,#7195);
#7194 = CARTESIAN_POINT('',(-9.1,-33.38341924626,147.9));
#7195 = VECTOR('',#7196,1.);
#7196 = DIRECTION('',(1.,0.,0.));
#7197 = PLANE('',#7198);
#7198 = AXIS2_PLACEMENT_3D('',#7199,#7200,#7201);
#7199 = CARTESIAN_POINT('',(-9.1,-36.61658075373,147.9));
#7200 = DIRECTION('',(0.,0.,1.));
#7201 = DIRECTION('',(0.,1.,0.));
#7202 = ADVANCED_FACE('',(#7203),#7222,.F.);
#7203 = FACE_BOUND('',#7204,.F.);
#7204 = EDGE_LOOP('',(#7205,#7213,#7219,#7220,#7221));
#7205 = ORIENTED_EDGE('',*,*,#7206,.F.);
#7206 = EDGE_CURVE('',#7207,#7159,#7209,.T.);
#7207 = VERTEX_POINT('',#7208);
#7208 = CARTESIAN_POINT('',(-9.1,-8.233161507462,145.1));
#7209 = LINE('',#7210,#7211);
#7210 = CARTESIAN_POINT('',(-9.1,-8.233161507462,145.1));
#7211 = VECTOR('',#7212,1.);
#7212 = DIRECTION('',(0.,0.5,0.866025403784));
#7213 = ORIENTED_EDGE('',*,*,#7214,.T.);
#7214 = EDGE_CURVE('',#7207,#4717,#7215,.T.);
#7215 = LINE('',#7216,#7217);
#7216 = CARTESIAN_POINT('',(-9.1,-8.233161507462,145.1));
#7217 = VECTOR('',#7218,1.);
#7218 = DIRECTION('',(1.,0.,0.));
#7219 = ORIENTED_EDGE('',*,*,#4724,.F.);
#7220 = ORIENTED_EDGE('',*,*,#4624,.F.);
#7221 = ORIENTED_EDGE('',*,*,#7166,.F.);
#7222 = PLANE('',#7223);
#7223 = AXIS2_PLACEMENT_3D('',#7224,#7225,#7226);
#7224 = CARTESIAN_POINT('',(-9.1,-8.233161507462,145.1));
#7225 = DIRECTION('',(0.,-0.866025403784,0.5));
#7226 = DIRECTION('',(0.,0.5,0.866025403784));
#7227 = ADVANCED_FACE('',(#7228),#7247,.F.);
#7228 = FACE_BOUND('',#7229,.F.);
#7229 = EDGE_LOOP('',(#7230,#7238,#7239,#7240,#7241));
#7230 = ORIENTED_EDGE('',*,*,#7231,.F.);
#7231 = EDGE_CURVE('',#7183,#7232,#7234,.T.);
#7232 = VERTEX_POINT('',#7233);
#7233 = CARTESIAN_POINT('',(-9.1,-31.76683849253,145.1));
#7234 = LINE('',#7235,#7236);
#7235 = CARTESIAN_POINT('',(-9.1,-33.38341924626,147.9));
#7236 = VECTOR('',#7237,1.);
#7237 = DIRECTION('',(-0.,0.5,-0.866025403784));
#7238 = ORIENTED_EDGE('',*,*,#7192,.T.);
#7239 = ORIENTED_EDGE('',*,*,#4641,.F.);
#7240 = ORIENTED_EDGE('',*,*,#4731,.F.);
#7241 = ORIENTED_EDGE('',*,*,#7242,.F.);
#7242 = EDGE_CURVE('',#7232,#4732,#7243,.T.);
#7243 = LINE('',#7244,#7245);
#7244 = CARTESIAN_POINT('',(-9.1,-31.76683849253,145.1));
#7245 = VECTOR('',#7246,1.);
#7246 = DIRECTION('',(1.,0.,0.));
#7247 = PLANE('',#7248);
#7248 = AXIS2_PLACEMENT_3D('',#7249,#7250,#7251);
#7249 = CARTESIAN_POINT('',(-9.1,-33.38341924626,147.9));
#7250 = DIRECTION('',(0.,0.866025403784,0.5));
#7251 = DIRECTION('',(0.,0.5,-0.866025403784));
#7252 = ADVANCED_FACE('',(#7253),#7279,.F.);
#7253 = FACE_BOUND('',#7254,.F.);
#7254 = EDGE_LOOP('',(#7255,#7265,#7271,#7272,#7273));
#7255 = ORIENTED_EDGE('',*,*,#7256,.F.);
#7256 = EDGE_CURVE('',#7257,#7259,#7261,.T.);
#7257 = VERTEX_POINT('',#7258);
#7258 = CARTESIAN_POINT('',(-9.1,-1.766838492537,115.09999999999));
#7259 = VERTEX_POINT('',#7260);
#7260 = CARTESIAN_POINT('',(-9.1,-3.383419246272,112.29999999999));
#7261 = LINE('',#7262,#7263);
#7262 = CARTESIAN_POINT('',(-9.1,-1.766838492537,115.09999999999));
#7263 = VECTOR('',#7264,1.);
#7264 = DIRECTION('',(0.,-0.500000000001,-0.866025403784));
#7265 = ORIENTED_EDGE('',*,*,#7266,.T.);
#7266 = EDGE_CURVE('',#7257,#4852,#7267,.T.);
#7267 = LINE('',#7268,#7269);
#7268 = CARTESIAN_POINT('',(-9.1,-1.766838492537,115.09999999999));
#7269 = VECTOR('',#7270,1.);
#7270 = DIRECTION('',(1.,0.,0.));
#7271 = ORIENTED_EDGE('',*,*,#4859,.F.);
#7272 = ORIENTED_EDGE('',*,*,#4942,.F.);
#7273 = ORIENTED_EDGE('',*,*,#7274,.F.);
#7274 = EDGE_CURVE('',#7259,#4935,#7275,.T.);
#7275 = LINE('',#7276,#7277);
#7276 = CARTESIAN_POINT('',(-9.1,-3.383419246272,112.29999999999));
#7277 = VECTOR('',#7278,1.);
#7278 = DIRECTION('',(1.,0.,0.));
#7279 = PLANE('',#7280);
#7280 = AXIS2_PLACEMENT_3D('',#7281,#7282,#7283);
#7281 = CARTESIAN_POINT('',(-9.1,-1.766838492537,115.09999999999));
#7282 = DIRECTION('',(0.,0.866025403784,-0.500000000001));
#7283 = DIRECTION('',(0.,-0.500000000001,-0.866025403784));
#7284 = ADVANCED_FACE('',(#7285),#7303,.F.);
#7285 = FACE_BOUND('',#7286,.F.);
#7286 = EDGE_LOOP('',(#7287,#7295,#7301,#7302));
#7287 = ORIENTED_EDGE('',*,*,#7288,.F.);
#7288 = EDGE_CURVE('',#7289,#7257,#7291,.T.);
#7289 = VERTEX_POINT('',#7290);
#7290 = CARTESIAN_POINT('',(-9.1,-3.383419246265,117.9));
#7291 = LINE('',#7292,#7293);
#7292 = CARTESIAN_POINT('',(-9.1,-3.383419246265,117.9));
#7293 = VECTOR('',#7294,1.);
#7294 = DIRECTION('',(-0.,0.499999999998,-0.866025403785));
#7295 = ORIENTED_EDGE('',*,*,#7296,.T.);
#7296 = EDGE_CURVE('',#7289,#4844,#7297,.T.);
#7297 = LINE('',#7298,#7299);
#7298 = CARTESIAN_POINT('',(-9.1,-3.383419246265,117.9));
#7299 = VECTOR('',#7300,1.);
#7300 = DIRECTION('',(1.,0.,0.));
#7301 = ORIENTED_EDGE('',*,*,#4851,.F.);
#7302 = ORIENTED_EDGE('',*,*,#7266,.F.);
#7303 = PLANE('',#7304);
#7304 = AXIS2_PLACEMENT_3D('',#7305,#7306,#7307);
#7305 = CARTESIAN_POINT('',(-9.1,-3.383419246265,117.9));
#7306 = DIRECTION('',(0.,0.866025403785,0.499999999998));
#7307 = DIRECTION('',(0.,0.499999999998,-0.866025403785));
#7308 = ADVANCED_FACE('',(#7309),#7327,.F.);
#7309 = FACE_BOUND('',#7310,.F.);
#7310 = EDGE_LOOP('',(#7311,#7319,#7325,#7326));
#7311 = ORIENTED_EDGE('',*,*,#7312,.F.);
#7312 = EDGE_CURVE('',#7313,#7289,#7315,.T.);
#7313 = VERTEX_POINT('',#7314);
#7314 = CARTESIAN_POINT('',(-9.1,-6.616580753727,117.9));
#7315 = LINE('',#7316,#7317);
#7316 = CARTESIAN_POINT('',(-9.1,-6.616580753727,117.9));
#7317 = VECTOR('',#7318,1.);
#7318 = DIRECTION('',(0.,1.,0.));
#7319 = ORIENTED_EDGE('',*,*,#7320,.T.);
#7320 = EDGE_CURVE('',#7313,#4836,#7321,.T.);
#7321 = LINE('',#7322,#7323);
#7322 = CARTESIAN_POINT('',(-9.1,-6.616580753727,117.9));
#7323 = VECTOR('',#7324,1.);
#7324 = DIRECTION('',(1.,0.,0.));
#7325 = ORIENTED_EDGE('',*,*,#4843,.F.);
#7326 = ORIENTED_EDGE('',*,*,#7296,.F.);
#7327 = PLANE('',#7328);
#7328 = AXIS2_PLACEMENT_3D('',#7329,#7330,#7331);
#7329 = CARTESIAN_POINT('',(-9.1,-6.616580753727,117.9));
#7330 = DIRECTION('',(0.,0.,1.));
#7331 = DIRECTION('',(0.,1.,0.));
#7332 = ADVANCED_FACE('',(#7333),#7351,.F.);
#7333 = FACE_BOUND('',#7334,.F.);
#7334 = EDGE_LOOP('',(#7335,#7343,#7344,#7345));
#7335 = ORIENTED_EDGE('',*,*,#7336,.F.);
#7336 = EDGE_CURVE('',#7097,#7337,#7339,.T.);
#7337 = VERTEX_POINT('',#7338);
#7338 = CARTESIAN_POINT('',(-9.1,-3.383419246269,142.3));
#7339 = LINE('',#7340,#7341);
#7340 = CARTESIAN_POINT('',(-9.1,-1.766838492538,145.1));
#7341 = VECTOR('',#7342,1.);
#7342 = DIRECTION('',(0.,-0.5,-0.866025403784));
#7343 = ORIENTED_EDGE('',*,*,#7112,.T.);
#7344 = ORIENTED_EDGE('',*,*,#4700,.F.);
#7345 = ORIENTED_EDGE('',*,*,#7346,.F.);
#7346 = EDGE_CURVE('',#7337,#4701,#7347,.T.);
#7347 = LINE('',#7348,#7349);
#7348 = CARTESIAN_POINT('',(-9.1,-3.383419246269,142.3));
#7349 = VECTOR('',#7350,1.);
#7350 = DIRECTION('',(1.,0.,0.));
#7351 = PLANE('',#7352);
#7352 = AXIS2_PLACEMENT_3D('',#7353,#7354,#7355);
#7353 = CARTESIAN_POINT('',(-9.1,-1.766838492538,145.1));
#7354 = DIRECTION('',(0.,0.866025403784,-0.5));
#7355 = DIRECTION('',(0.,-0.5,-0.866025403784));
#7356 = ADVANCED_FACE('',(#7357),#7375,.F.);
#7357 = FACE_BOUND('',#7358,.F.);
#7358 = EDGE_LOOP('',(#7359,#7367,#7373,#7374));
#7359 = ORIENTED_EDGE('',*,*,#7360,.F.);
#7360 = EDGE_CURVE('',#7361,#7313,#7363,.T.);
#7361 = VERTEX_POINT('',#7362);
#7362 = CARTESIAN_POINT('',(-9.1,-8.233161507462,115.1));
#7363 = LINE('',#7364,#7365);
#7364 = CARTESIAN_POINT('',(-9.1,-8.233161507462,115.1));
#7365 = VECTOR('',#7366,1.);
#7366 = DIRECTION('',(0.,0.500000000001,0.866025403784));
#7367 = ORIENTED_EDGE('',*,*,#7368,.T.);
#7368 = EDGE_CURVE('',#7361,#4828,#7369,.T.);
#7369 = LINE('',#7370,#7371);
#7370 = CARTESIAN_POINT('',(-9.1,-8.233161507462,115.1));
#7371 = VECTOR('',#7372,1.);
#7372 = DIRECTION('',(1.,0.,0.));
#7373 = ORIENTED_EDGE('',*,*,#4835,.F.);
#7374 = ORIENTED_EDGE('',*,*,#7320,.F.);
#7375 = PLANE('',#7376);
#7376 = AXIS2_PLACEMENT_3D('',#7377,#7378,#7379);
#7377 = CARTESIAN_POINT('',(-9.1,-8.233161507462,115.1));
#7378 = DIRECTION('',(0.,-0.866025403784,0.500000000001));
#7379 = DIRECTION('',(0.,0.500000000001,0.866025403784));
#7380 = ADVANCED_FACE('',(#7381),#7399,.F.);
#7381 = FACE_BOUND('',#7382,.F.);
#7382 = EDGE_LOOP('',(#7383,#7391,#7392,#7393));
#7383 = ORIENTED_EDGE('',*,*,#7384,.F.);
#7384 = EDGE_CURVE('',#7337,#7385,#7387,.T.);
#7385 = VERTEX_POINT('',#7386);
#7386 = CARTESIAN_POINT('',(-9.1,-6.616580753731,142.3));
#7387 = LINE('',#7388,#7389);
#7388 = CARTESIAN_POINT('',(-9.1,-3.383419246269,142.3));
#7389 = VECTOR('',#7390,1.);
#7390 = DIRECTION('',(0.,-1.,0.));
#7391 = ORIENTED_EDGE('',*,*,#7346,.T.);
#7392 = ORIENTED_EDGE('',*,*,#4708,.F.);
#7393 = ORIENTED_EDGE('',*,*,#7394,.F.);
#7394 = EDGE_CURVE('',#7385,#4709,#7395,.T.);
#7395 = LINE('',#7396,#7397);
#7396 = CARTESIAN_POINT('',(-9.1,-6.616580753731,142.3));
#7397 = VECTOR('',#7398,1.);
#7398 = DIRECTION('',(1.,0.,0.));
#7399 = PLANE('',#7400);
#7400 = AXIS2_PLACEMENT_3D('',#7401,#7402,#7403);
#7401 = CARTESIAN_POINT('',(-9.1,-3.383419246269,142.3));
#7402 = DIRECTION('',(0.,0.,-1.));
#7403 = DIRECTION('',(0.,-1.,0.));
#7404 = ADVANCED_FACE('',(#7405),#7424,.F.);
#7405 = FACE_BOUND('',#7406,.F.);
#7406 = EDGE_LOOP('',(#7407,#7415,#7421,#7422,#7423));
#7407 = ORIENTED_EDGE('',*,*,#7408,.F.);
#7408 = EDGE_CURVE('',#7409,#7361,#7411,.T.);
#7409 = VERTEX_POINT('',#7410);
#7410 = CARTESIAN_POINT('',(-9.1,-6.616580753734,112.3));
#7411 = LINE('',#7412,#7413);
#7412 = CARTESIAN_POINT('',(-9.1,-6.616580753734,112.3));
#7413 = VECTOR('',#7414,1.);
#7414 = DIRECTION('',(0.,-0.499999999999,0.866025403785));
#7415 = ORIENTED_EDGE('',*,*,#7416,.T.);
#7416 = EDGE_CURVE('',#7409,#4926,#7417,.T.);
#7417 = LINE('',#7418,#7419);
#7418 = CARTESIAN_POINT('',(-9.1,-6.616580753734,112.3));
#7419 = VECTOR('',#7420,1.);
#7420 = DIRECTION('',(1.,0.,0.));
#7421 = ORIENTED_EDGE('',*,*,#4925,.F.);
#7422 = ORIENTED_EDGE('',*,*,#4827,.F.);
#7423 = ORIENTED_EDGE('',*,*,#7368,.F.);
#7424 = PLANE('',#7425);
#7425 = AXIS2_PLACEMENT_3D('',#7426,#7427,#7428);
#7426 = CARTESIAN_POINT('',(-9.1,-6.616580753734,112.3));
#7427 = DIRECTION('',(0.,-0.866025403785,-0.499999999999));
#7428 = DIRECTION('',(0.,-0.499999999999,0.866025403785));
#7429 = ADVANCED_FACE('',(#7430),#7441,.F.);
#7430 = FACE_BOUND('',#7431,.F.);
#7431 = EDGE_LOOP('',(#7432,#7438,#7439,#7440));
#7432 = ORIENTED_EDGE('',*,*,#7433,.F.);
#7433 = EDGE_CURVE('',#7385,#7207,#7434,.T.);
#7434 = LINE('',#7435,#7436);
#7435 = CARTESIAN_POINT('',(-9.1,-6.616580753731,142.3));
#7436 = VECTOR('',#7437,1.);
#7437 = DIRECTION('',(0.,-0.5,0.866025403784));
#7438 = ORIENTED_EDGE('',*,*,#7394,.T.);
#7439 = ORIENTED_EDGE('',*,*,#4716,.F.);
#7440 = ORIENTED_EDGE('',*,*,#7214,.F.);
#7441 = PLANE('',#7442);
#7442 = AXIS2_PLACEMENT_3D('',#7443,#7444,#7445);
#7443 = CARTESIAN_POINT('',(-9.1,-6.616580753731,142.3));
#7444 = DIRECTION('',(0.,-0.866025403784,-0.5));
#7445 = DIRECTION('',(0.,-0.5,0.866025403784));
#7446 = ADVANCED_FACE('',(#7447),#7473,.F.);
#7447 = FACE_BOUND('',#7448,.F.);
#7448 = EDGE_LOOP('',(#7449,#7459,#7465,#7466,#7467));
#7449 = ORIENTED_EDGE('',*,*,#7450,.F.);
#7450 = EDGE_CURVE('',#7451,#7453,#7455,.T.);
#7451 = VERTEX_POINT('',#7452);
#7452 = CARTESIAN_POINT('',(-9.1,-31.76683849253,115.09999999997));
#7453 = VERTEX_POINT('',#7454);
#7454 = CARTESIAN_POINT('',(-9.1,-33.38341924628,112.29999999998));
#7455 = LINE('',#7456,#7457);
#7456 = CARTESIAN_POINT('',(-9.1,-31.76683849253,115.09999999997));
#7457 = VECTOR('',#7458,1.);
#7458 = DIRECTION('',(0.,-0.500000000005,-0.866025403781));
#7459 = ORIENTED_EDGE('',*,*,#7460,.T.);
#7460 = EDGE_CURVE('',#7451,#4804,#7461,.T.);
#7461 = LINE('',#7462,#7463);
#7462 = CARTESIAN_POINT('',(-9.1,-31.76683849253,115.09999999997));
#7463 = VECTOR('',#7464,1.);
#7464 = DIRECTION('',(1.,0.,0.));
#7465 = ORIENTED_EDGE('',*,*,#4811,.F.);
#7466 = ORIENTED_EDGE('',*,*,#4917,.F.);
#7467 = ORIENTED_EDGE('',*,*,#7468,.F.);
#7468 = EDGE_CURVE('',#7453,#4910,#7469,.T.);
#7469 = LINE('',#7470,#7471);
#7470 = CARTESIAN_POINT('',(-9.1,-33.38341924628,112.29999999998));
#7471 = VECTOR('',#7472,1.);
#7472 = DIRECTION('',(1.,0.,0.));
#7473 = PLANE('',#7474);
#7474 = AXIS2_PLACEMENT_3D('',#7475,#7476,#7477);
#7475 = CARTESIAN_POINT('',(-9.1,-31.76683849253,115.09999999997));
#7476 = DIRECTION('',(0.,0.866025403781,-0.500000000005));
#7477 = DIRECTION('',(0.,-0.500000000005,-0.866025403781));
#7478 = ADVANCED_FACE('',(#7479),#7497,.F.);
#7479 = FACE_BOUND('',#7480,.F.);
#7480 = EDGE_LOOP('',(#7481,#7489,#7495,#7496));
#7481 = ORIENTED_EDGE('',*,*,#7482,.F.);
#7482 = EDGE_CURVE('',#7483,#7451,#7485,.T.);
#7483 = VERTEX_POINT('',#7484);
#7484 = CARTESIAN_POINT('',(-9.1,-33.38341924625,117.90000000001));
#7485 = LINE('',#7486,#7487);
#7486 = CARTESIAN_POINT('',(-9.1,-33.38341924625,117.90000000001));
#7487 = VECTOR('',#7488,1.);
#7488 = DIRECTION('',(-0.,0.499999999992,-0.866025403789));
#7489 = ORIENTED_EDGE('',*,*,#7490,.T.);
#7490 = EDGE_CURVE('',#7483,#4796,#7491,.T.);
#7491 = LINE('',#7492,#7493);
#7492 = CARTESIAN_POINT('',(-9.1,-33.38341924625,117.90000000001));
#7493 = VECTOR('',#7494,1.);
#7494 = DIRECTION('',(1.,0.,0.));
#7495 = ORIENTED_EDGE('',*,*,#4803,.F.);
#7496 = ORIENTED_EDGE('',*,*,#7460,.F.);
#7497 = PLANE('',#7498);
#7498 = AXIS2_PLACEMENT_3D('',#7499,#7500,#7501);
#7499 = CARTESIAN_POINT('',(-9.1,-33.38341924625,117.90000000001));
#7500 = DIRECTION('',(0.,0.866025403789,0.499999999992));
#7501 = DIRECTION('',(0.,0.499999999992,-0.866025403789));
#7502 = ADVANCED_FACE('',(#7503),#7521,.F.);
#7503 = FACE_BOUND('',#7504,.F.);
#7504 = EDGE_LOOP('',(#7505,#7513,#7519,#7520));
#7505 = ORIENTED_EDGE('',*,*,#7506,.F.);
#7506 = EDGE_CURVE('',#7507,#7483,#7509,.T.);
#7507 = VERTEX_POINT('',#7508);
#7508 = CARTESIAN_POINT('',(-9.1,-36.61658075371,117.90000000001));
#7509 = LINE('',#7510,#7511);
#7510 = CARTESIAN_POINT('',(-9.1,-36.61658075371,117.90000000001));
#7511 = VECTOR('',#7512,1.);
#7512 = DIRECTION('',(0.,1.,0.));
#7513 = ORIENTED_EDGE('',*,*,#7514,.T.);
#7514 = EDGE_CURVE('',#7507,#4788,#7515,.T.);
#7515 = LINE('',#7516,#7517);
#7516 = CARTESIAN_POINT('',(-9.1,-36.61658075371,117.90000000001));
#7517 = VECTOR('',#7518,1.);
#7518 = DIRECTION('',(1.,0.,0.));
#7519 = ORIENTED_EDGE('',*,*,#4795,.F.);
#7520 = ORIENTED_EDGE('',*,*,#7490,.F.);
#7521 = PLANE('',#7522);
#7522 = AXIS2_PLACEMENT_3D('',#7523,#7524,#7525);
#7523 = CARTESIAN_POINT('',(-9.1,-36.61658075371,117.90000000001));
#7524 = DIRECTION('',(0.,0.,1.));
#7525 = DIRECTION('',(0.,1.,0.));
#7526 = ADVANCED_FACE('',(#7527),#7545,.F.);
#7527 = FACE_BOUND('',#7528,.F.);
#7528 = EDGE_LOOP('',(#7529,#7537,#7538,#7539));
#7529 = ORIENTED_EDGE('',*,*,#7530,.F.);
#7530 = EDGE_CURVE('',#7232,#7531,#7533,.T.);
#7531 = VERTEX_POINT('',#7532);
#7532 = CARTESIAN_POINT('',(-9.1,-33.38341924626,142.3));
#7533 = LINE('',#7534,#7535);
#7534 = CARTESIAN_POINT('',(-9.1,-31.76683849253,145.1));
#7535 = VECTOR('',#7536,1.);
#7536 = DIRECTION('',(0.,-0.5,-0.866025403784));
#7537 = ORIENTED_EDGE('',*,*,#7242,.T.);
#7538 = ORIENTED_EDGE('',*,*,#4739,.F.);
#7539 = ORIENTED_EDGE('',*,*,#7540,.F.);
#7540 = EDGE_CURVE('',#7531,#4740,#7541,.T.);
#7541 = LINE('',#7542,#7543);
#7542 = CARTESIAN_POINT('',(-9.1,-33.38341924626,142.3));
#7543 = VECTOR('',#7544,1.);
#7544 = DIRECTION('',(1.,0.,0.));
#7545 = PLANE('',#7546);
#7546 = AXIS2_PLACEMENT_3D('',#7547,#7548,#7549);
#7547 = CARTESIAN_POINT('',(-9.1,-31.76683849253,145.1));
#7548 = DIRECTION('',(0.,0.866025403784,-0.5));
#7549 = DIRECTION('',(0.,-0.5,-0.866025403784));
#7550 = ADVANCED_FACE('',(#7551),#7569,.F.);
#7551 = FACE_BOUND('',#7552,.F.);
#7552 = EDGE_LOOP('',(#7553,#7561,#7567,#7568));
#7553 = ORIENTED_EDGE('',*,*,#7554,.F.);
#7554 = EDGE_CURVE('',#7555,#7507,#7557,.T.);
#7555 = VERTEX_POINT('',#7556);
#7556 = CARTESIAN_POINT('',(-9.1,-38.23316150746,115.10000000001));
#7557 = LINE('',#7558,#7559);
#7558 = CARTESIAN_POINT('',(-9.1,-38.23316150746,115.10000000001));
#7559 = VECTOR('',#7560,1.);
#7560 = DIRECTION('',(0.,0.500000000004,0.866025403782));
#7561 = ORIENTED_EDGE('',*,*,#7562,.T.);
#7562 = EDGE_CURVE('',#7555,#4780,#7563,.T.);
#7563 = LINE('',#7564,#7565);
#7564 = CARTESIAN_POINT('',(-9.1,-38.23316150746,115.10000000001));
#7565 = VECTOR('',#7566,1.);
#7566 = DIRECTION('',(1.,0.,0.));
#7567 = ORIENTED_EDGE('',*,*,#4787,.F.);
#7568 = ORIENTED_EDGE('',*,*,#7514,.F.);
#7569 = PLANE('',#7570);
#7570 = AXIS2_PLACEMENT_3D('',#7571,#7572,#7573);
#7571 = CARTESIAN_POINT('',(-9.1,-38.23316150746,115.10000000001));
#7572 = DIRECTION('',(0.,-0.866025403782,0.500000000004));
#7573 = DIRECTION('',(0.,0.500000000004,0.866025403782));
#7574 = ADVANCED_FACE('',(#7575),#7593,.F.);
#7575 = FACE_BOUND('',#7576,.F.);
#7576 = EDGE_LOOP('',(#7577,#7585,#7586,#7587));
#7577 = ORIENTED_EDGE('',*,*,#7578,.F.);
#7578 = EDGE_CURVE('',#7531,#7579,#7581,.T.);
#7579 = VERTEX_POINT('',#7580);
#7580 = CARTESIAN_POINT('',(-9.1,-36.61658075373,142.3));
#7581 = LINE('',#7582,#7583);
#7582 = CARTESIAN_POINT('',(-9.1,-33.38341924626,142.3));
#7583 = VECTOR('',#7584,1.);
#7584 = DIRECTION('',(0.,-1.,0.));
#7585 = ORIENTED_EDGE('',*,*,#7540,.T.);
#7586 = ORIENTED_EDGE('',*,*,#4747,.F.);
#7587 = ORIENTED_EDGE('',*,*,#7588,.F.);
#7588 = EDGE_CURVE('',#7579,#4748,#7589,.T.);
#7589 = LINE('',#7590,#7591);
#7590 = CARTESIAN_POINT('',(-9.1,-36.61658075373,142.3));
#7591 = VECTOR('',#7592,1.);
#7592 = DIRECTION('',(1.,0.,0.));
#7593 = PLANE('',#7594);
#7594 = AXIS2_PLACEMENT_3D('',#7595,#7596,#7597);
#7595 = CARTESIAN_POINT('',(-9.1,-33.38341924626,142.3));
#7596 = DIRECTION('',(0.,0.,-1.));
#7597 = DIRECTION('',(0.,-1.,0.));
#7598 = ADVANCED_FACE('',(#7599),#7618,.F.);
#7599 = FACE_BOUND('',#7600,.F.);
#7600 = EDGE_LOOP('',(#7601,#7609,#7615,#7616,#7617));
#7601 = ORIENTED_EDGE('',*,*,#7602,.F.);
#7602 = EDGE_CURVE('',#7603,#7555,#7605,.T.);
#7603 = VERTEX_POINT('',#7604);
#7604 = CARTESIAN_POINT('',(-9.1,-36.61658075374,112.3));
#7605 = LINE('',#7606,#7607);
#7606 = CARTESIAN_POINT('',(-9.1,-36.61658075374,112.3));
#7607 = VECTOR('',#7608,1.);
#7608 = DIRECTION('',(0.,-0.499999999996,0.866025403787));
#7609 = ORIENTED_EDGE('',*,*,#7610,.T.);
#7610 = EDGE_CURVE('',#7603,#4901,#7611,.T.);
#7611 = LINE('',#7612,#7613);
#7612 = CARTESIAN_POINT('',(-9.1,-36.61658075374,112.3));
#7613 = VECTOR('',#7614,1.);
#7614 = DIRECTION('',(1.,0.,0.));
#7615 = ORIENTED_EDGE('',*,*,#4900,.F.);
#7616 = ORIENTED_EDGE('',*,*,#4779,.F.);
#7617 = ORIENTED_EDGE('',*,*,#7562,.F.);
#7618 = PLANE('',#7619);
#7619 = AXIS2_PLACEMENT_3D('',#7620,#7621,#7622);
#7620 = CARTESIAN_POINT('',(-9.1,-36.61658075374,112.3));
#7621 = DIRECTION('',(0.,-0.866025403787,-0.499999999996));
#7622 = DIRECTION('',(0.,-0.499999999996,0.866025403787));
#7623 = ADVANCED_FACE('',(#7624),#7635,.F.);
#7624 = FACE_BOUND('',#7625,.F.);
#7625 = EDGE_LOOP('',(#7626,#7632,#7633,#7634));
#7626 = ORIENTED_EDGE('',*,*,#7627,.F.);
#7627 = EDGE_CURVE('',#7579,#7127,#7628,.T.);
#7628 = LINE('',#7629,#7630);
#7629 = CARTESIAN_POINT('',(-9.1,-36.61658075373,142.3));
#7630 = VECTOR('',#7631,1.);
#7631 = DIRECTION('',(0.,-0.5,0.866025403784));
#7632 = ORIENTED_EDGE('',*,*,#7588,.T.);
#7633 = ORIENTED_EDGE('',*,*,#4755,.F.);
#7634 = ORIENTED_EDGE('',*,*,#7136,.F.);
#7635 = PLANE('',#7636);
#7636 = AXIS2_PLACEMENT_3D('',#7637,#7638,#7639);
#7637 = CARTESIAN_POINT('',(-9.1,-36.61658075373,142.3));
#7638 = DIRECTION('',(0.,-0.866025403784,-0.5));
#7639 = DIRECTION('',(0.,-0.5,0.866025403784));
#7640 = ADVANCED_FACE('',(#7641),#7652,.F.);
#7641 = FACE_BOUND('',#7642,.F.);
#7642 = EDGE_LOOP('',(#7643,#7649,#7650,#7651));
#7643 = ORIENTED_EDGE('',*,*,#7644,.F.);
#7644 = EDGE_CURVE('',#7259,#7409,#7645,.T.);
#7645 = LINE('',#7646,#7647);
#7646 = CARTESIAN_POINT('',(-9.1,-3.383419246272,112.29999999999));
#7647 = VECTOR('',#7648,1.);
#7648 = DIRECTION('',(0.,-1.,1.068068417808E-12));
#7649 = ORIENTED_EDGE('',*,*,#7274,.T.);
#7650 = ORIENTED_EDGE('',*,*,#4934,.F.);
#7651 = ORIENTED_EDGE('',*,*,#7416,.F.);
#7652 = PLANE('',#7653);
#7653 = AXIS2_PLACEMENT_3D('',#7654,#7655,#7656);
#7654 = CARTESIAN_POINT('',(-9.1,-3.383419246272,112.29999999999));
#7655 = DIRECTION('',(0.,-1.068068417808E-12,-1.));
#7656 = DIRECTION('',(0.,-1.,1.068068417808E-12));
#7657 = ADVANCED_FACE('',(#7658),#7669,.F.);
#7658 = FACE_BOUND('',#7659,.F.);
#7659 = EDGE_LOOP('',(#7660,#7666,#7667,#7668));
#7660 = ORIENTED_EDGE('',*,*,#7661,.F.);
#7661 = EDGE_CURVE('',#7453,#7603,#7662,.T.);
#7662 = LINE('',#7663,#7664);
#7663 = CARTESIAN_POINT('',(-9.1,-33.38341924628,112.29999999998));
#7664 = VECTOR('',#7665,1.);
#7665 = DIRECTION('',(0.,-1.,5.669992835274E-12));
#7666 = ORIENTED_EDGE('',*,*,#7468,.T.);
#7667 = ORIENTED_EDGE('',*,*,#4909,.F.);
#7668 = ORIENTED_EDGE('',*,*,#7610,.F.);
#7669 = PLANE('',#7670);
#7670 = AXIS2_PLACEMENT_3D('',#7671,#7672,#7673);
#7671 = CARTESIAN_POINT('',(-9.1,-33.38341924628,112.29999999998));
#7672 = DIRECTION('',(0.,-5.669992835274E-12,-1.));
#7673 = DIRECTION('',(0.,-1.,5.669992835274E-12));
#7674 = ADVANCED_FACE('',(#7675),#7701,.T.);
#7675 = FACE_BOUND('',#7676,.T.);
#7676 = EDGE_LOOP('',(#7677,#7687,#7693,#7694,#7695));
#7677 = ORIENTED_EDGE('',*,*,#7678,.F.);
#7678 = EDGE_CURVE('',#7679,#7681,#7683,.T.);
#7679 = VERTEX_POINT('',#7680);
#7680 = CARTESIAN_POINT('',(-9.1,-1.766838492537,55.100000000003));
#7681 = VERTEX_POINT('',#7682);
#7682 = CARTESIAN_POINT('',(-9.1,-3.383419246272,57.900000000002));
#7683 = LINE('',#7684,#7685);
#7684 = CARTESIAN_POINT('',(-9.1,-1.766838492537,55.100000000003));
#7685 = VECTOR('',#7686,1.);
#7686 = DIRECTION('',(0.,-0.500000000001,0.866025403784));
#7687 = ORIENTED_EDGE('',*,*,#7688,.T.);
#7688 = EDGE_CURVE('',#7679,#5314,#7689,.T.);
#7689 = LINE('',#7690,#7691);
#7690 = CARTESIAN_POINT('',(-9.1,-1.766838492537,55.100000000003));
#7691 = VECTOR('',#7692,1.);
#7692 = DIRECTION('',(1.,0.,0.));
#7693 = ORIENTED_EDGE('',*,*,#5321,.T.);
#7694 = ORIENTED_EDGE('',*,*,#5052,.F.);
#7695 = ORIENTED_EDGE('',*,*,#7696,.F.);
#7696 = EDGE_CURVE('',#7681,#5053,#7697,.T.);
#7697 = LINE('',#7698,#7699);
#7698 = CARTESIAN_POINT('',(-9.1,-3.383419246272,57.900000000002));
#7699 = VECTOR('',#7700,1.);
#7700 = DIRECTION('',(1.,0.,0.));
#7701 = PLANE('',#7702);
#7702 = AXIS2_PLACEMENT_3D('',#7703,#7704,#7705);
#7703 = CARTESIAN_POINT('',(-9.1,-1.766838492537,55.100000000003));
#7704 = DIRECTION('',(0.,-0.866025403784,-0.500000000001));
#7705 = DIRECTION('',(0.,-0.500000000001,0.866025403784));
#7706 = ADVANCED_FACE('',(#7707),#7733,.T.);
#7707 = FACE_BOUND('',#7708,.T.);
#7708 = EDGE_LOOP('',(#7709,#7719,#7725,#7726,#7727));
#7709 = ORIENTED_EDGE('',*,*,#7710,.F.);
#7710 = EDGE_CURVE('',#7711,#7713,#7715,.T.);
#7711 = VERTEX_POINT('',#7712);
#7712 = CARTESIAN_POINT('',(-9.1,-36.61658075374,57.899999999997));
#7713 = VERTEX_POINT('',#7714);
#7714 = CARTESIAN_POINT('',(-9.1,-38.23316150746,55.099999999989));
#7715 = LINE('',#7716,#7717);
#7716 = CARTESIAN_POINT('',(-9.1,-36.61658075374,57.899999999997));
#7717 = VECTOR('',#7718,1.);
#7718 = DIRECTION('',(0.,-0.499999999996,-0.866025403787));
#7719 = ORIENTED_EDGE('',*,*,#7720,.T.);
#7720 = EDGE_CURVE('',#7711,#5096,#7721,.T.);
#7721 = LINE('',#7722,#7723);
#7722 = CARTESIAN_POINT('',(-9.1,-36.61658075374,57.899999999997));
#7723 = VECTOR('',#7724,1.);
#7724 = DIRECTION('',(1.,0.,0.));
#7725 = ORIENTED_EDGE('',*,*,#5103,.F.);
#7726 = ORIENTED_EDGE('',*,*,#5250,.T.);
#7727 = ORIENTED_EDGE('',*,*,#7728,.F.);
#7728 = EDGE_CURVE('',#7713,#5251,#7729,.T.);
#7729 = LINE('',#7730,#7731);
#7730 = CARTESIAN_POINT('',(-9.1,-38.23316150746,55.099999999989));
#7731 = VECTOR('',#7732,1.);
#7732 = DIRECTION('',(1.,0.,0.));
#7733 = PLANE('',#7734);
#7734 = AXIS2_PLACEMENT_3D('',#7735,#7736,#7737);
#7735 = CARTESIAN_POINT('',(-9.1,-36.61658075374,57.899999999997));
#7736 = DIRECTION('',(0.,0.866025403787,-0.499999999996));
#7737 = DIRECTION('',(0.,-0.499999999996,-0.866025403787));
#7738 = ADVANCED_FACE('',(#7739),#7757,.T.);
#7739 = FACE_BOUND('',#7740,.T.);
#7740 = EDGE_LOOP('',(#7741,#7749,#7750,#7751));
#7741 = ORIENTED_EDGE('',*,*,#7742,.F.);
#7742 = EDGE_CURVE('',#7681,#7743,#7745,.T.);
#7743 = VERTEX_POINT('',#7744);
#7744 = CARTESIAN_POINT('',(-9.1,-6.616580753734,57.899999999999));
#7745 = LINE('',#7746,#7747);
#7746 = CARTESIAN_POINT('',(-9.1,-3.383419246272,57.900000000002));
#7747 = VECTOR('',#7748,1.);
#7748 = DIRECTION('',(0.,-1.,-1.068068417808E-12));
#7749 = ORIENTED_EDGE('',*,*,#7696,.T.);
#7750 = ORIENTED_EDGE('',*,*,#5061,.F.);
#7751 = ORIENTED_EDGE('',*,*,#7752,.F.);
#7752 = EDGE_CURVE('',#7743,#5062,#7753,.T.);
#7753 = LINE('',#7754,#7755);
#7754 = CARTESIAN_POINT('',(-9.1,-6.616580753734,57.899999999999));
#7755 = VECTOR('',#7756,1.);
#7756 = DIRECTION('',(1.,0.,0.));
#7757 = PLANE('',#7758);
#7758 = AXIS2_PLACEMENT_3D('',#7759,#7760,#7761);
#7759 = CARTESIAN_POINT('',(-9.1,-3.383419246272,57.900000000002));
#7760 = DIRECTION('',(0.,1.068068417808E-12,-1.));
#7761 = DIRECTION('',(0.,-1.,-1.068068417808E-12));
#7762 = ADVANCED_FACE('',(#7763),#7781,.T.);
#7763 = FACE_BOUND('',#7764,.T.);
#7764 = EDGE_LOOP('',(#7765,#7773,#7779,#7780));
#7765 = ORIENTED_EDGE('',*,*,#7766,.F.);
#7766 = EDGE_CURVE('',#7767,#7711,#7769,.T.);
#7767 = VERTEX_POINT('',#7768);
#7768 = CARTESIAN_POINT('',(-9.1,-33.38341924628,57.900000000015));
#7769 = LINE('',#7770,#7771);
#7770 = CARTESIAN_POINT('',(-9.1,-33.38341924628,57.900000000015));
#7771 = VECTOR('',#7772,1.);
#7772 = DIRECTION('',(0.,-1.,-5.669992835274E-12));
#7773 = ORIENTED_EDGE('',*,*,#7774,.T.);
#7774 = EDGE_CURVE('',#7767,#5087,#7775,.T.);
#7775 = LINE('',#7776,#7777);
#7776 = CARTESIAN_POINT('',(-9.1,-33.38341924628,57.900000000015));
#7777 = VECTOR('',#7778,1.);
#7778 = DIRECTION('',(1.,0.,0.));
#7779 = ORIENTED_EDGE('',*,*,#5095,.F.);
#7780 = ORIENTED_EDGE('',*,*,#7720,.F.);
#7781 = PLANE('',#7782);
#7782 = AXIS2_PLACEMENT_3D('',#7783,#7784,#7785);
#7783 = CARTESIAN_POINT('',(-9.1,-33.38341924628,57.900000000015));
#7784 = DIRECTION('',(0.,5.669992835274E-12,-1.));
#7785 = DIRECTION('',(0.,-1.,-5.669992835274E-12));
#7786 = ADVANCED_FACE('',(#7787),#7806,.T.);
#7787 = FACE_BOUND('',#7788,.T.);
#7788 = EDGE_LOOP('',(#7789,#7797,#7798,#7799,#7800));
#7789 = ORIENTED_EDGE('',*,*,#7790,.F.);
#7790 = EDGE_CURVE('',#7743,#7791,#7793,.T.);
#7791 = VERTEX_POINT('',#7792);
#7792 = CARTESIAN_POINT('',(-9.1,-8.233161507462,55.099999999997));
#7793 = LINE('',#7794,#7795);
#7794 = CARTESIAN_POINT('',(-9.1,-6.616580753734,57.899999999999));
#7795 = VECTOR('',#7796,1.);
#7796 = DIRECTION('',(0.,-0.499999999999,-0.866025403785));
#7797 = ORIENTED_EDGE('',*,*,#7752,.T.);
#7798 = ORIENTED_EDGE('',*,*,#5069,.F.);
#7799 = ORIENTED_EDGE('',*,*,#5289,.T.);
#7800 = ORIENTED_EDGE('',*,*,#7801,.F.);
#7801 = EDGE_CURVE('',#7791,#5290,#7802,.T.);
#7802 = LINE('',#7803,#7804);
#7803 = CARTESIAN_POINT('',(-9.1,-8.233161507462,55.099999999997));
#7804 = VECTOR('',#7805,1.);
#7805 = DIRECTION('',(1.,0.,0.));
#7806 = PLANE('',#7807);
#7807 = AXIS2_PLACEMENT_3D('',#7808,#7809,#7810);
#7808 = CARTESIAN_POINT('',(-9.1,-6.616580753734,57.899999999999));
#7809 = DIRECTION('',(0.,0.866025403785,-0.499999999999));
#7810 = DIRECTION('',(0.,-0.499999999999,-0.866025403785));
#7811 = ADVANCED_FACE('',(#7812),#7831,.T.);
#7812 = FACE_BOUND('',#7813,.T.);
#7813 = EDGE_LOOP('',(#7814,#7822,#7828,#7829,#7830));
#7814 = ORIENTED_EDGE('',*,*,#7815,.F.);
#7815 = EDGE_CURVE('',#7816,#7767,#7818,.T.);
#7816 = VERTEX_POINT('',#7817);
#7817 = CARTESIAN_POINT('',(-9.1,-31.76683849253,55.100000000021));
#7818 = LINE('',#7819,#7820);
#7819 = CARTESIAN_POINT('',(-9.1,-31.76683849253,55.100000000021));
#7820 = VECTOR('',#7821,1.);
#7821 = DIRECTION('',(0.,-0.500000000005,0.866025403781));
#7822 = ORIENTED_EDGE('',*,*,#7823,.T.);
#7823 = EDGE_CURVE('',#7816,#5275,#7824,.T.);
#7824 = LINE('',#7825,#7826);
#7825 = CARTESIAN_POINT('',(-9.1,-31.76683849253,55.100000000021));
#7826 = VECTOR('',#7827,1.);
#7827 = DIRECTION('',(1.,0.,0.));
#7828 = ORIENTED_EDGE('',*,*,#5282,.T.);
#7829 = ORIENTED_EDGE('',*,*,#5086,.F.);
#7830 = ORIENTED_EDGE('',*,*,#7774,.F.);
#7831 = PLANE('',#7832);
#7832 = AXIS2_PLACEMENT_3D('',#7833,#7834,#7835);
#7833 = CARTESIAN_POINT('',(-9.1,-31.76683849253,55.100000000021));
#7834 = DIRECTION('',(0.,-0.866025403781,-0.500000000005));
#7835 = DIRECTION('',(0.,-0.500000000005,0.866025403781));
#7836 = ADVANCED_FACE('',(#7837),#7855,.T.);
#7837 = FACE_BOUND('',#7838,.T.);
#7838 = EDGE_LOOP('',(#7839,#7847,#7853,#7854));
#7839 = ORIENTED_EDGE('',*,*,#7840,.F.);
#7840 = EDGE_CURVE('',#7841,#7679,#7843,.T.);
#7841 = VERTEX_POINT('',#7842);
#7842 = CARTESIAN_POINT('',(-9.1,-3.383419246265,52.299999999996));
#7843 = LINE('',#7844,#7845);
#7844 = CARTESIAN_POINT('',(-9.1,-3.383419246265,52.299999999996));
#7845 = VECTOR('',#7846,1.);
#7846 = DIRECTION('',(0.,0.499999999998,0.866025403785));
#7847 = ORIENTED_EDGE('',*,*,#7848,.T.);
#7848 = EDGE_CURVE('',#7841,#5306,#7849,.T.);
#7849 = LINE('',#7850,#7851);
#7850 = CARTESIAN_POINT('',(-9.1,-3.383419246265,52.299999999996));
#7851 = VECTOR('',#7852,1.);
#7852 = DIRECTION('',(1.,0.,0.));
#7853 = ORIENTED_EDGE('',*,*,#5313,.T.);
#7854 = ORIENTED_EDGE('',*,*,#7688,.F.);
#7855 = PLANE('',#7856);
#7856 = AXIS2_PLACEMENT_3D('',#7857,#7858,#7859);
#7857 = CARTESIAN_POINT('',(-9.1,-3.383419246265,52.299999999996));
#7858 = DIRECTION('',(0.,-0.866025403785,0.499999999998));
#7859 = DIRECTION('',(0.,0.499999999998,0.866025403785));
#7860 = ADVANCED_FACE('',(#7861),#7887,.T.);
#7861 = FACE_BOUND('',#7862,.T.);
#7862 = EDGE_LOOP('',(#7863,#7873,#7879,#7880,#7881));
#7863 = ORIENTED_EDGE('',*,*,#7864,.F.);
#7864 = EDGE_CURVE('',#7865,#7867,#7869,.T.);
#7865 = VERTEX_POINT('',#7866);
#7866 = CARTESIAN_POINT('',(-9.1,-3.383419246269,22.3));
#7867 = VERTEX_POINT('',#7868);
#7868 = CARTESIAN_POINT('',(-9.1,-1.766838492538,25.1));
#7869 = LINE('',#7870,#7871);
#7870 = CARTESIAN_POINT('',(-9.1,-3.383419246269,22.3));
#7871 = VECTOR('',#7872,1.);
#7872 = DIRECTION('',(0.,0.5,0.866025403784));
#7873 = ORIENTED_EDGE('',*,*,#7874,.T.);
#7874 = EDGE_CURVE('',#7865,#5397,#7875,.T.);
#7875 = LINE('',#7876,#7877);
#7876 = CARTESIAN_POINT('',(-9.1,-3.383419246269,22.3));
#7877 = VECTOR('',#7878,1.);
#7878 = DIRECTION('',(1.,0.,0.));
#7879 = ORIENTED_EDGE('',*,*,#5404,.F.);
#7880 = ORIENTED_EDGE('',*,*,#5154,.T.);
#7881 = ORIENTED_EDGE('',*,*,#7882,.F.);
#7882 = EDGE_CURVE('',#7867,#5155,#7883,.T.);
#7883 = LINE('',#7884,#7885);
#7884 = CARTESIAN_POINT('',(-9.1,-1.766838492538,25.1));
#7885 = VECTOR('',#7886,1.);
#7886 = DIRECTION('',(1.,0.,0.));
#7887 = PLANE('',#7888);
#7888 = AXIS2_PLACEMENT_3D('',#7889,#7890,#7891);
#7889 = CARTESIAN_POINT('',(-9.1,-3.383419246269,22.3));
#7890 = DIRECTION('',(0.,-0.866025403784,0.5));
#7891 = DIRECTION('',(0.,0.5,0.866025403784));
#7892 = ADVANCED_FACE('',(#7893),#7911,.T.);
#7893 = FACE_BOUND('',#7894,.T.);
#7894 = EDGE_LOOP('',(#7895,#7903,#7909,#7910));
#7895 = ORIENTED_EDGE('',*,*,#7896,.F.);
#7896 = EDGE_CURVE('',#7897,#7841,#7899,.T.);
#7897 = VERTEX_POINT('',#7898);
#7898 = CARTESIAN_POINT('',(-9.1,-6.616580753727,52.299999999996));
#7899 = LINE('',#7900,#7901);
#7900 = CARTESIAN_POINT('',(-9.1,-6.616580753727,52.299999999996));
#7901 = VECTOR('',#7902,1.);
#7902 = DIRECTION('',(0.,1.,0.));
#7903 = ORIENTED_EDGE('',*,*,#7904,.T.);
#7904 = EDGE_CURVE('',#7897,#5298,#7905,.T.);
#7905 = LINE('',#7906,#7907);
#7906 = CARTESIAN_POINT('',(-9.1,-6.616580753727,52.299999999996));
#7907 = VECTOR('',#7908,1.);
#7908 = DIRECTION('',(1.,0.,0.));
#7909 = ORIENTED_EDGE('',*,*,#5305,.T.);
#7910 = ORIENTED_EDGE('',*,*,#7848,.F.);
#7911 = PLANE('',#7912);
#7912 = AXIS2_PLACEMENT_3D('',#7913,#7914,#7915);
#7913 = CARTESIAN_POINT('',(-9.1,-6.616580753727,52.299999999996));
#7914 = DIRECTION('',(0.,0.,1.));
#7915 = DIRECTION('',(0.,1.,0.));
#7916 = ADVANCED_FACE('',(#7917),#7935,.T.);
#7917 = FACE_BOUND('',#7918,.T.);
#7918 = EDGE_LOOP('',(#7919,#7927,#7928,#7929));
#7919 = ORIENTED_EDGE('',*,*,#7920,.F.);
#7920 = EDGE_CURVE('',#7867,#7921,#7923,.T.);
#7921 = VERTEX_POINT('',#7922);
#7922 = CARTESIAN_POINT('',(-9.1,-3.383419246269,27.9));
#7923 = LINE('',#7924,#7925);
#7924 = CARTESIAN_POINT('',(-9.1,-1.766838492538,25.1));
#7925 = VECTOR('',#7926,1.);
#7926 = DIRECTION('',(0.,-0.5,0.866025403784));
#7927 = ORIENTED_EDGE('',*,*,#7882,.T.);
#7928 = ORIENTED_EDGE('',*,*,#5162,.T.);
#7929 = ORIENTED_EDGE('',*,*,#7930,.F.);
#7930 = EDGE_CURVE('',#7921,#5163,#7931,.T.);
#7931 = LINE('',#7932,#7933);
#7932 = CARTESIAN_POINT('',(-9.1,-3.383419246269,27.9));
#7933 = VECTOR('',#7934,1.);
#7934 = DIRECTION('',(1.,0.,0.));
#7935 = PLANE('',#7936);
#7936 = AXIS2_PLACEMENT_3D('',#7937,#7938,#7939);
#7937 = CARTESIAN_POINT('',(-9.1,-1.766838492538,25.1));
#7938 = DIRECTION('',(0.,-0.866025403784,-0.5));
#7939 = DIRECTION('',(0.,-0.5,0.866025403784));
#7940 = ADVANCED_FACE('',(#7941),#7952,.T.);
#7941 = FACE_BOUND('',#7942,.T.);
#7942 = EDGE_LOOP('',(#7943,#7949,#7950,#7951));
#7943 = ORIENTED_EDGE('',*,*,#7944,.F.);
#7944 = EDGE_CURVE('',#7791,#7897,#7945,.T.);
#7945 = LINE('',#7946,#7947);
#7946 = CARTESIAN_POINT('',(-9.1,-8.233161507462,55.099999999997));
#7947 = VECTOR('',#7948,1.);
#7948 = DIRECTION('',(-0.,0.500000000001,-0.866025403784));
#7949 = ORIENTED_EDGE('',*,*,#7801,.T.);
#7950 = ORIENTED_EDGE('',*,*,#5297,.T.);
#7951 = ORIENTED_EDGE('',*,*,#7904,.F.);
#7952 = PLANE('',#7953);
#7953 = AXIS2_PLACEMENT_3D('',#7954,#7955,#7956);
#7954 = CARTESIAN_POINT('',(-9.1,-8.233161507462,55.099999999997));
#7955 = DIRECTION('',(0.,0.866025403784,0.500000000001));
#7956 = DIRECTION('',(0.,0.500000000001,-0.866025403784));
#7957 = ADVANCED_FACE('',(#7958),#7976,.T.);
#7958 = FACE_BOUND('',#7959,.T.);
#7959 = EDGE_LOOP('',(#7960,#7968,#7969,#7970));
#7960 = ORIENTED_EDGE('',*,*,#7961,.F.);
#7961 = EDGE_CURVE('',#7921,#7962,#7964,.T.);
#7962 = VERTEX_POINT('',#7963);
#7963 = CARTESIAN_POINT('',(-9.1,-6.616580753731,27.9));
#7964 = LINE('',#7965,#7966);
#7965 = CARTESIAN_POINT('',(-9.1,-3.383419246269,27.9));
#7966 = VECTOR('',#7967,1.);
#7967 = DIRECTION('',(0.,-1.,0.));
#7968 = ORIENTED_EDGE('',*,*,#7930,.T.);
#7969 = ORIENTED_EDGE('',*,*,#5170,.T.);
#7970 = ORIENTED_EDGE('',*,*,#7971,.F.);
#7971 = EDGE_CURVE('',#7962,#5171,#7972,.T.);
#7972 = LINE('',#7973,#7974);
#7973 = CARTESIAN_POINT('',(-9.1,-6.616580753731,27.9));
#7974 = VECTOR('',#7975,1.);
#7975 = DIRECTION('',(1.,0.,0.));
#7976 = PLANE('',#7977);
#7977 = AXIS2_PLACEMENT_3D('',#7978,#7979,#7980);
#7978 = CARTESIAN_POINT('',(-9.1,-3.383419246269,27.9));
#7979 = DIRECTION('',(0.,0.,-1.));
#7980 = DIRECTION('',(0.,-1.,0.));
#7981 = ADVANCED_FACE('',(#7982),#8000,.T.);
#7982 = FACE_BOUND('',#7983,.T.);
#7983 = EDGE_LOOP('',(#7984,#7992,#7993,#7994));
#7984 = ORIENTED_EDGE('',*,*,#7985,.F.);
#7985 = EDGE_CURVE('',#7962,#7986,#7988,.T.);
#7986 = VERTEX_POINT('',#7987);
#7987 = CARTESIAN_POINT('',(-9.1,-8.233161507462,25.1));
#7988 = LINE('',#7989,#7990);
#7989 = CARTESIAN_POINT('',(-9.1,-6.616580753731,27.9));
#7990 = VECTOR('',#7991,1.);
#7991 = DIRECTION('',(0.,-0.5,-0.866025403784));
#7992 = ORIENTED_EDGE('',*,*,#7971,.T.);
#7993 = ORIENTED_EDGE('',*,*,#5178,.T.);
#7994 = ORIENTED_EDGE('',*,*,#7995,.F.);
#7995 = EDGE_CURVE('',#7986,#5179,#7996,.T.);
#7996 = LINE('',#7997,#7998);
#7997 = CARTESIAN_POINT('',(-9.1,-8.233161507462,25.1));
#7998 = VECTOR('',#7999,1.);
#7999 = DIRECTION('',(1.,0.,0.));
#8000 = PLANE('',#8001);
#8001 = AXIS2_PLACEMENT_3D('',#8002,#8003,#8004);
#8002 = CARTESIAN_POINT('',(-9.1,-6.616580753731,27.9));
#8003 = DIRECTION('',(0.,0.866025403784,-0.5));
#8004 = DIRECTION('',(0.,-0.5,-0.866025403784));
#8005 = ADVANCED_FACE('',(#8006),#8025,.T.);
#8006 = FACE_BOUND('',#8007,.T.);
#8007 = EDGE_LOOP('',(#8008,#8016,#8017,#8018,#8019));
#8008 = ORIENTED_EDGE('',*,*,#8009,.F.);
#8009 = EDGE_CURVE('',#7986,#8010,#8012,.T.);
#8010 = VERTEX_POINT('',#8011);
#8011 = CARTESIAN_POINT('',(-9.1,-6.616580753731,22.3));
#8012 = LINE('',#8013,#8014);
#8013 = CARTESIAN_POINT('',(-9.1,-8.233161507462,25.1));
#8014 = VECTOR('',#8015,1.);
#8015 = DIRECTION('',(-0.,0.5,-0.866025403784));
#8016 = ORIENTED_EDGE('',*,*,#7995,.T.);
#8017 = ORIENTED_EDGE('',*,*,#5186,.T.);
#8018 = ORIENTED_EDGE('',*,*,#5387,.F.);
#8019 = ORIENTED_EDGE('',*,*,#8020,.F.);
#8020 = EDGE_CURVE('',#8010,#5388,#8021,.T.);
#8021 = LINE('',#8022,#8023);
#8022 = CARTESIAN_POINT('',(-9.1,-6.616580753731,22.3));
#8023 = VECTOR('',#8024,1.);
#8024 = DIRECTION('',(1.,0.,0.));
#8025 = PLANE('',#8026);
#8026 = AXIS2_PLACEMENT_3D('',#8027,#8028,#8029);
#8027 = CARTESIAN_POINT('',(-9.1,-8.233161507462,25.1));
#8028 = DIRECTION('',(0.,0.866025403784,0.5));
#8029 = DIRECTION('',(0.,0.5,-0.866025403784));
#8030 = ADVANCED_FACE('',(#8031),#8049,.T.);
#8031 = FACE_BOUND('',#8032,.T.);
#8032 = EDGE_LOOP('',(#8033,#8041,#8047,#8048));
#8033 = ORIENTED_EDGE('',*,*,#8034,.F.);
#8034 = EDGE_CURVE('',#8035,#7816,#8037,.T.);
#8035 = VERTEX_POINT('',#8036);
#8036 = CARTESIAN_POINT('',(-9.1,-33.38341924625,52.299999999981));
#8037 = LINE('',#8038,#8039);
#8038 = CARTESIAN_POINT('',(-9.1,-33.38341924625,52.299999999981));
#8039 = VECTOR('',#8040,1.);
#8040 = DIRECTION('',(0.,0.499999999992,0.866025403789));
#8041 = ORIENTED_EDGE('',*,*,#8042,.T.);
#8042 = EDGE_CURVE('',#8035,#5267,#8043,.T.);
#8043 = LINE('',#8044,#8045);
#8044 = CARTESIAN_POINT('',(-9.1,-33.38341924625,52.299999999981));
#8045 = VECTOR('',#8046,1.);
#8046 = DIRECTION('',(1.,0.,0.));
#8047 = ORIENTED_EDGE('',*,*,#5274,.T.);
#8048 = ORIENTED_EDGE('',*,*,#7823,.F.);
#8049 = PLANE('',#8050);
#8050 = AXIS2_PLACEMENT_3D('',#8051,#8052,#8053);
#8051 = CARTESIAN_POINT('',(-9.1,-33.38341924625,52.299999999981));
#8052 = DIRECTION('',(0.,-0.866025403789,0.499999999992));
#8053 = DIRECTION('',(0.,0.499999999992,0.866025403789));
#8054 = ADVANCED_FACE('',(#8055),#8081,.T.);
#8055 = FACE_BOUND('',#8056,.T.);
#8056 = EDGE_LOOP('',(#8057,#8067,#8073,#8074,#8075));
#8057 = ORIENTED_EDGE('',*,*,#8058,.F.);
#8058 = EDGE_CURVE('',#8059,#8061,#8063,.T.);
#8059 = VERTEX_POINT('',#8060);
#8060 = CARTESIAN_POINT('',(-9.1,-33.38341924626,22.3));
#8061 = VERTEX_POINT('',#8062);
#8062 = CARTESIAN_POINT('',(-9.1,-31.76683849253,25.1));
#8063 = LINE('',#8064,#8065);
#8064 = CARTESIAN_POINT('',(-9.1,-33.38341924626,22.3));
#8065 = VECTOR('',#8066,1.);
#8066 = DIRECTION('',(0.,0.5,0.866025403784));
#8067 = ORIENTED_EDGE('',*,*,#8068,.T.);
#8068 = EDGE_CURVE('',#8059,#5372,#8069,.T.);
#8069 = LINE('',#8070,#8071);
#8070 = CARTESIAN_POINT('',(-9.1,-33.38341924626,22.3));
#8071 = VECTOR('',#8072,1.);
#8072 = DIRECTION('',(1.,0.,0.));
#8073 = ORIENTED_EDGE('',*,*,#5379,.F.);
#8074 = ORIENTED_EDGE('',*,*,#5202,.T.);
#8075 = ORIENTED_EDGE('',*,*,#8076,.F.);
#8076 = EDGE_CURVE('',#8061,#5203,#8077,.T.);
#8077 = LINE('',#8078,#8079);
#8078 = CARTESIAN_POINT('',(-9.1,-31.76683849253,25.1));
#8079 = VECTOR('',#8080,1.);
#8080 = DIRECTION('',(1.,0.,0.));
#8081 = PLANE('',#8082);
#8082 = AXIS2_PLACEMENT_3D('',#8083,#8084,#8085);
#8083 = CARTESIAN_POINT('',(-9.1,-33.38341924626,22.3));
#8084 = DIRECTION('',(0.,-0.866025403784,0.5));
#8085 = DIRECTION('',(0.,0.5,0.866025403784));
#8086 = ADVANCED_FACE('',(#8087),#8105,.T.);
#8087 = FACE_BOUND('',#8088,.T.);
#8088 = EDGE_LOOP('',(#8089,#8097,#8103,#8104));
#8089 = ORIENTED_EDGE('',*,*,#8090,.F.);
#8090 = EDGE_CURVE('',#8091,#8035,#8093,.T.);
#8091 = VERTEX_POINT('',#8092);
#8092 = CARTESIAN_POINT('',(-9.1,-36.61658075371,52.299999999981));
#8093 = LINE('',#8094,#8095);
#8094 = CARTESIAN_POINT('',(-9.1,-36.61658075371,52.299999999981));
#8095 = VECTOR('',#8096,1.);
#8096 = DIRECTION('',(0.,1.,0.));
#8097 = ORIENTED_EDGE('',*,*,#8098,.T.);
#8098 = EDGE_CURVE('',#8091,#5259,#8099,.T.);
#8099 = LINE('',#8100,#8101);
#8100 = CARTESIAN_POINT('',(-9.1,-36.61658075371,52.299999999981));
#8101 = VECTOR('',#8102,1.);
#8102 = DIRECTION('',(1.,0.,0.));
#8103 = ORIENTED_EDGE('',*,*,#5266,.T.);
#8104 = ORIENTED_EDGE('',*,*,#8042,.F.);
#8105 = PLANE('',#8106);
#8106 = AXIS2_PLACEMENT_3D('',#8107,#8108,#8109);
#8107 = CARTESIAN_POINT('',(-9.1,-36.61658075371,52.299999999981));
#8108 = DIRECTION('',(0.,0.,1.));
#8109 = DIRECTION('',(0.,1.,0.));
#8110 = ADVANCED_FACE('',(#8111),#8129,.T.);
#8111 = FACE_BOUND('',#8112,.T.);
#8112 = EDGE_LOOP('',(#8113,#8121,#8122,#8123));
#8113 = ORIENTED_EDGE('',*,*,#8114,.F.);
#8114 = EDGE_CURVE('',#8061,#8115,#8117,.T.);
#8115 = VERTEX_POINT('',#8116);
#8116 = CARTESIAN_POINT('',(-9.1,-33.38341924626,27.9));
#8117 = LINE('',#8118,#8119);
#8118 = CARTESIAN_POINT('',(-9.1,-31.76683849253,25.1));
#8119 = VECTOR('',#8120,1.);
#8120 = DIRECTION('',(0.,-0.5,0.866025403784));
#8121 = ORIENTED_EDGE('',*,*,#8076,.T.);
#8122 = ORIENTED_EDGE('',*,*,#5210,.T.);
#8123 = ORIENTED_EDGE('',*,*,#8124,.F.);
#8124 = EDGE_CURVE('',#8115,#5211,#8125,.T.);
#8125 = LINE('',#8126,#8127);
#8126 = CARTESIAN_POINT('',(-9.1,-33.38341924626,27.9));
#8127 = VECTOR('',#8128,1.);
#8128 = DIRECTION('',(1.,0.,0.));
#8129 = PLANE('',#8130);
#8130 = AXIS2_PLACEMENT_3D('',#8131,#8132,#8133);
#8131 = CARTESIAN_POINT('',(-9.1,-31.76683849253,25.1));
#8132 = DIRECTION('',(0.,-0.866025403784,-0.5));
#8133 = DIRECTION('',(0.,-0.5,0.866025403784));
#8134 = ADVANCED_FACE('',(#8135),#8146,.T.);
#8135 = FACE_BOUND('',#8136,.T.);
#8136 = EDGE_LOOP('',(#8137,#8143,#8144,#8145));
#8137 = ORIENTED_EDGE('',*,*,#8138,.F.);
#8138 = EDGE_CURVE('',#7713,#8091,#8139,.T.);
#8139 = LINE('',#8140,#8141);
#8140 = CARTESIAN_POINT('',(-9.1,-38.23316150746,55.099999999989));
#8141 = VECTOR('',#8142,1.);
#8142 = DIRECTION('',(-0.,0.500000000004,-0.866025403782));
#8143 = ORIENTED_EDGE('',*,*,#7728,.T.);
#8144 = ORIENTED_EDGE('',*,*,#5258,.T.);
#8145 = ORIENTED_EDGE('',*,*,#8098,.F.);
#8146 = PLANE('',#8147);
#8147 = AXIS2_PLACEMENT_3D('',#8148,#8149,#8150);
#8148 = CARTESIAN_POINT('',(-9.1,-38.23316150746,55.099999999989));
#8149 = DIRECTION('',(0.,0.866025403782,0.500000000004));
#8150 = DIRECTION('',(0.,0.500000000004,-0.866025403782));
#8151 = ADVANCED_FACE('',(#8152),#8170,.T.);
#8152 = FACE_BOUND('',#8153,.T.);
#8153 = EDGE_LOOP('',(#8154,#8162,#8163,#8164));
#8154 = ORIENTED_EDGE('',*,*,#8155,.F.);
#8155 = EDGE_CURVE('',#8115,#8156,#8158,.T.);
#8156 = VERTEX_POINT('',#8157);
#8157 = CARTESIAN_POINT('',(-9.1,-36.61658075373,27.9));
#8158 = LINE('',#8159,#8160);
#8159 = CARTESIAN_POINT('',(-9.1,-33.38341924626,27.9));
#8160 = VECTOR('',#8161,1.);
#8161 = DIRECTION('',(0.,-1.,0.));
#8162 = ORIENTED_EDGE('',*,*,#8124,.T.);
#8163 = ORIENTED_EDGE('',*,*,#5218,.T.);
#8164 = ORIENTED_EDGE('',*,*,#8165,.F.);
#8165 = EDGE_CURVE('',#8156,#5219,#8166,.T.);
#8166 = LINE('',#8167,#8168);
#8167 = CARTESIAN_POINT('',(-9.1,-36.61658075373,27.9));
#8168 = VECTOR('',#8169,1.);
#8169 = DIRECTION('',(1.,0.,0.));
#8170 = PLANE('',#8171);
#8171 = AXIS2_PLACEMENT_3D('',#8172,#8173,#8174);
#8172 = CARTESIAN_POINT('',(-9.1,-33.38341924626,27.9));
#8173 = DIRECTION('',(0.,0.,-1.));
#8174 = DIRECTION('',(0.,-1.,0.));
#8175 = ADVANCED_FACE('',(#8176),#8194,.T.);
#8176 = FACE_BOUND('',#8177,.T.);
#8177 = EDGE_LOOP('',(#8178,#8186,#8187,#8188));
#8178 = ORIENTED_EDGE('',*,*,#8179,.F.);
#8179 = EDGE_CURVE('',#8156,#8180,#8182,.T.);
#8180 = VERTEX_POINT('',#8181);
#8181 = CARTESIAN_POINT('',(-9.1,-38.23316150746,25.1));
#8182 = LINE('',#8183,#8184);
#8183 = CARTESIAN_POINT('',(-9.1,-36.61658075373,27.9));
#8184 = VECTOR('',#8185,1.);
#8185 = DIRECTION('',(0.,-0.5,-0.866025403784));
#8186 = ORIENTED_EDGE('',*,*,#8165,.T.);
#8187 = ORIENTED_EDGE('',*,*,#5226,.T.);
#8188 = ORIENTED_EDGE('',*,*,#8189,.F.);
#8189 = EDGE_CURVE('',#8180,#5227,#8190,.T.);
#8190 = LINE('',#8191,#8192);
#8191 = CARTESIAN_POINT('',(-9.1,-38.23316150746,25.1));
#8192 = VECTOR('',#8193,1.);
#8193 = DIRECTION('',(1.,0.,0.));
#8194 = PLANE('',#8195);
#8195 = AXIS2_PLACEMENT_3D('',#8196,#8197,#8198);
#8196 = CARTESIAN_POINT('',(-9.1,-36.61658075373,27.9));
#8197 = DIRECTION('',(0.,0.866025403784,-0.5));
#8198 = DIRECTION('',(0.,-0.5,-0.866025403784));
#8199 = ADVANCED_FACE('',(#8200),#8219,.T.);
#8200 = FACE_BOUND('',#8201,.T.);
#8201 = EDGE_LOOP('',(#8202,#8210,#8211,#8212,#8213));
#8202 = ORIENTED_EDGE('',*,*,#8203,.F.);
#8203 = EDGE_CURVE('',#8180,#8204,#8206,.T.);
#8204 = VERTEX_POINT('',#8205);
#8205 = CARTESIAN_POINT('',(-9.1,-36.61658075373,22.3));
#8206 = LINE('',#8207,#8208);
#8207 = CARTESIAN_POINT('',(-9.1,-38.23316150746,25.1));
#8208 = VECTOR('',#8209,1.);
#8209 = DIRECTION('',(-0.,0.5,-0.866025403784));
#8210 = ORIENTED_EDGE('',*,*,#8189,.T.);
#8211 = ORIENTED_EDGE('',*,*,#5234,.T.);
#8212 = ORIENTED_EDGE('',*,*,#5362,.F.);
#8213 = ORIENTED_EDGE('',*,*,#8214,.F.);
#8214 = EDGE_CURVE('',#8204,#5363,#8215,.T.);
#8215 = LINE('',#8216,#8217);
#8216 = CARTESIAN_POINT('',(-9.1,-36.61658075373,22.3));
#8217 = VECTOR('',#8218,1.);
#8218 = DIRECTION('',(1.,0.,0.));
#8219 = PLANE('',#8220);
#8220 = AXIS2_PLACEMENT_3D('',#8221,#8222,#8223);
#8221 = CARTESIAN_POINT('',(-9.1,-38.23316150746,25.1));
#8222 = DIRECTION('',(0.,0.866025403784,0.5));
#8223 = DIRECTION('',(0.,0.5,-0.866025403784));
#8224 = ADVANCED_FACE('',(#8225),#8236,.T.);
#8225 = FACE_BOUND('',#8226,.T.);
#8226 = EDGE_LOOP('',(#8227,#8233,#8234,#8235));
#8227 = ORIENTED_EDGE('',*,*,#8228,.F.);
#8228 = EDGE_CURVE('',#8010,#7865,#8229,.T.);
#8229 = LINE('',#8230,#8231);
#8230 = CARTESIAN_POINT('',(-9.1,-6.616580753731,22.3));
#8231 = VECTOR('',#8232,1.);
#8232 = DIRECTION('',(0.,1.,0.));
#8233 = ORIENTED_EDGE('',*,*,#8020,.T.);
#8234 = ORIENTED_EDGE('',*,*,#5396,.T.);
#8235 = ORIENTED_EDGE('',*,*,#7874,.F.);
#8236 = PLANE('',#8237);
#8237 = AXIS2_PLACEMENT_3D('',#8238,#8239,#8240);
#8238 = CARTESIAN_POINT('',(-9.1,-6.616580753731,22.3));
#8239 = DIRECTION('',(0.,0.,1.));
#8240 = DIRECTION('',(0.,1.,0.));
#8241 = ADVANCED_FACE('',(#8242),#8253,.T.);
#8242 = FACE_BOUND('',#8243,.T.);
#8243 = EDGE_LOOP('',(#8244,#8250,#8251,#8252));
#8244 = ORIENTED_EDGE('',*,*,#8245,.F.);
#8245 = EDGE_CURVE('',#8204,#8059,#8246,.T.);
#8246 = LINE('',#8247,#8248);
#8247 = CARTESIAN_POINT('',(-9.1,-36.61658075373,22.3));
#8248 = VECTOR('',#8249,1.);
#8249 = DIRECTION('',(0.,1.,0.));
#8250 = ORIENTED_EDGE('',*,*,#8214,.T.);
#8251 = ORIENTED_EDGE('',*,*,#5371,.T.);
#8252 = ORIENTED_EDGE('',*,*,#8068,.F.);
#8253 = PLANE('',#8254);
#8254 = AXIS2_PLACEMENT_3D('',#8255,#8256,#8257);
#8255 = CARTESIAN_POINT('',(-9.1,-36.61658075373,22.3));
#8256 = DIRECTION('',(0.,0.,1.));
#8257 = DIRECTION('',(0.,1.,0.));
#8258 = ADVANCED_FACE('',(#8259,#8267),#8270,.F.);
#8259 = FACE_BOUND('',#8260,.T.);
#8260 = EDGE_LOOP('',(#8261,#8262,#8263,#8264,#8265,#8266));
#8261 = ORIENTED_EDGE('',*,*,#5970,.T.);
#8262 = ORIENTED_EDGE('',*,*,#5953,.T.);
#8263 = ORIENTED_EDGE('',*,*,#5929,.T.);
#8264 = ORIENTED_EDGE('',*,*,#5905,.T.);
#8265 = ORIENTED_EDGE('',*,*,#5881,.T.);
#8266 = ORIENTED_EDGE('',*,*,#5850,.T.);
#8267 = FACE_BOUND('',#8268,.F.);
#8268 = EDGE_LOOP('',(#8269));
#8269 = ORIENTED_EDGE('',*,*,#6442,.T.);
#8270 = PLANE('',#8271);
#8271 = AXIS2_PLACEMENT_3D('',#8272,#8273,#8274);
#8272 = CARTESIAN_POINT('',(-4.25,-20.,184.60520671964));
#8273 = DIRECTION('',(1.,0.,0.));
#8274 = DIRECTION('',(0.,-1.224646799147E-16,-1.));
#8275 = ADVANCED_FACE('',(#8276,#8284),#8287,.F.);
#8276 = FACE_BOUND('',#8277,.T.);
#8277 = EDGE_LOOP('',(#8278,#8279,#8280,#8281,#8282,#8283));
#8278 = ORIENTED_EDGE('',*,*,#6114,.T.);
#8279 = ORIENTED_EDGE('',*,*,#6097,.T.);
#8280 = ORIENTED_EDGE('',*,*,#6073,.T.);
#8281 = ORIENTED_EDGE('',*,*,#6049,.T.);
#8282 = ORIENTED_EDGE('',*,*,#6025,.T.);
#8283 = ORIENTED_EDGE('',*,*,#5994,.T.);
#8284 = FACE_BOUND('',#8285,.F.);
#8285 = EDGE_LOOP('',(#8286));
#8286 = ORIENTED_EDGE('',*,*,#6467,.T.);
#8287 = PLANE('',#8288);
#8288 = AXIS2_PLACEMENT_3D('',#8289,#8290,#8291);
#8289 = CARTESIAN_POINT('',(-4.25,-20.,184.60520671964));
#8290 = DIRECTION('',(1.,0.,0.));
#8291 = DIRECTION('',(0.,-1.224646799147E-16,-1.));
#8292 = ADVANCED_FACE('',(#8293,#8301),#8304,.T.);
#8293 = FACE_BOUND('',#8294,.T.);
#8294 = EDGE_LOOP('',(#8295,#8296,#8297,#8298,#8299,#8300));
#8295 = ORIENTED_EDGE('',*,*,#7206,.F.);
#8296 = ORIENTED_EDGE('',*,*,#7433,.F.);
#8297 = ORIENTED_EDGE('',*,*,#7384,.F.);
#8298 = ORIENTED_EDGE('',*,*,#7336,.F.);
#8299 = ORIENTED_EDGE('',*,*,#7094,.F.);
#8300 = ORIENTED_EDGE('',*,*,#7158,.F.);
#8301 = FACE_BOUND('',#8302,.T.);
#8302 = EDGE_LOOP('',(#8303));
#8303 = ORIENTED_EDGE('',*,*,#6140,.T.);
#8304 = PLANE('',#8305);
#8305 = AXIS2_PLACEMENT_3D('',#8306,#8307,#8308);
#8306 = CARTESIAN_POINT('',(-9.1,-20.,85.1));
#8307 = DIRECTION('',(1.,0.,0.));
#8308 = DIRECTION('',(0.,0.,1.));
#8309 = ADVANCED_FACE('',(#8310,#8318),#8321,.T.);
#8310 = FACE_BOUND('',#8311,.T.);
#8311 = EDGE_LOOP('',(#8312,#8313,#8314,#8315,#8316,#8317));
#8312 = ORIENTED_EDGE('',*,*,#7360,.F.);
#8313 = ORIENTED_EDGE('',*,*,#7408,.F.);
#8314 = ORIENTED_EDGE('',*,*,#7644,.F.);
#8315 = ORIENTED_EDGE('',*,*,#7256,.F.);
#8316 = ORIENTED_EDGE('',*,*,#7288,.F.);
#8317 = ORIENTED_EDGE('',*,*,#7312,.F.);
#8318 = FACE_BOUND('',#8319,.T.);
#8319 = EDGE_LOOP('',(#8320));
#8320 = ORIENTED_EDGE('',*,*,#6165,.T.);
#8321 = PLANE('',#8322);
#8322 = AXIS2_PLACEMENT_3D('',#8323,#8324,#8325);
#8323 = CARTESIAN_POINT('',(-9.1,-20.,85.1));
#8324 = DIRECTION('',(1.,0.,0.));
#8325 = DIRECTION('',(0.,0.,1.));
#8326 = ADVANCED_FACE('',(#8327,#8335),#8338,.T.);
#8327 = FACE_BOUND('',#8328,.T.);
#8328 = EDGE_LOOP('',(#8329,#8330,#8331,#8332,#8333,#8334));
#8329 = ORIENTED_EDGE('',*,*,#7126,.F.);
#8330 = ORIENTED_EDGE('',*,*,#7627,.F.);
#8331 = ORIENTED_EDGE('',*,*,#7578,.F.);
#8332 = ORIENTED_EDGE('',*,*,#7530,.F.);
#8333 = ORIENTED_EDGE('',*,*,#7231,.F.);
#8334 = ORIENTED_EDGE('',*,*,#7182,.F.);
#8335 = FACE_BOUND('',#8336,.T.);
#8336 = EDGE_LOOP('',(#8337));
#8337 = ORIENTED_EDGE('',*,*,#6190,.T.);
#8338 = PLANE('',#8339);
#8339 = AXIS2_PLACEMENT_3D('',#8340,#8341,#8342);
#8340 = CARTESIAN_POINT('',(-9.1,-20.,85.1));
#8341 = DIRECTION('',(1.,0.,0.));
#8342 = DIRECTION('',(0.,0.,1.));
#8343 = ADVANCED_FACE('',(#8344,#8352),#8355,.T.);
#8344 = FACE_BOUND('',#8345,.T.);
#8345 = EDGE_LOOP('',(#8346,#8347,#8348,#8349,#8350,#8351));
#8346 = ORIENTED_EDGE('',*,*,#7554,.F.);
#8347 = ORIENTED_EDGE('',*,*,#7602,.F.);
#8348 = ORIENTED_EDGE('',*,*,#7661,.F.);
#8349 = ORIENTED_EDGE('',*,*,#7450,.F.);
#8350 = ORIENTED_EDGE('',*,*,#7482,.F.);
#8351 = ORIENTED_EDGE('',*,*,#7506,.F.);
#8352 = FACE_BOUND('',#8353,.T.);
#8353 = EDGE_LOOP('',(#8354));
#8354 = ORIENTED_EDGE('',*,*,#6215,.T.);
#8355 = PLANE('',#8356);
#8356 = AXIS2_PLACEMENT_3D('',#8357,#8358,#8359);
#8357 = CARTESIAN_POINT('',(-9.1,-20.,85.1));
#8358 = DIRECTION('',(1.,0.,0.));
#8359 = DIRECTION('',(0.,0.,1.));
#8360 = ADVANCED_FACE('',(#8361,#8369),#8372,.T.);
#8361 = FACE_BOUND('',#8362,.T.);
#8362 = EDGE_LOOP('',(#8363,#8364,#8365,#8366,#8367,#8368));
#8363 = ORIENTED_EDGE('',*,*,#7944,.T.);
#8364 = ORIENTED_EDGE('',*,*,#7896,.T.);
#8365 = ORIENTED_EDGE('',*,*,#7840,.T.);
#8366 = ORIENTED_EDGE('',*,*,#7678,.T.);
#8367 = ORIENTED_EDGE('',*,*,#7742,.T.);
#8368 = ORIENTED_EDGE('',*,*,#7790,.T.);
#8369 = FACE_BOUND('',#8370,.T.);
#8370 = EDGE_LOOP('',(#8371));
#8371 = ORIENTED_EDGE('',*,*,#6240,.T.);
#8372 = PLANE('',#8373);
#8373 = AXIS2_PLACEMENT_3D('',#8374,#8375,#8376);
#8374 = CARTESIAN_POINT('',(-9.1,-20.,85.1));
#8375 = DIRECTION('',(1.,0.,0.));
#8376 = DIRECTION('',(0.,0.,1.));
#8377 = ADVANCED_FACE('',(#8378,#8386),#8389,.T.);
#8378 = FACE_BOUND('',#8379,.T.);
#8379 = EDGE_LOOP('',(#8380,#8381,#8382,#8383,#8384,#8385));
#8380 = ORIENTED_EDGE('',*,*,#8009,.T.);
#8381 = ORIENTED_EDGE('',*,*,#8228,.T.);
#8382 = ORIENTED_EDGE('',*,*,#7864,.T.);
#8383 = ORIENTED_EDGE('',*,*,#7920,.T.);
#8384 = ORIENTED_EDGE('',*,*,#7961,.T.);
#8385 = ORIENTED_EDGE('',*,*,#7985,.T.);
#8386 = FACE_BOUND('',#8387,.T.);
#8387 = EDGE_LOOP('',(#8388));
#8388 = ORIENTED_EDGE('',*,*,#6265,.T.);
#8389 = PLANE('',#8390);
#8390 = AXIS2_PLACEMENT_3D('',#8391,#8392,#8393);
#8391 = CARTESIAN_POINT('',(-9.1,-20.,85.1));
#8392 = DIRECTION('',(1.,0.,0.));
#8393 = DIRECTION('',(0.,0.,1.));
#8394 = ADVANCED_FACE('',(#8395,#8403),#8406,.T.);
#8395 = FACE_BOUND('',#8396,.T.);
#8396 = EDGE_LOOP('',(#8397,#8398,#8399,#8400,#8401,#8402));
#8397 = ORIENTED_EDGE('',*,*,#8138,.T.);
#8398 = ORIENTED_EDGE('',*,*,#8090,.T.);
#8399 = ORIENTED_EDGE('',*,*,#8034,.T.);
#8400 = ORIENTED_EDGE('',*,*,#7815,.T.);
#8401 = ORIENTED_EDGE('',*,*,#7766,.T.);
#8402 = ORIENTED_EDGE('',*,*,#7710,.T.);
#8403 = FACE_BOUND('',#8404,.T.);
#8404 = EDGE_LOOP('',(#8405));
#8405 = ORIENTED_EDGE('',*,*,#6290,.T.);
#8406 = PLANE('',#8407);
#8407 = AXIS2_PLACEMENT_3D('',#8408,#8409,#8410);
#8408 = CARTESIAN_POINT('',(-9.1,-20.,85.1));
#8409 = DIRECTION('',(1.,0.,0.));
#8410 = DIRECTION('',(0.,0.,1.));
#8411 = ADVANCED_FACE('',(#8412,#8420),#8423,.T.);
#8412 = FACE_BOUND('',#8413,.T.);
#8413 = EDGE_LOOP('',(#8414,#8415,#8416,#8417,#8418,#8419));
#8414 = ORIENTED_EDGE('',*,*,#8203,.T.);
#8415 = ORIENTED_EDGE('',*,*,#8245,.T.);
#8416 = ORIENTED_EDGE('',*,*,#8058,.T.);
#8417 = ORIENTED_EDGE('',*,*,#8114,.T.);
#8418 = ORIENTED_EDGE('',*,*,#8155,.T.);
#8419 = ORIENTED_EDGE('',*,*,#8179,.T.);
#8420 = FACE_BOUND('',#8421,.T.);
#8421 = EDGE_LOOP('',(#8422));
#8422 = ORIENTED_EDGE('',*,*,#6315,.T.);
#8423 = PLANE('',#8424);
#8424 = AXIS2_PLACEMENT_3D('',#8425,#8426,#8427);
#8425 = CARTESIAN_POINT('',(-9.1,-20.,85.1));
#8426 = DIRECTION('',(1.,0.,0.));
#8427 = DIRECTION('',(0.,0.,1.));
#8428 = ADVANCED_FACE('',(#8429),#8432,.F.);
#8429 = FACE_BOUND('',#8430,.T.);
#8430 = EDGE_LOOP('',(#8431));
#8431 = ORIENTED_EDGE('',*,*,#6338,.T.);
#8432 = PLANE('',#8433);
#8433 = AXIS2_PLACEMENT_3D('',#8434,#8435,#8436);
#8434 = CARTESIAN_POINT('',(-4.1,-20.,85.1));
#8435 = DIRECTION('',(1.,0.,0.));
#8436 = DIRECTION('',(0.,0.,1.));
#8437 = ADVANCED_FACE('',(#8438),#8441,.F.);
#8438 = FACE_BOUND('',#8439,.T.);
#8439 = EDGE_LOOP('',(#8440));
#8440 = ORIENTED_EDGE('',*,*,#6363,.T.);
#8441 = PLANE('',#8442);
#8442 = AXIS2_PLACEMENT_3D('',#8443,#8444,#8445);
#8443 = CARTESIAN_POINT('',(-4.1,-20.,85.1));
#8444 = DIRECTION('',(1.,0.,0.));
#8445 = DIRECTION('',(0.,0.,1.));
#8446 = ADVANCED_FACE('',(#8447),#8450,.F.);
#8447 = FACE_BOUND('',#8448,.T.);
#8448 = EDGE_LOOP('',(#8449));
#8449 = ORIENTED_EDGE('',*,*,#6388,.T.);
#8450 = PLANE('',#8451);
#8451 = AXIS2_PLACEMENT_3D('',#8452,#8453,#8454);
#8452 = CARTESIAN_POINT('',(-4.1,-20.,85.1));
#8453 = DIRECTION('',(1.,0.,0.));
#8454 = DIRECTION('',(0.,0.,1.));
#8455 = ADVANCED_FACE('',(#8456),#8459,.F.);
#8456 = FACE_BOUND('',#8457,.T.);
#8457 = EDGE_LOOP('',(#8458));
#8458 = ORIENTED_EDGE('',*,*,#6413,.T.);
#8459 = PLANE('',#8460);
#8460 = AXIS2_PLACEMENT_3D('',#8461,#8462,#8463);
#8461 = CARTESIAN_POINT('',(-4.1,-20.,85.1));
#8462 = DIRECTION('',(1.,0.,0.));
#8463 = DIRECTION('',(0.,0.,1.));
#8464 = ADVANCED_FACE('',(#8465,#8473),#8476,.F.);
#8465 = FACE_BOUND('',#8466,.T.);
#8466 = EDGE_LOOP('',(#8467,#8468,#8469,#8470,#8471,#8472));
#8467 = ORIENTED_EDGE('',*,*,#6632,.T.);
#8468 = ORIENTED_EDGE('',*,*,#6615,.T.);
#8469 = ORIENTED_EDGE('',*,*,#6591,.T.);
#8470 = ORIENTED_EDGE('',*,*,#6567,.T.);
#8471 = ORIENTED_EDGE('',*,*,#6543,.T.);
#8472 = ORIENTED_EDGE('',*,*,#6512,.T.);
#8473 = FACE_BOUND('',#8474,.F.);
#8474 = EDGE_LOOP('',(#8475));
#8475 = ORIENTED_EDGE('',*,*,#6952,.T.);
#8476 = PLANE('',#8477);
#8477 = AXIS2_PLACEMENT_3D('',#8478,#8479,#8480);
#8478 = CARTESIAN_POINT('',(-4.25,-20.,-14.40520671964));
#8479 = DIRECTION('',(1.,0.,0.));
#8480 = DIRECTION('',(0.,0.,1.));
#8481 = ADVANCED_FACE('',(#8482,#8490),#8493,.F.);
#8482 = FACE_BOUND('',#8483,.T.);
#8483 = EDGE_LOOP('',(#8484,#8485,#8486,#8487,#8488,#8489));
#8484 = ORIENTED_EDGE('',*,*,#6776,.T.);
#8485 = ORIENTED_EDGE('',*,*,#6759,.T.);
#8486 = ORIENTED_EDGE('',*,*,#6735,.T.);
#8487 = ORIENTED_EDGE('',*,*,#6711,.T.);
#8488 = ORIENTED_EDGE('',*,*,#6687,.T.);
#8489 = ORIENTED_EDGE('',*,*,#6656,.T.);
#8490 = FACE_BOUND('',#8491,.F.);
#8491 = EDGE_LOOP('',(#8492));
#8492 = ORIENTED_EDGE('',*,*,#6977,.T.);
#8493 = PLANE('',#8494);
#8494 = AXIS2_PLACEMENT_3D('',#8495,#8496,#8497);
#8495 = CARTESIAN_POINT('',(-4.25,-20.,-14.40520671964));
#8496 = DIRECTION('',(1.,0.,0.));
#8497 = DIRECTION('',(0.,0.,1.));
#8498 = ( GEOMETRIC_REPRESENTATION_CONTEXT(3) 
GLOBAL_UNCERTAINTY_ASSIGNED_CONTEXT((#8502)) 
GLOBAL_UNIT_ASSIGNED_CONTEXT((#8499,#8500,#8501)) REPRESENTATION_CONTEXT
('Context #1','3D Context with UNIT and UNCERTAINTY') );
#8499 = ( LENGTH_UNIT() NAMED_UNIT(*) SI_UNIT(.MILLI.,.METRE.) );
#8500 = ( NAMED_UNIT(*) PLANE_ANGLE_UNIT() SI_UNIT($,.RADIAN.) );
#8501 = ( NAMED_UNIT(*) SI_UNIT($,.STERADIAN.) SOLID_ANGLE_UNIT() );
#8502 = UNCERTAINTY_MEASURE_WITH_UNIT(LENGTH_MEASURE(1.E-05),#8499,
  'distance_accuracy_value','confusion accuracy');
#8503 = PRODUCT_RELATED_PRODUCT_CATEGORY('part',$,(#7));
#8504 = MECHANICAL_DESIGN_GEOMETRIC_PRESENTATION_REPRESENTATION('',(
    #8505),#8498);
#8505 = STYLED_ITEM('color',(#8506),#15);
#8506 = PRESENTATION_STYLE_ASSIGNMENT((#8507,#8513));
#8507 = SURFACE_STYLE_USAGE(.BOTH.,#8508);
#8508 = SURFACE_SIDE_STYLE('',(#8509));
#8509 = SURFACE_STYLE_FILL_AREA(#8510);
#8510 = FILL_AREA_STYLE('',(#8511));
#8511 = FILL_AREA_STYLE_COLOUR('',#8512);
#8512 = COLOUR_RGB('',0.678431390124,0.709803936702,0.741176476869);
#8513 = CURVE_STYLE('',#8514,POSITIVE_LENGTH_MEASURE(0.1),#8515);
#8514 = DRAUGHTING_PRE_DEFINED_CURVE_FONT('continuous');
#8515 = COLOUR_RGB('',9.803921802644E-02,9.803921802644E-02,
  9.803921802644E-02);
ENDSEC;
END-ISO-10303-21;
