ISO-10303-21;
HEADER;
FILE_DESCRIPTION(('FreeCAD Model'),'2;1');
FILE_NAME('Open CASCADE Shape Model','2026-05-02T10:00:40',(''),(''),
  'Open CASCADE STEP processor 7.8','FreeCAD','Unknown');
FILE_SCHEMA(('AUTOMOTIVE_DESIGN { 1 0 10303 214 1 1 1 1 }'));
ENDSEC;
DATA;
#1 = APPLICATION_PROTOCOL_DEFINITION('international standard',
  'automotive_design',2000,#2);
#2 = APPLICATION_CONTEXT(
  'core data for automotive mechanical design processes');
#3 = SHAPE_DEFINITION_REPRESENTATION(#4,#10);
#4 = PRODUCT_DEFINITION_SHAPE('','',#5);
#5 = PRODUCT_DEFINITION('design','',#6,#9);
#6 = PRODUCT_DEFINITION_FORMATION('','',#7);
#7 = PRODUCT('Body','Body','',(#8));
#8 = PRODUCT_CONTEXT('',#2,'mechanical');
#9 = PRODUCT_DEFINITION_CONTEXT('part definition',#2,'design');
#10 = ADVANCED_BREP_SHAPE_REPRESENTATION('',(#11,#15),#2941);
#11 = AXIS2_PLACEMENT_3D('',#12,#13,#14);
#12 = CARTESIAN_POINT('',(0.,0.,0.));
#13 = DIRECTION('',(0.,0.,1.));
#14 = DIRECTION('',(1.,0.,-0.));
#15 = MANIFOLD_SOLID_BREP('',#16);
#16 = CLOSED_SHELL('',(#17,#491,#981,#1015,#1046,#1077,#1111,#1259,#1407
    ,#1897,#1922,#1938,#2001,#2017,#2033,#2064,#2095,#2111,#2174,#2199,
    #2224,#2249,#2269,#2286,#2317,#2334,#2358,#2382,#2406,#2430,#2447,
    #2476,#2505,#2522,#2551,#2575,#2599,#2628,#2645,#2665,#2685,#2705,
    #2730,#2741,#2780,#2791,#2808,#2825,#2842,#2868,#2879,#2890,#2907,
    #2924));
#17 = ADVANCED_FACE('',(#18,#183,#219,#270,#321),#486,.T.);
#18 = FACE_BOUND('',#19,.T.);
#19 = EDGE_LOOP('',(#20));
#20 = ORIENTED_EDGE('',*,*,#21,.T.);
#21 = EDGE_CURVE('',#22,#22,#24,.T.);
#22 = VERTEX_POINT('',#23);
#23 = CARTESIAN_POINT('',(-19.19223165932,-15.,3.23855172654));
#24 = B_SPLINE_CURVE_WITH_KNOTS('',13,(#25,#26,#27,#28,#29,#30,#31,#32,
    #33,#34,#35,#36,#37,#38,#39,#40,#41,#42,#43,#44,#45,#46,#47,#48,#49,
    #50,#51,#52,#53,#54,#55,#56,#57,#58,#59,#60,#61,#62,#63,#64,#65,#66,
    #67,#68,#69,#70,#71,#72,#73,#74,#75,#76,#77,#78,#79,#80,#81,#82,#83,
    #84,#85,#86,#87,#88,#89,#90,#91,#92,#93,#94,#95,#96,#97,#98,#99,#100
    ,#101,#102,#103,#104,#105,#106,#107,#108,#109,#110,#111,#112,#113,
    #114,#115,#116,#117,#118,#119,#120,#121,#122,#123,#124,#125,#126,
    #127,#128,#129,#130,#131,#132,#133,#134,#135,#136,#137,#138,#139,
    #140,#141,#142,#143,#144,#145,#146,#147,#148,#149,#150,#151,#152,
    #153,#154,#155,#156,#157,#158,#159,#160,#161,#162,#163,#164,#165,
    #166,#167,#168,#169,#170,#171,#172,#173,#174,#175,#176,#177,#178,
    #179,#180,#181,#182),.UNSPECIFIED.,.T.,.F.,(14,12,12,12,12,12,12,12,
    12,12,12,12,12,14),(-3.71E-15,6.856250230277E-02,0.137125004606,
    0.274250009211,0.548500018422,1.097000036844,2.194000073689,
    4.388000147378,7.929617094773,11.31859685491,15.977793081458,
    20.083063888978,22.563878543548,25.446519301161),.UNSPECIFIED.);
#25 = CARTESIAN_POINT('',(-19.19223165932,-15.,3.23855172654));
#26 = CARTESIAN_POINT('',(-19.19223165932,-14.99500656114,3.238551726541
    ));
#27 = CARTESIAN_POINT('',(-19.1922260289,-14.99248024413,3.23855335214)
  );
#28 = CARTESIAN_POINT('',(-19.19221476811,-14.98010226518,3.238556603293
    ));
#29 = CARTESIAN_POINT('',(-19.19219787719,-14.99379252454,3.238561480018
    ));
#30 = CARTESIAN_POINT('',(-19.1921753559,-14.95750094281,3.238567982203)
  );
#31 = CARTESIAN_POINT('',(-19.1921472048,-14.99342474605,3.238576109944)
  );
#32 = CARTESIAN_POINT('',(-19.19211342338,-14.94933850782,3.238585863066
    ));
#33 = CARTESIAN_POINT('',(-19.19207401222,-14.97349119709,3.238597241694
    ));
#34 = CARTESIAN_POINT('',(-19.19202897099,-14.95320491973,3.238610245672
    ));
#35 = CARTESIAN_POINT('',(-19.19197829991,-14.95451940594,3.238624875068
    ));
#36 = CARTESIAN_POINT('',(-19.19192199895,-14.94835487625,3.238641129801
    ));
#37 = CARTESIAN_POINT('',(-19.19186006814,-14.94386059368,3.238659009872
    ));
#38 = CARTESIAN_POINT('',(-19.19172494684,-14.93450472619,3.238698020623
    ));
#39 = CARTESIAN_POINT('',(-19.19165175641,-14.92982686128,3.238719151299
    ));
#40 = CARTESIAN_POINT('',(-19.19157293624,-14.92514906938,3.238741907267
    ));
#41 = CARTESIAN_POINT('',(-19.19148848611,-14.92047135447,3.238766288463
    ));
#42 = CARTESIAN_POINT('',(-19.19139840637,-14.91579372095,3.238792294945
    ));
#43 = CARTESIAN_POINT('',(-19.19130269636,-14.91111617248,3.238819926559
    ));
#44 = CARTESIAN_POINT('',(-19.19120135686,-14.90643871377,3.238849183451
    ));
#45 = CARTESIAN_POINT('',(-19.19109438698,-14.90176134833,3.238880065417
    ));
#46 = CARTESIAN_POINT('',(-19.19098178744,-14.8970840808,3.238912572593)
  );
#47 = CARTESIAN_POINT('',(-19.19086355766,-14.89240691492,3.238946704838
    ));
#48 = CARTESIAN_POINT('',(-19.19073969793,-14.88772985504,3.2389824622)
  );
#49 = CARTESIAN_POINT('',(-19.19061020806,-14.88305290517,3.239019844621
    ));
#50 = CARTESIAN_POINT('',(-19.19020484813,-14.86902239807,3.239136867026
    ));
#51 = CARTESIAN_POINT('',(-19.18991208855,-14.85966918285,3.239221382129
    ));
#52 = CARTESIAN_POINT('',(-19.18959680812,-14.85031645726,3.239312397234
    ));
#53 = CARTESIAN_POINT('',(-19.18925900554,-14.84096425458,3.239409912177
    ));
#54 = CARTESIAN_POINT('',(-19.18889867962,-14.8316126084,3.23951392679)
  );
#55 = CARTESIAN_POINT('',(-19.188515829,-14.82226155181,3.239624440919)
  );
#56 = CARTESIAN_POINT('',(-19.18811045254,-14.8129111186,3.23974145438)
  );
#57 = CARTESIAN_POINT('',(-19.18768254887,-14.80356134172,3.239864967035
    ));
#58 = CARTESIAN_POINT('',(-19.18723211683,-14.79421225496,3.239994978692
    ));
#59 = CARTESIAN_POINT('',(-19.18675915508,-14.78486389142,3.240131489209
    ));
#60 = CARTESIAN_POINT('',(-19.18626366241,-14.77551628467,3.240274498407
    ));
#61 = CARTESIAN_POINT('',(-19.18574563755,-14.76616946802,3.240424006129
    ));
#62 = CARTESIAN_POINT('',(-19.18412396262,-14.73813148861,3.240892024365
    ));
#63 = CARTESIAN_POINT('',(-19.18295272509,-14.71944278732,3.241230030146
    ));
#64 = CARTESIAN_POINT('',(-19.18169134162,-14.70075764675,3.241594028281
    ));
#65 = CARTESIAN_POINT('',(-19.18033978756,-14.68207634275,3.241984017519
    ));
#66 = CARTESIAN_POINT('',(-19.17889803733,-14.66339915091,3.24239999657)
  );
#67 = CARTESIAN_POINT('',(-19.17736606703,-14.6447263473,3.242841964216)
  );
#68 = CARTESIAN_POINT('',(-19.17574385034,-14.62605820729,3.243309919128
    ));
#69 = CARTESIAN_POINT('',(-19.17403136381,-14.6073950071,3.243803860118)
  );
#70 = CARTESIAN_POINT('',(-19.17222858117,-14.58873702207,3.244323785849
    ));
#71 = CARTESIAN_POINT('',(-19.17033547845,-14.5700845283,3.244869695115)
  );
#72 = CARTESIAN_POINT('',(-19.16835203012,-14.55143780135,3.245441586615
    ));
#73 = CARTESIAN_POINT('',(-19.16627821152,-14.5327971171,3.246039459104)
  );
#74 = CARTESIAN_POINT('',(-19.15978556978,-14.47689401961,3.247911015727
    ));
#75 = CARTESIAN_POINT('',(-19.1550957185,-14.4396503503,3.249262658154)
  );
#76 = CARTESIAN_POINT('',(-19.15004404241,-14.40243413951,3.250718217494
    ));
#77 = CARTESIAN_POINT('',(-19.14463014037,-14.36524778355,3.252277672662
    ));
#78 = CARTESIAN_POINT('',(-19.13885361079,-14.32809367848,3.253941002548
    ));
#79 = CARTESIAN_POINT('',(-19.13271405284,-14.29097422077,3.255708186079
    ));
#80 = CARTESIAN_POINT('',(-19.12621106461,-14.25389180631,3.257579202131
    ));
#81 = CARTESIAN_POINT('',(-19.11934424549,-14.21684883169,3.259554029642
    ));
#82 = CARTESIAN_POINT('',(-19.11211319356,-14.17984769278,3.261632647487
    ));
#83 = CARTESIAN_POINT('',(-19.10451750799,-14.14289078607,3.263815034596
    ));
#84 = CARTESIAN_POINT('',(-19.09655678721,-14.10598050762,3.266101169857
    ));
#85 = CARTESIAN_POINT('',(-19.08823063005,-14.06911925371,3.268491032185
    ));
#86 = CARTESIAN_POINT('',(-19.06215464544,-13.95868975424,3.275971737074
    ));
#87 = CARTESIAN_POINT('',(-19.04330837585,-13.88527048689,3.281374527812
    ));
#88 = CARTESIAN_POINT('',(-19.02299458824,-13.81207539899,3.287192210369
    ));
#89 = CARTESIAN_POINT('',(-19.00120804467,-13.73912827103,3.293424022416
    ));
#90 = CARTESIAN_POINT('',(-18.97794350671,-13.66645288348,3.300069201631
    ));
#91 = CARTESIAN_POINT('',(-18.95319573672,-13.59407301684,3.307126985672
    ));
#92 = CARTESIAN_POINT('',(-18.92695949601,-13.5220124516,3.314596612239)
  );
#93 = CARTESIAN_POINT('',(-18.89922954709,-13.45029496821,3.322477318968
    ));
#94 = CARTESIAN_POINT('',(-18.87000065129,-13.37894434721,3.330768343571
    ));
#95 = CARTESIAN_POINT('',(-18.83926757092,-13.30798436904,3.339468923686
    ));
#96 = CARTESIAN_POINT('',(-18.80702506761,-13.2374388142,3.348578297009)
  );
#97 = CARTESIAN_POINT('',(-18.77326790338,-13.16733146318,3.358095701202
    ));
#98 = CARTESIAN_POINT('',(-18.66743671347,-12.95839536302,3.387869719418
    ));
#99 = CARTESIAN_POINT('',(-18.59080517325,-12.82098829597,3.409342225542
    ));
#100 = CARTESIAN_POINT('',(-18.50803291583,-12.6856736987,3.432429928769
    ));
#101 = CARTESIAN_POINT('',(-18.41906592479,-12.55268409325,
    3.457120385955));
#102 = CARTESIAN_POINT('',(-18.32385342298,-12.42227238327,
    3.483397940154));
#103 = CARTESIAN_POINT('',(-18.22234182365,-12.29470851702,
    3.511244986247));
#104 = CARTESIAN_POINT('',(-18.11446868336,-12.17027615017,
    3.540643236849));
#105 = CARTESIAN_POINT('',(-18.00015665215,-12.04926930894,
    3.571574987832));
#106 = CARTESIAN_POINT('',(-17.87930742723,-11.93198905285,
    3.604024384309));
#107 = CARTESIAN_POINT('',(-17.75179570287,-11.81874013779,
    3.637978686131));
#108 = CARTESIAN_POINT('',(-17.61746312374,-11.70982767891,
    3.673429533834));
#109 = CARTESIAN_POINT('',(-17.47611223566,-11.60555381356,
    3.710374214229));
#110 = CARTESIAN_POINT('',(-17.08760707247,-11.3458578167,3.81087223879)
  );
#111 = CARTESIAN_POINT('',(-16.82814123452,-11.19790879372,
    3.877000764322));
#112 = CARTESIAN_POINT('',(-16.54964274368,-11.06622183284,
    3.946794452017));
#113 = CARTESIAN_POINT('',(-16.25399294533,-10.95433429108,
    4.019490039432));
#114 = CARTESIAN_POINT('',(-15.94401513884,-10.86532579083,
    4.094113648164));
#115 = CARTESIAN_POINT('',(-15.62314135252,-10.80169812125,
    4.169599681267));
#116 = CARTESIAN_POINT('',(-15.29514546841,-10.76527560052,
    4.244884023987));
#117 = CARTESIAN_POINT('',(-14.96394269292,-10.75712589131,4.31897154557
    ));
#118 = CARTESIAN_POINT('',(-14.63345537755,-10.77750127862,
    4.390977904867));
#119 = CARTESIAN_POINT('',(-14.30754518593,-10.8258004007,4.46014565691)
  );
#120 = CARTESIAN_POINT('',(-13.99001160997,-10.90055044112,
    4.525834662962));
#121 = CARTESIAN_POINT('',(-13.68465683347,-10.99940977598,4.58748680216
    ));
#122 = CARTESIAN_POINT('',(-13.11864276242,-11.2338100298,4.6991832048)
  );
#123 = CARTESIAN_POINT('',(-12.85691670305,-11.36741815283,
    4.749558081388));
#124 = CARTESIAN_POINT('',(-12.61127852134,-11.51748943836,
    4.795723542714));
#125 = CARTESIAN_POINT('',(-12.38228131729,-11.68186116379,
    4.837802598997));
#126 = CARTESIAN_POINT('',(-12.17013697891,-11.85864613801,
    4.875972662694));
#127 = CARTESIAN_POINT('',(-11.9748351997,-12.04616285415,4.910437393928
    ));
#128 = CARTESIAN_POINT('',(-11.79623606051,-12.24288354062,
    4.941405068105));
#129 = CARTESIAN_POINT('',(-11.63413618972,-12.44740012696,
    4.969073471861));
#130 = CARTESIAN_POINT('',(-11.48830848451,-12.65840810391,
    4.993621319824));
#131 = CARTESIAN_POINT('',(-11.35851541131,-12.87470829934,
    5.015206199977));
#132 = CARTESIAN_POINT('',(-11.2444958692,-13.09522655076,5.033969040762
    ));
#133 = CARTESIAN_POINT('',(-11.14592562875,-13.31905128904,
    5.050045105065));
#134 = CARTESIAN_POINT('',(-10.94745274105,-13.85679741595,
    5.082191461586));
#135 = CARTESIAN_POINT('',(-10.86088901057,-14.17314689738,
    5.095999546077));
#136 = CARTESIAN_POINT('',(-10.80177536441,-14.49326429425,
    5.105315106094));
#137 = CARTESIAN_POINT('',(-10.76952172702,-14.81578378259,
    5.110353250464));
#138 = CARTESIAN_POINT('',(-10.76382794732,-15.13941545191,
    5.111231380968));
#139 = CARTESIAN_POINT('',(-10.78462489851,-15.46293572408,
    5.107980240432));
#140 = CARTESIAN_POINT('',(-10.83200074228,-15.78507815172,
    5.100560098965));
#141 = CARTESIAN_POINT('',(-10.9061516572,-16.10440313738,5.088872700603
    ));
#142 = CARTESIAN_POINT('',(-11.00739630749,-16.41922509242,
    5.072759588402));
#143 = CARTESIAN_POINT('',(-11.13629335547,-16.72767557962,
    5.051977430665));
#144 = CARTESIAN_POINT('',(-11.29390129437,-17.02798095917,
    5.026140966584));
#145 = CARTESIAN_POINT('',(-11.48221990058,-17.31903307817,
    4.994624193199));
#146 = CARTESIAN_POINT('',(-11.90101678252,-17.85006790579,
    4.922739816435));
#147 = CARTESIAN_POINT('',(-12.12482143405,-18.09327476269,4.8836917408)
  );
#148 = CARTESIAN_POINT('',(-12.37863841343,-18.32630250577,4.83858058259
    ));
#149 = CARTESIAN_POINT('',(-12.6623035461,-18.54358813106,4.787045413871
    ));
#150 = CARTESIAN_POINT('',(-12.97386500539,-18.73944276673,
    4.728987602236));
#151 = CARTESIAN_POINT('',(-13.31018046064,-18.9085834933,4.664521432294
    ));
#152 = CARTESIAN_POINT('',(-13.66736202749,-19.04646115383,
    4.593941294151));
#153 = CARTESIAN_POINT('',(-14.04106810647,-19.1494359063,4.517709015741
    ));
#154 = CARTESIAN_POINT('',(-14.4266411443,-19.21485221786,4.436464900769
    ));
#155 = CARTESIAN_POINT('',(-14.81909041039,-19.2410650588,4.351066051045
    ));
#156 = CARTESIAN_POINT('',(-15.21291882542,-19.22746899934,
    4.262655535608));
#157 = CARTESIAN_POINT('',(-15.60179292425,-19.17458195622,
    4.172765982511));
#158 = CARTESIAN_POINT('',(-16.20543013359,-19.02963883642,
    4.029494266042));
#159 = CARTESIAN_POINT('',(-16.42760391927,-18.96150717023,
    3.975877849842));
#160 = CARTESIAN_POINT('',(-16.64263621691,-18.88111965607,
    3.923149179448));
#161 = CARTESIAN_POINT('',(-16.84939538711,-18.78953851431,
    3.871669439618));
#162 = CARTESIAN_POINT('',(-17.04728270248,-18.68769050593,3.82168260661
    ));
#163 = CARTESIAN_POINT('',(-17.23601150275,-18.57643019237,
    3.773362366551));
#164 = CARTESIAN_POINT('',(-17.41544110713,-18.45658479626,
    3.726847079892));
#165 = CARTESIAN_POINT('',(-17.5854654705,-18.3289806488,3.682262787791)
  );
#166 = CARTESIAN_POINT('',(-17.74595659965,-18.19445124114,
    3.639734265593));
#167 = CARTESIAN_POINT('',(-17.89676271293,-18.05382686194,
    3.599384117974));
#168 = CARTESIAN_POINT('',(-18.03776115781,-17.90790583661,
    3.561319920609));
#169 = CARTESIAN_POINT('',(-18.16896607562,-17.75740735682,
    3.525609404657));
#170 = CARTESIAN_POINT('',(-18.43213174142,-17.42337932534,
    3.453473607842));
#171 = CARTESIAN_POINT('',(-18.56081646671,-17.23831658595,
    3.417851989778));
#172 = CARTESIAN_POINT('',(-18.67704285299,-17.04835395232,
    3.385397546266));
#173 = CARTESIAN_POINT('',(-18.78106309575,-16.85410201479,
    3.356129187303));
#174 = CARTESIAN_POINT('',(-18.87308781013,-16.65614502599,
    3.330065433512));
#175 = CARTESIAN_POINT('',(-18.95329011373,-16.45504023719,
    3.307223831234));
#176 = CARTESIAN_POINT('',(-19.02180970657,-16.25131723252,
    3.287620366827));
#177 = CARTESIAN_POINT('',(-19.07875695476,-16.04547726612,
    3.271268882068));
#178 = CARTESIAN_POINT('',(-19.12421697018,-15.83799259598,
    3.258180488285));
#179 = CARTESIAN_POINT('',(-19.15825369376,-15.62930582093,
    3.248362981714));
#180 = CARTESIAN_POINT('',(-19.18091397601,-15.41982921509,3.24182025786
    ));
#181 = CARTESIAN_POINT('',(-19.19223165932,-15.20994406403,
    3.238551726542));
#182 = CARTESIAN_POINT('',(-19.19223165932,-15.,3.238551726541));
#183 = FACE_BOUND('',#184,.T.);
#184 = EDGE_LOOP('',(#185,#196,#204,#213));
#185 = ORIENTED_EDGE('',*,*,#186,.F.);
#186 = EDGE_CURVE('',#187,#189,#191,.T.);
#187 = VERTEX_POINT('',#188);
#188 = CARTESIAN_POINT('',(-19.52082560297,19.5,3.142800200389));
#189 = VERTEX_POINT('',#190);
#190 = CARTESIAN_POINT('',(19.520825602968,19.5,3.142800200383));
#191 = CIRCLE('',#192,69.189475020822);
#192 = AXIS2_PLACEMENT_3D('',#193,#194,#195);
#193 = CARTESIAN_POINT('',(-1.088196E-11,19.5,-63.235817));
#194 = DIRECTION('',(0.,1.,-0.));
#195 = DIRECTION('',(-0.289061305841,0.,0.957310587775));
#196 = ORIENTED_EDGE('',*,*,#197,.T.);
#197 = EDGE_CURVE('',#187,#198,#200,.T.);
#198 = VERTEX_POINT('',#199);
#199 = CARTESIAN_POINT('',(-19.52082560297,-19.5,3.142800200389));
#200 = LINE('',#201,#202);
#201 = CARTESIAN_POINT('',(-19.52082560297,20.,3.142800200389));
#202 = VECTOR('',#203,1.);
#203 = DIRECTION('',(0.,-1.,2.2E-16));
#204 = ORIENTED_EDGE('',*,*,#205,.T.);
#205 = EDGE_CURVE('',#198,#206,#208,.T.);
#206 = VERTEX_POINT('',#207);
#207 = CARTESIAN_POINT('',(19.520825602968,-19.5,3.142800200383));
#208 = CIRCLE('',#209,69.189475020822);
#209 = AXIS2_PLACEMENT_3D('',#210,#211,#212);
#210 = CARTESIAN_POINT('',(-1.088196E-11,-19.5,-63.235817));
#211 = DIRECTION('',(0.,1.,-0.));
#212 = DIRECTION('',(-0.289061305841,0.,0.957310587775));
#213 = ORIENTED_EDGE('',*,*,#214,.F.);
#214 = EDGE_CURVE('',#189,#206,#215,.T.);
#215 = LINE('',#216,#217);
#216 = CARTESIAN_POINT('',(19.520825602968,20.,3.142800200383));
#217 = VECTOR('',#218,1.);
#218 = DIRECTION('',(0.,-1.,2.2E-16));
#219 = FACE_BOUND('',#220,.T.);
#220 = EDGE_LOOP('',(#221));
#221 = ORIENTED_EDGE('',*,*,#222,.T.);
#222 = EDGE_CURVE('',#223,#223,#225,.T.);
#223 = VERTEX_POINT('',#224);
#224 = CARTESIAN_POINT('',(-19.19223165932,15.,3.23855172654));
#225 = B_SPLINE_CURVE_WITH_KNOTS('',7,(#226,#227,#228,#229,#230,#231,
    #232,#233,#234,#235,#236,#237,#238,#239,#240,#241,#242,#243,#244,
    #245,#246,#247,#248,#249,#250,#251,#252,#253,#254,#255,#256,#257,
    #258,#259,#260,#261,#262,#263,#264,#265,#266,#267,#268,#269),
  .UNSPECIFIED.,.T.,.F.,(8,6,6,6,6,6,6,8),(1.9E-16,4.392895931653,
    7.938464335757,10.798372739824,15.984003614196,20.086581748499,
    22.565769222187,25.446519307737),.UNSPECIFIED.);
#226 = CARTESIAN_POINT('',(-19.19223165932,15.,3.23855172654));
#227 = CARTESIAN_POINT('',(-19.19223165932,15.556071976422,
    3.238551726541));
#228 = CARTESIAN_POINT('',(-19.10659134932,16.111724464567,
    3.263284752364));
#229 = CARTESIAN_POINT('',(-18.93537002158,16.658618686049,
    3.312682333339));
#230 = CARTESIAN_POINT('',(-18.6763414941,17.185811455109,3.386805904096
    ));
#231 = CARTESIAN_POINT('',(-18.3234677754,17.682602449664,3.485529237074
    ));
#232 = CARTESIAN_POINT('',(-17.87948711526,18.124810538348,
    3.606029710227));
#233 = CARTESIAN_POINT('',(-16.88198418779,18.791590652637,
    3.864062506697));
#234 = CARTESIAN_POINT('',(-16.36374947723,19.043303847902,
    3.994440225964));
#235 = CARTESIAN_POINT('',(-15.77731646225,19.21746600384,4.1365992436)
  );
#236 = CARTESIAN_POINT('',(-15.1542694798,19.288970496748,4.279985544287
    ));
#237 = CARTESIAN_POINT('',(-14.52954955685,19.247981689792,
    4.415575291677));
#238 = CARTESIAN_POINT('',(-13.93289313289,19.103390757435,4.53850020746
    ));
#239 = CARTESIAN_POINT('',(-12.96188072001,18.701271125954,
    4.730118401113));
#240 = CARTESIAN_POINT('',(-12.56749407743,18.47137723218,4.80458292993)
  );
#241 = CARTESIAN_POINT('',(-12.21821193291,18.20350832904,4.867932583));
#242 = CARTESIAN_POINT('',(-11.91371092995,17.905986245646,
    4.921349725166));
#243 = CARTESIAN_POINT('',(-11.65312126068,17.586463485598,
    4.965893744177));
#244 = CARTESIAN_POINT('',(-11.43630663755,17.252276300166,
    5.002193108834));
#245 = CARTESIAN_POINT('',(-10.94226609274,16.283080218217,
    5.083685490951));
#246 = CARTESIAN_POINT('',(-10.75910277906,15.623885713523,
    5.112130776727));
#247 = CARTESIAN_POINT('',(-10.69874950266,14.949384561687,
    5.121191695413));
#248 = CARTESIAN_POINT('',(-10.75779323997,14.275707720054,
    5.112274245823));
#249 = CARTESIAN_POINT('',(-10.9404606228,13.608697647976,5.083892422565
    ));
#250 = CARTESIAN_POINT('',(-11.24405428734,12.982960965638,
    5.035504122021));
#251 = CARTESIAN_POINT('',(-12.06941019806,11.936409224974,
    4.893835934175));
#252 = CARTESIAN_POINT('',(-12.5360733078,11.49539209225,4.811380752746)
  );
#253 = CARTESIAN_POINT('',(-13.12517490821,11.112445516114,
    4.703289999158));
#254 = CARTESIAN_POINT('',(-13.80376256697,10.844780004867,
    4.570670457329));
#255 = CARTESIAN_POINT('',(-14.53366939503,10.719326626777,
    4.417336066026));
#256 = CARTESIAN_POINT('',(-15.27928256988,10.747978058048,
    4.249312973541));
#257 = CARTESIAN_POINT('',(-16.40032310207,11.017158137667,3.98323692854
    ));
#258 = CARTESIAN_POINT('',(-16.80327192211,11.168825167876,
    3.884314471057));
#259 = CARTESIAN_POINT('',(-17.17104771593,11.360311682378,
    3.791084036285));
#260 = CARTESIAN_POINT('',(-17.5043133359,11.585599182436,3.704338740959
    ));
#261 = CARTESIAN_POINT('',(-17.80335826781,11.838099738496,
    3.624882745856));
#262 = CARTESIAN_POINT('',(-18.06463058445,12.110162834776,
    3.554208590533));
#263 = CARTESIAN_POINT('',(-18.55336681806,12.730500603618,
    3.420242111519));
#264 = CARTESIAN_POINT('',(-18.76866265417,13.084469983053,
    3.359934820148));
#265 = CARTESIAN_POINT('',(-18.93901225485,13.45380304927,3.311474729868
    ));
#266 = CARTESIAN_POINT('',(-19.06591673508,13.833825091068,
    3.275018764125));
#267 = CARTESIAN_POINT('',(-19.15019455216,14.220426581299,
    3.250691985103));
#268 = CARTESIAN_POINT('',(-19.19223165932,14.610103890407,
    3.238551726541));
#269 = CARTESIAN_POINT('',(-19.19223165932,15.,3.238551726541));
#270 = FACE_BOUND('',#271,.T.);
#271 = EDGE_LOOP('',(#272));
#272 = ORIENTED_EDGE('',*,*,#273,.T.);
#273 = EDGE_CURVE('',#274,#274,#276,.T.);
#274 = VERTEX_POINT('',#275);
#275 = CARTESIAN_POINT('',(10.802498009231,-15.,5.105162583389));
#276 = B_SPLINE_CURVE_WITH_KNOTS('',7,(#277,#278,#279,#280,#281,#282,
    #283,#284,#285,#286,#287,#288,#289,#290,#291,#292,#293,#294,#295,
    #296,#297,#298,#299,#300,#301,#302,#303,#304,#305,#306,#307,#308,
    #309,#310,#311,#312,#313,#314,#315,#316,#317,#318,#319,#320),
  .UNSPECIFIED.,.T.,.F.,(8,6,6,6,6,6,6,8),(1.5E-16,4.194206366726,
    7.726484553057,11.29745689479,16.135317143294,20.254303729272,
    22.571359723483,25.446519300149),.UNSPECIFIED.);
#277 = CARTESIAN_POINT('',(10.802498009231,-15.,5.105162583389));
#278 = CARTESIAN_POINT('',(10.802498009234,-14.46773550422,
    5.105162583389));
#279 = CARTESIAN_POINT('',(10.881170203253,-13.93592021681,
    5.092732655447));
#280 = CARTESIAN_POINT('',(11.038395405286,-13.41079740015,
    5.067852123018));
#281 = CARTESIAN_POINT('',(11.277001536757,-12.90104591315,
    5.029621281583));
#282 = CARTESIAN_POINT('',(11.60352905952,-12.41570178702,4.975559083354
    ));
#283 = CARTESIAN_POINT('',(12.017325237883,-11.97685658977,
    4.904068151474));
#284 = CARTESIAN_POINT('',(12.97014867956,-11.28480431587,4.728547786417
    ));
#285 = CARTESIAN_POINT('',(13.481357723221,-11.01155846231,
    4.631015813143));
#286 = CARTESIAN_POINT('',(14.06345653281,-10.81445538558,4.514945932321
    ));
#287 = CARTESIAN_POINT('',(14.684939655077,-10.71977318262,
    4.383599851961));
#288 = CARTESIAN_POINT('',(15.310305145477,-10.73773863685,
    4.243258514424));
#289 = CARTESIAN_POINT('',(15.908928389028,-10.85929535906,
    4.102134970967));
#290 = CARTESIAN_POINT('',(16.997044087329,-11.2608177207,3.835794778233
    ));
#291 = CARTESIAN_POINT('',(17.484612053561,-11.5420714091,3.710934499858
    ));
#292 = CARTESIAN_POINT('',(17.904677880231,-11.88063637997,3.59925385348
    ));
#293 = CARTESIAN_POINT('',(18.257744987197,-12.26148205428,
    3.502746198712));
#294 = CARTESIAN_POINT('',(18.545676856633,-12.67220730921,3.42254522705
    ));
#295 = CARTESIAN_POINT('',(18.769536892897,-13.10199601046,
    3.359352725458));
#296 = CARTESIAN_POINT('',(19.153184126497,-14.14271103324,
    3.250209002759));
#297 = CARTESIAN_POINT('',(19.262116968069,-14.76411569343,
    3.218305905602));
#298 = CARTESIAN_POINT('',(19.265208968302,-15.39512563518,
    3.217207185478));
#299 = CARTESIAN_POINT('',(19.163190257796,-16.0207996674,3.247215047052
    ));
#300 = CARTESIAN_POINT('',(18.951637432318,-16.63391609336,3.30849693168
    ));
#301 = CARTESIAN_POINT('',(18.63555746965,-17.20386566854,3.398381169839
    ));
#302 = CARTESIAN_POINT('',(17.803601798519,-18.178533552,3.625026969996)
  );
#303 = CARTESIAN_POINT('',(17.320828510542,-18.59938364014,
    3.753784451457));
#304 = CARTESIAN_POINT('',(16.721142472116,-18.95642650335,
    3.909163724946));
#305 = CARTESIAN_POINT('',(16.036751035997,-19.19706978821,
    4.077725244966));
#306 = CARTESIAN_POINT('',(15.304535939904,-19.29545280086,
    4.247121563542));
#307 = CARTESIAN_POINT('',(14.558676812181,-19.23903368245,
    4.408354560631));
#308 = CARTESIAN_POINT('',(13.470197575544,-18.9320991444,4.630943727371
    ));
#309 = CARTESIAN_POINT('',(13.095987281974,-18.77787886725,
    4.704698032134));
#310 = CARTESIAN_POINT('',(12.753900219497,-18.5893904223,4.769668528642
    ));
#311 = CARTESIAN_POINT('',(12.443166651053,-18.37152450644,
    4.826809518764));
#312 = CARTESIAN_POINT('',(12.163499471505,-18.1299986148,4.876899223074
    ));
#313 = CARTESIAN_POINT('',(11.918228977422,-17.87189256932,
    4.919785429519));
#314 = CARTESIAN_POINT('',(11.440080959399,-17.26560137768,5.00185713071
    ));
#315 = CARTESIAN_POINT('',(11.224314850667,-16.91027253491,
    5.037658782454));
#316 = CARTESIAN_POINT('',(11.054092905965,-16.54028067217,
    5.065228446617));
#317 = CARTESIAN_POINT('',(10.927847679166,-16.16088940634,
    5.085350199057));
#318 = CARTESIAN_POINT('',(10.84434775934,-15.77598228783,5.098546749974
    ));
#319 = CARTESIAN_POINT('',(10.802498009234,-15.38806815907,
    5.105162583389));
#320 = CARTESIAN_POINT('',(10.802498009234,-15.,5.105162583389));
#321 = FACE_BOUND('',#322,.T.);
#322 = EDGE_LOOP('',(#323));
#323 = ORIENTED_EDGE('',*,*,#324,.T.);
#324 = EDGE_CURVE('',#325,#325,#327,.T.);
#325 = VERTEX_POINT('',#326);
#326 = CARTESIAN_POINT('',(10.802498009231,15.,5.105162583389));
#327 = B_SPLINE_CURVE_WITH_KNOTS('',14,(#328,#329,#330,#331,#332,#333,
    #334,#335,#336,#337,#338,#339,#340,#341,#342,#343,#344,#345,#346,
    #347,#348,#349,#350,#351,#352,#353,#354,#355,#356,#357,#358,#359,
    #360,#361,#362,#363,#364,#365,#366,#367,#368,#369,#370,#371,#372,
    #373,#374,#375,#376,#377,#378,#379,#380,#381,#382,#383,#384,#385,
    #386,#387,#388,#389,#390,#391,#392,#393,#394,#395,#396,#397,#398,
    #399,#400,#401,#402,#403,#404,#405,#406,#407,#408,#409,#410,#411,
    #412,#413,#414,#415,#416,#417,#418,#419,#420,#421,#422,#423,#424,
    #425,#426,#427,#428,#429,#430,#431,#432,#433,#434,#435,#436,#437,
    #438,#439,#440,#441,#442,#443,#444,#445,#446,#447,#448,#449,#450,
    #451,#452,#453,#454,#455,#456,#457,#458,#459,#460,#461,#462,#463,
    #464,#465,#466,#467,#468,#469,#470,#471,#472,#473,#474,#475,#476,
    #477,#478,#479,#480,#481,#482,#483,#484,#485),.UNSPECIFIED.,.T.,.F.,
  (15,13,13,13,13,13,13,13,13,13,13,13,15),(4.9E-16,4.194206342807,
    7.726484508917,11.297456830226,16.135317051059,20.254303613469,
    22.571359636664,24.008939468406,24.727729384278,25.087124342213,
    25.266821821181,25.356670560665,25.446519300149),.UNSPECIFIED.);
#328 = CARTESIAN_POINT('',(10.802498009231,15.,5.105162583389));
#329 = CARTESIAN_POINT('',(10.802498009236,15.266132247896,5.10516258339
    ));
#330 = CARTESIAN_POINT('',(10.820653130919,15.532160832288,
    5.102294138473));
#331 = CARTESIAN_POINT('',(10.85695191416,15.797485439612,5.096555260548
    ));
#332 = CARTESIAN_POINT('',(10.911485944301,16.061420595159,
    5.087913226135));
#333 = CARTESIAN_POINT('',(10.984457881952,16.323217466063,
    5.076297209889));
#334 = CARTESIAN_POINT('',(11.076162285013,16.582051215714,
    5.061598299824));
#335 = CARTESIAN_POINT('',(11.186952802312,16.83698730745,5.043673611836
    ));
#336 = CARTESIAN_POINT('',(11.317209303352,17.086940129734,
    5.022351212128));
#337 = CARTESIAN_POINT('',(11.467318528826,17.330637349869,
    4.997432568379));
#338 = CARTESIAN_POINT('',(11.637681823185,17.566603362903,
    4.968689236202));
#339 = CARTESIAN_POINT('',(11.828763533865,17.793175242499,
    4.935850501849));
#340 = CARTESIAN_POINT('',(12.041193641714,18.008564566377,
    4.898578689554));
#341 = CARTESIAN_POINT('',(12.275938202032,18.210978513846,
    4.856428851379));
#342 = CARTESIAN_POINT('',(12.752349922868,18.557004650793,
    4.768668668851));
#343 = CARTESIAN_POINT('',(12.987597494235,18.705241173402,4.72455773832
    ));
#344 = CARTESIAN_POINT('',(13.239839864501,18.840349477281,
    4.676336788643));
#345 = CARTESIAN_POINT('',(13.507686525154,18.959391115313,
    4.624043520251));
#346 = CARTESIAN_POINT('',(13.789049501928,19.059760694041,
    4.567857674225));
#347 = CARTESIAN_POINT('',(14.081349948244,19.139269466176,
    4.508086339864));
#348 = CARTESIAN_POINT('',(14.381692309379,19.19621472915,4.4451502038)
  );
#349 = CARTESIAN_POINT('',(14.687006049848,19.229435018966,
    4.379570735495));
#350 = CARTESIAN_POINT('',(14.994154955078,19.238351114641,
    4.311958316261));
#351 = CARTESIAN_POINT('',(15.300013993615,19.222992834986,
    4.243001303406));
#352 = CARTESIAN_POINT('',(15.601513754299,19.184011646033,
    4.173456037924));
#353 = CARTESIAN_POINT('',(15.895652445609,19.122679063685,
    4.104137788538));
#354 = CARTESIAN_POINT('',(16.179475466745,19.040870862464,
    4.035912637317));
#355 = CARTESIAN_POINT('',(16.723533315897,18.840109681645,3.90274254095
    ));
#356 = CARTESIAN_POINT('',(16.983324031172,18.720859459974,
    3.837879835247));
#357 = CARTESIAN_POINT('',(17.228620790075,18.585410226835,
    3.775500685106));
#358 = CARTESIAN_POINT('',(17.458948712508,18.435639040878,
    3.715928378418));
#359 = CARTESIAN_POINT('',(17.674056499594,18.273222655122,
    3.659424538048));
#360 = CARTESIAN_POINT('',(17.873852721547,18.09967607288,3.606200654682
    ));
#361 = CARTESIAN_POINT('',(18.058353838248,17.916383220308,
    3.556427606098));
#362 = CARTESIAN_POINT('',(18.227643944378,17.724619729462,
    3.510243164334));
#363 = CARTESIAN_POINT('',(18.381846248306,17.525567839235,
    3.467757488459));
#364 = CARTESIAN_POINT('',(18.521106276121,17.32032340654,3.429056605953
    ));
#365 = CARTESIAN_POINT('',(18.645586807495,17.109895034628,
    3.394203879375));
#366 = CARTESIAN_POINT('',(18.755474539105,16.895195313072,
    3.363239461414));
#367 = CARTESIAN_POINT('',(18.850998477812,16.677024173247,
    3.336177735894));
#368 = CARTESIAN_POINT('',(19.042822094611,16.156666661855,
    3.281605874546));
#369 = CARTESIAN_POINT('',(19.127386152144,15.852062212144,
    3.257337613471));
#370 = CARTESIAN_POINT('',(19.186724387322,15.543485237464,
    3.240189667972));
#371 = CARTESIAN_POINT('',(19.221226425951,15.232256303277,
    3.230167325936));
#372 = CARTESIAN_POINT('',(19.231100067288,14.919661436202,
    3.227283969712));
#373 = CARTESIAN_POINT('',(19.216405823921,14.606946177166,
    3.231550503575));
#374 = CARTESIAN_POINT('',(19.177104234828,14.295367995122,
    3.242963871375));
#375 = CARTESIAN_POINT('',(19.113094890253,13.986270499337,
    3.261498840232));
#376 = CARTESIAN_POINT('',(19.024226097322,13.681142880311,
    3.287107223445));
#377 = CARTESIAN_POINT('',(18.910254129189,13.381628019603,
    3.319728719325));
#378 = CARTESIAN_POINT('',(18.770730983836,13.089442697682,
    3.359317538754));
#379 = CARTESIAN_POINT('',(18.60479959559,12.806173339254,3.40588899791)
  );
#380 = CARTESIAN_POINT('',(18.410875427841,12.532910727433,
    3.459590249738));
#381 = CARTESIAN_POINT('',(17.994897592275,12.045576785703,
    3.572913149816));
#382 = CARTESIAN_POINT('',(17.780482944553,11.827782737369,
    3.630687702561));
#383 = CARTESIAN_POINT('',(17.541340688071,11.619808501211,
    3.694324136981));
#384 = CARTESIAN_POINT('',(17.277573201096,11.42572248546,3.763480542938
    ));
#385 = CARTESIAN_POINT('',(16.990529686545,11.249708115273,
    3.837446324194));
#386 = CARTESIAN_POINT('',(16.682427850186,11.095745202841,
    3.915283084136));
#387 = CARTESIAN_POINT('',(16.356062115005,10.967398154128,3.99593410371
    ));
#388 = CARTESIAN_POINT('',(16.014598931771,10.867686627969,
    4.078304494786));
#389 = CARTESIAN_POINT('',(15.661459733911,10.799014239467,
    4.161314107794));
#390 = CARTESIAN_POINT('',(15.3002920954,10.763130926912,4.243925276866)
  );
#391 = CARTESIAN_POINT('',(14.935029643574,10.761104574527,
    4.325147482145));
#392 = CARTESIAN_POINT('',(14.570041280917,10.793277506286,
    4.404021011181));
#393 = CARTESIAN_POINT('',(14.210370271381,10.859183449158,
    4.479581700365));
#394 = CARTESIAN_POINT('',(13.666130660111,11.012650714416,
    4.590876282295));
#395 = CARTESIAN_POINT('',(13.474272010831,11.07799008379,4.629471284124
    ));
#396 = CARTESIAN_POINT('',(13.287878884916,11.152509854204,4.66636276426
    ));
#397 = CARTESIAN_POINT('',(13.107809608516,11.235460676355,
    4.701437039773));
#398 = CARTESIAN_POINT('',(12.934554634791,11.326196163033,
    4.734660757278));
#399 = CARTESIAN_POINT('',(12.768372102484,11.424127686139,
    4.766050306935));
#400 = CARTESIAN_POINT('',(12.609394051796,11.528690477806,
    4.795647711564));
#401 = CARTESIAN_POINT('',(12.457703316433,11.639321053159,4.8235029993)
  );
#402 = CARTESIAN_POINT('',(12.31338106496,11.755445929213,4.849663047867
    ));
#403 = CARTESIAN_POINT('',(12.176525024219,11.876481671708,
    4.874166914957));
#404 = CARTESIAN_POINT('',(12.047238350476,12.001846235742,4.89704763954
    ));
#405 = CARTESIAN_POINT('',(11.925589179277,12.130981631798,
    4.918340527819));
#406 = CARTESIAN_POINT('',(11.811540829971,12.263387891981,
    4.938097913154));
#407 = CARTESIAN_POINT('',(11.638659749055,12.482600922191,
    4.967772080745));
#408 = CARTESIAN_POINT('',(11.575290710679,12.567667446146,
    4.978578171877));
#409 = CARTESIAN_POINT('',(11.51470760448,12.653804960539,4.988844741071
    ));
#410 = CARTESIAN_POINT('',(11.456874714349,12.740951741991,
    4.998586948279));
#411 = CARTESIAN_POINT('',(11.401758573383,12.829047314402,
    5.007819044789));
#412 = CARTESIAN_POINT('',(11.349327955897,12.918032437732,
    5.016554369305));
#413 = CARTESIAN_POINT('',(11.299553890376,13.007849126275,
    5.024805354305));
#414 = CARTESIAN_POINT('',(11.252409641904,13.098440623744,
    5.032583517407));
#415 = CARTESIAN_POINT('',(11.207870732348,13.189751432037,
    5.039899471301));
#416 = CARTESIAN_POINT('',(11.165914920611,13.281727282955,
    5.046762914018));
#417 = CARTESIAN_POINT('',(11.126522219106,13.374315161905,
    5.053182637063));
#418 = CARTESIAN_POINT('',(11.089674882073,13.467463291024,5.05916651963
    ));
#419 = CARTESIAN_POINT('',(11.055357412565,13.561121139294,
    5.064721532077));
#420 = CARTESIAN_POINT('',(11.007656132191,13.702298556646,
    5.072419835247));
#421 = CARTESIAN_POINT('',(10.992383128622,13.749472421422,
    5.074880869623));
#422 = CARTESIAN_POINT('',(10.977735970952,13.79675585115,5.077237475248
    ));
#423 = CARTESIAN_POINT('',(10.963713082293,13.844143685412,
    5.079490290283));
#424 = CARTESIAN_POINT('',(10.950312884783,13.891630763207,
    5.081639952372));
#425 = CARTESIAN_POINT('',(10.937533802317,13.939211924501,
    5.083687100089));
#426 = CARTESIAN_POINT('',(10.92537425617,13.986882007931,5.085632370626
    ));
#427 = CARTESIAN_POINT('',(10.913832670892,14.034635853656,
    5.087476402895));
#428 = CARTESIAN_POINT('',(10.902907467576,14.082468300378,
    5.089219834001));
#429 = CARTESIAN_POINT('',(10.892597070406,14.130374187966,
    5.090863302657));
#430 = CARTESIAN_POINT('',(10.882899901227,14.178348355508,
    5.092407446366));
#431 = CARTESIAN_POINT('',(10.873814383372,14.226385642527,
    5.093852903395));
#432 = CARTESIAN_POINT('',(10.86533893939,14.274480888346,5.095200311613
    ));
#433 = CARTESIAN_POINT('',(10.85353851855,14.346702954371,5.097075307775
    ));
#434 = CARTESIAN_POINT('',(10.849757335554,14.370790412359,
    5.097675874697));
#435 = CARTESIAN_POINT('',(10.846128341158,14.394890754439,
    5.098252049487));
#436 = CARTESIAN_POINT('',(10.842651433184,14.419003428595,
    5.098803871751));
#437 = CARTESIAN_POINT('',(10.839326509862,14.443127883189,
    5.099331381255));
#438 = CARTESIAN_POINT('',(10.836153468589,14.467263565734,
    5.099834617422));
#439 = CARTESIAN_POINT('',(10.833132208148,14.491409925256,
    5.100313620273));
#440 = CARTESIAN_POINT('',(10.830262625424,14.515566408592,
    5.100768428975));
#441 = CARTESIAN_POINT('',(10.827544619455,14.539732465189,
    5.101199083701));
#442 = CARTESIAN_POINT('',(10.824978087249,14.563907541909,
    5.101605623641));
#443 = CARTESIAN_POINT('',(10.822562927404,14.588091087743,
    5.101988088784));
#444 = CARTESIAN_POINT('',(10.820299037491,14.612282550231,
    5.102346518581));
#445 = CARTESIAN_POINT('',(10.818186315617,14.636481377721,
    5.102680952778));
#446 = CARTESIAN_POINT('',(10.815243831703,14.672789838446,
    5.103146670103));
#447 = CARTESIAN_POINT('',(10.814300783318,14.684894371079,
    5.103295915136));
#448 = CARTESIAN_POINT('',(10.813395508745,14.69700055088,5.103439168488
    ));
#449 = CARTESIAN_POINT('',(10.812528001912,14.709108312544,
    5.103576432493));
#450 = CARTESIAN_POINT('',(10.811698257509,14.721217591034,
    5.103707709656));
#451 = CARTESIAN_POINT('',(10.810906268722,14.733328320697,5.10383300212
    ));
#452 = CARTESIAN_POINT('',(10.81015203113,14.745440436961,5.103952312629
    ));
#453 = CARTESIAN_POINT('',(10.809435537178,14.757553873748,5.10406564312
    ));
#454 = CARTESIAN_POINT('',(10.808756782728,14.769668566686,
    5.104172996424));
#455 = CARTESIAN_POINT('',(10.808115760524,14.78178444981,5.104274374546
    ));
#456 = CARTESIAN_POINT('',(10.80751246569,14.793901458386,5.104369780129
    ));
#457 = CARTESIAN_POINT('',(10.806946891842,14.806019526897,
    5.104459215406));
#458 = CARTESIAN_POINT('',(10.806419033374,14.818138590229,
    5.104542682826));
#459 = CARTESIAN_POINT('',(10.805683809864,14.836318579546,
    5.104658935711));
#460 = CARTESIAN_POINT('',(10.805448163615,14.842378808758,5.10469619497
    ));
#461 = CARTESIAN_POINT('',(10.805221945429,14.84843926279,5.104731962685
    ));
#462 = CARTESIAN_POINT('',(10.805005154768,14.854499933555,
    5.104766238911));
#463 = CARTESIAN_POINT('',(10.804797791975,14.860560813313,5.10479902396
    ));
#464 = CARTESIAN_POINT('',(10.80459985567,14.866621893636,5.104830317653
    ));
#465 = CARTESIAN_POINT('',(10.804411347205,14.872683167186,
    5.104860120567));
#466 = CARTESIAN_POINT('',(10.804232264336,14.878744625214,
    5.104888432323));
#467 = CARTESIAN_POINT('',(10.804062608787,14.884806260485,
    5.104915253547));
#468 = CARTESIAN_POINT('',(10.8039023786,14.890868064404,5.10494058398)
  );
#469 = CARTESIAN_POINT('',(10.803751574688,14.896930029405,
    5.104964424016));
#470 = CARTESIAN_POINT('',(10.803610196093,14.902992147264,
    5.104986773648));
#471 = CARTESIAN_POINT('',(10.803478242863,14.909054410115,
    5.105007633071));
#472 = CARTESIAN_POINT('',(10.803233186359,14.921179209732,
    5.105046371727));
#473 = CARTESIAN_POINT('',(10.803120083488,14.927032640104,
    5.105064250852));
#474 = CARTESIAN_POINT('',(10.803016405232,14.934914532933,
    5.105080639915));
#475 = CARTESIAN_POINT('',(10.802922155091,14.93302430157,5.105095538529
    ));
#476 = CARTESIAN_POINT('',(10.802837319663,14.961740410403,
    5.105108948634));
#477 = CARTESIAN_POINT('',(10.802761934738,14.921590871058,
    5.105120864995));
#478 = CARTESIAN_POINT('',(10.802695928336,14.998256474268,
    5.105131298506));
#479 = CARTESIAN_POINT('',(10.802639410561,14.921756273136,
    5.105140232404));
#480 = CARTESIAN_POINT('',(10.802592253079,15.002303297502,
    5.105147686404));
#481 = CARTESIAN_POINT('',(10.802554569049,14.956717330393,
    5.105153643139));
#482 = CARTESIAN_POINT('',(10.802526284915,14.989860041767,
    5.105158113903));
#483 = CARTESIAN_POINT('',(10.80250743527,14.985572740439,5.105161093443
    ));
#484 = CARTESIAN_POINT('',(10.802498009232,14.99429888635,5.105162583388
    ));
#485 = CARTESIAN_POINT('',(10.802498009234,15.,5.105162583389));
#486 = CYLINDRICAL_SURFACE('',#487,69.189475020822);
#487 = AXIS2_PLACEMENT_3D('',#488,#489,#490);
#488 = CARTESIAN_POINT('',(-1.088087E-11,20.,-63.235817));
#489 = DIRECTION('',(0.,1.,-2.2E-16));
#490 = DIRECTION('',(-1.,0.,0.));
#491 = ADVANCED_FACE('',(#492),#664,.T.);
#492 = FACE_BOUND('',#493,.T.);
#493 = EDGE_LOOP('',(#494,#501,#662,#663));
#494 = ORIENTED_EDGE('',*,*,#495,.T.);
#495 = EDGE_CURVE('',#22,#496,#498,.T.);
#496 = VERTEX_POINT('',#497);
#497 = CARTESIAN_POINT('',(-19.,-15.,3.093751265974));
#498 = B_SPLINE_CURVE_WITH_KNOTS('',1,(#499,#500),.UNSPECIFIED.,.F.,.F.,
  (2,2),(0.,25.446519301161),.PIECEWISE_BEZIER_KNOTS.);
#499 = CARTESIAN_POINT('',(-19.19223165932,-15.,3.23855172654));
#500 = CARTESIAN_POINT('',(-19.,-15.,3.093751265974));
#501 = ORIENTED_EDGE('',*,*,#502,.T.);
#502 = EDGE_CURVE('',#496,#496,#503,.T.);
#503 = B_SPLINE_CURVE_WITH_KNOTS('',13,(#504,#505,#506,#507,#508,#509,
    #510,#511,#512,#513,#514,#515,#516,#517,#518,#519,#520,#521,#522,
    #523,#524,#525,#526,#527,#528,#529,#530,#531,#532,#533,#534,#535,
    #536,#537,#538,#539,#540,#541,#542,#543,#544,#545,#546,#547,#548,
    #549,#550,#551,#552,#553,#554,#555,#556,#557,#558,#559,#560,#561,
    #562,#563,#564,#565,#566,#567,#568,#569,#570,#571,#572,#573,#574,
    #575,#576,#577,#578,#579,#580,#581,#582,#583,#584,#585,#586,#587,
    #588,#589,#590,#591,#592,#593,#594,#595,#596,#597,#598,#599,#600,
    #601,#602,#603,#604,#605,#606,#607,#608,#609,#610,#611,#612,#613,
    #614,#615,#616,#617,#618,#619,#620,#621,#622,#623,#624,#625,#626,
    #627,#628,#629,#630,#631,#632,#633,#634,#635,#636,#637,#638,#639,
    #640,#641,#642,#643,#644,#645,#646,#647,#648,#649,#650,#651,#652,
    #653,#654,#655,#656,#657,#658,#659,#660,#661),.UNSPECIFIED.,.T.,.F.,
  (14,12,12,12,12,12,12,12,12,12,12,12,12,14),(-3.71E-15,
    6.856250230277E-02,0.137125004606,0.274250009211,0.548500018422,
    1.097000036844,2.194000073689,4.388000147378,7.929617094773,
    11.31859685491,15.977793081458,20.083063888978,22.563878543548,
    25.446519301161),.UNSPECIFIED.);
#504 = CARTESIAN_POINT('',(-19.,-15.,3.093751265974));
#505 = CARTESIAN_POINT('',(-18.99999999999,-14.9951855996,3.093751265977
    ));
#506 = CARTESIAN_POINT('',(-18.99999448942,-14.99274988771,
    3.093752817597));
#507 = CARTESIAN_POINT('',(-18.99998346829,-14.98081564422,3.0937559208)
  );
#508 = CARTESIAN_POINT('',(-18.9999669369,-14.99401523073,3.093760575586
    ));
#509 = CARTESIAN_POINT('',(-18.9999448949,-14.95902456235,3.093766781879
    ));
#510 = CARTESIAN_POINT('',(-18.99991734302,-14.99366073942,
    3.093774539723));
#511 = CARTESIAN_POINT('',(-18.99988428052,-14.95115481441,
    3.093783849011));
#512 = CARTESIAN_POINT('',(-18.99984570824,-14.97444181302,
    3.093794709794));
#513 = CARTESIAN_POINT('',(-18.9998016256,-14.95488274953,3.093807121988
    ));
#514 = CARTESIAN_POINT('',(-18.99975203304,-14.95615017852,
    3.093821085604));
#515 = CARTESIAN_POINT('',(-18.99969693039,-14.95020667745,
    3.093836600599));
#516 = CARTESIAN_POINT('',(-18.99963631775,-14.94587355687,
    3.093853666955));
#517 = CARTESIAN_POINT('',(-18.9995040725,-14.9368531856,3.09389090234)
  );
#518 = CARTESIAN_POINT('',(-18.99943243995,-14.93234306953,
    3.093911071362));
#519 = CARTESIAN_POINT('',(-18.99935529749,-14.92783302735,
    3.093932791711));
#520 = CARTESIAN_POINT('',(-18.999272645,-14.92332306317,3.093956063305)
  );
#521 = CARTESIAN_POINT('',(-18.99918448266,-14.91881318156,
    3.093980886242));
#522 = CARTESIAN_POINT('',(-18.99909081014,-14.91430338631,
    3.094007260302));
#523 = CARTESIAN_POINT('',(-18.99899162784,-14.90979368231,
    3.094035185723));
#524 = CARTESIAN_POINT('',(-18.99888693526,-14.90528407317,
    3.094064662196));
#525 = CARTESIAN_POINT('',(-18.99877673284,-14.90077456372,
    3.094095689956));
#526 = CARTESIAN_POINT('',(-18.99866102021,-14.89626515782,
    3.094128268788));
#527 = CARTESIAN_POINT('',(-18.99853979757,-14.89175585999,
    3.094162398785));
#528 = CARTESIAN_POINT('',(-18.99841306479,-14.88724667437,
    3.094198079868));
#529 = CARTESIAN_POINT('',(-18.9980163361,-14.87371946707,3.094309776364
    ));
#530 = CARTESIAN_POINT('',(-18.99772981056,-14.86470179451,
    3.094390444996));
#531 = CARTESIAN_POINT('',(-18.99742124428,-14.85568462216,3.09447731777
    ));
#532 = CARTESIAN_POINT('',(-18.99709063626,-14.84666798449,
    3.094570394507));
#533 = CARTESIAN_POINT('',(-18.9967379855,-14.83765191621,3.094669675062
    ));
#534 = CARTESIAN_POINT('',(-18.99636329104,-14.82863645165,3.09477515924
    ));
#535 = CARTESIAN_POINT('',(-18.99596655179,-14.81962162561,
    3.094886846908));
#536 = CARTESIAN_POINT('',(-18.99554776691,-14.81060747241,
    3.095004737866));
#537 = CARTESIAN_POINT('',(-18.99510693523,-14.80159402678,
    3.095128831979));
#538 = CARTESIAN_POINT('',(-18.99464405591,-14.79258132315,
    3.095259129056));
#539 = CARTESIAN_POINT('',(-18.99415912783,-14.78356939614,
    3.095395628947));
#540 = CARTESIAN_POINT('',(-18.99365215008,-14.77455828027,
    3.095538331479));
#541 = CARTESIAN_POINT('',(-18.9920650647,-14.74752746976,3.095985046501
    ));
#542 = CARTESIAN_POINT('',(-18.99091881591,-14.72951030374,
    3.096307666658));
#543 = CARTESIAN_POINT('',(-18.9896843546,-14.71149679652,3.096655095612
    ));
#544 = CARTESIAN_POINT('',(-18.98836166037,-14.69348723269,
    3.097027332056));
#545 = CARTESIAN_POINT('',(-18.98695071225,-14.67548189661,
    3.097424374603));
#546 = CARTESIAN_POINT('',(-18.98545149029,-14.65748107307,
    3.097846222006));
#547 = CARTESIAN_POINT('',(-18.98386397306,-14.63948504622,
    3.098292872812));
#548 = CARTESIAN_POINT('',(-18.9821881409,-14.62149410097,3.098764325821
    ));
#549 = CARTESIAN_POINT('',(-18.98042397241,-14.60350852148,
    3.099260579575));
#550 = CARTESIAN_POINT('',(-18.97857144759,-14.58552859254,
    3.099781632834));
#551 = CARTESIAN_POINT('',(-18.97663054551,-14.5675545985,3.100327484207
    ));
#552 = CARTESIAN_POINT('',(-18.97460124576,-14.54958682395,
    3.100898132387));
#553 = CARTESIAN_POINT('',(-18.96824809154,-14.49570301227,
    3.102684463317));
#554 = CARTESIAN_POINT('',(-18.96365911655,-14.4598062878,3.103974551152
    ));
#555 = CARTESIAN_POINT('',(-18.95871626665,-14.42393783449,
    3.105363817676));
#556 = CARTESIAN_POINT('',(-18.95341920579,-14.38810010685,3.10685224104
    ));
#557 = CARTESIAN_POINT('',(-18.94776759794,-14.35229555938,
    3.108439799379));
#558 = CARTESIAN_POINT('',(-18.94176110698,-14.3165266466,3.110126470846
    ));
#559 = CARTESIAN_POINT('',(-18.93539939696,-14.28079582301,
    3.111912233581));
#560 = CARTESIAN_POINT('',(-18.9286821317,-14.24510554313,3.113797065727
    ));
#561 = CARTESIAN_POINT('',(-18.92160897527,-14.20945826145,
    3.115780945433));
#562 = CARTESIAN_POINT('',(-18.91417959151,-14.1738564325,3.117863850838
    ));
#563 = CARTESIAN_POINT('',(-18.90639364444,-14.13830251077,3.12004576009
    ));
#564 = CARTESIAN_POINT('',(-18.89825079797,-14.10279895077,
    3.122326651332));
#565 = CARTESIAN_POINT('',(-18.87275055222,-13.99644671951,
    3.129466205458));
#566 = CARTESIAN_POINT('',(-18.85432194436,-13.92575132749,
    3.134622565728));
#567 = CARTESIAN_POINT('',(-18.83446064258,-13.85528611903,
    3.140174829396));
#568 = CARTESIAN_POINT('',(-18.81316239711,-13.78507518229,
    3.146122242352));
#569 = CARTESIAN_POINT('',(-18.79042295794,-13.71514260525,
    3.152464050461));
#570 = CARTESIAN_POINT('',(-18.76623807541,-13.64551247617,
    3.159199499625));
#571 = CARTESIAN_POINT('',(-18.74060349942,-13.57620888296,
    3.166327835706));
#572 = CARTESIAN_POINT('',(-18.71351498036,-13.50725591391,
    3.173848304599));
#573 = CARTESIAN_POINT('',(-18.68496826816,-13.43867765695,
    3.181760152179));
#574 = CARTESIAN_POINT('',(-18.6549591131,-13.3704982003,3.190062624328)
  );
#575 = CARTESIAN_POINT('',(-18.62348326525,-13.30274163199,3.19875496693
    ));
#576 = CARTESIAN_POINT('',(-18.59053647477,-13.23543204014,
    3.207836425864));
#577 = CARTESIAN_POINT('',(-18.48727052586,-13.03491645825,
    3.236245889307));
#578 = CARTESIAN_POINT('',(-18.41254201728,-12.90314271525,
    3.256731314424));
#579 = CARTESIAN_POINT('',(-18.33186140752,-12.77350611062,
    3.278757392211));
#580 = CARTESIAN_POINT('',(-18.2451874804,-12.64624592737,3.302312215707
    ));
#581 = CARTESIAN_POINT('',(-18.15249428789,-12.52160772647,
    3.327379107923));
#582 = CARTESIAN_POINT('',(-18.0537600747,-12.39984416846,3.353938628435
    ));
#583 = CARTESIAN_POINT('',(-17.948956205,-12.28121583526,3.38197058031)
  );
#584 = CARTESIAN_POINT('',(-17.83803608599,-12.16599205163,
    3.411456016535));
#585 = CARTESIAN_POINT('',(-17.72092409538,-12.05445170721,
    3.442379247077));
#586 = CARTESIAN_POINT('',(-17.59750450479,-11.94688407779,
    3.474729845262));
#587 = CARTESIAN_POINT('',(-17.46761040674,-11.84358964738,
    3.508504654776));
#588 = CARTESIAN_POINT('',(-17.33101263898,-11.7448809296,3.543709796188
    ));
#589 = CARTESIAN_POINT('',(-16.95559918903,-11.49967248715,
    3.639528785032));
#590 = CARTESIAN_POINT('',(-16.70545896399,-11.36087860879,3.70250565765
    ));
#591 = CARTESIAN_POINT('',(-16.43751314325,-11.23803659321,
    3.768953350201));
#592 = CARTESIAN_POINT('',(-16.15362768699,-11.13434609083,
    3.838160515012));
#593 = CARTESIAN_POINT('',(-15.85658876483,-11.05266483594,
    3.909198512729));
#594 = CARTESIAN_POINT('',(-15.54975460019,-10.99533724007,
    3.981046914338));
#595 = CARTESIAN_POINT('',(-15.23677980623,-10.96405821047,
    4.052690391664));
#596 = CARTESIAN_POINT('',(-14.92141220754,-10.95977218836,
    4.123186995011));
#597 = CARTESIAN_POINT('',(-14.60736215424,-10.982607413,4.191707819405)
  );
#598 = CARTESIAN_POINT('',(-14.29824432197,-11.03184540579,4.25754805811
    ));
#599 = CARTESIAN_POINT('',(-13.99759200318,-11.10592567908,
    4.320109444418));
#600 = CARTESIAN_POINT('',(-13.70894388598,-11.20248566654,
    4.378854081103));
#601 = CARTESIAN_POINT('',(-13.17482599638,-11.42938884591,
    4.485261747023));
#602 = CARTESIAN_POINT('',(-12.92802629079,-11.55800233924,
    4.533297985227));
#603 = CARTESIAN_POINT('',(-12.69667669693,-11.7019024466,4.577351397024
    ));
#604 = CARTESIAN_POINT('',(-12.48128625116,-11.85904764847,
    4.617529548982));
#605 = CARTESIAN_POINT('',(-12.28198528511,-12.02765362953,
    4.653997351401));
#606 = CARTESIAN_POINT('',(-12.0986749342,-12.20613319877,4.686947020002
    ));
#607 = CARTESIAN_POINT('',(-11.93114139534,-12.39305130694,
    4.716575194374));
#608 = CARTESIAN_POINT('',(-11.77913494764,-12.58709517492,
    4.743067217847));
#609 = CARTESIAN_POINT('',(-11.64241371891,-12.78705951624,
    4.766588573031));
#610 = CARTESIAN_POINT('',(-11.52075221622,-12.99184687138,
    4.787283479048));
#611 = CARTESIAN_POINT('',(-11.41391460394,-13.20048303796,
    4.805280645081));
#612 = CARTESIAN_POINT('',(-11.32159274209,-13.4121476091,4.820706184328
    ));
#613 = CARTESIAN_POINT('',(-11.13568383555,-13.92052749745,
    4.851572753631));
#614 = CARTESIAN_POINT('',(-11.05462039304,-14.21945135971,
    4.864841403355));
#615 = CARTESIAN_POINT('',(-10.99941475447,-14.52163374538,
    4.873794786878));
#616 = CARTESIAN_POINT('',(-10.96928853028,-14.82599070199,4.87863964829
    ));
#617 = CARTESIAN_POINT('',(-10.9638504188,-15.13150565793,4.879487989489
    ));
#618 = CARTESIAN_POINT('',(-10.98315473213,-15.4370731028,4.876365002755
    ));
#619 = CARTESIAN_POINT('',(-11.02752101814,-15.7414035718,4.869228267275
    ));
#620 = CARTESIAN_POINT('',(-11.09727893833,-16.04300145895,
    4.857985209675));
#621 = CARTESIAN_POINT('',(-11.192602553,-16.34022715536,4.842495824735)
  );
#622 = CARTESIAN_POINT('',(-11.31359817435,-16.63145504212,
    4.822547656796));
#623 = CARTESIAN_POINT('',(-11.46080993925,-16.91533883384,
    4.797790038205));
#624 = CARTESIAN_POINT('',(-11.63630726091,-17.19119579795,
    4.767614584591));
#625 = CARTESIAN_POINT('',(-12.02985655154,-17.69594605294,
    4.698680053677));
#626 = CARTESIAN_POINT('',(-12.24017009187,-17.92617605064,
    4.661384305489));
#627 = CARTESIAN_POINT('',(-12.47846030763,-18.14771559949,
    4.618308949491));
#628 = CARTESIAN_POINT('',(-12.74481255234,-18.3553886247,4.569095466552
    ));
#629 = CARTESIAN_POINT('',(-13.03772602805,-18.54340902632,
    4.513677756698));
#630 = CARTESIAN_POINT('',(-13.35449975668,-18.70651824216,
    4.452195902721));
#631 = CARTESIAN_POINT('',(-13.69161571175,-18.84043257852,
    4.384944879848));
#632 = CARTESIAN_POINT('',(-14.04506020029,-18.94184287015,
    4.312357592853));
#633 = CARTESIAN_POINT('',(-14.41052454232,-19.00820896029,
    4.235021607727));
#634 = CARTESIAN_POINT('',(-14.78342614247,-19.03759157064,
    4.153728960923));
#635 = CARTESIAN_POINT('',(-15.15869100362,-19.02876405535,4.06955841405
    ));
#636 = CARTESIAN_POINT('',(-15.53023876855,-18.98184659532,
    3.983989534224));
#637 = CARTESIAN_POINT('',(-16.107582309,-18.8500673984,3.847717795735)
  );
#638 = CARTESIAN_POINT('',(-16.3207334623,-18.78748706794,3.796642024048
    ));
#639 = CARTESIAN_POINT('',(-16.52736925315,-18.71300821623,
    3.746402231544));
#640 = CARTESIAN_POINT('',(-16.72626219436,-18.62758013246,
    3.697366808603));
#641 = CARTESIAN_POINT('',(-16.91680794334,-18.53208758366,3.64976642372
    ));
#642 = CARTESIAN_POINT('',(-17.09875030981,-18.42737377356,
    3.603753850235));
#643 = CARTESIAN_POINT('',(-17.27197620577,-18.31425622426,
    3.559448158942));
#644 = CARTESIAN_POINT('',(-17.43638052496,-18.19353555917,
    3.516963273973));
#645 = CARTESIAN_POINT('',(-17.59180096739,-18.06599721393,
    3.476420895149));
#646 = CARTESIAN_POINT('',(-17.73802279283,-17.93240604726,
    3.437947783497));
#647 = CARTESIAN_POINT('',(-17.87485351746,-17.79349387682,
    3.401657412835));
#648 = CARTESIAN_POINT('',(-18.00226754301,-17.64993992099,
    3.367615985257));
#649 = CARTESIAN_POINT('',(-18.25814398034,-17.3308418023,3.298815129395
    ));
#650 = CARTESIAN_POINT('',(-18.38338808782,-17.15377980013,
    3.264839865695));
#651 = CARTESIAN_POINT('',(-18.49662240473,-16.97177277629,
    3.233882854555));
#652 = CARTESIAN_POINT('',(-18.59806724692,-16.78541746582,
    3.205961340758));
#653 = CARTESIAN_POINT('',(-18.68789962181,-16.59529104162,
    3.181093158158));
#654 = CARTESIAN_POINT('',(-18.76625896315,-16.4019494424,3.159295908181
    ));
#655 = CARTESIAN_POINT('',(-18.8332528624,-16.20592569844,3.140586137603
    ));
#656 = CARTESIAN_POINT('',(-18.88896280481,-16.00772826052,
    3.124978517298));
#657 = CARTESIAN_POINT('',(-18.93344990019,-15.80783932509,
    3.112485019904));
#658 = CARTESIAN_POINT('',(-18.96676061861,-15.60671316314,
    3.103114098496));
#659 = CARTESIAN_POINT('',(-18.98893252229,-15.40477444604,
    3.096869864477));
#660 = CARTESIAN_POINT('',(-19.,-15.20241657344,3.093751265977));
#661 = CARTESIAN_POINT('',(-19.,-15.,3.093751265977));
#662 = ORIENTED_EDGE('',*,*,#495,.F.);
#663 = ORIENTED_EDGE('',*,*,#21,.F.);
#664 = B_SPLINE_SURFACE_WITH_KNOTS('',1,13,(
    (#665,#666,#667,#668,#669,#670,#671,#672,#673,#674,#675,#676,#677
      ,#678,#679,#680,#681,#682,#683,#684,#685,#686,#687,#688,#689,#690
      ,#691,#692,#693,#694,#695,#696,#697,#698,#699,#700,#701,#702,#703
      ,#704,#705,#706,#707,#708,#709,#710,#711,#712,#713,#714,#715,#716
      ,#717,#718,#719,#720,#721,#722,#723,#724,#725,#726,#727,#728,#729
      ,#730,#731,#732,#733,#734,#735,#736,#737,#738,#739,#740,#741,#742
      ,#743,#744,#745,#746,#747,#748,#749,#750,#751,#752,#753,#754,#755
      ,#756,#757,#758,#759,#760,#761,#762,#763,#764,#765,#766,#767,#768
      ,#769,#770,#771,#772,#773,#774,#775,#776,#777,#778,#779,#780,#781
      ,#782,#783,#784,#785,#786,#787,#788,#789,#790,#791,#792,#793,#794
      ,#795,#796,#797,#798,#799,#800,#801,#802,#803,#804,#805,#806,#807
      ,#808,#809,#810,#811,#812,#813,#814,#815,#816,#817,#818,#819,#820
      ,#821,#822)
    ,(#823,#824,#825,#826,#827,#828,#829,#830,#831,#832,#833,#834,#835
      ,#836,#837,#838,#839,#840,#841,#842,#843,#844,#845,#846,#847,#848
      ,#849,#850,#851,#852,#853,#854,#855,#856,#857,#858,#859,#860,#861
      ,#862,#863,#864,#865,#866,#867,#868,#869,#870,#871,#872,#873,#874
      ,#875,#876,#877,#878,#879,#880,#881,#882,#883,#884,#885,#886,#887
      ,#888,#889,#890,#891,#892,#893,#894,#895,#896,#897,#898,#899,#900
      ,#901,#902,#903,#904,#905,#906,#907,#908,#909,#910,#911,#912,#913
      ,#914,#915,#916,#917,#918,#919,#920,#921,#922,#923,#924,#925,#926
      ,#927,#928,#929,#930,#931,#932,#933,#934,#935,#936,#937,#938,#939
      ,#940,#941,#942,#943,#944,#945,#946,#947,#948,#949,#950,#951,#952
      ,#953,#954,#955,#956,#957,#958,#959,#960,#961,#962,#963,#964,#965
      ,#966,#967,#968,#969,#970,#971,#972,#973,#974,#975,#976,#977,#978
      ,#979,#980
    )),.UNSPECIFIED.,.F.,.T.,.F.,(2,2),(14,12,12,12,12,12,12,12,12,12,12
    ,12,12,14),(0.,25.446519301161),(-3.71E-15,6.856250230277E-02,
    0.137125004606,0.274250009211,0.548500018422,1.097000036844,
    2.194000073689,4.388000147378,7.929617094773,11.31859685491,
    15.977793081458,20.083063888978,22.563878543548,25.446519301161),
  .UNSPECIFIED.);
#665 = CARTESIAN_POINT('',(-19.19223165932,-15.,3.23855172654));
#666 = CARTESIAN_POINT('',(-19.19223165932,-14.99500656114,
    3.238551726541));
#667 = CARTESIAN_POINT('',(-19.1922260289,-14.99248024413,3.23855335214)
  );
#668 = CARTESIAN_POINT('',(-19.19221476811,-14.98010226518,
    3.238556603293));
#669 = CARTESIAN_POINT('',(-19.19219787719,-14.99379252454,
    3.238561480018));
#670 = CARTESIAN_POINT('',(-19.1921753559,-14.95750094281,3.238567982203
    ));
#671 = CARTESIAN_POINT('',(-19.1921472048,-14.99342474605,3.238576109944
    ));
#672 = CARTESIAN_POINT('',(-19.19211342338,-14.94933850782,
    3.238585863066));
#673 = CARTESIAN_POINT('',(-19.19207401222,-14.97349119709,
    3.238597241694));
#674 = CARTESIAN_POINT('',(-19.19202897099,-14.95320491973,
    3.238610245672));
#675 = CARTESIAN_POINT('',(-19.19197829991,-14.95451940594,
    3.238624875068));
#676 = CARTESIAN_POINT('',(-19.19192199895,-14.94835487625,
    3.238641129801));
#677 = CARTESIAN_POINT('',(-19.19186006814,-14.94386059368,
    3.238659009872));
#678 = CARTESIAN_POINT('',(-19.19172494684,-14.93450472619,
    3.238698020623));
#679 = CARTESIAN_POINT('',(-19.19165175641,-14.92982686128,
    3.238719151299));
#680 = CARTESIAN_POINT('',(-19.19157293624,-14.92514906938,
    3.238741907267));
#681 = CARTESIAN_POINT('',(-19.19148848611,-14.92047135447,
    3.238766288463));
#682 = CARTESIAN_POINT('',(-19.19139840637,-14.91579372095,
    3.238792294945));
#683 = CARTESIAN_POINT('',(-19.19130269636,-14.91111617248,
    3.238819926559));
#684 = CARTESIAN_POINT('',(-19.19120135686,-14.90643871377,
    3.238849183451));
#685 = CARTESIAN_POINT('',(-19.19109438698,-14.90176134833,
    3.238880065417));
#686 = CARTESIAN_POINT('',(-19.19098178744,-14.8970840808,3.238912572593
    ));
#687 = CARTESIAN_POINT('',(-19.19086355766,-14.89240691492,
    3.238946704838));
#688 = CARTESIAN_POINT('',(-19.19073969793,-14.88772985504,3.2389824622)
  );
#689 = CARTESIAN_POINT('',(-19.19061020806,-14.88305290517,
    3.239019844621));
#690 = CARTESIAN_POINT('',(-19.19020484813,-14.86902239807,
    3.239136867026));
#691 = CARTESIAN_POINT('',(-19.18991208855,-14.85966918285,
    3.239221382129));
#692 = CARTESIAN_POINT('',(-19.18959680812,-14.85031645726,
    3.239312397234));
#693 = CARTESIAN_POINT('',(-19.18925900554,-14.84096425458,
    3.239409912177));
#694 = CARTESIAN_POINT('',(-19.18889867962,-14.8316126084,3.23951392679)
  );
#695 = CARTESIAN_POINT('',(-19.188515829,-14.82226155181,3.239624440919)
  );
#696 = CARTESIAN_POINT('',(-19.18811045254,-14.8129111186,3.23974145438)
  );
#697 = CARTESIAN_POINT('',(-19.18768254887,-14.80356134172,
    3.239864967035));
#698 = CARTESIAN_POINT('',(-19.18723211683,-14.79421225496,
    3.239994978692));
#699 = CARTESIAN_POINT('',(-19.18675915508,-14.78486389142,
    3.240131489209));
#700 = CARTESIAN_POINT('',(-19.18626366241,-14.77551628467,
    3.240274498407));
#701 = CARTESIAN_POINT('',(-19.18574563755,-14.76616946802,
    3.240424006129));
#702 = CARTESIAN_POINT('',(-19.18412396262,-14.73813148861,
    3.240892024365));
#703 = CARTESIAN_POINT('',(-19.18295272509,-14.71944278732,
    3.241230030146));
#704 = CARTESIAN_POINT('',(-19.18169134162,-14.70075764675,
    3.241594028281));
#705 = CARTESIAN_POINT('',(-19.18033978756,-14.68207634275,
    3.241984017519));
#706 = CARTESIAN_POINT('',(-19.17889803733,-14.66339915091,3.24239999657
    ));
#707 = CARTESIAN_POINT('',(-19.17736606703,-14.6447263473,3.242841964216
    ));
#708 = CARTESIAN_POINT('',(-19.17574385034,-14.62605820729,
    3.243309919128));
#709 = CARTESIAN_POINT('',(-19.17403136381,-14.6073950071,3.243803860118
    ));
#710 = CARTESIAN_POINT('',(-19.17222858117,-14.58873702207,
    3.244323785849));
#711 = CARTESIAN_POINT('',(-19.17033547845,-14.5700845283,3.244869695115
    ));
#712 = CARTESIAN_POINT('',(-19.16835203012,-14.55143780135,
    3.245441586615));
#713 = CARTESIAN_POINT('',(-19.16627821152,-14.5327971171,3.246039459104
    ));
#714 = CARTESIAN_POINT('',(-19.15978556978,-14.47689401961,
    3.247911015727));
#715 = CARTESIAN_POINT('',(-19.1550957185,-14.4396503503,3.249262658154)
  );
#716 = CARTESIAN_POINT('',(-19.15004404241,-14.40243413951,
    3.250718217494));
#717 = CARTESIAN_POINT('',(-19.14463014037,-14.36524778355,
    3.252277672662));
#718 = CARTESIAN_POINT('',(-19.13885361079,-14.32809367848,
    3.253941002548));
#719 = CARTESIAN_POINT('',(-19.13271405284,-14.29097422077,
    3.255708186079));
#720 = CARTESIAN_POINT('',(-19.12621106461,-14.25389180631,
    3.257579202131));
#721 = CARTESIAN_POINT('',(-19.11934424549,-14.21684883169,
    3.259554029642));
#722 = CARTESIAN_POINT('',(-19.11211319356,-14.17984769278,
    3.261632647487));
#723 = CARTESIAN_POINT('',(-19.10451750799,-14.14289078607,
    3.263815034596));
#724 = CARTESIAN_POINT('',(-19.09655678721,-14.10598050762,
    3.266101169857));
#725 = CARTESIAN_POINT('',(-19.08823063005,-14.06911925371,
    3.268491032185));
#726 = CARTESIAN_POINT('',(-19.06215464544,-13.95868975424,
    3.275971737074));
#727 = CARTESIAN_POINT('',(-19.04330837585,-13.88527048689,
    3.281374527812));
#728 = CARTESIAN_POINT('',(-19.02299458824,-13.81207539899,
    3.287192210369));
#729 = CARTESIAN_POINT('',(-19.00120804467,-13.73912827103,
    3.293424022416));
#730 = CARTESIAN_POINT('',(-18.97794350671,-13.66645288348,
    3.300069201631));
#731 = CARTESIAN_POINT('',(-18.95319573672,-13.59407301684,
    3.307126985672));
#732 = CARTESIAN_POINT('',(-18.92695949601,-13.5220124516,3.314596612239
    ));
#733 = CARTESIAN_POINT('',(-18.89922954709,-13.45029496821,
    3.322477318968));
#734 = CARTESIAN_POINT('',(-18.87000065129,-13.37894434721,
    3.330768343571));
#735 = CARTESIAN_POINT('',(-18.83926757092,-13.30798436904,
    3.339468923686));
#736 = CARTESIAN_POINT('',(-18.80702506761,-13.2374388142,3.348578297009
    ));
#737 = CARTESIAN_POINT('',(-18.77326790338,-13.16733146318,
    3.358095701202));
#738 = CARTESIAN_POINT('',(-18.66743671347,-12.95839536302,
    3.387869719418));
#739 = CARTESIAN_POINT('',(-18.59080517325,-12.82098829597,
    3.409342225542));
#740 = CARTESIAN_POINT('',(-18.50803291583,-12.6856736987,3.432429928769
    ));
#741 = CARTESIAN_POINT('',(-18.41906592479,-12.55268409325,
    3.457120385955));
#742 = CARTESIAN_POINT('',(-18.32385342298,-12.42227238327,
    3.483397940154));
#743 = CARTESIAN_POINT('',(-18.22234182365,-12.29470851702,
    3.511244986247));
#744 = CARTESIAN_POINT('',(-18.11446868336,-12.17027615017,
    3.540643236849));
#745 = CARTESIAN_POINT('',(-18.00015665215,-12.04926930894,
    3.571574987832));
#746 = CARTESIAN_POINT('',(-17.87930742723,-11.93198905285,
    3.604024384309));
#747 = CARTESIAN_POINT('',(-17.75179570287,-11.81874013779,
    3.637978686131));
#748 = CARTESIAN_POINT('',(-17.61746312374,-11.70982767891,
    3.673429533834));
#749 = CARTESIAN_POINT('',(-17.47611223566,-11.60555381356,
    3.710374214229));
#750 = CARTESIAN_POINT('',(-17.08760707247,-11.3458578167,3.81087223879)
  );
#751 = CARTESIAN_POINT('',(-16.82814123452,-11.19790879372,
    3.877000764322));
#752 = CARTESIAN_POINT('',(-16.54964274368,-11.06622183284,
    3.946794452017));
#753 = CARTESIAN_POINT('',(-16.25399294533,-10.95433429108,
    4.019490039432));
#754 = CARTESIAN_POINT('',(-15.94401513884,-10.86532579083,
    4.094113648164));
#755 = CARTESIAN_POINT('',(-15.62314135252,-10.80169812125,
    4.169599681267));
#756 = CARTESIAN_POINT('',(-15.29514546841,-10.76527560052,
    4.244884023987));
#757 = CARTESIAN_POINT('',(-14.96394269292,-10.75712589131,4.31897154557
    ));
#758 = CARTESIAN_POINT('',(-14.63345537755,-10.77750127862,
    4.390977904867));
#759 = CARTESIAN_POINT('',(-14.30754518593,-10.8258004007,4.46014565691)
  );
#760 = CARTESIAN_POINT('',(-13.99001160997,-10.90055044112,
    4.525834662962));
#761 = CARTESIAN_POINT('',(-13.68465683347,-10.99940977598,4.58748680216
    ));
#762 = CARTESIAN_POINT('',(-13.11864276242,-11.2338100298,4.6991832048)
  );
#763 = CARTESIAN_POINT('',(-12.85691670305,-11.36741815283,
    4.749558081388));
#764 = CARTESIAN_POINT('',(-12.61127852134,-11.51748943836,
    4.795723542714));
#765 = CARTESIAN_POINT('',(-12.38228131729,-11.68186116379,
    4.837802598997));
#766 = CARTESIAN_POINT('',(-12.17013697891,-11.85864613801,
    4.875972662694));
#767 = CARTESIAN_POINT('',(-11.9748351997,-12.04616285415,4.910437393928
    ));
#768 = CARTESIAN_POINT('',(-11.79623606051,-12.24288354062,
    4.941405068105));
#769 = CARTESIAN_POINT('',(-11.63413618972,-12.44740012696,
    4.969073471861));
#770 = CARTESIAN_POINT('',(-11.48830848451,-12.65840810391,
    4.993621319824));
#771 = CARTESIAN_POINT('',(-11.35851541131,-12.87470829934,
    5.015206199977));
#772 = CARTESIAN_POINT('',(-11.2444958692,-13.09522655076,5.033969040762
    ));
#773 = CARTESIAN_POINT('',(-11.14592562875,-13.31905128904,
    5.050045105065));
#774 = CARTESIAN_POINT('',(-10.94745274105,-13.85679741595,
    5.082191461586));
#775 = CARTESIAN_POINT('',(-10.86088901057,-14.17314689738,
    5.095999546077));
#776 = CARTESIAN_POINT('',(-10.80177536441,-14.49326429425,
    5.105315106094));
#777 = CARTESIAN_POINT('',(-10.76952172702,-14.81578378259,
    5.110353250464));
#778 = CARTESIAN_POINT('',(-10.76382794732,-15.13941545191,
    5.111231380968));
#779 = CARTESIAN_POINT('',(-10.78462489851,-15.46293572408,
    5.107980240432));
#780 = CARTESIAN_POINT('',(-10.83200074228,-15.78507815172,
    5.100560098965));
#781 = CARTESIAN_POINT('',(-10.9061516572,-16.10440313738,5.088872700603
    ));
#782 = CARTESIAN_POINT('',(-11.00739630749,-16.41922509242,
    5.072759588402));
#783 = CARTESIAN_POINT('',(-11.13629335547,-16.72767557962,
    5.051977430665));
#784 = CARTESIAN_POINT('',(-11.29390129437,-17.02798095917,
    5.026140966584));
#785 = CARTESIAN_POINT('',(-11.48221990058,-17.31903307817,
    4.994624193199));
#786 = CARTESIAN_POINT('',(-11.90101678252,-17.85006790579,
    4.922739816435));
#787 = CARTESIAN_POINT('',(-12.12482143405,-18.09327476269,4.8836917408)
  );
#788 = CARTESIAN_POINT('',(-12.37863841343,-18.32630250577,4.83858058259
    ));
#789 = CARTESIAN_POINT('',(-12.6623035461,-18.54358813106,4.787045413871
    ));
#790 = CARTESIAN_POINT('',(-12.97386500539,-18.73944276673,
    4.728987602236));
#791 = CARTESIAN_POINT('',(-13.31018046064,-18.9085834933,4.664521432294
    ));
#792 = CARTESIAN_POINT('',(-13.66736202749,-19.04646115383,
    4.593941294151));
#793 = CARTESIAN_POINT('',(-14.04106810647,-19.1494359063,4.517709015741
    ));
#794 = CARTESIAN_POINT('',(-14.4266411443,-19.21485221786,4.436464900769
    ));
#795 = CARTESIAN_POINT('',(-14.81909041039,-19.2410650588,4.351066051045
    ));
#796 = CARTESIAN_POINT('',(-15.21291882542,-19.22746899934,
    4.262655535608));
#797 = CARTESIAN_POINT('',(-15.60179292425,-19.17458195622,
    4.172765982511));
#798 = CARTESIAN_POINT('',(-16.20543013359,-19.02963883642,
    4.029494266042));
#799 = CARTESIAN_POINT('',(-16.42760391927,-18.96150717023,
    3.975877849842));
#800 = CARTESIAN_POINT('',(-16.64263621691,-18.88111965607,
    3.923149179448));
#801 = CARTESIAN_POINT('',(-16.84939538711,-18.78953851431,
    3.871669439618));
#802 = CARTESIAN_POINT('',(-17.04728270248,-18.68769050593,3.82168260661
    ));
#803 = CARTESIAN_POINT('',(-17.23601150275,-18.57643019237,
    3.773362366551));
#804 = CARTESIAN_POINT('',(-17.41544110713,-18.45658479626,
    3.726847079892));
#805 = CARTESIAN_POINT('',(-17.5854654705,-18.3289806488,3.682262787791)
  );
#806 = CARTESIAN_POINT('',(-17.74595659965,-18.19445124114,
    3.639734265593));
#807 = CARTESIAN_POINT('',(-17.89676271293,-18.05382686194,
    3.599384117974));
#808 = CARTESIAN_POINT('',(-18.03776115781,-17.90790583661,
    3.561319920609));
#809 = CARTESIAN_POINT('',(-18.16896607562,-17.75740735682,
    3.525609404657));
#810 = CARTESIAN_POINT('',(-18.43213174142,-17.42337932534,
    3.453473607842));
#811 = CARTESIAN_POINT('',(-18.56081646671,-17.23831658595,
    3.417851989778));
#812 = CARTESIAN_POINT('',(-18.67704285299,-17.04835395232,
    3.385397546266));
#813 = CARTESIAN_POINT('',(-18.78106309575,-16.85410201479,
    3.356129187303));
#814 = CARTESIAN_POINT('',(-18.87308781013,-16.65614502599,
    3.330065433512));
#815 = CARTESIAN_POINT('',(-18.95329011373,-16.45504023719,
    3.307223831234));
#816 = CARTESIAN_POINT('',(-19.02180970657,-16.25131723252,
    3.287620366827));
#817 = CARTESIAN_POINT('',(-19.07875695476,-16.04547726612,
    3.271268882068));
#818 = CARTESIAN_POINT('',(-19.12421697018,-15.83799259598,
    3.258180488285));
#819 = CARTESIAN_POINT('',(-19.15825369376,-15.62930582093,
    3.248362981714));
#820 = CARTESIAN_POINT('',(-19.18091397601,-15.41982921509,3.24182025786
    ));
#821 = CARTESIAN_POINT('',(-19.19223165932,-15.20994406403,
    3.238551726542));
#822 = CARTESIAN_POINT('',(-19.19223165932,-15.,3.238551726541));
#823 = CARTESIAN_POINT('',(-19.,-15.,3.093751265974));
#824 = CARTESIAN_POINT('',(-18.99999999999,-14.9951855996,3.093751265977
    ));
#825 = CARTESIAN_POINT('',(-18.99999448942,-14.99274988771,
    3.093752817597));
#826 = CARTESIAN_POINT('',(-18.99998346829,-14.98081564422,3.0937559208)
  );
#827 = CARTESIAN_POINT('',(-18.9999669369,-14.99401523073,3.093760575586
    ));
#828 = CARTESIAN_POINT('',(-18.9999448949,-14.95902456235,3.093766781879
    ));
#829 = CARTESIAN_POINT('',(-18.99991734302,-14.99366073942,
    3.093774539723));
#830 = CARTESIAN_POINT('',(-18.99988428052,-14.95115481441,
    3.093783849011));
#831 = CARTESIAN_POINT('',(-18.99984570824,-14.97444181302,
    3.093794709794));
#832 = CARTESIAN_POINT('',(-18.9998016256,-14.95488274953,3.093807121988
    ));
#833 = CARTESIAN_POINT('',(-18.99975203304,-14.95615017852,
    3.093821085604));
#834 = CARTESIAN_POINT('',(-18.99969693039,-14.95020667745,
    3.093836600599));
#835 = CARTESIAN_POINT('',(-18.99963631775,-14.94587355687,
    3.093853666955));
#836 = CARTESIAN_POINT('',(-18.9995040725,-14.9368531856,3.09389090234)
  );
#837 = CARTESIAN_POINT('',(-18.99943243995,-14.93234306953,
    3.093911071362));
#838 = CARTESIAN_POINT('',(-18.99935529749,-14.92783302735,
    3.093932791711));
#839 = CARTESIAN_POINT('',(-18.999272645,-14.92332306317,3.093956063305)
  );
#840 = CARTESIAN_POINT('',(-18.99918448266,-14.91881318156,
    3.093980886242));
#841 = CARTESIAN_POINT('',(-18.99909081014,-14.91430338631,
    3.094007260302));
#842 = CARTESIAN_POINT('',(-18.99899162784,-14.90979368231,
    3.094035185723));
#843 = CARTESIAN_POINT('',(-18.99888693526,-14.90528407317,
    3.094064662196));
#844 = CARTESIAN_POINT('',(-18.99877673284,-14.90077456372,
    3.094095689956));
#845 = CARTESIAN_POINT('',(-18.99866102021,-14.89626515782,
    3.094128268788));
#846 = CARTESIAN_POINT('',(-18.99853979757,-14.89175585999,
    3.094162398785));
#847 = CARTESIAN_POINT('',(-18.99841306479,-14.88724667437,
    3.094198079868));
#848 = CARTESIAN_POINT('',(-18.9980163361,-14.87371946707,3.094309776364
    ));
#849 = CARTESIAN_POINT('',(-18.99772981056,-14.86470179451,
    3.094390444996));
#850 = CARTESIAN_POINT('',(-18.99742124428,-14.85568462216,3.09447731777
    ));
#851 = CARTESIAN_POINT('',(-18.99709063626,-14.84666798449,
    3.094570394507));
#852 = CARTESIAN_POINT('',(-18.9967379855,-14.83765191621,3.094669675062
    ));
#853 = CARTESIAN_POINT('',(-18.99636329104,-14.82863645165,3.09477515924
    ));
#854 = CARTESIAN_POINT('',(-18.99596655179,-14.81962162561,
    3.094886846908));
#855 = CARTESIAN_POINT('',(-18.99554776691,-14.81060747241,
    3.095004737866));
#856 = CARTESIAN_POINT('',(-18.99510693523,-14.80159402678,
    3.095128831979));
#857 = CARTESIAN_POINT('',(-18.99464405591,-14.79258132315,
    3.095259129056));
#858 = CARTESIAN_POINT('',(-18.99415912783,-14.78356939614,
    3.095395628947));
#859 = CARTESIAN_POINT('',(-18.99365215008,-14.77455828027,
    3.095538331479));
#860 = CARTESIAN_POINT('',(-18.9920650647,-14.74752746976,3.095985046501
    ));
#861 = CARTESIAN_POINT('',(-18.99091881591,-14.72951030374,
    3.096307666658));
#862 = CARTESIAN_POINT('',(-18.9896843546,-14.71149679652,3.096655095612
    ));
#863 = CARTESIAN_POINT('',(-18.98836166037,-14.69348723269,
    3.097027332056));
#864 = CARTESIAN_POINT('',(-18.98695071225,-14.67548189661,
    3.097424374603));
#865 = CARTESIAN_POINT('',(-18.98545149029,-14.65748107307,
    3.097846222006));
#866 = CARTESIAN_POINT('',(-18.98386397306,-14.63948504622,
    3.098292872812));
#867 = CARTESIAN_POINT('',(-18.9821881409,-14.62149410097,3.098764325821
    ));
#868 = CARTESIAN_POINT('',(-18.98042397241,-14.60350852148,
    3.099260579575));
#869 = CARTESIAN_POINT('',(-18.97857144759,-14.58552859254,
    3.099781632834));
#870 = CARTESIAN_POINT('',(-18.97663054551,-14.5675545985,3.100327484207
    ));
#871 = CARTESIAN_POINT('',(-18.97460124576,-14.54958682395,
    3.100898132387));
#872 = CARTESIAN_POINT('',(-18.96824809154,-14.49570301227,
    3.102684463317));
#873 = CARTESIAN_POINT('',(-18.96365911655,-14.4598062878,3.103974551152
    ));
#874 = CARTESIAN_POINT('',(-18.95871626665,-14.42393783449,
    3.105363817676));
#875 = CARTESIAN_POINT('',(-18.95341920579,-14.38810010685,3.10685224104
    ));
#876 = CARTESIAN_POINT('',(-18.94776759794,-14.35229555938,
    3.108439799379));
#877 = CARTESIAN_POINT('',(-18.94176110698,-14.3165266466,3.110126470846
    ));
#878 = CARTESIAN_POINT('',(-18.93539939696,-14.28079582301,
    3.111912233581));
#879 = CARTESIAN_POINT('',(-18.9286821317,-14.24510554313,3.113797065727
    ));
#880 = CARTESIAN_POINT('',(-18.92160897527,-14.20945826145,
    3.115780945433));
#881 = CARTESIAN_POINT('',(-18.91417959151,-14.1738564325,3.117863850838
    ));
#882 = CARTESIAN_POINT('',(-18.90639364444,-14.13830251077,3.12004576009
    ));
#883 = CARTESIAN_POINT('',(-18.89825079797,-14.10279895077,
    3.122326651332));
#884 = CARTESIAN_POINT('',(-18.87275055222,-13.99644671951,
    3.129466205458));
#885 = CARTESIAN_POINT('',(-18.85432194436,-13.92575132749,
    3.134622565728));
#886 = CARTESIAN_POINT('',(-18.83446064258,-13.85528611903,
    3.140174829396));
#887 = CARTESIAN_POINT('',(-18.81316239711,-13.78507518229,
    3.146122242352));
#888 = CARTESIAN_POINT('',(-18.79042295794,-13.71514260525,
    3.152464050461));
#889 = CARTESIAN_POINT('',(-18.76623807541,-13.64551247617,
    3.159199499625));
#890 = CARTESIAN_POINT('',(-18.74060349942,-13.57620888296,
    3.166327835706));
#891 = CARTESIAN_POINT('',(-18.71351498036,-13.50725591391,
    3.173848304599));
#892 = CARTESIAN_POINT('',(-18.68496826816,-13.43867765695,
    3.181760152179));
#893 = CARTESIAN_POINT('',(-18.6549591131,-13.3704982003,3.190062624328)
  );
#894 = CARTESIAN_POINT('',(-18.62348326525,-13.30274163199,3.19875496693
    ));
#895 = CARTESIAN_POINT('',(-18.59053647477,-13.23543204014,
    3.207836425864));
#896 = CARTESIAN_POINT('',(-18.48727052586,-13.03491645825,
    3.236245889307));
#897 = CARTESIAN_POINT('',(-18.41254201728,-12.90314271525,
    3.256731314424));
#898 = CARTESIAN_POINT('',(-18.33186140752,-12.77350611062,
    3.278757392211));
#899 = CARTESIAN_POINT('',(-18.2451874804,-12.64624592737,3.302312215707
    ));
#900 = CARTESIAN_POINT('',(-18.15249428789,-12.52160772647,
    3.327379107923));
#901 = CARTESIAN_POINT('',(-18.0537600747,-12.39984416846,3.353938628435
    ));
#902 = CARTESIAN_POINT('',(-17.948956205,-12.28121583526,3.38197058031)
  );
#903 = CARTESIAN_POINT('',(-17.83803608599,-12.16599205163,
    3.411456016535));
#904 = CARTESIAN_POINT('',(-17.72092409538,-12.05445170721,
    3.442379247077));
#905 = CARTESIAN_POINT('',(-17.59750450479,-11.94688407779,
    3.474729845262));
#906 = CARTESIAN_POINT('',(-17.46761040674,-11.84358964738,
    3.508504654776));
#907 = CARTESIAN_POINT('',(-17.33101263898,-11.7448809296,3.543709796188
    ));
#908 = CARTESIAN_POINT('',(-16.95559918903,-11.49967248715,
    3.639528785032));
#909 = CARTESIAN_POINT('',(-16.70545896399,-11.36087860879,3.70250565765
    ));
#910 = CARTESIAN_POINT('',(-16.43751314325,-11.23803659321,
    3.768953350201));
#911 = CARTESIAN_POINT('',(-16.15362768699,-11.13434609083,
    3.838160515012));
#912 = CARTESIAN_POINT('',(-15.85658876483,-11.05266483594,
    3.909198512729));
#913 = CARTESIAN_POINT('',(-15.54975460019,-10.99533724007,
    3.981046914338));
#914 = CARTESIAN_POINT('',(-15.23677980623,-10.96405821047,
    4.052690391664));
#915 = CARTESIAN_POINT('',(-14.92141220754,-10.95977218836,
    4.123186995011));
#916 = CARTESIAN_POINT('',(-14.60736215424,-10.982607413,4.191707819405)
  );
#917 = CARTESIAN_POINT('',(-14.29824432197,-11.03184540579,4.25754805811
    ));
#918 = CARTESIAN_POINT('',(-13.99759200318,-11.10592567908,
    4.320109444418));
#919 = CARTESIAN_POINT('',(-13.70894388598,-11.20248566654,
    4.378854081103));
#920 = CARTESIAN_POINT('',(-13.17482599638,-11.42938884591,
    4.485261747023));
#921 = CARTESIAN_POINT('',(-12.92802629079,-11.55800233924,
    4.533297985227));
#922 = CARTESIAN_POINT('',(-12.69667669693,-11.7019024466,4.577351397024
    ));
#923 = CARTESIAN_POINT('',(-12.48128625116,-11.85904764847,
    4.617529548982));
#924 = CARTESIAN_POINT('',(-12.28198528511,-12.02765362953,
    4.653997351401));
#925 = CARTESIAN_POINT('',(-12.0986749342,-12.20613319877,4.686947020002
    ));
#926 = CARTESIAN_POINT('',(-11.93114139534,-12.39305130694,
    4.716575194374));
#927 = CARTESIAN_POINT('',(-11.77913494764,-12.58709517492,
    4.743067217847));
#928 = CARTESIAN_POINT('',(-11.64241371891,-12.78705951624,
    4.766588573031));
#929 = CARTESIAN_POINT('',(-11.52075221622,-12.99184687138,
    4.787283479048));
#930 = CARTESIAN_POINT('',(-11.41391460394,-13.20048303796,
    4.805280645081));
#931 = CARTESIAN_POINT('',(-11.32159274209,-13.4121476091,4.820706184328
    ));
#932 = CARTESIAN_POINT('',(-11.13568383555,-13.92052749745,
    4.851572753631));
#933 = CARTESIAN_POINT('',(-11.05462039304,-14.21945135971,
    4.864841403355));
#934 = CARTESIAN_POINT('',(-10.99941475447,-14.52163374538,
    4.873794786878));
#935 = CARTESIAN_POINT('',(-10.96928853028,-14.82599070199,4.87863964829
    ));
#936 = CARTESIAN_POINT('',(-10.9638504188,-15.13150565793,4.879487989489
    ));
#937 = CARTESIAN_POINT('',(-10.98315473213,-15.4370731028,4.876365002755
    ));
#938 = CARTESIAN_POINT('',(-11.02752101814,-15.7414035718,4.869228267275
    ));
#939 = CARTESIAN_POINT('',(-11.09727893833,-16.04300145895,
    4.857985209675));
#940 = CARTESIAN_POINT('',(-11.192602553,-16.34022715536,4.842495824735)
  );
#941 = CARTESIAN_POINT('',(-11.31359817435,-16.63145504212,
    4.822547656796));
#942 = CARTESIAN_POINT('',(-11.46080993925,-16.91533883384,
    4.797790038205));
#943 = CARTESIAN_POINT('',(-11.63630726091,-17.19119579795,
    4.767614584591));
#944 = CARTESIAN_POINT('',(-12.02985655154,-17.69594605294,
    4.698680053677));
#945 = CARTESIAN_POINT('',(-12.24017009187,-17.92617605064,
    4.661384305489));
#946 = CARTESIAN_POINT('',(-12.47846030763,-18.14771559949,
    4.618308949491));
#947 = CARTESIAN_POINT('',(-12.74481255234,-18.3553886247,4.569095466552
    ));
#948 = CARTESIAN_POINT('',(-13.03772602805,-18.54340902632,
    4.513677756698));
#949 = CARTESIAN_POINT('',(-13.35449975668,-18.70651824216,
    4.452195902721));
#950 = CARTESIAN_POINT('',(-13.69161571175,-18.84043257852,
    4.384944879848));
#951 = CARTESIAN_POINT('',(-14.04506020029,-18.94184287015,
    4.312357592853));
#952 = CARTESIAN_POINT('',(-14.41052454232,-19.00820896029,
    4.235021607727));
#953 = CARTESIAN_POINT('',(-14.78342614247,-19.03759157064,
    4.153728960923));
#954 = CARTESIAN_POINT('',(-15.15869100362,-19.02876405535,4.06955841405
    ));
#955 = CARTESIAN_POINT('',(-15.53023876855,-18.98184659532,
    3.983989534224));
#956 = CARTESIAN_POINT('',(-16.107582309,-18.8500673984,3.847717795735)
  );
#957 = CARTESIAN_POINT('',(-16.3207334623,-18.78748706794,3.796642024048
    ));
#958 = CARTESIAN_POINT('',(-16.52736925315,-18.71300821623,
    3.746402231544));
#959 = CARTESIAN_POINT('',(-16.72626219436,-18.62758013246,
    3.697366808603));
#960 = CARTESIAN_POINT('',(-16.91680794334,-18.53208758366,3.64976642372
    ));
#961 = CARTESIAN_POINT('',(-17.09875030981,-18.42737377356,
    3.603753850235));
#962 = CARTESIAN_POINT('',(-17.27197620577,-18.31425622426,
    3.559448158942));
#963 = CARTESIAN_POINT('',(-17.43638052496,-18.19353555917,
    3.516963273973));
#964 = CARTESIAN_POINT('',(-17.59180096739,-18.06599721393,
    3.476420895149));
#965 = CARTESIAN_POINT('',(-17.73802279283,-17.93240604726,
    3.437947783497));
#966 = CARTESIAN_POINT('',(-17.87485351746,-17.79349387682,
    3.401657412835));
#967 = CARTESIAN_POINT('',(-18.00226754301,-17.64993992099,
    3.367615985257));
#968 = CARTESIAN_POINT('',(-18.25814398034,-17.3308418023,3.298815129395
    ));
#969 = CARTESIAN_POINT('',(-18.38338808782,-17.15377980013,
    3.264839865695));
#970 = CARTESIAN_POINT('',(-18.49662240473,-16.97177277629,
    3.233882854555));
#971 = CARTESIAN_POINT('',(-18.59806724692,-16.78541746582,
    3.205961340758));
#972 = CARTESIAN_POINT('',(-18.68789962181,-16.59529104162,
    3.181093158158));
#973 = CARTESIAN_POINT('',(-18.76625896315,-16.4019494424,3.159295908181
    ));
#974 = CARTESIAN_POINT('',(-18.8332528624,-16.20592569844,3.140586137603
    ));
#975 = CARTESIAN_POINT('',(-18.88896280481,-16.00772826052,
    3.124978517298));
#976 = CARTESIAN_POINT('',(-18.93344990019,-15.80783932509,
    3.112485019904));
#977 = CARTESIAN_POINT('',(-18.96676061861,-15.60671316314,
    3.103114098496));
#978 = CARTESIAN_POINT('',(-18.98893252229,-15.40477444604,
    3.096869864477));
#979 = CARTESIAN_POINT('',(-19.,-15.20241657344,3.093751265977));
#980 = CARTESIAN_POINT('',(-19.,-15.,3.093751265977));
#981 = ADVANCED_FACE('',(#982),#1010,.T.);
#982 = FACE_BOUND('',#983,.T.);
#983 = EDGE_LOOP('',(#984,#993,#994,#1003));
#984 = ORIENTED_EDGE('',*,*,#985,.T.);
#985 = EDGE_CURVE('',#986,#187,#988,.T.);
#986 = VERTEX_POINT('',#987);
#987 = CARTESIAN_POINT('',(-19.5,20.,2.627632489353));
#988 = HYPERBOLA('',#989,21.443642729077,13.680663568672);
#989 = AXIS2_PLACEMENT_3D('',#990,#991,#992);
#990 = CARTESIAN_POINT('',(-14.42022085395,77.013232949566,
    -52.48628607492));
#991 = DIRECTION('',(-0.67247067283,0.544508329055,0.501292203983));
#992 = DIRECTION('',(-0.436558580917,-0.838755434909,0.325431906606));
#993 = ORIENTED_EDGE('',*,*,#186,.T.);
#994 = ORIENTED_EDGE('',*,*,#995,.F.);
#995 = EDGE_CURVE('',#996,#189,#998,.T.);
#996 = VERTEX_POINT('',#997);
#997 = CARTESIAN_POINT('',(19.5,20.,2.627632489346));
#998 = HYPERBOLA('',#999,21.443642729336,13.680663568814);
#999 = AXIS2_PLACEMENT_3D('',#1000,#1001,#1002);
#1000 = CARTESIAN_POINT('',(14.420220854062,77.013232949411,
    -52.48628607474));
#1001 = DIRECTION('',(-0.672470672828,-0.544508329055,-0.501292203985));
#1002 = DIRECTION('',(0.436558580917,-0.838755434909,0.325431906608));
#1003 = ORIENTED_EDGE('',*,*,#1004,.F.);
#1004 = EDGE_CURVE('',#986,#996,#1005,.T.);
#1005 = CIRCLE('',#1006,68.689475020822);
#1006 = AXIS2_PLACEMENT_3D('',#1007,#1008,#1009);
#1007 = CARTESIAN_POINT('',(-1.088196E-11,20.,-63.235817));
#1008 = DIRECTION('',(0.,1.,-0.));
#1009 = DIRECTION('',(-0.289061305841,0.,0.957310587775));
#1010 = CONICAL_SURFACE('',#1011,69.189475020822,0.785398163397);
#1011 = AXIS2_PLACEMENT_3D('',#1012,#1013,#1014);
#1012 = CARTESIAN_POINT('',(-1.088196E-11,19.5,-63.235817));
#1013 = DIRECTION('',(-0.,-1.,-0.));
#1014 = DIRECTION('',(-0.289061305841,0.,0.957310587775));
#1015 = ADVANCED_FACE('',(#1016),#1041,.F.);
#1016 = FACE_BOUND('',#1017,.F.);
#1017 = EDGE_LOOP('',(#1018,#1019,#1027,#1035));
#1018 = ORIENTED_EDGE('',*,*,#197,.T.);
#1019 = ORIENTED_EDGE('',*,*,#1020,.T.);
#1020 = EDGE_CURVE('',#198,#1021,#1023,.T.);
#1021 = VERTEX_POINT('',#1022);
#1022 = CARTESIAN_POINT('',(-20.,-19.5,2.499999999999));
#1023 = LINE('',#1024,#1025);
#1024 = CARTESIAN_POINT('',(-19.88012093953,-19.5,2.660814694123));
#1025 = VECTOR('',#1026,1.);
#1026 = DIRECTION('',(-0.597661944255,-5.15E-15,-0.801748215083));
#1027 = ORIENTED_EDGE('',*,*,#1028,.F.);
#1028 = EDGE_CURVE('',#1029,#1021,#1031,.T.);
#1029 = VERTEX_POINT('',#1030);
#1030 = CARTESIAN_POINT('',(-20.,19.5,2.499999999999));
#1031 = LINE('',#1032,#1033);
#1032 = CARTESIAN_POINT('',(-20.,20.,2.499999999999));
#1033 = VECTOR('',#1034,1.);
#1034 = DIRECTION('',(0.,-1.,2.2E-16));
#1035 = ORIENTED_EDGE('',*,*,#1036,.T.);
#1036 = EDGE_CURVE('',#1029,#187,#1037,.T.);
#1037 = LINE('',#1038,#1039);
#1038 = CARTESIAN_POINT('',(-19.88012093953,19.5,2.660814694123));
#1039 = VECTOR('',#1040,1.);
#1040 = DIRECTION('',(0.597661944255,-7.E-17,0.801748215083));
#1041 = PLANE('',#1042);
#1042 = AXIS2_PLACEMENT_3D('',#1043,#1044,#1045);
#1043 = CARTESIAN_POINT('',(-20.,20.,2.499999999999));
#1044 = DIRECTION('',(0.801748215083,-1.3E-16,-0.597661944255));
#1045 = DIRECTION('',(1.191099385748E-18,-1.,2.191120968388E-16));
#1046 = ADVANCED_FACE('',(#1047),#1072,.F.);
#1047 = FACE_BOUND('',#1048,.F.);
#1048 = EDGE_LOOP('',(#1049,#1059,#1065,#1066));
#1049 = ORIENTED_EDGE('',*,*,#1050,.T.);
#1050 = EDGE_CURVE('',#1051,#1053,#1055,.T.);
#1051 = VERTEX_POINT('',#1052);
#1052 = CARTESIAN_POINT('',(20.,19.5,2.499999999996));
#1053 = VERTEX_POINT('',#1054);
#1054 = CARTESIAN_POINT('',(20.,-19.5,2.499999999996));
#1055 = LINE('',#1056,#1057);
#1056 = CARTESIAN_POINT('',(20.,20.,2.499999999996));
#1057 = VECTOR('',#1058,1.);
#1058 = DIRECTION('',(0.,-1.,2.2E-16));
#1059 = ORIENTED_EDGE('',*,*,#1060,.T.);
#1060 = EDGE_CURVE('',#1053,#206,#1061,.T.);
#1061 = LINE('',#1062,#1063);
#1062 = CARTESIAN_POINT('',(19.880120939533,-19.5,2.660814694119));
#1063 = VECTOR('',#1064,1.);
#1064 = DIRECTION('',(-0.597661944258,4.05E-15,0.801748215081));
#1065 = ORIENTED_EDGE('',*,*,#214,.F.);
#1066 = ORIENTED_EDGE('',*,*,#1067,.T.);
#1067 = EDGE_CURVE('',#189,#1051,#1068,.T.);
#1068 = LINE('',#1069,#1070);
#1069 = CARTESIAN_POINT('',(19.880120939534,19.5,2.660814694119));
#1070 = VECTOR('',#1071,1.);
#1071 = DIRECTION('',(0.597661944258,-1.02E-15,-0.801748215081));
#1072 = PLANE('',#1073);
#1073 = AXIS2_PLACEMENT_3D('',#1074,#1075,#1076);
#1074 = CARTESIAN_POINT('',(20.,20.,2.499999999996));
#1075 = DIRECTION('',(-0.801748215081,-1.3E-16,-0.597661944258));
#1076 = DIRECTION('',(-1.19109938628E-18,-1.,2.191120968384E-16));
#1077 = ADVANCED_FACE('',(#1078),#1106,.T.);
#1078 = FACE_BOUND('',#1079,.T.);
#1079 = EDGE_LOOP('',(#1080,#1089,#1098,#1105));
#1080 = ORIENTED_EDGE('',*,*,#1081,.F.);
#1081 = EDGE_CURVE('',#1082,#198,#1084,.T.);
#1082 = VERTEX_POINT('',#1083);
#1083 = CARTESIAN_POINT('',(-19.5,-20.,2.627632489353));
#1084 = HYPERBOLA('',#1085,21.443642729076,13.680663568671);
#1085 = AXIS2_PLACEMENT_3D('',#1086,#1087,#1088);
#1086 = CARTESIAN_POINT('',(-14.42022085395,-77.01323294956,
    -52.48628607492));
#1087 = DIRECTION('',(0.67247067283,0.544508329055,-0.501292203983));
#1088 = DIRECTION('',(-0.436558580917,0.838755434909,0.325431906606));
#1089 = ORIENTED_EDGE('',*,*,#1090,.T.);
#1090 = EDGE_CURVE('',#1082,#1091,#1093,.T.);
#1091 = VERTEX_POINT('',#1092);
#1092 = CARTESIAN_POINT('',(19.5,-20.,2.627632489346));
#1093 = CIRCLE('',#1094,68.689475020822);
#1094 = AXIS2_PLACEMENT_3D('',#1095,#1096,#1097);
#1095 = CARTESIAN_POINT('',(-1.088196E-11,-20.,-63.235817));
#1096 = DIRECTION('',(0.,1.,-0.));
#1097 = DIRECTION('',(-0.289061305841,0.,0.957310587775));
#1098 = ORIENTED_EDGE('',*,*,#1099,.T.);
#1099 = EDGE_CURVE('',#1091,#206,#1100,.T.);
#1100 = HYPERBOLA('',#1101,21.443642729335,13.680663568813);
#1101 = AXIS2_PLACEMENT_3D('',#1102,#1103,#1104);
#1102 = CARTESIAN_POINT('',(14.420220854061,-77.01323294941,
    -52.48628607474));
#1103 = DIRECTION('',(0.672470672828,-0.544508329055,0.501292203985));
#1104 = DIRECTION('',(0.436558580917,0.838755434909,0.325431906608));
#1105 = ORIENTED_EDGE('',*,*,#205,.F.);
#1106 = CONICAL_SURFACE('',#1107,69.189475020822,0.785398163397);
#1107 = AXIS2_PLACEMENT_3D('',#1108,#1109,#1110);
#1108 = CARTESIAN_POINT('',(-1.088196E-11,-19.5,-63.235817));
#1109 = DIRECTION('',(0.,1.,0.));
#1110 = DIRECTION('',(-0.289061305841,0.,0.957310587775));
#1111 = ADVANCED_FACE('',(#1112),#1170,.T.);
#1112 = FACE_BOUND('',#1113,.T.);
#1113 = EDGE_LOOP('',(#1114,#1121,#1168,#1169));
#1114 = ORIENTED_EDGE('',*,*,#1115,.T.);
#1115 = EDGE_CURVE('',#223,#1116,#1118,.T.);
#1116 = VERTEX_POINT('',#1117);
#1117 = CARTESIAN_POINT('',(-19.,15.,3.093751265973));
#1118 = B_SPLINE_CURVE_WITH_KNOTS('',1,(#1119,#1120),.UNSPECIFIED.,.F.,
  .F.,(2,2),(0.,25.446519307737),.PIECEWISE_BEZIER_KNOTS.);
#1119 = CARTESIAN_POINT('',(-19.19223165932,15.,3.23855172654));
#1120 = CARTESIAN_POINT('',(-19.,15.,3.093751265973));
#1121 = ORIENTED_EDGE('',*,*,#1122,.T.);
#1122 = EDGE_CURVE('',#1116,#1116,#1123,.T.);
#1123 = B_SPLINE_CURVE_WITH_KNOTS('',7,(#1124,#1125,#1126,#1127,#1128,
    #1129,#1130,#1131,#1132,#1133,#1134,#1135,#1136,#1137,#1138,#1139,
    #1140,#1141,#1142,#1143,#1144,#1145,#1146,#1147,#1148,#1149,#1150,
    #1151,#1152,#1153,#1154,#1155,#1156,#1157,#1158,#1159,#1160,#1161,
    #1162,#1163,#1164,#1165,#1166,#1167),.UNSPECIFIED.,.T.,.F.,(8,6,6,6,
    6,6,6,8),(1.9E-16,4.392895931653,7.938464335757,10.798372739824,
    15.984003614196,20.086581748499,22.565769222187,25.446519307737),
  .UNSPECIFIED.);
#1124 = CARTESIAN_POINT('',(-19.,15.,3.093751265973));
#1125 = CARTESIAN_POINT('',(-19.,15.5361337833,3.093751265977));
#1126 = CARTESIAN_POINT('',(-18.91627650228,16.072060672139,
    3.117340914753));
#1127 = CARTESIAN_POINT('',(-18.74817563357,16.597780652956,
    3.164580863522));
#1128 = CARTESIAN_POINT('',(-18.49645162324,17.10618816082,
    3.235093611376));
#1129 = CARTESIAN_POINT('',(-18.14982607931,17.57919805185,
    3.329639241421));
#1130 = CARTESIAN_POINT('',(-17.72079473074,18.000525475986,
    3.444223414157));
#1131 = CARTESIAN_POINT('',(-16.75690531353,18.630108200612,
    3.690242594676));
#1132 = CARTESIAN_POINT('',(-16.25829536308,18.864404939765,
    3.814282525432));
#1133 = CARTESIAN_POINT('',(-15.69598554848,19.024714085002,
    3.949674690853));
#1134 = CARTESIAN_POINT('',(-15.10139869697,19.08625433863,
    4.086115904322));
#1135 = CARTESIAN_POINT('',(-14.50806264614,19.040109568067,
    4.215050953533));
#1136 = CARTESIAN_POINT('',(-13.94322636185,18.897041875062,
    4.332179952806));
#1137 = CARTESIAN_POINT('',(-13.02686960921,18.507756535675,
    4.514737865955));
#1138 = CARTESIAN_POINT('',(-12.65519402986,18.287077241377,
    4.585803812946));
#1139 = CARTESIAN_POINT('',(-12.32709871345,18.031255194426,
    4.646290010203));
#1140 = CARTESIAN_POINT('',(-12.04139735628,17.748161669084,
    4.697364892968));
#1141 = CARTESIAN_POINT('',(-11.79686222623,17.444975087679,
    4.740029132993));
#1142 = CARTESIAN_POINT('',(-11.59368210512,17.12846992726,
    4.774805621917));
#1143 = CARTESIAN_POINT('',(-11.13070850259,16.211248423698,
    4.852977875145));
#1144 = CARTESIAN_POINT('',(-10.9593052518,15.588363343987,
    4.880344147476));
#1145 = CARTESIAN_POINT('',(-10.9043299222,14.953805835454,
    4.889048014409));
#1146 = CARTESIAN_POINT('',(-10.95465947792,14.314112221807,
    4.880577793254));
#1147 = CARTESIAN_POINT('',(-11.13393313042,13.687340767833,
    4.85304514576));
#1148 = CARTESIAN_POINT('',(-11.41246408836,13.095896317777,
    4.806823205566));
#1149 = CARTESIAN_POINT('',(-12.18812634531,12.101063570197,
    4.670957339035));
#1150 = CARTESIAN_POINT('',(-12.62668615044,11.685542544856,
    4.592457938833));
#1151 = CARTESIAN_POINT('',(-13.17828754534,11.312573889141,
    4.488961394897));
#1152 = CARTESIAN_POINT('',(-13.82007433919,11.058603793365,
    4.362734173413));
#1153 = CARTESIAN_POINT('',(-14.51006768588,10.926021550857,
    4.216874662158));
#1154 = CARTESIAN_POINT('',(-15.221776555,10.947746619223,4.056796587831
    ));
#1155 = CARTESIAN_POINT('',(-16.2939859877,11.192479413614,
    3.803720501961));
#1156 = CARTESIAN_POINT('',(-16.68181563441,11.33273588111,
    3.709337962703));
#1157 = CARTESIAN_POINT('',(-17.03565944998,11.51253421782,
    3.620652650736));
#1158 = CARTESIAN_POINT('',(-17.35735289159,11.725276550167,
    3.538061811134));
#1159 = CARTESIAN_POINT('',(-17.64736863001,11.964455432036,
    3.462232400262));
#1160 = CARTESIAN_POINT('',(-17.90082196275,12.223549431334,
    3.394892989811));
#1161 = CARTESIAN_POINT('',(-18.3760210571,12.816160218767,
    3.267119972726));
#1162 = CARTESIAN_POINT('',(-18.58581312219,13.155314707369,
    3.209598975997));
#1163 = CARTESIAN_POINT('',(-18.7521979603,13.510096948318,
    3.163359204096));
#1164 = CARTESIAN_POINT('',(-18.87637475702,13.875850038447,
    3.128558865877));
#1165 = CARTESIAN_POINT('',(-18.95889222747,14.248385044136,
    3.105334631283));
#1166 = CARTESIAN_POINT('',(-19.,14.624083515398,3.093751265977));
#1167 = CARTESIAN_POINT('',(-19.,15.,3.093751265977));
#1168 = ORIENTED_EDGE('',*,*,#1115,.F.);
#1169 = ORIENTED_EDGE('',*,*,#222,.F.);
#1170 = B_SPLINE_SURFACE_WITH_KNOTS('',1,7,(
    (#1171,#1172,#1173,#1174,#1175,#1176,#1177,#1178,#1179,#1180,#1181
      ,#1182,#1183,#1184,#1185,#1186,#1187,#1188,#1189,#1190,#1191,#1192
      ,#1193,#1194,#1195,#1196,#1197,#1198,#1199,#1200,#1201,#1202,#1203
      ,#1204,#1205,#1206,#1207,#1208,#1209,#1210,#1211,#1212,#1213,#1214
      )
    ,(#1215,#1216,#1217,#1218,#1219,#1220,#1221,#1222,#1223,#1224,#1225
      ,#1226,#1227,#1228,#1229,#1230,#1231,#1232,#1233,#1234,#1235,#1236
      ,#1237,#1238,#1239,#1240,#1241,#1242,#1243,#1244,#1245,#1246,#1247
      ,#1248,#1249,#1250,#1251,#1252,#1253,#1254,#1255,#1256,#1257,#1258
      )),.UNSPECIFIED.,.F.,.T.,.F.,(2,2),(8,6,6,6,6,6,6,8),(0.,
    25.446519307737),(1.9E-16,4.392895931653,7.938464335757,
    10.798372739824,15.984003614196,20.086581748499,22.565769222187,
    25.446519307737),.UNSPECIFIED.);
#1171 = CARTESIAN_POINT('',(-19.19223165932,15.,3.23855172654));
#1172 = CARTESIAN_POINT('',(-19.19223165932,15.556071976422,
    3.238551726541));
#1173 = CARTESIAN_POINT('',(-19.10659134932,16.111724464567,
    3.263284752364));
#1174 = CARTESIAN_POINT('',(-18.93537002158,16.658618686049,
    3.312682333339));
#1175 = CARTESIAN_POINT('',(-18.6763414941,17.185811455109,
    3.386805904096));
#1176 = CARTESIAN_POINT('',(-18.3234677754,17.682602449664,
    3.485529237074));
#1177 = CARTESIAN_POINT('',(-17.87948711526,18.124810538348,
    3.606029710227));
#1178 = CARTESIAN_POINT('',(-16.88198418779,18.791590652637,
    3.864062506697));
#1179 = CARTESIAN_POINT('',(-16.36374947723,19.043303847902,
    3.994440225964));
#1180 = CARTESIAN_POINT('',(-15.77731646225,19.21746600384,4.1365992436)
  );
#1181 = CARTESIAN_POINT('',(-15.1542694798,19.288970496748,
    4.279985544287));
#1182 = CARTESIAN_POINT('',(-14.52954955685,19.247981689792,
    4.415575291677));
#1183 = CARTESIAN_POINT('',(-13.93289313289,19.103390757435,
    4.53850020746));
#1184 = CARTESIAN_POINT('',(-12.96188072001,18.701271125954,
    4.730118401113));
#1185 = CARTESIAN_POINT('',(-12.56749407743,18.47137723218,4.80458292993
    ));
#1186 = CARTESIAN_POINT('',(-12.21821193291,18.20350832904,4.867932583)
  );
#1187 = CARTESIAN_POINT('',(-11.91371092995,17.905986245646,
    4.921349725166));
#1188 = CARTESIAN_POINT('',(-11.65312126068,17.586463485598,
    4.965893744177));
#1189 = CARTESIAN_POINT('',(-11.43630663755,17.252276300166,
    5.002193108834));
#1190 = CARTESIAN_POINT('',(-10.94226609274,16.283080218217,
    5.083685490951));
#1191 = CARTESIAN_POINT('',(-10.75910277906,15.623885713523,
    5.112130776727));
#1192 = CARTESIAN_POINT('',(-10.69874950266,14.949384561687,
    5.121191695413));
#1193 = CARTESIAN_POINT('',(-10.75779323997,14.275707720054,
    5.112274245823));
#1194 = CARTESIAN_POINT('',(-10.9404606228,13.608697647976,
    5.083892422565));
#1195 = CARTESIAN_POINT('',(-11.24405428734,12.982960965638,
    5.035504122021));
#1196 = CARTESIAN_POINT('',(-12.06941019806,11.936409224974,
    4.893835934175));
#1197 = CARTESIAN_POINT('',(-12.5360733078,11.49539209225,4.811380752746
    ));
#1198 = CARTESIAN_POINT('',(-13.12517490821,11.112445516114,
    4.703289999158));
#1199 = CARTESIAN_POINT('',(-13.80376256697,10.844780004867,
    4.570670457329));
#1200 = CARTESIAN_POINT('',(-14.53366939503,10.719326626777,
    4.417336066026));
#1201 = CARTESIAN_POINT('',(-15.27928256988,10.747978058048,
    4.249312973541));
#1202 = CARTESIAN_POINT('',(-16.40032310207,11.017158137667,
    3.98323692854));
#1203 = CARTESIAN_POINT('',(-16.80327192211,11.168825167876,
    3.884314471057));
#1204 = CARTESIAN_POINT('',(-17.17104771593,11.360311682378,
    3.791084036285));
#1205 = CARTESIAN_POINT('',(-17.5043133359,11.585599182436,
    3.704338740959));
#1206 = CARTESIAN_POINT('',(-17.80335826781,11.838099738496,
    3.624882745856));
#1207 = CARTESIAN_POINT('',(-18.06463058445,12.110162834776,
    3.554208590533));
#1208 = CARTESIAN_POINT('',(-18.55336681806,12.730500603618,
    3.420242111519));
#1209 = CARTESIAN_POINT('',(-18.76866265417,13.084469983053,
    3.359934820148));
#1210 = CARTESIAN_POINT('',(-18.93901225485,13.45380304927,
    3.311474729868));
#1211 = CARTESIAN_POINT('',(-19.06591673508,13.833825091068,
    3.275018764125));
#1212 = CARTESIAN_POINT('',(-19.15019455216,14.220426581299,
    3.250691985103));
#1213 = CARTESIAN_POINT('',(-19.19223165932,14.610103890407,
    3.238551726541));
#1214 = CARTESIAN_POINT('',(-19.19223165932,15.,3.238551726541));
#1215 = CARTESIAN_POINT('',(-19.,15.,3.093751265973));
#1216 = CARTESIAN_POINT('',(-19.,15.5361337833,3.093751265977));
#1217 = CARTESIAN_POINT('',(-18.91627650228,16.072060672139,
    3.117340914753));
#1218 = CARTESIAN_POINT('',(-18.74817563357,16.597780652956,
    3.164580863522));
#1219 = CARTESIAN_POINT('',(-18.49645162324,17.10618816082,
    3.235093611376));
#1220 = CARTESIAN_POINT('',(-18.14982607931,17.57919805185,
    3.329639241421));
#1221 = CARTESIAN_POINT('',(-17.72079473074,18.000525475986,
    3.444223414157));
#1222 = CARTESIAN_POINT('',(-16.75690531353,18.630108200612,
    3.690242594676));
#1223 = CARTESIAN_POINT('',(-16.25829536308,18.864404939765,
    3.814282525432));
#1224 = CARTESIAN_POINT('',(-15.69598554848,19.024714085002,
    3.949674690853));
#1225 = CARTESIAN_POINT('',(-15.10139869697,19.08625433863,
    4.086115904322));
#1226 = CARTESIAN_POINT('',(-14.50806264614,19.040109568067,
    4.215050953533));
#1227 = CARTESIAN_POINT('',(-13.94322636185,18.897041875062,
    4.332179952806));
#1228 = CARTESIAN_POINT('',(-13.02686960921,18.507756535675,
    4.514737865955));
#1229 = CARTESIAN_POINT('',(-12.65519402986,18.287077241377,
    4.585803812946));
#1230 = CARTESIAN_POINT('',(-12.32709871345,18.031255194426,
    4.646290010203));
#1231 = CARTESIAN_POINT('',(-12.04139735628,17.748161669084,
    4.697364892968));
#1232 = CARTESIAN_POINT('',(-11.79686222623,17.444975087679,
    4.740029132993));
#1233 = CARTESIAN_POINT('',(-11.59368210512,17.12846992726,
    4.774805621917));
#1234 = CARTESIAN_POINT('',(-11.13070850259,16.211248423698,
    4.852977875145));
#1235 = CARTESIAN_POINT('',(-10.9593052518,15.588363343987,
    4.880344147476));
#1236 = CARTESIAN_POINT('',(-10.9043299222,14.953805835454,
    4.889048014409));
#1237 = CARTESIAN_POINT('',(-10.95465947792,14.314112221807,
    4.880577793254));
#1238 = CARTESIAN_POINT('',(-11.13393313042,13.687340767833,
    4.85304514576));
#1239 = CARTESIAN_POINT('',(-11.41246408836,13.095896317777,
    4.806823205566));
#1240 = CARTESIAN_POINT('',(-12.18812634531,12.101063570197,
    4.670957339035));
#1241 = CARTESIAN_POINT('',(-12.62668615044,11.685542544856,
    4.592457938833));
#1242 = CARTESIAN_POINT('',(-13.17828754534,11.312573889141,
    4.488961394897));
#1243 = CARTESIAN_POINT('',(-13.82007433919,11.058603793365,
    4.362734173413));
#1244 = CARTESIAN_POINT('',(-14.51006768588,10.926021550857,
    4.216874662158));
#1245 = CARTESIAN_POINT('',(-15.221776555,10.947746619223,4.056796587831
    ));
#1246 = CARTESIAN_POINT('',(-16.2939859877,11.192479413614,
    3.803720501961));
#1247 = CARTESIAN_POINT('',(-16.68181563441,11.33273588111,
    3.709337962703));
#1248 = CARTESIAN_POINT('',(-17.03565944998,11.51253421782,
    3.620652650736));
#1249 = CARTESIAN_POINT('',(-17.35735289159,11.725276550167,
    3.538061811134));
#1250 = CARTESIAN_POINT('',(-17.64736863001,11.964455432036,
    3.462232400262));
#1251 = CARTESIAN_POINT('',(-17.90082196275,12.223549431334,
    3.394892989811));
#1252 = CARTESIAN_POINT('',(-18.3760210571,12.816160218767,
    3.267119972726));
#1253 = CARTESIAN_POINT('',(-18.58581312219,13.155314707369,
    3.209598975997));
#1254 = CARTESIAN_POINT('',(-18.7521979603,13.510096948318,
    3.163359204096));
#1255 = CARTESIAN_POINT('',(-18.87637475702,13.875850038447,
    3.128558865877));
#1256 = CARTESIAN_POINT('',(-18.95889222747,14.248385044136,
    3.105334631283));
#1257 = CARTESIAN_POINT('',(-19.,14.624083515398,3.093751265977));
#1258 = CARTESIAN_POINT('',(-19.,15.,3.093751265977));
#1259 = ADVANCED_FACE('',(#1260),#1318,.T.);
#1260 = FACE_BOUND('',#1261,.T.);
#1261 = EDGE_LOOP('',(#1262,#1269,#1316,#1317));
#1262 = ORIENTED_EDGE('',*,*,#1263,.T.);
#1263 = EDGE_CURVE('',#274,#1264,#1266,.T.);
#1264 = VERTEX_POINT('',#1265);
#1265 = CARTESIAN_POINT('',(11.,-15.,4.873651257748));
#1266 = B_SPLINE_CURVE_WITH_KNOTS('',1,(#1267,#1268),.UNSPECIFIED.,.F.,
  .F.,(2,2),(0.,25.446519300149),.PIECEWISE_BEZIER_KNOTS.);
#1267 = CARTESIAN_POINT('',(10.802498009231,-15.,5.105162583389));
#1268 = CARTESIAN_POINT('',(11.,-15.,4.873651257748));
#1269 = ORIENTED_EDGE('',*,*,#1270,.T.);
#1270 = EDGE_CURVE('',#1264,#1264,#1271,.T.);
#1271 = B_SPLINE_CURVE_WITH_KNOTS('',7,(#1272,#1273,#1274,#1275,#1276,
    #1277,#1278,#1279,#1280,#1281,#1282,#1283,#1284,#1285,#1286,#1287,
    #1288,#1289,#1290,#1291,#1292,#1293,#1294,#1295,#1296,#1297,#1298,
    #1299,#1300,#1301,#1302,#1303,#1304,#1305,#1306,#1307,#1308,#1309,
    #1310,#1311,#1312,#1313,#1314,#1315),.UNSPECIFIED.,.T.,.F.,(8,6,6,6,
    6,6,6,8),(1.5E-16,4.194206366726,7.726484553057,11.29745689479,
    16.135317143294,20.254303729272,22.571359723483,25.446519300149),
  .UNSPECIFIED.);
#1272 = CARTESIAN_POINT('',(11.,-15.,4.873651257748));
#1273 = CARTESIAN_POINT('',(11.,-14.49747141969,4.873651257751));
#1274 = CARTESIAN_POINT('',(11.073548509918,-13.99519430482,
    4.861703022366));
#1275 = CARTESIAN_POINT('',(11.221255146353,-13.49997699321,
    4.837771527403));
#1276 = CARTESIAN_POINT('',(11.443230458173,-13.01630056837,
    4.801087247714));
#1277 = CARTESIAN_POINT('',(11.751788758802,-12.55828171185,
    4.749157566101));
#1278 = CARTESIAN_POINT('',(12.13792231163,-12.14084990969,
    4.680897511971));
#1279 = CARTESIAN_POINT('',(13.034938166982,-11.47888005718,
    4.513188010237));
#1280 = CARTESIAN_POINT('',(13.516184935732,-11.21721661723,
    4.420348533855));
#1281 = CARTESIAN_POINT('',(14.065784779515,-11.02419844783,
    4.309692253061));
#1282 = CARTESIAN_POINT('',(14.65490058198,-10.92711018525,
    4.184646267824));
#1283 = CARTESIAN_POINT('',(15.250418411744,-10.93759898705,
    4.051203033075));
#1284 = CARTESIAN_POINT('',(15.823159603583,-11.04697234473,
    3.916820881005));
#1285 = CARTESIAN_POINT('',(16.867638224185,-11.41912803207,
    3.66326801919));
#1286 = CARTESIAN_POINT('',(17.338169718789,-11.68316982212,3.5442727461
    ));
#1287 = CARTESIAN_POINT('',(17.744870320628,-12.00395484499,
    3.437861806495));
#1288 = CARTESIAN_POINT('',(18.087850617713,-12.3669044503,
    3.345849976549));
#1289 = CARTESIAN_POINT('',(18.368425284822,-12.75984411805,
    3.269315698227));
#1290 = CARTESIAN_POINT('',(18.586853808167,-13.17230445922,
    3.209037462571));
#1291 = CARTESIAN_POINT('',(18.961622826731,-14.17318476008,
    3.104880274741));
#1292 = CARTESIAN_POINT('',(19.068505714143,-14.77252930484,
    3.074403536027));
#1293 = CARTESIAN_POINT('',(19.070548524809,-15.37998592919,
    3.07348562809));
#1294 = CARTESIAN_POINT('',(18.973909586035,-15.98669128169,
    3.101788088247));
#1295 = CARTESIAN_POINT('',(18.760784292315,-16.57395768565,
    3.160809025765));
#1296 = CARTESIAN_POINT('',(18.456100058931,-17.12113503325,
    3.246158484827));
#1297 = CARTESIAN_POINT('',(17.646976404986,-18.05209004227,
    3.462523313895));
#1298 = CARTESIAN_POINT('',(17.178547215963,-18.44816666059,
    3.585075458308));
#1299 = CARTESIAN_POINT('',(16.601768379146,-18.78928376373,
    3.733105323716));
#1300 = CARTESIAN_POINT('',(15.942524847414,-19.00550707161,
    3.893841945675));
#1301 = CARTESIAN_POINT('',(15.245021279473,-19.09607625607,
    4.054489913961));
#1302 = CARTESIAN_POINT('',(14.535371988744,-19.03171159187,
    4.208368098171));
#1303 = CARTESIAN_POINT('',(13.506608676381,-18.73077635781,
    4.420159601226));
#1304 = CARTESIAN_POINT('',(13.152493985657,-18.58157018688,
    4.490566872429));
#1305 = CARTESIAN_POINT('',(12.830806908049,-18.40005397369,
    4.552480436631));
#1306 = CARTESIAN_POINT('',(12.538908774055,-18.1915519983,
    4.606996372448));
#1307 = CARTESIAN_POINT('',(12.275770234896,-17.96160033565,
    4.654909401154));
#1308 = CARTESIAN_POINT('',(12.045719797442,-17.71629161033,
    4.695901357359));
#1309 = CARTESIAN_POINT('',(11.597094729293,-17.14090339845,4.7744831852
    ));
#1310 = CARTESIAN_POINT('',(11.395097115234,-16.80450894665,
    4.808793371997));
#1311 = CARTESIAN_POINT('',(11.235536126621,-16.45462078526,
    4.835267433577));
#1312 = CARTESIAN_POINT('',(11.11726759126,-16.09612302571,
    4.854607720594));
#1313 = CARTESIAN_POINT('',(11.039214088739,-15.73262778127,
    4.867288812221));
#1314 = CARTESIAN_POINT('',(11.,-15.36638851165,4.873651257751));
#1315 = CARTESIAN_POINT('',(11.,-15.,4.873651257751));
#1316 = ORIENTED_EDGE('',*,*,#1263,.F.);
#1317 = ORIENTED_EDGE('',*,*,#273,.F.);
#1318 = B_SPLINE_SURFACE_WITH_KNOTS('',1,7,(
    (#1319,#1320,#1321,#1322,#1323,#1324,#1325,#1326,#1327,#1328,#1329
      ,#1330,#1331,#1332,#1333,#1334,#1335,#1336,#1337,#1338,#1339,#1340
      ,#1341,#1342,#1343,#1344,#1345,#1346,#1347,#1348,#1349,#1350,#1351
      ,#1352,#1353,#1354,#1355,#1356,#1357,#1358,#1359,#1360,#1361,#1362
      )
    ,(#1363,#1364,#1365,#1366,#1367,#1368,#1369,#1370,#1371,#1372,#1373
      ,#1374,#1375,#1376,#1377,#1378,#1379,#1380,#1381,#1382,#1383,#1384
      ,#1385,#1386,#1387,#1388,#1389,#1390,#1391,#1392,#1393,#1394,#1395
      ,#1396,#1397,#1398,#1399,#1400,#1401,#1402,#1403,#1404,#1405,#1406
      )),.UNSPECIFIED.,.F.,.T.,.F.,(2,2),(8,6,6,6,6,6,6,8),(0.,
    25.446519300149),(1.5E-16,4.194206366726,7.726484553057,
    11.29745689479,16.135317143294,20.254303729272,22.571359723483,
    25.446519300149),.UNSPECIFIED.);
#1319 = CARTESIAN_POINT('',(10.802498009231,-15.,5.105162583389));
#1320 = CARTESIAN_POINT('',(10.802498009234,-14.46773550422,
    5.105162583389));
#1321 = CARTESIAN_POINT('',(10.881170203253,-13.93592021681,
    5.092732655447));
#1322 = CARTESIAN_POINT('',(11.038395405286,-13.41079740015,
    5.067852123018));
#1323 = CARTESIAN_POINT('',(11.277001536757,-12.90104591315,
    5.029621281583));
#1324 = CARTESIAN_POINT('',(11.60352905952,-12.41570178702,
    4.975559083354));
#1325 = CARTESIAN_POINT('',(12.017325237883,-11.97685658977,
    4.904068151474));
#1326 = CARTESIAN_POINT('',(12.97014867956,-11.28480431587,
    4.728547786417));
#1327 = CARTESIAN_POINT('',(13.481357723221,-11.01155846231,
    4.631015813143));
#1328 = CARTESIAN_POINT('',(14.06345653281,-10.81445538558,
    4.514945932321));
#1329 = CARTESIAN_POINT('',(14.684939655077,-10.71977318262,
    4.383599851961));
#1330 = CARTESIAN_POINT('',(15.310305145477,-10.73773863685,
    4.243258514424));
#1331 = CARTESIAN_POINT('',(15.908928389028,-10.85929535906,
    4.102134970967));
#1332 = CARTESIAN_POINT('',(16.997044087329,-11.2608177207,
    3.835794778233));
#1333 = CARTESIAN_POINT('',(17.484612053561,-11.5420714091,
    3.710934499858));
#1334 = CARTESIAN_POINT('',(17.904677880231,-11.88063637997,
    3.59925385348));
#1335 = CARTESIAN_POINT('',(18.257744987197,-12.26148205428,
    3.502746198712));
#1336 = CARTESIAN_POINT('',(18.545676856633,-12.67220730921,
    3.42254522705));
#1337 = CARTESIAN_POINT('',(18.769536892897,-13.10199601046,
    3.359352725458));
#1338 = CARTESIAN_POINT('',(19.153184126497,-14.14271103324,
    3.250209002759));
#1339 = CARTESIAN_POINT('',(19.262116968069,-14.76411569343,
    3.218305905602));
#1340 = CARTESIAN_POINT('',(19.265208968302,-15.39512563518,
    3.217207185478));
#1341 = CARTESIAN_POINT('',(19.163190257796,-16.0207996674,
    3.247215047052));
#1342 = CARTESIAN_POINT('',(18.951637432318,-16.63391609336,
    3.30849693168));
#1343 = CARTESIAN_POINT('',(18.63555746965,-17.20386566854,
    3.398381169839));
#1344 = CARTESIAN_POINT('',(17.803601798519,-18.178533552,3.625026969996
    ));
#1345 = CARTESIAN_POINT('',(17.320828510542,-18.59938364014,
    3.753784451457));
#1346 = CARTESIAN_POINT('',(16.721142472116,-18.95642650335,
    3.909163724946));
#1347 = CARTESIAN_POINT('',(16.036751035997,-19.19706978821,
    4.077725244966));
#1348 = CARTESIAN_POINT('',(15.304535939904,-19.29545280086,
    4.247121563542));
#1349 = CARTESIAN_POINT('',(14.558676812181,-19.23903368245,
    4.408354560631));
#1350 = CARTESIAN_POINT('',(13.470197575544,-18.9320991444,
    4.630943727371));
#1351 = CARTESIAN_POINT('',(13.095987281974,-18.77787886725,
    4.704698032134));
#1352 = CARTESIAN_POINT('',(12.753900219497,-18.5893904223,
    4.769668528642));
#1353 = CARTESIAN_POINT('',(12.443166651053,-18.37152450644,
    4.826809518764));
#1354 = CARTESIAN_POINT('',(12.163499471505,-18.1299986148,
    4.876899223074));
#1355 = CARTESIAN_POINT('',(11.918228977422,-17.87189256932,
    4.919785429519));
#1356 = CARTESIAN_POINT('',(11.440080959399,-17.26560137768,
    5.00185713071));
#1357 = CARTESIAN_POINT('',(11.224314850667,-16.91027253491,
    5.037658782454));
#1358 = CARTESIAN_POINT('',(11.054092905965,-16.54028067217,
    5.065228446617));
#1359 = CARTESIAN_POINT('',(10.927847679166,-16.16088940634,
    5.085350199057));
#1360 = CARTESIAN_POINT('',(10.84434775934,-15.77598228783,
    5.098546749974));
#1361 = CARTESIAN_POINT('',(10.802498009234,-15.38806815907,
    5.105162583389));
#1362 = CARTESIAN_POINT('',(10.802498009234,-15.,5.105162583389));
#1363 = CARTESIAN_POINT('',(11.,-15.,4.873651257748));
#1364 = CARTESIAN_POINT('',(11.,-14.49747141969,4.873651257751));
#1365 = CARTESIAN_POINT('',(11.073548509918,-13.99519430482,
    4.861703022366));
#1366 = CARTESIAN_POINT('',(11.221255146353,-13.49997699321,
    4.837771527403));
#1367 = CARTESIAN_POINT('',(11.443230458173,-13.01630056837,
    4.801087247714));
#1368 = CARTESIAN_POINT('',(11.751788758802,-12.55828171185,
    4.749157566101));
#1369 = CARTESIAN_POINT('',(12.13792231163,-12.14084990969,
    4.680897511971));
#1370 = CARTESIAN_POINT('',(13.034938166982,-11.47888005718,
    4.513188010237));
#1371 = CARTESIAN_POINT('',(13.516184935732,-11.21721661723,
    4.420348533855));
#1372 = CARTESIAN_POINT('',(14.065784779515,-11.02419844783,
    4.309692253061));
#1373 = CARTESIAN_POINT('',(14.65490058198,-10.92711018525,
    4.184646267824));
#1374 = CARTESIAN_POINT('',(15.250418411744,-10.93759898705,
    4.051203033075));
#1375 = CARTESIAN_POINT('',(15.823159603583,-11.04697234473,
    3.916820881005));
#1376 = CARTESIAN_POINT('',(16.867638224185,-11.41912803207,
    3.66326801919));
#1377 = CARTESIAN_POINT('',(17.338169718789,-11.68316982212,3.5442727461
    ));
#1378 = CARTESIAN_POINT('',(17.744870320628,-12.00395484499,
    3.437861806495));
#1379 = CARTESIAN_POINT('',(18.087850617713,-12.3669044503,
    3.345849976549));
#1380 = CARTESIAN_POINT('',(18.368425284822,-12.75984411805,
    3.269315698227));
#1381 = CARTESIAN_POINT('',(18.586853808167,-13.17230445922,
    3.209037462571));
#1382 = CARTESIAN_POINT('',(18.961622826731,-14.17318476008,
    3.104880274741));
#1383 = CARTESIAN_POINT('',(19.068505714143,-14.77252930484,
    3.074403536027));
#1384 = CARTESIAN_POINT('',(19.070548524809,-15.37998592919,
    3.07348562809));
#1385 = CARTESIAN_POINT('',(18.973909586035,-15.98669128169,
    3.101788088247));
#1386 = CARTESIAN_POINT('',(18.760784292315,-16.57395768565,
    3.160809025765));
#1387 = CARTESIAN_POINT('',(18.456100058931,-17.12113503325,
    3.246158484827));
#1388 = CARTESIAN_POINT('',(17.646976404986,-18.05209004227,
    3.462523313895));
#1389 = CARTESIAN_POINT('',(17.178547215963,-18.44816666059,
    3.585075458308));
#1390 = CARTESIAN_POINT('',(16.601768379146,-18.78928376373,
    3.733105323716));
#1391 = CARTESIAN_POINT('',(15.942524847414,-19.00550707161,
    3.893841945675));
#1392 = CARTESIAN_POINT('',(15.245021279473,-19.09607625607,
    4.054489913961));
#1393 = CARTESIAN_POINT('',(14.535371988744,-19.03171159187,
    4.208368098171));
#1394 = CARTESIAN_POINT('',(13.506608676381,-18.73077635781,
    4.420159601226));
#1395 = CARTESIAN_POINT('',(13.152493985657,-18.58157018688,
    4.490566872429));
#1396 = CARTESIAN_POINT('',(12.830806908049,-18.40005397369,
    4.552480436631));
#1397 = CARTESIAN_POINT('',(12.538908774055,-18.1915519983,
    4.606996372448));
#1398 = CARTESIAN_POINT('',(12.275770234896,-17.96160033565,
    4.654909401154));
#1399 = CARTESIAN_POINT('',(12.045719797442,-17.71629161033,
    4.695901357359));
#1400 = CARTESIAN_POINT('',(11.597094729293,-17.14090339845,4.7744831852
    ));
#1401 = CARTESIAN_POINT('',(11.395097115234,-16.80450894665,
    4.808793371997));
#1402 = CARTESIAN_POINT('',(11.235536126621,-16.45462078526,
    4.835267433577));
#1403 = CARTESIAN_POINT('',(11.11726759126,-16.09612302571,
    4.854607720594));
#1404 = CARTESIAN_POINT('',(11.039214088739,-15.73262778127,
    4.867288812221));
#1405 = CARTESIAN_POINT('',(11.,-15.36638851165,4.873651257751));
#1406 = CARTESIAN_POINT('',(11.,-15.,4.873651257751));
#1407 = ADVANCED_FACE('',(#1408),#1580,.T.);
#1408 = FACE_BOUND('',#1409,.T.);
#1409 = EDGE_LOOP('',(#1410,#1417,#1578,#1579));
#1410 = ORIENTED_EDGE('',*,*,#1411,.T.);
#1411 = EDGE_CURVE('',#325,#1412,#1414,.T.);
#1412 = VERTEX_POINT('',#1413);
#1413 = CARTESIAN_POINT('',(11.,15.,4.873651257748));
#1414 = B_SPLINE_CURVE_WITH_KNOTS('',1,(#1415,#1416),.UNSPECIFIED.,.F.,
  .F.,(2,2),(0.,25.446519300149),.PIECEWISE_BEZIER_KNOTS.);
#1415 = CARTESIAN_POINT('',(10.802498009231,15.,5.105162583389));
#1416 = CARTESIAN_POINT('',(11.,15.,4.873651257748));
#1417 = ORIENTED_EDGE('',*,*,#1418,.T.);
#1418 = EDGE_CURVE('',#1412,#1412,#1419,.T.);
#1419 = B_SPLINE_CURVE_WITH_KNOTS('',14,(#1420,#1421,#1422,#1423,#1424,
    #1425,#1426,#1427,#1428,#1429,#1430,#1431,#1432,#1433,#1434,#1435,
    #1436,#1437,#1438,#1439,#1440,#1441,#1442,#1443,#1444,#1445,#1446,
    #1447,#1448,#1449,#1450,#1451,#1452,#1453,#1454,#1455,#1456,#1457,
    #1458,#1459,#1460,#1461,#1462,#1463,#1464,#1465,#1466,#1467,#1468,
    #1469,#1470,#1471,#1472,#1473,#1474,#1475,#1476,#1477,#1478,#1479,
    #1480,#1481,#1482,#1483,#1484,#1485,#1486,#1487,#1488,#1489,#1490,
    #1491,#1492,#1493,#1494,#1495,#1496,#1497,#1498,#1499,#1500,#1501,
    #1502,#1503,#1504,#1505,#1506,#1507,#1508,#1509,#1510,#1511,#1512,
    #1513,#1514,#1515,#1516,#1517,#1518,#1519,#1520,#1521,#1522,#1523,
    #1524,#1525,#1526,#1527,#1528,#1529,#1530,#1531,#1532,#1533,#1534,
    #1535,#1536,#1537,#1538,#1539,#1540,#1541,#1542,#1543,#1544,#1545,
    #1546,#1547,#1548,#1549,#1550,#1551,#1552,#1553,#1554,#1555,#1556,
    #1557,#1558,#1559,#1560,#1561,#1562,#1563,#1564,#1565,#1566,#1567,
    #1568,#1569,#1570,#1571,#1572,#1573,#1574,#1575,#1576,#1577),
  .UNSPECIFIED.,.T.,.F.,(15,13,13,13,13,13,13,13,13,13,13,13,15),(
    4.9E-16,4.194206342807,7.726484508917,11.297456830226,
    16.135317051059,20.254303613469,22.571359636664,24.008939468406,
    24.727729384278,25.087124342213,25.266821821181,25.356670560665,
    25.446519300149),.UNSPECIFIED.);
#1420 = CARTESIAN_POINT('',(11.,15.,4.873651257748));
#1421 = CARTESIAN_POINT('',(11.000000000004,15.251264290163,
    4.873651257752));
#1422 = CARTESIAN_POINT('',(11.01697273304,15.502470549799,
    4.870893972658));
#1423 = CARTESIAN_POINT('',(11.050976816199,15.752964131197,
    4.865376034785));
#1424 = CARTESIAN_POINT('',(11.102053416263,16.00217175863,
    4.857068394498));
#1425 = CARTESIAN_POINT('',(11.170359497412,16.249476045617,
    4.845905950697));
#1426 = CARTESIAN_POINT('',(11.256193306384,16.494138458555,
    4.831786782529));
#1427 = CARTESIAN_POINT('',(11.359950946617,16.735261599642,4.8145768995
    ));
#1428 = CARTESIAN_POINT('',(11.482052870272,16.971781647986,
    4.794116420871));
#1429 = CARTESIAN_POINT('',(11.622879147374,17.202481844835,
    4.770223103734));
#1430 = CARTESIAN_POINT('',(11.782752336454,17.426017852945,
    4.742689129358));
#1431 = CARTESIAN_POINT('',(11.962006815589,17.64094587764,
    4.711267067072));
#1432 = CARTESIAN_POINT('',(12.161183403193,17.845744385694,
    4.675640926752));
#1433 = CARTESIAN_POINT('',(12.381388119769,18.038820298079,
    4.635378216934));
#1434 = CARTESIAN_POINT('',(12.829896047442,18.369805224328,
    4.551523466068));
#1435 = CARTESIAN_POINT('',(13.051360289208,18.511666251183,
    4.509456802989));
#1436 = CARTESIAN_POINT('',(13.288976513363,18.641412117867,
    4.463500448106));
#1437 = CARTESIAN_POINT('',(13.541564521837,18.756395154057,
    4.413673376167));
#1438 = CARTESIAN_POINT('',(13.807262214523,18.854141378609,
    4.360145693148));
#1439 = CARTESIAN_POINT('',(14.083722185123,18.932485817046,
    4.303215594729));
#1440 = CARTESIAN_POINT('',(14.368276760842,18.989683254672,
    4.243289615113));
#1441 = CARTESIAN_POINT('',(14.658071478912,19.024494410308,
    4.180866160023));
#1442 = CARTESIAN_POINT('',(14.950167009784,19.03624755142,
    4.116522332369));
#1443 = CARTESIAN_POINT('',(15.241609515368,19.024875526319,
    4.050904040594));
#1444 = CARTESIAN_POINT('',(15.529469453913,18.990928237621,
    3.984719399762));
#1445 = CARTESIAN_POINT('',(15.810848821757,18.935560536501,
    3.918735416721));
#1446 = CARTESIAN_POINT('',(16.08285683889,18.86049555246,3.8537779657)
  );
#1447 = CARTESIAN_POINT('',(16.605096149189,18.674417708784,
    3.727001534791));
#1448 = CARTESIAN_POINT('',(16.85504914987,18.563114204468,
    3.665223040296));
#1449 = CARTESIAN_POINT('',(17.091520937995,18.435995924699,
    3.60579500683));
#1450 = CARTESIAN_POINT('',(17.313947656072,18.294809059514,
    3.549032531751));
#1451 = CARTESIAN_POINT('',(17.522007872918,18.141136821832,
    3.495186748638));
#1452 = CARTESIAN_POINT('',(17.715550543313,17.976427383231,
    3.444458584178));
#1453 = CARTESIAN_POINT('',(17.894536776136,17.802015920471,
    3.39700989125));
#1454 = CARTESIAN_POINT('',(18.058995421268,17.619140780139,
    3.352971961365));
#1455 = CARTESIAN_POINT('',(18.20899245945,17.428953750511,
    3.312451411994));
#1456 = CARTESIAN_POINT('',(18.344614215628,17.232524454228,
    3.275533454194));
#1457 = CARTESIAN_POINT('',(18.465964373184,17.030838847422,
    3.242282534912));
#1458 = CARTESIAN_POINT('',(18.573174810153,16.824791838183,
    3.212740358971));
#1459 = CARTESIAN_POINT('',(18.666430240771,16.61517401455,
    3.186921286934));
#1460 = CARTESIAN_POINT('',(18.853814750055,16.114733864121,
    3.13484269302));
#1461 = CARTESIAN_POINT('',(18.936530534599,15.821390479218,
    3.111675989626));
#1462 = CARTESIAN_POINT('',(18.994528372071,15.524102642934,
    3.095315648523));
#1463 = CARTESIAN_POINT('',(19.02826180841,15.224122277641,
    3.085756610951));
#1464 = CARTESIAN_POINT('',(19.037988469914,14.922644487319,
    3.083002088633));
#1465 = CARTESIAN_POINT('',(19.023711549357,14.620922673432,
    3.08706420599));
#1466 = CARTESIAN_POINT('',(18.985259782689,14.320331196043,
    3.097950981988));
#1467 = CARTESIAN_POINT('',(18.922427822213,14.022379577336,
    3.115649324932));
#1468 = CARTESIAN_POINT('',(18.835098879181,13.728682244707,
    3.140113714292));
#1469 = CARTESIAN_POINT('',(18.723271550848,13.440887811666,
    3.171270242992));
#1470 = CARTESIAN_POINT('',(18.586912700961,13.160571892836,
    3.209045694048));
#1471 = CARTESIAN_POINT('',(18.425558305916,12.88909745154,
    3.253431325165));
#1472 = CARTESIAN_POINT('',(18.237584144018,12.627446676668,
    3.304591035091));
#1473 = CARTESIAN_POINT('',(17.833022317043,12.161969172154,
    3.412773449624));
#1474 = CARTESIAN_POINT('',(17.624744705432,11.955304221838,
    3.467843102188));
#1475 = CARTESIAN_POINT('',(17.393080366909,11.758237160645,
    3.528465745399));
#1476 = CARTESIAN_POINT('',(17.138199352796,11.574615550553,
    3.594343243694));
#1477 = CARTESIAN_POINT('',(16.861391432765,11.40871210771,
    3.664805268109));
#1478 = CARTESIAN_POINT('',(16.564821502761,11.264504484919,
    3.738947385933));
#1479 = CARTESIAN_POINT('',(16.251277396323,11.145338208798,
    3.815745731005));
#1480 = CARTESIAN_POINT('',(15.92394176835,11.053857366535,
    3.894145898586));
#1481 = CARTESIAN_POINT('',(15.58621967409,10.992087631527,
    3.973123697373));
#1482 = CARTESIAN_POINT('',(15.24165352002,10.961556221286,
    4.051715404292));
#1483 = CARTESIAN_POINT('',(14.893957009296,10.963333379578,
    4.129015154807));
#1484 = CARTESIAN_POINT('',(14.547199751174,10.99787997351,
    4.204137112448));
#1485 = CARTESIAN_POINT('',(14.206174168842,11.064585799166,
    4.276140053229));
#1486 = CARTESIAN_POINT('',(13.691792519955,11.215053414069,
    4.382035803419));
#1487 = CARTESIAN_POINT('',(13.510359370869,11.278654190019,
    4.418811833473));
#1488 = CARTESIAN_POINT('',(13.334232163232,11.350862855634,
    4.45398496368));
#1489 = CARTESIAN_POINT('',(13.164308340842,11.430969736533,
    4.487431161373));
#1490 = CARTESIAN_POINT('',(13.001041764651,11.51834202487,
    4.519115002309));
#1491 = CARTESIAN_POINT('',(12.844618068784,11.612394887547,
    4.549054731113));
#1492 = CARTESIAN_POINT('',(12.695091146034,11.712569790139,
    4.57729487093));
#1493 = CARTESIAN_POINT('',(12.552480772058,11.81832005334,4.60388638628
    ));
#1494 = CARTESIAN_POINT('',(12.416831354831,11.929103617886,
    4.628874393254));
#1495 = CARTESIAN_POINT('',(12.288231826084,12.044383047456,
    4.652293424401));
#1496 = CARTESIAN_POINT('',(12.16679665686,12.163632738385,
    4.674170240388));
#1497 = CARTESIAN_POINT('',(12.052608013627,12.28635336458,
    4.694534195783));
#1498 = CARTESIAN_POINT('',(11.94561904189,12.412093535349,
    4.713435153074));
#1499 = CARTESIAN_POINT('',(11.783412395867,12.620133162781,
    4.741847508304));
#1500 = CARTESIAN_POINT('',(11.723979108581,12.700816998938,
    4.752196065258));
#1501 = CARTESIAN_POINT('',(11.667176866327,12.78247455023,
    4.762029986263));
#1502 = CARTESIAN_POINT('',(11.612966975093,12.865051064757,
    4.771363732109));
#1503 = CARTESIAN_POINT('',(11.56131360948,12.948492683242,
    4.780210859676));
#1504 = CARTESIAN_POINT('',(11.512183803643,13.032746428958,
    4.78858401856));
#1505 = CARTESIAN_POINT('',(11.465547466067,13.117760224021,
    4.796494956514));
#1506 = CARTESIAN_POINT('',(11.421377359403,13.203482867346,
    4.803954512112));
#1507 = CARTESIAN_POINT('',(11.379649123765,13.289864059892,
    4.810972623113));
#1508 = CARTESIAN_POINT('',(11.340341253807,13.376854380045,
    4.817558318355));
#1509 = CARTESIAN_POINT('',(11.303435117958,13.464405304089,
    4.823719724441));
#1510 = CARTESIAN_POINT('',(11.268914944701,13.552469191729,
    4.829464061057));
#1511 = CARTESIAN_POINT('',(11.23676783082,13.640999294728,
    4.834797643735));
#1512 = CARTESIAN_POINT('',(11.192091690533,13.774424981577,
    4.842190001883));
#1513 = CARTESIAN_POINT('',(11.177787867771,13.819005005453,
    4.844553434666));
#1514 = CARTESIAN_POINT('',(11.164070731492,13.863685101421,
    4.846816772912));
#1515 = CARTESIAN_POINT('',(11.150938744592,13.908460547257,
    4.848980608813));
#1516 = CARTESIAN_POINT('',(11.13839036905,13.953326619365,4.85104553429
    ));
#1517 = CARTESIAN_POINT('',(11.1264240685,13.998278596638,4.853012141726
    ));
#1518 = CARTESIAN_POINT('',(11.115038304089,14.043311754228,
    4.854881022852));
#1519 = CARTESIAN_POINT('',(11.104231540113,14.08842137201,
    4.856652770168));
#1520 = CARTESIAN_POINT('',(11.094002237489,14.133602724814,
    4.858327975411));
#1521 = CARTESIAN_POINT('',(11.084348860211,14.178851092041,
    4.859907230958));
#1522 = CARTESIAN_POINT('',(11.075269869903,14.224161749587,
    4.86139112873));
#1523 = CARTESIAN_POINT('',(11.066763729719,14.269529975605,
    4.862780260925));
#1524 = CARTESIAN_POINT('',(11.058828902,14.314951047046,4.864075219598)
  );
#1525 = CARTESIAN_POINT('',(11.047781323145,14.383154838539,
    4.865877285499));
#1526 = CARTESIAN_POINT('',(11.04424140354,14.40590169181,4.866454505599
    ));
#1527 = CARTESIAN_POINT('',(11.040843991766,14.428660298451,
    4.867008294018));
#1528 = CARTESIAN_POINT('',(11.037588988928,14.451430155566,
    4.867538687451));
#1529 = CARTESIAN_POINT('',(11.034476296252,14.474210760672,
    4.868045722988));
#1530 = CARTESIAN_POINT('',(11.031505814688,14.497001610422,
    4.868529436941));
#1531 = CARTESIAN_POINT('',(11.02867744569,14.519802202936,4.86898986687
    ));
#1532 = CARTESIAN_POINT('',(11.025991089979,14.542612034291,
    4.869427048678));
#1533 = CARTESIAN_POINT('',(11.023446649141,14.565430602922,
    4.869841020108));
#1534 = CARTESIAN_POINT('',(11.021044023919,14.588257404992,
    4.870231817184));
#1535 = CARTESIAN_POINT('',(11.01878311574,14.611091938495,
    4.870599477281));
#1536 = CARTESIAN_POINT('',(11.01666382557,14.633933700197,
    4.870944036887));
#1537 = CARTESIAN_POINT('',(11.01468605463,14.656782187539,
    4.871265532969));
#1538 = CARTESIAN_POINT('',(11.011931528728,14.691064252733,
    4.871713236948));
#1539 = CARTESIAN_POINT('',(11.011048721314,14.702493171929,4.8718567102
    ));
#1540 = CARTESIAN_POINT('',(11.010201276146,14.713923595907,
    4.871994424252));
#1541 = CARTESIAN_POINT('',(11.009389187559,14.725355465289,
    4.872126381303));
#1542 = CARTESIAN_POINT('',(11.008612449998,14.736788720822,
    4.872252583595));
#1543 = CARTESIAN_POINT('',(11.007871057616,14.748223302943,
    4.872373033256));
#1544 = CARTESIAN_POINT('',(11.007165005125,14.75965915264,
    4.872487732627));
#1545 = CARTESIAN_POINT('',(11.006494286406,14.771096210152,
    4.872596683746));
#1546 = CARTESIAN_POINT('',(11.005858896332,14.78253441652,4.87269988899
    ));
#1547 = CARTESIAN_POINT('',(11.005258828812,14.793973712099,
    4.872797350433));
#1548 = CARTESIAN_POINT('',(11.004694078519,14.805414037711,
    4.872889070367));
#1549 = CARTESIAN_POINT('',(11.004164639637,14.816855333933,
    4.872975050958));
#1550 = CARTESIAN_POINT('',(11.003670506594,14.828297541432,
    4.873055294429));
#1551 = CARTESIAN_POINT('',(11.002982257303,14.845462130575,
    4.873167057263));
#1552 = CARTESIAN_POINT('',(11.002761666771,14.851183873622,
    4.873202877505));
#1553 = CARTESIAN_POINT('',(11.002549901974,14.856905822839,
    4.873237263858));
#1554 = CARTESIAN_POINT('',(11.002346962347,14.86262797069,
    4.873270216377));
#1555 = CARTESIAN_POINT('',(11.00215284832,14.868350310546,
    4.873301735336));
#1556 = CARTESIAN_POINT('',(11.001967558406,14.874072834059,
    4.873331820597));
#1557 = CARTESIAN_POINT('',(11.00179109412,14.879795535525,
    4.873360472652));
#1558 = CARTESIAN_POINT('',(11.001623453072,14.88551840587,
    4.873387691196));
#1559 = CARTESIAN_POINT('',(11.001464637138,14.891241439618,
    4.873413476768));
#1560 = CARTESIAN_POINT('',(11.001314644262,14.896964628061,
    4.873437829155));
#1561 = CARTESIAN_POINT('',(11.001173475444,14.902687964934,
    4.873460748708));
#1562 = CARTESIAN_POINT('',(11.001041129694,14.908411442424,
    4.873482235423));
#1563 = CARTESIAN_POINT('',(11.000917607093,14.914135053533,
    4.873502289482));
#1564 = CARTESIAN_POINT('',(11.00068820742,14.925582528292,
    4.873539532492));
#1565 = CARTESIAN_POINT('',(11.000582330712,14.931108963333,
    4.873556721354));
#1566 = CARTESIAN_POINT('',(11.000485276874,14.938550576371,
    4.873572477606));
#1567 = CARTESIAN_POINT('',(11.000397046231,14.93676579785,
    4.873586801419));
#1568 = CARTESIAN_POINT('',(11.000317637903,14.963878112329,
    4.873599692623));
#1569 = CARTESIAN_POINT('',(11.000247053226,14.925970655376,
    4.873611151636));
#1570 = CARTESIAN_POINT('',(11.000185290351,14.998354667879,
    4.873621177974));
#1571 = CARTESIAN_POINT('',(11.00013235143,14.926126589402,
    4.873629772267));
#1572 = CARTESIAN_POINT('',(11.000088234473,15.002175258424,
    4.873636933938));
#1573 = CARTESIAN_POINT('',(11.000052941244,14.95913497244,
    4.873642663481));
#1574 = CARTESIAN_POINT('',(11.00002647071,14.990426673874,
    4.873646960562));
#1575 = CARTESIAN_POINT('',(11.00000882367,14.986378683137,
    4.873649825352));
#1576 = CARTESIAN_POINT('',(10.999999999997,14.994617389344,
    4.87365125775));
#1577 = CARTESIAN_POINT('',(11.,15.,4.873651257751));
#1578 = ORIENTED_EDGE('',*,*,#1411,.F.);
#1579 = ORIENTED_EDGE('',*,*,#324,.F.);
#1580 = B_SPLINE_SURFACE_WITH_KNOTS('',1,14,(
    (#1581,#1582,#1583,#1584,#1585,#1586,#1587,#1588,#1589,#1590,#1591
      ,#1592,#1593,#1594,#1595,#1596,#1597,#1598,#1599,#1600,#1601,#1602
      ,#1603,#1604,#1605,#1606,#1607,#1608,#1609,#1610,#1611,#1612,#1613
      ,#1614,#1615,#1616,#1617,#1618,#1619,#1620,#1621,#1622,#1623,#1624
      ,#1625,#1626,#1627,#1628,#1629,#1630,#1631,#1632,#1633,#1634,#1635
      ,#1636,#1637,#1638,#1639,#1640,#1641,#1642,#1643,#1644,#1645,#1646
      ,#1647,#1648,#1649,#1650,#1651,#1652,#1653,#1654,#1655,#1656,#1657
      ,#1658,#1659,#1660,#1661,#1662,#1663,#1664,#1665,#1666,#1667,#1668
      ,#1669,#1670,#1671,#1672,#1673,#1674,#1675,#1676,#1677,#1678,#1679
      ,#1680,#1681,#1682,#1683,#1684,#1685,#1686,#1687,#1688,#1689,#1690
      ,#1691,#1692,#1693,#1694,#1695,#1696,#1697,#1698,#1699,#1700,#1701
      ,#1702,#1703,#1704,#1705,#1706,#1707,#1708,#1709,#1710,#1711,#1712
      ,#1713,#1714,#1715,#1716,#1717,#1718,#1719,#1720,#1721,#1722,#1723
      ,#1724,#1725,#1726,#1727,#1728,#1729,#1730,#1731,#1732,#1733,#1734
      ,#1735,#1736,#1737,#1738)
    ,(#1739,#1740,#1741,#1742,#1743,#1744,#1745,#1746,#1747,#1748,#1749
      ,#1750,#1751,#1752,#1753,#1754,#1755,#1756,#1757,#1758,#1759,#1760
      ,#1761,#1762,#1763,#1764,#1765,#1766,#1767,#1768,#1769,#1770,#1771
      ,#1772,#1773,#1774,#1775,#1776,#1777,#1778,#1779,#1780,#1781,#1782
      ,#1783,#1784,#1785,#1786,#1787,#1788,#1789,#1790,#1791,#1792,#1793
      ,#1794,#1795,#1796,#1797,#1798,#1799,#1800,#1801,#1802,#1803,#1804
      ,#1805,#1806,#1807,#1808,#1809,#1810,#1811,#1812,#1813,#1814,#1815
      ,#1816,#1817,#1818,#1819,#1820,#1821,#1822,#1823,#1824,#1825,#1826
      ,#1827,#1828,#1829,#1830,#1831,#1832,#1833,#1834,#1835,#1836,#1837
      ,#1838,#1839,#1840,#1841,#1842,#1843,#1844,#1845,#1846,#1847,#1848
      ,#1849,#1850,#1851,#1852,#1853,#1854,#1855,#1856,#1857,#1858,#1859
      ,#1860,#1861,#1862,#1863,#1864,#1865,#1866,#1867,#1868,#1869,#1870
      ,#1871,#1872,#1873,#1874,#1875,#1876,#1877,#1878,#1879,#1880,#1881
      ,#1882,#1883,#1884,#1885,#1886,#1887,#1888,#1889,#1890,#1891,#1892
      ,#1893,#1894,#1895,#1896
    )),.UNSPECIFIED.,.F.,.T.,.F.,(2,2),(15,13,13,13,13,13,13,13,13,13,13
    ,13,15),(0.,25.446519300149),(4.9E-16,4.194206342807,7.726484508917,
    11.297456830226,16.135317051059,20.254303613469,22.571359636664,
    24.008939468406,24.727729384278,25.087124342213,25.266821821181,
    25.356670560665,25.446519300149),.UNSPECIFIED.);
#1581 = CARTESIAN_POINT('',(10.802498009231,15.,5.105162583389));
#1582 = CARTESIAN_POINT('',(10.802498009236,15.266132247896,
    5.10516258339));
#1583 = CARTESIAN_POINT('',(10.820653130919,15.532160832288,
    5.102294138473));
#1584 = CARTESIAN_POINT('',(10.85695191416,15.797485439612,
    5.096555260548));
#1585 = CARTESIAN_POINT('',(10.911485944301,16.061420595159,
    5.087913226135));
#1586 = CARTESIAN_POINT('',(10.984457881952,16.323217466063,
    5.076297209889));
#1587 = CARTESIAN_POINT('',(11.076162285013,16.582051215714,
    5.061598299824));
#1588 = CARTESIAN_POINT('',(11.186952802312,16.83698730745,
    5.043673611836));
#1589 = CARTESIAN_POINT('',(11.317209303352,17.086940129734,
    5.022351212128));
#1590 = CARTESIAN_POINT('',(11.467318528826,17.330637349869,
    4.997432568379));
#1591 = CARTESIAN_POINT('',(11.637681823185,17.566603362903,
    4.968689236202));
#1592 = CARTESIAN_POINT('',(11.828763533865,17.793175242499,
    4.935850501849));
#1593 = CARTESIAN_POINT('',(12.041193641714,18.008564566377,
    4.898578689554));
#1594 = CARTESIAN_POINT('',(12.275938202032,18.210978513846,
    4.856428851379));
#1595 = CARTESIAN_POINT('',(12.752349922868,18.557004650793,
    4.768668668851));
#1596 = CARTESIAN_POINT('',(12.987597494235,18.705241173402,
    4.72455773832));
#1597 = CARTESIAN_POINT('',(13.239839864501,18.840349477281,
    4.676336788643));
#1598 = CARTESIAN_POINT('',(13.507686525154,18.959391115313,
    4.624043520251));
#1599 = CARTESIAN_POINT('',(13.789049501928,19.059760694041,
    4.567857674225));
#1600 = CARTESIAN_POINT('',(14.081349948244,19.139269466176,
    4.508086339864));
#1601 = CARTESIAN_POINT('',(14.381692309379,19.19621472915,4.4451502038)
  );
#1602 = CARTESIAN_POINT('',(14.687006049848,19.229435018966,
    4.379570735495));
#1603 = CARTESIAN_POINT('',(14.994154955078,19.238351114641,
    4.311958316261));
#1604 = CARTESIAN_POINT('',(15.300013993615,19.222992834986,
    4.243001303406));
#1605 = CARTESIAN_POINT('',(15.601513754299,19.184011646033,
    4.173456037924));
#1606 = CARTESIAN_POINT('',(15.895652445609,19.122679063685,
    4.104137788538));
#1607 = CARTESIAN_POINT('',(16.179475466745,19.040870862464,
    4.035912637317));
#1608 = CARTESIAN_POINT('',(16.723533315897,18.840109681645,
    3.90274254095));
#1609 = CARTESIAN_POINT('',(16.983324031172,18.720859459974,
    3.837879835247));
#1610 = CARTESIAN_POINT('',(17.228620790075,18.585410226835,
    3.775500685106));
#1611 = CARTESIAN_POINT('',(17.458948712508,18.435639040878,
    3.715928378418));
#1612 = CARTESIAN_POINT('',(17.674056499594,18.273222655122,
    3.659424538048));
#1613 = CARTESIAN_POINT('',(17.873852721547,18.09967607288,
    3.606200654682));
#1614 = CARTESIAN_POINT('',(18.058353838248,17.916383220308,
    3.556427606098));
#1615 = CARTESIAN_POINT('',(18.227643944378,17.724619729462,
    3.510243164334));
#1616 = CARTESIAN_POINT('',(18.381846248306,17.525567839235,
    3.467757488459));
#1617 = CARTESIAN_POINT('',(18.521106276121,17.32032340654,
    3.429056605953));
#1618 = CARTESIAN_POINT('',(18.645586807495,17.109895034628,
    3.394203879375));
#1619 = CARTESIAN_POINT('',(18.755474539105,16.895195313072,
    3.363239461414));
#1620 = CARTESIAN_POINT('',(18.850998477812,16.677024173247,
    3.336177735894));
#1621 = CARTESIAN_POINT('',(19.042822094611,16.156666661855,
    3.281605874546));
#1622 = CARTESIAN_POINT('',(19.127386152144,15.852062212144,
    3.257337613471));
#1623 = CARTESIAN_POINT('',(19.186724387322,15.543485237464,
    3.240189667972));
#1624 = CARTESIAN_POINT('',(19.221226425951,15.232256303277,
    3.230167325936));
#1625 = CARTESIAN_POINT('',(19.231100067288,14.919661436202,
    3.227283969712));
#1626 = CARTESIAN_POINT('',(19.216405823921,14.606946177166,
    3.231550503575));
#1627 = CARTESIAN_POINT('',(19.177104234828,14.295367995122,
    3.242963871375));
#1628 = CARTESIAN_POINT('',(19.113094890253,13.986270499337,
    3.261498840232));
#1629 = CARTESIAN_POINT('',(19.024226097322,13.681142880311,
    3.287107223445));
#1630 = CARTESIAN_POINT('',(18.910254129189,13.381628019603,
    3.319728719325));
#1631 = CARTESIAN_POINT('',(18.770730983836,13.089442697682,
    3.359317538754));
#1632 = CARTESIAN_POINT('',(18.60479959559,12.806173339254,3.40588899791
    ));
#1633 = CARTESIAN_POINT('',(18.410875427841,12.532910727433,
    3.459590249738));
#1634 = CARTESIAN_POINT('',(17.994897592275,12.045576785703,
    3.572913149816));
#1635 = CARTESIAN_POINT('',(17.780482944553,11.827782737369,
    3.630687702561));
#1636 = CARTESIAN_POINT('',(17.541340688071,11.619808501211,
    3.694324136981));
#1637 = CARTESIAN_POINT('',(17.277573201096,11.42572248546,
    3.763480542938));
#1638 = CARTESIAN_POINT('',(16.990529686545,11.249708115273,
    3.837446324194));
#1639 = CARTESIAN_POINT('',(16.682427850186,11.095745202841,
    3.915283084136));
#1640 = CARTESIAN_POINT('',(16.356062115005,10.967398154128,
    3.99593410371));
#1641 = CARTESIAN_POINT('',(16.014598931771,10.867686627969,
    4.078304494786));
#1642 = CARTESIAN_POINT('',(15.661459733911,10.799014239467,
    4.161314107794));
#1643 = CARTESIAN_POINT('',(15.3002920954,10.763130926912,4.243925276866
    ));
#1644 = CARTESIAN_POINT('',(14.935029643574,10.761104574527,
    4.325147482145));
#1645 = CARTESIAN_POINT('',(14.570041280917,10.793277506286,
    4.404021011181));
#1646 = CARTESIAN_POINT('',(14.210370271381,10.859183449158,
    4.479581700365));
#1647 = CARTESIAN_POINT('',(13.666130660111,11.012650714416,
    4.590876282295));
#1648 = CARTESIAN_POINT('',(13.474272010831,11.07799008379,
    4.629471284124));
#1649 = CARTESIAN_POINT('',(13.287878884916,11.152509854204,
    4.66636276426));
#1650 = CARTESIAN_POINT('',(13.107809608516,11.235460676355,
    4.701437039773));
#1651 = CARTESIAN_POINT('',(12.934554634791,11.326196163033,
    4.734660757278));
#1652 = CARTESIAN_POINT('',(12.768372102484,11.424127686139,
    4.766050306935));
#1653 = CARTESIAN_POINT('',(12.609394051796,11.528690477806,
    4.795647711564));
#1654 = CARTESIAN_POINT('',(12.457703316433,11.639321053159,4.8235029993
    ));
#1655 = CARTESIAN_POINT('',(12.31338106496,11.755445929213,
    4.849663047867));
#1656 = CARTESIAN_POINT('',(12.176525024219,11.876481671708,
    4.874166914957));
#1657 = CARTESIAN_POINT('',(12.047238350476,12.001846235742,
    4.89704763954));
#1658 = CARTESIAN_POINT('',(11.925589179277,12.130981631798,
    4.918340527819));
#1659 = CARTESIAN_POINT('',(11.811540829971,12.263387891981,
    4.938097913154));
#1660 = CARTESIAN_POINT('',(11.638659749055,12.482600922191,
    4.967772080745));
#1661 = CARTESIAN_POINT('',(11.575290710679,12.567667446146,
    4.978578171877));
#1662 = CARTESIAN_POINT('',(11.51470760448,12.653804960539,
    4.988844741071));
#1663 = CARTESIAN_POINT('',(11.456874714349,12.740951741991,
    4.998586948279));
#1664 = CARTESIAN_POINT('',(11.401758573383,12.829047314402,
    5.007819044789));
#1665 = CARTESIAN_POINT('',(11.349327955897,12.918032437732,
    5.016554369305));
#1666 = CARTESIAN_POINT('',(11.299553890376,13.007849126275,
    5.024805354305));
#1667 = CARTESIAN_POINT('',(11.252409641904,13.098440623744,
    5.032583517407));
#1668 = CARTESIAN_POINT('',(11.207870732348,13.189751432037,
    5.039899471301));
#1669 = CARTESIAN_POINT('',(11.165914920611,13.281727282955,
    5.046762914018));
#1670 = CARTESIAN_POINT('',(11.126522219106,13.374315161905,
    5.053182637063));
#1671 = CARTESIAN_POINT('',(11.089674882073,13.467463291024,
    5.05916651963));
#1672 = CARTESIAN_POINT('',(11.055357412565,13.561121139294,
    5.064721532077));
#1673 = CARTESIAN_POINT('',(11.007656132191,13.702298556646,
    5.072419835247));
#1674 = CARTESIAN_POINT('',(10.992383128622,13.749472421422,
    5.074880869623));
#1675 = CARTESIAN_POINT('',(10.977735970952,13.79675585115,
    5.077237475248));
#1676 = CARTESIAN_POINT('',(10.963713082293,13.844143685412,
    5.079490290283));
#1677 = CARTESIAN_POINT('',(10.950312884783,13.891630763207,
    5.081639952372));
#1678 = CARTESIAN_POINT('',(10.937533802317,13.939211924501,
    5.083687100089));
#1679 = CARTESIAN_POINT('',(10.92537425617,13.986882007931,
    5.085632370626));
#1680 = CARTESIAN_POINT('',(10.913832670892,14.034635853656,
    5.087476402895));
#1681 = CARTESIAN_POINT('',(10.902907467576,14.082468300378,
    5.089219834001));
#1682 = CARTESIAN_POINT('',(10.892597070406,14.130374187966,
    5.090863302657));
#1683 = CARTESIAN_POINT('',(10.882899901227,14.178348355508,
    5.092407446366));
#1684 = CARTESIAN_POINT('',(10.873814383372,14.226385642527,
    5.093852903395));
#1685 = CARTESIAN_POINT('',(10.86533893939,14.274480888346,
    5.095200311613));
#1686 = CARTESIAN_POINT('',(10.85353851855,14.346702954371,
    5.097075307775));
#1687 = CARTESIAN_POINT('',(10.849757335554,14.370790412359,
    5.097675874697));
#1688 = CARTESIAN_POINT('',(10.846128341158,14.394890754439,
    5.098252049487));
#1689 = CARTESIAN_POINT('',(10.842651433184,14.419003428595,
    5.098803871751));
#1690 = CARTESIAN_POINT('',(10.839326509862,14.443127883189,
    5.099331381255));
#1691 = CARTESIAN_POINT('',(10.836153468589,14.467263565734,
    5.099834617422));
#1692 = CARTESIAN_POINT('',(10.833132208148,14.491409925256,
    5.100313620273));
#1693 = CARTESIAN_POINT('',(10.830262625424,14.515566408592,
    5.100768428975));
#1694 = CARTESIAN_POINT('',(10.827544619455,14.539732465189,
    5.101199083701));
#1695 = CARTESIAN_POINT('',(10.824978087249,14.563907541909,
    5.101605623641));
#1696 = CARTESIAN_POINT('',(10.822562927404,14.588091087743,
    5.101988088784));
#1697 = CARTESIAN_POINT('',(10.820299037491,14.612282550231,
    5.102346518581));
#1698 = CARTESIAN_POINT('',(10.818186315617,14.636481377721,
    5.102680952778));
#1699 = CARTESIAN_POINT('',(10.815243831703,14.672789838446,
    5.103146670103));
#1700 = CARTESIAN_POINT('',(10.814300783318,14.684894371079,
    5.103295915136));
#1701 = CARTESIAN_POINT('',(10.813395508745,14.69700055088,
    5.103439168488));
#1702 = CARTESIAN_POINT('',(10.812528001912,14.709108312544,
    5.103576432493));
#1703 = CARTESIAN_POINT('',(10.811698257509,14.721217591034,
    5.103707709656));
#1704 = CARTESIAN_POINT('',(10.810906268722,14.733328320697,
    5.10383300212));
#1705 = CARTESIAN_POINT('',(10.81015203113,14.745440436961,
    5.103952312629));
#1706 = CARTESIAN_POINT('',(10.809435537178,14.757553873748,
    5.10406564312));
#1707 = CARTESIAN_POINT('',(10.808756782728,14.769668566686,
    5.104172996424));
#1708 = CARTESIAN_POINT('',(10.808115760524,14.78178444981,
    5.104274374546));
#1709 = CARTESIAN_POINT('',(10.80751246569,14.793901458386,
    5.104369780129));
#1710 = CARTESIAN_POINT('',(10.806946891842,14.806019526897,
    5.104459215406));
#1711 = CARTESIAN_POINT('',(10.806419033374,14.818138590229,
    5.104542682826));
#1712 = CARTESIAN_POINT('',(10.805683809864,14.836318579546,
    5.104658935711));
#1713 = CARTESIAN_POINT('',(10.805448163615,14.842378808758,
    5.10469619497));
#1714 = CARTESIAN_POINT('',(10.805221945429,14.84843926279,
    5.104731962685));
#1715 = CARTESIAN_POINT('',(10.805005154768,14.854499933555,
    5.104766238911));
#1716 = CARTESIAN_POINT('',(10.804797791975,14.860560813313,
    5.10479902396));
#1717 = CARTESIAN_POINT('',(10.80459985567,14.866621893636,
    5.104830317653));
#1718 = CARTESIAN_POINT('',(10.804411347205,14.872683167186,
    5.104860120567));
#1719 = CARTESIAN_POINT('',(10.804232264336,14.878744625214,
    5.104888432323));
#1720 = CARTESIAN_POINT('',(10.804062608787,14.884806260485,
    5.104915253547));
#1721 = CARTESIAN_POINT('',(10.8039023786,14.890868064404,5.10494058398)
  );
#1722 = CARTESIAN_POINT('',(10.803751574688,14.896930029405,
    5.104964424016));
#1723 = CARTESIAN_POINT('',(10.803610196093,14.902992147264,
    5.104986773648));
#1724 = CARTESIAN_POINT('',(10.803478242863,14.909054410115,
    5.105007633071));
#1725 = CARTESIAN_POINT('',(10.803233186359,14.921179209732,
    5.105046371727));
#1726 = CARTESIAN_POINT('',(10.803120083488,14.927032640104,
    5.105064250852));
#1727 = CARTESIAN_POINT('',(10.803016405232,14.934914532933,
    5.105080639915));
#1728 = CARTESIAN_POINT('',(10.802922155091,14.93302430157,
    5.105095538529));
#1729 = CARTESIAN_POINT('',(10.802837319663,14.961740410403,
    5.105108948634));
#1730 = CARTESIAN_POINT('',(10.802761934738,14.921590871058,
    5.105120864995));
#1731 = CARTESIAN_POINT('',(10.802695928336,14.998256474268,
    5.105131298506));
#1732 = CARTESIAN_POINT('',(10.802639410561,14.921756273136,
    5.105140232404));
#1733 = CARTESIAN_POINT('',(10.802592253079,15.002303297502,
    5.105147686404));
#1734 = CARTESIAN_POINT('',(10.802554569049,14.956717330393,
    5.105153643139));
#1735 = CARTESIAN_POINT('',(10.802526284915,14.989860041767,
    5.105158113903));
#1736 = CARTESIAN_POINT('',(10.80250743527,14.985572740439,
    5.105161093443));
#1737 = CARTESIAN_POINT('',(10.802498009232,14.99429888635,
    5.105162583388));
#1738 = CARTESIAN_POINT('',(10.802498009234,15.,5.105162583389));
#1739 = CARTESIAN_POINT('',(11.,15.,4.873651257748));
#1740 = CARTESIAN_POINT('',(11.000000000004,15.251264290163,
    4.873651257752));
#1741 = CARTESIAN_POINT('',(11.01697273304,15.502470549799,
    4.870893972658));
#1742 = CARTESIAN_POINT('',(11.050976816199,15.752964131197,
    4.865376034785));
#1743 = CARTESIAN_POINT('',(11.102053416263,16.00217175863,
    4.857068394498));
#1744 = CARTESIAN_POINT('',(11.170359497412,16.249476045617,
    4.845905950697));
#1745 = CARTESIAN_POINT('',(11.256193306384,16.494138458555,
    4.831786782529));
#1746 = CARTESIAN_POINT('',(11.359950946617,16.735261599642,4.8145768995
    ));
#1747 = CARTESIAN_POINT('',(11.482052870272,16.971781647986,
    4.794116420871));
#1748 = CARTESIAN_POINT('',(11.622879147374,17.202481844835,
    4.770223103734));
#1749 = CARTESIAN_POINT('',(11.782752336454,17.426017852945,
    4.742689129358));
#1750 = CARTESIAN_POINT('',(11.962006815589,17.64094587764,
    4.711267067072));
#1751 = CARTESIAN_POINT('',(12.161183403193,17.845744385694,
    4.675640926752));
#1752 = CARTESIAN_POINT('',(12.381388119769,18.038820298079,
    4.635378216934));
#1753 = CARTESIAN_POINT('',(12.829896047442,18.369805224328,
    4.551523466068));
#1754 = CARTESIAN_POINT('',(13.051360289208,18.511666251183,
    4.509456802989));
#1755 = CARTESIAN_POINT('',(13.288976513363,18.641412117867,
    4.463500448106));
#1756 = CARTESIAN_POINT('',(13.541564521837,18.756395154057,
    4.413673376167));
#1757 = CARTESIAN_POINT('',(13.807262214523,18.854141378609,
    4.360145693148));
#1758 = CARTESIAN_POINT('',(14.083722185123,18.932485817046,
    4.303215594729));
#1759 = CARTESIAN_POINT('',(14.368276760842,18.989683254672,
    4.243289615113));
#1760 = CARTESIAN_POINT('',(14.658071478912,19.024494410308,
    4.180866160023));
#1761 = CARTESIAN_POINT('',(14.950167009784,19.03624755142,
    4.116522332369));
#1762 = CARTESIAN_POINT('',(15.241609515368,19.024875526319,
    4.050904040594));
#1763 = CARTESIAN_POINT('',(15.529469453913,18.990928237621,
    3.984719399762));
#1764 = CARTESIAN_POINT('',(15.810848821757,18.935560536501,
    3.918735416721));
#1765 = CARTESIAN_POINT('',(16.08285683889,18.86049555246,3.8537779657)
  );
#1766 = CARTESIAN_POINT('',(16.605096149189,18.674417708784,
    3.727001534791));
#1767 = CARTESIAN_POINT('',(16.85504914987,18.563114204468,
    3.665223040296));
#1768 = CARTESIAN_POINT('',(17.091520937995,18.435995924699,
    3.60579500683));
#1769 = CARTESIAN_POINT('',(17.313947656072,18.294809059514,
    3.549032531751));
#1770 = CARTESIAN_POINT('',(17.522007872918,18.141136821832,
    3.495186748638));
#1771 = CARTESIAN_POINT('',(17.715550543313,17.976427383231,
    3.444458584178));
#1772 = CARTESIAN_POINT('',(17.894536776136,17.802015920471,
    3.39700989125));
#1773 = CARTESIAN_POINT('',(18.058995421268,17.619140780139,
    3.352971961365));
#1774 = CARTESIAN_POINT('',(18.20899245945,17.428953750511,
    3.312451411994));
#1775 = CARTESIAN_POINT('',(18.344614215628,17.232524454228,
    3.275533454194));
#1776 = CARTESIAN_POINT('',(18.465964373184,17.030838847422,
    3.242282534912));
#1777 = CARTESIAN_POINT('',(18.573174810153,16.824791838183,
    3.212740358971));
#1778 = CARTESIAN_POINT('',(18.666430240771,16.61517401455,
    3.186921286934));
#1779 = CARTESIAN_POINT('',(18.853814750055,16.114733864121,
    3.13484269302));
#1780 = CARTESIAN_POINT('',(18.936530534599,15.821390479218,
    3.111675989626));
#1781 = CARTESIAN_POINT('',(18.994528372071,15.524102642934,
    3.095315648523));
#1782 = CARTESIAN_POINT('',(19.02826180841,15.224122277641,
    3.085756610951));
#1783 = CARTESIAN_POINT('',(19.037988469914,14.922644487319,
    3.083002088633));
#1784 = CARTESIAN_POINT('',(19.023711549357,14.620922673432,
    3.08706420599));
#1785 = CARTESIAN_POINT('',(18.985259782689,14.320331196043,
    3.097950981988));
#1786 = CARTESIAN_POINT('',(18.922427822213,14.022379577336,
    3.115649324932));
#1787 = CARTESIAN_POINT('',(18.835098879181,13.728682244707,
    3.140113714292));
#1788 = CARTESIAN_POINT('',(18.723271550848,13.440887811666,
    3.171270242992));
#1789 = CARTESIAN_POINT('',(18.586912700961,13.160571892836,
    3.209045694048));
#1790 = CARTESIAN_POINT('',(18.425558305916,12.88909745154,
    3.253431325165));
#1791 = CARTESIAN_POINT('',(18.237584144018,12.627446676668,
    3.304591035091));
#1792 = CARTESIAN_POINT('',(17.833022317043,12.161969172154,
    3.412773449624));
#1793 = CARTESIAN_POINT('',(17.624744705432,11.955304221838,
    3.467843102188));
#1794 = CARTESIAN_POINT('',(17.393080366909,11.758237160645,
    3.528465745399));
#1795 = CARTESIAN_POINT('',(17.138199352796,11.574615550553,
    3.594343243694));
#1796 = CARTESIAN_POINT('',(16.861391432765,11.40871210771,
    3.664805268109));
#1797 = CARTESIAN_POINT('',(16.564821502761,11.264504484919,
    3.738947385933));
#1798 = CARTESIAN_POINT('',(16.251277396323,11.145338208798,
    3.815745731005));
#1799 = CARTESIAN_POINT('',(15.92394176835,11.053857366535,
    3.894145898586));
#1800 = CARTESIAN_POINT('',(15.58621967409,10.992087631527,
    3.973123697373));
#1801 = CARTESIAN_POINT('',(15.24165352002,10.961556221286,
    4.051715404292));
#1802 = CARTESIAN_POINT('',(14.893957009296,10.963333379578,
    4.129015154807));
#1803 = CARTESIAN_POINT('',(14.547199751174,10.99787997351,
    4.204137112448));
#1804 = CARTESIAN_POINT('',(14.206174168842,11.064585799166,
    4.276140053229));
#1805 = CARTESIAN_POINT('',(13.691792519955,11.215053414069,
    4.382035803419));
#1806 = CARTESIAN_POINT('',(13.510359370869,11.278654190019,
    4.418811833473));
#1807 = CARTESIAN_POINT('',(13.334232163232,11.350862855634,
    4.45398496368));
#1808 = CARTESIAN_POINT('',(13.164308340842,11.430969736533,
    4.487431161373));
#1809 = CARTESIAN_POINT('',(13.001041764651,11.51834202487,
    4.519115002309));
#1810 = CARTESIAN_POINT('',(12.844618068784,11.612394887547,
    4.549054731113));
#1811 = CARTESIAN_POINT('',(12.695091146034,11.712569790139,
    4.57729487093));
#1812 = CARTESIAN_POINT('',(12.552480772058,11.81832005334,4.60388638628
    ));
#1813 = CARTESIAN_POINT('',(12.416831354831,11.929103617886,
    4.628874393254));
#1814 = CARTESIAN_POINT('',(12.288231826084,12.044383047456,
    4.652293424401));
#1815 = CARTESIAN_POINT('',(12.16679665686,12.163632738385,
    4.674170240388));
#1816 = CARTESIAN_POINT('',(12.052608013627,12.28635336458,
    4.694534195783));
#1817 = CARTESIAN_POINT('',(11.94561904189,12.412093535349,
    4.713435153074));
#1818 = CARTESIAN_POINT('',(11.783412395867,12.620133162781,
    4.741847508304));
#1819 = CARTESIAN_POINT('',(11.723979108581,12.700816998938,
    4.752196065258));
#1820 = CARTESIAN_POINT('',(11.667176866327,12.78247455023,
    4.762029986263));
#1821 = CARTESIAN_POINT('',(11.612966975093,12.865051064757,
    4.771363732109));
#1822 = CARTESIAN_POINT('',(11.56131360948,12.948492683242,
    4.780210859676));
#1823 = CARTESIAN_POINT('',(11.512183803643,13.032746428958,
    4.78858401856));
#1824 = CARTESIAN_POINT('',(11.465547466067,13.117760224021,
    4.796494956514));
#1825 = CARTESIAN_POINT('',(11.421377359403,13.203482867346,
    4.803954512112));
#1826 = CARTESIAN_POINT('',(11.379649123765,13.289864059892,
    4.810972623113));
#1827 = CARTESIAN_POINT('',(11.340341253807,13.376854380045,
    4.817558318355));
#1828 = CARTESIAN_POINT('',(11.303435117958,13.464405304089,
    4.823719724441));
#1829 = CARTESIAN_POINT('',(11.268914944701,13.552469191729,
    4.829464061057));
#1830 = CARTESIAN_POINT('',(11.23676783082,13.640999294728,
    4.834797643735));
#1831 = CARTESIAN_POINT('',(11.192091690533,13.774424981577,
    4.842190001883));
#1832 = CARTESIAN_POINT('',(11.177787867771,13.819005005453,
    4.844553434666));
#1833 = CARTESIAN_POINT('',(11.164070731492,13.863685101421,
    4.846816772912));
#1834 = CARTESIAN_POINT('',(11.150938744592,13.908460547257,
    4.848980608813));
#1835 = CARTESIAN_POINT('',(11.13839036905,13.953326619365,4.85104553429
    ));
#1836 = CARTESIAN_POINT('',(11.1264240685,13.998278596638,4.853012141726
    ));
#1837 = CARTESIAN_POINT('',(11.115038304089,14.043311754228,
    4.854881022852));
#1838 = CARTESIAN_POINT('',(11.104231540113,14.08842137201,
    4.856652770168));
#1839 = CARTESIAN_POINT('',(11.094002237489,14.133602724814,
    4.858327975411));
#1840 = CARTESIAN_POINT('',(11.084348860211,14.178851092041,
    4.859907230958));
#1841 = CARTESIAN_POINT('',(11.075269869903,14.224161749587,
    4.86139112873));
#1842 = CARTESIAN_POINT('',(11.066763729719,14.269529975605,
    4.862780260925));
#1843 = CARTESIAN_POINT('',(11.058828902,14.314951047046,4.864075219598)
  );
#1844 = CARTESIAN_POINT('',(11.047781323145,14.383154838539,
    4.865877285499));
#1845 = CARTESIAN_POINT('',(11.04424140354,14.40590169181,4.866454505599
    ));
#1846 = CARTESIAN_POINT('',(11.040843991766,14.428660298451,
    4.867008294018));
#1847 = CARTESIAN_POINT('',(11.037588988928,14.451430155566,
    4.867538687451));
#1848 = CARTESIAN_POINT('',(11.034476296252,14.474210760672,
    4.868045722988));
#1849 = CARTESIAN_POINT('',(11.031505814688,14.497001610422,
    4.868529436941));
#1850 = CARTESIAN_POINT('',(11.02867744569,14.519802202936,4.86898986687
    ));
#1851 = CARTESIAN_POINT('',(11.025991089979,14.542612034291,
    4.869427048678));
#1852 = CARTESIAN_POINT('',(11.023446649141,14.565430602922,
    4.869841020108));
#1853 = CARTESIAN_POINT('',(11.021044023919,14.588257404992,
    4.870231817184));
#1854 = CARTESIAN_POINT('',(11.01878311574,14.611091938495,
    4.870599477281));
#1855 = CARTESIAN_POINT('',(11.01666382557,14.633933700197,
    4.870944036887));
#1856 = CARTESIAN_POINT('',(11.01468605463,14.656782187539,
    4.871265532969));
#1857 = CARTESIAN_POINT('',(11.011931528728,14.691064252733,
    4.871713236948));
#1858 = CARTESIAN_POINT('',(11.011048721314,14.702493171929,4.8718567102
    ));
#1859 = CARTESIAN_POINT('',(11.010201276146,14.713923595907,
    4.871994424252));
#1860 = CARTESIAN_POINT('',(11.009389187559,14.725355465289,
    4.872126381303));
#1861 = CARTESIAN_POINT('',(11.008612449998,14.736788720822,
    4.872252583595));
#1862 = CARTESIAN_POINT('',(11.007871057616,14.748223302943,
    4.872373033256));
#1863 = CARTESIAN_POINT('',(11.007165005125,14.75965915264,
    4.872487732627));
#1864 = CARTESIAN_POINT('',(11.006494286406,14.771096210152,
    4.872596683746));
#1865 = CARTESIAN_POINT('',(11.005858896332,14.78253441652,4.87269988899
    ));
#1866 = CARTESIAN_POINT('',(11.005258828812,14.793973712099,
    4.872797350433));
#1867 = CARTESIAN_POINT('',(11.004694078519,14.805414037711,
    4.872889070367));
#1868 = CARTESIAN_POINT('',(11.004164639637,14.816855333933,
    4.872975050958));
#1869 = CARTESIAN_POINT('',(11.003670506594,14.828297541432,
    4.873055294429));
#1870 = CARTESIAN_POINT('',(11.002982257303,14.845462130575,
    4.873167057263));
#1871 = CARTESIAN_POINT('',(11.002761666771,14.851183873622,
    4.873202877505));
#1872 = CARTESIAN_POINT('',(11.002549901974,14.856905822839,
    4.873237263858));
#1873 = CARTESIAN_POINT('',(11.002346962347,14.86262797069,
    4.873270216377));
#1874 = CARTESIAN_POINT('',(11.00215284832,14.868350310546,
    4.873301735336));
#1875 = CARTESIAN_POINT('',(11.001967558406,14.874072834059,
    4.873331820597));
#1876 = CARTESIAN_POINT('',(11.00179109412,14.879795535525,
    4.873360472652));
#1877 = CARTESIAN_POINT('',(11.001623453072,14.88551840587,
    4.873387691196));
#1878 = CARTESIAN_POINT('',(11.001464637138,14.891241439618,
    4.873413476768));
#1879 = CARTESIAN_POINT('',(11.001314644262,14.896964628061,
    4.873437829155));
#1880 = CARTESIAN_POINT('',(11.001173475444,14.902687964934,
    4.873460748708));
#1881 = CARTESIAN_POINT('',(11.001041129694,14.908411442424,
    4.873482235423));
#1882 = CARTESIAN_POINT('',(11.000917607093,14.914135053533,
    4.873502289482));
#1883 = CARTESIAN_POINT('',(11.00068820742,14.925582528292,
    4.873539532492));
#1884 = CARTESIAN_POINT('',(11.000582330712,14.931108963333,
    4.873556721354));
#1885 = CARTESIAN_POINT('',(11.000485276874,14.938550576371,
    4.873572477606));
#1886 = CARTESIAN_POINT('',(11.000397046231,14.93676579785,
    4.873586801419));
#1887 = CARTESIAN_POINT('',(11.000317637903,14.963878112329,
    4.873599692623));
#1888 = CARTESIAN_POINT('',(11.000247053226,14.925970655376,
    4.873611151636));
#1889 = CARTESIAN_POINT('',(11.000185290351,14.998354667879,
    4.873621177974));
#1890 = CARTESIAN_POINT('',(11.00013235143,14.926126589402,
    4.873629772267));
#1891 = CARTESIAN_POINT('',(11.000088234473,15.002175258424,
    4.873636933938));
#1892 = CARTESIAN_POINT('',(11.000052941244,14.95913497244,
    4.873642663481));
#1893 = CARTESIAN_POINT('',(11.00002647071,14.990426673874,
    4.873646960562));
#1894 = CARTESIAN_POINT('',(11.00000882367,14.986378683137,
    4.873649825352));
#1895 = CARTESIAN_POINT('',(10.999999999997,14.994617389344,
    4.87365125775));
#1896 = CARTESIAN_POINT('',(11.,15.,4.873651257751));
#1897 = ADVANCED_FACE('',(#1898),#1917,.F.);
#1898 = FACE_BOUND('',#1899,.T.);
#1899 = EDGE_LOOP('',(#1900,#1908,#1915,#1916));
#1900 = ORIENTED_EDGE('',*,*,#1901,.F.);
#1901 = EDGE_CURVE('',#1902,#496,#1904,.T.);
#1902 = VERTEX_POINT('',#1903);
#1903 = CARTESIAN_POINT('',(-19.,-15.,3.));
#1904 = LINE('',#1905,#1906);
#1905 = CARTESIAN_POINT('',(-19.,-15.,3.));
#1906 = VECTOR('',#1907,1.);
#1907 = DIRECTION('',(5.E-17,0.,1.));
#1908 = ORIENTED_EDGE('',*,*,#1909,.T.);
#1909 = EDGE_CURVE('',#1902,#1902,#1910,.T.);
#1910 = CIRCLE('',#1911,4.);
#1911 = AXIS2_PLACEMENT_3D('',#1912,#1913,#1914);
#1912 = CARTESIAN_POINT('',(-15.,-15.,3.));
#1913 = DIRECTION('',(0.,0.,-1.));
#1914 = DIRECTION('',(-1.,0.,0.));
#1915 = ORIENTED_EDGE('',*,*,#1901,.T.);
#1916 = ORIENTED_EDGE('',*,*,#502,.F.);
#1917 = CYLINDRICAL_SURFACE('',#1918,4.);
#1918 = AXIS2_PLACEMENT_3D('',#1919,#1920,#1921);
#1919 = CARTESIAN_POINT('',(-15.,-15.,3.));
#1920 = DIRECTION('',(0.,0.,1.));
#1921 = DIRECTION('',(-1.,0.,0.));
#1922 = ADVANCED_FACE('',(#1923),#1933,.F.);
#1923 = FACE_BOUND('',#1924,.F.);
#1924 = EDGE_LOOP('',(#1925,#1931,#1932));
#1925 = ORIENTED_EDGE('',*,*,#1926,.F.);
#1926 = EDGE_CURVE('',#986,#1029,#1927,.T.);
#1927 = LINE('',#1928,#1929);
#1928 = CARTESIAN_POINT('',(-19.78345078172,19.716549218279,
    2.555277431592));
#1929 = VECTOR('',#1930,1.);
#1930 = DIRECTION('',(-0.695862007554,-0.695862007554,-0.177629200541));
#1931 = ORIENTED_EDGE('',*,*,#985,.T.);
#1932 = ORIENTED_EDGE('',*,*,#1036,.F.);
#1933 = PLANE('',#1934);
#1934 = AXIS2_PLACEMENT_3D('',#1935,#1936,#1937);
#1935 = CARTESIAN_POINT('',(-19.5,20.,2.627632489353));
#1936 = DIRECTION('',(0.67247067283,-0.544508329055,-0.501292203983));
#1937 = DIRECTION('',(0.597661944255,1.93289478845E-17,0.801748215083));
#1938 = ADVANCED_FACE('',(#1939),#1996,.F.);
#1939 = FACE_BOUND('',#1940,.F.);
#1940 = EDGE_LOOP('',(#1941,#1951,#1957,#1958,#1966,#1974,#1982,#1990));
#1941 = ORIENTED_EDGE('',*,*,#1942,.F.);
#1942 = EDGE_CURVE('',#1943,#1945,#1947,.T.);
#1943 = VERTEX_POINT('',#1944);
#1944 = CARTESIAN_POINT('',(19.5,20.,0.5));
#1945 = VERTEX_POINT('',#1946);
#1946 = CARTESIAN_POINT('',(13.25,20.,0.5));
#1947 = LINE('',#1948,#1949);
#1948 = CARTESIAN_POINT('',(20.,20.,0.5));
#1949 = VECTOR('',#1950,1.);
#1950 = DIRECTION('',(-1.,0.,0.));
#1951 = ORIENTED_EDGE('',*,*,#1952,.T.);
#1952 = EDGE_CURVE('',#1943,#996,#1953,.T.);
#1953 = LINE('',#1954,#1955);
#1954 = CARTESIAN_POINT('',(19.5,20.,0.));
#1955 = VECTOR('',#1956,1.);
#1956 = DIRECTION('',(0.,0.,1.));
#1957 = ORIENTED_EDGE('',*,*,#1004,.F.);
#1958 = ORIENTED_EDGE('',*,*,#1959,.F.);
#1959 = EDGE_CURVE('',#1960,#986,#1962,.T.);
#1960 = VERTEX_POINT('',#1961);
#1961 = CARTESIAN_POINT('',(-19.5,20.,0.5));
#1962 = LINE('',#1963,#1964);
#1963 = CARTESIAN_POINT('',(-19.5,20.,0.));
#1964 = VECTOR('',#1965,1.);
#1965 = DIRECTION('',(0.,0.,1.));
#1966 = ORIENTED_EDGE('',*,*,#1967,.F.);
#1967 = EDGE_CURVE('',#1968,#1960,#1970,.T.);
#1968 = VERTEX_POINT('',#1969);
#1969 = CARTESIAN_POINT('',(-13.25,20.,0.5));
#1970 = LINE('',#1971,#1972);
#1971 = CARTESIAN_POINT('',(-12.75,20.,0.5));
#1972 = VECTOR('',#1973,1.);
#1973 = DIRECTION('',(-1.,0.,0.));
#1974 = ORIENTED_EDGE('',*,*,#1975,.F.);
#1975 = EDGE_CURVE('',#1976,#1968,#1978,.T.);
#1976 = VERTEX_POINT('',#1977);
#1977 = CARTESIAN_POINT('',(-13.25,20.,2.));
#1978 = LINE('',#1979,#1980);
#1979 = CARTESIAN_POINT('',(-13.25,20.,1.5));
#1980 = VECTOR('',#1981,1.);
#1981 = DIRECTION('',(0.,0.,-1.));
#1982 = ORIENTED_EDGE('',*,*,#1983,.F.);
#1983 = EDGE_CURVE('',#1984,#1976,#1986,.T.);
#1984 = VERTEX_POINT('',#1985);
#1985 = CARTESIAN_POINT('',(13.25,20.,2.));
#1986 = LINE('',#1987,#1988);
#1987 = CARTESIAN_POINT('',(12.75,20.,2.));
#1988 = VECTOR('',#1989,1.);
#1989 = DIRECTION('',(-1.,0.,0.));
#1990 = ORIENTED_EDGE('',*,*,#1991,.T.);
#1991 = EDGE_CURVE('',#1984,#1945,#1992,.T.);
#1992 = LINE('',#1993,#1994);
#1993 = CARTESIAN_POINT('',(13.25,20.,1.5));
#1994 = VECTOR('',#1995,1.);
#1995 = DIRECTION('',(0.,0.,-1.));
#1996 = PLANE('',#1997);
#1997 = AXIS2_PLACEMENT_3D('',#1998,#1999,#2000);
#1998 = CARTESIAN_POINT('',(20.,20.,0.));
#1999 = DIRECTION('',(0.,-1.,0.));
#2000 = DIRECTION('',(-1.,0.,0.));
#2001 = ADVANCED_FACE('',(#2002),#2012,.F.);
#2002 = FACE_BOUND('',#2003,.F.);
#2003 = EDGE_LOOP('',(#2004,#2005,#2011));
#2004 = ORIENTED_EDGE('',*,*,#995,.F.);
#2005 = ORIENTED_EDGE('',*,*,#2006,.T.);
#2006 = EDGE_CURVE('',#996,#1051,#2007,.T.);
#2007 = LINE('',#2008,#2009);
#2008 = CARTESIAN_POINT('',(19.783450781717,19.716549218283,
    2.555277431589));
#2009 = VECTOR('',#2010,1.);
#2010 = DIRECTION('',(0.695862007555,-0.695862007555,-0.177629200536));
#2011 = ORIENTED_EDGE('',*,*,#1067,.F.);
#2012 = PLANE('',#2013);
#2013 = AXIS2_PLACEMENT_3D('',#2014,#2015,#2016);
#2014 = CARTESIAN_POINT('',(19.5,20.,2.627632489346));
#2015 = DIRECTION('',(-0.672470672828,-0.544508329055,-0.501292203985));
#2016 = DIRECTION('',(0.597661944258,2.676114752319E-17,-0.801748215081)
  );
#2017 = ADVANCED_FACE('',(#2018),#2028,.F.);
#2018 = FACE_BOUND('',#2019,.F.);
#2019 = EDGE_LOOP('',(#2020,#2021,#2027));
#2020 = ORIENTED_EDGE('',*,*,#1081,.F.);
#2021 = ORIENTED_EDGE('',*,*,#2022,.T.);
#2022 = EDGE_CURVE('',#1082,#1021,#2023,.T.);
#2023 = LINE('',#2024,#2025);
#2024 = CARTESIAN_POINT('',(-19.78345078172,-19.71654921827,
    2.555277431592));
#2025 = VECTOR('',#2026,1.);
#2026 = DIRECTION('',(-0.695862007554,0.695862007554,-0.177629200541));
#2027 = ORIENTED_EDGE('',*,*,#1020,.F.);
#2028 = PLANE('',#2029);
#2029 = AXIS2_PLACEMENT_3D('',#2030,#2031,#2032);
#2030 = CARTESIAN_POINT('',(-19.5,-20.,2.627632489353));
#2031 = DIRECTION('',(0.67247067283,0.544508329055,-0.501292203983));
#2032 = DIRECTION('',(-0.597661944255,-3.315576784808E-17,
    -0.801748215083));
#2033 = ADVANCED_FACE('',(#2034),#2059,.F.);
#2034 = FACE_BOUND('',#2035,.F.);
#2035 = EDGE_LOOP('',(#2036,#2044,#2045,#2053));
#2036 = ORIENTED_EDGE('',*,*,#2037,.T.);
#2037 = EDGE_CURVE('',#2038,#1029,#2040,.T.);
#2038 = VERTEX_POINT('',#2039);
#2039 = CARTESIAN_POINT('',(-20.,19.5,0.5));
#2040 = LINE('',#2041,#2042);
#2041 = CARTESIAN_POINT('',(-20.,19.5,0.));
#2042 = VECTOR('',#2043,1.);
#2043 = DIRECTION('',(0.,0.,1.));
#2044 = ORIENTED_EDGE('',*,*,#1028,.T.);
#2045 = ORIENTED_EDGE('',*,*,#2046,.F.);
#2046 = EDGE_CURVE('',#2047,#1021,#2049,.T.);
#2047 = VERTEX_POINT('',#2048);
#2048 = CARTESIAN_POINT('',(-20.,-19.5,0.5));
#2049 = LINE('',#2050,#2051);
#2050 = CARTESIAN_POINT('',(-20.,-19.5,0.));
#2051 = VECTOR('',#2052,1.);
#2052 = DIRECTION('',(0.,0.,1.));
#2053 = ORIENTED_EDGE('',*,*,#2054,.F.);
#2054 = EDGE_CURVE('',#2038,#2047,#2055,.T.);
#2055 = LINE('',#2056,#2057);
#2056 = CARTESIAN_POINT('',(-20.,20.,0.5));
#2057 = VECTOR('',#2058,1.);
#2058 = DIRECTION('',(0.,-1.,0.));
#2059 = PLANE('',#2060);
#2060 = AXIS2_PLACEMENT_3D('',#2061,#2062,#2063);
#2061 = CARTESIAN_POINT('',(-20.,20.,0.));
#2062 = DIRECTION('',(1.,0.,0.));
#2063 = DIRECTION('',(0.,-1.,0.));
#2064 = ADVANCED_FACE('',(#2065),#2090,.F.);
#2065 = FACE_BOUND('',#2066,.F.);
#2066 = EDGE_LOOP('',(#2067,#2075,#2083,#2089));
#2067 = ORIENTED_EDGE('',*,*,#2068,.F.);
#2068 = EDGE_CURVE('',#2069,#1051,#2071,.T.);
#2069 = VERTEX_POINT('',#2070);
#2070 = CARTESIAN_POINT('',(20.,19.5,0.5));
#2071 = LINE('',#2072,#2073);
#2072 = CARTESIAN_POINT('',(20.,19.5,0.));
#2073 = VECTOR('',#2074,1.);
#2074 = DIRECTION('',(0.,0.,1.));
#2075 = ORIENTED_EDGE('',*,*,#2076,.F.);
#2076 = EDGE_CURVE('',#2077,#2069,#2079,.T.);
#2077 = VERTEX_POINT('',#2078);
#2078 = CARTESIAN_POINT('',(20.,-19.5,0.5));
#2079 = LINE('',#2080,#2081);
#2080 = CARTESIAN_POINT('',(20.,-20.,0.5));
#2081 = VECTOR('',#2082,1.);
#2082 = DIRECTION('',(0.,1.,0.));
#2083 = ORIENTED_EDGE('',*,*,#2084,.T.);
#2084 = EDGE_CURVE('',#2077,#1053,#2085,.T.);
#2085 = LINE('',#2086,#2087);
#2086 = CARTESIAN_POINT('',(20.,-19.5,0.));
#2087 = VECTOR('',#2088,1.);
#2088 = DIRECTION('',(0.,0.,1.));
#2089 = ORIENTED_EDGE('',*,*,#1050,.F.);
#2090 = PLANE('',#2091);
#2091 = AXIS2_PLACEMENT_3D('',#2092,#2093,#2094);
#2092 = CARTESIAN_POINT('',(20.,-20.,0.));
#2093 = DIRECTION('',(-1.,0.,0.));
#2094 = DIRECTION('',(0.,1.,0.));
#2095 = ADVANCED_FACE('',(#2096),#2106,.F.);
#2096 = FACE_BOUND('',#2097,.F.);
#2097 = EDGE_LOOP('',(#2098,#2104,#2105));
#2098 = ORIENTED_EDGE('',*,*,#2099,.F.);
#2099 = EDGE_CURVE('',#1091,#1053,#2100,.T.);
#2100 = LINE('',#2101,#2102);
#2101 = CARTESIAN_POINT('',(19.783450781717,-19.71654921828,
    2.555277431589));
#2102 = VECTOR('',#2103,1.);
#2103 = DIRECTION('',(0.695862007555,0.695862007555,-0.177629200536));
#2104 = ORIENTED_EDGE('',*,*,#1099,.T.);
#2105 = ORIENTED_EDGE('',*,*,#1060,.F.);
#2106 = PLANE('',#2107);
#2107 = AXIS2_PLACEMENT_3D('',#2108,#2109,#2110);
#2108 = CARTESIAN_POINT('',(19.5,-20.,2.627632489346));
#2109 = DIRECTION('',(-0.672470672828,0.544508329055,-0.501292203985));
#2110 = DIRECTION('',(-0.597661944258,-8.992058452207E-17,0.801748215081
    ));
#2111 = ADVANCED_FACE('',(#2112),#2169,.F.);
#2112 = FACE_BOUND('',#2113,.F.);
#2113 = EDGE_LOOP('',(#2114,#2122,#2130,#2138,#2146,#2154,#2162,#2168));
#2114 = ORIENTED_EDGE('',*,*,#2115,.F.);
#2115 = EDGE_CURVE('',#2116,#1091,#2118,.T.);
#2116 = VERTEX_POINT('',#2117);
#2117 = CARTESIAN_POINT('',(19.5,-20.,0.5));
#2118 = LINE('',#2119,#2120);
#2119 = CARTESIAN_POINT('',(19.5,-20.,0.));
#2120 = VECTOR('',#2121,1.);
#2121 = DIRECTION('',(0.,0.,1.));
#2122 = ORIENTED_EDGE('',*,*,#2123,.F.);
#2123 = EDGE_CURVE('',#2124,#2116,#2126,.T.);
#2124 = VERTEX_POINT('',#2125);
#2125 = CARTESIAN_POINT('',(13.25,-20.,0.5));
#2126 = LINE('',#2127,#2128);
#2127 = CARTESIAN_POINT('',(12.75,-20.,0.5));
#2128 = VECTOR('',#2129,1.);
#2129 = DIRECTION('',(1.,0.,0.));
#2130 = ORIENTED_EDGE('',*,*,#2131,.F.);
#2131 = EDGE_CURVE('',#2132,#2124,#2134,.T.);
#2132 = VERTEX_POINT('',#2133);
#2133 = CARTESIAN_POINT('',(13.25,-20.,2.));
#2134 = LINE('',#2135,#2136);
#2135 = CARTESIAN_POINT('',(13.25,-20.,1.5));
#2136 = VECTOR('',#2137,1.);
#2137 = DIRECTION('',(0.,-2.2E-16,-1.));
#2138 = ORIENTED_EDGE('',*,*,#2139,.T.);
#2139 = EDGE_CURVE('',#2132,#2140,#2142,.T.);
#2140 = VERTEX_POINT('',#2141);
#2141 = CARTESIAN_POINT('',(-13.25,-20.,2.));
#2142 = LINE('',#2143,#2144);
#2143 = CARTESIAN_POINT('',(12.75,-20.,2.));
#2144 = VECTOR('',#2145,1.);
#2145 = DIRECTION('',(-1.,0.,0.));
#2146 = ORIENTED_EDGE('',*,*,#2147,.T.);
#2147 = EDGE_CURVE('',#2140,#2148,#2150,.T.);
#2148 = VERTEX_POINT('',#2149);
#2149 = CARTESIAN_POINT('',(-13.25,-20.,0.5));
#2150 = LINE('',#2151,#2152);
#2151 = CARTESIAN_POINT('',(-13.25,-20.,1.5));
#2152 = VECTOR('',#2153,1.);
#2153 = DIRECTION('',(0.,-2.2E-16,-1.));
#2154 = ORIENTED_EDGE('',*,*,#2155,.F.);
#2155 = EDGE_CURVE('',#2156,#2148,#2158,.T.);
#2156 = VERTEX_POINT('',#2157);
#2157 = CARTESIAN_POINT('',(-19.5,-20.,0.5));
#2158 = LINE('',#2159,#2160);
#2159 = CARTESIAN_POINT('',(-20.,-20.,0.5));
#2160 = VECTOR('',#2161,1.);
#2161 = DIRECTION('',(1.,0.,0.));
#2162 = ORIENTED_EDGE('',*,*,#2163,.T.);
#2163 = EDGE_CURVE('',#2156,#1082,#2164,.T.);
#2164 = LINE('',#2165,#2166);
#2165 = CARTESIAN_POINT('',(-19.5,-20.,0.));
#2166 = VECTOR('',#2167,1.);
#2167 = DIRECTION('',(0.,0.,1.));
#2168 = ORIENTED_EDGE('',*,*,#1090,.T.);
#2169 = PLANE('',#2170);
#2170 = AXIS2_PLACEMENT_3D('',#2171,#2172,#2173);
#2171 = CARTESIAN_POINT('',(-20.,-20.,0.));
#2172 = DIRECTION('',(0.,1.,0.));
#2173 = DIRECTION('',(1.,0.,0.));
#2174 = ADVANCED_FACE('',(#2175),#2194,.F.);
#2175 = FACE_BOUND('',#2176,.T.);
#2176 = EDGE_LOOP('',(#2177,#2185,#2192,#2193));
#2177 = ORIENTED_EDGE('',*,*,#2178,.F.);
#2178 = EDGE_CURVE('',#2179,#1116,#2181,.T.);
#2179 = VERTEX_POINT('',#2180);
#2180 = CARTESIAN_POINT('',(-19.,15.,3.));
#2181 = LINE('',#2182,#2183);
#2182 = CARTESIAN_POINT('',(-19.,15.,3.));
#2183 = VECTOR('',#2184,1.);
#2184 = DIRECTION('',(5.E-17,0.,1.));
#2185 = ORIENTED_EDGE('',*,*,#2186,.T.);
#2186 = EDGE_CURVE('',#2179,#2179,#2187,.T.);
#2187 = CIRCLE('',#2188,4.);
#2188 = AXIS2_PLACEMENT_3D('',#2189,#2190,#2191);
#2189 = CARTESIAN_POINT('',(-15.,15.,3.));
#2190 = DIRECTION('',(0.,0.,-1.));
#2191 = DIRECTION('',(-1.,0.,0.));
#2192 = ORIENTED_EDGE('',*,*,#2178,.T.);
#2193 = ORIENTED_EDGE('',*,*,#1122,.F.);
#2194 = CYLINDRICAL_SURFACE('',#2195,4.);
#2195 = AXIS2_PLACEMENT_3D('',#2196,#2197,#2198);
#2196 = CARTESIAN_POINT('',(-15.,15.,3.));
#2197 = DIRECTION('',(0.,0.,1.));
#2198 = DIRECTION('',(-1.,0.,0.));
#2199 = ADVANCED_FACE('',(#2200),#2219,.F.);
#2200 = FACE_BOUND('',#2201,.T.);
#2201 = EDGE_LOOP('',(#2202,#2210,#2217,#2218));
#2202 = ORIENTED_EDGE('',*,*,#2203,.F.);
#2203 = EDGE_CURVE('',#2204,#1264,#2206,.T.);
#2204 = VERTEX_POINT('',#2205);
#2205 = CARTESIAN_POINT('',(11.,-15.,3.));
#2206 = LINE('',#2207,#2208);
#2207 = CARTESIAN_POINT('',(11.,-15.,3.));
#2208 = VECTOR('',#2209,1.);
#2209 = DIRECTION('',(5.E-17,0.,1.));
#2210 = ORIENTED_EDGE('',*,*,#2211,.T.);
#2211 = EDGE_CURVE('',#2204,#2204,#2212,.T.);
#2212 = CIRCLE('',#2213,4.);
#2213 = AXIS2_PLACEMENT_3D('',#2214,#2215,#2216);
#2214 = CARTESIAN_POINT('',(15.,-15.,3.));
#2215 = DIRECTION('',(0.,0.,-1.));
#2216 = DIRECTION('',(-1.,0.,0.));
#2217 = ORIENTED_EDGE('',*,*,#2203,.T.);
#2218 = ORIENTED_EDGE('',*,*,#1270,.F.);
#2219 = CYLINDRICAL_SURFACE('',#2220,4.);
#2220 = AXIS2_PLACEMENT_3D('',#2221,#2222,#2223);
#2221 = CARTESIAN_POINT('',(15.,-15.,3.));
#2222 = DIRECTION('',(0.,0.,1.));
#2223 = DIRECTION('',(-1.,0.,0.));
#2224 = ADVANCED_FACE('',(#2225),#2244,.F.);
#2225 = FACE_BOUND('',#2226,.T.);
#2226 = EDGE_LOOP('',(#2227,#2235,#2242,#2243));
#2227 = ORIENTED_EDGE('',*,*,#2228,.F.);
#2228 = EDGE_CURVE('',#2229,#1412,#2231,.T.);
#2229 = VERTEX_POINT('',#2230);
#2230 = CARTESIAN_POINT('',(11.,15.,3.));
#2231 = LINE('',#2232,#2233);
#2232 = CARTESIAN_POINT('',(11.,15.,3.));
#2233 = VECTOR('',#2234,1.);
#2234 = DIRECTION('',(5.E-17,0.,1.));
#2235 = ORIENTED_EDGE('',*,*,#2236,.T.);
#2236 = EDGE_CURVE('',#2229,#2229,#2237,.T.);
#2237 = CIRCLE('',#2238,4.);
#2238 = AXIS2_PLACEMENT_3D('',#2239,#2240,#2241);
#2239 = CARTESIAN_POINT('',(15.,15.,3.));
#2240 = DIRECTION('',(0.,0.,-1.));
#2241 = DIRECTION('',(-1.,0.,0.));
#2242 = ORIENTED_EDGE('',*,*,#2228,.T.);
#2243 = ORIENTED_EDGE('',*,*,#1418,.F.);
#2244 = CYLINDRICAL_SURFACE('',#2245,4.);
#2245 = AXIS2_PLACEMENT_3D('',#2246,#2247,#2248);
#2246 = CARTESIAN_POINT('',(15.,15.,3.));
#2247 = DIRECTION('',(0.,0.,1.));
#2248 = DIRECTION('',(-1.,0.,0.));
#2249 = ADVANCED_FACE('',(#2250,#2253),#2264,.F.);
#2250 = FACE_BOUND('',#2251,.T.);
#2251 = EDGE_LOOP('',(#2252));
#2252 = ORIENTED_EDGE('',*,*,#1909,.F.);
#2253 = FACE_BOUND('',#2254,.T.);
#2254 = EDGE_LOOP('',(#2255));
#2255 = ORIENTED_EDGE('',*,*,#2256,.T.);
#2256 = EDGE_CURVE('',#2257,#2257,#2259,.T.);
#2257 = VERTEX_POINT('',#2258);
#2258 = CARTESIAN_POINT('',(-13.5,-15.,3.));
#2259 = CIRCLE('',#2260,1.5);
#2260 = AXIS2_PLACEMENT_3D('',#2261,#2262,#2263);
#2261 = CARTESIAN_POINT('',(-15.,-15.,3.));
#2262 = DIRECTION('',(0.,0.,-1.));
#2263 = DIRECTION('',(1.,0.,0.));
#2264 = PLANE('',#2265);
#2265 = AXIS2_PLACEMENT_3D('',#2266,#2267,#2268);
#2266 = CARTESIAN_POINT('',(-15.,-15.,3.));
#2267 = DIRECTION('',(0.,0.,-1.));
#2268 = DIRECTION('',(-1.,-0.,-0.));
#2269 = ADVANCED_FACE('',(#2270),#2281,.T.);
#2270 = FACE_BOUND('',#2271,.T.);
#2271 = EDGE_LOOP('',(#2272,#2278,#2279,#2280));
#2272 = ORIENTED_EDGE('',*,*,#2273,.F.);
#2273 = EDGE_CURVE('',#2038,#1960,#2274,.T.);
#2274 = LINE('',#2275,#2276);
#2275 = CARTESIAN_POINT('',(-19.875,19.625,0.5));
#2276 = VECTOR('',#2277,1.);
#2277 = DIRECTION('',(0.707106781187,0.707106781187,-3.E-17));
#2278 = ORIENTED_EDGE('',*,*,#2037,.T.);
#2279 = ORIENTED_EDGE('',*,*,#1926,.F.);
#2280 = ORIENTED_EDGE('',*,*,#1959,.F.);
#2281 = PLANE('',#2282);
#2282 = AXIS2_PLACEMENT_3D('',#2283,#2284,#2285);
#2283 = CARTESIAN_POINT('',(-19.75,19.75,0.));
#2284 = DIRECTION('',(-0.707106781187,0.707106781187,0.));
#2285 = DIRECTION('',(0.,0.,1.));
#2286 = ADVANCED_FACE('',(#2287),#2312,.T.);
#2287 = FACE_BOUND('',#2288,.T.);
#2288 = EDGE_LOOP('',(#2289,#2299,#2305,#2306));
#2289 = ORIENTED_EDGE('',*,*,#2290,.T.);
#2290 = EDGE_CURVE('',#2291,#2293,#2295,.T.);
#2291 = VERTEX_POINT('',#2292);
#2292 = CARTESIAN_POINT('',(19.5,19.5,0.));
#2293 = VERTEX_POINT('',#2294);
#2294 = CARTESIAN_POINT('',(12.75,19.5,0.));
#2295 = LINE('',#2296,#2297);
#2296 = CARTESIAN_POINT('',(20.,19.5,0.));
#2297 = VECTOR('',#2298,1.);
#2298 = DIRECTION('',(-1.,0.,0.));
#2299 = ORIENTED_EDGE('',*,*,#2300,.T.);
#2300 = EDGE_CURVE('',#2293,#1945,#2301,.T.);
#2301 = LINE('',#2302,#2303);
#2302 = CARTESIAN_POINT('',(14.375,21.125,1.625));
#2303 = VECTOR('',#2304,1.);
#2304 = DIRECTION('',(0.57735026919,0.57735026919,0.57735026919));
#2305 = ORIENTED_EDGE('',*,*,#1942,.F.);
#2306 = ORIENTED_EDGE('',*,*,#2307,.T.);
#2307 = EDGE_CURVE('',#1943,#2291,#2308,.T.);
#2308 = LINE('',#2309,#2310);
#2309 = CARTESIAN_POINT('',(19.5,19.75,0.25));
#2310 = VECTOR('',#2311,1.);
#2311 = DIRECTION('',(-1.33E-15,-0.707106781187,-0.707106781187));
#2312 = PLANE('',#2313);
#2313 = AXIS2_PLACEMENT_3D('',#2314,#2315,#2316);
#2314 = CARTESIAN_POINT('',(20.,19.75,0.25));
#2315 = DIRECTION('',(0.,0.707106781187,-0.707106781187));
#2316 = DIRECTION('',(-1.,0.,0.));
#2317 = ADVANCED_FACE('',(#2318),#2329,.T.);
#2318 = FACE_BOUND('',#2319,.F.);
#2319 = EDGE_LOOP('',(#2320,#2326,#2327,#2328));
#2320 = ORIENTED_EDGE('',*,*,#2321,.F.);
#2321 = EDGE_CURVE('',#2069,#1943,#2322,.T.);
#2322 = LINE('',#2323,#2324);
#2323 = CARTESIAN_POINT('',(19.875,19.625,0.5));
#2324 = VECTOR('',#2325,1.);
#2325 = DIRECTION('',(-0.707106781187,0.707106781187,-3.E-17));
#2326 = ORIENTED_EDGE('',*,*,#2068,.T.);
#2327 = ORIENTED_EDGE('',*,*,#2006,.F.);
#2328 = ORIENTED_EDGE('',*,*,#1952,.F.);
#2329 = PLANE('',#2330);
#2330 = AXIS2_PLACEMENT_3D('',#2331,#2332,#2333);
#2331 = CARTESIAN_POINT('',(19.75,19.75,0.));
#2332 = DIRECTION('',(0.707106781187,0.707106781187,0.));
#2333 = DIRECTION('',(-0.,-0.,-1.));
#2334 = ADVANCED_FACE('',(#2335),#2353,.F.);
#2335 = FACE_BOUND('',#2336,.F.);
#2336 = EDGE_LOOP('',(#2337,#2345,#2351,#2352));
#2337 = ORIENTED_EDGE('',*,*,#2338,.F.);
#2338 = EDGE_CURVE('',#2339,#1984,#2341,.T.);
#2339 = VERTEX_POINT('',#2340);
#2340 = CARTESIAN_POINT('',(12.75,19.5,1.5));
#2341 = LINE('',#2342,#2343);
#2342 = CARTESIAN_POINT('',(12.916666666667,19.666666666667,
    1.666666666667));
#2343 = VECTOR('',#2344,1.);
#2344 = DIRECTION('',(0.57735026919,0.57735026919,0.57735026919));
#2345 = ORIENTED_EDGE('',*,*,#2346,.T.);
#2346 = EDGE_CURVE('',#2339,#2293,#2347,.T.);
#2347 = LINE('',#2348,#2349);
#2348 = CARTESIAN_POINT('',(12.75,19.5,1.5));
#2349 = VECTOR('',#2350,1.);
#2350 = DIRECTION('',(0.,0.,-1.));
#2351 = ORIENTED_EDGE('',*,*,#2300,.T.);
#2352 = ORIENTED_EDGE('',*,*,#1991,.F.);
#2353 = PLANE('',#2354);
#2354 = AXIS2_PLACEMENT_3D('',#2355,#2356,#2357);
#2355 = CARTESIAN_POINT('',(13.,19.75,1.5));
#2356 = DIRECTION('',(0.707106781187,-0.707106781187,0.));
#2357 = DIRECTION('',(0.,0.,-1.));
#2358 = ADVANCED_FACE('',(#2359),#2377,.T.);
#2359 = FACE_BOUND('',#2360,.T.);
#2360 = EDGE_LOOP('',(#2361,#2362,#2370,#2376));
#2361 = ORIENTED_EDGE('',*,*,#2338,.F.);
#2362 = ORIENTED_EDGE('',*,*,#2363,.T.);
#2363 = EDGE_CURVE('',#2339,#2364,#2366,.T.);
#2364 = VERTEX_POINT('',#2365);
#2365 = CARTESIAN_POINT('',(-12.75,19.5,1.5));
#2366 = LINE('',#2367,#2368);
#2367 = CARTESIAN_POINT('',(12.75,19.5,1.5));
#2368 = VECTOR('',#2369,1.);
#2369 = DIRECTION('',(-1.,0.,0.));
#2370 = ORIENTED_EDGE('',*,*,#2371,.T.);
#2371 = EDGE_CURVE('',#2364,#1976,#2372,.T.);
#2372 = LINE('',#2373,#2374);
#2373 = CARTESIAN_POINT('',(-8.666666666667,15.416666666667,
    -2.583333333333));
#2374 = VECTOR('',#2375,1.);
#2375 = DIRECTION('',(-0.57735026919,0.57735026919,0.57735026919));
#2376 = ORIENTED_EDGE('',*,*,#1983,.F.);
#2377 = PLANE('',#2378);
#2378 = AXIS2_PLACEMENT_3D('',#2379,#2380,#2381);
#2379 = CARTESIAN_POINT('',(12.75,19.75,1.75));
#2380 = DIRECTION('',(0.,0.707106781187,-0.707106781187));
#2381 = DIRECTION('',(-1.,0.,0.));
#2382 = ADVANCED_FACE('',(#2383),#2401,.T.);
#2383 = FACE_BOUND('',#2384,.T.);
#2384 = EDGE_LOOP('',(#2385,#2386,#2394,#2400));
#2385 = ORIENTED_EDGE('',*,*,#2371,.F.);
#2386 = ORIENTED_EDGE('',*,*,#2387,.T.);
#2387 = EDGE_CURVE('',#2364,#2388,#2390,.T.);
#2388 = VERTEX_POINT('',#2389);
#2389 = CARTESIAN_POINT('',(-12.75,19.5,-9.E-15));
#2390 = LINE('',#2391,#2392);
#2391 = CARTESIAN_POINT('',(-12.75,19.5,1.5));
#2392 = VECTOR('',#2393,1.);
#2393 = DIRECTION('',(0.,0.,-1.));
#2394 = ORIENTED_EDGE('',*,*,#2395,.T.);
#2395 = EDGE_CURVE('',#2388,#1968,#2396,.T.);
#2396 = LINE('',#2397,#2398);
#2397 = CARTESIAN_POINT('',(-13.16666666666,19.916666666667,
    0.416666666667));
#2398 = VECTOR('',#2399,1.);
#2399 = DIRECTION('',(-0.57735026919,0.57735026919,0.57735026919));
#2400 = ORIENTED_EDGE('',*,*,#1975,.F.);
#2401 = PLANE('',#2402);
#2402 = AXIS2_PLACEMENT_3D('',#2403,#2404,#2405);
#2403 = CARTESIAN_POINT('',(-13.,19.75,1.5));
#2404 = DIRECTION('',(0.707106781187,0.707106781187,0.));
#2405 = DIRECTION('',(0.,0.,-1.));
#2406 = ADVANCED_FACE('',(#2407),#2425,.T.);
#2407 = FACE_BOUND('',#2408,.T.);
#2408 = EDGE_LOOP('',(#2409,#2410,#2418,#2424));
#2409 = ORIENTED_EDGE('',*,*,#2395,.F.);
#2410 = ORIENTED_EDGE('',*,*,#2411,.T.);
#2411 = EDGE_CURVE('',#2388,#2412,#2414,.T.);
#2412 = VERTEX_POINT('',#2413);
#2413 = CARTESIAN_POINT('',(-19.5,19.5,0.));
#2414 = LINE('',#2415,#2416);
#2415 = CARTESIAN_POINT('',(-12.75,19.5,0.));
#2416 = VECTOR('',#2417,1.);
#2417 = DIRECTION('',(-1.,0.,0.));
#2418 = ORIENTED_EDGE('',*,*,#2419,.F.);
#2419 = EDGE_CURVE('',#1960,#2412,#2420,.T.);
#2420 = LINE('',#2421,#2422);
#2421 = CARTESIAN_POINT('',(-19.5,19.75,0.25));
#2422 = VECTOR('',#2423,1.);
#2423 = DIRECTION('',(1.33E-15,-0.707106781187,-0.707106781187));
#2424 = ORIENTED_EDGE('',*,*,#1967,.F.);
#2425 = PLANE('',#2426);
#2426 = AXIS2_PLACEMENT_3D('',#2427,#2428,#2429);
#2427 = CARTESIAN_POINT('',(-12.75,19.75,0.25));
#2428 = DIRECTION('',(0.,0.707106781187,-0.707106781187));
#2429 = DIRECTION('',(-1.,0.,0.));
#2430 = ADVANCED_FACE('',(#2431),#2442,.T.);
#2431 = FACE_BOUND('',#2432,.T.);
#2432 = EDGE_LOOP('',(#2433,#2439,#2440,#2441));
#2433 = ORIENTED_EDGE('',*,*,#2434,.F.);
#2434 = EDGE_CURVE('',#2156,#2047,#2435,.T.);
#2435 = LINE('',#2436,#2437);
#2436 = CARTESIAN_POINT('',(-19.625,-19.875,0.5));
#2437 = VECTOR('',#2438,1.);
#2438 = DIRECTION('',(-0.707106781187,0.707106781187,3.E-17));
#2439 = ORIENTED_EDGE('',*,*,#2163,.T.);
#2440 = ORIENTED_EDGE('',*,*,#2022,.T.);
#2441 = ORIENTED_EDGE('',*,*,#2046,.F.);
#2442 = PLANE('',#2443);
#2443 = AXIS2_PLACEMENT_3D('',#2444,#2445,#2446);
#2444 = CARTESIAN_POINT('',(-19.75,-19.75,0.));
#2445 = DIRECTION('',(-0.707106781187,-0.707106781187,-0.));
#2446 = DIRECTION('',(0.,0.,1.));
#2447 = ADVANCED_FACE('',(#2448),#2471,.T.);
#2448 = FACE_BOUND('',#2449,.T.);
#2449 = EDGE_LOOP('',(#2450,#2456,#2464,#2470));
#2450 = ORIENTED_EDGE('',*,*,#2451,.T.);
#2451 = EDGE_CURVE('',#2038,#2412,#2452,.T.);
#2452 = LINE('',#2453,#2454);
#2453 = CARTESIAN_POINT('',(-19.875,19.5,0.375));
#2454 = VECTOR('',#2455,1.);
#2455 = DIRECTION('',(0.707106781187,-1.38E-15,-0.707106781187));
#2456 = ORIENTED_EDGE('',*,*,#2457,.T.);
#2457 = EDGE_CURVE('',#2412,#2458,#2460,.T.);
#2458 = VERTEX_POINT('',#2459);
#2459 = CARTESIAN_POINT('',(-19.5,-19.5,0.));
#2460 = LINE('',#2461,#2462);
#2461 = CARTESIAN_POINT('',(-19.5,20.,0.));
#2462 = VECTOR('',#2463,1.);
#2463 = DIRECTION('',(0.,-1.,0.));
#2464 = ORIENTED_EDGE('',*,*,#2465,.F.);
#2465 = EDGE_CURVE('',#2047,#2458,#2466,.T.);
#2466 = LINE('',#2467,#2468);
#2467 = CARTESIAN_POINT('',(-19.75,-19.5,0.25));
#2468 = VECTOR('',#2469,1.);
#2469 = DIRECTION('',(0.707106781187,1.38E-15,-0.707106781187));
#2470 = ORIENTED_EDGE('',*,*,#2054,.F.);
#2471 = PLANE('',#2472);
#2472 = AXIS2_PLACEMENT_3D('',#2473,#2474,#2475);
#2473 = CARTESIAN_POINT('',(-19.75,20.,0.25));
#2474 = DIRECTION('',(-0.707106781187,-0.,-0.707106781187));
#2475 = DIRECTION('',(0.,-1.,0.));
#2476 = ADVANCED_FACE('',(#2477),#2500,.T.);
#2477 = FACE_BOUND('',#2478,.T.);
#2478 = EDGE_LOOP('',(#2479,#2487,#2493,#2494));
#2479 = ORIENTED_EDGE('',*,*,#2480,.T.);
#2480 = EDGE_CURVE('',#2481,#2291,#2483,.T.);
#2481 = VERTEX_POINT('',#2482);
#2482 = CARTESIAN_POINT('',(19.5,-19.5,0.));
#2483 = LINE('',#2484,#2485);
#2484 = CARTESIAN_POINT('',(19.5,-20.,0.));
#2485 = VECTOR('',#2486,1.);
#2486 = DIRECTION('',(0.,1.,0.));
#2487 = ORIENTED_EDGE('',*,*,#2488,.F.);
#2488 = EDGE_CURVE('',#2069,#2291,#2489,.T.);
#2489 = LINE('',#2490,#2491);
#2490 = CARTESIAN_POINT('',(19.875,19.5,0.375));
#2491 = VECTOR('',#2492,1.);
#2492 = DIRECTION('',(-0.707106781187,-1.38E-15,-0.707106781187));
#2493 = ORIENTED_EDGE('',*,*,#2076,.F.);
#2494 = ORIENTED_EDGE('',*,*,#2495,.T.);
#2495 = EDGE_CURVE('',#2077,#2481,#2496,.T.);
#2496 = LINE('',#2497,#2498);
#2497 = CARTESIAN_POINT('',(19.75,-19.5,0.25));
#2498 = VECTOR('',#2499,1.);
#2499 = DIRECTION('',(-0.707106781187,1.38E-15,-0.707106781187));
#2500 = PLANE('',#2501);
#2501 = AXIS2_PLACEMENT_3D('',#2502,#2503,#2504);
#2502 = CARTESIAN_POINT('',(19.75,-20.,0.25));
#2503 = DIRECTION('',(0.707106781187,0.,-0.707106781187));
#2504 = DIRECTION('',(0.,1.,0.));
#2505 = ADVANCED_FACE('',(#2506),#2517,.T.);
#2506 = FACE_BOUND('',#2507,.F.);
#2507 = EDGE_LOOP('',(#2508,#2514,#2515,#2516));
#2508 = ORIENTED_EDGE('',*,*,#2509,.F.);
#2509 = EDGE_CURVE('',#2116,#2077,#2510,.T.);
#2510 = LINE('',#2511,#2512);
#2511 = CARTESIAN_POINT('',(19.625,-19.875,0.5));
#2512 = VECTOR('',#2513,1.);
#2513 = DIRECTION('',(0.707106781187,0.707106781187,3.E-17));
#2514 = ORIENTED_EDGE('',*,*,#2115,.T.);
#2515 = ORIENTED_EDGE('',*,*,#2099,.T.);
#2516 = ORIENTED_EDGE('',*,*,#2084,.F.);
#2517 = PLANE('',#2518);
#2518 = AXIS2_PLACEMENT_3D('',#2519,#2520,#2521);
#2519 = CARTESIAN_POINT('',(19.75,-19.75,0.));
#2520 = DIRECTION('',(0.707106781187,-0.707106781187,0.));
#2521 = DIRECTION('',(0.,0.,-1.));
#2522 = ADVANCED_FACE('',(#2523),#2546,.T.);
#2523 = FACE_BOUND('',#2524,.F.);
#2524 = EDGE_LOOP('',(#2525,#2533,#2534,#2540));
#2525 = ORIENTED_EDGE('',*,*,#2526,.F.);
#2526 = EDGE_CURVE('',#2124,#2527,#2529,.T.);
#2527 = VERTEX_POINT('',#2528);
#2528 = CARTESIAN_POINT('',(12.75,-19.5,0.));
#2529 = LINE('',#2530,#2531);
#2530 = CARTESIAN_POINT('',(13.166666666667,-19.91666666666,
    0.416666666667));
#2531 = VECTOR('',#2532,1.);
#2532 = DIRECTION('',(-0.57735026919,0.57735026919,-0.57735026919));
#2533 = ORIENTED_EDGE('',*,*,#2123,.T.);
#2534 = ORIENTED_EDGE('',*,*,#2535,.T.);
#2535 = EDGE_CURVE('',#2116,#2481,#2536,.T.);
#2536 = LINE('',#2537,#2538);
#2537 = CARTESIAN_POINT('',(19.5,-19.875,0.375));
#2538 = VECTOR('',#2539,1.);
#2539 = DIRECTION('',(-1.33E-15,0.707106781187,-0.707106781187));
#2540 = ORIENTED_EDGE('',*,*,#2541,.F.);
#2541 = EDGE_CURVE('',#2527,#2481,#2542,.T.);
#2542 = LINE('',#2543,#2544);
#2543 = CARTESIAN_POINT('',(12.75,-19.5,0.));
#2544 = VECTOR('',#2545,1.);
#2545 = DIRECTION('',(1.,0.,0.));
#2546 = PLANE('',#2547);
#2547 = AXIS2_PLACEMENT_3D('',#2548,#2549,#2550);
#2548 = CARTESIAN_POINT('',(12.75,-19.75,0.25));
#2549 = DIRECTION('',(-0.,-0.707106781187,-0.707106781187));
#2550 = DIRECTION('',(-1.,0.,0.));
#2551 = ADVANCED_FACE('',(#2552),#2570,.F.);
#2552 = FACE_BOUND('',#2553,.F.);
#2553 = EDGE_LOOP('',(#2554,#2562,#2563,#2564));
#2554 = ORIENTED_EDGE('',*,*,#2555,.F.);
#2555 = EDGE_CURVE('',#2132,#2556,#2558,.T.);
#2556 = VERTEX_POINT('',#2557);
#2557 = CARTESIAN_POINT('',(12.75,-19.5,1.5));
#2558 = LINE('',#2559,#2560);
#2559 = CARTESIAN_POINT('',(12.916666666667,-19.66666666666,
    1.666666666667));
#2560 = VECTOR('',#2561,1.);
#2561 = DIRECTION('',(-0.57735026919,0.57735026919,-0.57735026919));
#2562 = ORIENTED_EDGE('',*,*,#2131,.T.);
#2563 = ORIENTED_EDGE('',*,*,#2526,.T.);
#2564 = ORIENTED_EDGE('',*,*,#2565,.F.);
#2565 = EDGE_CURVE('',#2556,#2527,#2566,.T.);
#2566 = LINE('',#2567,#2568);
#2567 = CARTESIAN_POINT('',(12.75,-19.5,1.5));
#2568 = VECTOR('',#2569,1.);
#2569 = DIRECTION('',(0.,-2.2E-16,-1.));
#2570 = PLANE('',#2571);
#2571 = AXIS2_PLACEMENT_3D('',#2572,#2573,#2574);
#2572 = CARTESIAN_POINT('',(13.,-19.75,1.5));
#2573 = DIRECTION('',(0.707106781187,0.707106781187,0.));
#2574 = DIRECTION('',(1.1E-16,-1.1E-16,-1.));
#2575 = ADVANCED_FACE('',(#2576),#2594,.T.);
#2576 = FACE_BOUND('',#2577,.T.);
#2577 = EDGE_LOOP('',(#2578,#2579,#2580,#2588));
#2578 = ORIENTED_EDGE('',*,*,#2555,.F.);
#2579 = ORIENTED_EDGE('',*,*,#2139,.T.);
#2580 = ORIENTED_EDGE('',*,*,#2581,.T.);
#2581 = EDGE_CURVE('',#2140,#2582,#2584,.T.);
#2582 = VERTEX_POINT('',#2583);
#2583 = CARTESIAN_POINT('',(-12.75,-19.5,1.5));
#2584 = LINE('',#2585,#2586);
#2585 = CARTESIAN_POINT('',(-8.666666666667,-15.41666666666,
    -2.583333333333));
#2586 = VECTOR('',#2587,1.);
#2587 = DIRECTION('',(0.57735026919,0.57735026919,-0.57735026919));
#2588 = ORIENTED_EDGE('',*,*,#2589,.F.);
#2589 = EDGE_CURVE('',#2556,#2582,#2590,.T.);
#2590 = LINE('',#2591,#2592);
#2591 = CARTESIAN_POINT('',(12.75,-19.5,1.5));
#2592 = VECTOR('',#2593,1.);
#2593 = DIRECTION('',(-1.,0.,0.));
#2594 = PLANE('',#2595);
#2595 = AXIS2_PLACEMENT_3D('',#2596,#2597,#2598);
#2596 = CARTESIAN_POINT('',(12.75,-19.75,1.75));
#2597 = DIRECTION('',(-0.,-0.707106781187,-0.707106781187));
#2598 = DIRECTION('',(-1.,0.,0.));
#2599 = ADVANCED_FACE('',(#2600),#2623,.T.);
#2600 = FACE_BOUND('',#2601,.F.);
#2601 = EDGE_LOOP('',(#2602,#2608,#2609,#2617));
#2602 = ORIENTED_EDGE('',*,*,#2603,.F.);
#2603 = EDGE_CURVE('',#2156,#2458,#2604,.T.);
#2604 = LINE('',#2605,#2606);
#2605 = CARTESIAN_POINT('',(-19.5,-19.875,0.375));
#2606 = VECTOR('',#2607,1.);
#2607 = DIRECTION('',(1.33E-15,0.707106781187,-0.707106781187));
#2608 = ORIENTED_EDGE('',*,*,#2155,.T.);
#2609 = ORIENTED_EDGE('',*,*,#2610,.T.);
#2610 = EDGE_CURVE('',#2148,#2611,#2613,.T.);
#2611 = VERTEX_POINT('',#2612);
#2612 = CARTESIAN_POINT('',(-12.75,-19.5,0.));
#2613 = LINE('',#2614,#2615);
#2614 = CARTESIAN_POINT('',(-14.375,-21.125,1.625));
#2615 = VECTOR('',#2616,1.);
#2616 = DIRECTION('',(0.57735026919,0.57735026919,-0.57735026919));
#2617 = ORIENTED_EDGE('',*,*,#2618,.F.);
#2618 = EDGE_CURVE('',#2458,#2611,#2619,.T.);
#2619 = LINE('',#2620,#2621);
#2620 = CARTESIAN_POINT('',(-20.,-19.5,0.));
#2621 = VECTOR('',#2622,1.);
#2622 = DIRECTION('',(1.,0.,0.));
#2623 = PLANE('',#2624);
#2624 = AXIS2_PLACEMENT_3D('',#2625,#2626,#2627);
#2625 = CARTESIAN_POINT('',(-20.,-19.75,0.25));
#2626 = DIRECTION('',(-0.,-0.707106781187,-0.707106781187));
#2627 = DIRECTION('',(-1.,0.,0.));
#2628 = ADVANCED_FACE('',(#2629),#2640,.T.);
#2629 = FACE_BOUND('',#2630,.T.);
#2630 = EDGE_LOOP('',(#2631,#2632,#2633,#2634));
#2631 = ORIENTED_EDGE('',*,*,#2581,.F.);
#2632 = ORIENTED_EDGE('',*,*,#2147,.T.);
#2633 = ORIENTED_EDGE('',*,*,#2610,.T.);
#2634 = ORIENTED_EDGE('',*,*,#2635,.F.);
#2635 = EDGE_CURVE('',#2582,#2611,#2636,.T.);
#2636 = LINE('',#2637,#2638);
#2637 = CARTESIAN_POINT('',(-12.75,-19.5,1.5));
#2638 = VECTOR('',#2639,1.);
#2639 = DIRECTION('',(0.,-2.2E-16,-1.));
#2640 = PLANE('',#2641);
#2641 = AXIS2_PLACEMENT_3D('',#2642,#2643,#2644);
#2642 = CARTESIAN_POINT('',(-13.,-19.75,1.5));
#2643 = DIRECTION('',(0.707106781187,-0.707106781187,0.));
#2644 = DIRECTION('',(-1.1E-16,-1.1E-16,-1.));
#2645 = ADVANCED_FACE('',(#2646,#2649),#2660,.F.);
#2646 = FACE_BOUND('',#2647,.T.);
#2647 = EDGE_LOOP('',(#2648));
#2648 = ORIENTED_EDGE('',*,*,#2186,.F.);
#2649 = FACE_BOUND('',#2650,.T.);
#2650 = EDGE_LOOP('',(#2651));
#2651 = ORIENTED_EDGE('',*,*,#2652,.T.);
#2652 = EDGE_CURVE('',#2653,#2653,#2655,.T.);
#2653 = VERTEX_POINT('',#2654);
#2654 = CARTESIAN_POINT('',(-13.5,15.,3.));
#2655 = CIRCLE('',#2656,1.5);
#2656 = AXIS2_PLACEMENT_3D('',#2657,#2658,#2659);
#2657 = CARTESIAN_POINT('',(-15.,15.,3.));
#2658 = DIRECTION('',(0.,0.,-1.));
#2659 = DIRECTION('',(1.,0.,0.));
#2660 = PLANE('',#2661);
#2661 = AXIS2_PLACEMENT_3D('',#2662,#2663,#2664);
#2662 = CARTESIAN_POINT('',(-15.,15.,3.));
#2663 = DIRECTION('',(0.,0.,-1.));
#2664 = DIRECTION('',(-1.,-0.,-0.));
#2665 = ADVANCED_FACE('',(#2666,#2669),#2680,.F.);
#2666 = FACE_BOUND('',#2667,.T.);
#2667 = EDGE_LOOP('',(#2668));
#2668 = ORIENTED_EDGE('',*,*,#2211,.F.);
#2669 = FACE_BOUND('',#2670,.T.);
#2670 = EDGE_LOOP('',(#2671));
#2671 = ORIENTED_EDGE('',*,*,#2672,.T.);
#2672 = EDGE_CURVE('',#2673,#2673,#2675,.T.);
#2673 = VERTEX_POINT('',#2674);
#2674 = CARTESIAN_POINT('',(16.5,-15.,3.));
#2675 = CIRCLE('',#2676,1.5);
#2676 = AXIS2_PLACEMENT_3D('',#2677,#2678,#2679);
#2677 = CARTESIAN_POINT('',(15.,-15.,3.));
#2678 = DIRECTION('',(0.,0.,-1.));
#2679 = DIRECTION('',(1.,0.,0.));
#2680 = PLANE('',#2681);
#2681 = AXIS2_PLACEMENT_3D('',#2682,#2683,#2684);
#2682 = CARTESIAN_POINT('',(15.,-15.,3.));
#2683 = DIRECTION('',(0.,0.,-1.));
#2684 = DIRECTION('',(-1.,-0.,-0.));
#2685 = ADVANCED_FACE('',(#2686,#2689),#2700,.F.);
#2686 = FACE_BOUND('',#2687,.T.);
#2687 = EDGE_LOOP('',(#2688));
#2688 = ORIENTED_EDGE('',*,*,#2236,.F.);
#2689 = FACE_BOUND('',#2690,.T.);
#2690 = EDGE_LOOP('',(#2691));
#2691 = ORIENTED_EDGE('',*,*,#2692,.T.);
#2692 = EDGE_CURVE('',#2693,#2693,#2695,.T.);
#2693 = VERTEX_POINT('',#2694);
#2694 = CARTESIAN_POINT('',(16.5,15.,3.));
#2695 = CIRCLE('',#2696,1.5);
#2696 = AXIS2_PLACEMENT_3D('',#2697,#2698,#2699);
#2697 = CARTESIAN_POINT('',(15.,15.,3.));
#2698 = DIRECTION('',(0.,0.,-1.));
#2699 = DIRECTION('',(1.,0.,0.));
#2700 = PLANE('',#2701);
#2701 = AXIS2_PLACEMENT_3D('',#2702,#2703,#2704);
#2702 = CARTESIAN_POINT('',(15.,15.,3.));
#2703 = DIRECTION('',(0.,0.,-1.));
#2704 = DIRECTION('',(-1.,-0.,-0.));
#2705 = ADVANCED_FACE('',(#2706),#2725,.F.);
#2706 = FACE_BOUND('',#2707,.T.);
#2707 = EDGE_LOOP('',(#2708,#2716,#2723,#2724));
#2708 = ORIENTED_EDGE('',*,*,#2709,.F.);
#2709 = EDGE_CURVE('',#2710,#2257,#2712,.T.);
#2710 = VERTEX_POINT('',#2711);
#2711 = CARTESIAN_POINT('',(-13.5,-15.,0.));
#2712 = LINE('',#2713,#2714);
#2713 = CARTESIAN_POINT('',(-13.5,-15.,0.));
#2714 = VECTOR('',#2715,1.);
#2715 = DIRECTION('',(0.,0.,1.));
#2716 = ORIENTED_EDGE('',*,*,#2717,.F.);
#2717 = EDGE_CURVE('',#2710,#2710,#2718,.T.);
#2718 = CIRCLE('',#2719,1.5);
#2719 = AXIS2_PLACEMENT_3D('',#2720,#2721,#2722);
#2720 = CARTESIAN_POINT('',(-15.,-15.,0.));
#2721 = DIRECTION('',(0.,0.,1.));
#2722 = DIRECTION('',(1.,0.,0.));
#2723 = ORIENTED_EDGE('',*,*,#2709,.T.);
#2724 = ORIENTED_EDGE('',*,*,#2256,.F.);
#2725 = CYLINDRICAL_SURFACE('',#2726,1.5);
#2726 = AXIS2_PLACEMENT_3D('',#2727,#2728,#2729);
#2727 = CARTESIAN_POINT('',(-15.,-15.,0.));
#2728 = DIRECTION('',(-0.,-0.,-1.));
#2729 = DIRECTION('',(1.,0.,0.));
#2730 = ADVANCED_FACE('',(#2731),#2736,.F.);
#2731 = FACE_BOUND('',#2732,.F.);
#2732 = EDGE_LOOP('',(#2733,#2734,#2735));
#2733 = ORIENTED_EDGE('',*,*,#2273,.F.);
#2734 = ORIENTED_EDGE('',*,*,#2451,.T.);
#2735 = ORIENTED_EDGE('',*,*,#2419,.F.);
#2736 = PLANE('',#2737);
#2737 = AXIS2_PLACEMENT_3D('',#2738,#2739,#2740);
#2738 = CARTESIAN_POINT('',(-20.,19.5,0.5));
#2739 = DIRECTION('',(0.57735026919,-0.57735026919,0.57735026919));
#2740 = DIRECTION('',(2.712981658373E-17,-0.707106781187,-0.707106781187
    ));
#2741 = ADVANCED_FACE('',(#2742,#2753,#2764),#2775,.F.);
#2742 = FACE_BOUND('',#2743,.F.);
#2743 = EDGE_LOOP('',(#2744,#2750,#2751,#2752));
#2744 = ORIENTED_EDGE('',*,*,#2745,.F.);
#2745 = EDGE_CURVE('',#2527,#2293,#2746,.T.);
#2746 = LINE('',#2747,#2748);
#2747 = CARTESIAN_POINT('',(12.75,-20.,0.));
#2748 = VECTOR('',#2749,1.);
#2749 = DIRECTION('',(0.,1.,-2.2E-16));
#2750 = ORIENTED_EDGE('',*,*,#2541,.T.);
#2751 = ORIENTED_EDGE('',*,*,#2480,.T.);
#2752 = ORIENTED_EDGE('',*,*,#2290,.T.);
#2753 = FACE_BOUND('',#2754,.F.);
#2754 = EDGE_LOOP('',(#2755));
#2755 = ORIENTED_EDGE('',*,*,#2756,.F.);
#2756 = EDGE_CURVE('',#2757,#2757,#2759,.T.);
#2757 = VERTEX_POINT('',#2758);
#2758 = CARTESIAN_POINT('',(16.5,-15.,0.));
#2759 = CIRCLE('',#2760,1.5);
#2760 = AXIS2_PLACEMENT_3D('',#2761,#2762,#2763);
#2761 = CARTESIAN_POINT('',(15.,-15.,0.));
#2762 = DIRECTION('',(0.,0.,1.));
#2763 = DIRECTION('',(1.,0.,0.));
#2764 = FACE_BOUND('',#2765,.F.);
#2765 = EDGE_LOOP('',(#2766));
#2766 = ORIENTED_EDGE('',*,*,#2767,.F.);
#2767 = EDGE_CURVE('',#2768,#2768,#2770,.T.);
#2768 = VERTEX_POINT('',#2769);
#2769 = CARTESIAN_POINT('',(16.5,15.,0.));
#2770 = CIRCLE('',#2771,1.5);
#2771 = AXIS2_PLACEMENT_3D('',#2772,#2773,#2774);
#2772 = CARTESIAN_POINT('',(15.,15.,0.));
#2773 = DIRECTION('',(0.,0.,1.));
#2774 = DIRECTION('',(1.,0.,0.));
#2775 = PLANE('',#2776);
#2776 = AXIS2_PLACEMENT_3D('',#2777,#2778,#2779);
#2777 = CARTESIAN_POINT('',(0.,0.,0.));
#2778 = DIRECTION('',(0.,0.,1.));
#2779 = DIRECTION('',(1.,0.,0.));
#2780 = ADVANCED_FACE('',(#2781),#2786,.T.);
#2781 = FACE_BOUND('',#2782,.T.);
#2782 = EDGE_LOOP('',(#2783,#2784,#2785));
#2783 = ORIENTED_EDGE('',*,*,#2321,.F.);
#2784 = ORIENTED_EDGE('',*,*,#2488,.T.);
#2785 = ORIENTED_EDGE('',*,*,#2307,.F.);
#2786 = PLANE('',#2787);
#2787 = AXIS2_PLACEMENT_3D('',#2788,#2789,#2790);
#2788 = CARTESIAN_POINT('',(20.,19.5,0.5));
#2789 = DIRECTION('',(0.57735026919,0.57735026919,-0.57735026919));
#2790 = DIRECTION('',(4.919561522666E-18,-0.707106781187,-0.707106781187
    ));
#2791 = ADVANCED_FACE('',(#2792),#2803,.T.);
#2792 = FACE_BOUND('',#2793,.T.);
#2793 = EDGE_LOOP('',(#2794,#2795,#2796,#2802));
#2794 = ORIENTED_EDGE('',*,*,#2745,.F.);
#2795 = ORIENTED_EDGE('',*,*,#2565,.F.);
#2796 = ORIENTED_EDGE('',*,*,#2797,.T.);
#2797 = EDGE_CURVE('',#2556,#2339,#2798,.T.);
#2798 = LINE('',#2799,#2800);
#2799 = CARTESIAN_POINT('',(12.75,-20.,1.5));
#2800 = VECTOR('',#2801,1.);
#2801 = DIRECTION('',(0.,1.,-2.2E-16));
#2802 = ORIENTED_EDGE('',*,*,#2346,.T.);
#2803 = PLANE('',#2804);
#2804 = AXIS2_PLACEMENT_3D('',#2805,#2806,#2807);
#2805 = CARTESIAN_POINT('',(12.75,-20.,1.5));
#2806 = DIRECTION('',(-1.,0.,0.));
#2807 = DIRECTION('',(-0.,-2.2E-16,-1.));
#2808 = ADVANCED_FACE('',(#2809),#2820,.F.);
#2809 = FACE_BOUND('',#2810,.F.);
#2810 = EDGE_LOOP('',(#2811,#2817,#2818,#2819));
#2811 = ORIENTED_EDGE('',*,*,#2812,.F.);
#2812 = EDGE_CURVE('',#2582,#2364,#2813,.T.);
#2813 = LINE('',#2814,#2815);
#2814 = CARTESIAN_POINT('',(-12.75,-20.,1.5));
#2815 = VECTOR('',#2816,1.);
#2816 = DIRECTION('',(0.,1.,-2.2E-16));
#2817 = ORIENTED_EDGE('',*,*,#2589,.F.);
#2818 = ORIENTED_EDGE('',*,*,#2797,.T.);
#2819 = ORIENTED_EDGE('',*,*,#2363,.T.);
#2820 = PLANE('',#2821);
#2821 = AXIS2_PLACEMENT_3D('',#2822,#2823,#2824);
#2822 = CARTESIAN_POINT('',(12.75,-20.,1.5));
#2823 = DIRECTION('',(0.,2.2E-16,1.));
#2824 = DIRECTION('',(-1.,0.,0.));
#2825 = ADVANCED_FACE('',(#2826),#2837,.F.);
#2826 = FACE_BOUND('',#2827,.F.);
#2827 = EDGE_LOOP('',(#2828,#2834,#2835,#2836));
#2828 = ORIENTED_EDGE('',*,*,#2829,.F.);
#2829 = EDGE_CURVE('',#2611,#2388,#2830,.T.);
#2830 = LINE('',#2831,#2832);
#2831 = CARTESIAN_POINT('',(-12.75,-20.,0.));
#2832 = VECTOR('',#2833,1.);
#2833 = DIRECTION('',(0.,1.,-2.2E-16));
#2834 = ORIENTED_EDGE('',*,*,#2635,.F.);
#2835 = ORIENTED_EDGE('',*,*,#2812,.T.);
#2836 = ORIENTED_EDGE('',*,*,#2387,.T.);
#2837 = PLANE('',#2838);
#2838 = AXIS2_PLACEMENT_3D('',#2839,#2840,#2841);
#2839 = CARTESIAN_POINT('',(-12.75,-20.,1.5));
#2840 = DIRECTION('',(-1.,0.,0.));
#2841 = DIRECTION('',(-0.,-2.2E-16,-1.));
#2842 = ADVANCED_FACE('',(#2843,#2849,#2852),#2863,.F.);
#2843 = FACE_BOUND('',#2844,.F.);
#2844 = EDGE_LOOP('',(#2845,#2846,#2847,#2848));
#2845 = ORIENTED_EDGE('',*,*,#2829,.T.);
#2846 = ORIENTED_EDGE('',*,*,#2411,.T.);
#2847 = ORIENTED_EDGE('',*,*,#2457,.T.);
#2848 = ORIENTED_EDGE('',*,*,#2618,.T.);
#2849 = FACE_BOUND('',#2850,.F.);
#2850 = EDGE_LOOP('',(#2851));
#2851 = ORIENTED_EDGE('',*,*,#2717,.F.);
#2852 = FACE_BOUND('',#2853,.F.);
#2853 = EDGE_LOOP('',(#2854));
#2854 = ORIENTED_EDGE('',*,*,#2855,.F.);
#2855 = EDGE_CURVE('',#2856,#2856,#2858,.T.);
#2856 = VERTEX_POINT('',#2857);
#2857 = CARTESIAN_POINT('',(-13.5,15.,0.));
#2858 = CIRCLE('',#2859,1.5);
#2859 = AXIS2_PLACEMENT_3D('',#2860,#2861,#2862);
#2860 = CARTESIAN_POINT('',(-15.,15.,0.));
#2861 = DIRECTION('',(0.,0.,1.));
#2862 = DIRECTION('',(1.,0.,0.));
#2863 = PLANE('',#2864);
#2864 = AXIS2_PLACEMENT_3D('',#2865,#2866,#2867);
#2865 = CARTESIAN_POINT('',(0.,0.,0.));
#2866 = DIRECTION('',(0.,0.,1.));
#2867 = DIRECTION('',(1.,0.,0.));
#2868 = ADVANCED_FACE('',(#2869),#2874,.F.);
#2869 = FACE_BOUND('',#2870,.F.);
#2870 = EDGE_LOOP('',(#2871,#2872,#2873));
#2871 = ORIENTED_EDGE('',*,*,#2434,.F.);
#2872 = ORIENTED_EDGE('',*,*,#2603,.T.);
#2873 = ORIENTED_EDGE('',*,*,#2465,.F.);
#2874 = PLANE('',#2875);
#2875 = AXIS2_PLACEMENT_3D('',#2876,#2877,#2878);
#2876 = CARTESIAN_POINT('',(-19.5,-20.,0.5));
#2877 = DIRECTION('',(0.57735026919,0.57735026919,0.57735026919));
#2878 = DIRECTION('',(0.707106781187,6.498607110126E-17,-0.707106781187)
  );
#2879 = ADVANCED_FACE('',(#2880),#2885,.T.);
#2880 = FACE_BOUND('',#2881,.T.);
#2881 = EDGE_LOOP('',(#2882,#2883,#2884));
#2882 = ORIENTED_EDGE('',*,*,#2509,.F.);
#2883 = ORIENTED_EDGE('',*,*,#2535,.T.);
#2884 = ORIENTED_EDGE('',*,*,#2495,.F.);
#2885 = PLANE('',#2886);
#2886 = AXIS2_PLACEMENT_3D('',#2887,#2888,#2889);
#2887 = CARTESIAN_POINT('',(19.5,-20.,0.5));
#2888 = DIRECTION('',(0.57735026919,-0.57735026919,-0.57735026919));
#2889 = DIRECTION('',(-0.707106781187,6.498607110126E-17,-0.707106781187
    ));
#2890 = ADVANCED_FACE('',(#2891),#2902,.F.);
#2891 = FACE_BOUND('',#2892,.T.);
#2892 = EDGE_LOOP('',(#2893,#2899,#2900,#2901));
#2893 = ORIENTED_EDGE('',*,*,#2894,.F.);
#2894 = EDGE_CURVE('',#2856,#2653,#2895,.T.);
#2895 = LINE('',#2896,#2897);
#2896 = CARTESIAN_POINT('',(-13.5,15.,0.));
#2897 = VECTOR('',#2898,1.);
#2898 = DIRECTION('',(0.,0.,1.));
#2899 = ORIENTED_EDGE('',*,*,#2855,.F.);
#2900 = ORIENTED_EDGE('',*,*,#2894,.T.);
#2901 = ORIENTED_EDGE('',*,*,#2652,.F.);
#2902 = CYLINDRICAL_SURFACE('',#2903,1.5);
#2903 = AXIS2_PLACEMENT_3D('',#2904,#2905,#2906);
#2904 = CARTESIAN_POINT('',(-15.,15.,0.));
#2905 = DIRECTION('',(-0.,-0.,-1.));
#2906 = DIRECTION('',(1.,0.,0.));
#2907 = ADVANCED_FACE('',(#2908),#2919,.F.);
#2908 = FACE_BOUND('',#2909,.T.);
#2909 = EDGE_LOOP('',(#2910,#2916,#2917,#2918));
#2910 = ORIENTED_EDGE('',*,*,#2911,.F.);
#2911 = EDGE_CURVE('',#2757,#2673,#2912,.T.);
#2912 = LINE('',#2913,#2914);
#2913 = CARTESIAN_POINT('',(16.5,-15.,0.));
#2914 = VECTOR('',#2915,1.);
#2915 = DIRECTION('',(0.,0.,1.));
#2916 = ORIENTED_EDGE('',*,*,#2756,.F.);
#2917 = ORIENTED_EDGE('',*,*,#2911,.T.);
#2918 = ORIENTED_EDGE('',*,*,#2672,.F.);
#2919 = CYLINDRICAL_SURFACE('',#2920,1.5);
#2920 = AXIS2_PLACEMENT_3D('',#2921,#2922,#2923);
#2921 = CARTESIAN_POINT('',(15.,-15.,0.));
#2922 = DIRECTION('',(-0.,-0.,-1.));
#2923 = DIRECTION('',(1.,0.,0.));
#2924 = ADVANCED_FACE('',(#2925),#2936,.F.);
#2925 = FACE_BOUND('',#2926,.T.);
#2926 = EDGE_LOOP('',(#2927,#2933,#2934,#2935));
#2927 = ORIENTED_EDGE('',*,*,#2928,.F.);
#2928 = EDGE_CURVE('',#2768,#2693,#2929,.T.);
#2929 = LINE('',#2930,#2931);
#2930 = CARTESIAN_POINT('',(16.5,15.,0.));
#2931 = VECTOR('',#2932,1.);
#2932 = DIRECTION('',(0.,0.,1.));
#2933 = ORIENTED_EDGE('',*,*,#2767,.F.);
#2934 = ORIENTED_EDGE('',*,*,#2928,.T.);
#2935 = ORIENTED_EDGE('',*,*,#2692,.F.);
#2936 = CYLINDRICAL_SURFACE('',#2937,1.5);
#2937 = AXIS2_PLACEMENT_3D('',#2938,#2939,#2940);
#2938 = CARTESIAN_POINT('',(15.,15.,0.));
#2939 = DIRECTION('',(-0.,-0.,-1.));
#2940 = DIRECTION('',(1.,0.,0.));
#2941 = ( GEOMETRIC_REPRESENTATION_CONTEXT(3) 
GLOBAL_UNCERTAINTY_ASSIGNED_CONTEXT((#2945)) 
GLOBAL_UNIT_ASSIGNED_CONTEXT((#2942,#2943,#2944)) REPRESENTATION_CONTEXT
('Context #1','3D Context with UNIT and UNCERTAINTY') );
#2942 = ( LENGTH_UNIT() NAMED_UNIT(*) SI_UNIT(.MILLI.,.METRE.) );
#2943 = ( NAMED_UNIT(*) PLANE_ANGLE_UNIT() SI_UNIT($,.RADIAN.) );
#2944 = ( NAMED_UNIT(*) SI_UNIT($,.STERADIAN.) SOLID_ANGLE_UNIT() );
#2945 = UNCERTAINTY_MEASURE_WITH_UNIT(LENGTH_MEASURE(1.E-05),#2942,
  'distance_accuracy_value','confusion accuracy');
#2946 = PRODUCT_RELATED_PRODUCT_CATEGORY('part',$,(#7));
#2947 = MECHANICAL_DESIGN_GEOMETRIC_PRESENTATION_REPRESENTATION('',(
    #2948),#2941);
#2948 = STYLED_ITEM('color',(#2949),#15);
#2949 = PRESENTATION_STYLE_ASSIGNMENT((#2950,#2956));
#2950 = SURFACE_STYLE_USAGE(.BOTH.,#2951);
#2951 = SURFACE_SIDE_STYLE('',(#2952));
#2952 = SURFACE_STYLE_FILL_AREA(#2953);
#2953 = FILL_AREA_STYLE('',(#2954));
#2954 = FILL_AREA_STYLE_COLOUR('',#2955);
#2955 = COLOUR_RGB('',0.678431390124,0.709803936702,0.741176476869);
#2956 = CURVE_STYLE('',#2957,POSITIVE_LENGTH_MEASURE(0.1),#2958);
#2957 = DRAUGHTING_PRE_DEFINED_CURVE_FONT('continuous');
#2958 = COLOUR_RGB('',9.803921802644E-02,9.803921802644E-02,
  9.803921802644E-02);
ENDSEC;
END-ISO-10303-21;
