ISO-10303-21;
HEADER;
FILE_DESCRIPTION(('FreeCAD Model'),'2;1');
FILE_NAME('Open CASCADE Shape Model','2026-04-23T10:07:01',(''),(''),
  'Open CASCADE STEP processor 7.8','FreeCAD','Unknown');
FILE_SCHEMA(('AUTOMOTIVE_DESIGN { 1 0 10303 214 1 1 1 1 }'));
ENDSEC;
DATA;
#1 = APPLICATION_PROTOCOL_DEFINITION('international standard',
  'automotive_design',2000,#2);
#2 = APPLICATION_CONTEXT(
  'core data for automotive mechanical design processes');
#3 = SHAPE_DEFINITION_REPRESENTATION(#4,#10);
#4 = PRODUCT_DEFINITION_SHAPE('','',#5);
#5 = PRODUCT_DEFINITION('design','',#6,#9);
#6 = PRODUCT_DEFINITION_FORMATION('','',#7);
#7 = PRODUCT('sunshade','sunshade','',(#8));
#8 = PRODUCT_CONTEXT('',#2,'mechanical');
#9 = PRODUCT_DEFINITION_CONTEXT('part definition',#2,'design');
#10 = ADVANCED_BREP_SHAPE_REPRESENTATION('',(#11,#15),#2467);
#11 = AXIS2_PLACEMENT_3D('',#12,#13,#14);
#12 = CARTESIAN_POINT('',(0.,0.,0.));
#13 = DIRECTION('',(0.,0.,1.));
#14 = DIRECTION('',(1.,0.,-0.));
#15 = MANIFOLD_SOLID_BREP('',#16);
#16 = CLOSED_SHELL('',(#17,#109,#254,#278,#302,#358,#414,#469,#494,#519,
    #559,#599,#623,#647,#723,#777,#801,#825,#872,#909,#933,#957,#981,
    #1027,#1044,#1105,#1166,#1209,#1251,#1288,#1330,#1367,#1419,#1474,
    #1491,#1508,#1550,#1605,#1660,#1690,#1712,#1734,#1756,#1781,#1800,
    #1818,#1844,#1978,#2021,#2046,#2089,#2114,#2157,#2189,#2232,#2264,
    #2296,#2326,#2342,#2358,#2377,#2402,#2420,#2432,#2444,#2456));
#17 = ADVANCED_FACE('',(#18,#82,#93),#104,.T.);
#18 = FACE_BOUND('',#19,.T.);
#19 = EDGE_LOOP('',(#20,#30,#38,#53,#61,#76));
#20 = ORIENTED_EDGE('',*,*,#21,.F.);
#21 = EDGE_CURVE('',#22,#24,#26,.T.);
#22 = VERTEX_POINT('',#23);
#23 = CARTESIAN_POINT('',(-21.,-20.7,-0.));
#24 = VERTEX_POINT('',#25);
#25 = CARTESIAN_POINT('',(-21.,45.103853292241,0.));
#26 = LINE('',#27,#28);
#27 = CARTESIAN_POINT('',(-21.,-21.,0.));
#28 = VECTOR('',#29,1.);
#29 = DIRECTION('',(0.,1.,0.));
#30 = ORIENTED_EDGE('',*,*,#31,.T.);
#31 = EDGE_CURVE('',#22,#32,#34,.T.);
#32 = VERTEX_POINT('',#33);
#33 = CARTESIAN_POINT('',(-21.,-20.7,5.990201511084));
#34 = LINE('',#35,#36);
#35 = CARTESIAN_POINT('',(-21.,-20.7,-9.E-17));
#36 = VECTOR('',#37,1.);
#37 = DIRECTION('',(0.,0.,1.));
#38 = ORIENTED_EDGE('',*,*,#39,.F.);
#39 = EDGE_CURVE('',#40,#32,#42,.T.);
#40 = VERTEX_POINT('',#41);
#41 = CARTESIAN_POINT('',(-21.,-20.69020151108,6.));
#42 = B_SPLINE_CURVE_WITH_KNOTS('',9,(#43,#44,#45,#46,#47,#48,#49,#50,
    #51,#52),.UNSPECIFIED.,.F.,.F.,(10,10),(0.,1.),
  .PIECEWISE_BEZIER_KNOTS.);
#43 = CARTESIAN_POINT('',(-21.,-20.69020151108,6.));
#44 = CARTESIAN_POINT('',(-21.,-20.69192032227,6.));
#45 = CARTESIAN_POINT('',(-21.,-20.69363915224,5.999699783957));
#46 = CARTESIAN_POINT('',(-21.,-20.6952979411,5.999069206624));
#47 = CARTESIAN_POINT('',(-21.,-20.696816266,5.998100127845));
#48 = CARTESIAN_POINT('',(-21.,-20.69810012784,5.996816266007));
#49 = CARTESIAN_POINT('',(-21.,-20.69906920662,5.995297941105));
#50 = CARTESIAN_POINT('',(-21.,-20.69969978395,5.993639152241));
#51 = CARTESIAN_POINT('',(-21.,-20.7,5.991920322277));
#52 = CARTESIAN_POINT('',(-21.,-20.7,5.990201511084));
#53 = ORIENTED_EDGE('',*,*,#54,.T.);
#54 = EDGE_CURVE('',#40,#55,#57,.T.);
#55 = VERTEX_POINT('',#56);
#56 = CARTESIAN_POINT('',(-21.,45.102233458059,6.));
#57 = LINE('',#58,#59);
#58 = CARTESIAN_POINT('',(-21.,-21.,6.));
#59 = VECTOR('',#60,1.);
#60 = DIRECTION('',(0.,1.,0.));
#61 = ORIENTED_EDGE('',*,*,#62,.F.);
#62 = EDGE_CURVE('',#63,#55,#65,.T.);
#63 = VERTEX_POINT('',#64);
#64 = CARTESIAN_POINT('',(-21.,45.103853292241,5.998380165818));
#65 = B_SPLINE_CURVE_WITH_KNOTS('',9,(#66,#67,#68,#69,#70,#71,#72,#73,
    #74,#75),.UNSPECIFIED.,.F.,.F.,(10,10),(0.,1.),
  .PIECEWISE_BEZIER_KNOTS.);
#66 = CARTESIAN_POINT('',(-21.,45.103853292241,5.998380165818));
#67 = CARTESIAN_POINT('',(-21.,45.103853292241,5.998664310587));
#68 = CARTESIAN_POINT('',(-21.,45.103803662157,5.998948458378));
#69 = CARTESIAN_POINT('',(-21.,45.103699418485,5.999222680726));
#70 = CARTESIAN_POINT('',(-21.,45.103539215633,5.999473681962));
#71 = CARTESIAN_POINT('',(-21.,45.103326974203,5.999685923392));
#72 = CARTESIAN_POINT('',(-21.,45.103075972967,5.999846126244));
#73 = CARTESIAN_POINT('',(-21.,45.102801750619,5.999950369916));
#74 = CARTESIAN_POINT('',(-21.,45.102517602828,6.));
#75 = CARTESIAN_POINT('',(-21.,45.102233458059,6.));
#76 = ORIENTED_EDGE('',*,*,#77,.F.);
#77 = EDGE_CURVE('',#24,#63,#78,.T.);
#78 = LINE('',#79,#80);
#79 = CARTESIAN_POINT('',(-21.,45.103853292241,-9.E-17));
#80 = VECTOR('',#81,1.);
#81 = DIRECTION('',(0.,0.,1.));
#82 = FACE_BOUND('',#83,.T.);
#83 = EDGE_LOOP('',(#84));
#84 = ORIENTED_EDGE('',*,*,#85,.F.);
#85 = EDGE_CURVE('',#86,#86,#88,.T.);
#86 = VERTEX_POINT('',#87);
#87 = CARTESIAN_POINT('',(-21.,-8.5,3.));
#88 = CIRCLE('',#89,1.5);
#89 = AXIS2_PLACEMENT_3D('',#90,#91,#92);
#90 = CARTESIAN_POINT('',(-21.,-10.,3.));
#91 = DIRECTION('',(-1.,0.,0.));
#92 = DIRECTION('',(0.,1.,0.));
#93 = FACE_BOUND('',#94,.T.);
#94 = EDGE_LOOP('',(#95));
#95 = ORIENTED_EDGE('',*,*,#96,.F.);
#96 = EDGE_CURVE('',#97,#97,#99,.T.);
#97 = VERTEX_POINT('',#98);
#98 = CARTESIAN_POINT('',(-21.,36.5,3.));
#99 = CIRCLE('',#100,1.5);
#100 = AXIS2_PLACEMENT_3D('',#101,#102,#103);
#101 = CARTESIAN_POINT('',(-21.,35.,3.));
#102 = DIRECTION('',(-1.,0.,0.));
#103 = DIRECTION('',(0.,1.,0.));
#104 = PLANE('',#105);
#105 = AXIS2_PLACEMENT_3D('',#106,#107,#108);
#106 = CARTESIAN_POINT('',(-21.,-21.,-9.E-17));
#107 = DIRECTION('',(-1.,0.,0.));
#108 = DIRECTION('',(0.,1.,0.));
#109 = ADVANCED_FACE('',(#110,#199),#249,.F.);
#110 = FACE_BOUND('',#111,.F.);
#111 = EDGE_LOOP('',(#112,#113,#121,#129,#137,#145,#153,#161,#169,#177,
    #185,#193));
#112 = ORIENTED_EDGE('',*,*,#21,.F.);
#113 = ORIENTED_EDGE('',*,*,#114,.T.);
#114 = EDGE_CURVE('',#22,#115,#117,.T.);
#115 = VERTEX_POINT('',#116);
#116 = CARTESIAN_POINT('',(-20.7,-21.,-0.));
#117 = LINE('',#118,#119);
#118 = CARTESIAN_POINT('',(-24.847831664,-16.85216833599,-9.E-17));
#119 = VECTOR('',#120,1.);
#120 = DIRECTION('',(0.707106781187,-0.707106781187,0.));
#121 = ORIENTED_EDGE('',*,*,#122,.T.);
#122 = EDGE_CURVE('',#115,#123,#125,.T.);
#123 = VERTEX_POINT('',#124);
#124 = CARTESIAN_POINT('',(20.7,-21.,0.));
#125 = LINE('',#126,#127);
#126 = CARTESIAN_POINT('',(-21.,-21.,0.));
#127 = VECTOR('',#128,1.);
#128 = DIRECTION('',(1.,0.,0.));
#129 = ORIENTED_EDGE('',*,*,#130,.T.);
#130 = EDGE_CURVE('',#123,#131,#133,.T.);
#131 = VERTEX_POINT('',#132);
#132 = CARTESIAN_POINT('',(21.,-20.7,0.));
#133 = LINE('',#134,#135);
#134 = CARTESIAN_POINT('',(24.847831664001,-16.85216833599,-9.E-17));
#135 = VECTOR('',#136,1.);
#136 = DIRECTION('',(0.707106781187,0.707106781187,0.));
#137 = ORIENTED_EDGE('',*,*,#138,.F.);
#138 = EDGE_CURVE('',#139,#131,#141,.T.);
#139 = VERTEX_POINT('',#140);
#140 = CARTESIAN_POINT('',(21.,45.103853292241,0.));
#141 = LINE('',#142,#143);
#142 = CARTESIAN_POINT('',(21.,45.403853292241,0.));
#143 = VECTOR('',#144,1.);
#144 = DIRECTION('',(0.,-1.,0.));
#145 = ORIENTED_EDGE('',*,*,#146,.T.);
#146 = EDGE_CURVE('',#139,#147,#149,.T.);
#147 = VERTEX_POINT('',#148);
#148 = CARTESIAN_POINT('',(20.791666666667,45.619717189691,0.));
#149 = LINE('',#150,#151);
#150 = CARTESIAN_POINT('',(24.529792968607,36.363568053954,-9.E-17));
#151 = VECTOR('',#152,1.);
#152 = DIRECTION('',(-0.374468740463,0.927239538855,0.));
#153 = ORIENTED_EDGE('',*,*,#154,.T.);
#154 = EDGE_CURVE('',#147,#155,#157,.T.);
#155 = VERTEX_POINT('',#156);
#156 = CARTESIAN_POINT('',(8.132983623399,58.735969949539,0.));
#157 = LINE('',#158,#159);
#158 = CARTESIAN_POINT('',(21.,45.403853292241,0.));
#159 = VECTOR('',#160,1.);
#160 = DIRECTION('',(-0.694444444444,0.719546324833,-0.));
#161 = ORIENTED_EDGE('',*,*,#162,.F.);
#162 = EDGE_CURVE('',#163,#155,#165,.T.);
#163 = VERTEX_POINT('',#164);
#164 = CARTESIAN_POINT('',(7.624650290065,58.951833846989,0.));
#165 = LINE('',#166,#167);
#166 = CARTESIAN_POINT('',(12.249865807745,56.987734735792,-9.E-17));
#167 = VECTOR('',#168,1.);
#168 = DIRECTION('',(0.920446751432,-0.390867979985,0.));
#169 = ORIENTED_EDGE('',*,*,#170,.F.);
#170 = EDGE_CURVE('',#171,#163,#173,.T.);
#171 = VERTEX_POINT('',#172);
#172 = CARTESIAN_POINT('',(-7.624650290065,58.951833846989,0.));
#173 = LINE('',#174,#175);
#174 = CARTESIAN_POINT('',(-7.924650290065,58.951833846989,0.));
#175 = VECTOR('',#176,1.);
#176 = DIRECTION('',(1.,0.,0.));
#177 = ORIENTED_EDGE('',*,*,#178,.F.);
#178 = EDGE_CURVE('',#179,#171,#181,.T.);
#179 = VERTEX_POINT('',#180);
#180 = CARTESIAN_POINT('',(-8.132983623399,58.735969949539,0.));
#181 = LINE('',#182,#183);
#182 = CARTESIAN_POINT('',(-12.24986580774,56.987734735792,-9.E-17));
#183 = VECTOR('',#184,1.);
#184 = DIRECTION('',(0.920446751432,0.390867979985,0.));
#185 = ORIENTED_EDGE('',*,*,#186,.T.);
#186 = EDGE_CURVE('',#179,#187,#189,.T.);
#187 = VERTEX_POINT('',#188);
#188 = CARTESIAN_POINT('',(-20.79166666666,45.619717189691,0.));
#189 = LINE('',#190,#191);
#190 = CARTESIAN_POINT('',(-7.924650290065,58.951833846989,0.));
#191 = VECTOR('',#192,1.);
#192 = DIRECTION('',(-0.694444444444,-0.719546324833,0.));
#193 = ORIENTED_EDGE('',*,*,#194,.F.);
#194 = EDGE_CURVE('',#24,#187,#195,.T.);
#195 = LINE('',#196,#197);
#196 = CARTESIAN_POINT('',(-24.5297929686,36.363568053954,-9.E-17));
#197 = VECTOR('',#198,1.);
#198 = DIRECTION('',(0.374468740463,0.927239538855,0.));
#199 = FACE_BOUND('',#200,.F.);
#200 = EDGE_LOOP('',(#201,#211,#219,#227,#235,#243));
#201 = ORIENTED_EDGE('',*,*,#202,.F.);
#202 = EDGE_CURVE('',#203,#205,#207,.T.);
#203 = VERTEX_POINT('',#204);
#204 = CARTESIAN_POINT('',(-20.,45.,0.));
#205 = VERTEX_POINT('',#206);
#206 = CARTESIAN_POINT('',(-20.,-20.,-0.));
#207 = LINE('',#208,#209);
#208 = CARTESIAN_POINT('',(-20.,45.,0.));
#209 = VECTOR('',#210,1.);
#210 = DIRECTION('',(0.,-1.,0.));
#211 = ORIENTED_EDGE('',*,*,#212,.F.);
#212 = EDGE_CURVE('',#213,#203,#215,.T.);
#213 = VERTEX_POINT('',#214);
#214 = CARTESIAN_POINT('',(-7.5,57.951833846989,0.));
#215 = LINE('',#216,#217);
#216 = CARTESIAN_POINT('',(-7.5,57.951833846989,0.));
#217 = VECTOR('',#218,1.);
#218 = DIRECTION('',(-0.694444444444,-0.719546324833,0.));
#219 = ORIENTED_EDGE('',*,*,#220,.T.);
#220 = EDGE_CURVE('',#213,#221,#223,.T.);
#221 = VERTEX_POINT('',#222);
#222 = CARTESIAN_POINT('',(7.5,57.951833846989,0.));
#223 = LINE('',#224,#225);
#224 = CARTESIAN_POINT('',(-7.5,57.951833846989,0.));
#225 = VECTOR('',#226,1.);
#226 = DIRECTION('',(1.,0.,0.));
#227 = ORIENTED_EDGE('',*,*,#228,.F.);
#228 = EDGE_CURVE('',#229,#221,#231,.T.);
#229 = VERTEX_POINT('',#230);
#230 = CARTESIAN_POINT('',(20.,45.,0.));
#231 = LINE('',#232,#233);
#232 = CARTESIAN_POINT('',(20.,45.,0.));
#233 = VECTOR('',#234,1.);
#234 = DIRECTION('',(-0.694444444444,0.719546324833,-0.));
#235 = ORIENTED_EDGE('',*,*,#236,.F.);
#236 = EDGE_CURVE('',#237,#229,#239,.T.);
#237 = VERTEX_POINT('',#238);
#238 = CARTESIAN_POINT('',(20.,-20.,0.));
#239 = LINE('',#240,#241);
#240 = CARTESIAN_POINT('',(20.,-20.,0.));
#241 = VECTOR('',#242,1.);
#242 = DIRECTION('',(0.,1.,0.));
#243 = ORIENTED_EDGE('',*,*,#244,.F.);
#244 = EDGE_CURVE('',#205,#237,#245,.T.);
#245 = LINE('',#246,#247);
#246 = CARTESIAN_POINT('',(-20.,-20.,0.));
#247 = VECTOR('',#248,1.);
#248 = DIRECTION('',(1.,0.,0.));
#249 = PLANE('',#250);
#250 = AXIS2_PLACEMENT_3D('',#251,#252,#253);
#251 = CARTESIAN_POINT('',(0.,15.991326656006,-9.E-17));
#252 = DIRECTION('',(0.,0.,1.));
#253 = DIRECTION('',(1.,0.,0.));
#254 = ADVANCED_FACE('',(#255),#273,.F.);
#255 = FACE_BOUND('',#256,.F.);
#256 = EDGE_LOOP('',(#257,#258,#259,#267));
#257 = ORIENTED_EDGE('',*,*,#114,.F.);
#258 = ORIENTED_EDGE('',*,*,#31,.T.);
#259 = ORIENTED_EDGE('',*,*,#260,.T.);
#260 = EDGE_CURVE('',#32,#261,#263,.T.);
#261 = VERTEX_POINT('',#262);
#262 = CARTESIAN_POINT('',(-20.7,-21.,5.990201511084));
#263 = LINE('',#264,#265);
#264 = CARTESIAN_POINT('',(-21.,-20.7,5.990201511084));
#265 = VECTOR('',#266,1.);
#266 = DIRECTION('',(0.707106781187,-0.707106781187,0.));
#267 = ORIENTED_EDGE('',*,*,#268,.F.);
#268 = EDGE_CURVE('',#115,#261,#269,.T.);
#269 = LINE('',#270,#271);
#270 = CARTESIAN_POINT('',(-20.7,-21.,-9.E-17));
#271 = VECTOR('',#272,1.);
#272 = DIRECTION('',(0.,0.,1.));
#273 = PLANE('',#274);
#274 = AXIS2_PLACEMENT_3D('',#275,#276,#277);
#275 = CARTESIAN_POINT('',(-20.85,-20.85,-9.E-17));
#276 = DIRECTION('',(0.707106781187,0.707106781187,0.));
#277 = DIRECTION('',(0.,0.,1.));
#278 = ADVANCED_FACE('',(#279),#297,.F.);
#279 = FACE_BOUND('',#280,.T.);
#280 = EDGE_LOOP('',(#281,#282,#283,#291));
#281 = ORIENTED_EDGE('',*,*,#194,.F.);
#282 = ORIENTED_EDGE('',*,*,#77,.T.);
#283 = ORIENTED_EDGE('',*,*,#284,.F.);
#284 = EDGE_CURVE('',#285,#63,#287,.T.);
#285 = VERTEX_POINT('',#286);
#286 = CARTESIAN_POINT('',(-20.79166666666,45.619717189691,
    5.998380165818));
#287 = LINE('',#288,#289);
#288 = CARTESIAN_POINT('',(-20.79166666666,45.619717189691,
    5.998380165818));
#289 = VECTOR('',#290,1.);
#290 = DIRECTION('',(-0.374468740463,-0.927239538855,-0.));
#291 = ORIENTED_EDGE('',*,*,#292,.F.);
#292 = EDGE_CURVE('',#187,#285,#293,.T.);
#293 = LINE('',#294,#295);
#294 = CARTESIAN_POINT('',(-20.79166666666,45.619717189691,-9.E-17));
#295 = VECTOR('',#296,1.);
#296 = DIRECTION('',(0.,0.,1.));
#297 = PLANE('',#298);
#298 = AXIS2_PLACEMENT_3D('',#299,#300,#301);
#299 = CARTESIAN_POINT('',(-20.89583333333,45.361785240966,-9.E-17));
#300 = DIRECTION('',(0.927239538855,-0.374468740463,0.));
#301 = DIRECTION('',(0.,0.,-1.));
#302 = ADVANCED_FACE('',(#303),#327,.T.);
#303 = FACE_BOUND('',#304,.T.);
#304 = EDGE_LOOP('',(#305,#306,#321,#326));
#305 = ORIENTED_EDGE('',*,*,#260,.T.);
#306 = ORIENTED_EDGE('',*,*,#307,.T.);
#307 = EDGE_CURVE('',#261,#308,#310,.T.);
#308 = VERTEX_POINT('',#309);
#309 = CARTESIAN_POINT('',(-20.69020151108,-21.,6.));
#310 = B_SPLINE_CURVE_WITH_KNOTS('',9,(#311,#312,#313,#314,#315,#316,
    #317,#318,#319,#320),.UNSPECIFIED.,.F.,.F.,(10,10),(0.,1.),
  .PIECEWISE_BEZIER_KNOTS.);
#311 = CARTESIAN_POINT('',(-20.7,-21.,5.990201511084));
#312 = CARTESIAN_POINT('',(-20.7,-21.,5.991920322277));
#313 = CARTESIAN_POINT('',(-20.69969978395,-21.,5.993639152241));
#314 = CARTESIAN_POINT('',(-20.69906920662,-21.,5.995297941105));
#315 = CARTESIAN_POINT('',(-20.69810012784,-21.,5.996816266007));
#316 = CARTESIAN_POINT('',(-20.696816266,-21.,5.998100127845));
#317 = CARTESIAN_POINT('',(-20.6952979411,-21.,5.999069206624));
#318 = CARTESIAN_POINT('',(-20.69363915224,-21.,5.999699783957));
#319 = CARTESIAN_POINT('',(-20.69192032227,-21.,6.));
#320 = CARTESIAN_POINT('',(-20.69020151108,-21.,6.));
#321 = ORIENTED_EDGE('',*,*,#322,.T.);
#322 = EDGE_CURVE('',#308,#40,#323,.T.);
#323 = B_SPLINE_CURVE_WITH_KNOTS('',1,(#324,#325),.UNSPECIFIED.,.F.,.F.,
  (2,2),(0.,48.093658625644),.PIECEWISE_BEZIER_KNOTS.);
#324 = CARTESIAN_POINT('',(-20.69020151108,-21.,6.));
#325 = CARTESIAN_POINT('',(-21.,-20.69020151108,6.));
#326 = ORIENTED_EDGE('',*,*,#39,.T.);
#327 = B_SPLINE_SURFACE_WITH_KNOTS('',4,5,(
    (#328,#329,#330,#331,#332,#333)
    ,(#334,#335,#336,#337,#338,#339)
    ,(#340,#341,#342,#343,#344,#345)
    ,(#346,#347,#348,#349,#350,#351)
    ,(#352,#353,#354,#355,#356,#357
    )),.UNSPECIFIED.,.F.,.F.,.F.,(5,5),(6,6),(-0.240966673545,
    0.240966673545),(-6.904125032613E-03,6.29645774908E-03),
  .PIECEWISE_BEZIER_KNOTS.);
#328 = CARTESIAN_POINT('',(-21.02037785101,-20.67959952556,
    5.989418954289));
#329 = CARTESIAN_POINT('',(-21.02047478244,-20.67969636841,
    5.992760418247));
#330 = CARTESIAN_POINT('',(-21.02011066248,-20.67933324536,
    5.995637578187));
#331 = CARTESIAN_POINT('',(-21.01929297974,-20.67851758149,
    5.998057994016));
#332 = CARTESIAN_POINT('',(-21.01745666494,-20.67667929453,5.99944624594
    ));
#333 = CARTESIAN_POINT('',(-21.01496236417,-20.67418375526,
    6.000170359247));
#334 = CARTESIAN_POINT('',(-20.93518211971,-20.76479295141,
    5.989417785634));
#335 = CARTESIAN_POINT('',(-20.9352654276,-20.76487605558,5.992745379402
    ));
#336 = CARTESIAN_POINT('',(-20.93489574855,-20.76450716373,
    5.995616797123));
#337 = CARTESIAN_POINT('',(-20.93414201085,-20.76375576828,
    5.998102205649));
#338 = CARTESIAN_POINT('',(-20.93226894513,-20.7618804976,5.999453080744
    ));
#339 = CARTESIAN_POINT('',(-20.92976886433,-20.75937952721,6.000171511)
  );
#340 = CARTESIAN_POINT('',(-20.84998715132,-20.84998715132,
    5.989417396083));
#341 = CARTESIAN_POINT('',(-20.85009323675,-20.85009323676,
    5.992768185458));
#342 = CARTESIAN_POINT('',(-20.84969167643,-20.84969167643,
    5.995606882257));
#343 = CARTESIAN_POINT('',(-20.84876320615,-20.84876320615,
    5.997913956055));
#344 = CARTESIAN_POINT('',(-20.84706198774,-20.84706198774,5.99944017113
    ));
#345 = CARTESIAN_POINT('',(-20.84457457445,-20.84457457445,
    6.000171894918));
#346 = CARTESIAN_POINT('',(-20.76479295141,-20.93518211971,
    5.989417785634));
#347 = CARTESIAN_POINT('',(-20.76487605558,-20.9352654276,5.992745379403
    ));
#348 = CARTESIAN_POINT('',(-20.76450716373,-20.93489574855,
    5.995616797123));
#349 = CARTESIAN_POINT('',(-20.76375576828,-20.93414201085,
    5.998102205649));
#350 = CARTESIAN_POINT('',(-20.7618804976,-20.93226894513,5.999453080745
    ));
#351 = CARTESIAN_POINT('',(-20.75937952721,-20.92976886433,6.000171511)
  );
#352 = CARTESIAN_POINT('',(-20.67959952556,-21.02037785101,
    5.989418954289));
#353 = CARTESIAN_POINT('',(-20.67969636841,-21.02047478244,
    5.992760418247));
#354 = CARTESIAN_POINT('',(-20.67933324536,-21.02011066248,
    5.995637578187));
#355 = CARTESIAN_POINT('',(-20.67851758149,-21.01929297974,
    5.998057994016));
#356 = CARTESIAN_POINT('',(-20.67667929453,-21.01745666494,5.99944624594
    ));
#357 = CARTESIAN_POINT('',(-20.67418375526,-21.01496236417,
    6.000170359247));
#358 = ADVANCED_FACE('',(#359),#383,.F.);
#359 = FACE_BOUND('',#360,.F.);
#360 = EDGE_LOOP('',(#361,#368,#369,#370));
#361 = ORIENTED_EDGE('',*,*,#362,.F.);
#362 = EDGE_CURVE('',#55,#363,#365,.T.);
#363 = VERTEX_POINT('',#364);
#364 = CARTESIAN_POINT('',(-20.79054178181,45.620882735423,6.));
#365 = B_SPLINE_CURVE_WITH_KNOTS('',1,(#366,#367),.UNSPECIFIED.,.F.,.F.,
  (2,2),(0.,46.823989976914),.PIECEWISE_BEZIER_KNOTS.);
#366 = CARTESIAN_POINT('',(-21.,45.102233458059,6.));
#367 = CARTESIAN_POINT('',(-20.79054178181,45.620882735423,6.));
#368 = ORIENTED_EDGE('',*,*,#62,.F.);
#369 = ORIENTED_EDGE('',*,*,#284,.F.);
#370 = ORIENTED_EDGE('',*,*,#371,.F.);
#371 = EDGE_CURVE('',#363,#285,#372,.T.);
#372 = B_SPLINE_CURVE_WITH_KNOTS('',9,(#373,#374,#375,#376,#377,#378,
    #379,#380,#381,#382),.UNSPECIFIED.,.F.,.F.,(10,10),(0.,1.),
  .PIECEWISE_BEZIER_KNOTS.);
#373 = CARTESIAN_POINT('',(-20.79054178181,45.620882735423,6.));
#374 = CARTESIAN_POINT('',(-20.79073910456,45.620678280104,6.));
#375 = CARTESIAN_POINT('',(-20.79093642943,45.620473822594,
    5.999950369905));
#376 = CARTESIAN_POINT('',(-20.79112686158,45.620276506948,
    5.999846126225));
#377 = CARTESIAN_POINT('',(-20.79130116803,45.620095899894,
    5.999685923343));
#378 = CARTESIAN_POINT('',(-20.79144855787,45.619943182395,
    5.999473681971));
#379 = CARTESIAN_POINT('',(-20.79155980987,45.619827909,5.999222680684)
  );
#380 = CARTESIAN_POINT('',(-20.79163220132,45.619752900843,
    5.998948458387));
#381 = CARTESIAN_POINT('',(-20.79166666666,45.619717189691,5.99866431058
    ));
#382 = CARTESIAN_POINT('',(-20.79166666666,45.619717189691,
    5.998380165818));
#383 = B_SPLINE_SURFACE_WITH_KNOTS('',4,5,(
    (#384,#385,#386,#387,#388,#389)
    ,(#390,#391,#392,#393,#394,#395)
    ,(#396,#397,#398,#399,#400,#401)
    ,(#402,#403,#404,#405,#406,#407)
    ,(#408,#409,#410,#411,#412,#413
    )),.UNSPECIFIED.,.F.,.F.,.F.,(5,5),(6,6),(-0.307641219555,
    0.307641219549),(-1.051608519495E-03,8.510410936334E-04),
  .PIECEWISE_BEZIER_KNOTS.);
#384 = CARTESIAN_POINT('',(-21.01103437327,45.076527980629,
    5.998277946955));
#385 = CARTESIAN_POINT('',(-21.01104243085,45.076529485124,
    5.998685494221));
#386 = CARTESIAN_POINT('',(-21.01101873273,45.076533203644,
    5.999094844422));
#387 = CARTESIAN_POINT('',(-21.01099235867,45.076568365254,
    5.999530828102));
#388 = CARTESIAN_POINT('',(-21.01075011823,45.07643286395,5.999814394016
    ));
#389 = CARTESIAN_POINT('',(-21.0104045655,45.07626825965,6.000048622262)
  );
#390 = CARTESIAN_POINT('',(-20.95343332622,45.219156442526,
    5.998277902527));
#391 = CARTESIAN_POINT('',(-20.95343760689,45.219154974772,
    5.998682426901));
#392 = CARTESIAN_POINT('',(-20.95341989738,45.219159559175,
    5.999095626609));
#393 = CARTESIAN_POINT('',(-20.95339756907,45.219194420231,
    5.999533993723));
#394 = CARTESIAN_POINT('',(-20.95315336937,45.219058155291,
    5.999816182394));
#395 = CARTESIAN_POINT('',(-20.95280343638,45.218898735561,
    6.000049021982));
#396 = CARTESIAN_POINT('',(-20.89583233636,45.361784846648,
    5.998277878663));
#397 = CARTESIAN_POINT('',(-20.89584210288,45.361788911637,
    5.998687091869));
#398 = CARTESIAN_POINT('',(-20.89584101371,45.361788241845,
    5.999109097065));
#399 = CARTESIAN_POINT('',(-20.89573203876,45.361744247426,
    5.999475498689));
#400 = CARTESIAN_POINT('',(-20.89555084509,45.361671131122,
    5.999811442409));
#401 = CARTESIAN_POINT('',(-20.89520152123,45.361530082291,
    6.000049157902));
#402 = CARTESIAN_POINT('',(-20.83823140818,45.504413265696,
    5.998277895925));
#403 = CARTESIAN_POINT('',(-20.83823381945,45.504417286129,
    5.998682631058));
#404 = CARTESIAN_POINT('',(-20.83822407305,45.504401634114,
    5.999095703565));
#405 = CARTESIAN_POINT('',(-20.83823235391,45.504361071386,
    5.999534161172));
#406 = CARTESIAN_POINT('',(-20.8379617781,45.50428956664,5.999816214728)
  );
#407 = CARTESIAN_POINT('',(-20.8375992266,45.504161274781,6.000049025523
    ));
#408 = CARTESIAN_POINT('',(-20.7806305462,45.647041772372,5.998277974879
    ));
#409 = CARTESIAN_POINT('',(-20.78063715044,45.647046307508,
    5.998685382819));
#410 = CARTESIAN_POINT('',(-20.78062257895,45.647027142278,
    5.999094663144));
#411 = CARTESIAN_POINT('',(-20.78062840092,45.6469835512,5.999530884582)
  );
#412 = CARTESIAN_POINT('',(-20.78035991019,45.646912832625,
    5.999814397323));
#413 = CARTESIAN_POINT('',(-20.77999695907,45.646791287977,
    6.000048620347));
#414 = ADVANCED_FACE('',(#415),#464,.T.);
#415 = FACE_BOUND('',#416,.T.);
#416 = EDGE_LOOP('',(#417,#418,#437,#447));
#417 = ORIENTED_EDGE('',*,*,#54,.F.);
#418 = ORIENTED_EDGE('',*,*,#419,.F.);
#419 = EDGE_CURVE('',#420,#40,#422,.T.);
#420 = VERTEX_POINT('',#421);
#421 = CARTESIAN_POINT('',(-32.92270120483,-32.61290271591,
    50.71012951812));
#422 = B_SPLINE_CURVE_WITH_KNOTS('',5,(#423,#424,#425,#426,#427,#428,
    #429,#430,#431,#432,#433,#434,#435,#436),.UNSPECIFIED.,.F.,.F.,(6,4,
    4,6),(-1.067388971643,7.72987951681E-02,48.170957420812,
    48.580401671162),.UNSPECIFIED.);
#423 = CARTESIAN_POINT('',(-33.2856146443,-32.97581615539,
    52.071054916147));
#424 = CARTESIAN_POINT('',(-33.22849171544,-32.91869322652,
    51.856843932918));
#425 = CARTESIAN_POINT('',(-33.17136878658,-32.86157029766,
    51.642632949688));
#426 = CARTESIAN_POINT('',(-33.11424585772,-32.8044473688,
    51.428421966459));
#427 = CARTESIAN_POINT('',(-33.05712292886,-32.74732443994,
    51.214210983229));
#428 = CARTESIAN_POINT('',(-30.6,-30.29020151108,42.));
#429 = CARTESIAN_POINT('',(-28.2,-27.89020151108,33.));
#430 = CARTESIAN_POINT('',(-25.8,-25.49020151108,24.));
#431 = CARTESIAN_POINT('',(-23.4,-23.09020151108,15.));
#432 = CARTESIAN_POINT('',(-20.97956765551,-20.66976916659,
    5.923378708161));
#433 = CARTESIAN_POINT('',(-20.95913531101,-20.6493368221,5.846757416323
    ));
#434 = CARTESIAN_POINT('',(-20.93870296652,-20.62890447761,
    5.770136124484));
#435 = CARTESIAN_POINT('',(-20.91827062203,-20.60847213312,
    5.693514832645));
#436 = CARTESIAN_POINT('',(-20.89783827754,-20.58803978863,
    5.616893540806));
#437 = ORIENTED_EDGE('',*,*,#438,.T.);
#438 = EDGE_CURVE('',#420,#439,#441,.T.);
#439 = VERTEX_POINT('',#440);
#440 = CARTESIAN_POINT('',(-32.92270120483,49.917255592035,
    50.71012951812));
#441 = B_SPLINE_CURVE_WITH_KNOTS('',2,(#442,#443,#444,#445,#446),
  .UNSPECIFIED.,.F.,.F.,(3,1,1,3),(-2.009040378395,-6.43E-15,
    83.56093681146,84.461309288293),.UNSPECIFIED.);
#442 = CARTESIAN_POINT('',(-32.92270120483,-35.00904037839,
    50.71012951812));
#443 = CARTESIAN_POINT('',(-32.92270120483,-34.00452018919,
    50.71012951812));
#444 = CARTESIAN_POINT('',(-32.92270120483,8.78046840573,50.71012951812)
  );
#445 = CARTESIAN_POINT('',(-32.92270120483,51.011123049876,
    50.71012951812));
#446 = CARTESIAN_POINT('',(-32.92270120483,51.461309288293,
    50.71012951812));
#447 = ORIENTED_EDGE('',*,*,#448,.T.);
#448 = EDGE_CURVE('',#439,#55,#449,.T.);
#449 = B_SPLINE_CURVE_WITH_KNOTS('',5,(#450,#451,#452,#453,#454,#455,
    #456,#457,#458,#459,#460,#461,#462,#463),.UNSPECIFIED.,.F.,.F.,(6,4,
    4,6),(-0.97248826852,3.121737291489E-02,46.855207349829,
    47.29722243479),.UNSPECIFIED.);
#450 = CARTESIAN_POINT('',(-33.25722856388,50.052355567334,
    51.964607114576));
#451 = CARTESIAN_POINT('',(-33.20578285111,50.031579046858,
    51.771685691661));
#452 = CARTESIAN_POINT('',(-33.15433713833,50.010802526381,
    51.578764268746));
#453 = CARTESIAN_POINT('',(-33.10289142555,49.990026005904,
    51.385842845831));
#454 = CARTESIAN_POINT('',(-33.05144571277,49.969249485427,
    51.192921422915));
#455 = CARTESIAN_POINT('',(-30.6,48.979225063572,42.));
#456 = CARTESIAN_POINT('',(-28.2,48.009977162194,33.));
#457 = CARTESIAN_POINT('',(-25.8,47.040729260816,24.));
#458 = CARTESIAN_POINT('',(-23.4,46.071481359438,15.));
#459 = CARTESIAN_POINT('',(-20.97734417326,45.093083827844,
    5.915040649748));
#460 = CARTESIAN_POINT('',(-20.95468834653,45.08393419763,5.830081299496
    ));
#461 = CARTESIAN_POINT('',(-20.93203251979,45.074784567415,
    5.745121949244));
#462 = CARTESIAN_POINT('',(-20.90937669306,45.0656349372,5.660162598992)
  );
#463 = CARTESIAN_POINT('',(-20.88672086633,45.056485306985,5.57520324874
    ));
#464 = B_SPLINE_SURFACE_WITH_KNOTS('',1,1,(
    (#465,#466)
    ,(#467,#468
    )),.UNSPECIFIED.,.F.,.F.,.F.,(2,2),(2,2),(0.,83.250092799132),(0.,1.
    ),.PIECEWISE_BEZIER_KNOTS.);
#465 = CARTESIAN_POINT('',(-33.,-33.,51.));
#466 = CARTESIAN_POINT('',(-21.,-21.,6.));
#467 = CARTESIAN_POINT('',(-33.,50.250092799132,51.));
#468 = CARTESIAN_POINT('',(-21.,45.403853292241,6.));
#469 = ADVANCED_FACE('',(#470),#489,.F.);
#470 = FACE_BOUND('',#471,.T.);
#471 = EDGE_LOOP('',(#472,#473,#481,#488));
#472 = ORIENTED_EDGE('',*,*,#85,.T.);
#473 = ORIENTED_EDGE('',*,*,#474,.T.);
#474 = EDGE_CURVE('',#86,#475,#477,.T.);
#475 = VERTEX_POINT('',#476);
#476 = CARTESIAN_POINT('',(-20.,-8.5,3.));
#477 = LINE('',#478,#479);
#478 = CARTESIAN_POINT('',(-248.8230941477,-8.5,3.));
#479 = VECTOR('',#480,1.);
#480 = DIRECTION('',(1.,0.,0.));
#481 = ORIENTED_EDGE('',*,*,#482,.F.);
#482 = EDGE_CURVE('',#475,#475,#483,.T.);
#483 = CIRCLE('',#484,1.5);
#484 = AXIS2_PLACEMENT_3D('',#485,#486,#487);
#485 = CARTESIAN_POINT('',(-20.,-10.,3.));
#486 = DIRECTION('',(-1.,0.,0.));
#487 = DIRECTION('',(0.,1.,0.));
#488 = ORIENTED_EDGE('',*,*,#474,.F.);
#489 = CYLINDRICAL_SURFACE('',#490,1.5);
#490 = AXIS2_PLACEMENT_3D('',#491,#492,#493);
#491 = CARTESIAN_POINT('',(-248.8230941477,-10.,3.));
#492 = DIRECTION('',(-1.,-0.,-0.));
#493 = DIRECTION('',(0.,1.,0.));
#494 = ADVANCED_FACE('',(#495),#514,.F.);
#495 = FACE_BOUND('',#496,.T.);
#496 = EDGE_LOOP('',(#497,#498,#506,#513));
#497 = ORIENTED_EDGE('',*,*,#96,.T.);
#498 = ORIENTED_EDGE('',*,*,#499,.T.);
#499 = EDGE_CURVE('',#97,#500,#502,.T.);
#500 = VERTEX_POINT('',#501);
#501 = CARTESIAN_POINT('',(-20.,36.5,3.));
#502 = LINE('',#503,#504);
#503 = CARTESIAN_POINT('',(-248.8230941477,36.5,3.));
#504 = VECTOR('',#505,1.);
#505 = DIRECTION('',(1.,0.,0.));
#506 = ORIENTED_EDGE('',*,*,#507,.F.);
#507 = EDGE_CURVE('',#500,#500,#508,.T.);
#508 = CIRCLE('',#509,1.5);
#509 = AXIS2_PLACEMENT_3D('',#510,#511,#512);
#510 = CARTESIAN_POINT('',(-20.,35.,3.));
#511 = DIRECTION('',(-1.,0.,0.));
#512 = DIRECTION('',(0.,1.,0.));
#513 = ORIENTED_EDGE('',*,*,#499,.F.);
#514 = CYLINDRICAL_SURFACE('',#515,1.5);
#515 = AXIS2_PLACEMENT_3D('',#516,#517,#518);
#516 = CARTESIAN_POINT('',(-248.8230941477,35.,3.));
#517 = DIRECTION('',(-1.,-0.,-0.));
#518 = DIRECTION('',(0.,1.,0.));
#519 = ADVANCED_FACE('',(#520),#554,.F.);
#520 = FACE_BOUND('',#521,.F.);
#521 = EDGE_LOOP('',(#522,#523,#524,#525,#533,#548));
#522 = ORIENTED_EDGE('',*,*,#122,.F.);
#523 = ORIENTED_EDGE('',*,*,#268,.T.);
#524 = ORIENTED_EDGE('',*,*,#307,.T.);
#525 = ORIENTED_EDGE('',*,*,#526,.T.);
#526 = EDGE_CURVE('',#308,#527,#529,.T.);
#527 = VERTEX_POINT('',#528);
#528 = CARTESIAN_POINT('',(20.690201511084,-21.,6.));
#529 = LINE('',#530,#531);
#530 = CARTESIAN_POINT('',(-21.,-21.,6.));
#531 = VECTOR('',#532,1.);
#532 = DIRECTION('',(1.,0.,0.));
#533 = ORIENTED_EDGE('',*,*,#534,.T.);
#534 = EDGE_CURVE('',#527,#535,#537,.T.);
#535 = VERTEX_POINT('',#536);
#536 = CARTESIAN_POINT('',(20.7,-21.,5.990201511084));
#537 = B_SPLINE_CURVE_WITH_KNOTS('',9,(#538,#539,#540,#541,#542,#543,
    #544,#545,#546,#547),.UNSPECIFIED.,.F.,.F.,(10,10),(0.,1.),
  .PIECEWISE_BEZIER_KNOTS.);
#538 = CARTESIAN_POINT('',(20.690201511084,-21.,6.));
#539 = CARTESIAN_POINT('',(20.691920322455,-21.,6.));
#540 = CARTESIAN_POINT('',(20.693639152021,-21.,5.999699784232));
#541 = CARTESIAN_POINT('',(20.695297942146,-21.,5.999069207084));
#542 = CARTESIAN_POINT('',(20.696816265776,-21.,5.998100129079));
#543 = CARTESIAN_POINT('',(20.698100129079,-21.,5.996816265776));
#544 = CARTESIAN_POINT('',(20.699069207084,-21.,5.995297942146));
#545 = CARTESIAN_POINT('',(20.699699784232,-21.,5.993639152021));
#546 = CARTESIAN_POINT('',(20.7,-21.,5.991920322455));
#547 = CARTESIAN_POINT('',(20.7,-21.,5.990201511084));
#548 = ORIENTED_EDGE('',*,*,#549,.F.);
#549 = EDGE_CURVE('',#123,#535,#550,.T.);
#550 = LINE('',#551,#552);
#551 = CARTESIAN_POINT('',(20.7,-21.,-9.E-17));
#552 = VECTOR('',#553,1.);
#553 = DIRECTION('',(0.,0.,1.));
#554 = PLANE('',#555);
#555 = AXIS2_PLACEMENT_3D('',#556,#557,#558);
#556 = CARTESIAN_POINT('',(-21.,-21.,-9.E-17));
#557 = DIRECTION('',(0.,1.,0.));
#558 = DIRECTION('',(1.,0.,0.));
#559 = ADVANCED_FACE('',(#560),#594,.F.);
#560 = FACE_BOUND('',#561,.F.);
#561 = EDGE_LOOP('',(#562,#563,#571,#586,#592,#593));
#562 = ORIENTED_EDGE('',*,*,#186,.F.);
#563 = ORIENTED_EDGE('',*,*,#564,.T.);
#564 = EDGE_CURVE('',#179,#565,#567,.T.);
#565 = VERTEX_POINT('',#566);
#566 = CARTESIAN_POINT('',(-8.132983623399,58.735969949539,
    5.998209546668));
#567 = LINE('',#568,#569);
#568 = CARTESIAN_POINT('',(-8.132983623399,58.735969949539,-9.E-17));
#569 = VECTOR('',#570,1.);
#570 = DIRECTION('',(0.,0.,1.));
#571 = ORIENTED_EDGE('',*,*,#572,.F.);
#572 = EDGE_CURVE('',#573,#565,#575,.T.);
#573 = VERTEX_POINT('',#574);
#574 = CARTESIAN_POINT('',(-8.134226993768,58.734681635424,6.));
#575 = B_SPLINE_CURVE_WITH_KNOTS('',9,(#576,#577,#578,#579,#580,#581,
    #582,#583,#584,#585),.UNSPECIFIED.,.F.,.F.,(10,10),(0.,1.),
  .PIECEWISE_BEZIER_KNOTS.);
#576 = CARTESIAN_POINT('',(-8.134226993768,58.734681635424,6.));
#577 = CARTESIAN_POINT('',(-8.13400888678,58.734907626262,6.));
#578 = CARTESIAN_POINT('',(-8.133790777409,58.735133619568,
    5.999945142275));
#579 = CARTESIAN_POINT('',(-8.1335802869,58.735351718616,5.999829918458)
  );
#580 = CARTESIAN_POINT('',(-8.133387620438,58.735551349337,
    5.999652841121));
#581 = CARTESIAN_POINT('',(-8.133224705954,58.735720152643,
    5.999418244263));
#582 = CARTESIAN_POINT('',(-8.13310173558,58.735847567991,5.999140804558
    ));
#583 = CARTESIAN_POINT('',(-8.133021719041,58.735930476864,
    5.998837698224));
#584 = CARTESIAN_POINT('',(-8.132983623399,58.735969949539,
    5.998523620731));
#585 = CARTESIAN_POINT('',(-8.132983623399,58.735969949539,
    5.998209546668));
#586 = ORIENTED_EDGE('',*,*,#587,.T.);
#587 = EDGE_CURVE('',#573,#363,#588,.T.);
#588 = LINE('',#589,#590);
#589 = CARTESIAN_POINT('',(-7.924650290065,58.951833846989,6.));
#590 = VECTOR('',#591,1.);
#591 = DIRECTION('',(-0.694444444444,-0.719546324833,0.));
#592 = ORIENTED_EDGE('',*,*,#371,.T.);
#593 = ORIENTED_EDGE('',*,*,#292,.F.);
#594 = PLANE('',#595);
#595 = AXIS2_PLACEMENT_3D('',#596,#597,#598);
#596 = CARTESIAN_POINT('',(-7.924650290065,58.951833846989,-9.E-17));
#597 = DIRECTION('',(0.719546324833,-0.694444444444,0.));
#598 = DIRECTION('',(-0.694444444444,-0.719546324833,0.));
#599 = ADVANCED_FACE('',(#600),#618,.F.);
#600 = FACE_BOUND('',#601,.F.);
#601 = EDGE_LOOP('',(#602,#603,#604,#612));
#602 = ORIENTED_EDGE('',*,*,#130,.F.);
#603 = ORIENTED_EDGE('',*,*,#549,.T.);
#604 = ORIENTED_EDGE('',*,*,#605,.T.);
#605 = EDGE_CURVE('',#535,#606,#608,.T.);
#606 = VERTEX_POINT('',#607);
#607 = CARTESIAN_POINT('',(21.,-20.7,5.990201511084));
#608 = LINE('',#609,#610);
#609 = CARTESIAN_POINT('',(20.7,-21.,5.990201511084));
#610 = VECTOR('',#611,1.);
#611 = DIRECTION('',(0.707106781187,0.707106781187,0.));
#612 = ORIENTED_EDGE('',*,*,#613,.F.);
#613 = EDGE_CURVE('',#131,#606,#614,.T.);
#614 = LINE('',#615,#616);
#615 = CARTESIAN_POINT('',(21.,-20.7,-9.E-17));
#616 = VECTOR('',#617,1.);
#617 = DIRECTION('',(0.,0.,1.));
#618 = PLANE('',#619);
#619 = AXIS2_PLACEMENT_3D('',#620,#621,#622);
#620 = CARTESIAN_POINT('',(20.85,-20.85,-9.E-17));
#621 = DIRECTION('',(-0.707106781187,0.707106781187,0.));
#622 = DIRECTION('',(0.,0.,1.));
#623 = ADVANCED_FACE('',(#624),#642,.F.);
#624 = FACE_BOUND('',#625,.T.);
#625 = EDGE_LOOP('',(#626,#627,#628,#636));
#626 = ORIENTED_EDGE('',*,*,#178,.F.);
#627 = ORIENTED_EDGE('',*,*,#564,.T.);
#628 = ORIENTED_EDGE('',*,*,#629,.T.);
#629 = EDGE_CURVE('',#565,#630,#632,.T.);
#630 = VERTEX_POINT('',#631);
#631 = CARTESIAN_POINT('',(-7.624650290065,58.951833846989,
    5.998209546668));
#632 = LINE('',#633,#634);
#633 = CARTESIAN_POINT('',(-8.132983623399,58.735969949539,
    5.998209546668));
#634 = VECTOR('',#635,1.);
#635 = DIRECTION('',(0.920446751432,0.390867979985,0.));
#636 = ORIENTED_EDGE('',*,*,#637,.F.);
#637 = EDGE_CURVE('',#171,#630,#638,.T.);
#638 = LINE('',#639,#640);
#639 = CARTESIAN_POINT('',(-7.624650290065,58.951833846989,-9.E-17));
#640 = VECTOR('',#641,1.);
#641 = DIRECTION('',(0.,0.,1.));
#642 = PLANE('',#643);
#643 = AXIS2_PLACEMENT_3D('',#644,#645,#646);
#644 = CARTESIAN_POINT('',(-7.878816956732,58.843901898264,-9.E-17));
#645 = DIRECTION('',(0.390867979985,-0.920446751432,0.));
#646 = DIRECTION('',(0.,0.,-1.));
#647 = ADVANCED_FACE('',(#648,#696,#707),#718,.T.);
#648 = FACE_BOUND('',#649,.T.);
#649 = EDGE_LOOP('',(#650,#651,#659,#674,#682,#695));
#650 = ORIENTED_EDGE('',*,*,#138,.F.);
#651 = ORIENTED_EDGE('',*,*,#652,.T.);
#652 = EDGE_CURVE('',#139,#653,#655,.T.);
#653 = VERTEX_POINT('',#654);
#654 = CARTESIAN_POINT('',(21.,45.103853292241,5.998380165818));
#655 = LINE('',#656,#657);
#656 = CARTESIAN_POINT('',(21.,45.103853292241,-9.E-17));
#657 = VECTOR('',#658,1.);
#658 = DIRECTION('',(0.,0.,1.));
#659 = ORIENTED_EDGE('',*,*,#660,.F.);
#660 = EDGE_CURVE('',#661,#653,#663,.T.);
#661 = VERTEX_POINT('',#662);
#662 = CARTESIAN_POINT('',(21.,45.102233458059,6.));
#663 = B_SPLINE_CURVE_WITH_KNOTS('',9,(#664,#665,#666,#667,#668,#669,
    #670,#671,#672,#673),.UNSPECIFIED.,.F.,.F.,(10,10),(0.,1.),
  .PIECEWISE_BEZIER_KNOTS.);
#664 = CARTESIAN_POINT('',(21.,45.102233458059,6.));
#665 = CARTESIAN_POINT('',(21.,45.102517602803,6.));
#666 = CARTESIAN_POINT('',(21.,45.10280175065,5.999950369877));
#667 = CARTESIAN_POINT('',(21.,45.103075972821,5.999846126179));
#668 = CARTESIAN_POINT('',(21.,45.103326974235,5.999685923219));
#669 = CARTESIAN_POINT('',(21.,45.10353921546,5.999473681994));
#670 = CARTESIAN_POINT('',(21.,45.10369941842,5.99922268058));
#671 = CARTESIAN_POINT('',(21.,45.103803662118,5.998948458409));
#672 = CARTESIAN_POINT('',(21.,45.103853292241,5.998664310562));
#673 = CARTESIAN_POINT('',(21.,45.103853292241,5.998380165818));
#674 = ORIENTED_EDGE('',*,*,#675,.T.);
#675 = EDGE_CURVE('',#661,#676,#678,.T.);
#676 = VERTEX_POINT('',#677);
#677 = CARTESIAN_POINT('',(21.,-20.69020151108,6.));
#678 = LINE('',#679,#680);
#679 = CARTESIAN_POINT('',(21.,45.403853292241,6.));
#680 = VECTOR('',#681,1.);
#681 = DIRECTION('',(0.,-1.,0.));
#682 = ORIENTED_EDGE('',*,*,#683,.F.);
#683 = EDGE_CURVE('',#606,#676,#684,.T.);
#684 = B_SPLINE_CURVE_WITH_KNOTS('',9,(#685,#686,#687,#688,#689,#690,
    #691,#692,#693,#694),.UNSPECIFIED.,.F.,.F.,(10,10),(0.,1.),
  .PIECEWISE_BEZIER_KNOTS.);
#685 = CARTESIAN_POINT('',(21.,-20.7,5.990201511084));
#686 = CARTESIAN_POINT('',(21.,-20.7,5.991920322277));
#687 = CARTESIAN_POINT('',(21.,-20.69969978395,5.993639152241));
#688 = CARTESIAN_POINT('',(21.,-20.69906920662,5.995297941105));
#689 = CARTESIAN_POINT('',(21.,-20.69810012784,5.996816266007));
#690 = CARTESIAN_POINT('',(21.,-20.696816266,5.998100127845));
#691 = CARTESIAN_POINT('',(21.,-20.6952979411,5.999069206624));
#692 = CARTESIAN_POINT('',(21.,-20.69363915224,5.999699783957));
#693 = CARTESIAN_POINT('',(21.,-20.69192032227,6.));
#694 = CARTESIAN_POINT('',(21.,-20.69020151108,6.));
#695 = ORIENTED_EDGE('',*,*,#613,.F.);
#696 = FACE_BOUND('',#697,.T.);
#697 = EDGE_LOOP('',(#698));
#698 = ORIENTED_EDGE('',*,*,#699,.T.);
#699 = EDGE_CURVE('',#700,#700,#702,.T.);
#700 = VERTEX_POINT('',#701);
#701 = CARTESIAN_POINT('',(21.,36.5,3.));
#702 = CIRCLE('',#703,1.5);
#703 = AXIS2_PLACEMENT_3D('',#704,#705,#706);
#704 = CARTESIAN_POINT('',(21.,35.,3.));
#705 = DIRECTION('',(-1.,0.,0.));
#706 = DIRECTION('',(0.,1.,0.));
#707 = FACE_BOUND('',#708,.T.);
#708 = EDGE_LOOP('',(#709));
#709 = ORIENTED_EDGE('',*,*,#710,.T.);
#710 = EDGE_CURVE('',#711,#711,#713,.T.);
#711 = VERTEX_POINT('',#712);
#712 = CARTESIAN_POINT('',(21.,-8.5,3.));
#713 = CIRCLE('',#714,1.5);
#714 = AXIS2_PLACEMENT_3D('',#715,#716,#717);
#715 = CARTESIAN_POINT('',(21.,-10.,3.));
#716 = DIRECTION('',(-1.,0.,0.));
#717 = DIRECTION('',(0.,1.,0.));
#718 = PLANE('',#719);
#719 = AXIS2_PLACEMENT_3D('',#720,#721,#722);
#720 = CARTESIAN_POINT('',(21.,45.403853292241,-9.E-17));
#721 = DIRECTION('',(1.,0.,0.));
#722 = DIRECTION('',(0.,-1.,0.));
#723 = ADVANCED_FACE('',(#724),#772,.T.);
#724 = FACE_BOUND('',#725,.T.);
#725 = EDGE_LOOP('',(#726,#727,#728,#743,#751,#766));
#726 = ORIENTED_EDGE('',*,*,#170,.F.);
#727 = ORIENTED_EDGE('',*,*,#637,.T.);
#728 = ORIENTED_EDGE('',*,*,#729,.T.);
#729 = EDGE_CURVE('',#630,#730,#732,.T.);
#730 = VERTEX_POINT('',#731);
#731 = CARTESIAN_POINT('',(-7.622859836733,58.951833846989,6.));
#732 = B_SPLINE_CURVE_WITH_KNOTS('',9,(#733,#734,#735,#736,#737,#738,
    #739,#740,#741,#742),.UNSPECIFIED.,.F.,.F.,(10,10),(0.,1.),
  .PIECEWISE_BEZIER_KNOTS.);
#733 = CARTESIAN_POINT('',(-7.624650290065,58.951833846989,
    5.998209546668));
#734 = CARTESIAN_POINT('',(-7.624650290065,58.951833846989,
    5.998523620764));
#735 = CARTESIAN_POINT('',(-7.62459543239,58.951833846989,5.998837698183
    ));
#736 = CARTESIAN_POINT('',(-7.624480208608,58.951833846989,5.99914080475
    ));
#737 = CARTESIAN_POINT('',(-7.624303131414,58.951833846989,
    5.999418244221));
#738 = CARTESIAN_POINT('',(-7.624068534286,58.951833846989,
    5.999652841349));
#739 = CARTESIAN_POINT('',(-7.623791094815,58.951833846989,
    5.999829918543));
#740 = CARTESIAN_POINT('',(-7.623487988249,58.951833846989,
    5.999945142325));
#741 = CARTESIAN_POINT('',(-7.623173910829,58.951833846989,6.));
#742 = CARTESIAN_POINT('',(-7.622859836733,58.951833846989,6.));
#743 = ORIENTED_EDGE('',*,*,#744,.T.);
#744 = EDGE_CURVE('',#730,#745,#747,.T.);
#745 = VERTEX_POINT('',#746);
#746 = CARTESIAN_POINT('',(7.622859836733,58.951833846989,6.));
#747 = LINE('',#748,#749);
#748 = CARTESIAN_POINT('',(-7.924650290065,58.951833846989,6.));
#749 = VECTOR('',#750,1.);
#750 = DIRECTION('',(1.,0.,0.));
#751 = ORIENTED_EDGE('',*,*,#752,.F.);
#752 = EDGE_CURVE('',#753,#745,#755,.T.);
#753 = VERTEX_POINT('',#754);
#754 = CARTESIAN_POINT('',(7.624650290065,58.951833846989,5.998209546668
    ));
#755 = B_SPLINE_CURVE_WITH_KNOTS('',9,(#756,#757,#758,#759,#760,#761,
    #762,#763,#764,#765),.UNSPECIFIED.,.F.,.F.,(10,10),(0.,1.),
  .PIECEWISE_BEZIER_KNOTS.);
#756 = CARTESIAN_POINT('',(7.624650290065,58.951833846989,5.998209546668
    ));
#757 = CARTESIAN_POINT('',(7.624650290065,58.951833846989,5.998523620731
    ));
#758 = CARTESIAN_POINT('',(7.62459543234,58.951833846989,5.998837698224)
  );
#759 = CARTESIAN_POINT('',(7.624480208524,58.951833846989,5.999140804558
    ));
#760 = CARTESIAN_POINT('',(7.624303131186,58.951833846989,5.999418244263
    ));
#761 = CARTESIAN_POINT('',(7.624068534329,58.951833846989,5.999652841121
    ));
#762 = CARTESIAN_POINT('',(7.623791094623,58.951833846989,5.999829918458
    ));
#763 = CARTESIAN_POINT('',(7.623487988289,58.951833846989,5.999945142275
    ));
#764 = CARTESIAN_POINT('',(7.623173910796,58.951833846989,6.));
#765 = CARTESIAN_POINT('',(7.622859836733,58.951833846989,6.));
#766 = ORIENTED_EDGE('',*,*,#767,.F.);
#767 = EDGE_CURVE('',#163,#753,#768,.T.);
#768 = LINE('',#769,#770);
#769 = CARTESIAN_POINT('',(7.624650290065,58.951833846989,-9.E-17));
#770 = VECTOR('',#771,1.);
#771 = DIRECTION('',(0.,0.,1.));
#772 = PLANE('',#773);
#773 = AXIS2_PLACEMENT_3D('',#774,#775,#776);
#774 = CARTESIAN_POINT('',(-7.924650290065,58.951833846989,-9.E-17));
#775 = DIRECTION('',(0.,1.,0.));
#776 = DIRECTION('',(1.,0.,0.));
#777 = ADVANCED_FACE('',(#778),#796,.F.);
#778 = FACE_BOUND('',#779,.F.);
#779 = EDGE_LOOP('',(#780,#781,#782,#790));
#780 = ORIENTED_EDGE('',*,*,#146,.F.);
#781 = ORIENTED_EDGE('',*,*,#652,.T.);
#782 = ORIENTED_EDGE('',*,*,#783,.T.);
#783 = EDGE_CURVE('',#653,#784,#786,.T.);
#784 = VERTEX_POINT('',#785);
#785 = CARTESIAN_POINT('',(20.791666666667,45.619717189691,
    5.998380165818));
#786 = LINE('',#787,#788);
#787 = CARTESIAN_POINT('',(21.,45.103853292241,5.998380165818));
#788 = VECTOR('',#789,1.);
#789 = DIRECTION('',(-0.374468740463,0.927239538855,0.));
#790 = ORIENTED_EDGE('',*,*,#791,.F.);
#791 = EDGE_CURVE('',#147,#784,#792,.T.);
#792 = LINE('',#793,#794);
#793 = CARTESIAN_POINT('',(20.791666666667,45.619717189691,-9.E-17));
#794 = VECTOR('',#795,1.);
#795 = DIRECTION('',(0.,0.,1.));
#796 = PLANE('',#797);
#797 = AXIS2_PLACEMENT_3D('',#798,#799,#800);
#798 = CARTESIAN_POINT('',(20.895833333333,45.361785240966,-9.E-17));
#799 = DIRECTION('',(-0.927239538855,-0.374468740463,-0.));
#800 = DIRECTION('',(0.,0.,1.));
#801 = ADVANCED_FACE('',(#802),#820,.F.);
#802 = FACE_BOUND('',#803,.T.);
#803 = EDGE_LOOP('',(#804,#805,#806,#814));
#804 = ORIENTED_EDGE('',*,*,#162,.F.);
#805 = ORIENTED_EDGE('',*,*,#767,.T.);
#806 = ORIENTED_EDGE('',*,*,#807,.F.);
#807 = EDGE_CURVE('',#808,#753,#810,.T.);
#808 = VERTEX_POINT('',#809);
#809 = CARTESIAN_POINT('',(8.132983623399,58.735969949539,5.998209546668
    ));
#810 = LINE('',#811,#812);
#811 = CARTESIAN_POINT('',(8.132983623399,58.735969949539,5.998209546668
    ));
#812 = VECTOR('',#813,1.);
#813 = DIRECTION('',(-0.920446751432,0.390867979985,0.));
#814 = ORIENTED_EDGE('',*,*,#815,.F.);
#815 = EDGE_CURVE('',#155,#808,#816,.T.);
#816 = LINE('',#817,#818);
#817 = CARTESIAN_POINT('',(8.132983623399,58.735969949539,-9.E-17));
#818 = VECTOR('',#819,1.);
#819 = DIRECTION('',(0.,0.,1.));
#820 = PLANE('',#821);
#821 = AXIS2_PLACEMENT_3D('',#822,#823,#824);
#822 = CARTESIAN_POINT('',(7.878816956732,58.843901898264,-9.E-17));
#823 = DIRECTION('',(-0.390867979985,-0.920446751432,0.));
#824 = DIRECTION('',(-0.,-0.,-1.));
#825 = ADVANCED_FACE('',(#826),#867,.F.);
#826 = FACE_BOUND('',#827,.F.);
#827 = EDGE_LOOP('',(#828,#829,#830,#845,#853,#866));
#828 = ORIENTED_EDGE('',*,*,#154,.F.);
#829 = ORIENTED_EDGE('',*,*,#791,.T.);
#830 = ORIENTED_EDGE('',*,*,#831,.T.);
#831 = EDGE_CURVE('',#784,#832,#834,.T.);
#832 = VERTEX_POINT('',#833);
#833 = CARTESIAN_POINT('',(20.790541781818,45.620882735423,6.));
#834 = B_SPLINE_CURVE_WITH_KNOTS('',9,(#835,#836,#837,#838,#839,#840,
    #841,#842,#843,#844),.UNSPECIFIED.,.F.,.F.,(10,10),(0.,1.),
  .PIECEWISE_BEZIER_KNOTS.);
#835 = CARTESIAN_POINT('',(20.791666666667,45.619717189691,
    5.998380165818));
#836 = CARTESIAN_POINT('',(20.791666666667,45.619717189691,
    5.998664310592));
#837 = CARTESIAN_POINT('',(20.791632201335,45.61975290083,5.998948458372
    ));
#838 = CARTESIAN_POINT('',(20.7915598099,45.619827908978,5.999222680754)
  );
#839 = CARTESIAN_POINT('',(20.791448557934,45.619943182336,
    5.999473681955));
#840 = CARTESIAN_POINT('',(20.791301168025,45.620095899905,
    5.999685923425));
#841 = CARTESIAN_POINT('',(20.791126861635,45.620276506898,
    5.999846126256));
#842 = CARTESIAN_POINT('',(20.790936429425,45.620473822604,
    5.999950369923));
#843 = CARTESIAN_POINT('',(20.790739104578,45.620678280096,6.));
#844 = CARTESIAN_POINT('',(20.790541781818,45.620882735423,6.));
#845 = ORIENTED_EDGE('',*,*,#846,.T.);
#846 = EDGE_CURVE('',#832,#847,#849,.T.);
#847 = VERTEX_POINT('',#848);
#848 = CARTESIAN_POINT('',(8.134226993768,58.734681635424,6.));
#849 = LINE('',#850,#851);
#850 = CARTESIAN_POINT('',(21.,45.403853292241,6.));
#851 = VECTOR('',#852,1.);
#852 = DIRECTION('',(-0.694444444444,0.719546324833,-0.));
#853 = ORIENTED_EDGE('',*,*,#854,.T.);
#854 = EDGE_CURVE('',#847,#808,#855,.T.);
#855 = B_SPLINE_CURVE_WITH_KNOTS('',9,(#856,#857,#858,#859,#860,#861,
    #862,#863,#864,#865),.UNSPECIFIED.,.F.,.F.,(10,10),(0.,1.),
  .PIECEWISE_BEZIER_KNOTS.);
#856 = CARTESIAN_POINT('',(8.134226993768,58.734681635424,6.));
#857 = CARTESIAN_POINT('',(8.13400888678,58.734907626262,6.));
#858 = CARTESIAN_POINT('',(8.133790777409,58.735133619568,5.999945142275
    ));
#859 = CARTESIAN_POINT('',(8.1335802869,58.735351718616,5.999829918458)
  );
#860 = CARTESIAN_POINT('',(8.133387620438,58.735551349337,5.999652841121
    ));
#861 = CARTESIAN_POINT('',(8.133224705954,58.735720152643,5.999418244263
    ));
#862 = CARTESIAN_POINT('',(8.13310173558,58.735847567991,5.999140804558)
  );
#863 = CARTESIAN_POINT('',(8.133021719041,58.735930476864,5.998837698224
    ));
#864 = CARTESIAN_POINT('',(8.132983623399,58.735969949539,5.998523620731
    ));
#865 = CARTESIAN_POINT('',(8.132983623399,58.735969949539,5.998209546668
    ));
#866 = ORIENTED_EDGE('',*,*,#815,.F.);
#867 = PLANE('',#868);
#868 = AXIS2_PLACEMENT_3D('',#869,#870,#871);
#869 = CARTESIAN_POINT('',(21.,45.403853292241,-9.E-17));
#870 = DIRECTION('',(-0.719546324833,-0.694444444444,-0.));
#871 = DIRECTION('',(-0.694444444444,0.719546324833,0.));
#872 = ADVANCED_FACE('',(#873,#898,#901),#904,.T.);
#873 = FACE_BOUND('',#874,.T.);
#874 = EDGE_LOOP('',(#875,#883,#891,#897));
#875 = ORIENTED_EDGE('',*,*,#876,.T.);
#876 = EDGE_CURVE('',#203,#877,#879,.T.);
#877 = VERTEX_POINT('',#878);
#878 = CARTESIAN_POINT('',(-20.,45.,6.));
#879 = LINE('',#880,#881);
#880 = CARTESIAN_POINT('',(-20.,45.,-9.E-17));
#881 = VECTOR('',#882,1.);
#882 = DIRECTION('',(0.,0.,1.));
#883 = ORIENTED_EDGE('',*,*,#884,.T.);
#884 = EDGE_CURVE('',#877,#885,#887,.T.);
#885 = VERTEX_POINT('',#886);
#886 = CARTESIAN_POINT('',(-20.,-20.,6.));
#887 = LINE('',#888,#889);
#888 = CARTESIAN_POINT('',(-20.,45.,6.));
#889 = VECTOR('',#890,1.);
#890 = DIRECTION('',(0.,-1.,0.));
#891 = ORIENTED_EDGE('',*,*,#892,.F.);
#892 = EDGE_CURVE('',#205,#885,#893,.T.);
#893 = LINE('',#894,#895);
#894 = CARTESIAN_POINT('',(-20.,-20.,-9.E-17));
#895 = VECTOR('',#896,1.);
#896 = DIRECTION('',(0.,0.,1.));
#897 = ORIENTED_EDGE('',*,*,#202,.F.);
#898 = FACE_BOUND('',#899,.T.);
#899 = EDGE_LOOP('',(#900));
#900 = ORIENTED_EDGE('',*,*,#507,.T.);
#901 = FACE_BOUND('',#902,.T.);
#902 = EDGE_LOOP('',(#903));
#903 = ORIENTED_EDGE('',*,*,#482,.T.);
#904 = PLANE('',#905);
#905 = AXIS2_PLACEMENT_3D('',#906,#907,#908);
#906 = CARTESIAN_POINT('',(-20.,45.,-9.E-17));
#907 = DIRECTION('',(1.,0.,0.));
#908 = DIRECTION('',(0.,-1.,0.));
#909 = ADVANCED_FACE('',(#910),#928,.T.);
#910 = FACE_BOUND('',#911,.T.);
#911 = EDGE_LOOP('',(#912,#920,#926,#927));
#912 = ORIENTED_EDGE('',*,*,#913,.T.);
#913 = EDGE_CURVE('',#213,#914,#916,.T.);
#914 = VERTEX_POINT('',#915);
#915 = CARTESIAN_POINT('',(-7.5,57.951833846989,6.));
#916 = LINE('',#917,#918);
#917 = CARTESIAN_POINT('',(-7.5,57.951833846989,-9.E-17));
#918 = VECTOR('',#919,1.);
#919 = DIRECTION('',(0.,0.,1.));
#920 = ORIENTED_EDGE('',*,*,#921,.T.);
#921 = EDGE_CURVE('',#914,#877,#922,.T.);
#922 = LINE('',#923,#924);
#923 = CARTESIAN_POINT('',(-7.5,57.951833846989,6.));
#924 = VECTOR('',#925,1.);
#925 = DIRECTION('',(-0.694444444444,-0.719546324833,0.));
#926 = ORIENTED_EDGE('',*,*,#876,.F.);
#927 = ORIENTED_EDGE('',*,*,#212,.F.);
#928 = PLANE('',#929);
#929 = AXIS2_PLACEMENT_3D('',#930,#931,#932);
#930 = CARTESIAN_POINT('',(-7.5,57.951833846989,-9.E-17));
#931 = DIRECTION('',(0.719546324833,-0.694444444444,0.));
#932 = DIRECTION('',(-0.694444444444,-0.719546324833,0.));
#933 = ADVANCED_FACE('',(#934),#952,.F.);
#934 = FACE_BOUND('',#935,.F.);
#935 = EDGE_LOOP('',(#936,#937,#945,#951));
#936 = ORIENTED_EDGE('',*,*,#913,.T.);
#937 = ORIENTED_EDGE('',*,*,#938,.T.);
#938 = EDGE_CURVE('',#914,#939,#941,.T.);
#939 = VERTEX_POINT('',#940);
#940 = CARTESIAN_POINT('',(7.5,57.951833846989,6.));
#941 = LINE('',#942,#943);
#942 = CARTESIAN_POINT('',(-7.5,57.951833846989,6.));
#943 = VECTOR('',#944,1.);
#944 = DIRECTION('',(1.,0.,0.));
#945 = ORIENTED_EDGE('',*,*,#946,.F.);
#946 = EDGE_CURVE('',#221,#939,#947,.T.);
#947 = LINE('',#948,#949);
#948 = CARTESIAN_POINT('',(7.5,57.951833846989,-9.E-17));
#949 = VECTOR('',#950,1.);
#950 = DIRECTION('',(0.,0.,1.));
#951 = ORIENTED_EDGE('',*,*,#220,.F.);
#952 = PLANE('',#953);
#953 = AXIS2_PLACEMENT_3D('',#954,#955,#956);
#954 = CARTESIAN_POINT('',(-7.5,57.951833846989,-9.E-17));
#955 = DIRECTION('',(0.,1.,0.));
#956 = DIRECTION('',(1.,0.,0.));
#957 = ADVANCED_FACE('',(#958),#976,.T.);
#958 = FACE_BOUND('',#959,.T.);
#959 = EDGE_LOOP('',(#960,#968,#974,#975));
#960 = ORIENTED_EDGE('',*,*,#961,.T.);
#961 = EDGE_CURVE('',#229,#962,#964,.T.);
#962 = VERTEX_POINT('',#963);
#963 = CARTESIAN_POINT('',(20.,45.,6.));
#964 = LINE('',#965,#966);
#965 = CARTESIAN_POINT('',(20.,45.,-9.E-17));
#966 = VECTOR('',#967,1.);
#967 = DIRECTION('',(0.,0.,1.));
#968 = ORIENTED_EDGE('',*,*,#969,.T.);
#969 = EDGE_CURVE('',#962,#939,#970,.T.);
#970 = LINE('',#971,#972);
#971 = CARTESIAN_POINT('',(20.,45.,6.));
#972 = VECTOR('',#973,1.);
#973 = DIRECTION('',(-0.694444444444,0.719546324833,-0.));
#974 = ORIENTED_EDGE('',*,*,#946,.F.);
#975 = ORIENTED_EDGE('',*,*,#228,.F.);
#976 = PLANE('',#977);
#977 = AXIS2_PLACEMENT_3D('',#978,#979,#980);
#978 = CARTESIAN_POINT('',(20.,45.,-9.E-17));
#979 = DIRECTION('',(-0.719546324833,-0.694444444444,-0.));
#980 = DIRECTION('',(-0.694444444444,0.719546324833,0.));
#981 = ADVANCED_FACE('',(#982,#1000,#1011),#1022,.T.);
#982 = FACE_BOUND('',#983,.T.);
#983 = EDGE_LOOP('',(#984,#992,#998,#999));
#984 = ORIENTED_EDGE('',*,*,#985,.T.);
#985 = EDGE_CURVE('',#237,#986,#988,.T.);
#986 = VERTEX_POINT('',#987);
#987 = CARTESIAN_POINT('',(20.,-20.,6.));
#988 = LINE('',#989,#990);
#989 = CARTESIAN_POINT('',(20.,-20.,-9.E-17));
#990 = VECTOR('',#991,1.);
#991 = DIRECTION('',(0.,0.,1.));
#992 = ORIENTED_EDGE('',*,*,#993,.T.);
#993 = EDGE_CURVE('',#986,#962,#994,.T.);
#994 = LINE('',#995,#996);
#995 = CARTESIAN_POINT('',(20.,-20.,6.));
#996 = VECTOR('',#997,1.);
#997 = DIRECTION('',(0.,1.,0.));
#998 = ORIENTED_EDGE('',*,*,#961,.F.);
#999 = ORIENTED_EDGE('',*,*,#236,.F.);
#1000 = FACE_BOUND('',#1001,.T.);
#1001 = EDGE_LOOP('',(#1002));
#1002 = ORIENTED_EDGE('',*,*,#1003,.F.);
#1003 = EDGE_CURVE('',#1004,#1004,#1006,.T.);
#1004 = VERTEX_POINT('',#1005);
#1005 = CARTESIAN_POINT('',(20.,-8.5,3.));
#1006 = CIRCLE('',#1007,1.5);
#1007 = AXIS2_PLACEMENT_3D('',#1008,#1009,#1010);
#1008 = CARTESIAN_POINT('',(20.,-10.,3.));
#1009 = DIRECTION('',(-1.,0.,0.));
#1010 = DIRECTION('',(0.,1.,0.));
#1011 = FACE_BOUND('',#1012,.T.);
#1012 = EDGE_LOOP('',(#1013));
#1013 = ORIENTED_EDGE('',*,*,#1014,.F.);
#1014 = EDGE_CURVE('',#1015,#1015,#1017,.T.);
#1015 = VERTEX_POINT('',#1016);
#1016 = CARTESIAN_POINT('',(20.,36.5,3.));
#1017 = CIRCLE('',#1018,1.5);
#1018 = AXIS2_PLACEMENT_3D('',#1019,#1020,#1021);
#1019 = CARTESIAN_POINT('',(20.,35.,3.));
#1020 = DIRECTION('',(-1.,0.,0.));
#1021 = DIRECTION('',(0.,1.,0.));
#1022 = PLANE('',#1023);
#1023 = AXIS2_PLACEMENT_3D('',#1024,#1025,#1026);
#1024 = CARTESIAN_POINT('',(20.,-20.,-9.E-17));
#1025 = DIRECTION('',(-1.,0.,0.));
#1026 = DIRECTION('',(0.,1.,0.));
#1027 = ADVANCED_FACE('',(#1028),#1039,.T.);
#1028 = FACE_BOUND('',#1029,.T.);
#1029 = EDGE_LOOP('',(#1030,#1031,#1037,#1038));
#1030 = ORIENTED_EDGE('',*,*,#892,.T.);
#1031 = ORIENTED_EDGE('',*,*,#1032,.T.);
#1032 = EDGE_CURVE('',#885,#986,#1033,.T.);
#1033 = LINE('',#1034,#1035);
#1034 = CARTESIAN_POINT('',(-20.,-20.,6.));
#1035 = VECTOR('',#1036,1.);
#1036 = DIRECTION('',(1.,0.,0.));
#1037 = ORIENTED_EDGE('',*,*,#985,.F.);
#1038 = ORIENTED_EDGE('',*,*,#244,.F.);
#1039 = PLANE('',#1040);
#1040 = AXIS2_PLACEMENT_3D('',#1041,#1042,#1043);
#1041 = CARTESIAN_POINT('',(-20.,-20.,-9.E-17));
#1042 = DIRECTION('',(0.,1.,0.));
#1043 = DIRECTION('',(1.,0.,0.));
#1044 = ADVANCED_FACE('',(#1045),#1076,.F.);
#1045 = FACE_BOUND('',#1046,.F.);
#1046 = EDGE_LOOP('',(#1047,#1048,#1058,#1075));
#1047 = ORIENTED_EDGE('',*,*,#419,.F.);
#1048 = ORIENTED_EDGE('',*,*,#1049,.F.);
#1049 = EDGE_CURVE('',#1050,#420,#1052,.T.);
#1050 = VERTEX_POINT('',#1051);
#1051 = CARTESIAN_POINT('',(-32.61290271591,-32.92270120483,
    50.71012951812));
#1052 = B_SPLINE_CURVE_WITH_KNOTS('',4,(#1053,#1054,#1055,#1056,#1057),
  .UNSPECIFIED.,.F.,.F.,(5,5),(0.,1.),.PIECEWISE_BEZIER_KNOTS.);
#1053 = CARTESIAN_POINT('',(-32.61290271591,-32.92270120483,
    50.71012951812));
#1054 = CARTESIAN_POINT('',(-32.69035233814,-32.8452515826,
    50.71012951812));
#1055 = CARTESIAN_POINT('',(-32.76780196037,-32.76780196037,
    50.71012951812));
#1056 = CARTESIAN_POINT('',(-32.8452515826,-32.69035233814,
    50.71012951812));
#1057 = CARTESIAN_POINT('',(-32.92270120483,-32.61290271591,
    50.71012951812));
#1058 = ORIENTED_EDGE('',*,*,#1059,.T.);
#1059 = EDGE_CURVE('',#1050,#308,#1060,.T.);
#1060 = B_SPLINE_CURVE_WITH_KNOTS('',5,(#1061,#1062,#1063,#1064,#1065,
    #1066,#1067,#1068,#1069,#1070,#1071,#1072,#1073,#1074),
  .UNSPECIFIED.,.F.,.F.,(6,4,4,6),(-1.067388971643,7.72987951681E-02,
    48.170957420812,48.580401671162),.UNSPECIFIED.);
#1061 = CARTESIAN_POINT('',(-32.97581615539,-33.2856146443,
    52.071054916147));
#1062 = CARTESIAN_POINT('',(-32.91869322652,-33.22849171544,
    51.856843932918));
#1063 = CARTESIAN_POINT('',(-32.86157029766,-33.17136878658,
    51.642632949688));
#1064 = CARTESIAN_POINT('',(-32.8044473688,-33.11424585772,
    51.428421966459));
#1065 = CARTESIAN_POINT('',(-32.74732443994,-33.05712292886,
    51.214210983229));
#1066 = CARTESIAN_POINT('',(-30.29020151108,-30.6,42.));
#1067 = CARTESIAN_POINT('',(-27.89020151108,-28.2,33.));
#1068 = CARTESIAN_POINT('',(-25.49020151108,-25.8,24.));
#1069 = CARTESIAN_POINT('',(-23.09020151108,-23.4,15.));
#1070 = CARTESIAN_POINT('',(-20.66976916659,-20.97956765551,
    5.923378708161));
#1071 = CARTESIAN_POINT('',(-20.6493368221,-20.95913531101,
    5.846757416323));
#1072 = CARTESIAN_POINT('',(-20.62890447761,-20.93870296652,
    5.770136124484));
#1073 = CARTESIAN_POINT('',(-20.60847213312,-20.91827062203,
    5.693514832645));
#1074 = CARTESIAN_POINT('',(-20.58803978863,-20.89783827754,
    5.616893540806));
#1075 = ORIENTED_EDGE('',*,*,#322,.T.);
#1076 = B_SPLINE_SURFACE_WITH_KNOTS('',1,5,(
    (#1077,#1078,#1079,#1080,#1081,#1082,#1083,#1084,#1085,#1086,#1087
      ,#1088,#1089,#1090)
    ,(#1091,#1092,#1093,#1094,#1095,#1096,#1097,#1098,#1099,#1100,#1101
      ,#1102,#1103,#1104
    )),.UNSPECIFIED.,.F.,.F.,.F.,(2,2),(6,4,4,6),(0.,48.093658625644),(
    -1.067388971643,7.72987951681E-02,48.170957420812,48.580401671162),
  .UNSPECIFIED.);
#1077 = CARTESIAN_POINT('',(-33.2856146443,-32.97581615539,
    52.071054916147));
#1078 = CARTESIAN_POINT('',(-33.22849171544,-32.91869322652,
    51.856843932918));
#1079 = CARTESIAN_POINT('',(-33.17136878658,-32.86157029766,
    51.642632949688));
#1080 = CARTESIAN_POINT('',(-33.11424585772,-32.8044473688,
    51.428421966459));
#1081 = CARTESIAN_POINT('',(-33.05712292886,-32.74732443994,
    51.214210983229));
#1082 = CARTESIAN_POINT('',(-30.6,-30.29020151108,42.));
#1083 = CARTESIAN_POINT('',(-28.2,-27.89020151108,33.));
#1084 = CARTESIAN_POINT('',(-25.8,-25.49020151108,24.));
#1085 = CARTESIAN_POINT('',(-23.4,-23.09020151108,15.));
#1086 = CARTESIAN_POINT('',(-20.97956765551,-20.66976916659,
    5.923378708161));
#1087 = CARTESIAN_POINT('',(-20.95913531101,-20.6493368221,
    5.846757416323));
#1088 = CARTESIAN_POINT('',(-20.93870296652,-20.62890447761,
    5.770136124484));
#1089 = CARTESIAN_POINT('',(-20.91827062203,-20.60847213312,
    5.693514832645));
#1090 = CARTESIAN_POINT('',(-20.89783827754,-20.58803978863,
    5.616893540806));
#1091 = CARTESIAN_POINT('',(-32.97581615539,-33.2856146443,
    52.071054916147));
#1092 = CARTESIAN_POINT('',(-32.91869322652,-33.22849171544,
    51.856843932918));
#1093 = CARTESIAN_POINT('',(-32.86157029766,-33.17136878658,
    51.642632949688));
#1094 = CARTESIAN_POINT('',(-32.8044473688,-33.11424585772,
    51.428421966459));
#1095 = CARTESIAN_POINT('',(-32.74732443994,-33.05712292886,
    51.214210983229));
#1096 = CARTESIAN_POINT('',(-30.29020151108,-30.6,42.));
#1097 = CARTESIAN_POINT('',(-27.89020151108,-28.2,33.));
#1098 = CARTESIAN_POINT('',(-25.49020151108,-25.8,24.));
#1099 = CARTESIAN_POINT('',(-23.09020151108,-23.4,15.));
#1100 = CARTESIAN_POINT('',(-20.66976916659,-20.97956765551,
    5.923378708161));
#1101 = CARTESIAN_POINT('',(-20.6493368221,-20.95913531101,
    5.846757416323));
#1102 = CARTESIAN_POINT('',(-20.62890447761,-20.93870296652,
    5.770136124484));
#1103 = CARTESIAN_POINT('',(-20.60847213312,-20.91827062203,
    5.693514832645));
#1104 = CARTESIAN_POINT('',(-20.58803978863,-20.89783827754,
    5.616893540806));
#1105 = ADVANCED_FACE('',(#1106),#1137,.T.);
#1106 = FACE_BOUND('',#1107,.T.);
#1107 = EDGE_LOOP('',(#1108,#1109,#1119,#1136));
#1108 = ORIENTED_EDGE('',*,*,#448,.F.);
#1109 = ORIENTED_EDGE('',*,*,#1110,.T.);
#1110 = EDGE_CURVE('',#439,#1111,#1113,.T.);
#1111 = VERTEX_POINT('',#1112);
#1112 = CARTESIAN_POINT('',(-32.71324298665,50.435904869399,
    50.71012951812));
#1113 = B_SPLINE_CURVE_WITH_KNOTS('',4,(#1114,#1115,#1116,#1117,#1118),
  .UNSPECIFIED.,.F.,.F.,(5,5),(0.,1.),.PIECEWISE_BEZIER_KNOTS.);
#1114 = CARTESIAN_POINT('',(-32.92270120483,49.917255592035,
    50.71012951812));
#1115 = CARTESIAN_POINT('',(-32.87033665028,50.046917911376,
    50.71012951812));
#1116 = CARTESIAN_POINT('',(-32.81797209574,50.176580230717,
    50.71012951812));
#1117 = CARTESIAN_POINT('',(-32.76560754119,50.306242550058,
    50.71012951812));
#1118 = CARTESIAN_POINT('',(-32.71324298665,50.435904869399,
    50.71012951812));
#1119 = ORIENTED_EDGE('',*,*,#1120,.T.);
#1120 = EDGE_CURVE('',#1111,#363,#1121,.T.);
#1121 = B_SPLINE_CURVE_WITH_KNOTS('',5,(#1122,#1123,#1124,#1125,#1126,
    #1127,#1128,#1129,#1130,#1131,#1132,#1133,#1134,#1135),
  .UNSPECIFIED.,.F.,.F.,(6,4,4,6),(-0.97248826852,3.121737291489E-02,
    46.855207349829,47.29722243479),.UNSPECIFIED.);
#1122 = CARTESIAN_POINT('',(-33.0477703457,50.571004844698,
    51.964607114576));
#1123 = CARTESIAN_POINT('',(-32.99632463292,50.550228324221,
    51.771685691661));
#1124 = CARTESIAN_POINT('',(-32.94487892015,50.529451803744,
    51.578764268746));
#1125 = CARTESIAN_POINT('',(-32.89343320737,50.508675283267,
    51.385842845831));
#1126 = CARTESIAN_POINT('',(-32.84198749459,50.487898762791,
    51.192921422915));
#1127 = CARTESIAN_POINT('',(-30.39054178181,49.497874340936,42.));
#1128 = CARTESIAN_POINT('',(-27.99054178181,48.528626439558,33.));
#1129 = CARTESIAN_POINT('',(-25.59054178181,47.559378538179,24.));
#1130 = CARTESIAN_POINT('',(-23.19054178181,46.590130636801,15.));
#1131 = CARTESIAN_POINT('',(-20.76788595508,45.611733105208,
    5.915040649748));
#1132 = CARTESIAN_POINT('',(-20.74523012835,45.602583474993,
    5.830081299496));
#1133 = CARTESIAN_POINT('',(-20.72257430161,45.593433844778,
    5.745121949244));
#1134 = CARTESIAN_POINT('',(-20.69991847488,45.584284214563,
    5.660162598992));
#1135 = CARTESIAN_POINT('',(-20.67726264814,45.575134584348,
    5.57520324874));
#1136 = ORIENTED_EDGE('',*,*,#362,.F.);
#1137 = B_SPLINE_SURFACE_WITH_KNOTS('',1,5,(
    (#1138,#1139,#1140,#1141,#1142,#1143,#1144,#1145,#1146,#1147,#1148
      ,#1149,#1150,#1151)
    ,(#1152,#1153,#1154,#1155,#1156,#1157,#1158,#1159,#1160,#1161,#1162
      ,#1163,#1164,#1165
    )),.UNSPECIFIED.,.F.,.F.,.F.,(2,2),(6,4,4,6),(0.,46.823989976914),(
    -0.97248826852,3.121737291489E-02,46.855207349829,47.29722243479),
  .UNSPECIFIED.);
#1138 = CARTESIAN_POINT('',(-33.25722856388,50.052355567334,
    51.964607114576));
#1139 = CARTESIAN_POINT('',(-33.20578285111,50.031579046858,
    51.771685691661));
#1140 = CARTESIAN_POINT('',(-33.15433713833,50.010802526381,
    51.578764268746));
#1141 = CARTESIAN_POINT('',(-33.10289142555,49.990026005904,
    51.385842845831));
#1142 = CARTESIAN_POINT('',(-33.05144571277,49.969249485427,
    51.192921422915));
#1143 = CARTESIAN_POINT('',(-30.6,48.979225063572,42.));
#1144 = CARTESIAN_POINT('',(-28.2,48.009977162194,33.));
#1145 = CARTESIAN_POINT('',(-25.8,47.040729260816,24.));
#1146 = CARTESIAN_POINT('',(-23.4,46.071481359438,15.));
#1147 = CARTESIAN_POINT('',(-20.97734417326,45.093083827844,
    5.915040649748));
#1148 = CARTESIAN_POINT('',(-20.95468834653,45.08393419763,
    5.830081299496));
#1149 = CARTESIAN_POINT('',(-20.93203251979,45.074784567415,
    5.745121949244));
#1150 = CARTESIAN_POINT('',(-20.90937669306,45.0656349372,5.660162598992
    ));
#1151 = CARTESIAN_POINT('',(-20.88672086633,45.056485306985,
    5.57520324874));
#1152 = CARTESIAN_POINT('',(-33.0477703457,50.571004844698,
    51.964607114576));
#1153 = CARTESIAN_POINT('',(-32.99632463292,50.550228324221,
    51.771685691661));
#1154 = CARTESIAN_POINT('',(-32.94487892015,50.529451803744,
    51.578764268746));
#1155 = CARTESIAN_POINT('',(-32.89343320737,50.508675283267,
    51.385842845831));
#1156 = CARTESIAN_POINT('',(-32.84198749459,50.487898762791,
    51.192921422915));
#1157 = CARTESIAN_POINT('',(-30.39054178181,49.497874340936,42.));
#1158 = CARTESIAN_POINT('',(-27.99054178181,48.528626439558,33.));
#1159 = CARTESIAN_POINT('',(-25.59054178181,47.559378538179,24.));
#1160 = CARTESIAN_POINT('',(-23.19054178181,46.590130636801,15.));
#1161 = CARTESIAN_POINT('',(-20.76788595508,45.611733105208,
    5.915040649748));
#1162 = CARTESIAN_POINT('',(-20.74523012835,45.602583474993,
    5.830081299496));
#1163 = CARTESIAN_POINT('',(-20.72257430161,45.593433844778,
    5.745121949244));
#1164 = CARTESIAN_POINT('',(-20.69991847488,45.584284214563,
    5.660162598992));
#1165 = CARTESIAN_POINT('',(-20.67726264814,45.575134584348,
    5.57520324874));
#1166 = ADVANCED_FACE('',(#1167),#1198,.T.);
#1167 = FACE_BOUND('',#1168,.T.);
#1168 = EDGE_LOOP('',(#1169,#1179,#1189,#1197));
#1169 = ORIENTED_EDGE('',*,*,#1170,.F.);
#1170 = EDGE_CURVE('',#1171,#420,#1173,.T.);
#1171 = VERTEX_POINT('',#1172);
#1172 = CARTESIAN_POINT('',(-32.7,-32.7,51.));
#1173 = B_SPLINE_CURVE_WITH_KNOTS('',4,(#1174,#1175,#1176,#1177,#1178),
  .UNSPECIFIED.,.F.,.F.,(5,5),(0.,1.),.PIECEWISE_BEZIER_KNOTS.);
#1174 = CARTESIAN_POINT('',(-32.7,-32.7,51.));
#1175 = CARTESIAN_POINT('',(-32.7556753012,-32.67822567897,
    50.92753237953));
#1176 = CARTESIAN_POINT('',(-32.81135060241,-32.65645135795,
    50.85506475906));
#1177 = CARTESIAN_POINT('',(-32.86702590362,-32.63467703693,
    50.78259713859));
#1178 = CARTESIAN_POINT('',(-32.92270120483,-32.61290271591,
    50.71012951812));
#1179 = ORIENTED_EDGE('',*,*,#1180,.T.);
#1180 = EDGE_CURVE('',#1171,#1181,#1183,.T.);
#1181 = VERTEX_POINT('',#1182);
#1182 = CARTESIAN_POINT('',(-32.7,49.917255592035,51.));
#1183 = B_SPLINE_CURVE_WITH_KNOTS('',2,(#1184,#1185,#1186,#1187,#1188),
  .UNSPECIFIED.,.F.,.F.,(3,1,1,3),(-2.009040378395,-6.43E-15,
    83.56093681146,84.461309288293),.UNSPECIFIED.);
#1184 = CARTESIAN_POINT('',(-32.7,-35.00904037839,51.));
#1185 = CARTESIAN_POINT('',(-32.7,-34.00452018919,51.));
#1186 = CARTESIAN_POINT('',(-32.7,8.78046840573,51.));
#1187 = CARTESIAN_POINT('',(-32.7,51.011123049876,51.));
#1188 = CARTESIAN_POINT('',(-32.7,51.461309288293,51.));
#1189 = ORIENTED_EDGE('',*,*,#1190,.T.);
#1190 = EDGE_CURVE('',#1181,#439,#1191,.T.);
#1191 = B_SPLINE_CURVE_WITH_KNOTS('',4,(#1192,#1193,#1194,#1195,#1196),
  .UNSPECIFIED.,.F.,.F.,(5,5),(0.,1.),.PIECEWISE_BEZIER_KNOTS.);
#1192 = CARTESIAN_POINT('',(-32.7,49.917255592035,51.));
#1193 = CARTESIAN_POINT('',(-32.7556753012,49.917255592035,
    50.92753237953));
#1194 = CARTESIAN_POINT('',(-32.81135060241,49.917255592035,
    50.85506475906));
#1195 = CARTESIAN_POINT('',(-32.86702590362,49.917255592035,
    50.78259713859));
#1196 = CARTESIAN_POINT('',(-32.92270120483,49.917255592035,
    50.71012951812));
#1197 = ORIENTED_EDGE('',*,*,#438,.F.);
#1198 = B_SPLINE_SURFACE_WITH_KNOTS('',1,2,(
    (#1199,#1200,#1201,#1202,#1203)
    ,(#1204,#1205,#1206,#1207,#1208
    )),.UNSPECIFIED.,.F.,.F.,.F.,(2,2),(3,1,1,3),(0.,83.56093681146),(
    -2.009040378395,-6.43E-15,83.56093681146,84.461309288293),
  .UNSPECIFIED.);
#1199 = CARTESIAN_POINT('',(-32.92270120483,-35.00904037839,
    50.71012951812));
#1200 = CARTESIAN_POINT('',(-32.92270120483,-34.00452018919,
    50.71012951812));
#1201 = CARTESIAN_POINT('',(-32.92270120483,8.78046840573,50.71012951812
    ));
#1202 = CARTESIAN_POINT('',(-32.92270120483,51.011123049876,
    50.71012951812));
#1203 = CARTESIAN_POINT('',(-32.92270120483,51.461309288293,
    50.71012951812));
#1204 = CARTESIAN_POINT('',(-32.7,-35.00904037839,51.));
#1205 = CARTESIAN_POINT('',(-32.7,-34.00452018919,51.));
#1206 = CARTESIAN_POINT('',(-32.7,8.78046840573,51.));
#1207 = CARTESIAN_POINT('',(-32.7,51.011123049876,51.));
#1208 = CARTESIAN_POINT('',(-32.7,51.461309288293,51.));
#1209 = ADVANCED_FACE('',(#1210),#1220,.T.);
#1210 = FACE_BOUND('',#1211,.T.);
#1211 = EDGE_LOOP('',(#1212,#1213,#1214,#1219));
#1212 = ORIENTED_EDGE('',*,*,#605,.T.);
#1213 = ORIENTED_EDGE('',*,*,#683,.T.);
#1214 = ORIENTED_EDGE('',*,*,#1215,.T.);
#1215 = EDGE_CURVE('',#676,#527,#1216,.T.);
#1216 = B_SPLINE_CURVE_WITH_KNOTS('',1,(#1217,#1218),.UNSPECIFIED.,.F.,
  .F.,(2,2),(0.,48.093658625644),.PIECEWISE_BEZIER_KNOTS.);
#1217 = CARTESIAN_POINT('',(21.,-20.69020151108,6.));
#1218 = CARTESIAN_POINT('',(20.690201511084,-21.,6.));
#1219 = ORIENTED_EDGE('',*,*,#534,.T.);
#1220 = B_SPLINE_SURFACE_WITH_KNOTS('',4,5,(
    (#1221,#1222,#1223,#1224,#1225,#1226)
    ,(#1227,#1228,#1229,#1230,#1231,#1232)
    ,(#1233,#1234,#1235,#1236,#1237,#1238)
    ,(#1239,#1240,#1241,#1242,#1243,#1244)
    ,(#1245,#1246,#1247,#1248,#1249,#1250
    )),.UNSPECIFIED.,.F.,.F.,.F.,(5,5),(6,6),(-0.240966673599,
    0.240966673491),(-6.904125107154E-03,6.296457765356E-03),
  .PIECEWISE_BEZIER_KNOTS.);
#1221 = CARTESIAN_POINT('',(20.679599525563,-21.02037785102,
    5.989418954291));
#1222 = CARTESIAN_POINT('',(20.67969636839,-21.02047478242,
    5.992760418247));
#1223 = CARTESIAN_POINT('',(20.679333245557,-21.02011066266,
    5.995637578431));
#1224 = CARTESIAN_POINT('',(20.678517582156,-21.01929298037,
    5.998057994756));
#1225 = CARTESIAN_POINT('',(20.676679294769,-21.01745666517,
    5.999446246273));
#1226 = CARTESIAN_POINT('',(20.674183755099,-21.01496236402,
    6.000170359192));
#1227 = CARTESIAN_POINT('',(20.764792951408,-20.93518211972,
    5.989417785603));
#1228 = CARTESIAN_POINT('',(20.764876055529,-20.93526542756,
    5.992745379348));
#1229 = CARTESIAN_POINT('',(20.764507163872,-20.93489574868,
    5.995616797284));
#1230 = CARTESIAN_POINT('',(20.763755768994,-20.93414201153,
    5.998102206412));
#1231 = CARTESIAN_POINT('',(20.761880497837,-20.93226894536,
    5.999453081041));
#1232 = CARTESIAN_POINT('',(20.759379527082,-20.92976886421,
    6.000171510953));
#1233 = CARTESIAN_POINT('',(20.849987151315,-20.84998715132,
    5.989417396022));
#1234 = CARTESIAN_POINT('',(20.850093236755,-20.85009323676,
    5.992768185423));
#1235 = CARTESIAN_POINT('',(20.849691676503,-20.8496916765,
    5.995606882319));
#1236 = CARTESIAN_POINT('',(20.848763206349,-20.84876320634,
    5.997913956264));
#1237 = CARTESIAN_POINT('',(20.847061987887,-20.84706198788,
    5.999440171315));
#1238 = CARTESIAN_POINT('',(20.844574574369,-20.84457457437,
    6.000171894886));
#1239 = CARTESIAN_POINT('',(20.935182119706,-20.76479295141,
    5.989417785545));
#1240 = CARTESIAN_POINT('',(20.935265427606,-20.76487605559,
    5.992745379347));
#1241 = CARTESIAN_POINT('',(20.934895748558,-20.76450716374,
    5.995616797092));
#1242 = CARTESIAN_POINT('',(20.934142010873,-20.7637557683,
    5.998102205656));
#1243 = CARTESIAN_POINT('',(20.932268945226,-20.76188049769,
    5.99945308084));
#1244 = CARTESIAN_POINT('',(20.929768864286,-20.75937952717,
    6.000171510982));
#1245 = CARTESIAN_POINT('',(21.020377851003,-20.67959952556,
    5.989418954171));
#1246 = CARTESIAN_POINT('',(21.020474782448,-20.67969636842,
    5.992760418163));
#1247 = CARTESIAN_POINT('',(21.020110662474,-20.67933324536,
    5.995637578114));
#1248 = CARTESIAN_POINT('',(21.019292979736,-20.67851758149,
    5.998057993964));
#1249 = CARTESIAN_POINT('',(21.017456665016,-20.6766792946,
    5.999446245988));
#1250 = CARTESIAN_POINT('',(21.014962364162,-20.67418375526,
    6.000170359234));
#1251 = ADVANCED_FACE('',(#1252),#1283,.T.);
#1252 = FACE_BOUND('',#1253,.T.);
#1253 = EDGE_LOOP('',(#1254,#1255,#1274,#1282));
#1254 = ORIENTED_EDGE('',*,*,#526,.T.);
#1255 = ORIENTED_EDGE('',*,*,#1256,.F.);
#1256 = EDGE_CURVE('',#1257,#527,#1259,.T.);
#1257 = VERTEX_POINT('',#1258);
#1258 = CARTESIAN_POINT('',(32.612902715916,-32.92270120483,
    50.71012951812));
#1259 = B_SPLINE_CURVE_WITH_KNOTS('',5,(#1260,#1261,#1262,#1263,#1264,
    #1265,#1266,#1267,#1268,#1269,#1270,#1271,#1272,#1273),
  .UNSPECIFIED.,.F.,.F.,(6,4,4,6),(-1.067388971643,7.729879516809E-02,
    48.170957420812,48.580401671162),.UNSPECIFIED.);
#1260 = CARTESIAN_POINT('',(32.97581615539,-33.2856146443,
    52.071054916148));
#1261 = CARTESIAN_POINT('',(32.918693226529,-33.22849171544,
    51.856843932918));
#1262 = CARTESIAN_POINT('',(32.861570297668,-33.17136878658,
    51.642632949688));
#1263 = CARTESIAN_POINT('',(32.804447368807,-33.11424585772,
    51.428421966459));
#1264 = CARTESIAN_POINT('',(32.747324439946,-33.05712292886,
    51.214210983229));
#1265 = CARTESIAN_POINT('',(30.290201511084,-30.6,42.));
#1266 = CARTESIAN_POINT('',(27.890201511084,-28.2,33.));
#1267 = CARTESIAN_POINT('',(25.490201511084,-25.8,24.));
#1268 = CARTESIAN_POINT('',(23.090201511084,-23.4,15.));
#1269 = CARTESIAN_POINT('',(20.669769166594,-20.97956765551,
    5.923378708161));
#1270 = CARTESIAN_POINT('',(20.649336822104,-20.95913531101,
    5.846757416323));
#1271 = CARTESIAN_POINT('',(20.628904477613,-20.93870296652,
    5.770136124484));
#1272 = CARTESIAN_POINT('',(20.608472133123,-20.91827062203,
    5.693514832645));
#1273 = CARTESIAN_POINT('',(20.588039788633,-20.89783827754,
    5.616893540806));
#1274 = ORIENTED_EDGE('',*,*,#1275,.F.);
#1275 = EDGE_CURVE('',#1050,#1257,#1276,.T.);
#1276 = B_SPLINE_CURVE_WITH_KNOTS('',2,(#1277,#1278,#1279,#1280,#1281),
  .UNSPECIFIED.,.F.,.F.,(3,1,1,3),(-1.580612918523,2.087E-14,66.,
    67.841904770774),.UNSPECIFIED.);
#1277 = CARTESIAN_POINT('',(-34.58061291852,-32.92270120483,
    50.71012951812));
#1278 = CARTESIAN_POINT('',(-33.79030645926,-32.92270120483,
    50.71012951812));
#1279 = CARTESIAN_POINT('',(-2.842E-14,-32.92270120483,50.71012951812));
#1280 = CARTESIAN_POINT('',(33.920952385387,-32.92270120483,
    50.71012951812));
#1281 = CARTESIAN_POINT('',(34.841904770774,-32.92270120483,
    50.71012951812));
#1282 = ORIENTED_EDGE('',*,*,#1059,.T.);
#1283 = B_SPLINE_SURFACE_WITH_KNOTS('',1,1,(
    (#1284,#1285)
    ,(#1286,#1287
    )),.UNSPECIFIED.,.F.,.F.,.F.,(2,2),(2,2),(-66.,0.),(0.,1.),
  .PIECEWISE_BEZIER_KNOTS.);
#1284 = CARTESIAN_POINT('',(33.,-33.,51.));
#1285 = CARTESIAN_POINT('',(21.,-21.,6.));
#1286 = CARTESIAN_POINT('',(-33.,-33.,51.));
#1287 = CARTESIAN_POINT('',(-21.,-21.,6.));
#1288 = ADVANCED_FACE('',(#1289),#1299,.F.);
#1289 = FACE_BOUND('',#1290,.F.);
#1290 = EDGE_LOOP('',(#1291,#1292,#1293,#1298));
#1291 = ORIENTED_EDGE('',*,*,#629,.T.);
#1292 = ORIENTED_EDGE('',*,*,#729,.T.);
#1293 = ORIENTED_EDGE('',*,*,#1294,.T.);
#1294 = EDGE_CURVE('',#730,#573,#1295,.T.);
#1295 = B_SPLINE_CURVE_WITH_KNOTS('',1,(#1296,#1297),.UNSPECIFIED.,.F.,
  .F.,(2,2),(0.,46.850477191964),.PIECEWISE_BEZIER_KNOTS.);
#1296 = CARTESIAN_POINT('',(-7.622859836733,58.951833846989,6.));
#1297 = CARTESIAN_POINT('',(-8.134226993768,58.734681635424,6.));
#1298 = ORIENTED_EDGE('',*,*,#572,.T.);
#1299 = B_SPLINE_SURFACE_WITH_KNOTS('',4,5,(
    (#1300,#1301,#1302,#1303,#1304,#1305)
    ,(#1306,#1307,#1308,#1309,#1310,#1311)
    ,(#1312,#1313,#1314,#1315,#1316,#1317)
    ,(#1318,#1319,#1320,#1321,#1322,#1323)
    ,(#1324,#1325,#1326,#1327,#1328,#1329
    )),.UNSPECIFIED.,.F.,.F.,.F.,(5,5),(6,6),(-0.305560246609,
    0.305560246634),(-1.165922571191E-03,9.486783633349E-04),
  .PIECEWISE_BEZIER_KNOTS.);
#1300 = CARTESIAN_POINT('',(-8.160068222338,58.724467221709,
    5.998095538797));
#1301 = CARTESIAN_POINT('',(-8.160073584252,58.724475286868,
    5.998551404498));
#1302 = CARTESIAN_POINT('',(-8.160051178213,58.724457709954,
    5.999007551682));
#1303 = CARTESIAN_POINT('',(-8.160001353903,58.724458532928,
    5.999491060684));
#1304 = CARTESIAN_POINT('',(-8.159913473159,58.724153684807,
    5.999800569294));
#1305 = CARTESIAN_POINT('',(-8.15976628737,58.72374225896,6.000052554321
    ));
#1306 = CARTESIAN_POINT('',(-8.019442291981,58.784183971302,
    5.998095482106));
#1307 = CARTESIAN_POINT('',(-8.019447006967,58.784186703378,
    5.998547911292));
#1308 = CARTESIAN_POINT('',(-8.019428585461,58.784174610751,
    5.999008456197));
#1309 = CARTESIAN_POINT('',(-8.019382131279,58.78417840511,
    5.999494663104));
#1310 = CARTESIAN_POINT('',(-8.019293313949,58.783871347186,
    5.999802573798));
#1311 = CARTESIAN_POINT('',(-8.019138746098,58.783460524055,
    6.000053007137));
#1312 = CARTESIAN_POINT('',(-7.878816464418,58.843900738926,
    5.998095463215));
#1313 = CARTESIAN_POINT('',(-7.878821409255,58.843912383421,
    5.998553413833));
#1314 = CARTESIAN_POINT('',(-7.87881952951,58.843907956808,
    5.999022961216));
#1315 = CARTESIAN_POINT('',(-7.878766512019,58.84378310702,5.99942862577
    ));
#1316 = CARTESIAN_POINT('',(-7.8786781171,58.843574947686,5.999797252403
    ));
#1317 = CARTESIAN_POINT('',(-7.878509912148,58.843178845475,
    6.000053158076));
#1318 = CARTESIAN_POINT('',(-7.738190659046,58.903617558808,
    5.998095482124));
#1319 = CARTESIAN_POINT('',(-7.738189350595,58.903622848729,
    5.998547911302));
#1320 = CARTESIAN_POINT('',(-7.738193442143,58.903601195959,
    5.999008456241));
#1321 = CARTESIAN_POINT('',(-7.738228432305,58.903570405032,
    5.999494663251));
#1322 = CARTESIAN_POINT('',(-7.738069168534,58.903293262126,
    5.999802573847));
#1323 = CARTESIAN_POINT('',(-7.737880900969,58.902896749547,
    6.000053007139));
#1324 = CARTESIAN_POINT('',(-7.597564795264,58.96333446518,
    5.998095538833));
#1325 = CARTESIAN_POINT('',(-7.597566874964,58.963343924126,
    5.99855140453));
#1326 = CARTESIAN_POINT('',(-7.597569787343,58.963315595767,
    5.999007551749));
#1327 = CARTESIAN_POINT('',(-7.597604979821,58.963280316415,
    5.999491060858));
#1328 = CARTESIAN_POINT('',(-7.597446655697,58.963005382008,
    5.999800569368));
#1329 = CARTESIAN_POINT('',(-7.597252828013,58.962613762594,
    6.000052554328));
#1330 = ADVANCED_FACE('',(#1331),#1362,.T.);
#1331 = FACE_BOUND('',#1332,.T.);
#1332 = EDGE_LOOP('',(#1333,#1334,#1335,#1345));
#1333 = ORIENTED_EDGE('',*,*,#587,.T.);
#1334 = ORIENTED_EDGE('',*,*,#1120,.F.);
#1335 = ORIENTED_EDGE('',*,*,#1336,.F.);
#1336 = EDGE_CURVE('',#1337,#1111,#1339,.T.);
#1337 = VERTEX_POINT('',#1338);
#1338 = CARTESIAN_POINT('',(-13.19720551876,70.657382840256,
    50.71012951812));
#1339 = B_SPLINE_CURVE_WITH_KNOTS('',2,(#1340,#1341,#1342,#1343,#1344),
  .UNSPECIFIED.,.F.,.F.,(3,1,1,3),(-0.683697695582,-0.289534288681,
    29.081390582307,30.004018631948),.UNSPECIFIED.);
#1340 = CARTESIAN_POINT('',(-12.49004364049,71.390106292275,
    50.71012951812));
#1341 = CARTESIAN_POINT('',(-12.62690593455,71.248296876865,
    50.71012951812));
#1342 = CARTESIAN_POINT('',(-22.96200603104,60.539616937527,
    50.71012951812));
#1343 = CARTESIAN_POINT('',(-33.48060079515,49.640809602445,
    50.71012951812));
#1344 = CARTESIAN_POINT('',(-33.80095775683,49.308872791292,
    50.71012951812));
#1345 = ORIENTED_EDGE('',*,*,#1346,.T.);
#1346 = EDGE_CURVE('',#1337,#573,#1347,.T.);
#1347 = B_SPLINE_CURVE_WITH_KNOTS('',5,(#1348,#1349,#1350,#1351,#1352,
    #1353,#1354,#1355,#1356,#1357,#1358,#1359,#1360,#1361),
  .UNSPECIFIED.,.F.,.F.,(6,4,4,6),(-0.97544711674,3.282495578984E-02,
    46.883302147754,47.324001195021),.UNSPECIFIED.);
#1348 = CARTESIAN_POINT('',(-13.33969758243,70.992934391757,
    51.96844783625));
#1349 = CARTESIAN_POINT('',(-13.31776416086,70.94128384049,51.774758269)
  );
#1350 = CARTESIAN_POINT('',(-13.29583073928,70.889633289224,
    51.58106870175));
#1351 = CARTESIAN_POINT('',(-13.2738973177,70.837982737957,51.3873791345
    ));
#1352 = CARTESIAN_POINT('',(-13.25196389612,70.78633218669,
    51.19368956725));
#1353 = CARTESIAN_POINT('',(-12.21086977839,68.334681635424,42.));
#1354 = CARTESIAN_POINT('',(-11.19170908223,65.934681635424,33.));
#1355 = CARTESIAN_POINT('',(-10.17254838608,63.534681635424,24.));
#1356 = CARTESIAN_POINT('',(-9.153387689925,61.134681635424,15.));
#1357 = CARTESIAN_POINT('',(-8.12464025795,58.712106033704,
    5.915341493553));
#1358 = CARTESIAN_POINT('',(-8.115053522131,58.689530431985,
    5.830682987106));
#1359 = CARTESIAN_POINT('',(-8.105466786313,58.666954830266,
    5.746024480659));
#1360 = CARTESIAN_POINT('',(-8.095880050494,58.644379228547,
    5.661365974212));
#1361 = CARTESIAN_POINT('',(-8.086293314676,58.621803626828,
    5.576707467765));
#1362 = B_SPLINE_SURFACE_WITH_KNOTS('',1,1,(
    (#1363,#1364)
    ,(#1365,#1366
    )),.UNSPECIFIED.,.F.,.F.,.F.,(2,2),(2,2),(-28.77054656997,0.),(0.,1.
    ),.PIECEWISE_BEZIER_KNOTS.);
#1363 = CARTESIAN_POINT('',(-33.,50.250092799132,51.));
#1364 = CARTESIAN_POINT('',(-21.,45.403853292241,6.));
#1365 = CARTESIAN_POINT('',(-13.02045377084,70.951833846989,51.));
#1366 = CARTESIAN_POINT('',(-7.924650290065,58.951833846989,6.));
#1367 = ADVANCED_FACE('',(#1368),#1378,.T.);
#1368 = FACE_BOUND('',#1369,.T.);
#1369 = EDGE_LOOP('',(#1370,#1371,#1372,#1377));
#1370 = ORIENTED_EDGE('',*,*,#783,.T.);
#1371 = ORIENTED_EDGE('',*,*,#831,.T.);
#1372 = ORIENTED_EDGE('',*,*,#1373,.T.);
#1373 = EDGE_CURVE('',#832,#661,#1374,.T.);
#1374 = B_SPLINE_CURVE_WITH_KNOTS('',1,(#1375,#1376),.UNSPECIFIED.,.F.,
  .F.,(2,2),(0.,46.823989976914),.PIECEWISE_BEZIER_KNOTS.);
#1375 = CARTESIAN_POINT('',(20.790541781818,45.620882735423,6.));
#1376 = CARTESIAN_POINT('',(21.,45.102233458059,6.));
#1377 = ORIENTED_EDGE('',*,*,#660,.T.);
#1378 = B_SPLINE_SURFACE_WITH_KNOTS('',4,7,(
    (#1379,#1380,#1381,#1382,#1383,#1384,#1385,#1386)
    ,(#1387,#1388,#1389,#1390,#1391,#1392,#1393,#1394)
    ,(#1395,#1396,#1397,#1398,#1399,#1400,#1401,#1402)
    ,(#1403,#1404,#1405,#1406,#1407,#1408,#1409,#1410)
    ,(#1411,#1412,#1413,#1414,#1415,#1416,#1417,#1418
  )),.UNSPECIFIED.,.F.,.F.,.F.,(5,5),(8,8),(-0.30764121954,
    0.307641219563),(-1.051608526524E-03,8.510411095984E-04),
  .PIECEWISE_BEZIER_KNOTS.);
#1379 = CARTESIAN_POINT('',(21.011038232952,45.076529582458,
    5.998279739772));
#1380 = CARTESIAN_POINT('',(21.011019644168,45.076520392963,
    5.998559515023));
#1381 = CARTESIAN_POINT('',(21.011091967047,45.076555998879,
    5.998888255285));
#1382 = CARTESIAN_POINT('',(21.011099229288,45.076576216046,
    5.999199661942));
#1383 = CARTESIAN_POINT('',(21.011488071459,45.076793941938,
    5.999698875854));
#1384 = CARTESIAN_POINT('',(21.010454101339,45.076295809143,
    5.999499838869));
#1385 = CARTESIAN_POINT('',(21.010349848844,45.076249180196,
    5.999739513061));
#1386 = CARTESIAN_POINT('',(21.010508036494,45.076315548865,
    6.000097350575));
#1387 = CARTESIAN_POINT('',(20.953442666108,45.21916080882,
    5.998282311174));
#1388 = CARTESIAN_POINT('',(20.953420610084,45.219148386539,
    5.998559446288));
#1389 = CARTESIAN_POINT('',(20.953530179586,45.219197049062,
    5.998903565754));
#1390 = CARTESIAN_POINT('',(20.953470210664,45.219184462724,
    5.999185185448));
#1391 = CARTESIAN_POINT('',(20.954152772104,45.219548509743,
    5.999827169191));
#1392 = CARTESIAN_POINT('',(20.952764772058,45.218879249781,
    5.999458923393));
#1393 = CARTESIAN_POINT('',(20.95271875769,45.21886313341,5.999725621616
    ));
#1394 = CARTESIAN_POINT('',(20.95290819679,45.218944828154,
    6.000098053409));
#1395 = CARTESIAN_POINT('',(20.895843788862,45.361789463465,
    5.998283168314));
#1396 = CARTESIAN_POINT('',(20.895840855182,45.361788278691,
    5.998570871255));
#1397 = CARTESIAN_POINT('',(20.895719844242,45.361739408024,
    5.998811400354));
#1398 = CARTESIAN_POINT('',(20.896163177229,45.361918449482,
    5.999315592757));
#1399 = CARTESIAN_POINT('',(20.894670860776,45.36131577264,5.99892714558
    ));
#1400 = CARTESIAN_POINT('',(20.895397550513,45.361609248641,
    5.999564235272));
#1401 = CARTESIAN_POINT('',(20.895198686655,45.361528936816,
    5.99976370559));
#1402 = CARTESIAN_POINT('',(20.895307823284,45.361573012007,
    6.000098287695));
#1403 = CARTESIAN_POINT('',(20.838241172461,45.504416608042,
    5.998282311191));
#1404 = CARTESIAN_POINT('',(20.838216675541,45.504410229768,
    5.998559446299));
#1405 = CARTESIAN_POINT('',(20.838329309336,45.504451304769,
    5.99890356579));
#1406 = CARTESIAN_POINT('',(20.838277418375,45.504418716073,
    5.999185185481));
#1407 = CARTESIAN_POINT('',(20.839021363666,45.504630768388,
    5.999827169472));
#1408 = CARTESIAN_POINT('',(20.837557869074,45.504148443008,
    5.99945892335));
#1409 = CARTESIAN_POINT('',(20.837513567769,45.504128085125,
    5.99972562162));
#1410 = CARTESIAN_POINT('',(20.837706610466,45.504200856899,
    6.000098053431));
#1411 = CARTESIAN_POINT('',(20.780634388158,45.647043304197,
    5.998279739804));
#1412 = CARTESIAN_POINT('',(20.780614631073,45.647037007592,
    5.998559515054));
#1413 = CARTESIAN_POINT('',(20.780691397097,45.647061611703,
    5.998888255339));
#1414 = CARTESIAN_POINT('',(20.780710662331,45.647052107703,
    5.999199662022));
#1415 = CARTESIAN_POINT('',(20.781141650978,45.647165473098,
    5.999698876086));
#1416 = CARTESIAN_POINT('',(20.78005173576,45.646805867937,
    5.999499838875));
#1417 = CARTESIAN_POINT('',(20.779944340094,45.646767022096,
    5.999739513083));
#1418 = CARTESIAN_POINT('',(20.780104252826,45.646829119304,
    6.000097350616));
#1419 = ADVANCED_FACE('',(#1420),#1469,.T.);
#1420 = FACE_BOUND('',#1421,.T.);
#1421 = EDGE_LOOP('',(#1422,#1423,#1442,#1452));
#1422 = ORIENTED_EDGE('',*,*,#675,.F.);
#1423 = ORIENTED_EDGE('',*,*,#1424,.F.);
#1424 = EDGE_CURVE('',#1425,#661,#1427,.T.);
#1425 = VERTEX_POINT('',#1426);
#1426 = CARTESIAN_POINT('',(32.922701204832,49.917255592035,
    50.710129518119));
#1427 = B_SPLINE_CURVE_WITH_KNOTS('',5,(#1428,#1429,#1430,#1431,#1432,
    #1433,#1434,#1435,#1436,#1437,#1438,#1439,#1440,#1441),
  .UNSPECIFIED.,.F.,.F.,(6,4,4,6),(-0.97248826852,3.121737291489E-02,
    46.855207349829,47.29722243479),.UNSPECIFIED.);
#1428 = CARTESIAN_POINT('',(33.257228563887,50.052355567334,
    51.964607114576));
#1429 = CARTESIAN_POINT('',(33.20578285111,50.031579046858,
    51.771685691661));
#1430 = CARTESIAN_POINT('',(33.154337138332,50.010802526381,
    51.578764268746));
#1431 = CARTESIAN_POINT('',(33.102891425555,49.990026005904,
    51.385842845831));
#1432 = CARTESIAN_POINT('',(33.051445712777,49.969249485427,
    51.192921422915));
#1433 = CARTESIAN_POINT('',(30.6,48.979225063572,42.));
#1434 = CARTESIAN_POINT('',(28.2,48.009977162194,33.));
#1435 = CARTESIAN_POINT('',(25.8,47.040729260816,24.));
#1436 = CARTESIAN_POINT('',(23.4,46.071481359438,15.));
#1437 = CARTESIAN_POINT('',(20.977344173266,45.093083827844,
    5.915040649748));
#1438 = CARTESIAN_POINT('',(20.954688346532,45.08393419763,
    5.830081299496));
#1439 = CARTESIAN_POINT('',(20.932032519798,45.074784567415,
    5.745121949244));
#1440 = CARTESIAN_POINT('',(20.909376693065,45.0656349372,5.660162598992
    ));
#1441 = CARTESIAN_POINT('',(20.886720866331,45.056485306985,
    5.57520324874));
#1442 = ORIENTED_EDGE('',*,*,#1443,.T.);
#1443 = EDGE_CURVE('',#1425,#1444,#1446,.T.);
#1444 = VERTEX_POINT('',#1445);
#1445 = CARTESIAN_POINT('',(32.922701204832,-32.61290271591,
    50.710129518119));
#1446 = B_SPLINE_CURVE_WITH_KNOTS('',2,(#1447,#1448,#1449,#1450,#1451),
  .UNSPECIFIED.,.F.,.F.,(3,1,1,3),(-1.208603570638,-0.310844012328,
    83.250092799132,84.995228406753),.UNSPECIFIED.);
#1447 = CARTESIAN_POINT('',(32.922701204832,51.45869636977,
    50.710129518119));
#1448 = CARTESIAN_POINT('',(32.922701204832,51.009816590615,
    50.710129518119));
#1449 = CARTESIAN_POINT('',(32.922701204832,8.780468405729,
    50.710129518119));
#1450 = CARTESIAN_POINT('',(32.922701204832,-33.87256780381,
    50.710129518119));
#1451 = CARTESIAN_POINT('',(32.922701204832,-34.74513560762,
    50.710129518119));
#1452 = ORIENTED_EDGE('',*,*,#1453,.T.);
#1453 = EDGE_CURVE('',#1444,#676,#1454,.T.);
#1454 = B_SPLINE_CURVE_WITH_KNOTS('',5,(#1455,#1456,#1457,#1458,#1459,
    #1460,#1461,#1462,#1463,#1464,#1465,#1466,#1467,#1468),
  .UNSPECIFIED.,.F.,.F.,(6,4,4,6),(-1.067388971643,7.729879516809E-02,
    48.170957420812,48.580401671162),.UNSPECIFIED.);
#1455 = CARTESIAN_POINT('',(33.285614644306,-32.97581615539,
    52.071054916148));
#1456 = CARTESIAN_POINT('',(33.228491715445,-32.91869322652,
    51.856843932918));
#1457 = CARTESIAN_POINT('',(33.171368786584,-32.86157029766,
    51.642632949688));
#1458 = CARTESIAN_POINT('',(33.114245857722,-32.8044473688,
    51.428421966459));
#1459 = CARTESIAN_POINT('',(33.057122928861,-32.74732443994,
    51.214210983229));
#1460 = CARTESIAN_POINT('',(30.6,-30.29020151108,42.));
#1461 = CARTESIAN_POINT('',(28.2,-27.89020151108,33.));
#1462 = CARTESIAN_POINT('',(25.8,-25.49020151108,24.));
#1463 = CARTESIAN_POINT('',(23.4,-23.09020151108,15.));
#1464 = CARTESIAN_POINT('',(20.97956765551,-20.66976916659,
    5.923378708161));
#1465 = CARTESIAN_POINT('',(20.959135311019,-20.6493368221,
    5.846757416323));
#1466 = CARTESIAN_POINT('',(20.938702966529,-20.62890447761,
    5.770136124484));
#1467 = CARTESIAN_POINT('',(20.918270622039,-20.60847213312,
    5.693514832645));
#1468 = CARTESIAN_POINT('',(20.897838277548,-20.58803978863,
    5.616893540806));
#1469 = B_SPLINE_SURFACE_WITH_KNOTS('',1,1,(
    (#1470,#1471)
    ,(#1472,#1473
    )),.UNSPECIFIED.,.F.,.F.,.F.,(2,2),(2,2),(0.,83.250092799132),(0.,1.
    ),.PIECEWISE_BEZIER_KNOTS.);
#1470 = CARTESIAN_POINT('',(33.,50.250092799132,51.));
#1471 = CARTESIAN_POINT('',(21.,45.403853292241,6.));
#1472 = CARTESIAN_POINT('',(33.,-33.,51.));
#1473 = CARTESIAN_POINT('',(21.,-21.,6.));
#1474 = ADVANCED_FACE('',(#1475),#1486,.F.);
#1475 = FACE_BOUND('',#1476,.T.);
#1476 = EDGE_LOOP('',(#1477,#1478,#1484,#1485));
#1477 = ORIENTED_EDGE('',*,*,#1014,.T.);
#1478 = ORIENTED_EDGE('',*,*,#1479,.T.);
#1479 = EDGE_CURVE('',#1015,#700,#1480,.T.);
#1480 = LINE('',#1481,#1482);
#1481 = CARTESIAN_POINT('',(-248.8230941477,36.5,3.));
#1482 = VECTOR('',#1483,1.);
#1483 = DIRECTION('',(1.,0.,0.));
#1484 = ORIENTED_EDGE('',*,*,#699,.F.);
#1485 = ORIENTED_EDGE('',*,*,#1479,.F.);
#1486 = CYLINDRICAL_SURFACE('',#1487,1.5);
#1487 = AXIS2_PLACEMENT_3D('',#1488,#1489,#1490);
#1488 = CARTESIAN_POINT('',(-248.8230941477,35.,3.));
#1489 = DIRECTION('',(-1.,-0.,-0.));
#1490 = DIRECTION('',(0.,1.,0.));
#1491 = ADVANCED_FACE('',(#1492),#1503,.F.);
#1492 = FACE_BOUND('',#1493,.T.);
#1493 = EDGE_LOOP('',(#1494,#1495,#1501,#1502));
#1494 = ORIENTED_EDGE('',*,*,#1003,.T.);
#1495 = ORIENTED_EDGE('',*,*,#1496,.T.);
#1496 = EDGE_CURVE('',#1004,#711,#1497,.T.);
#1497 = LINE('',#1498,#1499);
#1498 = CARTESIAN_POINT('',(-248.8230941477,-8.5,3.));
#1499 = VECTOR('',#1500,1.);
#1500 = DIRECTION('',(1.,0.,0.));
#1501 = ORIENTED_EDGE('',*,*,#710,.F.);
#1502 = ORIENTED_EDGE('',*,*,#1496,.F.);
#1503 = CYLINDRICAL_SURFACE('',#1504,1.5);
#1504 = AXIS2_PLACEMENT_3D('',#1505,#1506,#1507);
#1505 = CARTESIAN_POINT('',(-248.8230941477,-10.,3.));
#1506 = DIRECTION('',(-1.,-0.,-0.));
#1507 = DIRECTION('',(0.,1.,0.));
#1508 = ADVANCED_FACE('',(#1509),#1519,.F.);
#1509 = FACE_BOUND('',#1510,.F.);
#1510 = EDGE_LOOP('',(#1511,#1516,#1517,#1518));
#1511 = ORIENTED_EDGE('',*,*,#1512,.F.);
#1512 = EDGE_CURVE('',#745,#847,#1513,.T.);
#1513 = B_SPLINE_CURVE_WITH_KNOTS('',1,(#1514,#1515),.UNSPECIFIED.,.F.,
  .F.,(2,2),(0.,46.850477191964),.PIECEWISE_BEZIER_KNOTS.);
#1514 = CARTESIAN_POINT('',(7.622859836733,58.951833846989,6.));
#1515 = CARTESIAN_POINT('',(8.134226993768,58.734681635424,6.));
#1516 = ORIENTED_EDGE('',*,*,#752,.F.);
#1517 = ORIENTED_EDGE('',*,*,#807,.F.);
#1518 = ORIENTED_EDGE('',*,*,#854,.F.);
#1519 = B_SPLINE_SURFACE_WITH_KNOTS('',4,5,(
    (#1520,#1521,#1522,#1523,#1524,#1525)
    ,(#1526,#1527,#1528,#1529,#1530,#1531)
    ,(#1532,#1533,#1534,#1535,#1536,#1537)
    ,(#1538,#1539,#1540,#1541,#1542,#1543)
    ,(#1544,#1545,#1546,#1547,#1548,#1549
    )),.UNSPECIFIED.,.F.,.F.,.F.,(5,5),(6,6),(-0.305560246621,
    0.305560246621),(-1.165922543927E-03,9.486783578604E-04),
  .PIECEWISE_BEZIER_KNOTS.);
#1520 = CARTESIAN_POINT('',(7.597564795226,58.963334466812,
    5.998095539824));
#1521 = CARTESIAN_POINT('',(7.597566875262,58.963343911638,
    5.998551396951));
#1522 = CARTESIAN_POINT('',(7.597569786376,58.963315635319,
    5.999007575707));
#1523 = CARTESIAN_POINT('',(7.597604980194,58.963280295531,
    5.999491048067));
#1524 = CARTESIAN_POINT('',(7.597446656207,58.963005360176,
    5.999800556062));
#1525 = CARTESIAN_POINT('',(7.597252827911,58.962613767598,
    6.000052557334));
#1526 = CARTESIAN_POINT('',(7.738190658995,58.903617561403,
    5.998095483709));
#1527 = CARTESIAN_POINT('',(7.738189350835,58.903622839812,
    5.998547905905));
#1528 = CARTESIAN_POINT('',(7.738193440234,58.903601275296,
    5.999008504345));
#1529 = CARTESIAN_POINT('',(7.738228431374,58.903570435595,5.99949468166
    ));
#1530 = CARTESIAN_POINT('',(7.738069168319,58.903293265288,5.99980257568
    ));
#1531 = CARTESIAN_POINT('',(7.737880901156,58.902896746006,
    6.000053004993));
#1532 = CARTESIAN_POINT('',(7.878816467266,58.843900724433,
    5.998095455093));
#1533 = CARTESIAN_POINT('',(7.878821418807,58.843912070085,
    5.998553224316));
#1534 = CARTESIAN_POINT('',(7.878819531163,58.843908229695,
    5.999023128866));
#1535 = CARTESIAN_POINT('',(7.878766503703,58.843783307598,
    5.999428746507));
#1536 = CARTESIAN_POINT('',(7.878678115456,58.843575011825,
    5.999797291253));
#1537 = CARTESIAN_POINT('',(7.878509912362,58.843178844022,
    6.000053157225));
#1538 = CARTESIAN_POINT('',(8.019442295761,58.784183960888,
    5.998095476735));
#1539 = CARTESIAN_POINT('',(8.019447001529,58.784187074416,
    5.998548137275));
#1540 = CARTESIAN_POINT('',(8.019428579919,58.784174834927,
    5.999008592145));
#1541 = CARTESIAN_POINT('',(8.019382123327,58.784178748068,
    5.999494871211));
#1542 = CARTESIAN_POINT('',(8.019293312393,58.783871410545,
    5.999802612211));
#1543 = CARTESIAN_POINT('',(8.019138746209,58.783460527005,
    6.000053008967));
#1544 = CARTESIAN_POINT('',(8.160068220202,58.724467275751,
    5.998095571394));
#1545 = CARTESIAN_POINT('',(8.160073590322,58.724475065408,
    5.998551270396));
#1546 = CARTESIAN_POINT('',(8.160051184383,58.724457413477,
    5.999007371628));
#1547 = CARTESIAN_POINT('',(8.160001352156,58.724458618683,
    5.999491112803));
#1548 = CARTESIAN_POINT('',(8.159913473263,58.724153669353,
    5.999800559856));
#1549 = CARTESIAN_POINT('',(8.159766287381,58.723742260311,
    6.000052555154));
#1550 = ADVANCED_FACE('',(#1551),#1600,.T.);
#1551 = FACE_BOUND('',#1552,.T.);
#1552 = EDGE_LOOP('',(#1553,#1554,#1573,#1583));
#1553 = ORIENTED_EDGE('',*,*,#744,.F.);
#1554 = ORIENTED_EDGE('',*,*,#1555,.F.);
#1555 = EDGE_CURVE('',#1556,#730,#1558,.T.);
#1556 = VERTEX_POINT('',#1557);
#1557 = CARTESIAN_POINT('',(-12.68583836172,70.874535051821,
    50.71012951812));
#1558 = B_SPLINE_CURVE_WITH_KNOTS('',5,(#1559,#1560,#1561,#1562,#1563,
    #1564,#1565,#1566,#1567,#1568,#1569,#1570,#1571,#1572),
  .UNSPECIFIED.,.F.,.F.,(6,4,4,6),(-0.97544711674,3.282495578984E-02,
    46.883302147754,47.324001195021),.UNSPECIFIED.);
#1559 = CARTESIAN_POINT('',(-12.8283304254,71.210086603322,
    51.96844783625));
#1560 = CARTESIAN_POINT('',(-12.80639700382,71.158436052055,51.774758269
    ));
#1561 = CARTESIAN_POINT('',(-12.78446358224,71.106785500789,
    51.58106870175));
#1562 = CARTESIAN_POINT('',(-12.76253016067,71.055134949522,
    51.3873791345));
#1563 = CARTESIAN_POINT('',(-12.74059673909,71.003484398255,
    51.19368956725));
#1564 = CARTESIAN_POINT('',(-11.69950262135,68.551833846989,42.));
#1565 = CARTESIAN_POINT('',(-10.6803419252,66.151833846989,33.));
#1566 = CARTESIAN_POINT('',(-9.661181229046,63.751833846989,24.));
#1567 = CARTESIAN_POINT('',(-8.642020532889,61.351833846989,15.));
#1568 = CARTESIAN_POINT('',(-7.613273100914,58.929258245269,
    5.915341493553));
#1569 = CARTESIAN_POINT('',(-7.603686365096,58.90668264355,
    5.830682987106));
#1570 = CARTESIAN_POINT('',(-7.594099629277,58.884107041831,
    5.746024480659));
#1571 = CARTESIAN_POINT('',(-7.584512893459,58.861531440112,
    5.661365974212));
#1572 = CARTESIAN_POINT('',(-7.57492615764,58.838955838393,
    5.576707467765));
#1573 = ORIENTED_EDGE('',*,*,#1574,.T.);
#1574 = EDGE_CURVE('',#1556,#1575,#1577,.T.);
#1575 = VERTEX_POINT('',#1576);
#1576 = CARTESIAN_POINT('',(12.685838361725,70.874535051821,
    50.71012951812));
#1577 = B_SPLINE_CURVE_WITH_KNOTS('',2,(#1578,#1579,#1580,#1581,#1582),
  .UNSPECIFIED.,.F.,.F.,(3,1,1,3),(-1.128798623003,-0.289534288681,
    26.330441830376,26.697362193055),.UNSPECIFIED.);
#1578 = CARTESIAN_POINT('',(-14.14925239385,70.874535051821,
    50.71012951812));
#1579 = CARTESIAN_POINT('',(-13.72962022668,70.874535051821,
    50.71012951812));
#1580 = CARTESIAN_POINT('',(1.78E-15,70.874535051821,50.71012951812));
#1581 = CARTESIAN_POINT('',(13.493448240868,70.874535051821,
    50.71012951812));
#1582 = CARTESIAN_POINT('',(13.676908422207,70.874535051821,
    50.71012951812));
#1583 = ORIENTED_EDGE('',*,*,#1584,.T.);
#1584 = EDGE_CURVE('',#1575,#745,#1585,.T.);
#1585 = B_SPLINE_CURVE_WITH_KNOTS('',5,(#1586,#1587,#1588,#1589,#1590,
    #1591,#1592,#1593,#1594,#1595,#1596,#1597,#1598,#1599),
  .UNSPECIFIED.,.F.,.F.,(6,4,4,6),(-0.97544711674,3.282495578983E-02,
    46.883302147754,47.324001195021),.UNSPECIFIED.);
#1586 = CARTESIAN_POINT('',(12.828330425402,71.210086603322,
    51.96844783625));
#1587 = CARTESIAN_POINT('',(12.806397003825,71.158436052055,51.774758269
    ));
#1588 = CARTESIAN_POINT('',(12.784463582247,71.106785500789,
    51.58106870175));
#1589 = CARTESIAN_POINT('',(12.76253016067,71.055134949522,51.3873791345
    ));
#1590 = CARTESIAN_POINT('',(12.740596739093,71.003484398255,
    51.19368956725));
#1591 = CARTESIAN_POINT('',(11.699502621359,68.551833846988,42.));
#1592 = CARTESIAN_POINT('',(10.680341925202,66.151833846989,33.));
#1593 = CARTESIAN_POINT('',(9.661181229046,63.751833846989,24.));
#1594 = CARTESIAN_POINT('',(8.642020532889,61.351833846989,15.));
#1595 = CARTESIAN_POINT('',(7.613273100914,58.929258245269,
    5.915341493553));
#1596 = CARTESIAN_POINT('',(7.603686365096,58.90668264355,5.830682987106
    ));
#1597 = CARTESIAN_POINT('',(7.594099629277,58.884107041831,
    5.746024480659));
#1598 = CARTESIAN_POINT('',(7.584512893459,58.861531440112,
    5.661365974212));
#1599 = CARTESIAN_POINT('',(7.57492615764,58.838955838393,5.576707467765
    ));
#1600 = B_SPLINE_SURFACE_WITH_KNOTS('',1,1,(
    (#1601,#1602)
    ,(#1603,#1604
    )),.UNSPECIFIED.,.F.,.F.,.F.,(2,2),(2,2),(0.,26.040907541695),(0.,1.
    ),.PIECEWISE_BEZIER_KNOTS.);
#1601 = CARTESIAN_POINT('',(-13.02045377084,70.951833846989,51.));
#1602 = CARTESIAN_POINT('',(-7.924650290065,58.951833846989,6.));
#1603 = CARTESIAN_POINT('',(13.020453770848,70.951833846989,51.));
#1604 = CARTESIAN_POINT('',(7.924650290065,58.951833846989,6.));
#1605 = ADVANCED_FACE('',(#1606),#1655,.T.);
#1606 = FACE_BOUND('',#1607,.T.);
#1607 = EDGE_LOOP('',(#1608,#1609,#1628,#1638));
#1608 = ORIENTED_EDGE('',*,*,#846,.T.);
#1609 = ORIENTED_EDGE('',*,*,#1610,.F.);
#1610 = EDGE_CURVE('',#1611,#847,#1613,.T.);
#1611 = VERTEX_POINT('',#1612);
#1612 = CARTESIAN_POINT('',(13.197205518761,70.657382840256,
    50.71012951812));
#1613 = B_SPLINE_CURVE_WITH_KNOTS('',5,(#1614,#1615,#1616,#1617,#1618,
    #1619,#1620,#1621,#1622,#1623,#1624,#1625,#1626,#1627),
  .UNSPECIFIED.,.F.,.F.,(6,4,4,6),(-0.97544711674,3.282495578983E-02,
    46.883302147754,47.324001195021),.UNSPECIFIED.);
#1614 = CARTESIAN_POINT('',(13.339697582438,70.992934391757,
    51.96844783625));
#1615 = CARTESIAN_POINT('',(13.31776416086,70.94128384049,51.774758269)
  );
#1616 = CARTESIAN_POINT('',(13.295830739283,70.889633289224,
    51.58106870175));
#1617 = CARTESIAN_POINT('',(13.273897317706,70.837982737957,
    51.3873791345));
#1618 = CARTESIAN_POINT('',(13.251963896128,70.78633218669,
    51.19368956725));
#1619 = CARTESIAN_POINT('',(12.210869778394,68.334681635423,42.));
#1620 = CARTESIAN_POINT('',(11.191709082238,65.934681635424,33.));
#1621 = CARTESIAN_POINT('',(10.172548386081,63.534681635424,24.));
#1622 = CARTESIAN_POINT('',(9.153387689925,61.134681635424,15.));
#1623 = CARTESIAN_POINT('',(8.12464025795,58.712106033704,5.915341493553
    ));
#1624 = CARTESIAN_POINT('',(8.115053522131,58.689530431985,
    5.830682987106));
#1625 = CARTESIAN_POINT('',(8.105466786313,58.666954830266,
    5.746024480659));
#1626 = CARTESIAN_POINT('',(8.095880050494,58.644379228547,
    5.661365974212));
#1627 = CARTESIAN_POINT('',(8.086293314676,58.621803626828,
    5.576707467765));
#1628 = ORIENTED_EDGE('',*,*,#1629,.F.);
#1629 = EDGE_CURVE('',#1630,#1611,#1632,.T.);
#1630 = VERTEX_POINT('',#1631);
#1631 = CARTESIAN_POINT('',(32.71324298665,50.435904869399,
    50.71012951812));
#1632 = B_SPLINE_CURVE_WITH_KNOTS('',2,(#1633,#1634,#1635,#1636,#1637),
  .UNSPECIFIED.,.F.,.F.,(3,1,1,3),(-1.252494887538,-0.310844012328,
    29.06008085866,30.001731733871),.UNSPECIFIED.);
#1633 = CARTESIAN_POINT('',(33.814168052369,49.295184987065,
    50.71012951812));
#1634 = CARTESIAN_POINT('',(33.487205942921,49.633965700332,
    50.71012951812));
#1635 = CARTESIAN_POINT('',(22.962006031046,60.539616937527,
    50.71012951812));
#1636 = CARTESIAN_POINT('',(12.436806119172,71.445268174722,
    50.71012951812));
#1637 = CARTESIAN_POINT('',(12.109844009724,71.784048887988,
    50.71012951812));
#1638 = ORIENTED_EDGE('',*,*,#1639,.T.);
#1639 = EDGE_CURVE('',#1630,#832,#1640,.T.);
#1640 = B_SPLINE_CURVE_WITH_KNOTS('',5,(#1641,#1642,#1643,#1644,#1645,
    #1646,#1647,#1648,#1649,#1650,#1651,#1652,#1653,#1654),
  .UNSPECIFIED.,.F.,.F.,(6,4,4,6),(-0.97248826852,3.121737291489E-02,
    46.855207349829,47.29722243479),.UNSPECIFIED.);
#1641 = CARTESIAN_POINT('',(33.047770345705,50.571004844698,
    51.964607114576));
#1642 = CARTESIAN_POINT('',(32.996324632928,50.550228324221,
    51.771685691661));
#1643 = CARTESIAN_POINT('',(32.944878920151,50.529451803744,
    51.578764268746));
#1644 = CARTESIAN_POINT('',(32.893433207373,50.508675283267,
    51.385842845831));
#1645 = CARTESIAN_POINT('',(32.841987494596,50.487898762791,
    51.192921422915));
#1646 = CARTESIAN_POINT('',(30.390541781818,49.497874340935,42.));
#1647 = CARTESIAN_POINT('',(27.990541781818,48.528626439558,33.));
#1648 = CARTESIAN_POINT('',(25.590541781818,47.559378538179,24.));
#1649 = CARTESIAN_POINT('',(23.190541781818,46.590130636801,15.));
#1650 = CARTESIAN_POINT('',(20.767885955084,45.611733105208,
    5.915040649748));
#1651 = CARTESIAN_POINT('',(20.745230128351,45.602583474993,
    5.830081299496));
#1652 = CARTESIAN_POINT('',(20.722574301617,45.593433844778,
    5.745121949244));
#1653 = CARTESIAN_POINT('',(20.699918474883,45.584284214563,
    5.660162598992));
#1654 = CARTESIAN_POINT('',(20.677262648149,45.575134584348,
    5.57520324874));
#1655 = B_SPLINE_SURFACE_WITH_KNOTS('',1,1,(
    (#1656,#1657)
    ,(#1658,#1659
    )),.UNSPECIFIED.,.F.,.F.,.F.,(2,2),(2,2),(-28.77054656997,0.),(0.,1.
    ),.PIECEWISE_BEZIER_KNOTS.);
#1656 = CARTESIAN_POINT('',(13.020453770848,70.951833846989,51.));
#1657 = CARTESIAN_POINT('',(7.924650290065,58.951833846989,6.));
#1658 = CARTESIAN_POINT('',(33.,50.250092799132,51.));
#1659 = CARTESIAN_POINT('',(21.,45.403853292241,6.));
#1660 = ADVANCED_FACE('',(#1661),#1685,.T.);
#1661 = FACE_BOUND('',#1662,.T.);
#1662 = EDGE_LOOP('',(#1663,#1670,#1671,#1678));
#1663 = ORIENTED_EDGE('',*,*,#1664,.T.);
#1664 = EDGE_CURVE('',#1665,#885,#1667,.T.);
#1665 = VERTEX_POINT('',#1666);
#1666 = CARTESIAN_POINT('',(-31.92270120483,-31.92270120483,
    50.71012951812));
#1667 = B_SPLINE_CURVE_WITH_KNOTS('',1,(#1668,#1669),.UNSPECIFIED.,.F.,
  .F.,(2,2),(0.,1.),.PIECEWISE_BEZIER_KNOTS.);
#1668 = CARTESIAN_POINT('',(-32.,-32.,51.));
#1669 = CARTESIAN_POINT('',(-20.,-20.,6.));
#1670 = ORIENTED_EDGE('',*,*,#884,.F.);
#1671 = ORIENTED_EDGE('',*,*,#1672,.F.);
#1672 = EDGE_CURVE('',#1673,#877,#1675,.T.);
#1673 = VERTEX_POINT('',#1674);
#1674 = CARTESIAN_POINT('',(-31.92270120483,49.815022133976,
    50.71012951812));
#1675 = B_SPLINE_CURVE_WITH_KNOTS('',1,(#1676,#1677),.UNSPECIFIED.,.F.,
  .F.,(2,2),(0.,1.),.PIECEWISE_BEZIER_KNOTS.);
#1676 = CARTESIAN_POINT('',(-32.,49.846239506891,51.));
#1677 = CARTESIAN_POINT('',(-20.,45.,6.));
#1678 = ORIENTED_EDGE('',*,*,#1679,.F.);
#1679 = EDGE_CURVE('',#1665,#1673,#1680,.T.);
#1680 = B_SPLINE_CURVE_WITH_KNOTS('',2,(#1681,#1682,#1683,#1684),
  .UNSPECIFIED.,.F.,.F.,(3,1,3),(-1.274779734884,-1.,82.852753223283),
  .UNSPECIFIED.);
#1681 = CARTESIAN_POINT('',(-31.92270120483,-33.27477973488,
    50.71012951812));
#1682 = CARTESIAN_POINT('',(-31.92270120483,-33.13738986744,
    50.71012951812));
#1683 = CARTESIAN_POINT('',(-31.92270120483,8.926376611642,
    50.71012951812));
#1684 = CARTESIAN_POINT('',(-31.92270120483,50.852753223283,
    50.71012951812));
#1685 = B_SPLINE_SURFACE_WITH_KNOTS('',1,1,(
    (#1686,#1687)
    ,(#1688,#1689
    )),.UNSPECIFIED.,.F.,.F.,.F.,(2,2),(2,2),(-81.84623950689,0.),(0.,1.
    ),.PIECEWISE_BEZIER_KNOTS.);
#1686 = CARTESIAN_POINT('',(-32.,49.846239506891,51.));
#1687 = CARTESIAN_POINT('',(-20.,45.,6.));
#1688 = CARTESIAN_POINT('',(-32.,-32.,51.));
#1689 = CARTESIAN_POINT('',(-20.,-20.,6.));
#1690 = ADVANCED_FACE('',(#1691),#1707,.T.);
#1691 = FACE_BOUND('',#1692,.T.);
#1692 = EDGE_LOOP('',(#1693,#1694,#1695,#1702));
#1693 = ORIENTED_EDGE('',*,*,#1672,.T.);
#1694 = ORIENTED_EDGE('',*,*,#921,.F.);
#1695 = ORIENTED_EDGE('',*,*,#1696,.F.);
#1696 = EDGE_CURVE('',#1697,#914,#1699,.T.);
#1697 = VERTEX_POINT('',#1698);
#1698 = CARTESIAN_POINT('',(-12.56297852499,69.874535051821,
    50.71012951812));
#1699 = B_SPLINE_CURVE_WITH_KNOTS('',1,(#1700,#1701),.UNSPECIFIED.,.F.,
  .F.,(2,2),(0.,1.),.PIECEWISE_BEZIER_KNOTS.);
#1700 = CARTESIAN_POINT('',(-12.59580348078,69.951833846989,51.));
#1701 = CARTESIAN_POINT('',(-7.5,57.951833846989,6.));
#1702 = ORIENTED_EDGE('',*,*,#1703,.T.);
#1703 = EDGE_CURVE('',#1697,#1673,#1704,.T.);
#1704 = B_SPLINE_CURVE_WITH_KNOTS('',1,(#1705,#1706),.UNSPECIFIED.,.F.,
  .F.,(2,2),(-0.476058666342,28.590476986502),.PIECEWISE_BEZIER_KNOTS.);
#1705 = CARTESIAN_POINT('',(-12.20958712073,70.240700391893,
    50.71012951812));
#1706 = CARTESIAN_POINT('',(-32.39468132409,49.32598148727,
    50.71012951812));
#1707 = B_SPLINE_SURFACE_WITH_KNOTS('',1,1,(
    (#1708,#1709)
    ,(#1710,#1711
    )),.UNSPECIFIED.,.F.,.F.,.F.,(2,2),(2,2),(0.,27.942042987673),(0.,1.
    ),.PIECEWISE_BEZIER_KNOTS.);
#1708 = CARTESIAN_POINT('',(-12.59580348078,69.951833846989,51.));
#1709 = CARTESIAN_POINT('',(-7.5,57.951833846989,6.));
#1710 = CARTESIAN_POINT('',(-32.,49.846239506891,51.));
#1711 = CARTESIAN_POINT('',(-20.,45.,6.));
#1712 = ADVANCED_FACE('',(#1713),#1729,.T.);
#1713 = FACE_BOUND('',#1714,.T.);
#1714 = EDGE_LOOP('',(#1715,#1716,#1717,#1724));
#1715 = ORIENTED_EDGE('',*,*,#1696,.T.);
#1716 = ORIENTED_EDGE('',*,*,#938,.T.);
#1717 = ORIENTED_EDGE('',*,*,#1718,.F.);
#1718 = EDGE_CURVE('',#1719,#939,#1721,.T.);
#1719 = VERTEX_POINT('',#1720);
#1720 = CARTESIAN_POINT('',(12.562978524993,69.874535051821,
    50.71012951812));
#1721 = B_SPLINE_CURVE_WITH_KNOTS('',1,(#1722,#1723),.UNSPECIFIED.,.F.,
  .F.,(2,2),(0.,1.),.PIECEWISE_BEZIER_KNOTS.);
#1722 = CARTESIAN_POINT('',(12.595803480782,69.951833846989,51.));
#1723 = CARTESIAN_POINT('',(7.5,57.951833846989,6.));
#1724 = ORIENTED_EDGE('',*,*,#1725,.F.);
#1725 = EDGE_CURVE('',#1697,#1719,#1726,.T.);
#1726 = B_SPLINE_CURVE_WITH_KNOTS('',1,(#1727,#1728),.UNSPECIFIED.,.F.,
  .F.,(2,2),(-0.63983410959,25.640348440626),.PIECEWISE_BEZIER_KNOTS.);
#1727 = CARTESIAN_POINT('',(-13.23563759037,69.874535051821,
    50.71012951812));
#1728 = CARTESIAN_POINT('',(13.044544959843,69.874535051821,
    50.71012951812));
#1729 = B_SPLINE_SURFACE_WITH_KNOTS('',1,1,(
    (#1730,#1731)
    ,(#1732,#1733
    )),.UNSPECIFIED.,.F.,.F.,.F.,(2,2),(2,2),(-25.19160696156,0.),(0.,1.
    ),.PIECEWISE_BEZIER_KNOTS.);
#1730 = CARTESIAN_POINT('',(12.595803480782,69.951833846989,51.));
#1731 = CARTESIAN_POINT('',(7.5,57.951833846989,6.));
#1732 = CARTESIAN_POINT('',(-12.59580348078,69.951833846989,51.));
#1733 = CARTESIAN_POINT('',(-7.5,57.951833846989,6.));
#1734 = ADVANCED_FACE('',(#1735),#1751,.T.);
#1735 = FACE_BOUND('',#1736,.T.);
#1736 = EDGE_LOOP('',(#1737,#1738,#1739,#1746));
#1737 = ORIENTED_EDGE('',*,*,#1718,.T.);
#1738 = ORIENTED_EDGE('',*,*,#969,.F.);
#1739 = ORIENTED_EDGE('',*,*,#1740,.F.);
#1740 = EDGE_CURVE('',#1741,#962,#1743,.T.);
#1741 = VERTEX_POINT('',#1742);
#1742 = CARTESIAN_POINT('',(31.922701204832,49.815022133976,
    50.71012951812));
#1743 = B_SPLINE_CURVE_WITH_KNOTS('',1,(#1744,#1745),.UNSPECIFIED.,.F.,
  .F.,(2,2),(0.,1.),.PIECEWISE_BEZIER_KNOTS.);
#1744 = CARTESIAN_POINT('',(32.,49.846239506891,51.));
#1745 = CARTESIAN_POINT('',(20.,45.,6.));
#1746 = ORIENTED_EDGE('',*,*,#1747,.T.);
#1747 = EDGE_CURVE('',#1741,#1719,#1748,.T.);
#1748 = B_SPLINE_CURVE_WITH_KNOTS('',1,(#1749,#1750),.UNSPECIFIED.,.F.,
  .F.,(2,2),(-0.466793603811,28.609287871034),.PIECEWISE_BEZIER_KNOTS.);
#1749 = CARTESIAN_POINT('',(32.268542160891,49.456680165947,
    50.71012951812));
#1750 = CARTESIAN_POINT('',(12.076818914471,70.378267731708,
    50.71012951812));
#1751 = B_SPLINE_SURFACE_WITH_KNOTS('',1,1,(
    (#1752,#1753)
    ,(#1754,#1755
    )),.UNSPECIFIED.,.F.,.F.,.F.,(2,2),(2,2),(0.,27.942042987673),(0.,1.
    ),.PIECEWISE_BEZIER_KNOTS.);
#1752 = CARTESIAN_POINT('',(32.,49.846239506891,51.));
#1753 = CARTESIAN_POINT('',(20.,45.,6.));
#1754 = CARTESIAN_POINT('',(12.595803480782,69.951833846989,51.));
#1755 = CARTESIAN_POINT('',(7.5,57.951833846989,6.));
#1756 = ADVANCED_FACE('',(#1757),#1776,.T.);
#1757 = FACE_BOUND('',#1758,.T.);
#1758 = EDGE_LOOP('',(#1759,#1760,#1761,#1768));
#1759 = ORIENTED_EDGE('',*,*,#1740,.T.);
#1760 = ORIENTED_EDGE('',*,*,#993,.F.);
#1761 = ORIENTED_EDGE('',*,*,#1762,.F.);
#1762 = EDGE_CURVE('',#1763,#986,#1765,.T.);
#1763 = VERTEX_POINT('',#1764);
#1764 = CARTESIAN_POINT('',(31.922701204832,-31.92270120483,
    50.71012951812));
#1765 = B_SPLINE_CURVE_WITH_KNOTS('',1,(#1766,#1767),.UNSPECIFIED.,.F.,
  .F.,(2,2),(0.,1.),.PIECEWISE_BEZIER_KNOTS.);
#1766 = CARTESIAN_POINT('',(32.,-32.,51.));
#1767 = CARTESIAN_POINT('',(20.,-20.,6.));
#1768 = ORIENTED_EDGE('',*,*,#1769,.F.);
#1769 = EDGE_CURVE('',#1741,#1763,#1770,.T.);
#1770 = B_SPLINE_CURVE_WITH_KNOTS('',2,(#1771,#1772,#1773,#1774,#1775),
  .UNSPECIFIED.,.F.,.F.,(3,1,1,3),(-1.190065037716,-1.129155987672,
    82.846239506891,83.12283658159),.UNSPECIFIED.);
#1771 = CARTESIAN_POINT('',(31.922701204832,51.036304544607,
    50.71012951812));
#1772 = CARTESIAN_POINT('',(31.922701204832,51.005850019585,
    50.71012951812));
#1773 = CARTESIAN_POINT('',(31.922701204832,8.987697747282,
    50.71012951812));
#1774 = CARTESIAN_POINT('',(31.922701204832,-33.13829853734,
    50.71012951812));
#1775 = CARTESIAN_POINT('',(31.922701204832,-33.27659707469,
    50.71012951812));
#1776 = B_SPLINE_SURFACE_WITH_KNOTS('',1,1,(
    (#1777,#1778)
    ,(#1779,#1780
    )),.UNSPECIFIED.,.F.,.F.,.F.,(2,2),(2,2),(-81.84623950689,0.),(0.,1.
    ),.PIECEWISE_BEZIER_KNOTS.);
#1777 = CARTESIAN_POINT('',(32.,-32.,51.));
#1778 = CARTESIAN_POINT('',(20.,-20.,6.));
#1779 = CARTESIAN_POINT('',(32.,49.846239506891,51.));
#1780 = CARTESIAN_POINT('',(20.,45.,6.));
#1781 = ADVANCED_FACE('',(#1782),#1795,.T.);
#1782 = FACE_BOUND('',#1783,.T.);
#1783 = EDGE_LOOP('',(#1784,#1785,#1786,#1787));
#1784 = ORIENTED_EDGE('',*,*,#1762,.T.);
#1785 = ORIENTED_EDGE('',*,*,#1032,.F.);
#1786 = ORIENTED_EDGE('',*,*,#1664,.F.);
#1787 = ORIENTED_EDGE('',*,*,#1788,.T.);
#1788 = EDGE_CURVE('',#1665,#1763,#1789,.T.);
#1789 = B_SPLINE_CURVE_WITH_KNOTS('',2,(#1790,#1791,#1792,#1793,#1794),
  .UNSPECIFIED.,.F.,.F.,(3,1,1,3),(-1.558,-1.,65.,65.558),
  .UNSPECIFIED.);
#1790 = CARTESIAN_POINT('',(-33.558,-31.92270120483,50.71012951812));
#1791 = CARTESIAN_POINT('',(-33.279,-31.92270120483,50.71012951812));
#1792 = CARTESIAN_POINT('',(-1.421E-14,-31.92270120483,50.71012951812));
#1793 = CARTESIAN_POINT('',(33.279,-31.92270120483,50.71012951812));
#1794 = CARTESIAN_POINT('',(33.558,-31.92270120483,50.71012951812));
#1795 = B_SPLINE_SURFACE_WITH_KNOTS('',1,1,(
    (#1796,#1797)
    ,(#1798,#1799
    )),.UNSPECIFIED.,.F.,.F.,.F.,(2,2),(2,2),(0.,64.),(0.,1.),
  .PIECEWISE_BEZIER_KNOTS.);
#1796 = CARTESIAN_POINT('',(-32.,-32.,51.));
#1797 = CARTESIAN_POINT('',(-20.,-20.,6.));
#1798 = CARTESIAN_POINT('',(32.,-32.,51.));
#1799 = CARTESIAN_POINT('',(20.,-20.,6.));
#1800 = ADVANCED_FACE('',(#1801),#1813,.T.);
#1801 = FACE_BOUND('',#1802,.T.);
#1802 = EDGE_LOOP('',(#1803,#1811,#1812));
#1803 = ORIENTED_EDGE('',*,*,#1804,.F.);
#1804 = EDGE_CURVE('',#1171,#1050,#1805,.T.);
#1805 = B_SPLINE_CURVE_WITH_KNOTS('',4,(#1806,#1807,#1808,#1809,#1810),
  .UNSPECIFIED.,.F.,.F.,(5,5),(0.,1.),.PIECEWISE_BEZIER_KNOTS.);
#1806 = CARTESIAN_POINT('',(-32.7,-32.7,51.));
#1807 = CARTESIAN_POINT('',(-32.67822567897,-32.7556753012,
    50.92753237953));
#1808 = CARTESIAN_POINT('',(-32.65645135795,-32.81135060241,
    50.85506475906));
#1809 = CARTESIAN_POINT('',(-32.63467703693,-32.86702590362,
    50.78259713859));
#1810 = CARTESIAN_POINT('',(-32.61290271591,-32.92270120483,
    50.71012951812));
#1811 = ORIENTED_EDGE('',*,*,#1170,.T.);
#1812 = ORIENTED_EDGE('',*,*,#1049,.F.);
#1813 = PLANE('',#1814);
#1814 = AXIS2_PLACEMENT_3D('',#1815,#1816,#1817);
#1815 = CARTESIAN_POINT('',(-32.7,-32.7,51.));
#1816 = DIRECTION('',(-0.671330723825,-0.671330723825,0.31405432412));
#1817 = DIRECTION('',(-0.707106781187,0.707106781187,-3.246150765352E-14
    ));
#1818 = ADVANCED_FACE('',(#1819),#1839,.T.);
#1819 = FACE_BOUND('',#1820,.T.);
#1820 = EDGE_LOOP('',(#1821,#1822,#1830,#1838));
#1821 = ORIENTED_EDGE('',*,*,#1190,.F.);
#1822 = ORIENTED_EDGE('',*,*,#1823,.T.);
#1823 = EDGE_CURVE('',#1181,#1824,#1826,.T.);
#1824 = VERTEX_POINT('',#1825);
#1825 = CARTESIAN_POINT('',(-32.55299915317,50.281251254932,51.));
#1826 = LINE('',#1827,#1828);
#1827 = CARTESIAN_POINT('',(-36.54092581198,40.406559787952,51.));
#1828 = VECTOR('',#1829,1.);
#1829 = DIRECTION('',(0.374468740463,0.927239538855,0.));
#1830 = ORIENTED_EDGE('',*,*,#1831,.T.);
#1831 = EDGE_CURVE('',#1824,#1111,#1832,.T.);
#1832 = B_SPLINE_CURVE_WITH_KNOTS('',4,(#1833,#1834,#1835,#1836,#1837),
  .UNSPECIFIED.,.F.,.F.,(5,5),(0.,1.),.PIECEWISE_BEZIER_KNOTS.);
#1833 = CARTESIAN_POINT('',(-32.55299915317,50.281251254933,51.));
#1834 = CARTESIAN_POINT('',(-32.59306011154,50.319914658549,
    50.92753237953));
#1835 = CARTESIAN_POINT('',(-32.63312106991,50.358578062166,
    50.85506475906));
#1836 = CARTESIAN_POINT('',(-32.67318202828,50.397241465782,
    50.78259713859));
#1837 = CARTESIAN_POINT('',(-32.71324298665,50.435904869399,
    50.71012951812));
#1838 = ORIENTED_EDGE('',*,*,#1110,.F.);
#1839 = PLANE('',#1840);
#1840 = AXIS2_PLACEMENT_3D('',#1841,#1842,#1843);
#1841 = CARTESIAN_POINT('',(-32.7,49.917255592035,51.));
#1842 = DIRECTION('',(-0.75520665618,0.304992694421,0.58020889584));
#1843 = DIRECTION('',(0.374468740463,0.927239538855,-2.794578752172E-17)
  );
#1844 = ADVANCED_FACE('',(#1845,#1921),#1973,.T.);
#1845 = FACE_BOUND('',#1846,.T.);
#1846 = EDGE_LOOP('',(#1847,#1859,#1867,#1877,#1885,#1895,#1903,#1911,
    #1912,#1913));
#1847 = ORIENTED_EDGE('',*,*,#1848,.F.);
#1848 = EDGE_CURVE('',#1849,#1851,#1853,.T.);
#1849 = VERTEX_POINT('',#1850);
#1850 = CARTESIAN_POINT('',(32.7,49.917255592035,51.));
#1851 = VERTEX_POINT('',#1852);
#1852 = CARTESIAN_POINT('',(32.7,-32.7,51.));
#1853 = B_SPLINE_CURVE_WITH_KNOTS('',2,(#1854,#1855,#1856,#1857,#1858),
  .UNSPECIFIED.,.F.,.F.,(3,1,1,3),(-1.208603570638,-0.310844012328,
    83.250092799132,84.995228406753),.UNSPECIFIED.);
#1854 = CARTESIAN_POINT('',(32.7,51.45869636977,51.));
#1855 = CARTESIAN_POINT('',(32.7,51.009816590615,51.));
#1856 = CARTESIAN_POINT('',(32.7,8.780468405729,51.));
#1857 = CARTESIAN_POINT('',(32.7,-33.87256780381,51.));
#1858 = CARTESIAN_POINT('',(32.7,-34.74513560762,51.));
#1859 = ORIENTED_EDGE('',*,*,#1860,.T.);
#1860 = EDGE_CURVE('',#1849,#1861,#1863,.T.);
#1861 = VERTEX_POINT('',#1862);
#1862 = CARTESIAN_POINT('',(32.552999153178,50.281251254932,51.));
#1863 = LINE('',#1864,#1865);
#1864 = CARTESIAN_POINT('',(36.54092581198,40.406559787938,51.));
#1865 = VECTOR('',#1866,1.);
#1866 = DIRECTION('',(-0.374468740462,0.927239538855,0.));
#1867 = ORIENTED_EDGE('',*,*,#1868,.T.);
#1868 = EDGE_CURVE('',#1861,#1869,#1871,.T.);
#1869 = VERTEX_POINT('',#1870);
#1870 = CARTESIAN_POINT('',(13.036961685288,70.502729225789,51.));
#1871 = B_SPLINE_CURVE_WITH_KNOTS('',2,(#1872,#1873,#1874,#1875,#1876),
  .UNSPECIFIED.,.F.,.F.,(3,1,1,3),(-1.252494887538,-0.310844012328,
    29.06008085866,30.001731733871),.UNSPECIFIED.);
#1872 = CARTESIAN_POINT('',(33.653924218896,49.140531372599,51.));
#1873 = CARTESIAN_POINT('',(33.326962109448,49.479312085865,51.));
#1874 = CARTESIAN_POINT('',(22.801762197574,60.38496332306,51.));
#1875 = CARTESIAN_POINT('',(12.276562285699,71.290614560255,51.));
#1876 = CARTESIAN_POINT('',(11.949600176251,71.629395273522,51.));
#1877 = ORIENTED_EDGE('',*,*,#1878,.F.);
#1878 = EDGE_CURVE('',#1879,#1869,#1881,.T.);
#1879 = VERTEX_POINT('',#1880);
#1880 = CARTESIAN_POINT('',(12.685838361725,70.651833846989,51.));
#1881 = LINE('',#1882,#1883);
#1882 = CARTESIAN_POINT('',(17.39719397711,68.651155318315,51.));
#1883 = VECTOR('',#1884,1.);
#1884 = DIRECTION('',(0.920446751432,-0.390867979985,0.));
#1885 = ORIENTED_EDGE('',*,*,#1886,.F.);
#1886 = EDGE_CURVE('',#1887,#1879,#1889,.T.);
#1887 = VERTEX_POINT('',#1888);
#1888 = CARTESIAN_POINT('',(-12.68583836172,70.651833846989,51.));
#1889 = B_SPLINE_CURVE_WITH_KNOTS('',2,(#1890,#1891,#1892,#1893,#1894),
  .UNSPECIFIED.,.F.,.F.,(3,1,1,3),(-1.128798623003,-0.289534288681,
    26.330441830376,26.697362193055),.UNSPECIFIED.);
#1890 = CARTESIAN_POINT('',(-14.14925239385,70.651833846989,51.));
#1891 = CARTESIAN_POINT('',(-13.72962022668,70.651833846989,51.));
#1892 = CARTESIAN_POINT('',(3.55E-15,70.651833846989,51.));
#1893 = CARTESIAN_POINT('',(13.493448240868,70.651833846989,51.));
#1894 = CARTESIAN_POINT('',(13.676908422207,70.651833846989,51.));
#1895 = ORIENTED_EDGE('',*,*,#1896,.F.);
#1896 = EDGE_CURVE('',#1897,#1887,#1899,.T.);
#1897 = VERTEX_POINT('',#1898);
#1898 = CARTESIAN_POINT('',(-13.03696168528,70.502729225789,51.));
#1899 = LINE('',#1900,#1901);
#1900 = CARTESIAN_POINT('',(-17.57275563889,68.576603007716,51.));
#1901 = VECTOR('',#1902,1.);
#1902 = DIRECTION('',(0.920446751432,0.390867979985,0.));
#1903 = ORIENTED_EDGE('',*,*,#1904,.T.);
#1904 = EDGE_CURVE('',#1897,#1824,#1905,.T.);
#1905 = B_SPLINE_CURVE_WITH_KNOTS('',2,(#1906,#1907,#1908,#1909,#1910),
  .UNSPECIFIED.,.F.,.F.,(3,1,1,3),(-0.683697695582,-0.289534288681,
    29.081390582307,30.004018631948),.UNSPECIFIED.);
#1906 = CARTESIAN_POINT('',(-12.32979980702,71.235452677808,51.));
#1907 = CARTESIAN_POINT('',(-12.46666210108,71.093643262398,51.));
#1908 = CARTESIAN_POINT('',(-22.80176219757,60.38496332306,51.));
#1909 = CARTESIAN_POINT('',(-33.32035696168,49.486155987979,51.));
#1910 = CARTESIAN_POINT('',(-33.64071392336,49.154219176825,51.));
#1911 = ORIENTED_EDGE('',*,*,#1823,.F.);
#1912 = ORIENTED_EDGE('',*,*,#1180,.F.);
#1913 = ORIENTED_EDGE('',*,*,#1914,.T.);
#1914 = EDGE_CURVE('',#1171,#1851,#1915,.T.);
#1915 = B_SPLINE_CURVE_WITH_KNOTS('',2,(#1916,#1917,#1918,#1919,#1920),
  .UNSPECIFIED.,.F.,.F.,(3,1,1,3),(-1.580612918523,2.087E-14,66.,
    67.841904770774),.UNSPECIFIED.);
#1916 = CARTESIAN_POINT('',(-34.58061291852,-32.7,51.));
#1917 = CARTESIAN_POINT('',(-33.79030645926,-32.7,51.));
#1918 = CARTESIAN_POINT('',(-2.132E-14,-32.7,51.));
#1919 = CARTESIAN_POINT('',(33.920952385387,-32.7,51.));
#1920 = CARTESIAN_POINT('',(34.841904770774,-32.7,51.));
#1921 = FACE_BOUND('',#1922,.T.);
#1922 = EDGE_LOOP('',(#1923,#1935,#1944,#1951,#1958,#1965));
#1923 = ORIENTED_EDGE('',*,*,#1924,.F.);
#1924 = EDGE_CURVE('',#1925,#1927,#1929,.T.);
#1925 = VERTEX_POINT('',#1926);
#1926 = CARTESIAN_POINT('',(-32.3,-32.3,51.));
#1927 = VERTEX_POINT('',#1928);
#1928 = CARTESIAN_POINT('',(32.3,-32.3,51.));
#1929 = B_SPLINE_CURVE_WITH_KNOTS('',2,(#1930,#1931,#1932,#1933,#1934),
  .UNSPECIFIED.,.F.,.F.,(3,1,1,3),(-1.558,-1.,65.,65.558),
  .UNSPECIFIED.);
#1930 = CARTESIAN_POINT('',(-33.558,-32.3,51.));
#1931 = CARTESIAN_POINT('',(-33.279,-32.3,51.));
#1932 = CARTESIAN_POINT('',(-1.421E-14,-32.3,51.));
#1933 = CARTESIAN_POINT('',(33.279,-32.3,51.));
#1934 = CARTESIAN_POINT('',(33.558,-32.3,51.));
#1935 = ORIENTED_EDGE('',*,*,#1936,.T.);
#1936 = EDGE_CURVE('',#1925,#1937,#1939,.T.);
#1937 = VERTEX_POINT('',#1938);
#1938 = CARTESIAN_POINT('',(-32.3,49.967395494563,51.));
#1939 = B_SPLINE_CURVE_WITH_KNOTS('',2,(#1940,#1941,#1942,#1943),
  .UNSPECIFIED.,.F.,.F.,(3,1,3),(-1.274779734884,-1.,82.852753223283),
  .UNSPECIFIED.);
#1940 = CARTESIAN_POINT('',(-32.3,-33.27477973488,51.));
#1941 = CARTESIAN_POINT('',(-32.3,-33.13738986744,51.));
#1942 = CARTESIAN_POINT('',(-32.3,8.926376611642,51.));
#1943 = CARTESIAN_POINT('',(-32.3,50.852753223283,51.));
#1944 = ORIENTED_EDGE('',*,*,#1945,.F.);
#1945 = EDGE_CURVE('',#1946,#1937,#1948,.T.);
#1946 = VERTEX_POINT('',#1947);
#1947 = CARTESIAN_POINT('',(-12.7231985678,70.251833846989,51.));
#1948 = B_SPLINE_CURVE_WITH_KNOTS('',1,(#1949,#1950),.UNSPECIFIED.,.F.,
  .F.,(2,2),(-0.476058666342,28.590476986502),.PIECEWISE_BEZIER_KNOTS.);
#1949 = CARTESIAN_POINT('',(-12.48107108216,70.502713444093,51.));
#1950 = CARTESIAN_POINT('',(-32.66616528552,49.58799453947,51.));
#1951 = ORIENTED_EDGE('',*,*,#1952,.T.);
#1952 = EDGE_CURVE('',#1946,#1953,#1955,.T.);
#1953 = VERTEX_POINT('',#1954);
#1954 = CARTESIAN_POINT('',(12.723198567802,70.251833846989,51.));
#1955 = B_SPLINE_CURVE_WITH_KNOTS('',1,(#1956,#1957),.UNSPECIFIED.,.F.,
  .F.,(2,2),(-0.63983410959,25.640348440626),.PIECEWISE_BEZIER_KNOTS.);
#1956 = CARTESIAN_POINT('',(-13.23563759037,70.251833846989,51.));
#1957 = CARTESIAN_POINT('',(13.044544959843,70.251833846989,51.));
#1958 = ORIENTED_EDGE('',*,*,#1959,.F.);
#1959 = EDGE_CURVE('',#1960,#1953,#1962,.T.);
#1960 = VERTEX_POINT('',#1961);
#1961 = CARTESIAN_POINT('',(32.3,49.967395494563,51.));
#1962 = B_SPLINE_CURVE_WITH_KNOTS('',1,(#1963,#1964),.UNSPECIFIED.,.F.,
  .F.,(2,2),(-0.466793603811,28.609287871034),.PIECEWISE_BEZIER_KNOTS.);
#1963 = CARTESIAN_POINT('',(32.540026122318,49.718693218147,51.));
#1964 = CARTESIAN_POINT('',(12.348302875898,70.640280783908,51.));
#1965 = ORIENTED_EDGE('',*,*,#1966,.T.);
#1966 = EDGE_CURVE('',#1960,#1927,#1967,.T.);
#1967 = B_SPLINE_CURVE_WITH_KNOTS('',2,(#1968,#1969,#1970,#1971,#1972),
  .UNSPECIFIED.,.F.,.F.,(3,1,1,3),(-1.190065037716,-1.129155987672,
    82.846239506891,83.12283658159),.UNSPECIFIED.);
#1968 = CARTESIAN_POINT('',(32.3,51.036304544607,51.));
#1969 = CARTESIAN_POINT('',(32.3,51.005850019585,51.));
#1970 = CARTESIAN_POINT('',(32.3,8.987697747282,51.));
#1971 = CARTESIAN_POINT('',(32.3,-33.13829853734,51.));
#1972 = CARTESIAN_POINT('',(32.3,-33.27659707469,51.));
#1973 = PLANE('',#1974);
#1974 = AXIS2_PLACEMENT_3D('',#1975,#1976,#1977);
#1975 = CARTESIAN_POINT('',(0.,14.587520258748,51.));
#1976 = DIRECTION('',(0.,0.,1.));
#1977 = DIRECTION('',(1.,0.,0.));
#1978 = ADVANCED_FACE('',(#1979),#1992,.F.);
#1979 = FACE_BOUND('',#1980,.F.);
#1980 = EDGE_LOOP('',(#1981,#1982,#1990,#1991));
#1981 = ORIENTED_EDGE('',*,*,#1256,.F.);
#1982 = ORIENTED_EDGE('',*,*,#1983,.F.);
#1983 = EDGE_CURVE('',#1444,#1257,#1984,.T.);
#1984 = B_SPLINE_CURVE_WITH_KNOTS('',4,(#1985,#1986,#1987,#1988,#1989),
  .UNSPECIFIED.,.F.,.F.,(5,5),(0.,1.),.PIECEWISE_BEZIER_KNOTS.);
#1985 = CARTESIAN_POINT('',(32.922701204832,-32.61290271591,
    50.710129518119));
#1986 = CARTESIAN_POINT('',(32.845251582603,-32.69035233814,
    50.710129518119));
#1987 = CARTESIAN_POINT('',(32.767801960374,-32.76780196037,
    50.710129518119));
#1988 = CARTESIAN_POINT('',(32.690352338145,-32.8452515826,
    50.71012951812));
#1989 = CARTESIAN_POINT('',(32.612902715916,-32.92270120483,
    50.71012951812));
#1990 = ORIENTED_EDGE('',*,*,#1453,.T.);
#1991 = ORIENTED_EDGE('',*,*,#1215,.T.);
#1992 = B_SPLINE_SURFACE_WITH_KNOTS('',1,5,(
    (#1993,#1994,#1995,#1996,#1997,#1998,#1999,#2000,#2001,#2002,#2003
      ,#2004,#2005,#2006)
    ,(#2007,#2008,#2009,#2010,#2011,#2012,#2013,#2014,#2015,#2016,#2017
      ,#2018,#2019,#2020
    )),.UNSPECIFIED.,.F.,.F.,.F.,(2,2),(6,4,4,6),(0.,48.093658625644),(
    -1.067388971643,7.729879516809E-02,48.170957420812,48.580401671162),
  .UNSPECIFIED.);
#1993 = CARTESIAN_POINT('',(32.97581615539,-33.2856146443,
    52.071054916148));
#1994 = CARTESIAN_POINT('',(32.918693226529,-33.22849171544,
    51.856843932918));
#1995 = CARTESIAN_POINT('',(32.861570297668,-33.17136878658,
    51.642632949688));
#1996 = CARTESIAN_POINT('',(32.804447368807,-33.11424585772,
    51.428421966459));
#1997 = CARTESIAN_POINT('',(32.747324439946,-33.05712292886,
    51.214210983229));
#1998 = CARTESIAN_POINT('',(30.290201511084,-30.6,42.));
#1999 = CARTESIAN_POINT('',(27.890201511084,-28.2,33.));
#2000 = CARTESIAN_POINT('',(25.490201511084,-25.8,24.));
#2001 = CARTESIAN_POINT('',(23.090201511084,-23.4,15.));
#2002 = CARTESIAN_POINT('',(20.669769166594,-20.97956765551,
    5.923378708161));
#2003 = CARTESIAN_POINT('',(20.649336822104,-20.95913531101,
    5.846757416323));
#2004 = CARTESIAN_POINT('',(20.628904477613,-20.93870296652,
    5.770136124484));
#2005 = CARTESIAN_POINT('',(20.608472133123,-20.91827062203,
    5.693514832645));
#2006 = CARTESIAN_POINT('',(20.588039788633,-20.89783827754,
    5.616893540806));
#2007 = CARTESIAN_POINT('',(33.285614644306,-32.97581615539,
    52.071054916148));
#2008 = CARTESIAN_POINT('',(33.228491715445,-32.91869322652,
    51.856843932918));
#2009 = CARTESIAN_POINT('',(33.171368786584,-32.86157029766,
    51.642632949688));
#2010 = CARTESIAN_POINT('',(33.114245857722,-32.8044473688,
    51.428421966459));
#2011 = CARTESIAN_POINT('',(33.057122928861,-32.74732443994,
    51.214210983229));
#2012 = CARTESIAN_POINT('',(30.6,-30.29020151108,42.));
#2013 = CARTESIAN_POINT('',(28.2,-27.89020151108,33.));
#2014 = CARTESIAN_POINT('',(25.8,-25.49020151108,24.));
#2015 = CARTESIAN_POINT('',(23.4,-23.09020151108,15.));
#2016 = CARTESIAN_POINT('',(20.97956765551,-20.66976916659,
    5.923378708161));
#2017 = CARTESIAN_POINT('',(20.959135311019,-20.6493368221,
    5.846757416323));
#2018 = CARTESIAN_POINT('',(20.938702966529,-20.62890447761,
    5.770136124484));
#2019 = CARTESIAN_POINT('',(20.918270622039,-20.60847213312,
    5.693514832645));
#2020 = CARTESIAN_POINT('',(20.897838277548,-20.58803978863,
    5.616893540806));
#2021 = ADVANCED_FACE('',(#2022),#2035,.F.);
#2022 = FACE_BOUND('',#2023,.F.);
#2023 = EDGE_LOOP('',(#2024,#2025,#2026,#2034));
#2024 = ORIENTED_EDGE('',*,*,#1804,.F.);
#2025 = ORIENTED_EDGE('',*,*,#1914,.T.);
#2026 = ORIENTED_EDGE('',*,*,#2027,.T.);
#2027 = EDGE_CURVE('',#1851,#1257,#2028,.T.);
#2028 = B_SPLINE_CURVE_WITH_KNOTS('',4,(#2029,#2030,#2031,#2032,#2033),
  .UNSPECIFIED.,.F.,.F.,(5,5),(0.,1.),.PIECEWISE_BEZIER_KNOTS.);
#2029 = CARTESIAN_POINT('',(32.7,-32.7,51.));
#2030 = CARTESIAN_POINT('',(32.678225678979,-32.7556753012,
    50.92753237953));
#2031 = CARTESIAN_POINT('',(32.656451357958,-32.81135060241,
    50.85506475906));
#2032 = CARTESIAN_POINT('',(32.634677036937,-32.86702590362,
    50.78259713859));
#2033 = CARTESIAN_POINT('',(32.612902715916,-32.92270120483,
    50.71012951812));
#2034 = ORIENTED_EDGE('',*,*,#1275,.F.);
#2035 = B_SPLINE_SURFACE_WITH_KNOTS('',1,2,(
    (#2036,#2037,#2038,#2039,#2040)
    ,(#2041,#2042,#2043,#2044,#2045
    )),.UNSPECIFIED.,.F.,.F.,.F.,(2,2),(3,1,1,3),(0.,66.),(
    -1.580612918523,2.087E-14,66.,67.841904770774),.UNSPECIFIED.);
#2036 = CARTESIAN_POINT('',(-34.58061291852,-32.92270120483,
    50.71012951812));
#2037 = CARTESIAN_POINT('',(-33.79030645926,-32.92270120483,
    50.71012951812));
#2038 = CARTESIAN_POINT('',(-2.842E-14,-32.92270120483,50.71012951812));
#2039 = CARTESIAN_POINT('',(33.920952385387,-32.92270120483,
    50.71012951812));
#2040 = CARTESIAN_POINT('',(34.841904770774,-32.92270120483,
    50.71012951812));
#2041 = CARTESIAN_POINT('',(-34.58061291852,-32.7,51.));
#2042 = CARTESIAN_POINT('',(-33.79030645926,-32.7,51.));
#2043 = CARTESIAN_POINT('',(-2.132E-14,-32.7,51.));
#2044 = CARTESIAN_POINT('',(33.920952385387,-32.7,51.));
#2045 = CARTESIAN_POINT('',(34.841904770774,-32.7,51.));
#2046 = ADVANCED_FACE('',(#2047),#2060,.T.);
#2047 = FACE_BOUND('',#2048,.T.);
#2048 = EDGE_LOOP('',(#2049,#2050,#2058,#2059));
#2049 = ORIENTED_EDGE('',*,*,#1346,.F.);
#2050 = ORIENTED_EDGE('',*,*,#2051,.T.);
#2051 = EDGE_CURVE('',#1337,#1556,#2052,.T.);
#2052 = B_SPLINE_CURVE_WITH_KNOTS('',4,(#2053,#2054,#2055,#2056,#2057),
  .UNSPECIFIED.,.F.,.F.,(5,5),(0.,1.),.PIECEWISE_BEZIER_KNOTS.);
#2053 = CARTESIAN_POINT('',(-13.19720551876,70.657382840256,
    50.71012951812));
#2054 = CARTESIAN_POINT('',(-13.0693637295,70.711670893147,
    50.71012951812));
#2055 = CARTESIAN_POINT('',(-12.94152194024,70.765958946038,
    50.71012951812));
#2056 = CARTESIAN_POINT('',(-12.81368015098,70.820246998929,
    50.71012951812));
#2057 = CARTESIAN_POINT('',(-12.68583836172,70.874535051821,
    50.71012951812));
#2058 = ORIENTED_EDGE('',*,*,#1555,.T.);
#2059 = ORIENTED_EDGE('',*,*,#1294,.T.);
#2060 = B_SPLINE_SURFACE_WITH_KNOTS('',1,5,(
    (#2061,#2062,#2063,#2064,#2065,#2066,#2067,#2068,#2069,#2070,#2071
      ,#2072,#2073,#2074)
    ,(#2075,#2076,#2077,#2078,#2079,#2080,#2081,#2082,#2083,#2084,#2085
      ,#2086,#2087,#2088
    )),.UNSPECIFIED.,.F.,.F.,.F.,(2,2),(6,4,4,6),(0.,46.850477191964),(
    -0.97544711674,3.282495578984E-02,46.883302147754,47.324001195021),
  .UNSPECIFIED.);
#2061 = CARTESIAN_POINT('',(-13.33969758243,70.992934391757,
    51.96844783625));
#2062 = CARTESIAN_POINT('',(-13.31776416086,70.94128384049,51.774758269)
  );
#2063 = CARTESIAN_POINT('',(-13.29583073928,70.889633289224,
    51.58106870175));
#2064 = CARTESIAN_POINT('',(-13.2738973177,70.837982737957,51.3873791345
    ));
#2065 = CARTESIAN_POINT('',(-13.25196389612,70.78633218669,
    51.19368956725));
#2066 = CARTESIAN_POINT('',(-12.21086977839,68.334681635424,42.));
#2067 = CARTESIAN_POINT('',(-11.19170908223,65.934681635424,33.));
#2068 = CARTESIAN_POINT('',(-10.17254838608,63.534681635424,24.));
#2069 = CARTESIAN_POINT('',(-9.153387689925,61.134681635424,15.));
#2070 = CARTESIAN_POINT('',(-8.12464025795,58.712106033704,
    5.915341493553));
#2071 = CARTESIAN_POINT('',(-8.115053522131,58.689530431985,
    5.830682987106));
#2072 = CARTESIAN_POINT('',(-8.105466786313,58.666954830266,
    5.746024480659));
#2073 = CARTESIAN_POINT('',(-8.095880050494,58.644379228547,
    5.661365974212));
#2074 = CARTESIAN_POINT('',(-8.086293314676,58.621803626828,
    5.576707467765));
#2075 = CARTESIAN_POINT('',(-12.8283304254,71.210086603322,
    51.96844783625));
#2076 = CARTESIAN_POINT('',(-12.80639700382,71.158436052055,51.774758269
    ));
#2077 = CARTESIAN_POINT('',(-12.78446358224,71.106785500789,
    51.58106870175));
#2078 = CARTESIAN_POINT('',(-12.76253016067,71.055134949522,
    51.3873791345));
#2079 = CARTESIAN_POINT('',(-12.74059673909,71.003484398255,
    51.19368956725));
#2080 = CARTESIAN_POINT('',(-11.69950262135,68.551833846989,42.));
#2081 = CARTESIAN_POINT('',(-10.6803419252,66.151833846989,33.));
#2082 = CARTESIAN_POINT('',(-9.661181229046,63.751833846989,24.));
#2083 = CARTESIAN_POINT('',(-8.642020532889,61.351833846989,15.));
#2084 = CARTESIAN_POINT('',(-7.613273100914,58.929258245269,
    5.915341493553));
#2085 = CARTESIAN_POINT('',(-7.603686365096,58.90668264355,
    5.830682987106));
#2086 = CARTESIAN_POINT('',(-7.594099629277,58.884107041831,
    5.746024480659));
#2087 = CARTESIAN_POINT('',(-7.584512893459,58.861531440112,
    5.661365974212));
#2088 = CARTESIAN_POINT('',(-7.57492615764,58.838955838393,
    5.576707467765));
#2089 = ADVANCED_FACE('',(#2090),#2103,.F.);
#2090 = FACE_BOUND('',#2091,.F.);
#2091 = EDGE_LOOP('',(#2092,#2100,#2101,#2102));
#2092 = ORIENTED_EDGE('',*,*,#2093,.F.);
#2093 = EDGE_CURVE('',#1897,#1337,#2094,.T.);
#2094 = B_SPLINE_CURVE_WITH_KNOTS('',4,(#2095,#2096,#2097,#2098,#2099),
  .UNSPECIFIED.,.F.,.F.,(5,5),(0.,1.),.PIECEWISE_BEZIER_KNOTS.);
#2095 = CARTESIAN_POINT('',(-13.03696168528,70.502729225789,51.));
#2096 = CARTESIAN_POINT('',(-13.07702264365,70.541392629406,
    50.92753237953));
#2097 = CARTESIAN_POINT('',(-13.11708360202,70.580056033022,
    50.85506475906));
#2098 = CARTESIAN_POINT('',(-13.15714456039,70.618719436639,
    50.78259713859));
#2099 = CARTESIAN_POINT('',(-13.19720551876,70.657382840256,
    50.71012951812));
#2100 = ORIENTED_EDGE('',*,*,#1904,.T.);
#2101 = ORIENTED_EDGE('',*,*,#1831,.T.);
#2102 = ORIENTED_EDGE('',*,*,#1336,.F.);
#2103 = B_SPLINE_SURFACE_WITH_KNOTS('',1,2,(
    (#2104,#2105,#2106,#2107,#2108)
    ,(#2109,#2110,#2111,#2112,#2113
    )),.UNSPECIFIED.,.F.,.F.,.F.,(2,2),(3,1,1,3),(0.,29.370924870988),(
    -0.683697695582,-0.289534288681,29.081390582307,30.004018631948),
  .UNSPECIFIED.);
#2104 = CARTESIAN_POINT('',(-12.49004364049,71.390106292275,
    50.71012951812));
#2105 = CARTESIAN_POINT('',(-12.62690593455,71.248296876865,
    50.71012951812));
#2106 = CARTESIAN_POINT('',(-22.96200603104,60.539616937527,
    50.71012951812));
#2107 = CARTESIAN_POINT('',(-33.48060079515,49.640809602445,
    50.71012951812));
#2108 = CARTESIAN_POINT('',(-33.80095775683,49.308872791292,
    50.71012951812));
#2109 = CARTESIAN_POINT('',(-12.32979980702,71.235452677808,51.));
#2110 = CARTESIAN_POINT('',(-12.46666210108,71.093643262398,51.));
#2111 = CARTESIAN_POINT('',(-22.80176219757,60.38496332306,51.));
#2112 = CARTESIAN_POINT('',(-33.32035696168,49.486155987979,51.));
#2113 = CARTESIAN_POINT('',(-33.64071392336,49.154219176825,51.));
#2114 = ADVANCED_FACE('',(#2115),#2128,.F.);
#2115 = FACE_BOUND('',#2116,.F.);
#2116 = EDGE_LOOP('',(#2117,#2118,#2126,#2127));
#2117 = ORIENTED_EDGE('',*,*,#1424,.F.);
#2118 = ORIENTED_EDGE('',*,*,#2119,.T.);
#2119 = EDGE_CURVE('',#1425,#1630,#2120,.T.);
#2120 = B_SPLINE_CURVE_WITH_KNOTS('',4,(#2121,#2122,#2123,#2124,#2125),
  .UNSPECIFIED.,.F.,.F.,(5,5),(0.,1.),.PIECEWISE_BEZIER_KNOTS.);
#2121 = CARTESIAN_POINT('',(32.922701204832,49.917255592035,
    50.710129518119));
#2122 = CARTESIAN_POINT('',(32.870336650286,50.046917911376,
    50.710129518119));
#2123 = CARTESIAN_POINT('',(32.817972095741,50.176580230717,
    50.710129518119));
#2124 = CARTESIAN_POINT('',(32.765607541196,50.306242550058,
    50.71012951812));
#2125 = CARTESIAN_POINT('',(32.71324298665,50.435904869399,
    50.71012951812));
#2126 = ORIENTED_EDGE('',*,*,#1639,.T.);
#2127 = ORIENTED_EDGE('',*,*,#1373,.T.);
#2128 = B_SPLINE_SURFACE_WITH_KNOTS('',1,5,(
    (#2129,#2130,#2131,#2132,#2133,#2134,#2135,#2136,#2137,#2138,#2139
      ,#2140,#2141,#2142)
    ,(#2143,#2144,#2145,#2146,#2147,#2148,#2149,#2150,#2151,#2152,#2153
      ,#2154,#2155,#2156
    )),.UNSPECIFIED.,.F.,.F.,.F.,(2,2),(6,4,4,6),(0.,46.823989976914),(
    -0.97248826852,3.121737291489E-02,46.855207349829,47.29722243479),
  .UNSPECIFIED.);
#2129 = CARTESIAN_POINT('',(33.257228563887,50.052355567334,
    51.964607114576));
#2130 = CARTESIAN_POINT('',(33.20578285111,50.031579046858,
    51.771685691661));
#2131 = CARTESIAN_POINT('',(33.154337138332,50.010802526381,
    51.578764268746));
#2132 = CARTESIAN_POINT('',(33.102891425555,49.990026005904,
    51.385842845831));
#2133 = CARTESIAN_POINT('',(33.051445712777,49.969249485427,
    51.192921422915));
#2134 = CARTESIAN_POINT('',(30.6,48.979225063572,42.));
#2135 = CARTESIAN_POINT('',(28.2,48.009977162194,33.));
#2136 = CARTESIAN_POINT('',(25.8,47.040729260816,24.));
#2137 = CARTESIAN_POINT('',(23.4,46.071481359438,15.));
#2138 = CARTESIAN_POINT('',(20.977344173266,45.093083827844,
    5.915040649748));
#2139 = CARTESIAN_POINT('',(20.954688346532,45.08393419763,
    5.830081299496));
#2140 = CARTESIAN_POINT('',(20.932032519798,45.074784567415,
    5.745121949244));
#2141 = CARTESIAN_POINT('',(20.909376693065,45.0656349372,5.660162598992
    ));
#2142 = CARTESIAN_POINT('',(20.886720866331,45.056485306985,
    5.57520324874));
#2143 = CARTESIAN_POINT('',(33.047770345705,50.571004844698,
    51.964607114576));
#2144 = CARTESIAN_POINT('',(32.996324632928,50.550228324221,
    51.771685691661));
#2145 = CARTESIAN_POINT('',(32.944878920151,50.529451803744,
    51.578764268746));
#2146 = CARTESIAN_POINT('',(32.893433207373,50.508675283267,
    51.385842845831));
#2147 = CARTESIAN_POINT('',(32.841987494596,50.487898762791,
    51.192921422915));
#2148 = CARTESIAN_POINT('',(30.390541781818,49.497874340935,42.));
#2149 = CARTESIAN_POINT('',(27.990541781818,48.528626439558,33.));
#2150 = CARTESIAN_POINT('',(25.590541781818,47.559378538179,24.));
#2151 = CARTESIAN_POINT('',(23.190541781818,46.590130636801,15.));
#2152 = CARTESIAN_POINT('',(20.767885955084,45.611733105208,
    5.915040649748));
#2153 = CARTESIAN_POINT('',(20.745230128351,45.602583474993,
    5.830081299496));
#2154 = CARTESIAN_POINT('',(20.722574301617,45.593433844778,
    5.745121949244));
#2155 = CARTESIAN_POINT('',(20.699918474883,45.584284214563,
    5.660162598992));
#2156 = CARTESIAN_POINT('',(20.677262648149,45.575134584348,
    5.57520324874));
#2157 = ADVANCED_FACE('',(#2158),#2178,.F.);
#2158 = FACE_BOUND('',#2159,.F.);
#2159 = EDGE_LOOP('',(#2160,#2168,#2169,#2177));
#2160 = ORIENTED_EDGE('',*,*,#2161,.T.);
#2161 = EDGE_CURVE('',#1849,#1425,#2162,.T.);
#2162 = B_SPLINE_CURVE_WITH_KNOTS('',4,(#2163,#2164,#2165,#2166,#2167),
  .UNSPECIFIED.,.F.,.F.,(5,5),(0.,1.),.PIECEWISE_BEZIER_KNOTS.);
#2163 = CARTESIAN_POINT('',(32.7,49.917255592035,51.));
#2164 = CARTESIAN_POINT('',(32.755675301208,49.917255592035,
    50.92753237953));
#2165 = CARTESIAN_POINT('',(32.811350602416,49.917255592035,
    50.85506475906));
#2166 = CARTESIAN_POINT('',(32.867025903624,49.917255592035,
    50.782597138589));
#2167 = CARTESIAN_POINT('',(32.922701204832,49.917255592035,
    50.710129518119));
#2168 = ORIENTED_EDGE('',*,*,#1443,.T.);
#2169 = ORIENTED_EDGE('',*,*,#2170,.F.);
#2170 = EDGE_CURVE('',#1851,#1444,#2171,.T.);
#2171 = B_SPLINE_CURVE_WITH_KNOTS('',4,(#2172,#2173,#2174,#2175,#2176),
  .UNSPECIFIED.,.F.,.F.,(5,5),(0.,1.),.PIECEWISE_BEZIER_KNOTS.);
#2172 = CARTESIAN_POINT('',(32.7,-32.7,51.));
#2173 = CARTESIAN_POINT('',(32.755675301208,-32.67822567897,
    50.92753237953));
#2174 = CARTESIAN_POINT('',(32.811350602416,-32.65645135795,
    50.85506475906));
#2175 = CARTESIAN_POINT('',(32.867025903624,-32.63467703693,
    50.782597138589));
#2176 = CARTESIAN_POINT('',(32.922701204832,-32.61290271591,
    50.710129518119));
#2177 = ORIENTED_EDGE('',*,*,#1848,.F.);
#2178 = B_SPLINE_SURFACE_WITH_KNOTS('',1,2,(
    (#2179,#2180,#2181,#2182,#2183)
    ,(#2184,#2185,#2186,#2187,#2188
    )),.UNSPECIFIED.,.F.,.F.,.F.,(2,2),(3,1,1,3),(0.,83.56093681146),(
    -1.208603570638,-0.310844012328,83.250092799132,84.995228406753),
  .UNSPECIFIED.);
#2179 = CARTESIAN_POINT('',(32.7,51.45869636977,51.));
#2180 = CARTESIAN_POINT('',(32.7,51.009816590615,51.));
#2181 = CARTESIAN_POINT('',(32.7,8.780468405729,51.));
#2182 = CARTESIAN_POINT('',(32.7,-33.87256780381,51.));
#2183 = CARTESIAN_POINT('',(32.7,-34.74513560762,51.));
#2184 = CARTESIAN_POINT('',(32.922701204832,51.45869636977,
    50.710129518119));
#2185 = CARTESIAN_POINT('',(32.922701204832,51.009816590615,
    50.710129518119));
#2186 = CARTESIAN_POINT('',(32.922701204832,8.780468405729,
    50.710129518119));
#2187 = CARTESIAN_POINT('',(32.922701204832,-33.87256780381,
    50.710129518119));
#2188 = CARTESIAN_POINT('',(32.922701204832,-34.74513560762,
    50.710129518119));
#2189 = ADVANCED_FACE('',(#2190),#2203,.T.);
#2190 = FACE_BOUND('',#2191,.T.);
#2191 = EDGE_LOOP('',(#2192,#2193,#2201,#2202));
#2192 = ORIENTED_EDGE('',*,*,#1584,.F.);
#2193 = ORIENTED_EDGE('',*,*,#2194,.T.);
#2194 = EDGE_CURVE('',#1575,#1611,#2195,.T.);
#2195 = B_SPLINE_CURVE_WITH_KNOTS('',4,(#2196,#2197,#2198,#2199,#2200),
  .UNSPECIFIED.,.F.,.F.,(5,5),(0.,1.),.PIECEWISE_BEZIER_KNOTS.);
#2196 = CARTESIAN_POINT('',(12.685838361725,70.874535051821,
    50.71012951812));
#2197 = CARTESIAN_POINT('',(12.813680150984,70.820246998929,
    50.71012951812));
#2198 = CARTESIAN_POINT('',(12.941521940243,70.765958946038,
    50.71012951812));
#2199 = CARTESIAN_POINT('',(13.069363729502,70.711670893147,
    50.71012951812));
#2200 = CARTESIAN_POINT('',(13.197205518761,70.657382840256,
    50.71012951812));
#2201 = ORIENTED_EDGE('',*,*,#1610,.T.);
#2202 = ORIENTED_EDGE('',*,*,#1512,.F.);
#2203 = B_SPLINE_SURFACE_WITH_KNOTS('',1,5,(
    (#2204,#2205,#2206,#2207,#2208,#2209,#2210,#2211,#2212,#2213,#2214
      ,#2215,#2216,#2217)
    ,(#2218,#2219,#2220,#2221,#2222,#2223,#2224,#2225,#2226,#2227,#2228
      ,#2229,#2230,#2231
    )),.UNSPECIFIED.,.F.,.F.,.F.,(2,2),(6,4,4,6),(0.,46.850477191964),(
    -0.97544711674,3.282495578983E-02,46.883302147754,47.324001195021),
  .UNSPECIFIED.);
#2204 = CARTESIAN_POINT('',(12.828330425402,71.210086603322,
    51.96844783625));
#2205 = CARTESIAN_POINT('',(12.806397003825,71.158436052055,51.774758269
    ));
#2206 = CARTESIAN_POINT('',(12.784463582247,71.106785500789,
    51.58106870175));
#2207 = CARTESIAN_POINT('',(12.76253016067,71.055134949522,51.3873791345
    ));
#2208 = CARTESIAN_POINT('',(12.740596739093,71.003484398255,
    51.19368956725));
#2209 = CARTESIAN_POINT('',(11.699502621359,68.551833846988,42.));
#2210 = CARTESIAN_POINT('',(10.680341925202,66.151833846989,33.));
#2211 = CARTESIAN_POINT('',(9.661181229046,63.751833846989,24.));
#2212 = CARTESIAN_POINT('',(8.642020532889,61.351833846989,15.));
#2213 = CARTESIAN_POINT('',(7.613273100914,58.929258245269,
    5.915341493553));
#2214 = CARTESIAN_POINT('',(7.603686365096,58.90668264355,5.830682987106
    ));
#2215 = CARTESIAN_POINT('',(7.594099629277,58.884107041831,
    5.746024480659));
#2216 = CARTESIAN_POINT('',(7.584512893459,58.861531440112,
    5.661365974212));
#2217 = CARTESIAN_POINT('',(7.57492615764,58.838955838393,5.576707467765
    ));
#2218 = CARTESIAN_POINT('',(13.339697582438,70.992934391757,
    51.96844783625));
#2219 = CARTESIAN_POINT('',(13.31776416086,70.94128384049,51.774758269)
  );
#2220 = CARTESIAN_POINT('',(13.295830739283,70.889633289224,
    51.58106870175));
#2221 = CARTESIAN_POINT('',(13.273897317706,70.837982737957,
    51.3873791345));
#2222 = CARTESIAN_POINT('',(13.251963896128,70.78633218669,
    51.19368956725));
#2223 = CARTESIAN_POINT('',(12.210869778394,68.334681635423,42.));
#2224 = CARTESIAN_POINT('',(11.191709082238,65.934681635424,33.));
#2225 = CARTESIAN_POINT('',(10.172548386081,63.534681635424,24.));
#2226 = CARTESIAN_POINT('',(9.153387689925,61.134681635424,15.));
#2227 = CARTESIAN_POINT('',(8.12464025795,58.712106033704,5.915341493553
    ));
#2228 = CARTESIAN_POINT('',(8.115053522131,58.689530431985,
    5.830682987106));
#2229 = CARTESIAN_POINT('',(8.105466786313,58.666954830266,
    5.746024480659));
#2230 = CARTESIAN_POINT('',(8.095880050494,58.644379228547,
    5.661365974212));
#2231 = CARTESIAN_POINT('',(8.086293314676,58.621803626828,
    5.576707467765));
#2232 = ADVANCED_FACE('',(#2233),#2253,.F.);
#2233 = FACE_BOUND('',#2234,.F.);
#2234 = EDGE_LOOP('',(#2235,#2243,#2244,#2252));
#2235 = ORIENTED_EDGE('',*,*,#2236,.T.);
#2236 = EDGE_CURVE('',#1887,#1556,#2237,.T.);
#2237 = B_SPLINE_CURVE_WITH_KNOTS('',4,(#2238,#2239,#2240,#2241,#2242),
  .UNSPECIFIED.,.F.,.F.,(5,5),(0.,1.),.PIECEWISE_BEZIER_KNOTS.);
#2238 = CARTESIAN_POINT('',(-12.68583836172,70.651833846989,51.));
#2239 = CARTESIAN_POINT('',(-12.68583836172,70.707509148197,
    50.92753237953));
#2240 = CARTESIAN_POINT('',(-12.68583836172,70.763184449405,
    50.85506475906));
#2241 = CARTESIAN_POINT('',(-12.68583836172,70.818859750613,
    50.78259713859));
#2242 = CARTESIAN_POINT('',(-12.68583836172,70.874535051821,
    50.71012951812));
#2243 = ORIENTED_EDGE('',*,*,#1574,.T.);
#2244 = ORIENTED_EDGE('',*,*,#2245,.F.);
#2245 = EDGE_CURVE('',#1879,#1575,#2246,.T.);
#2246 = B_SPLINE_CURVE_WITH_KNOTS('',4,(#2247,#2248,#2249,#2250,#2251),
  .UNSPECIFIED.,.F.,.F.,(5,5),(0.,1.),.PIECEWISE_BEZIER_KNOTS.);
#2247 = CARTESIAN_POINT('',(12.685838361725,70.651833846989,51.));
#2248 = CARTESIAN_POINT('',(12.685838361725,70.707509148197,
    50.92753237953));
#2249 = CARTESIAN_POINT('',(12.685838361725,70.763184449405,
    50.85506475906));
#2250 = CARTESIAN_POINT('',(12.685838361725,70.818859750613,
    50.78259713859));
#2251 = CARTESIAN_POINT('',(12.685838361725,70.874535051821,
    50.71012951812));
#2252 = ORIENTED_EDGE('',*,*,#1886,.F.);
#2253 = B_SPLINE_SURFACE_WITH_KNOTS('',1,2,(
    (#2254,#2255,#2256,#2257,#2258)
    ,(#2259,#2260,#2261,#2262,#2263
    )),.UNSPECIFIED.,.F.,.F.,.F.,(2,2),(3,1,1,3),(0.,26.619976119057),(
    -1.128798623003,-0.289534288681,26.330441830376,26.697362193055),
  .UNSPECIFIED.);
#2254 = CARTESIAN_POINT('',(-14.14925239385,70.651833846989,51.));
#2255 = CARTESIAN_POINT('',(-13.72962022668,70.651833846989,51.));
#2256 = CARTESIAN_POINT('',(3.55E-15,70.651833846989,51.));
#2257 = CARTESIAN_POINT('',(13.493448240868,70.651833846989,51.));
#2258 = CARTESIAN_POINT('',(13.676908422207,70.651833846989,51.));
#2259 = CARTESIAN_POINT('',(-14.14925239385,70.874535051821,
    50.71012951812));
#2260 = CARTESIAN_POINT('',(-13.72962022668,70.874535051821,
    50.71012951812));
#2261 = CARTESIAN_POINT('',(1.78E-15,70.874535051821,50.71012951812));
#2262 = CARTESIAN_POINT('',(13.493448240868,70.874535051821,
    50.71012951812));
#2263 = CARTESIAN_POINT('',(13.676908422207,70.874535051821,
    50.71012951812));
#2264 = ADVANCED_FACE('',(#2265),#2285,.T.);
#2265 = FACE_BOUND('',#2266,.T.);
#2266 = EDGE_LOOP('',(#2267,#2275,#2276,#2284));
#2267 = ORIENTED_EDGE('',*,*,#2268,.T.);
#2268 = EDGE_CURVE('',#1861,#1630,#2269,.T.);
#2269 = B_SPLINE_CURVE_WITH_KNOTS('',4,(#2270,#2271,#2272,#2273,#2274),
  .UNSPECIFIED.,.F.,.F.,(5,5),(0.,1.),.PIECEWISE_BEZIER_KNOTS.);
#2270 = CARTESIAN_POINT('',(32.552999153178,50.281251254932,51.));
#2271 = CARTESIAN_POINT('',(32.593060111546,50.319914658549,
    50.92753237953));
#2272 = CARTESIAN_POINT('',(32.633121069914,50.358578062165,
    50.85506475906));
#2273 = CARTESIAN_POINT('',(32.673182028282,50.397241465782,
    50.78259713859));
#2274 = CARTESIAN_POINT('',(32.71324298665,50.435904869399,
    50.71012951812));
#2275 = ORIENTED_EDGE('',*,*,#1629,.T.);
#2276 = ORIENTED_EDGE('',*,*,#2277,.F.);
#2277 = EDGE_CURVE('',#1869,#1611,#2278,.T.);
#2278 = B_SPLINE_CURVE_WITH_KNOTS('',4,(#2279,#2280,#2281,#2282,#2283),
  .UNSPECIFIED.,.F.,.F.,(5,5),(0.,1.),.PIECEWISE_BEZIER_KNOTS.);
#2279 = CARTESIAN_POINT('',(13.036961685288,70.502729225789,51.));
#2280 = CARTESIAN_POINT('',(13.077022643656,70.541392629406,
    50.92753237953));
#2281 = CARTESIAN_POINT('',(13.117083602025,70.580056033022,
    50.85506475906));
#2282 = CARTESIAN_POINT('',(13.157144560393,70.618719436639,
    50.78259713859));
#2283 = CARTESIAN_POINT('',(13.197205518761,70.657382840256,
    50.71012951812));
#2284 = ORIENTED_EDGE('',*,*,#1868,.F.);
#2285 = B_SPLINE_SURFACE_WITH_KNOTS('',1,2,(
    (#2286,#2287,#2288,#2289,#2290)
    ,(#2291,#2292,#2293,#2294,#2295
    )),.UNSPECIFIED.,.F.,.F.,.F.,(2,2),(3,1,1,3),(0.,29.370924870988),(
    -1.252494887538,-0.310844012328,29.06008085866,30.001731733871),
  .UNSPECIFIED.);
#2286 = CARTESIAN_POINT('',(33.653924218896,49.140531372599,51.));
#2287 = CARTESIAN_POINT('',(33.326962109448,49.479312085865,51.));
#2288 = CARTESIAN_POINT('',(22.801762197574,60.38496332306,51.));
#2289 = CARTESIAN_POINT('',(12.276562285699,71.290614560255,51.));
#2290 = CARTESIAN_POINT('',(11.949600176251,71.629395273522,51.));
#2291 = CARTESIAN_POINT('',(33.814168052369,49.295184987065,
    50.71012951812));
#2292 = CARTESIAN_POINT('',(33.487205942921,49.633965700332,
    50.71012951812));
#2293 = CARTESIAN_POINT('',(22.962006031046,60.539616937527,
    50.71012951812));
#2294 = CARTESIAN_POINT('',(12.436806119172,71.445268174722,
    50.71012951812));
#2295 = CARTESIAN_POINT('',(12.109844009724,71.784048887988,
    50.71012951812));
#2296 = ADVANCED_FACE('',(#2297),#2317,.T.);
#2297 = FACE_BOUND('',#2298,.T.);
#2298 = EDGE_LOOP('',(#2299,#2307,#2308,#2316));
#2299 = ORIENTED_EDGE('',*,*,#2300,.T.);
#2300 = EDGE_CURVE('',#1925,#1665,#2301,.T.);
#2301 = B_SPLINE_CURVE_WITH_KNOTS('',4,(#2302,#2303,#2304,#2305,#2306),
  .UNSPECIFIED.,.F.,.F.,(5,5),(0.,1.),.PIECEWISE_BEZIER_KNOTS.);
#2302 = CARTESIAN_POINT('',(-32.3,-32.3,51.));
#2303 = CARTESIAN_POINT('',(-32.20567530121,-32.20567530121,
    50.927532379532));
#2304 = CARTESIAN_POINT('',(-32.1113506024,-32.1113506024,50.85506475905
    ));
#2305 = CARTESIAN_POINT('',(-32.01702590362,-32.01702590362,
    50.782597138588));
#2306 = CARTESIAN_POINT('',(-31.92270120483,-31.92270120483,
    50.71012951812));
#2307 = ORIENTED_EDGE('',*,*,#1679,.T.);
#2308 = ORIENTED_EDGE('',*,*,#2309,.F.);
#2309 = EDGE_CURVE('',#1937,#1673,#2310,.T.);
#2310 = B_SPLINE_CURVE_WITH_KNOTS('',4,(#2311,#2312,#2313,#2314,#2315),
  .UNSPECIFIED.,.F.,.F.,(5,5),(0.,1.),.PIECEWISE_BEZIER_KNOTS.);
#2311 = CARTESIAN_POINT('',(-32.3,49.967395494563,51.));
#2312 = CARTESIAN_POINT('',(-32.20567530121,49.929302154418,
    50.927532379532));
#2313 = CARTESIAN_POINT('',(-32.11135060241,49.891208814269,
    50.855064759059));
#2314 = CARTESIAN_POINT('',(-32.01702590362,49.853115474121,
    50.782597138587));
#2315 = CARTESIAN_POINT('',(-31.92270120483,49.815022133976,
    50.71012951812));
#2316 = ORIENTED_EDGE('',*,*,#1936,.F.);
#2317 = B_SPLINE_SURFACE_WITH_KNOTS('',1,2,(
    (#2318,#2319,#2320,#2321)
    ,(#2322,#2323,#2324,#2325
  )),.UNSPECIFIED.,.F.,.F.,.F.,(2,2),(3,1,3),(0.,83.852753223283),(
    -1.274779734884,-1.,82.852753223283),.UNSPECIFIED.);
#2318 = CARTESIAN_POINT('',(-32.3,-33.27477973488,51.));
#2319 = CARTESIAN_POINT('',(-32.3,-33.13738986744,51.));
#2320 = CARTESIAN_POINT('',(-32.3,8.926376611642,51.));
#2321 = CARTESIAN_POINT('',(-32.3,50.852753223283,51.));
#2322 = CARTESIAN_POINT('',(-31.92270120483,-33.27477973488,
    50.71012951812));
#2323 = CARTESIAN_POINT('',(-31.92270120483,-33.13738986744,
    50.71012951812));
#2324 = CARTESIAN_POINT('',(-31.92270120483,8.926376611642,
    50.71012951812));
#2325 = CARTESIAN_POINT('',(-31.92270120483,50.852753223283,
    50.71012951812));
#2326 = ADVANCED_FACE('',(#2327),#2337,.F.);
#2327 = FACE_BOUND('',#2328,.F.);
#2328 = EDGE_LOOP('',(#2329,#2334,#2335,#2336));
#2329 = ORIENTED_EDGE('',*,*,#2330,.T.);
#2330 = EDGE_CURVE('',#1946,#1697,#2331,.T.);
#2331 = B_SPLINE_CURVE_WITH_KNOTS('',1,(#2332,#2333),.UNSPECIFIED.,.F.,
  .F.,(2,2),(0.,1.),.PIECEWISE_BEZIER_KNOTS.);
#2332 = CARTESIAN_POINT('',(-12.7231985678,70.251833846989,51.));
#2333 = CARTESIAN_POINT('',(-12.56297852499,69.874535051821,
    50.71012951812));
#2334 = ORIENTED_EDGE('',*,*,#1703,.T.);
#2335 = ORIENTED_EDGE('',*,*,#2309,.F.);
#2336 = ORIENTED_EDGE('',*,*,#1945,.F.);
#2337 = B_SPLINE_SURFACE_WITH_KNOTS('',1,1,(
    (#2338,#2339)
    ,(#2340,#2341
    )),.UNSPECIFIED.,.F.,.F.,.F.,(2,2),(2,2),(0.,29.066535652844),(
    -0.476058666342,28.590476986502),.PIECEWISE_BEZIER_KNOTS.);
#2338 = CARTESIAN_POINT('',(-12.48107108216,70.502713444093,51.));
#2339 = CARTESIAN_POINT('',(-32.66616528552,49.58799453947,51.));
#2340 = CARTESIAN_POINT('',(-12.20958712073,70.240700391893,
    50.71012951812));
#2341 = CARTESIAN_POINT('',(-32.39468132409,49.32598148727,
    50.71012951812));
#2342 = ADVANCED_FACE('',(#2343),#2353,.T.);
#2343 = FACE_BOUND('',#2344,.T.);
#2344 = EDGE_LOOP('',(#2345,#2346,#2347,#2352));
#2345 = ORIENTED_EDGE('',*,*,#2330,.T.);
#2346 = ORIENTED_EDGE('',*,*,#1725,.T.);
#2347 = ORIENTED_EDGE('',*,*,#2348,.F.);
#2348 = EDGE_CURVE('',#1953,#1719,#2349,.T.);
#2349 = B_SPLINE_CURVE_WITH_KNOTS('',1,(#2350,#2351),.UNSPECIFIED.,.F.,
  .F.,(2,2),(0.,1.),.PIECEWISE_BEZIER_KNOTS.);
#2350 = CARTESIAN_POINT('',(12.723198567802,70.251833846989,51.));
#2351 = CARTESIAN_POINT('',(12.562978524993,69.874535051821,
    50.71012951812));
#2352 = ORIENTED_EDGE('',*,*,#1952,.F.);
#2353 = B_SPLINE_SURFACE_WITH_KNOTS('',1,1,(
    (#2354,#2355)
    ,(#2356,#2357
    )),.UNSPECIFIED.,.F.,.F.,.F.,(2,2),(2,2),(0.,26.280182550216),(
    -0.63983410959,25.640348440626),.PIECEWISE_BEZIER_KNOTS.);
#2354 = CARTESIAN_POINT('',(-13.23563759037,70.251833846989,51.));
#2355 = CARTESIAN_POINT('',(13.044544959843,70.251833846989,51.));
#2356 = CARTESIAN_POINT('',(-13.23563759037,69.874535051821,
    50.71012951812));
#2357 = CARTESIAN_POINT('',(13.044544959843,69.874535051821,
    50.71012951812));
#2358 = ADVANCED_FACE('',(#2359),#2372,.F.);
#2359 = FACE_BOUND('',#2360,.F.);
#2360 = EDGE_LOOP('',(#2361,#2369,#2370,#2371));
#2361 = ORIENTED_EDGE('',*,*,#2362,.T.);
#2362 = EDGE_CURVE('',#1960,#1741,#2363,.T.);
#2363 = B_SPLINE_CURVE_WITH_KNOTS('',4,(#2364,#2365,#2366,#2367,#2368),
  .UNSPECIFIED.,.F.,.F.,(5,5),(0.,1.),.PIECEWISE_BEZIER_KNOTS.);
#2364 = CARTESIAN_POINT('',(32.3,49.967395494563,51.));
#2365 = CARTESIAN_POINT('',(32.205675301208,49.929302154417,
    50.92753237953));
#2366 = CARTESIAN_POINT('',(32.111350602417,49.89120881427,
    50.85506475906));
#2367 = CARTESIAN_POINT('',(32.017025903624,49.853115474123,
    50.782597138589));
#2368 = CARTESIAN_POINT('',(31.922701204832,49.815022133976,
    50.71012951812));
#2369 = ORIENTED_EDGE('',*,*,#1747,.T.);
#2370 = ORIENTED_EDGE('',*,*,#2348,.F.);
#2371 = ORIENTED_EDGE('',*,*,#1959,.F.);
#2372 = B_SPLINE_SURFACE_WITH_KNOTS('',1,1,(
    (#2373,#2374)
    ,(#2375,#2376
    )),.UNSPECIFIED.,.F.,.F.,.F.,(2,2),(2,2),(0.,29.076081474845),(
    -0.466793603811,28.609287871034),.PIECEWISE_BEZIER_KNOTS.);
#2373 = CARTESIAN_POINT('',(32.540026122318,49.718693218147,51.));
#2374 = CARTESIAN_POINT('',(12.348302875898,70.640280783908,51.));
#2375 = CARTESIAN_POINT('',(32.268542160891,49.456680165947,
    50.71012951812));
#2376 = CARTESIAN_POINT('',(12.076818914471,70.378267731708,
    50.71012951812));
#2377 = ADVANCED_FACE('',(#2378),#2391,.T.);
#2378 = FACE_BOUND('',#2379,.T.);
#2379 = EDGE_LOOP('',(#2380,#2381,#2382,#2390));
#2380 = ORIENTED_EDGE('',*,*,#2362,.T.);
#2381 = ORIENTED_EDGE('',*,*,#1769,.T.);
#2382 = ORIENTED_EDGE('',*,*,#2383,.F.);
#2383 = EDGE_CURVE('',#1927,#1763,#2384,.T.);
#2384 = B_SPLINE_CURVE_WITH_KNOTS('',4,(#2385,#2386,#2387,#2388,#2389),
  .UNSPECIFIED.,.F.,.F.,(5,5),(0.,1.),.PIECEWISE_BEZIER_KNOTS.);
#2385 = CARTESIAN_POINT('',(32.3,-32.3,51.));
#2386 = CARTESIAN_POINT('',(32.20567530121,-32.20567530121,
    50.927532379532));
#2387 = CARTESIAN_POINT('',(32.111350602404,-32.1113506024,
    50.85506475905));
#2388 = CARTESIAN_POINT('',(32.017025903622,-32.01702590362,
    50.782597138588));
#2389 = CARTESIAN_POINT('',(31.922701204832,-31.92270120483,
    50.71012951812));
#2390 = ORIENTED_EDGE('',*,*,#1966,.F.);
#2391 = B_SPLINE_SURFACE_WITH_KNOTS('',1,2,(
    (#2392,#2393,#2394,#2395,#2396)
    ,(#2397,#2398,#2399,#2400,#2401
    )),.UNSPECIFIED.,.F.,.F.,.F.,(2,2),(3,1,1,3),(0.,83.975395494563),(
    -1.190065037716,-1.129155987672,82.846239506891,83.12283658159),
  .UNSPECIFIED.);
#2392 = CARTESIAN_POINT('',(32.3,51.036304544607,51.));
#2393 = CARTESIAN_POINT('',(32.3,51.005850019585,51.));
#2394 = CARTESIAN_POINT('',(32.3,8.987697747282,51.));
#2395 = CARTESIAN_POINT('',(32.3,-33.13829853734,51.));
#2396 = CARTESIAN_POINT('',(32.3,-33.27659707469,51.));
#2397 = CARTESIAN_POINT('',(31.922701204832,51.036304544607,
    50.71012951812));
#2398 = CARTESIAN_POINT('',(31.922701204832,51.005850019585,
    50.71012951812));
#2399 = CARTESIAN_POINT('',(31.922701204832,8.987697747282,
    50.71012951812));
#2400 = CARTESIAN_POINT('',(31.922701204832,-33.13829853734,
    50.71012951812));
#2401 = CARTESIAN_POINT('',(31.922701204832,-33.27659707469,
    50.71012951812));
#2402 = ADVANCED_FACE('',(#2403),#2409,.F.);
#2403 = FACE_BOUND('',#2404,.F.);
#2404 = EDGE_LOOP('',(#2405,#2406,#2407,#2408));
#2405 = ORIENTED_EDGE('',*,*,#2300,.T.);
#2406 = ORIENTED_EDGE('',*,*,#1788,.T.);
#2407 = ORIENTED_EDGE('',*,*,#2383,.F.);
#2408 = ORIENTED_EDGE('',*,*,#1924,.F.);
#2409 = B_SPLINE_SURFACE_WITH_KNOTS('',1,2,(
    (#2410,#2411,#2412,#2413,#2414)
    ,(#2415,#2416,#2417,#2418,#2419
    )),.UNSPECIFIED.,.F.,.F.,.F.,(2,2),(3,1,1,3),(0.,66.),(-1.558,-1.,
    65.,65.558),.UNSPECIFIED.);
#2410 = CARTESIAN_POINT('',(-33.558,-32.3,51.));
#2411 = CARTESIAN_POINT('',(-33.279,-32.3,51.));
#2412 = CARTESIAN_POINT('',(-1.421E-14,-32.3,51.));
#2413 = CARTESIAN_POINT('',(33.279,-32.3,51.));
#2414 = CARTESIAN_POINT('',(33.558,-32.3,51.));
#2415 = CARTESIAN_POINT('',(-33.558,-31.92270120483,50.71012951812));
#2416 = CARTESIAN_POINT('',(-33.279,-31.92270120483,50.71012951812));
#2417 = CARTESIAN_POINT('',(-1.421E-14,-31.92270120483,50.71012951812));
#2418 = CARTESIAN_POINT('',(33.279,-31.92270120483,50.71012951812));
#2419 = CARTESIAN_POINT('',(33.558,-31.92270120483,50.71012951812));
#2420 = ADVANCED_FACE('',(#2421),#2427,.F.);
#2421 = FACE_BOUND('',#2422,.F.);
#2422 = EDGE_LOOP('',(#2423,#2424,#2425,#2426));
#2423 = ORIENTED_EDGE('',*,*,#2161,.F.);
#2424 = ORIENTED_EDGE('',*,*,#1860,.T.);
#2425 = ORIENTED_EDGE('',*,*,#2268,.T.);
#2426 = ORIENTED_EDGE('',*,*,#2119,.F.);
#2427 = PLANE('',#2428);
#2428 = AXIS2_PLACEMENT_3D('',#2429,#2430,#2431);
#2429 = CARTESIAN_POINT('',(32.7,49.917255592035,51.));
#2430 = DIRECTION('',(-0.75520665618,-0.30499269442,-0.580208895839));
#2431 = DIRECTION('',(-0.374468740462,0.927239538855,5.462534875876E-13)
  );
#2432 = ADVANCED_FACE('',(#2433),#2439,.T.);
#2433 = FACE_BOUND('',#2434,.T.);
#2434 = EDGE_LOOP('',(#2435,#2436,#2437,#2438));
#2435 = ORIENTED_EDGE('',*,*,#2245,.F.);
#2436 = ORIENTED_EDGE('',*,*,#1878,.T.);
#2437 = ORIENTED_EDGE('',*,*,#2277,.T.);
#2438 = ORIENTED_EDGE('',*,*,#2194,.F.);
#2439 = PLANE('',#2440);
#2440 = AXIS2_PLACEMENT_3D('',#2441,#2442,#2443);
#2441 = CARTESIAN_POINT('',(12.685838361725,70.651833846989,51.));
#2442 = DIRECTION('',(0.31913447144,0.751523027079,0.577378843488));
#2443 = DIRECTION('',(0.920446751432,-0.390867979985,2.558125369619E-14)
  );
#2444 = ADVANCED_FACE('',(#2445),#2451,.T.);
#2445 = FACE_BOUND('',#2446,.T.);
#2446 = EDGE_LOOP('',(#2447,#2448,#2449,#2450));
#2447 = ORIENTED_EDGE('',*,*,#2093,.F.);
#2448 = ORIENTED_EDGE('',*,*,#1896,.T.);
#2449 = ORIENTED_EDGE('',*,*,#2236,.T.);
#2450 = ORIENTED_EDGE('',*,*,#2051,.F.);
#2451 = PLANE('',#2452);
#2452 = AXIS2_PLACEMENT_3D('',#2453,#2454,#2455);
#2453 = CARTESIAN_POINT('',(-13.03696168528,70.502729225789,51.));
#2454 = DIRECTION('',(-0.31913447144,0.75152302708,0.577378843488));
#2455 = DIRECTION('',(0.920446751432,0.390867979985,-1.279589238144E-14)
  );
#2456 = ADVANCED_FACE('',(#2457),#2462,.T.);
#2457 = FACE_BOUND('',#2458,.T.);
#2458 = EDGE_LOOP('',(#2459,#2460,#2461));
#2459 = ORIENTED_EDGE('',*,*,#2170,.F.);
#2460 = ORIENTED_EDGE('',*,*,#2027,.T.);
#2461 = ORIENTED_EDGE('',*,*,#1983,.F.);
#2462 = PLANE('',#2463);
#2463 = AXIS2_PLACEMENT_3D('',#2464,#2465,#2466);
#2464 = CARTESIAN_POINT('',(32.7,-32.7,51.));
#2465 = DIRECTION('',(0.671330723825,-0.671330723824,0.314054324119));
#2466 = DIRECTION('',(-0.707106781186,-0.707106781187,1.167679390912E-12
    ));
#2467 = ( GEOMETRIC_REPRESENTATION_CONTEXT(3) 
GLOBAL_UNCERTAINTY_ASSIGNED_CONTEXT((#2471)) 
GLOBAL_UNIT_ASSIGNED_CONTEXT((#2468,#2469,#2470)) REPRESENTATION_CONTEXT
('Context #1','3D Context with UNIT and UNCERTAINTY') );
#2468 = ( LENGTH_UNIT() NAMED_UNIT(*) SI_UNIT(.MILLI.,.METRE.) );
#2469 = ( NAMED_UNIT(*) PLANE_ANGLE_UNIT() SI_UNIT($,.RADIAN.) );
#2470 = ( NAMED_UNIT(*) SI_UNIT($,.STERADIAN.) SOLID_ANGLE_UNIT() );
#2471 = UNCERTAINTY_MEASURE_WITH_UNIT(LENGTH_MEASURE(5.E-05),#2468,
  'distance_accuracy_value','confusion accuracy');
#2472 = PRODUCT_RELATED_PRODUCT_CATEGORY('part',$,(#7));
#2473 = MECHANICAL_DESIGN_GEOMETRIC_PRESENTATION_REPRESENTATION('',(
    #2474),#2467);
#2474 = STYLED_ITEM('color',(#2475),#15);
#2475 = PRESENTATION_STYLE_ASSIGNMENT((#2476,#2482));
#2476 = SURFACE_STYLE_USAGE(.BOTH.,#2477);
#2477 = SURFACE_SIDE_STYLE('',(#2478));
#2478 = SURFACE_STYLE_FILL_AREA(#2479);
#2479 = FILL_AREA_STYLE('',(#2480));
#2480 = FILL_AREA_STYLE_COLOUR('',#2481);
#2481 = COLOUR_RGB('',0.678431390124,0.709803936702,0.741176476869);
#2482 = CURVE_STYLE('',#2483,POSITIVE_LENGTH_MEASURE(0.1),#2484);
#2483 = DRAUGHTING_PRE_DEFINED_CURVE_FONT('continuous');
#2484 = COLOUR_RGB('',9.803921802644E-02,9.803921802644E-02,
  9.803921802644E-02);
ENDSEC;
END-ISO-10303-21;
