ISO-10303-21;
HEADER;
FILE_DESCRIPTION(('FreeCAD Model'),'2;1');
FILE_NAME('Open CASCADE Shape Model','2026-04-23T10:08:01',(''),(''),
  'Open CASCADE STEP processor 7.8','FreeCAD','Unknown');
FILE_SCHEMA(('AUTOMOTIVE_DESIGN { 1 0 10303 214 1 1 1 1 }'));
ENDSEC;
DATA;
#1 = APPLICATION_PROTOCOL_DEFINITION('international standard',
  'automotive_design',2000,#2);
#2 = APPLICATION_CONTEXT(
  'core data for automotive mechanical design processes');
#3 = SHAPE_DEFINITION_REPRESENTATION(#4,#10);
#4 = PRODUCT_DEFINITION_SHAPE('','',#5);
#5 = PRODUCT_DEFINITION('design','',#6,#9);
#6 = PRODUCT_DEFINITION_FORMATION('','',#7);
#7 = PRODUCT('Pocket005','Pocket005','',(#8));
#8 = PRODUCT_CONTEXT('',#2,'mechanical');
#9 = PRODUCT_DEFINITION_CONTEXT('part definition',#2,'design');
#10 = ADVANCED_BREP_SHAPE_REPRESENTATION('',(#11,#15),#2775);
#11 = AXIS2_PLACEMENT_3D('',#12,#13,#14);
#12 = CARTESIAN_POINT('',(0.,0.,0.));
#13 = DIRECTION('',(0.,0.,1.));
#14 = DIRECTION('',(1.,0.,-0.));
#15 = MANIFOLD_SOLID_BREP('',#16);
#16 = CLOSED_SHELL('',(#17,#102,#127,#158,#189,#371,#395,#426,#450,#474,
    #491,#516,#540,#564,#668,#685,#716,#747,#771,#802,#826,#857,#874,
    #905,#929,#946,#977,#1085,#1109,#1210,#1235,#1260,#1285,#1310,#1382,
    #1402,#1419,#1450,#1472,#1494,#1511,#1542,#1559,#1581,#1593,#1610,
    #1622,#1644,#1660,#1723,#1754,#1770,#1838,#1855,#1872,#1889,#1995,
    #2012,#2029,#2046,#2063,#2080,#2097,#2109,#2129,#2149,#2169,#2189,
    #2219,#2241,#2263,#2274,#2285,#2296,#2307,#2324,#2346,#2358,#2383,
    #2408,#2430,#2447,#2469,#2481,#2506,#2531,#2548,#2565,#2582,#2599,
    #2610,#2635,#2660,#2671,#2696,#2721,#2730,#2739,#2748,#2757));
#17 = ADVANCED_FACE('',(#18,#29,#63),#97,.T.);
#18 = FACE_BOUND('',#19,.T.);
#19 = EDGE_LOOP('',(#20));
#20 = ORIENTED_EDGE('',*,*,#21,.F.);
#21 = EDGE_CURVE('',#22,#22,#24,.T.);
#22 = VERTEX_POINT('',#23);
#23 = CARTESIAN_POINT('',(-6.,45.,14.43349));
#24 = CIRCLE('',#25,6.);
#25 = AXIS2_PLACEMENT_3D('',#26,#27,#28);
#26 = CARTESIAN_POINT('',(0.,45.,14.43349));
#27 = DIRECTION('',(0.,1.,-0.));
#28 = DIRECTION('',(-1.,0.,0.));
#29 = FACE_BOUND('',#30,.T.);
#30 = EDGE_LOOP('',(#31,#41,#49,#57));
#31 = ORIENTED_EDGE('',*,*,#32,.F.);
#32 = EDGE_CURVE('',#33,#35,#37,.T.);
#33 = VERTEX_POINT('',#34);
#34 = CARTESIAN_POINT('',(7.15,45.,0.));
#35 = VERTEX_POINT('',#36);
#36 = CARTESIAN_POINT('',(7.15,45.,40.8));
#37 = LINE('',#38,#39);
#38 = CARTESIAN_POINT('',(7.15,45.,0.));
#39 = VECTOR('',#40,1.);
#40 = DIRECTION('',(0.,0.,1.));
#41 = ORIENTED_EDGE('',*,*,#42,.T.);
#42 = EDGE_CURVE('',#33,#43,#45,.T.);
#43 = VERTEX_POINT('',#44);
#44 = CARTESIAN_POINT('',(-7.15,45.,0.));
#45 = LINE('',#46,#47);
#46 = CARTESIAN_POINT('',(20.,45.,0.));
#47 = VECTOR('',#48,1.);
#48 = DIRECTION('',(-1.,0.,0.));
#49 = ORIENTED_EDGE('',*,*,#50,.F.);
#50 = EDGE_CURVE('',#51,#43,#53,.T.);
#51 = VERTEX_POINT('',#52);
#52 = CARTESIAN_POINT('',(-7.15,45.,40.8));
#53 = LINE('',#54,#55);
#54 = CARTESIAN_POINT('',(-7.15,45.,41.));
#55 = VECTOR('',#56,1.);
#56 = DIRECTION('',(0.,0.,-1.));
#57 = ORIENTED_EDGE('',*,*,#58,.F.);
#58 = EDGE_CURVE('',#35,#51,#59,.T.);
#59 = LINE('',#60,#61);
#60 = CARTESIAN_POINT('',(7.15,45.,40.8));
#61 = VECTOR('',#62,1.);
#62 = DIRECTION('',(-1.,0.,0.));
#63 = FACE_BOUND('',#64,.T.);
#64 = EDGE_LOOP('',(#65,#75,#83,#91));
#65 = ORIENTED_EDGE('',*,*,#66,.F.);
#66 = EDGE_CURVE('',#67,#69,#71,.T.);
#67 = VERTEX_POINT('',#68);
#68 = CARTESIAN_POINT('',(-5.5,45.,31.77950286714));
#69 = VERTEX_POINT('',#70);
#70 = CARTESIAN_POINT('',(-5.5,45.,38.27950286714));
#71 = LINE('',#72,#73);
#72 = CARTESIAN_POINT('',(-5.5,45.,29.38975143357));
#73 = VECTOR('',#74,1.);
#74 = DIRECTION('',(0.,0.,1.));
#75 = ORIENTED_EDGE('',*,*,#76,.F.);
#76 = EDGE_CURVE('',#77,#67,#79,.T.);
#77 = VERTEX_POINT('',#78);
#78 = CARTESIAN_POINT('',(5.5,45.,31.77950286714));
#79 = LINE('',#80,#81);
#80 = CARTESIAN_POINT('',(-2.75,45.,31.77950286714));
#81 = VECTOR('',#82,1.);
#82 = DIRECTION('',(-1.,0.,0.));
#83 = ORIENTED_EDGE('',*,*,#84,.F.);
#84 = EDGE_CURVE('',#85,#77,#87,.T.);
#85 = VERTEX_POINT('',#86);
#86 = CARTESIAN_POINT('',(5.5,45.,38.27950286714));
#87 = LINE('',#88,#89);
#88 = CARTESIAN_POINT('',(5.5,45.,26.13975143357));
#89 = VECTOR('',#90,1.);
#90 = DIRECTION('',(0.,0.,-1.));
#91 = ORIENTED_EDGE('',*,*,#92,.F.);
#92 = EDGE_CURVE('',#69,#85,#93,.T.);
#93 = LINE('',#94,#95);
#94 = CARTESIAN_POINT('',(2.75,45.,38.27950286714));
#95 = VECTOR('',#96,1.);
#96 = DIRECTION('',(1.,0.,0.));
#97 = PLANE('',#98);
#98 = AXIS2_PLACEMENT_3D('',#99,#100,#101);
#99 = CARTESIAN_POINT('',(0.,45.,20.5));
#100 = DIRECTION('',(0.,1.,0.));
#101 = DIRECTION('',(0.,0.,1.));
#102 = ADVANCED_FACE('',(#103),#122,.T.);
#103 = FACE_BOUND('',#104,.T.);
#104 = EDGE_LOOP('',(#105,#113,#114,#115));
#105 = ORIENTED_EDGE('',*,*,#106,.F.);
#106 = EDGE_CURVE('',#22,#107,#109,.T.);
#107 = VERTEX_POINT('',#108);
#108 = CARTESIAN_POINT('',(-3.,48.,14.43349));
#109 = LINE('',#110,#111);
#110 = CARTESIAN_POINT('',(-3.,48.,14.43349));
#111 = VECTOR('',#112,1.);
#112 = DIRECTION('',(0.707106781187,0.707106781187,0.));
#113 = ORIENTED_EDGE('',*,*,#21,.T.);
#114 = ORIENTED_EDGE('',*,*,#106,.T.);
#115 = ORIENTED_EDGE('',*,*,#116,.F.);
#116 = EDGE_CURVE('',#107,#107,#117,.T.);
#117 = CIRCLE('',#118,3.);
#118 = AXIS2_PLACEMENT_3D('',#119,#120,#121);
#119 = CARTESIAN_POINT('',(0.,48.,14.43349));
#120 = DIRECTION('',(0.,1.,-0.));
#121 = DIRECTION('',(-1.,0.,0.));
#122 = CONICAL_SURFACE('',#123,3.,0.785398163397);
#123 = AXIS2_PLACEMENT_3D('',#124,#125,#126);
#124 = CARTESIAN_POINT('',(0.,48.,14.43349));
#125 = DIRECTION('',(-0.,-1.,-0.));
#126 = DIRECTION('',(-1.,0.,0.));
#127 = ADVANCED_FACE('',(#128),#153,.F.);
#128 = FACE_BOUND('',#129,.F.);
#129 = EDGE_LOOP('',(#130,#131,#139,#147));
#130 = ORIENTED_EDGE('',*,*,#32,.F.);
#131 = ORIENTED_EDGE('',*,*,#132,.T.);
#132 = EDGE_CURVE('',#33,#133,#135,.T.);
#133 = VERTEX_POINT('',#134);
#134 = CARTESIAN_POINT('',(7.15,51.,-1.E-15));
#135 = LINE('',#136,#137);
#136 = CARTESIAN_POINT('',(7.15,45.,0.));
#137 = VECTOR('',#138,1.);
#138 = DIRECTION('',(0.,1.,-2.2E-16));
#139 = ORIENTED_EDGE('',*,*,#140,.T.);
#140 = EDGE_CURVE('',#133,#141,#143,.T.);
#141 = VERTEX_POINT('',#142);
#142 = CARTESIAN_POINT('',(7.15,51.,40.8));
#143 = LINE('',#144,#145);
#144 = CARTESIAN_POINT('',(7.15,51.,-1.E-15));
#145 = VECTOR('',#146,1.);
#146 = DIRECTION('',(0.,0.,1.));
#147 = ORIENTED_EDGE('',*,*,#148,.F.);
#148 = EDGE_CURVE('',#35,#141,#149,.T.);
#149 = LINE('',#150,#151);
#150 = CARTESIAN_POINT('',(7.15,45.,40.8));
#151 = VECTOR('',#152,1.);
#152 = DIRECTION('',(0.,1.,-2.2E-16));
#153 = PLANE('',#154);
#154 = AXIS2_PLACEMENT_3D('',#155,#156,#157);
#155 = CARTESIAN_POINT('',(7.15,45.,0.));
#156 = DIRECTION('',(1.,0.,0.));
#157 = DIRECTION('',(0.,2.2E-16,1.));
#158 = ADVANCED_FACE('',(#159),#184,.T.);
#159 = FACE_BOUND('',#160,.F.);
#160 = EDGE_LOOP('',(#161,#169,#177,#183));
#161 = ORIENTED_EDGE('',*,*,#162,.F.);
#162 = EDGE_CURVE('',#163,#35,#165,.T.);
#163 = VERTEX_POINT('',#164);
#164 = CARTESIAN_POINT('',(7.35,44.8,41.));
#165 = LINE('',#166,#167);
#166 = CARTESIAN_POINT('',(7.216666666667,44.933333333333,
    40.866666666667));
#167 = VECTOR('',#168,1.);
#168 = DIRECTION('',(-0.57735026919,0.57735026919,-0.57735026919));
#169 = ORIENTED_EDGE('',*,*,#170,.T.);
#170 = EDGE_CURVE('',#163,#171,#173,.T.);
#171 = VERTEX_POINT('',#172);
#172 = CARTESIAN_POINT('',(-7.35,44.8,41.));
#173 = LINE('',#174,#175);
#174 = CARTESIAN_POINT('',(7.15,44.8,41.));
#175 = VECTOR('',#176,1.);
#176 = DIRECTION('',(-1.,0.,0.));
#177 = ORIENTED_EDGE('',*,*,#178,.T.);
#178 = EDGE_CURVE('',#171,#51,#179,.T.);
#179 = LINE('',#180,#181);
#180 = CARTESIAN_POINT('',(-4.833333333333,47.316666666667,
    38.483333333333));
#181 = VECTOR('',#182,1.);
#182 = DIRECTION('',(0.57735026919,0.57735026919,-0.57735026919));
#183 = ORIENTED_EDGE('',*,*,#58,.F.);
#184 = PLANE('',#185);
#185 = AXIS2_PLACEMENT_3D('',#186,#187,#188);
#186 = CARTESIAN_POINT('',(7.15,44.9,40.9));
#187 = DIRECTION('',(0.,0.707106781187,0.707106781187));
#188 = DIRECTION('',(1.,0.,0.));
#189 = ADVANCED_FACE('',(#190,#288,#322,#333,#344,#355),#366,.T.);
#190 = FACE_BOUND('',#191,.T.);
#191 = EDGE_LOOP('',(#192,#202,#210,#218,#226,#232,#233,#234,#242,#250,
    #258,#266,#274,#282));
#192 = ORIENTED_EDGE('',*,*,#193,.F.);
#193 = EDGE_CURVE('',#194,#196,#198,.T.);
#194 = VERTEX_POINT('',#195);
#195 = CARTESIAN_POINT('',(-13.15,45.,0.));
#196 = VERTEX_POINT('',#197);
#197 = CARTESIAN_POINT('',(-19.8,45.,0.));
#198 = LINE('',#199,#200);
#199 = CARTESIAN_POINT('',(20.,45.,0.));
#200 = VECTOR('',#201,1.);
#201 = DIRECTION('',(-1.,0.,0.));
#202 = ORIENTED_EDGE('',*,*,#203,.T.);
#203 = EDGE_CURVE('',#194,#204,#206,.T.);
#204 = VERTEX_POINT('',#205);
#205 = CARTESIAN_POINT('',(-9.15,49.,-1.E-15));
#206 = LINE('',#207,#208);
#207 = CARTESIAN_POINT('',(-16.0516025641,42.098397435897,-9.E-17));
#208 = VECTOR('',#209,1.);
#209 = DIRECTION('',(0.707106781187,0.707106781187,0.));
#210 = ORIENTED_EDGE('',*,*,#211,.T.);
#211 = EDGE_CURVE('',#204,#212,#214,.T.);
#212 = VERTEX_POINT('',#213);
#213 = CARTESIAN_POINT('',(-9.15,51.,-1.E-15));
#214 = LINE('',#215,#216);
#215 = CARTESIAN_POINT('',(-9.15,45.,0.));
#216 = VECTOR('',#217,1.);
#217 = DIRECTION('',(0.,1.,-2.2E-16));
#218 = ORIENTED_EDGE('',*,*,#219,.F.);
#219 = EDGE_CURVE('',#220,#212,#222,.T.);
#220 = VERTEX_POINT('',#221);
#221 = CARTESIAN_POINT('',(-7.15,51.,-1.E-15));
#222 = LINE('',#223,#224);
#223 = CARTESIAN_POINT('',(-7.15,51.,-1.E-15));
#224 = VECTOR('',#225,1.);
#225 = DIRECTION('',(-1.,0.,0.));
#226 = ORIENTED_EDGE('',*,*,#227,.F.);
#227 = EDGE_CURVE('',#43,#220,#228,.T.);
#228 = LINE('',#229,#230);
#229 = CARTESIAN_POINT('',(-7.15,45.,0.));
#230 = VECTOR('',#231,1.);
#231 = DIRECTION('',(0.,1.,-2.2E-16));
#232 = ORIENTED_EDGE('',*,*,#42,.F.);
#233 = ORIENTED_EDGE('',*,*,#132,.T.);
#234 = ORIENTED_EDGE('',*,*,#235,.F.);
#235 = EDGE_CURVE('',#236,#133,#238,.T.);
#236 = VERTEX_POINT('',#237);
#237 = CARTESIAN_POINT('',(9.15,51.,-1.E-15));
#238 = LINE('',#239,#240);
#239 = CARTESIAN_POINT('',(9.15,51.,-1.E-15));
#240 = VECTOR('',#241,1.);
#241 = DIRECTION('',(-1.,0.,0.));
#242 = ORIENTED_EDGE('',*,*,#243,.F.);
#243 = EDGE_CURVE('',#244,#236,#246,.T.);
#244 = VERTEX_POINT('',#245);
#245 = CARTESIAN_POINT('',(9.15,49.,0.));
#246 = LINE('',#247,#248);
#247 = CARTESIAN_POINT('',(9.15,45.,0.));
#248 = VECTOR('',#249,1.);
#249 = DIRECTION('',(0.,1.,-2.2E-16));
#250 = ORIENTED_EDGE('',*,*,#251,.F.);
#251 = EDGE_CURVE('',#252,#244,#254,.T.);
#252 = VERTEX_POINT('',#253);
#253 = CARTESIAN_POINT('',(13.15,45.,0.));
#254 = LINE('',#255,#256);
#255 = CARTESIAN_POINT('',(16.051602564103,42.098397435897,-4.6E-15));
#256 = VECTOR('',#257,1.);
#257 = DIRECTION('',(-0.707106781187,0.707106781187,0.));
#258 = ORIENTED_EDGE('',*,*,#259,.F.);
#259 = EDGE_CURVE('',#260,#252,#262,.T.);
#260 = VERTEX_POINT('',#261);
#261 = CARTESIAN_POINT('',(19.8,45.,1.E-15));
#262 = LINE('',#263,#264);
#263 = CARTESIAN_POINT('',(20.,45.,0.));
#264 = VECTOR('',#265,1.);
#265 = DIRECTION('',(-1.,0.,0.));
#266 = ORIENTED_EDGE('',*,*,#267,.F.);
#267 = EDGE_CURVE('',#268,#260,#270,.T.);
#268 = VERTEX_POINT('',#269);
#269 = CARTESIAN_POINT('',(19.8,-19.8,1.E-15));
#270 = LINE('',#271,#272);
#271 = CARTESIAN_POINT('',(19.8,-20.,-5.E-17));
#272 = VECTOR('',#273,1.);
#273 = DIRECTION('',(0.,1.,0.));
#274 = ORIENTED_EDGE('',*,*,#275,.F.);
#275 = EDGE_CURVE('',#276,#268,#278,.T.);
#276 = VERTEX_POINT('',#277);
#277 = CARTESIAN_POINT('',(-19.8,-19.8,1.E-15));
#278 = LINE('',#279,#280);
#279 = CARTESIAN_POINT('',(-20.,-19.8,-9.E-17));
#280 = VECTOR('',#281,1.);
#281 = DIRECTION('',(1.,0.,0.));
#282 = ORIENTED_EDGE('',*,*,#283,.T.);
#283 = EDGE_CURVE('',#276,#196,#284,.T.);
#284 = LINE('',#285,#286);
#285 = CARTESIAN_POINT('',(-19.8,-20.,-5.E-17));
#286 = VECTOR('',#287,1.);
#287 = DIRECTION('',(0.,1.,0.));
#288 = FACE_BOUND('',#289,.T.);
#289 = EDGE_LOOP('',(#290,#300,#308,#316));
#290 = ORIENTED_EDGE('',*,*,#291,.T.);
#291 = EDGE_CURVE('',#292,#294,#296,.T.);
#292 = VERTEX_POINT('',#293);
#293 = CARTESIAN_POINT('',(-12.5,-4.5,0.));
#294 = VERTEX_POINT('',#295);
#295 = CARTESIAN_POINT('',(12.5,-4.5,0.));
#296 = LINE('',#297,#298);
#297 = CARTESIAN_POINT('',(-12.5,-4.5,0.));
#298 = VECTOR('',#299,1.);
#299 = DIRECTION('',(1.,0.,0.));
#300 = ORIENTED_EDGE('',*,*,#301,.T.);
#301 = EDGE_CURVE('',#294,#302,#304,.T.);
#302 = VERTEX_POINT('',#303);
#303 = CARTESIAN_POINT('',(12.5,4.5,0.));
#304 = LINE('',#305,#306);
#305 = CARTESIAN_POINT('',(12.5,-4.5,0.));
#306 = VECTOR('',#307,1.);
#307 = DIRECTION('',(0.,1.,0.));
#308 = ORIENTED_EDGE('',*,*,#309,.F.);
#309 = EDGE_CURVE('',#310,#302,#312,.T.);
#310 = VERTEX_POINT('',#311);
#311 = CARTESIAN_POINT('',(-12.5,4.5,0.));
#312 = LINE('',#313,#314);
#313 = CARTESIAN_POINT('',(-12.5,4.5,0.));
#314 = VECTOR('',#315,1.);
#315 = DIRECTION('',(1.,0.,0.));
#316 = ORIENTED_EDGE('',*,*,#317,.F.);
#317 = EDGE_CURVE('',#292,#310,#318,.T.);
#318 = LINE('',#319,#320);
#319 = CARTESIAN_POINT('',(-12.5,2.5,0.));
#320 = VECTOR('',#321,1.);
#321 = DIRECTION('',(0.,1.,0.));
#322 = FACE_BOUND('',#323,.T.);
#323 = EDGE_LOOP('',(#324));
#324 = ORIENTED_EDGE('',*,*,#325,.T.);
#325 = EDGE_CURVE('',#326,#326,#328,.T.);
#326 = VERTEX_POINT('',#327);
#327 = CARTESIAN_POINT('',(16.5,-15.,0.));
#328 = CIRCLE('',#329,1.5);
#329 = AXIS2_PLACEMENT_3D('',#330,#331,#332);
#330 = CARTESIAN_POINT('',(15.,-15.,0.));
#331 = DIRECTION('',(0.,0.,1.));
#332 = DIRECTION('',(1.,0.,0.));
#333 = FACE_BOUND('',#334,.T.);
#334 = EDGE_LOOP('',(#335));
#335 = ORIENTED_EDGE('',*,*,#336,.T.);
#336 = EDGE_CURVE('',#337,#337,#339,.T.);
#337 = VERTEX_POINT('',#338);
#338 = CARTESIAN_POINT('',(-13.5,-15.,0.));
#339 = CIRCLE('',#340,1.5);
#340 = AXIS2_PLACEMENT_3D('',#341,#342,#343);
#341 = CARTESIAN_POINT('',(-15.,-15.,0.));
#342 = DIRECTION('',(0.,0.,1.));
#343 = DIRECTION('',(1.,0.,0.));
#344 = FACE_BOUND('',#345,.T.);
#345 = EDGE_LOOP('',(#346));
#346 = ORIENTED_EDGE('',*,*,#347,.T.);
#347 = EDGE_CURVE('',#348,#348,#350,.T.);
#348 = VERTEX_POINT('',#349);
#349 = CARTESIAN_POINT('',(16.5,15.,0.));
#350 = CIRCLE('',#351,1.5);
#351 = AXIS2_PLACEMENT_3D('',#352,#353,#354);
#352 = CARTESIAN_POINT('',(15.,15.,0.));
#353 = DIRECTION('',(0.,0.,1.));
#354 = DIRECTION('',(1.,0.,0.));
#355 = FACE_BOUND('',#356,.T.);
#356 = EDGE_LOOP('',(#357));
#357 = ORIENTED_EDGE('',*,*,#358,.T.);
#358 = EDGE_CURVE('',#359,#359,#361,.T.);
#359 = VERTEX_POINT('',#360);
#360 = CARTESIAN_POINT('',(-13.5,15.,0.));
#361 = CIRCLE('',#362,1.5);
#362 = AXIS2_PLACEMENT_3D('',#363,#364,#365);
#363 = CARTESIAN_POINT('',(-15.,15.,0.));
#364 = DIRECTION('',(0.,0.,1.));
#365 = DIRECTION('',(1.,0.,0.));
#366 = PLANE('',#367);
#367 = AXIS2_PLACEMENT_3D('',#368,#369,#370);
#368 = CARTESIAN_POINT('',(0.,16.24358974359,-9.E-17));
#369 = DIRECTION('',(-0.,-0.,-1.));
#370 = DIRECTION('',(-1.,0.,0.));
#371 = ADVANCED_FACE('',(#372),#390,.F.);
#372 = FACE_BOUND('',#373,.F.);
#373 = EDGE_LOOP('',(#374,#375,#383,#389));
#374 = ORIENTED_EDGE('',*,*,#50,.F.);
#375 = ORIENTED_EDGE('',*,*,#376,.T.);
#376 = EDGE_CURVE('',#51,#377,#379,.T.);
#377 = VERTEX_POINT('',#378);
#378 = CARTESIAN_POINT('',(-7.15,51.,40.8));
#379 = LINE('',#380,#381);
#380 = CARTESIAN_POINT('',(-7.15,45.,40.8));
#381 = VECTOR('',#382,1.);
#382 = DIRECTION('',(0.,1.,-2.2E-16));
#383 = ORIENTED_EDGE('',*,*,#384,.T.);
#384 = EDGE_CURVE('',#377,#220,#385,.T.);
#385 = LINE('',#386,#387);
#386 = CARTESIAN_POINT('',(-7.15,51.,41.));
#387 = VECTOR('',#388,1.);
#388 = DIRECTION('',(0.,0.,-1.));
#389 = ORIENTED_EDGE('',*,*,#227,.F.);
#390 = PLANE('',#391);
#391 = AXIS2_PLACEMENT_3D('',#392,#393,#394);
#392 = CARTESIAN_POINT('',(-7.15,45.,41.));
#393 = DIRECTION('',(-1.,0.,0.));
#394 = DIRECTION('',(0.,-2.2E-16,-1.));
#395 = ADVANCED_FACE('',(#396),#421,.F.);
#396 = FACE_BOUND('',#397,.F.);
#397 = EDGE_LOOP('',(#398,#408,#414,#415));
#398 = ORIENTED_EDGE('',*,*,#399,.F.);
#399 = EDGE_CURVE('',#400,#402,#404,.T.);
#400 = VERTEX_POINT('',#401);
#401 = CARTESIAN_POINT('',(-5.5,43.,38.27950286714));
#402 = VERTEX_POINT('',#403);
#403 = CARTESIAN_POINT('',(-5.5,43.,31.77950286714));
#404 = LINE('',#405,#406);
#405 = CARTESIAN_POINT('',(-5.5,43.,38.27950286714));
#406 = VECTOR('',#407,1.);
#407 = DIRECTION('',(0.,0.,-1.));
#408 = ORIENTED_EDGE('',*,*,#409,.T.);
#409 = EDGE_CURVE('',#400,#69,#410,.T.);
#410 = LINE('',#411,#412);
#411 = CARTESIAN_POINT('',(-5.5,43.,38.27950286714));
#412 = VECTOR('',#413,1.);
#413 = DIRECTION('',(0.,1.,-2.2E-16));
#414 = ORIENTED_EDGE('',*,*,#66,.F.);
#415 = ORIENTED_EDGE('',*,*,#416,.F.);
#416 = EDGE_CURVE('',#402,#67,#417,.T.);
#417 = LINE('',#418,#419);
#418 = CARTESIAN_POINT('',(-5.5,43.,31.77950286714));
#419 = VECTOR('',#420,1.);
#420 = DIRECTION('',(0.,1.,-2.2E-16));
#421 = PLANE('',#422);
#422 = AXIS2_PLACEMENT_3D('',#423,#424,#425);
#423 = CARTESIAN_POINT('',(-5.5,43.,38.27950286714));
#424 = DIRECTION('',(-1.,0.,0.));
#425 = DIRECTION('',(0.,-2.2E-16,-1.));
#426 = ADVANCED_FACE('',(#427),#445,.F.);
#427 = FACE_BOUND('',#428,.F.);
#428 = EDGE_LOOP('',(#429,#437,#443,#444));
#429 = ORIENTED_EDGE('',*,*,#430,.F.);
#430 = EDGE_CURVE('',#431,#400,#433,.T.);
#431 = VERTEX_POINT('',#432);
#432 = CARTESIAN_POINT('',(5.5,43.,38.27950286714));
#433 = LINE('',#434,#435);
#434 = CARTESIAN_POINT('',(5.5,43.,38.27950286714));
#435 = VECTOR('',#436,1.);
#436 = DIRECTION('',(-1.,0.,0.));
#437 = ORIENTED_EDGE('',*,*,#438,.T.);
#438 = EDGE_CURVE('',#431,#85,#439,.T.);
#439 = LINE('',#440,#441);
#440 = CARTESIAN_POINT('',(5.5,43.,38.27950286714));
#441 = VECTOR('',#442,1.);
#442 = DIRECTION('',(0.,1.,-2.2E-16));
#443 = ORIENTED_EDGE('',*,*,#92,.F.);
#444 = ORIENTED_EDGE('',*,*,#409,.F.);
#445 = PLANE('',#446);
#446 = AXIS2_PLACEMENT_3D('',#447,#448,#449);
#447 = CARTESIAN_POINT('',(5.5,43.,38.27950286714));
#448 = DIRECTION('',(0.,2.2E-16,1.));
#449 = DIRECTION('',(-1.,0.,0.));
#450 = ADVANCED_FACE('',(#451),#469,.F.);
#451 = FACE_BOUND('',#452,.F.);
#452 = EDGE_LOOP('',(#453,#461,#467,#468));
#453 = ORIENTED_EDGE('',*,*,#454,.F.);
#454 = EDGE_CURVE('',#455,#431,#457,.T.);
#455 = VERTEX_POINT('',#456);
#456 = CARTESIAN_POINT('',(5.5,43.,31.77950286714));
#457 = LINE('',#458,#459);
#458 = CARTESIAN_POINT('',(5.5,43.,31.77950286714));
#459 = VECTOR('',#460,1.);
#460 = DIRECTION('',(0.,0.,1.));
#461 = ORIENTED_EDGE('',*,*,#462,.T.);
#462 = EDGE_CURVE('',#455,#77,#463,.T.);
#463 = LINE('',#464,#465);
#464 = CARTESIAN_POINT('',(5.5,43.,31.77950286714));
#465 = VECTOR('',#466,1.);
#466 = DIRECTION('',(0.,1.,-2.2E-16));
#467 = ORIENTED_EDGE('',*,*,#84,.F.);
#468 = ORIENTED_EDGE('',*,*,#438,.F.);
#469 = PLANE('',#470);
#470 = AXIS2_PLACEMENT_3D('',#471,#472,#473);
#471 = CARTESIAN_POINT('',(5.5,43.,31.77950286714));
#472 = DIRECTION('',(1.,0.,0.));
#473 = DIRECTION('',(0.,2.2E-16,1.));
#474 = ADVANCED_FACE('',(#475),#486,.F.);
#475 = FACE_BOUND('',#476,.F.);
#476 = EDGE_LOOP('',(#477,#483,#484,#485));
#477 = ORIENTED_EDGE('',*,*,#478,.F.);
#478 = EDGE_CURVE('',#402,#455,#479,.T.);
#479 = LINE('',#480,#481);
#480 = CARTESIAN_POINT('',(-5.5,43.,31.77950286714));
#481 = VECTOR('',#482,1.);
#482 = DIRECTION('',(1.,0.,0.));
#483 = ORIENTED_EDGE('',*,*,#416,.T.);
#484 = ORIENTED_EDGE('',*,*,#76,.F.);
#485 = ORIENTED_EDGE('',*,*,#462,.F.);
#486 = PLANE('',#487);
#487 = AXIS2_PLACEMENT_3D('',#488,#489,#490);
#488 = CARTESIAN_POINT('',(-5.5,43.,31.77950286714));
#489 = DIRECTION('',(0.,-2.2E-16,-1.));
#490 = DIRECTION('',(1.,0.,0.));
#491 = ADVANCED_FACE('',(#492),#511,.T.);
#492 = FACE_BOUND('',#493,.F.);
#493 = EDGE_LOOP('',(#494,#502,#509,#510));
#494 = ORIENTED_EDGE('',*,*,#495,.T.);
#495 = EDGE_CURVE('',#107,#496,#498,.T.);
#496 = VERTEX_POINT('',#497);
#497 = CARTESIAN_POINT('',(-3.,49.6,14.43349));
#498 = LINE('',#499,#500);
#499 = CARTESIAN_POINT('',(-3.,45.,14.43349));
#500 = VECTOR('',#501,1.);
#501 = DIRECTION('',(0.,1.,-2.2E-16));
#502 = ORIENTED_EDGE('',*,*,#503,.T.);
#503 = EDGE_CURVE('',#496,#496,#504,.T.);
#504 = CIRCLE('',#505,3.);
#505 = AXIS2_PLACEMENT_3D('',#506,#507,#508);
#506 = CARTESIAN_POINT('',(0.,49.6,14.43349));
#507 = DIRECTION('',(0.,1.,-0.));
#508 = DIRECTION('',(-1.,0.,0.));
#509 = ORIENTED_EDGE('',*,*,#495,.F.);
#510 = ORIENTED_EDGE('',*,*,#116,.F.);
#511 = CYLINDRICAL_SURFACE('',#512,3.);
#512 = AXIS2_PLACEMENT_3D('',#513,#514,#515);
#513 = CARTESIAN_POINT('',(0.,45.,14.43349));
#514 = DIRECTION('',(0.,-1.,2.2E-16));
#515 = DIRECTION('',(-1.,0.,0.));
#516 = ADVANCED_FACE('',(#517),#535,.F.);
#517 = FACE_BOUND('',#518,.T.);
#518 = EDGE_LOOP('',(#519,#520,#528,#534));
#519 = ORIENTED_EDGE('',*,*,#162,.F.);
#520 = ORIENTED_EDGE('',*,*,#521,.T.);
#521 = EDGE_CURVE('',#163,#522,#524,.T.);
#522 = VERTEX_POINT('',#523);
#523 = CARTESIAN_POINT('',(7.35,50.8,41.));
#524 = LINE('',#525,#526);
#525 = CARTESIAN_POINT('',(7.35,45.,41.));
#526 = VECTOR('',#527,1.);
#527 = DIRECTION('',(0.,1.,-2.2E-16));
#528 = ORIENTED_EDGE('',*,*,#529,.T.);
#529 = EDGE_CURVE('',#522,#141,#530,.T.);
#530 = LINE('',#531,#532);
#531 = CARTESIAN_POINT('',(8.216666666667,49.933333333333,
    41.866666666667));
#532 = VECTOR('',#533,1.);
#533 = DIRECTION('',(-0.57735026919,0.57735026919,-0.57735026919));
#534 = ORIENTED_EDGE('',*,*,#148,.F.);
#535 = PLANE('',#536);
#536 = AXIS2_PLACEMENT_3D('',#537,#538,#539);
#537 = CARTESIAN_POINT('',(7.25,45.,40.9));
#538 = DIRECTION('',(0.707106781187,0.,-0.707106781187));
#539 = DIRECTION('',(1.1E-16,-1.,1.1E-16));
#540 = ADVANCED_FACE('',(#541),#559,.T.);
#541 = FACE_BOUND('',#542,.T.);
#542 = EDGE_LOOP('',(#543,#551,#552,#553));
#543 = ORIENTED_EDGE('',*,*,#544,.T.);
#544 = EDGE_CURVE('',#545,#236,#547,.T.);
#545 = VERTEX_POINT('',#546);
#546 = CARTESIAN_POINT('',(9.15,51.,40.8));
#547 = LINE('',#548,#549);
#548 = CARTESIAN_POINT('',(9.15,51.,41.));
#549 = VECTOR('',#550,1.);
#550 = DIRECTION('',(0.,0.,-1.));
#551 = ORIENTED_EDGE('',*,*,#235,.T.);
#552 = ORIENTED_EDGE('',*,*,#140,.T.);
#553 = ORIENTED_EDGE('',*,*,#554,.T.);
#554 = EDGE_CURVE('',#141,#545,#555,.T.);
#555 = LINE('',#556,#557);
#556 = CARTESIAN_POINT('',(7.15,51.,40.8));
#557 = VECTOR('',#558,1.);
#558 = DIRECTION('',(1.,0.,0.));
#559 = PLANE('',#560);
#560 = AXIS2_PLACEMENT_3D('',#561,#562,#563);
#561 = CARTESIAN_POINT('',(-3.3E-16,51.,20.5));
#562 = DIRECTION('',(0.,1.,0.));
#563 = DIRECTION('',(-1.,0.,0.));
#564 = ADVANCED_FACE('',(#565),#663,.T.);
#565 = FACE_BOUND('',#566,.T.);
#566 = EDGE_LOOP('',(#567,#577,#585,#593,#601,#609,#617,#623,#624,#625,
    #633,#641,#649,#657));
#567 = ORIENTED_EDGE('',*,*,#568,.T.);
#568 = EDGE_CURVE('',#569,#571,#573,.T.);
#569 = VERTEX_POINT('',#570);
#570 = CARTESIAN_POINT('',(-19.8,44.8,41.));
#571 = VERTEX_POINT('',#572);
#572 = CARTESIAN_POINT('',(-19.8,43.2,41.));
#573 = LINE('',#574,#575);
#574 = CARTESIAN_POINT('',(-19.8,45.,41.));
#575 = VECTOR('',#576,1.);
#576 = DIRECTION('',(0.,-1.,0.));
#577 = ORIENTED_EDGE('',*,*,#578,.T.);
#578 = EDGE_CURVE('',#571,#579,#581,.T.);
#579 = VERTEX_POINT('',#580);
#580 = CARTESIAN_POINT('',(19.8,43.2,41.));
#581 = LINE('',#582,#583);
#582 = CARTESIAN_POINT('',(-20.,43.2,41.));
#583 = VECTOR('',#584,1.);
#584 = DIRECTION('',(1.,0.,0.));
#585 = ORIENTED_EDGE('',*,*,#586,.T.);
#586 = EDGE_CURVE('',#579,#587,#589,.T.);
#587 = VERTEX_POINT('',#588);
#588 = CARTESIAN_POINT('',(19.8,44.8,41.));
#589 = LINE('',#590,#591);
#590 = CARTESIAN_POINT('',(19.8,43.,41.));
#591 = VECTOR('',#592,1.);
#592 = DIRECTION('',(0.,1.,0.));
#593 = ORIENTED_EDGE('',*,*,#594,.T.);
#594 = EDGE_CURVE('',#587,#595,#597,.T.);
#595 = VERTEX_POINT('',#596);
#596 = CARTESIAN_POINT('',(13.067157287525,44.8,41.));
#597 = LINE('',#598,#599);
#598 = CARTESIAN_POINT('',(20.,44.8,41.));
#599 = VECTOR('',#600,1.);
#600 = DIRECTION('',(-1.,0.,0.));
#601 = ORIENTED_EDGE('',*,*,#602,.T.);
#602 = EDGE_CURVE('',#595,#603,#605,.T.);
#603 = VERTEX_POINT('',#604);
#604 = CARTESIAN_POINT('',(8.95,48.917157287525,41.));
#605 = LINE('',#606,#607);
#606 = CARTESIAN_POINT('',(13.008578643763,44.858578643763,41.));
#607 = VECTOR('',#608,1.);
#608 = DIRECTION('',(-0.707106781187,0.707106781187,0.));
#609 = ORIENTED_EDGE('',*,*,#610,.T.);
#610 = EDGE_CURVE('',#603,#611,#613,.T.);
#611 = VERTEX_POINT('',#612);
#612 = CARTESIAN_POINT('',(8.95,50.8,41.));
#613 = LINE('',#614,#615);
#614 = CARTESIAN_POINT('',(8.95,49.,41.));
#615 = VECTOR('',#616,1.);
#616 = DIRECTION('',(0.,1.,-2.2E-16));
#617 = ORIENTED_EDGE('',*,*,#618,.F.);
#618 = EDGE_CURVE('',#522,#611,#619,.T.);
#619 = LINE('',#620,#621);
#620 = CARTESIAN_POINT('',(7.15,50.8,41.));
#621 = VECTOR('',#622,1.);
#622 = DIRECTION('',(1.,0.,0.));
#623 = ORIENTED_EDGE('',*,*,#521,.F.);
#624 = ORIENTED_EDGE('',*,*,#170,.T.);
#625 = ORIENTED_EDGE('',*,*,#626,.T.);
#626 = EDGE_CURVE('',#171,#627,#629,.T.);
#627 = VERTEX_POINT('',#628);
#628 = CARTESIAN_POINT('',(-7.35,50.8,41.));
#629 = LINE('',#630,#631);
#630 = CARTESIAN_POINT('',(-7.35,45.,41.));
#631 = VECTOR('',#632,1.);
#632 = DIRECTION('',(0.,1.,-2.2E-16));
#633 = ORIENTED_EDGE('',*,*,#634,.F.);
#634 = EDGE_CURVE('',#635,#627,#637,.T.);
#635 = VERTEX_POINT('',#636);
#636 = CARTESIAN_POINT('',(-8.95,50.8,41.));
#637 = LINE('',#638,#639);
#638 = CARTESIAN_POINT('',(-9.15,50.8,41.));
#639 = VECTOR('',#640,1.);
#640 = DIRECTION('',(1.,0.,0.));
#641 = ORIENTED_EDGE('',*,*,#642,.F.);
#642 = EDGE_CURVE('',#643,#635,#645,.T.);
#643 = VERTEX_POINT('',#644);
#644 = CARTESIAN_POINT('',(-8.95,48.917157287525,41.));
#645 = LINE('',#646,#647);
#646 = CARTESIAN_POINT('',(-8.95,49.,41.));
#647 = VECTOR('',#648,1.);
#648 = DIRECTION('',(0.,1.,-2.2E-16));
#649 = ORIENTED_EDGE('',*,*,#650,.F.);
#650 = EDGE_CURVE('',#651,#643,#653,.T.);
#651 = VERTEX_POINT('',#652);
#652 = CARTESIAN_POINT('',(-13.06715728752,44.8,41.));
#653 = LINE('',#654,#655);
#654 = CARTESIAN_POINT('',(-13.00857864376,44.858578643763,41.));
#655 = VECTOR('',#656,1.);
#656 = DIRECTION('',(0.707106781187,0.707106781187,0.));
#657 = ORIENTED_EDGE('',*,*,#658,.T.);
#658 = EDGE_CURVE('',#651,#569,#659,.T.);
#659 = LINE('',#660,#661);
#660 = CARTESIAN_POINT('',(-13.15,44.8,41.));
#661 = VECTOR('',#662,1.);
#662 = DIRECTION('',(-1.,0.,0.));
#663 = PLANE('',#664);
#664 = AXIS2_PLACEMENT_3D('',#665,#666,#667);
#665 = CARTESIAN_POINT('',(0.,45.111111111111,41.));
#666 = DIRECTION('',(0.,0.,1.));
#667 = DIRECTION('',(1.,0.,0.));
#668 = ADVANCED_FACE('',(#669),#680,.F.);
#669 = FACE_BOUND('',#670,.F.);
#670 = EDGE_LOOP('',(#671,#672,#673,#679));
#671 = ORIENTED_EDGE('',*,*,#178,.F.);
#672 = ORIENTED_EDGE('',*,*,#626,.T.);
#673 = ORIENTED_EDGE('',*,*,#674,.T.);
#674 = EDGE_CURVE('',#627,#377,#675,.T.);
#675 = LINE('',#676,#677);
#676 = CARTESIAN_POINT('',(-8.55,49.6,42.2));
#677 = VECTOR('',#678,1.);
#678 = DIRECTION('',(0.57735026919,0.57735026919,-0.57735026919));
#679 = ORIENTED_EDGE('',*,*,#376,.F.);
#680 = PLANE('',#681);
#681 = AXIS2_PLACEMENT_3D('',#682,#683,#684);
#682 = CARTESIAN_POINT('',(-7.25,45.,40.9));
#683 = DIRECTION('',(-0.707106781187,0.,-0.707106781187));
#684 = DIRECTION('',(1.1E-16,1.,-1.1E-16));
#685 = ADVANCED_FACE('',(#686),#711,.T.);
#686 = FACE_BOUND('',#687,.T.);
#687 = EDGE_LOOP('',(#688,#696,#697,#705));
#688 = ORIENTED_EDGE('',*,*,#689,.F.);
#689 = EDGE_CURVE('',#194,#690,#692,.T.);
#690 = VERTEX_POINT('',#691);
#691 = CARTESIAN_POINT('',(-13.15,45.,40.8));
#692 = LINE('',#693,#694);
#693 = CARTESIAN_POINT('',(-13.15,45.,0.));
#694 = VECTOR('',#695,1.);
#695 = DIRECTION('',(0.,2.2E-16,1.));
#696 = ORIENTED_EDGE('',*,*,#193,.T.);
#697 = ORIENTED_EDGE('',*,*,#698,.T.);
#698 = EDGE_CURVE('',#196,#699,#701,.T.);
#699 = VERTEX_POINT('',#700);
#700 = CARTESIAN_POINT('',(-19.8,45.,40.8));
#701 = LINE('',#702,#703);
#702 = CARTESIAN_POINT('',(-19.8,45.,0.));
#703 = VECTOR('',#704,1.);
#704 = DIRECTION('',(0.,0.,1.));
#705 = ORIENTED_EDGE('',*,*,#706,.F.);
#706 = EDGE_CURVE('',#690,#699,#707,.T.);
#707 = LINE('',#708,#709);
#708 = CARTESIAN_POINT('',(-13.15,45.,40.8));
#709 = VECTOR('',#710,1.);
#710 = DIRECTION('',(-1.,0.,0.));
#711 = PLANE('',#712);
#712 = AXIS2_PLACEMENT_3D('',#713,#714,#715);
#713 = CARTESIAN_POINT('',(0.,45.,20.5));
#714 = DIRECTION('',(0.,1.,0.));
#715 = DIRECTION('',(0.,0.,1.));
#716 = ADVANCED_FACE('',(#717),#742,.T.);
#717 = FACE_BOUND('',#718,.T.);
#718 = EDGE_LOOP('',(#719,#727,#735,#741));
#719 = ORIENTED_EDGE('',*,*,#720,.T.);
#720 = EDGE_CURVE('',#276,#721,#723,.T.);
#721 = VERTEX_POINT('',#722);
#722 = CARTESIAN_POINT('',(-20.,-19.8,0.2));
#723 = LINE('',#724,#725);
#724 = CARTESIAN_POINT('',(-19.85,-19.8,5.E-02));
#725 = VECTOR('',#726,1.);
#726 = DIRECTION('',(-0.707106781187,8.07E-15,0.707106781187));
#727 = ORIENTED_EDGE('',*,*,#728,.T.);
#728 = EDGE_CURVE('',#721,#729,#731,.T.);
#729 = VERTEX_POINT('',#730);
#730 = CARTESIAN_POINT('',(-20.,44.8,0.2));
#731 = LINE('',#732,#733);
#732 = CARTESIAN_POINT('',(-20.,-20.,0.2));
#733 = VECTOR('',#734,1.);
#734 = DIRECTION('',(0.,1.,0.));
#735 = ORIENTED_EDGE('',*,*,#736,.T.);
#736 = EDGE_CURVE('',#729,#196,#737,.T.);
#737 = LINE('',#738,#739);
#738 = CARTESIAN_POINT('',(-30.7,34.1,10.9));
#739 = VECTOR('',#740,1.);
#740 = DIRECTION('',(0.57735026919,0.57735026919,-0.57735026919));
#741 = ORIENTED_EDGE('',*,*,#283,.F.);
#742 = PLANE('',#743);
#743 = AXIS2_PLACEMENT_3D('',#744,#745,#746);
#744 = CARTESIAN_POINT('',(-19.9,-20.,1.E-01));
#745 = DIRECTION('',(-0.707106781187,-0.,-0.707106781187));
#746 = DIRECTION('',(0.,1.,0.));
#747 = ADVANCED_FACE('',(#748),#766,.T.);
#748 = FACE_BOUND('',#749,.T.);
#749 = EDGE_LOOP('',(#750,#751,#759,#765));
#750 = ORIENTED_EDGE('',*,*,#689,.T.);
#751 = ORIENTED_EDGE('',*,*,#752,.T.);
#752 = EDGE_CURVE('',#690,#753,#755,.T.);
#753 = VERTEX_POINT('',#754);
#754 = CARTESIAN_POINT('',(-9.15,49.,40.8));
#755 = LINE('',#756,#757);
#756 = CARTESIAN_POINT('',(-13.15,45.,40.8));
#757 = VECTOR('',#758,1.);
#758 = DIRECTION('',(0.707106781187,0.707106781187,0.));
#759 = ORIENTED_EDGE('',*,*,#760,.F.);
#760 = EDGE_CURVE('',#204,#753,#761,.T.);
#761 = LINE('',#762,#763);
#762 = CARTESIAN_POINT('',(-9.15,49.,-8.9E-16));
#763 = VECTOR('',#764,1.);
#764 = DIRECTION('',(0.,2.2E-16,1.));
#765 = ORIENTED_EDGE('',*,*,#203,.F.);
#766 = PLANE('',#767);
#767 = AXIS2_PLACEMENT_3D('',#768,#769,#770);
#768 = CARTESIAN_POINT('',(-11.15,47.,-4.4E-16));
#769 = DIRECTION('',(-0.707106781187,0.707106781187,-1.E-17));
#770 = DIRECTION('',(1.029289321881E-16,1.170710678119E-16,1.));
#771 = ADVANCED_FACE('',(#772),#797,.F.);
#772 = FACE_BOUND('',#773,.F.);
#773 = EDGE_LOOP('',(#774,#782,#790,#796));
#774 = ORIENTED_EDGE('',*,*,#775,.T.);
#775 = EDGE_CURVE('',#276,#776,#778,.T.);
#776 = VERTEX_POINT('',#777);
#777 = CARTESIAN_POINT('',(-19.8,-20.,0.2));
#778 = LINE('',#779,#780);
#779 = CARTESIAN_POINT('',(-19.8,-19.85,5.E-02));
#780 = VECTOR('',#781,1.);
#781 = DIRECTION('',(7.96E-15,-0.707106781187,0.707106781187));
#782 = ORIENTED_EDGE('',*,*,#783,.T.);
#783 = EDGE_CURVE('',#776,#784,#786,.T.);
#784 = VERTEX_POINT('',#785);
#785 = CARTESIAN_POINT('',(19.8,-20.,0.2));
#786 = LINE('',#787,#788);
#787 = CARTESIAN_POINT('',(-20.,-20.,0.2));
#788 = VECTOR('',#789,1.);
#789 = DIRECTION('',(1.,0.,0.));
#790 = ORIENTED_EDGE('',*,*,#791,.F.);
#791 = EDGE_CURVE('',#268,#784,#792,.T.);
#792 = LINE('',#793,#794);
#793 = CARTESIAN_POINT('',(19.8,-19.85,5.000000000011E-02));
#794 = VECTOR('',#795,1.);
#795 = DIRECTION('',(-7.93E-15,-0.707106781187,0.707106781187));
#796 = ORIENTED_EDGE('',*,*,#275,.F.);
#797 = PLANE('',#798);
#798 = AXIS2_PLACEMENT_3D('',#799,#800,#801);
#799 = CARTESIAN_POINT('',(-20.,-19.9,1.E-01));
#800 = DIRECTION('',(0.,0.707106781187,0.707106781187));
#801 = DIRECTION('',(1.,0.,0.));
#802 = ADVANCED_FACE('',(#803),#821,.F.);
#803 = FACE_BOUND('',#804,.F.);
#804 = EDGE_LOOP('',(#805,#806,#807,#815));
#805 = ORIENTED_EDGE('',*,*,#760,.F.);
#806 = ORIENTED_EDGE('',*,*,#211,.T.);
#807 = ORIENTED_EDGE('',*,*,#808,.T.);
#808 = EDGE_CURVE('',#212,#809,#811,.T.);
#809 = VERTEX_POINT('',#810);
#810 = CARTESIAN_POINT('',(-9.15,51.,40.8));
#811 = LINE('',#812,#813);
#812 = CARTESIAN_POINT('',(-9.15,51.,-1.E-15));
#813 = VECTOR('',#814,1.);
#814 = DIRECTION('',(0.,0.,1.));
#815 = ORIENTED_EDGE('',*,*,#816,.F.);
#816 = EDGE_CURVE('',#753,#809,#817,.T.);
#817 = LINE('',#818,#819);
#818 = CARTESIAN_POINT('',(-9.15,49.,40.8));
#819 = VECTOR('',#820,1.);
#820 = DIRECTION('',(0.,1.,-2.2E-16));
#821 = PLANE('',#822);
#822 = AXIS2_PLACEMENT_3D('',#823,#824,#825);
#823 = CARTESIAN_POINT('',(-9.15,45.,0.));
#824 = DIRECTION('',(1.,0.,0.));
#825 = DIRECTION('',(0.,2.2E-16,1.));
#826 = ADVANCED_FACE('',(#827),#852,.T.);
#827 = FACE_BOUND('',#828,.T.);
#828 = EDGE_LOOP('',(#829,#837,#838,#846));
#829 = ORIENTED_EDGE('',*,*,#830,.F.);
#830 = EDGE_CURVE('',#268,#831,#833,.T.);
#831 = VERTEX_POINT('',#832);
#832 = CARTESIAN_POINT('',(20.,-19.8,0.2));
#833 = LINE('',#834,#835);
#834 = CARTESIAN_POINT('',(19.85,-19.8,5.E-02));
#835 = VECTOR('',#836,1.);
#836 = DIRECTION('',(0.707106781187,-4.41E-15,0.707106781187));
#837 = ORIENTED_EDGE('',*,*,#267,.T.);
#838 = ORIENTED_EDGE('',*,*,#839,.T.);
#839 = EDGE_CURVE('',#260,#840,#842,.T.);
#840 = VERTEX_POINT('',#841);
#841 = CARTESIAN_POINT('',(20.,44.8,0.2));
#842 = LINE('',#843,#844);
#843 = CARTESIAN_POINT('',(30.7,34.1,10.9));
#844 = VECTOR('',#845,1.);
#845 = DIRECTION('',(0.57735026919,-0.57735026919,0.57735026919));
#846 = ORIENTED_EDGE('',*,*,#847,.F.);
#847 = EDGE_CURVE('',#831,#840,#848,.T.);
#848 = LINE('',#849,#850);
#849 = CARTESIAN_POINT('',(20.,-20.,0.2));
#850 = VECTOR('',#851,1.);
#851 = DIRECTION('',(0.,1.,0.));
#852 = PLANE('',#853);
#853 = AXIS2_PLACEMENT_3D('',#854,#855,#856);
#854 = CARTESIAN_POINT('',(19.9,-20.,1.E-01));
#855 = DIRECTION('',(0.707106781187,0.,-0.707106781187));
#856 = DIRECTION('',(0.,1.,0.));
#857 = ADVANCED_FACE('',(#858),#869,.T.);
#858 = FACE_BOUND('',#859,.T.);
#859 = EDGE_LOOP('',(#860,#861,#862,#863));
#860 = ORIENTED_EDGE('',*,*,#384,.T.);
#861 = ORIENTED_EDGE('',*,*,#219,.T.);
#862 = ORIENTED_EDGE('',*,*,#808,.T.);
#863 = ORIENTED_EDGE('',*,*,#864,.T.);
#864 = EDGE_CURVE('',#809,#377,#865,.T.);
#865 = LINE('',#866,#867);
#866 = CARTESIAN_POINT('',(-9.15,51.,40.8));
#867 = VECTOR('',#868,1.);
#868 = DIRECTION('',(1.,0.,0.));
#869 = PLANE('',#870);
#870 = AXIS2_PLACEMENT_3D('',#871,#872,#873);
#871 = CARTESIAN_POINT('',(-3.3E-16,51.,20.5));
#872 = DIRECTION('',(0.,1.,0.));
#873 = DIRECTION('',(-1.,0.,0.));
#874 = ADVANCED_FACE('',(#875),#900,.T.);
#875 = FACE_BOUND('',#876,.T.);
#876 = EDGE_LOOP('',(#877,#885,#893,#899));
#877 = ORIENTED_EDGE('',*,*,#878,.F.);
#878 = EDGE_CURVE('',#879,#252,#881,.T.);
#879 = VERTEX_POINT('',#880);
#880 = CARTESIAN_POINT('',(13.15,45.,40.8));
#881 = LINE('',#882,#883);
#882 = CARTESIAN_POINT('',(13.15,45.,41.));
#883 = VECTOR('',#884,1.);
#884 = DIRECTION('',(0.,-2.2E-16,-1.));
#885 = ORIENTED_EDGE('',*,*,#886,.F.);
#886 = EDGE_CURVE('',#887,#879,#889,.T.);
#887 = VERTEX_POINT('',#888);
#888 = CARTESIAN_POINT('',(19.8,45.,40.8));
#889 = LINE('',#890,#891);
#890 = CARTESIAN_POINT('',(20.,45.,40.8));
#891 = VECTOR('',#892,1.);
#892 = DIRECTION('',(-1.,0.,0.));
#893 = ORIENTED_EDGE('',*,*,#894,.F.);
#894 = EDGE_CURVE('',#260,#887,#895,.T.);
#895 = LINE('',#896,#897);
#896 = CARTESIAN_POINT('',(19.8,45.,0.));
#897 = VECTOR('',#898,1.);
#898 = DIRECTION('',(0.,0.,1.));
#899 = ORIENTED_EDGE('',*,*,#259,.T.);
#900 = PLANE('',#901);
#901 = AXIS2_PLACEMENT_3D('',#902,#903,#904);
#902 = CARTESIAN_POINT('',(0.,45.,20.5));
#903 = DIRECTION('',(0.,1.,0.));
#904 = DIRECTION('',(0.,0.,1.));
#905 = ADVANCED_FACE('',(#906),#924,.T.);
#906 = FACE_BOUND('',#907,.T.);
#907 = EDGE_LOOP('',(#908,#909,#910,#918));
#908 = ORIENTED_EDGE('',*,*,#878,.T.);
#909 = ORIENTED_EDGE('',*,*,#251,.T.);
#910 = ORIENTED_EDGE('',*,*,#911,.F.);
#911 = EDGE_CURVE('',#912,#244,#914,.T.);
#912 = VERTEX_POINT('',#913);
#913 = CARTESIAN_POINT('',(9.15,49.,40.8));
#914 = LINE('',#915,#916);
#915 = CARTESIAN_POINT('',(9.15,49.,41.));
#916 = VECTOR('',#917,1.);
#917 = DIRECTION('',(0.,-2.2E-16,-1.));
#918 = ORIENTED_EDGE('',*,*,#919,.F.);
#919 = EDGE_CURVE('',#879,#912,#920,.T.);
#920 = LINE('',#921,#922);
#921 = CARTESIAN_POINT('',(13.15,45.,40.8));
#922 = VECTOR('',#923,1.);
#923 = DIRECTION('',(-0.707106781187,0.707106781187,0.));
#924 = PLANE('',#925);
#925 = AXIS2_PLACEMENT_3D('',#926,#927,#928);
#926 = CARTESIAN_POINT('',(11.15,47.,41.));
#927 = DIRECTION('',(0.707106781187,0.707106781187,1.E-17));
#928 = DIRECTION('',(1.170710678119E-16,-1.029289321881E-16,-1.));
#929 = ADVANCED_FACE('',(#930),#941,.F.);
#930 = FACE_BOUND('',#931,.F.);
#931 = EDGE_LOOP('',(#932,#933,#939,#940));
#932 = ORIENTED_EDGE('',*,*,#911,.F.);
#933 = ORIENTED_EDGE('',*,*,#934,.T.);
#934 = EDGE_CURVE('',#912,#545,#935,.T.);
#935 = LINE('',#936,#937);
#936 = CARTESIAN_POINT('',(9.15,49.,40.8));
#937 = VECTOR('',#938,1.);
#938 = DIRECTION('',(0.,1.,-2.2E-16));
#939 = ORIENTED_EDGE('',*,*,#544,.T.);
#940 = ORIENTED_EDGE('',*,*,#243,.F.);
#941 = PLANE('',#942);
#942 = AXIS2_PLACEMENT_3D('',#943,#944,#945);
#943 = CARTESIAN_POINT('',(9.15,45.,41.));
#944 = DIRECTION('',(-1.,0.,0.));
#945 = DIRECTION('',(0.,-2.2E-16,-1.));
#946 = ADVANCED_FACE('',(#947),#972,.T.);
#947 = FACE_BOUND('',#948,.T.);
#948 = EDGE_LOOP('',(#949,#957,#965,#971));
#949 = ORIENTED_EDGE('',*,*,#950,.T.);
#950 = EDGE_CURVE('',#292,#951,#953,.T.);
#951 = VERTEX_POINT('',#952);
#952 = CARTESIAN_POINT('',(-12.5,-4.5,4.));
#953 = LINE('',#954,#955);
#954 = CARTESIAN_POINT('',(-12.5,-4.5,0.));
#955 = VECTOR('',#956,1.);
#956 = DIRECTION('',(0.,0.,1.));
#957 = ORIENTED_EDGE('',*,*,#958,.T.);
#958 = EDGE_CURVE('',#951,#959,#961,.T.);
#959 = VERTEX_POINT('',#960);
#960 = CARTESIAN_POINT('',(12.5,-4.5,4.));
#961 = LINE('',#962,#963);
#962 = CARTESIAN_POINT('',(-12.5,-4.5,4.));
#963 = VECTOR('',#964,1.);
#964 = DIRECTION('',(1.,0.,0.));
#965 = ORIENTED_EDGE('',*,*,#966,.F.);
#966 = EDGE_CURVE('',#294,#959,#967,.T.);
#967 = LINE('',#968,#969);
#968 = CARTESIAN_POINT('',(12.5,-4.5,0.));
#969 = VECTOR('',#970,1.);
#970 = DIRECTION('',(0.,0.,1.));
#971 = ORIENTED_EDGE('',*,*,#291,.F.);
#972 = PLANE('',#973);
#973 = AXIS2_PLACEMENT_3D('',#974,#975,#976);
#974 = CARTESIAN_POINT('',(-12.5,-4.5,0.));
#975 = DIRECTION('',(0.,1.,0.));
#976 = DIRECTION('',(1.,0.,0.));
#977 = ADVANCED_FACE('',(#978),#1080,.T.);
#978 = FACE_BOUND('',#979,.T.);
#979 = EDGE_LOOP('',(#980,#981,#989,#997,#1006,#1014,#1023,#1031,#1040,
    #1048,#1057,#1065,#1073,#1079));
#980 = ORIENTED_EDGE('',*,*,#966,.T.);
#981 = ORIENTED_EDGE('',*,*,#982,.F.);
#982 = EDGE_CURVE('',#983,#959,#985,.T.);
#983 = VERTEX_POINT('',#984);
#984 = CARTESIAN_POINT('',(12.5,-6.5,6.));
#985 = LINE('',#986,#987);
#986 = CARTESIAN_POINT('',(12.5,-3.524038461538,3.024038461538));
#987 = VECTOR('',#988,1.);
#988 = DIRECTION('',(0.,0.707106781187,-0.707106781187));
#989 = ORIENTED_EDGE('',*,*,#990,.T.);
#990 = EDGE_CURVE('',#983,#991,#993,.T.);
#991 = VERTEX_POINT('',#992);
#992 = CARTESIAN_POINT('',(12.5,-0.5,6.));
#993 = LINE('',#994,#995);
#994 = CARTESIAN_POINT('',(12.5,0.,6.));
#995 = VECTOR('',#996,1.);
#996 = DIRECTION('',(0.,1.,0.));
#997 = ORIENTED_EDGE('',*,*,#998,.T.);
#998 = EDGE_CURVE('',#991,#999,#1001,.T.);
#999 = VERTEX_POINT('',#1000);
#1000 = CARTESIAN_POINT('',(12.5,-2.5,4.));
#1001 = CIRCLE('',#1002,2.);
#1002 = AXIS2_PLACEMENT_3D('',#1003,#1004,#1005);
#1003 = CARTESIAN_POINT('',(12.5,-0.5,4.));
#1004 = DIRECTION('',(1.,-0.,0.));
#1005 = DIRECTION('',(0.,0.,-1.));
#1006 = ORIENTED_EDGE('',*,*,#1007,.F.);
#1007 = EDGE_CURVE('',#1008,#999,#1010,.T.);
#1008 = VERTEX_POINT('',#1009);
#1009 = CARTESIAN_POINT('',(12.5,-2.5,3.5));
#1010 = LINE('',#1011,#1012);
#1011 = CARTESIAN_POINT('',(12.5,-2.5,0.));
#1012 = VECTOR('',#1013,1.);
#1013 = DIRECTION('',(0.,0.,1.));
#1014 = ORIENTED_EDGE('',*,*,#1015,.T.);
#1015 = EDGE_CURVE('',#1008,#1016,#1018,.T.);
#1016 = VERTEX_POINT('',#1017);
#1017 = CARTESIAN_POINT('',(12.5,-0.5,1.5));
#1018 = CIRCLE('',#1019,2.);
#1019 = AXIS2_PLACEMENT_3D('',#1020,#1021,#1022);
#1020 = CARTESIAN_POINT('',(12.5,-0.5,3.5));
#1021 = DIRECTION('',(1.,-0.,0.));
#1022 = DIRECTION('',(0.,0.,-1.));
#1023 = ORIENTED_EDGE('',*,*,#1024,.F.);
#1024 = EDGE_CURVE('',#1025,#1016,#1027,.T.);
#1025 = VERTEX_POINT('',#1026);
#1026 = CARTESIAN_POINT('',(12.5,0.5,1.5));
#1027 = LINE('',#1028,#1029);
#1028 = CARTESIAN_POINT('',(12.5,2.5,1.5));
#1029 = VECTOR('',#1030,1.);
#1030 = DIRECTION('',(0.,-1.,0.));
#1031 = ORIENTED_EDGE('',*,*,#1032,.F.);
#1032 = EDGE_CURVE('',#1033,#1025,#1035,.T.);
#1033 = VERTEX_POINT('',#1034);
#1034 = CARTESIAN_POINT('',(12.5,2.5,3.5));
#1035 = CIRCLE('',#1036,2.);
#1036 = AXIS2_PLACEMENT_3D('',#1037,#1038,#1039);
#1037 = CARTESIAN_POINT('',(12.5,0.5,3.5));
#1038 = DIRECTION('',(-1.,0.,0.));
#1039 = DIRECTION('',(0.,0.,1.));
#1040 = ORIENTED_EDGE('',*,*,#1041,.T.);
#1041 = EDGE_CURVE('',#1033,#1042,#1044,.T.);
#1042 = VERTEX_POINT('',#1043);
#1043 = CARTESIAN_POINT('',(12.5,2.5,4.));
#1044 = LINE('',#1045,#1046);
#1045 = CARTESIAN_POINT('',(12.5,2.5,0.));
#1046 = VECTOR('',#1047,1.);
#1047 = DIRECTION('',(0.,0.,1.));
#1048 = ORIENTED_EDGE('',*,*,#1049,.F.);
#1049 = EDGE_CURVE('',#1050,#1042,#1052,.T.);
#1050 = VERTEX_POINT('',#1051);
#1051 = CARTESIAN_POINT('',(12.5,0.5,6.));
#1052 = CIRCLE('',#1053,2.);
#1053 = AXIS2_PLACEMENT_3D('',#1054,#1055,#1056);
#1054 = CARTESIAN_POINT('',(12.5,0.5,4.));
#1055 = DIRECTION('',(-1.,0.,0.));
#1056 = DIRECTION('',(0.,0.,-1.));
#1057 = ORIENTED_EDGE('',*,*,#1058,.T.);
#1058 = EDGE_CURVE('',#1050,#1059,#1061,.T.);
#1059 = VERTEX_POINT('',#1060);
#1060 = CARTESIAN_POINT('',(12.5,6.5,6.));
#1061 = LINE('',#1062,#1063);
#1062 = CARTESIAN_POINT('',(12.5,0.,6.));
#1063 = VECTOR('',#1064,1.);
#1064 = DIRECTION('',(0.,1.,0.));
#1065 = ORIENTED_EDGE('',*,*,#1066,.T.);
#1066 = EDGE_CURVE('',#1059,#1067,#1069,.T.);
#1067 = VERTEX_POINT('',#1068);
#1068 = CARTESIAN_POINT('',(12.5,4.5,4.));
#1069 = LINE('',#1070,#1071);
#1070 = CARTESIAN_POINT('',(12.5,3.524038461538,3.024038461538));
#1071 = VECTOR('',#1072,1.);
#1072 = DIRECTION('',(0.,-0.707106781187,-0.707106781187));
#1073 = ORIENTED_EDGE('',*,*,#1074,.F.);
#1074 = EDGE_CURVE('',#302,#1067,#1075,.T.);
#1075 = LINE('',#1076,#1077);
#1076 = CARTESIAN_POINT('',(12.5,4.5,0.));
#1077 = VECTOR('',#1078,1.);
#1078 = DIRECTION('',(0.,0.,1.));
#1079 = ORIENTED_EDGE('',*,*,#301,.F.);
#1080 = PLANE('',#1081);
#1081 = AXIS2_PLACEMENT_3D('',#1082,#1083,#1084);
#1082 = CARTESIAN_POINT('',(12.5,0.,2.596153846154));
#1083 = DIRECTION('',(-1.,-0.,-0.));
#1084 = DIRECTION('',(0.,0.,-1.));
#1085 = ADVANCED_FACE('',(#1086),#1104,.F.);
#1086 = FACE_BOUND('',#1087,.F.);
#1087 = EDGE_LOOP('',(#1088,#1096,#1102,#1103));
#1088 = ORIENTED_EDGE('',*,*,#1089,.T.);
#1089 = EDGE_CURVE('',#310,#1090,#1092,.T.);
#1090 = VERTEX_POINT('',#1091);
#1091 = CARTESIAN_POINT('',(-12.5,4.5,4.));
#1092 = LINE('',#1093,#1094);
#1093 = CARTESIAN_POINT('',(-12.5,4.5,0.));
#1094 = VECTOR('',#1095,1.);
#1095 = DIRECTION('',(0.,0.,1.));
#1096 = ORIENTED_EDGE('',*,*,#1097,.T.);
#1097 = EDGE_CURVE('',#1090,#1067,#1098,.T.);
#1098 = LINE('',#1099,#1100);
#1099 = CARTESIAN_POINT('',(-12.5,4.5,4.));
#1100 = VECTOR('',#1101,1.);
#1101 = DIRECTION('',(1.,0.,0.));
#1102 = ORIENTED_EDGE('',*,*,#1074,.F.);
#1103 = ORIENTED_EDGE('',*,*,#309,.F.);
#1104 = PLANE('',#1105);
#1105 = AXIS2_PLACEMENT_3D('',#1106,#1107,#1108);
#1106 = CARTESIAN_POINT('',(-12.5,4.5,0.));
#1107 = DIRECTION('',(0.,1.,0.));
#1108 = DIRECTION('',(1.,0.,0.));
#1109 = ADVANCED_FACE('',(#1110),#1205,.T.);
#1110 = FACE_BOUND('',#1111,.T.);
#1111 = EDGE_LOOP('',(#1112,#1113,#1121,#1129,#1138,#1146,#1155,#1163,
    #1172,#1180,#1189,#1197,#1203,#1204));
#1112 = ORIENTED_EDGE('',*,*,#1089,.T.);
#1113 = ORIENTED_EDGE('',*,*,#1114,.F.);
#1114 = EDGE_CURVE('',#1115,#1090,#1117,.T.);
#1115 = VERTEX_POINT('',#1116);
#1116 = CARTESIAN_POINT('',(-12.5,6.5,6.));
#1117 = LINE('',#1118,#1119);
#1118 = CARTESIAN_POINT('',(-12.5,3.524038461538,3.024038461538));
#1119 = VECTOR('',#1120,1.);
#1120 = DIRECTION('',(0.,-0.707106781187,-0.707106781187));
#1121 = ORIENTED_EDGE('',*,*,#1122,.T.);
#1122 = EDGE_CURVE('',#1115,#1123,#1125,.T.);
#1123 = VERTEX_POINT('',#1124);
#1124 = CARTESIAN_POINT('',(-12.5,0.5,6.));
#1125 = LINE('',#1126,#1127);
#1126 = CARTESIAN_POINT('',(-12.5,0.,6.));
#1127 = VECTOR('',#1128,1.);
#1128 = DIRECTION('',(-0.,-1.,-0.));
#1129 = ORIENTED_EDGE('',*,*,#1130,.T.);
#1130 = EDGE_CURVE('',#1123,#1131,#1133,.T.);
#1131 = VERTEX_POINT('',#1132);
#1132 = CARTESIAN_POINT('',(-12.5,2.5,4.));
#1133 = CIRCLE('',#1134,2.);
#1134 = AXIS2_PLACEMENT_3D('',#1135,#1136,#1137);
#1135 = CARTESIAN_POINT('',(-12.5,0.5,4.));
#1136 = DIRECTION('',(-1.,0.,0.));
#1137 = DIRECTION('',(0.,0.,-1.));
#1138 = ORIENTED_EDGE('',*,*,#1139,.F.);
#1139 = EDGE_CURVE('',#1140,#1131,#1142,.T.);
#1140 = VERTEX_POINT('',#1141);
#1141 = CARTESIAN_POINT('',(-12.5,2.5,3.5));
#1142 = LINE('',#1143,#1144);
#1143 = CARTESIAN_POINT('',(-12.5,2.5,0.));
#1144 = VECTOR('',#1145,1.);
#1145 = DIRECTION('',(0.,0.,1.));
#1146 = ORIENTED_EDGE('',*,*,#1147,.T.);
#1147 = EDGE_CURVE('',#1140,#1148,#1150,.T.);
#1148 = VERTEX_POINT('',#1149);
#1149 = CARTESIAN_POINT('',(-12.5,0.5,1.5));
#1150 = CIRCLE('',#1151,2.);
#1151 = AXIS2_PLACEMENT_3D('',#1152,#1153,#1154);
#1152 = CARTESIAN_POINT('',(-12.5,0.5,3.5));
#1153 = DIRECTION('',(-1.,0.,0.));
#1154 = DIRECTION('',(0.,0.,1.));
#1155 = ORIENTED_EDGE('',*,*,#1156,.F.);
#1156 = EDGE_CURVE('',#1157,#1148,#1159,.T.);
#1157 = VERTEX_POINT('',#1158);
#1158 = CARTESIAN_POINT('',(-12.5,-0.5,1.5));
#1159 = LINE('',#1160,#1161);
#1160 = CARTESIAN_POINT('',(-12.5,-2.5,1.5));
#1161 = VECTOR('',#1162,1.);
#1162 = DIRECTION('',(0.,1.,0.));
#1163 = ORIENTED_EDGE('',*,*,#1164,.F.);
#1164 = EDGE_CURVE('',#1165,#1157,#1167,.T.);
#1165 = VERTEX_POINT('',#1166);
#1166 = CARTESIAN_POINT('',(-12.5,-2.5,3.5));
#1167 = CIRCLE('',#1168,2.);
#1168 = AXIS2_PLACEMENT_3D('',#1169,#1170,#1171);
#1169 = CARTESIAN_POINT('',(-12.5,-0.5,3.5));
#1170 = DIRECTION('',(1.,-0.,0.));
#1171 = DIRECTION('',(0.,0.,-1.));
#1172 = ORIENTED_EDGE('',*,*,#1173,.T.);
#1173 = EDGE_CURVE('',#1165,#1174,#1176,.T.);
#1174 = VERTEX_POINT('',#1175);
#1175 = CARTESIAN_POINT('',(-12.5,-2.5,4.));
#1176 = LINE('',#1177,#1178);
#1177 = CARTESIAN_POINT('',(-12.5,-2.5,0.));
#1178 = VECTOR('',#1179,1.);
#1179 = DIRECTION('',(0.,0.,1.));
#1180 = ORIENTED_EDGE('',*,*,#1181,.F.);
#1181 = EDGE_CURVE('',#1182,#1174,#1184,.T.);
#1182 = VERTEX_POINT('',#1183);
#1183 = CARTESIAN_POINT('',(-12.5,-0.5,6.));
#1184 = CIRCLE('',#1185,2.);
#1185 = AXIS2_PLACEMENT_3D('',#1186,#1187,#1188);
#1186 = CARTESIAN_POINT('',(-12.5,-0.5,4.));
#1187 = DIRECTION('',(1.,-0.,0.));
#1188 = DIRECTION('',(0.,0.,-1.));
#1189 = ORIENTED_EDGE('',*,*,#1190,.T.);
#1190 = EDGE_CURVE('',#1182,#1191,#1193,.T.);
#1191 = VERTEX_POINT('',#1192);
#1192 = CARTESIAN_POINT('',(-12.5,-6.5,6.));
#1193 = LINE('',#1194,#1195);
#1194 = CARTESIAN_POINT('',(-12.5,0.,6.));
#1195 = VECTOR('',#1196,1.);
#1196 = DIRECTION('',(-0.,-1.,-0.));
#1197 = ORIENTED_EDGE('',*,*,#1198,.T.);
#1198 = EDGE_CURVE('',#1191,#951,#1199,.T.);
#1199 = LINE('',#1200,#1201);
#1200 = CARTESIAN_POINT('',(-12.5,-3.524038461538,3.024038461538));
#1201 = VECTOR('',#1202,1.);
#1202 = DIRECTION('',(0.,0.707106781187,-0.707106781187));
#1203 = ORIENTED_EDGE('',*,*,#950,.F.);
#1204 = ORIENTED_EDGE('',*,*,#317,.T.);
#1205 = PLANE('',#1206);
#1206 = AXIS2_PLACEMENT_3D('',#1207,#1208,#1209);
#1207 = CARTESIAN_POINT('',(-12.5,0.,2.596153846154));
#1208 = DIRECTION('',(1.,0.,0.));
#1209 = DIRECTION('',(0.,0.,1.));
#1210 = ADVANCED_FACE('',(#1211),#1230,.F.);
#1211 = FACE_BOUND('',#1212,.T.);
#1212 = EDGE_LOOP('',(#1213,#1214,#1222,#1229));
#1213 = ORIENTED_EDGE('',*,*,#325,.F.);
#1214 = ORIENTED_EDGE('',*,*,#1215,.T.);
#1215 = EDGE_CURVE('',#326,#1216,#1218,.T.);
#1216 = VERTEX_POINT('',#1217);
#1217 = CARTESIAN_POINT('',(16.5,-15.,5.));
#1218 = LINE('',#1219,#1220);
#1219 = CARTESIAN_POINT('',(16.5,-15.,0.));
#1220 = VECTOR('',#1221,1.);
#1221 = DIRECTION('',(0.,0.,1.));
#1222 = ORIENTED_EDGE('',*,*,#1223,.T.);
#1223 = EDGE_CURVE('',#1216,#1216,#1224,.T.);
#1224 = CIRCLE('',#1225,1.5);
#1225 = AXIS2_PLACEMENT_3D('',#1226,#1227,#1228);
#1226 = CARTESIAN_POINT('',(15.,-15.,5.));
#1227 = DIRECTION('',(0.,0.,1.));
#1228 = DIRECTION('',(1.,0.,0.));
#1229 = ORIENTED_EDGE('',*,*,#1215,.F.);
#1230 = CYLINDRICAL_SURFACE('',#1231,1.5);
#1231 = AXIS2_PLACEMENT_3D('',#1232,#1233,#1234);
#1232 = CARTESIAN_POINT('',(15.,-15.,0.));
#1233 = DIRECTION('',(-0.,-0.,-1.));
#1234 = DIRECTION('',(1.,0.,0.));
#1235 = ADVANCED_FACE('',(#1236),#1255,.F.);
#1236 = FACE_BOUND('',#1237,.T.);
#1237 = EDGE_LOOP('',(#1238,#1239,#1247,#1254));
#1238 = ORIENTED_EDGE('',*,*,#336,.F.);
#1239 = ORIENTED_EDGE('',*,*,#1240,.T.);
#1240 = EDGE_CURVE('',#337,#1241,#1243,.T.);
#1241 = VERTEX_POINT('',#1242);
#1242 = CARTESIAN_POINT('',(-13.5,-15.,5.));
#1243 = LINE('',#1244,#1245);
#1244 = CARTESIAN_POINT('',(-13.5,-15.,0.));
#1245 = VECTOR('',#1246,1.);
#1246 = DIRECTION('',(0.,0.,1.));
#1247 = ORIENTED_EDGE('',*,*,#1248,.T.);
#1248 = EDGE_CURVE('',#1241,#1241,#1249,.T.);
#1249 = CIRCLE('',#1250,1.5);
#1250 = AXIS2_PLACEMENT_3D('',#1251,#1252,#1253);
#1251 = CARTESIAN_POINT('',(-15.,-15.,5.));
#1252 = DIRECTION('',(0.,0.,1.));
#1253 = DIRECTION('',(1.,0.,0.));
#1254 = ORIENTED_EDGE('',*,*,#1240,.F.);
#1255 = CYLINDRICAL_SURFACE('',#1256,1.5);
#1256 = AXIS2_PLACEMENT_3D('',#1257,#1258,#1259);
#1257 = CARTESIAN_POINT('',(-15.,-15.,0.));
#1258 = DIRECTION('',(-0.,-0.,-1.));
#1259 = DIRECTION('',(1.,0.,0.));
#1260 = ADVANCED_FACE('',(#1261),#1280,.F.);
#1261 = FACE_BOUND('',#1262,.T.);
#1262 = EDGE_LOOP('',(#1263,#1264,#1272,#1279));
#1263 = ORIENTED_EDGE('',*,*,#347,.F.);
#1264 = ORIENTED_EDGE('',*,*,#1265,.T.);
#1265 = EDGE_CURVE('',#348,#1266,#1268,.T.);
#1266 = VERTEX_POINT('',#1267);
#1267 = CARTESIAN_POINT('',(16.5,15.,5.));
#1268 = LINE('',#1269,#1270);
#1269 = CARTESIAN_POINT('',(16.5,15.,0.));
#1270 = VECTOR('',#1271,1.);
#1271 = DIRECTION('',(0.,0.,1.));
#1272 = ORIENTED_EDGE('',*,*,#1273,.T.);
#1273 = EDGE_CURVE('',#1266,#1266,#1274,.T.);
#1274 = CIRCLE('',#1275,1.5);
#1275 = AXIS2_PLACEMENT_3D('',#1276,#1277,#1278);
#1276 = CARTESIAN_POINT('',(15.,15.,5.));
#1277 = DIRECTION('',(0.,0.,1.));
#1278 = DIRECTION('',(1.,0.,0.));
#1279 = ORIENTED_EDGE('',*,*,#1265,.F.);
#1280 = CYLINDRICAL_SURFACE('',#1281,1.5);
#1281 = AXIS2_PLACEMENT_3D('',#1282,#1283,#1284);
#1282 = CARTESIAN_POINT('',(15.,15.,0.));
#1283 = DIRECTION('',(-0.,-0.,-1.));
#1284 = DIRECTION('',(1.,0.,0.));
#1285 = ADVANCED_FACE('',(#1286),#1305,.F.);
#1286 = FACE_BOUND('',#1287,.T.);
#1287 = EDGE_LOOP('',(#1288,#1289,#1297,#1304));
#1288 = ORIENTED_EDGE('',*,*,#358,.F.);
#1289 = ORIENTED_EDGE('',*,*,#1290,.T.);
#1290 = EDGE_CURVE('',#359,#1291,#1293,.T.);
#1291 = VERTEX_POINT('',#1292);
#1292 = CARTESIAN_POINT('',(-13.5,15.,5.));
#1293 = LINE('',#1294,#1295);
#1294 = CARTESIAN_POINT('',(-13.5,15.,0.));
#1295 = VECTOR('',#1296,1.);
#1296 = DIRECTION('',(0.,0.,1.));
#1297 = ORIENTED_EDGE('',*,*,#1298,.T.);
#1298 = EDGE_CURVE('',#1291,#1291,#1299,.T.);
#1299 = CIRCLE('',#1300,1.5);
#1300 = AXIS2_PLACEMENT_3D('',#1301,#1302,#1303);
#1301 = CARTESIAN_POINT('',(-15.,15.,5.));
#1302 = DIRECTION('',(0.,0.,1.));
#1303 = DIRECTION('',(1.,0.,0.));
#1304 = ORIENTED_EDGE('',*,*,#1290,.F.);
#1305 = CYLINDRICAL_SURFACE('',#1306,1.5);
#1306 = AXIS2_PLACEMENT_3D('',#1307,#1308,#1309);
#1307 = CARTESIAN_POINT('',(-15.,15.,0.));
#1308 = DIRECTION('',(-0.,-0.,-1.));
#1309 = DIRECTION('',(1.,0.,0.));
#1310 = ADVANCED_FACE('',(#1311,#1371),#1377,.F.);
#1311 = FACE_BOUND('',#1312,.F.);
#1312 = EDGE_LOOP('',(#1313,#1323,#1331,#1339,#1347,#1355,#1364));
#1313 = ORIENTED_EDGE('',*,*,#1314,.F.);
#1314 = EDGE_CURVE('',#1315,#1317,#1319,.T.);
#1315 = VERTEX_POINT('',#1316);
#1316 = CARTESIAN_POINT('',(-19.8,43.,14.));
#1317 = VERTEX_POINT('',#1318);
#1318 = CARTESIAN_POINT('',(-1.435996664307,43.,14.));
#1319 = LINE('',#1320,#1321);
#1320 = CARTESIAN_POINT('',(-20.,43.,14.));
#1321 = VECTOR('',#1322,1.);
#1322 = DIRECTION('',(1.,0.,0.));
#1323 = ORIENTED_EDGE('',*,*,#1324,.T.);
#1324 = EDGE_CURVE('',#1315,#1325,#1327,.T.);
#1325 = VERTEX_POINT('',#1326);
#1326 = CARTESIAN_POINT('',(-19.8,43.,40.8));
#1327 = LINE('',#1328,#1329);
#1328 = CARTESIAN_POINT('',(-19.8,43.,14.));
#1329 = VECTOR('',#1330,1.);
#1330 = DIRECTION('',(0.,0.,1.));
#1331 = ORIENTED_EDGE('',*,*,#1332,.T.);
#1332 = EDGE_CURVE('',#1325,#1333,#1335,.T.);
#1333 = VERTEX_POINT('',#1334);
#1334 = CARTESIAN_POINT('',(19.8,43.,40.8));
#1335 = LINE('',#1336,#1337);
#1336 = CARTESIAN_POINT('',(-20.,43.,40.8));
#1337 = VECTOR('',#1338,1.);
#1338 = DIRECTION('',(1.,0.,0.));
#1339 = ORIENTED_EDGE('',*,*,#1340,.F.);
#1340 = EDGE_CURVE('',#1341,#1333,#1343,.T.);
#1341 = VERTEX_POINT('',#1342);
#1342 = CARTESIAN_POINT('',(19.8,43.,14.));
#1343 = LINE('',#1344,#1345);
#1344 = CARTESIAN_POINT('',(19.8,43.,14.));
#1345 = VECTOR('',#1346,1.);
#1346 = DIRECTION('',(0.,0.,1.));
#1347 = ORIENTED_EDGE('',*,*,#1348,.F.);
#1348 = EDGE_CURVE('',#1349,#1341,#1351,.T.);
#1349 = VERTEX_POINT('',#1350);
#1350 = CARTESIAN_POINT('',(1.435996664307,43.,14.));
#1351 = LINE('',#1352,#1353);
#1352 = CARTESIAN_POINT('',(-20.,43.,14.));
#1353 = VECTOR('',#1354,1.);
#1354 = DIRECTION('',(1.,0.,0.));
#1355 = ORIENTED_EDGE('',*,*,#1356,.F.);
#1356 = EDGE_CURVE('',#1357,#1349,#1359,.T.);
#1357 = VERTEX_POINT('',#1358);
#1358 = CARTESIAN_POINT('',(-1.5,43.,14.43349));
#1359 = CIRCLE('',#1360,1.5);
#1360 = AXIS2_PLACEMENT_3D('',#1361,#1362,#1363);
#1361 = CARTESIAN_POINT('',(0.,43.,14.43349));
#1362 = DIRECTION('',(0.,1.,-2.2E-16));
#1363 = DIRECTION('',(-1.,0.,0.));
#1364 = ORIENTED_EDGE('',*,*,#1365,.F.);
#1365 = EDGE_CURVE('',#1317,#1357,#1366,.T.);
#1366 = CIRCLE('',#1367,1.5);
#1367 = AXIS2_PLACEMENT_3D('',#1368,#1369,#1370);
#1368 = CARTESIAN_POINT('',(0.,43.,14.43349));
#1369 = DIRECTION('',(0.,1.,-2.2E-16));
#1370 = DIRECTION('',(-1.,0.,0.));
#1371 = FACE_BOUND('',#1372,.F.);
#1372 = EDGE_LOOP('',(#1373,#1374,#1375,#1376));
#1373 = ORIENTED_EDGE('',*,*,#430,.T.);
#1374 = ORIENTED_EDGE('',*,*,#399,.T.);
#1375 = ORIENTED_EDGE('',*,*,#478,.T.);
#1376 = ORIENTED_EDGE('',*,*,#454,.T.);
#1377 = PLANE('',#1378);
#1378 = AXIS2_PLACEMENT_3D('',#1379,#1380,#1381);
#1379 = CARTESIAN_POINT('',(-20.,43.,6.));
#1380 = DIRECTION('',(0.,1.,0.));
#1381 = DIRECTION('',(1.,0.,0.));
#1382 = ADVANCED_FACE('',(#1383,#1386),#1397,.T.);
#1383 = FACE_BOUND('',#1384,.T.);
#1384 = EDGE_LOOP('',(#1385));
#1385 = ORIENTED_EDGE('',*,*,#503,.T.);
#1386 = FACE_BOUND('',#1387,.F.);
#1387 = EDGE_LOOP('',(#1388));
#1388 = ORIENTED_EDGE('',*,*,#1389,.T.);
#1389 = EDGE_CURVE('',#1390,#1390,#1392,.T.);
#1390 = VERTEX_POINT('',#1391);
#1391 = CARTESIAN_POINT('',(-1.5,49.6,14.43349));
#1392 = CIRCLE('',#1393,1.5);
#1393 = AXIS2_PLACEMENT_3D('',#1394,#1395,#1396);
#1394 = CARTESIAN_POINT('',(0.,49.6,14.43349));
#1395 = DIRECTION('',(0.,1.,-2.2E-16));
#1396 = DIRECTION('',(-1.,0.,0.));
#1397 = PLANE('',#1398);
#1398 = AXIS2_PLACEMENT_3D('',#1399,#1400,#1401);
#1399 = CARTESIAN_POINT('',(0.,49.6,14.43349));
#1400 = DIRECTION('',(-7.E-16,1.,-1.22E-15));
#1401 = DIRECTION('',(0.,1.22E-15,1.));
#1402 = ADVANCED_FACE('',(#1403),#1414,.T.);
#1403 = FACE_BOUND('',#1404,.T.);
#1404 = EDGE_LOOP('',(#1405,#1406,#1407,#1413));
#1405 = ORIENTED_EDGE('',*,*,#529,.F.);
#1406 = ORIENTED_EDGE('',*,*,#618,.T.);
#1407 = ORIENTED_EDGE('',*,*,#1408,.T.);
#1408 = EDGE_CURVE('',#611,#545,#1409,.T.);
#1409 = LINE('',#1410,#1411);
#1410 = CARTESIAN_POINT('',(8.416666666667,50.266666666667,
    41.533333333333));
#1411 = VECTOR('',#1412,1.);
#1412 = DIRECTION('',(0.57735026919,0.57735026919,-0.57735026919));
#1413 = ORIENTED_EDGE('',*,*,#554,.F.);
#1414 = PLANE('',#1415);
#1415 = AXIS2_PLACEMENT_3D('',#1416,#1417,#1418);
#1416 = CARTESIAN_POINT('',(7.15,50.9,40.9));
#1417 = DIRECTION('',(0.,0.707106781187,0.707106781187));
#1418 = DIRECTION('',(1.,0.,0.));
#1419 = ADVANCED_FACE('',(#1420),#1445,.T.);
#1420 = FACE_BOUND('',#1421,.T.);
#1421 = EDGE_LOOP('',(#1422,#1432,#1438,#1439));
#1422 = ORIENTED_EDGE('',*,*,#1423,.T.);
#1423 = EDGE_CURVE('',#1424,#1426,#1428,.T.);
#1424 = VERTEX_POINT('',#1425);
#1425 = CARTESIAN_POINT('',(-20.,44.8,40.8));
#1426 = VERTEX_POINT('',#1427);
#1427 = CARTESIAN_POINT('',(-20.,43.2,40.8));
#1428 = LINE('',#1429,#1430);
#1429 = CARTESIAN_POINT('',(-20.,45.,40.8));
#1430 = VECTOR('',#1431,1.);
#1431 = DIRECTION('',(0.,-1.,0.));
#1432 = ORIENTED_EDGE('',*,*,#1433,.F.);
#1433 = EDGE_CURVE('',#571,#1426,#1434,.T.);
#1434 = LINE('',#1435,#1436);
#1435 = CARTESIAN_POINT('',(-19.85,43.2,40.95));
#1436 = VECTOR('',#1437,1.);
#1437 = DIRECTION('',(-0.707106781187,9.E-17,-0.707106781187));
#1438 = ORIENTED_EDGE('',*,*,#568,.F.);
#1439 = ORIENTED_EDGE('',*,*,#1440,.F.);
#1440 = EDGE_CURVE('',#1424,#569,#1441,.T.);
#1441 = LINE('',#1442,#1443);
#1442 = CARTESIAN_POINT('',(-19.9,44.8,40.9));
#1443 = VECTOR('',#1444,1.);
#1444 = DIRECTION('',(0.707106781187,9.E-17,0.707106781187));
#1445 = PLANE('',#1446);
#1446 = AXIS2_PLACEMENT_3D('',#1447,#1448,#1449);
#1447 = CARTESIAN_POINT('',(-19.9,45.,40.9));
#1448 = DIRECTION('',(-0.707106781187,0.,0.707106781187));
#1449 = DIRECTION('',(0.,-1.,0.));
#1450 = ADVANCED_FACE('',(#1451),#1467,.T.);
#1451 = FACE_BOUND('',#1452,.F.);
#1452 = EDGE_LOOP('',(#1453,#1459,#1460,#1466));
#1453 = ORIENTED_EDGE('',*,*,#1454,.F.);
#1454 = EDGE_CURVE('',#651,#690,#1455,.T.);
#1455 = LINE('',#1456,#1457);
#1456 = CARTESIAN_POINT('',(-13.11185128603,44.907900857356,
    40.892099142644));
#1457 = VECTOR('',#1458,1.);
#1458 = DIRECTION('',(-0.281084637715,0.678598344546,-0.678598344546));
#1459 = ORIENTED_EDGE('',*,*,#658,.T.);
#1460 = ORIENTED_EDGE('',*,*,#1461,.F.);
#1461 = EDGE_CURVE('',#699,#569,#1462,.T.);
#1462 = LINE('',#1463,#1464);
#1463 = CARTESIAN_POINT('',(-19.8,44.95,40.85));
#1464 = VECTOR('',#1465,1.);
#1465 = DIRECTION('',(2.E-17,-0.707106781187,0.707106781187));
#1466 = ORIENTED_EDGE('',*,*,#706,.F.);
#1467 = PLANE('',#1468);
#1468 = AXIS2_PLACEMENT_3D('',#1469,#1470,#1471);
#1469 = CARTESIAN_POINT('',(-13.15,44.9,40.9));
#1470 = DIRECTION('',(0.,0.707106781187,0.707106781187));
#1471 = DIRECTION('',(1.,0.,0.));
#1472 = ADVANCED_FACE('',(#1473),#1489,.F.);
#1473 = FACE_BOUND('',#1474,.T.);
#1474 = EDGE_LOOP('',(#1475,#1481,#1482,#1488));
#1475 = ORIENTED_EDGE('',*,*,#1476,.T.);
#1476 = EDGE_CURVE('',#571,#1325,#1477,.T.);
#1477 = LINE('',#1478,#1479);
#1478 = CARTESIAN_POINT('',(-19.8,43.15,40.95));
#1479 = VECTOR('',#1480,1.);
#1480 = DIRECTION('',(-2.E-17,-0.707106781187,-0.707106781187));
#1481 = ORIENTED_EDGE('',*,*,#1332,.T.);
#1482 = ORIENTED_EDGE('',*,*,#1483,.F.);
#1483 = EDGE_CURVE('',#579,#1333,#1484,.T.);
#1484 = LINE('',#1485,#1486);
#1485 = CARTESIAN_POINT('',(19.8,43.15,40.95));
#1486 = VECTOR('',#1487,1.);
#1487 = DIRECTION('',(1.E-17,-0.707106781187,-0.707106781187));
#1488 = ORIENTED_EDGE('',*,*,#578,.F.);
#1489 = PLANE('',#1490);
#1490 = AXIS2_PLACEMENT_3D('',#1491,#1492,#1493);
#1491 = CARTESIAN_POINT('',(-20.,43.1,40.9));
#1492 = DIRECTION('',(0.,0.707106781187,-0.707106781187));
#1493 = DIRECTION('',(-1.,0.,0.));
#1494 = ADVANCED_FACE('',(#1495),#1506,.T.);
#1495 = FACE_BOUND('',#1496,.T.);
#1496 = EDGE_LOOP('',(#1497,#1498,#1499,#1505));
#1497 = ORIENTED_EDGE('',*,*,#1454,.F.);
#1498 = ORIENTED_EDGE('',*,*,#650,.T.);
#1499 = ORIENTED_EDGE('',*,*,#1500,.T.);
#1500 = EDGE_CURVE('',#643,#753,#1501,.T.);
#1501 = LINE('',#1502,#1503);
#1502 = CARTESIAN_POINT('',(-9.597405144136,49.185321278576,
    40.352594855864));
#1503 = VECTOR('',#1504,1.);
#1504 = DIRECTION('',(-0.678598344546,0.281084637715,-0.678598344546));
#1505 = ORIENTED_EDGE('',*,*,#752,.F.);
#1506 = PLANE('',#1507);
#1507 = AXIS2_PLACEMENT_3D('',#1508,#1509,#1510);
#1508 = CARTESIAN_POINT('',(-13.07928932188,44.929289321881,40.9));
#1509 = DIRECTION('',(-0.5,0.5,0.707106781187));
#1510 = DIRECTION('',(0.707106781187,0.707106781187,5.551115123124E-17)
  );
#1511 = ADVANCED_FACE('',(#1512),#1537,.T.);
#1512 = FACE_BOUND('',#1513,.F.);
#1513 = EDGE_LOOP('',(#1514,#1522,#1523,#1531));
#1514 = ORIENTED_EDGE('',*,*,#1515,.F.);
#1515 = EDGE_CURVE('',#579,#1516,#1518,.T.);
#1516 = VERTEX_POINT('',#1517);
#1517 = CARTESIAN_POINT('',(20.,43.2,40.8));
#1518 = LINE('',#1519,#1520);
#1519 = CARTESIAN_POINT('',(19.85,43.2,40.95));
#1520 = VECTOR('',#1521,1.);
#1521 = DIRECTION('',(0.707106781187,-1.257E-14,-0.707106781187));
#1522 = ORIENTED_EDGE('',*,*,#586,.T.);
#1523 = ORIENTED_EDGE('',*,*,#1524,.F.);
#1524 = EDGE_CURVE('',#1525,#587,#1527,.T.);
#1525 = VERTEX_POINT('',#1526);
#1526 = CARTESIAN_POINT('',(20.,44.8,40.8));
#1527 = LINE('',#1528,#1529);
#1528 = CARTESIAN_POINT('',(19.9,44.8,40.9));
#1529 = VECTOR('',#1530,1.);
#1530 = DIRECTION('',(-0.707106781187,9.E-17,0.707106781187));
#1531 = ORIENTED_EDGE('',*,*,#1532,.F.);
#1532 = EDGE_CURVE('',#1516,#1525,#1533,.T.);
#1533 = LINE('',#1534,#1535);
#1534 = CARTESIAN_POINT('',(20.,43.,40.8));
#1535 = VECTOR('',#1536,1.);
#1536 = DIRECTION('',(0.,1.,0.));
#1537 = PLANE('',#1538);
#1538 = AXIS2_PLACEMENT_3D('',#1539,#1540,#1541);
#1539 = CARTESIAN_POINT('',(19.9,43.,40.9));
#1540 = DIRECTION('',(0.707106781187,0.,0.707106781187));
#1541 = DIRECTION('',(-0.,-1.,-0.));
#1542 = ADVANCED_FACE('',(#1543),#1554,.F.);
#1543 = FACE_BOUND('',#1544,.T.);
#1544 = EDGE_LOOP('',(#1545,#1546,#1547,#1553));
#1545 = ORIENTED_EDGE('',*,*,#1500,.F.);
#1546 = ORIENTED_EDGE('',*,*,#642,.T.);
#1547 = ORIENTED_EDGE('',*,*,#1548,.T.);
#1548 = EDGE_CURVE('',#635,#809,#1549,.T.);
#1549 = LINE('',#1550,#1551);
#1550 = CARTESIAN_POINT('',(-8.75,50.6,41.2));
#1551 = VECTOR('',#1552,1.);
#1552 = DIRECTION('',(-0.57735026919,0.57735026919,-0.57735026919));
#1553 = ORIENTED_EDGE('',*,*,#816,.F.);
#1554 = PLANE('',#1555);
#1555 = AXIS2_PLACEMENT_3D('',#1556,#1557,#1558);
#1556 = CARTESIAN_POINT('',(-9.05,49.,40.9));
#1557 = DIRECTION('',(0.707106781187,0.,-0.707106781187));
#1558 = DIRECTION('',(1.1E-16,-1.,1.1E-16));
#1559 = ADVANCED_FACE('',(#1560),#1576,.T.);
#1560 = FACE_BOUND('',#1561,.F.);
#1561 = EDGE_LOOP('',(#1562,#1568,#1569,#1575));
#1562 = ORIENTED_EDGE('',*,*,#1563,.T.);
#1563 = EDGE_CURVE('',#887,#587,#1564,.T.);
#1564 = LINE('',#1565,#1566);
#1565 = CARTESIAN_POINT('',(19.8,44.95,40.85));
#1566 = VECTOR('',#1567,1.);
#1567 = DIRECTION('',(-2.E-17,-0.707106781187,0.707106781187));
#1568 = ORIENTED_EDGE('',*,*,#594,.T.);
#1569 = ORIENTED_EDGE('',*,*,#1570,.T.);
#1570 = EDGE_CURVE('',#595,#879,#1571,.T.);
#1571 = LINE('',#1572,#1573);
#1572 = CARTESIAN_POINT('',(13.382455650474,45.561197584026,
    40.238802415974));
#1573 = VECTOR('',#1574,1.);
#1574 = DIRECTION('',(0.281084637715,0.678598344546,-0.678598344546));
#1575 = ORIENTED_EDGE('',*,*,#886,.F.);
#1576 = PLANE('',#1577);
#1577 = AXIS2_PLACEMENT_3D('',#1578,#1579,#1580);
#1578 = CARTESIAN_POINT('',(20.,44.9,40.9));
#1579 = DIRECTION('',(0.,0.707106781187,0.707106781187));
#1580 = DIRECTION('',(1.,0.,0.));
#1581 = ADVANCED_FACE('',(#1582),#1588,.T.);
#1582 = FACE_BOUND('',#1583,.T.);
#1583 = EDGE_LOOP('',(#1584,#1585,#1586,#1587));
#1584 = ORIENTED_EDGE('',*,*,#1548,.F.);
#1585 = ORIENTED_EDGE('',*,*,#634,.T.);
#1586 = ORIENTED_EDGE('',*,*,#674,.T.);
#1587 = ORIENTED_EDGE('',*,*,#864,.F.);
#1588 = PLANE('',#1589);
#1589 = AXIS2_PLACEMENT_3D('',#1590,#1591,#1592);
#1590 = CARTESIAN_POINT('',(-9.15,50.9,40.9));
#1591 = DIRECTION('',(0.,0.707106781187,0.707106781187));
#1592 = DIRECTION('',(1.,0.,0.));
#1593 = ADVANCED_FACE('',(#1594),#1605,.T.);
#1594 = FACE_BOUND('',#1595,.F.);
#1595 = EDGE_LOOP('',(#1596,#1597,#1598,#1604));
#1596 = ORIENTED_EDGE('',*,*,#1570,.F.);
#1597 = ORIENTED_EDGE('',*,*,#602,.T.);
#1598 = ORIENTED_EDGE('',*,*,#1599,.T.);
#1599 = EDGE_CURVE('',#603,#912,#1600,.T.);
#1600 = LINE('',#1601,#1602);
#1601 = CARTESIAN_POINT('',(9.597405144136,49.185321278576,
    40.352594855864));
#1602 = VECTOR('',#1603,1.);
#1603 = DIRECTION('',(0.678598344546,0.281084637715,-0.678598344546));
#1604 = ORIENTED_EDGE('',*,*,#919,.F.);
#1605 = PLANE('',#1606);
#1606 = AXIS2_PLACEMENT_3D('',#1607,#1608,#1609);
#1607 = CARTESIAN_POINT('',(13.079289321881,44.929289321881,40.9));
#1608 = DIRECTION('',(0.5,0.5,0.707106781187));
#1609 = DIRECTION('',(0.707106781187,-0.707106781187,-2.775557561561E-17
    ));
#1610 = ADVANCED_FACE('',(#1611),#1617,.F.);
#1611 = FACE_BOUND('',#1612,.F.);
#1612 = EDGE_LOOP('',(#1613,#1614,#1615,#1616));
#1613 = ORIENTED_EDGE('',*,*,#1599,.F.);
#1614 = ORIENTED_EDGE('',*,*,#610,.T.);
#1615 = ORIENTED_EDGE('',*,*,#1408,.T.);
#1616 = ORIENTED_EDGE('',*,*,#934,.F.);
#1617 = PLANE('',#1618);
#1618 = AXIS2_PLACEMENT_3D('',#1619,#1620,#1621);
#1619 = CARTESIAN_POINT('',(9.05,49.,40.9));
#1620 = DIRECTION('',(-0.707106781187,-0.,-0.707106781187));
#1621 = DIRECTION('',(1.1E-16,1.,-1.1E-16));
#1622 = ADVANCED_FACE('',(#1623),#1639,.T.);
#1623 = FACE_BOUND('',#1624,.T.);
#1624 = EDGE_LOOP('',(#1625,#1626,#1632,#1638));
#1625 = ORIENTED_EDGE('',*,*,#736,.F.);
#1626 = ORIENTED_EDGE('',*,*,#1627,.T.);
#1627 = EDGE_CURVE('',#729,#1424,#1628,.T.);
#1628 = LINE('',#1629,#1630);
#1629 = CARTESIAN_POINT('',(-20.,44.8,0.));
#1630 = VECTOR('',#1631,1.);
#1631 = DIRECTION('',(0.,0.,1.));
#1632 = ORIENTED_EDGE('',*,*,#1633,.F.);
#1633 = EDGE_CURVE('',#699,#1424,#1634,.T.);
#1634 = LINE('',#1635,#1636);
#1635 = CARTESIAN_POINT('',(-19.85,44.95,40.8));
#1636 = VECTOR('',#1637,1.);
#1637 = DIRECTION('',(-0.707106781187,-0.707106781187,-1.1E-16));
#1638 = ORIENTED_EDGE('',*,*,#698,.F.);
#1639 = PLANE('',#1640);
#1640 = AXIS2_PLACEMENT_3D('',#1641,#1642,#1643);
#1641 = CARTESIAN_POINT('',(-19.9,44.9,0.));
#1642 = DIRECTION('',(-0.707106781187,0.707106781187,0.));
#1643 = DIRECTION('',(0.,0.,1.));
#1644 = ADVANCED_FACE('',(#1645),#1655,.F.);
#1645 = FACE_BOUND('',#1646,.F.);
#1646 = EDGE_LOOP('',(#1647,#1648,#1649));
#1647 = ORIENTED_EDGE('',*,*,#775,.F.);
#1648 = ORIENTED_EDGE('',*,*,#720,.T.);
#1649 = ORIENTED_EDGE('',*,*,#1650,.F.);
#1650 = EDGE_CURVE('',#776,#721,#1651,.T.);
#1651 = LINE('',#1652,#1653);
#1652 = CARTESIAN_POINT('',(-19.9,-19.9,0.2));
#1653 = VECTOR('',#1654,1.);
#1654 = DIRECTION('',(-0.707106781187,0.707106781187,1.5E-16));
#1655 = PLANE('',#1656);
#1656 = AXIS2_PLACEMENT_3D('',#1657,#1658,#1659);
#1657 = CARTESIAN_POINT('',(-19.8,-19.8,1.21E-15));
#1658 = DIRECTION('',(0.57735026919,0.57735026919,0.57735026919));
#1659 = DIRECTION('',(-0.707106781187,0.707106781187,7.547298616964E-17)
  );
#1660 = ADVANCED_FACE('',(#1661,#1696,#1707),#1718,.T.);
#1661 = FACE_BOUND('',#1662,.T.);
#1662 = EDGE_LOOP('',(#1663,#1671,#1679,#1687,#1693,#1694,#1695));
#1663 = ORIENTED_EDGE('',*,*,#1664,.T.);
#1664 = EDGE_CURVE('',#721,#1665,#1667,.T.);
#1665 = VERTEX_POINT('',#1666);
#1666 = CARTESIAN_POINT('',(-20.,-19.8,5.8));
#1667 = LINE('',#1668,#1669);
#1668 = CARTESIAN_POINT('',(-20.,-19.8,0.));
#1669 = VECTOR('',#1670,1.);
#1670 = DIRECTION('',(0.,0.,1.));
#1671 = ORIENTED_EDGE('',*,*,#1672,.T.);
#1672 = EDGE_CURVE('',#1665,#1673,#1675,.T.);
#1673 = VERTEX_POINT('',#1674);
#1674 = CARTESIAN_POINT('',(-20.,35.082842712475,5.8));
#1675 = LINE('',#1676,#1677);
#1676 = CARTESIAN_POINT('',(-20.,-20.,5.8));
#1677 = VECTOR('',#1678,1.);
#1678 = DIRECTION('',(0.,1.,0.));
#1679 = ORIENTED_EDGE('',*,*,#1680,.F.);
#1680 = EDGE_CURVE('',#1681,#1673,#1683,.T.);
#1681 = VERTEX_POINT('',#1682);
#1682 = CARTESIAN_POINT('',(-20.,43.2,13.917157287525));
#1683 = LINE('',#1684,#1685);
#1684 = CARTESIAN_POINT('',(-20.,43.141421356237,13.858578643763));
#1685 = VECTOR('',#1686,1.);
#1686 = DIRECTION('',(0.,-0.707106781187,-0.707106781187));
#1687 = ORIENTED_EDGE('',*,*,#1688,.T.);
#1688 = EDGE_CURVE('',#1681,#1426,#1689,.T.);
#1689 = LINE('',#1690,#1691);
#1690 = CARTESIAN_POINT('',(-20.,43.2,14.));
#1691 = VECTOR('',#1692,1.);
#1692 = DIRECTION('',(0.,0.,1.));
#1693 = ORIENTED_EDGE('',*,*,#1423,.F.);
#1694 = ORIENTED_EDGE('',*,*,#1627,.F.);
#1695 = ORIENTED_EDGE('',*,*,#728,.F.);
#1696 = FACE_BOUND('',#1697,.T.);
#1697 = EDGE_LOOP('',(#1698));
#1698 = ORIENTED_EDGE('',*,*,#1699,.F.);
#1699 = EDGE_CURVE('',#1700,#1700,#1702,.T.);
#1700 = VERTEX_POINT('',#1701);
#1701 = CARTESIAN_POINT('',(-20.,33.3,3.));
#1702 = CIRCLE('',#1703,1.7);
#1703 = AXIS2_PLACEMENT_3D('',#1704,#1705,#1706);
#1704 = CARTESIAN_POINT('',(-20.,35.,3.));
#1705 = DIRECTION('',(-1.,0.,0.));
#1706 = DIRECTION('',(0.,-1.,0.));
#1707 = FACE_BOUND('',#1708,.T.);
#1708 = EDGE_LOOP('',(#1709));
#1709 = ORIENTED_EDGE('',*,*,#1710,.F.);
#1710 = EDGE_CURVE('',#1711,#1711,#1713,.T.);
#1711 = VERTEX_POINT('',#1712);
#1712 = CARTESIAN_POINT('',(-20.,-11.7,3.));
#1713 = CIRCLE('',#1714,1.7);
#1714 = AXIS2_PLACEMENT_3D('',#1715,#1716,#1717);
#1715 = CARTESIAN_POINT('',(-20.,-10.,3.));
#1716 = DIRECTION('',(-1.,0.,0.));
#1717 = DIRECTION('',(0.,-1.,0.));
#1718 = PLANE('',#1719);
#1719 = AXIS2_PLACEMENT_3D('',#1720,#1721,#1722);
#1720 = CARTESIAN_POINT('',(-20.,24.114678899083,10.385321100917));
#1721 = DIRECTION('',(-1.,-0.,-0.));
#1722 = DIRECTION('',(0.,0.,-1.));
#1723 = ADVANCED_FACE('',(#1724),#1749,.F.);
#1724 = FACE_BOUND('',#1725,.F.);
#1725 = EDGE_LOOP('',(#1726,#1734,#1742,#1748));
#1726 = ORIENTED_EDGE('',*,*,#1727,.T.);
#1727 = EDGE_CURVE('',#776,#1728,#1730,.T.);
#1728 = VERTEX_POINT('',#1729);
#1729 = CARTESIAN_POINT('',(-19.8,-20.,5.8));
#1730 = LINE('',#1731,#1732);
#1731 = CARTESIAN_POINT('',(-19.8,-20.,0.));
#1732 = VECTOR('',#1733,1.);
#1733 = DIRECTION('',(0.,0.,1.));
#1734 = ORIENTED_EDGE('',*,*,#1735,.T.);
#1735 = EDGE_CURVE('',#1728,#1736,#1738,.T.);
#1736 = VERTEX_POINT('',#1737);
#1737 = CARTESIAN_POINT('',(19.8,-20.,5.8));
#1738 = LINE('',#1739,#1740);
#1739 = CARTESIAN_POINT('',(-20.,-20.,5.8));
#1740 = VECTOR('',#1741,1.);
#1741 = DIRECTION('',(1.,0.,0.));
#1742 = ORIENTED_EDGE('',*,*,#1743,.F.);
#1743 = EDGE_CURVE('',#784,#1736,#1744,.T.);
#1744 = LINE('',#1745,#1746);
#1745 = CARTESIAN_POINT('',(19.8,-20.,0.));
#1746 = VECTOR('',#1747,1.);
#1747 = DIRECTION('',(0.,0.,1.));
#1748 = ORIENTED_EDGE('',*,*,#783,.F.);
#1749 = PLANE('',#1750);
#1750 = AXIS2_PLACEMENT_3D('',#1751,#1752,#1753);
#1751 = CARTESIAN_POINT('',(-20.,-20.,0.));
#1752 = DIRECTION('',(0.,1.,0.));
#1753 = DIRECTION('',(1.,0.,0.));
#1754 = ADVANCED_FACE('',(#1755),#1765,.T.);
#1755 = FACE_BOUND('',#1756,.T.);
#1756 = EDGE_LOOP('',(#1757,#1758,#1759));
#1757 = ORIENTED_EDGE('',*,*,#791,.F.);
#1758 = ORIENTED_EDGE('',*,*,#830,.T.);
#1759 = ORIENTED_EDGE('',*,*,#1760,.F.);
#1760 = EDGE_CURVE('',#784,#831,#1761,.T.);
#1761 = LINE('',#1762,#1763);
#1762 = CARTESIAN_POINT('',(19.9,-19.9,0.2));
#1763 = VECTOR('',#1764,1.);
#1764 = DIRECTION('',(0.707106781187,0.707106781187,-1.237E-14));
#1765 = PLANE('',#1766);
#1766 = AXIS2_PLACEMENT_3D('',#1767,#1768,#1769);
#1767 = CARTESIAN_POINT('',(19.8,-19.8,1.19E-15));
#1768 = DIRECTION('',(0.57735026919,-0.57735026919,-0.57735026919));
#1769 = DIRECTION('',(0.707106781187,0.707106781187,1.656723844023E-16)
  );
#1770 = ADVANCED_FACE('',(#1771,#1811,#1822),#1833,.T.);
#1771 = FACE_BOUND('',#1772,.T.);
#1772 = EDGE_LOOP('',(#1773,#1781,#1782,#1788,#1789,#1797,#1805));
#1773 = ORIENTED_EDGE('',*,*,#1774,.F.);
#1774 = EDGE_CURVE('',#831,#1775,#1777,.T.);
#1775 = VERTEX_POINT('',#1776);
#1776 = CARTESIAN_POINT('',(20.,-19.8,5.8));
#1777 = LINE('',#1778,#1779);
#1778 = CARTESIAN_POINT('',(20.,-19.8,0.));
#1779 = VECTOR('',#1780,1.);
#1780 = DIRECTION('',(0.,0.,1.));
#1781 = ORIENTED_EDGE('',*,*,#847,.T.);
#1782 = ORIENTED_EDGE('',*,*,#1783,.T.);
#1783 = EDGE_CURVE('',#840,#1525,#1784,.T.);
#1784 = LINE('',#1785,#1786);
#1785 = CARTESIAN_POINT('',(20.,44.8,0.));
#1786 = VECTOR('',#1787,1.);
#1787 = DIRECTION('',(0.,0.,1.));
#1788 = ORIENTED_EDGE('',*,*,#1532,.F.);
#1789 = ORIENTED_EDGE('',*,*,#1790,.F.);
#1790 = EDGE_CURVE('',#1791,#1516,#1793,.T.);
#1791 = VERTEX_POINT('',#1792);
#1792 = CARTESIAN_POINT('',(20.,43.2,13.917157287525));
#1793 = LINE('',#1794,#1795);
#1794 = CARTESIAN_POINT('',(20.,43.2,14.));
#1795 = VECTOR('',#1796,1.);
#1796 = DIRECTION('',(0.,0.,1.));
#1797 = ORIENTED_EDGE('',*,*,#1798,.T.);
#1798 = EDGE_CURVE('',#1791,#1799,#1801,.T.);
#1799 = VERTEX_POINT('',#1800);
#1800 = CARTESIAN_POINT('',(20.,35.082842712475,5.8));
#1801 = LINE('',#1802,#1803);
#1802 = CARTESIAN_POINT('',(20.,43.141421356237,13.858578643763));
#1803 = VECTOR('',#1804,1.);
#1804 = DIRECTION('',(0.,-0.707106781187,-0.707106781187));
#1805 = ORIENTED_EDGE('',*,*,#1806,.F.);
#1806 = EDGE_CURVE('',#1775,#1799,#1807,.T.);
#1807 = LINE('',#1808,#1809);
#1808 = CARTESIAN_POINT('',(20.,-20.,5.8));
#1809 = VECTOR('',#1810,1.);
#1810 = DIRECTION('',(0.,1.,0.));
#1811 = FACE_BOUND('',#1812,.T.);
#1812 = EDGE_LOOP('',(#1813));
#1813 = ORIENTED_EDGE('',*,*,#1814,.F.);
#1814 = EDGE_CURVE('',#1815,#1815,#1817,.T.);
#1815 = VERTEX_POINT('',#1816);
#1816 = CARTESIAN_POINT('',(20.,36.7,3.));
#1817 = CIRCLE('',#1818,1.7);
#1818 = AXIS2_PLACEMENT_3D('',#1819,#1820,#1821);
#1819 = CARTESIAN_POINT('',(20.,35.,3.));
#1820 = DIRECTION('',(1.,0.,0.));
#1821 = DIRECTION('',(0.,1.,0.));
#1822 = FACE_BOUND('',#1823,.T.);
#1823 = EDGE_LOOP('',(#1824));
#1824 = ORIENTED_EDGE('',*,*,#1825,.F.);
#1825 = EDGE_CURVE('',#1826,#1826,#1828,.T.);
#1826 = VERTEX_POINT('',#1827);
#1827 = CARTESIAN_POINT('',(20.,-8.3,3.));
#1828 = CIRCLE('',#1829,1.7);
#1829 = AXIS2_PLACEMENT_3D('',#1830,#1831,#1832);
#1830 = CARTESIAN_POINT('',(20.,-10.,3.));
#1831 = DIRECTION('',(1.,0.,0.));
#1832 = DIRECTION('',(0.,1.,0.));
#1833 = PLANE('',#1834);
#1834 = AXIS2_PLACEMENT_3D('',#1835,#1836,#1837);
#1835 = CARTESIAN_POINT('',(20.,24.114678899083,10.385321100917));
#1836 = DIRECTION('',(1.,0.,0.));
#1837 = DIRECTION('',(0.,0.,1.));
#1838 = ADVANCED_FACE('',(#1839),#1850,.T.);
#1839 = FACE_BOUND('',#1840,.F.);
#1840 = EDGE_LOOP('',(#1841,#1842,#1843,#1849));
#1841 = ORIENTED_EDGE('',*,*,#839,.T.);
#1842 = ORIENTED_EDGE('',*,*,#1783,.T.);
#1843 = ORIENTED_EDGE('',*,*,#1844,.F.);
#1844 = EDGE_CURVE('',#887,#1525,#1845,.T.);
#1845 = LINE('',#1846,#1847);
#1846 = CARTESIAN_POINT('',(19.85,44.95,40.8));
#1847 = VECTOR('',#1848,1.);
#1848 = DIRECTION('',(0.707106781187,-0.707106781187,-1.1E-16));
#1849 = ORIENTED_EDGE('',*,*,#894,.F.);
#1850 = PLANE('',#1851);
#1851 = AXIS2_PLACEMENT_3D('',#1852,#1853,#1854);
#1852 = CARTESIAN_POINT('',(19.9,44.9,0.));
#1853 = DIRECTION('',(0.707106781187,0.707106781187,0.));
#1854 = DIRECTION('',(-0.,-0.,-1.));
#1855 = ADVANCED_FACE('',(#1856),#1867,.T.);
#1856 = FACE_BOUND('',#1857,.T.);
#1857 = EDGE_LOOP('',(#1858,#1859,#1865,#1866));
#1858 = ORIENTED_EDGE('',*,*,#1198,.F.);
#1859 = ORIENTED_EDGE('',*,*,#1860,.T.);
#1860 = EDGE_CURVE('',#1191,#983,#1861,.T.);
#1861 = LINE('',#1862,#1863);
#1862 = CARTESIAN_POINT('',(-12.5,-6.5,6.));
#1863 = VECTOR('',#1864,1.);
#1864 = DIRECTION('',(1.,0.,0.));
#1865 = ORIENTED_EDGE('',*,*,#982,.T.);
#1866 = ORIENTED_EDGE('',*,*,#958,.F.);
#1867 = PLANE('',#1868);
#1868 = AXIS2_PLACEMENT_3D('',#1869,#1870,#1871);
#1869 = CARTESIAN_POINT('',(-12.5,-5.5,5.));
#1870 = DIRECTION('',(1.E-17,0.707106781187,0.707106781187));
#1871 = DIRECTION('',(1.,-7.071067811865E-18,-7.071067811865E-18));
#1872 = ADVANCED_FACE('',(#1873),#1884,.F.);
#1873 = FACE_BOUND('',#1874,.F.);
#1874 = EDGE_LOOP('',(#1875,#1876,#1882,#1883));
#1875 = ORIENTED_EDGE('',*,*,#1114,.F.);
#1876 = ORIENTED_EDGE('',*,*,#1877,.T.);
#1877 = EDGE_CURVE('',#1115,#1059,#1878,.T.);
#1878 = LINE('',#1879,#1880);
#1879 = CARTESIAN_POINT('',(-12.5,6.5,6.));
#1880 = VECTOR('',#1881,1.);
#1881 = DIRECTION('',(1.,0.,0.));
#1882 = ORIENTED_EDGE('',*,*,#1066,.T.);
#1883 = ORIENTED_EDGE('',*,*,#1097,.F.);
#1884 = PLANE('',#1885);
#1885 = AXIS2_PLACEMENT_3D('',#1886,#1887,#1888);
#1886 = CARTESIAN_POINT('',(-12.5,5.5,5.));
#1887 = DIRECTION('',(-1.E-17,0.707106781187,-0.707106781187));
#1888 = DIRECTION('',(1.,7.071067811865E-18,-7.071067811865E-18));
#1889 = ADVANCED_FACE('',(#1890,#1924,#1935,#1946,#1957,#1968,#1979),
  #1990,.T.);
#1890 = FACE_BOUND('',#1891,.T.);
#1891 = EDGE_LOOP('',(#1892,#1902,#1910,#1918));
#1892 = ORIENTED_EDGE('',*,*,#1893,.F.);
#1893 = EDGE_CURVE('',#1894,#1896,#1898,.T.);
#1894 = VERTEX_POINT('',#1895);
#1895 = CARTESIAN_POINT('',(-19.8,35.,6.));
#1896 = VERTEX_POINT('',#1897);
#1897 = CARTESIAN_POINT('',(19.8,35.,6.));
#1898 = LINE('',#1899,#1900);
#1899 = CARTESIAN_POINT('',(-20.,35.,6.));
#1900 = VECTOR('',#1901,1.);
#1901 = DIRECTION('',(1.,0.,0.));
#1902 = ORIENTED_EDGE('',*,*,#1903,.F.);
#1903 = EDGE_CURVE('',#1904,#1894,#1906,.T.);
#1904 = VERTEX_POINT('',#1905);
#1905 = CARTESIAN_POINT('',(-19.8,-19.8,6.));
#1906 = LINE('',#1907,#1908);
#1907 = CARTESIAN_POINT('',(-19.8,-20.,6.));
#1908 = VECTOR('',#1909,1.);
#1909 = DIRECTION('',(0.,1.,0.));
#1910 = ORIENTED_EDGE('',*,*,#1911,.T.);
#1911 = EDGE_CURVE('',#1904,#1912,#1914,.T.);
#1912 = VERTEX_POINT('',#1913);
#1913 = CARTESIAN_POINT('',(19.8,-19.8,6.));
#1914 = LINE('',#1915,#1916);
#1915 = CARTESIAN_POINT('',(-20.,-19.8,6.));
#1916 = VECTOR('',#1917,1.);
#1917 = DIRECTION('',(1.,0.,0.));
#1918 = ORIENTED_EDGE('',*,*,#1919,.T.);
#1919 = EDGE_CURVE('',#1912,#1896,#1920,.T.);
#1920 = LINE('',#1921,#1922);
#1921 = CARTESIAN_POINT('',(19.8,-20.,6.));
#1922 = VECTOR('',#1923,1.);
#1923 = DIRECTION('',(0.,1.,0.));
#1924 = FACE_BOUND('',#1925,.T.);
#1925 = EDGE_LOOP('',(#1926));
#1926 = ORIENTED_EDGE('',*,*,#1927,.F.);
#1927 = EDGE_CURVE('',#1928,#1928,#1930,.T.);
#1928 = VERTEX_POINT('',#1929);
#1929 = CARTESIAN_POINT('',(-10.5,-15.,6.));
#1930 = CIRCLE('',#1931,4.5);
#1931 = AXIS2_PLACEMENT_3D('',#1932,#1933,#1934);
#1932 = CARTESIAN_POINT('',(-15.,-15.,6.));
#1933 = DIRECTION('',(0.,0.,1.));
#1934 = DIRECTION('',(1.,0.,0.));
#1935 = FACE_BOUND('',#1936,.T.);
#1936 = EDGE_LOOP('',(#1937));
#1937 = ORIENTED_EDGE('',*,*,#1938,.F.);
#1938 = EDGE_CURVE('',#1939,#1939,#1941,.T.);
#1939 = VERTEX_POINT('',#1940);
#1940 = CARTESIAN_POINT('',(19.5,-15.,6.));
#1941 = CIRCLE('',#1942,4.5);
#1942 = AXIS2_PLACEMENT_3D('',#1943,#1944,#1945);
#1943 = CARTESIAN_POINT('',(15.,-15.,6.));
#1944 = DIRECTION('',(0.,0.,1.));
#1945 = DIRECTION('',(1.,0.,0.));
#1946 = FACE_BOUND('',#1947,.T.);
#1947 = EDGE_LOOP('',(#1948,#1949,#1955,#1956));
#1948 = ORIENTED_EDGE('',*,*,#1190,.F.);
#1949 = ORIENTED_EDGE('',*,*,#1950,.F.);
#1950 = EDGE_CURVE('',#991,#1182,#1951,.T.);
#1951 = LINE('',#1952,#1953);
#1952 = CARTESIAN_POINT('',(12.5,-0.5,6.));
#1953 = VECTOR('',#1954,1.);
#1954 = DIRECTION('',(-1.,0.,0.));
#1955 = ORIENTED_EDGE('',*,*,#990,.F.);
#1956 = ORIENTED_EDGE('',*,*,#1860,.F.);
#1957 = FACE_BOUND('',#1958,.T.);
#1958 = EDGE_LOOP('',(#1959));
#1959 = ORIENTED_EDGE('',*,*,#1960,.F.);
#1960 = EDGE_CURVE('',#1961,#1961,#1963,.T.);
#1961 = VERTEX_POINT('',#1962);
#1962 = CARTESIAN_POINT('',(-10.5,15.,6.));
#1963 = CIRCLE('',#1964,4.5);
#1964 = AXIS2_PLACEMENT_3D('',#1965,#1966,#1967);
#1965 = CARTESIAN_POINT('',(-15.,15.,6.));
#1966 = DIRECTION('',(0.,0.,1.));
#1967 = DIRECTION('',(1.,0.,0.));
#1968 = FACE_BOUND('',#1969,.T.);
#1969 = EDGE_LOOP('',(#1970,#1971,#1972,#1978));
#1970 = ORIENTED_EDGE('',*,*,#1877,.T.);
#1971 = ORIENTED_EDGE('',*,*,#1058,.F.);
#1972 = ORIENTED_EDGE('',*,*,#1973,.T.);
#1973 = EDGE_CURVE('',#1050,#1123,#1974,.T.);
#1974 = LINE('',#1975,#1976);
#1975 = CARTESIAN_POINT('',(12.5,0.5,6.));
#1976 = VECTOR('',#1977,1.);
#1977 = DIRECTION('',(-1.,0.,0.));
#1978 = ORIENTED_EDGE('',*,*,#1122,.F.);
#1979 = FACE_BOUND('',#1980,.T.);
#1980 = EDGE_LOOP('',(#1981));
#1981 = ORIENTED_EDGE('',*,*,#1982,.F.);
#1982 = EDGE_CURVE('',#1983,#1983,#1985,.T.);
#1983 = VERTEX_POINT('',#1984);
#1984 = CARTESIAN_POINT('',(19.5,15.,6.));
#1985 = CIRCLE('',#1986,4.5);
#1986 = AXIS2_PLACEMENT_3D('',#1987,#1988,#1989);
#1987 = CARTESIAN_POINT('',(15.,15.,6.));
#1988 = DIRECTION('',(0.,0.,1.));
#1989 = DIRECTION('',(1.,0.,0.));
#1990 = PLANE('',#1991);
#1991 = AXIS2_PLACEMENT_3D('',#1992,#1993,#1994);
#1992 = CARTESIAN_POINT('',(0.,14.,6.));
#1993 = DIRECTION('',(0.,0.,1.));
#1994 = DIRECTION('',(1.,0.,0.));
#1995 = ADVANCED_FACE('',(#1996),#2007,.T.);
#1996 = FACE_BOUND('',#1997,.F.);
#1997 = EDGE_LOOP('',(#1998,#1999,#2005,#2006));
#1998 = ORIENTED_EDGE('',*,*,#998,.T.);
#1999 = ORIENTED_EDGE('',*,*,#2000,.T.);
#2000 = EDGE_CURVE('',#999,#1174,#2001,.T.);
#2001 = LINE('',#2002,#2003);
#2002 = CARTESIAN_POINT('',(12.5,-2.5,4.));
#2003 = VECTOR('',#2004,1.);
#2004 = DIRECTION('',(-1.,0.,0.));
#2005 = ORIENTED_EDGE('',*,*,#1181,.F.);
#2006 = ORIENTED_EDGE('',*,*,#1950,.F.);
#2007 = CYLINDRICAL_SURFACE('',#2008,2.);
#2008 = AXIS2_PLACEMENT_3D('',#2009,#2010,#2011);
#2009 = CARTESIAN_POINT('',(12.5,-0.5,4.));
#2010 = DIRECTION('',(-1.,0.,0.));
#2011 = DIRECTION('',(0.,0.,1.));
#2012 = ADVANCED_FACE('',(#2013),#2024,.T.);
#2013 = FACE_BOUND('',#2014,.T.);
#2014 = EDGE_LOOP('',(#2015,#2016,#2022,#2023));
#2015 = ORIENTED_EDGE('',*,*,#1173,.F.);
#2016 = ORIENTED_EDGE('',*,*,#2017,.F.);
#2017 = EDGE_CURVE('',#1008,#1165,#2018,.T.);
#2018 = LINE('',#2019,#2020);
#2019 = CARTESIAN_POINT('',(12.5,-2.5,3.5));
#2020 = VECTOR('',#2021,1.);
#2021 = DIRECTION('',(-1.,0.,0.));
#2022 = ORIENTED_EDGE('',*,*,#1007,.T.);
#2023 = ORIENTED_EDGE('',*,*,#2000,.T.);
#2024 = PLANE('',#2025);
#2025 = AXIS2_PLACEMENT_3D('',#2026,#2027,#2028);
#2026 = CARTESIAN_POINT('',(12.5,-2.5,0.));
#2027 = DIRECTION('',(0.,-1.,0.));
#2028 = DIRECTION('',(-1.,0.,0.));
#2029 = ADVANCED_FACE('',(#2030),#2041,.T.);
#2030 = FACE_BOUND('',#2031,.F.);
#2031 = EDGE_LOOP('',(#2032,#2033,#2039,#2040));
#2032 = ORIENTED_EDGE('',*,*,#1015,.T.);
#2033 = ORIENTED_EDGE('',*,*,#2034,.T.);
#2034 = EDGE_CURVE('',#1016,#1157,#2035,.T.);
#2035 = LINE('',#2036,#2037);
#2036 = CARTESIAN_POINT('',(12.5,-0.5,1.5));
#2037 = VECTOR('',#2038,1.);
#2038 = DIRECTION('',(-1.,0.,0.));
#2039 = ORIENTED_EDGE('',*,*,#1164,.F.);
#2040 = ORIENTED_EDGE('',*,*,#2017,.F.);
#2041 = CYLINDRICAL_SURFACE('',#2042,2.);
#2042 = AXIS2_PLACEMENT_3D('',#2043,#2044,#2045);
#2043 = CARTESIAN_POINT('',(12.5,-0.5,3.5));
#2044 = DIRECTION('',(-1.,0.,0.));
#2045 = DIRECTION('',(0.,-1.,0.));
#2046 = ADVANCED_FACE('',(#2047),#2058,.T.);
#2047 = FACE_BOUND('',#2048,.T.);
#2048 = EDGE_LOOP('',(#2049,#2050,#2056,#2057));
#2049 = ORIENTED_EDGE('',*,*,#1049,.T.);
#2050 = ORIENTED_EDGE('',*,*,#2051,.T.);
#2051 = EDGE_CURVE('',#1042,#1131,#2052,.T.);
#2052 = LINE('',#2053,#2054);
#2053 = CARTESIAN_POINT('',(12.5,2.5,4.));
#2054 = VECTOR('',#2055,1.);
#2055 = DIRECTION('',(-1.,0.,0.));
#2056 = ORIENTED_EDGE('',*,*,#1130,.F.);
#2057 = ORIENTED_EDGE('',*,*,#1973,.F.);
#2058 = CYLINDRICAL_SURFACE('',#2059,2.);
#2059 = AXIS2_PLACEMENT_3D('',#2060,#2061,#2062);
#2060 = CARTESIAN_POINT('',(12.5,0.5,4.));
#2061 = DIRECTION('',(-1.,0.,0.));
#2062 = DIRECTION('',(0.,0.,1.));
#2063 = ADVANCED_FACE('',(#2064),#2075,.F.);
#2064 = FACE_BOUND('',#2065,.F.);
#2065 = EDGE_LOOP('',(#2066,#2067,#2068,#2069));
#2066 = ORIENTED_EDGE('',*,*,#1156,.F.);
#2067 = ORIENTED_EDGE('',*,*,#2034,.F.);
#2068 = ORIENTED_EDGE('',*,*,#1024,.F.);
#2069 = ORIENTED_EDGE('',*,*,#2070,.F.);
#2070 = EDGE_CURVE('',#1148,#1025,#2071,.T.);
#2071 = LINE('',#2072,#2073);
#2072 = CARTESIAN_POINT('',(-12.5,0.5,1.5));
#2073 = VECTOR('',#2074,1.);
#2074 = DIRECTION('',(1.,0.,0.));
#2075 = PLANE('',#2076);
#2076 = AXIS2_PLACEMENT_3D('',#2077,#2078,#2079);
#2077 = CARTESIAN_POINT('',(0.,0.,1.5));
#2078 = DIRECTION('',(0.,0.,1.));
#2079 = DIRECTION('',(1.,0.,0.));
#2080 = ADVANCED_FACE('',(#2081),#2092,.F.);
#2081 = FACE_BOUND('',#2082,.F.);
#2082 = EDGE_LOOP('',(#2083,#2084,#2090,#2091));
#2083 = ORIENTED_EDGE('',*,*,#1139,.F.);
#2084 = ORIENTED_EDGE('',*,*,#2085,.T.);
#2085 = EDGE_CURVE('',#1140,#1033,#2086,.T.);
#2086 = LINE('',#2087,#2088);
#2087 = CARTESIAN_POINT('',(-12.5,2.5,3.5));
#2088 = VECTOR('',#2089,1.);
#2089 = DIRECTION('',(1.,0.,0.));
#2090 = ORIENTED_EDGE('',*,*,#1041,.T.);
#2091 = ORIENTED_EDGE('',*,*,#2051,.T.);
#2092 = PLANE('',#2093);
#2093 = AXIS2_PLACEMENT_3D('',#2094,#2095,#2096);
#2094 = CARTESIAN_POINT('',(12.5,2.5,0.));
#2095 = DIRECTION('',(0.,-1.,0.));
#2096 = DIRECTION('',(-1.,0.,0.));
#2097 = ADVANCED_FACE('',(#2098),#2104,.T.);
#2098 = FACE_BOUND('',#2099,.F.);
#2099 = EDGE_LOOP('',(#2100,#2101,#2102,#2103));
#2100 = ORIENTED_EDGE('',*,*,#1147,.T.);
#2101 = ORIENTED_EDGE('',*,*,#2070,.T.);
#2102 = ORIENTED_EDGE('',*,*,#1032,.F.);
#2103 = ORIENTED_EDGE('',*,*,#2085,.F.);
#2104 = CYLINDRICAL_SURFACE('',#2105,2.);
#2105 = AXIS2_PLACEMENT_3D('',#2106,#2107,#2108);
#2106 = CARTESIAN_POINT('',(-12.5,0.5,3.5));
#2107 = DIRECTION('',(1.,0.,0.));
#2108 = DIRECTION('',(0.,1.,0.));
#2109 = ADVANCED_FACE('',(#2110,#2121),#2124,.T.);
#2110 = FACE_BOUND('',#2111,.T.);
#2111 = EDGE_LOOP('',(#2112));
#2112 = ORIENTED_EDGE('',*,*,#2113,.T.);
#2113 = EDGE_CURVE('',#2114,#2114,#2116,.T.);
#2114 = VERTEX_POINT('',#2115);
#2115 = CARTESIAN_POINT('',(19.5,-15.,5.));
#2116 = CIRCLE('',#2117,4.5);
#2117 = AXIS2_PLACEMENT_3D('',#2118,#2119,#2120);
#2118 = CARTESIAN_POINT('',(15.,-15.,5.));
#2119 = DIRECTION('',(0.,0.,1.));
#2120 = DIRECTION('',(1.,0.,0.));
#2121 = FACE_BOUND('',#2122,.T.);
#2122 = EDGE_LOOP('',(#2123));
#2123 = ORIENTED_EDGE('',*,*,#1223,.F.);
#2124 = PLANE('',#2125);
#2125 = AXIS2_PLACEMENT_3D('',#2126,#2127,#2128);
#2126 = CARTESIAN_POINT('',(15.,-15.,5.));
#2127 = DIRECTION('',(0.,0.,1.));
#2128 = DIRECTION('',(1.,0.,0.));
#2129 = ADVANCED_FACE('',(#2130,#2141),#2144,.T.);
#2130 = FACE_BOUND('',#2131,.T.);
#2131 = EDGE_LOOP('',(#2132));
#2132 = ORIENTED_EDGE('',*,*,#2133,.T.);
#2133 = EDGE_CURVE('',#2134,#2134,#2136,.T.);
#2134 = VERTEX_POINT('',#2135);
#2135 = CARTESIAN_POINT('',(-10.5,-15.,5.));
#2136 = CIRCLE('',#2137,4.5);
#2137 = AXIS2_PLACEMENT_3D('',#2138,#2139,#2140);
#2138 = CARTESIAN_POINT('',(-15.,-15.,5.));
#2139 = DIRECTION('',(0.,0.,1.));
#2140 = DIRECTION('',(1.,0.,0.));
#2141 = FACE_BOUND('',#2142,.T.);
#2142 = EDGE_LOOP('',(#2143));
#2143 = ORIENTED_EDGE('',*,*,#1248,.F.);
#2144 = PLANE('',#2145);
#2145 = AXIS2_PLACEMENT_3D('',#2146,#2147,#2148);
#2146 = CARTESIAN_POINT('',(-15.,-15.,5.));
#2147 = DIRECTION('',(0.,0.,1.));
#2148 = DIRECTION('',(1.,0.,0.));
#2149 = ADVANCED_FACE('',(#2150,#2161),#2164,.T.);
#2150 = FACE_BOUND('',#2151,.T.);
#2151 = EDGE_LOOP('',(#2152));
#2152 = ORIENTED_EDGE('',*,*,#2153,.T.);
#2153 = EDGE_CURVE('',#2154,#2154,#2156,.T.);
#2154 = VERTEX_POINT('',#2155);
#2155 = CARTESIAN_POINT('',(19.5,15.,5.));
#2156 = CIRCLE('',#2157,4.5);
#2157 = AXIS2_PLACEMENT_3D('',#2158,#2159,#2160);
#2158 = CARTESIAN_POINT('',(15.,15.,5.));
#2159 = DIRECTION('',(0.,0.,1.));
#2160 = DIRECTION('',(1.,0.,0.));
#2161 = FACE_BOUND('',#2162,.T.);
#2162 = EDGE_LOOP('',(#2163));
#2163 = ORIENTED_EDGE('',*,*,#1273,.F.);
#2164 = PLANE('',#2165);
#2165 = AXIS2_PLACEMENT_3D('',#2166,#2167,#2168);
#2166 = CARTESIAN_POINT('',(15.,15.,5.));
#2167 = DIRECTION('',(0.,0.,1.));
#2168 = DIRECTION('',(1.,0.,0.));
#2169 = ADVANCED_FACE('',(#2170,#2181),#2184,.T.);
#2170 = FACE_BOUND('',#2171,.T.);
#2171 = EDGE_LOOP('',(#2172));
#2172 = ORIENTED_EDGE('',*,*,#2173,.T.);
#2173 = EDGE_CURVE('',#2174,#2174,#2176,.T.);
#2174 = VERTEX_POINT('',#2175);
#2175 = CARTESIAN_POINT('',(-10.5,15.,5.));
#2176 = CIRCLE('',#2177,4.5);
#2177 = AXIS2_PLACEMENT_3D('',#2178,#2179,#2180);
#2178 = CARTESIAN_POINT('',(-15.,15.,5.));
#2179 = DIRECTION('',(0.,0.,1.));
#2180 = DIRECTION('',(1.,0.,0.));
#2181 = FACE_BOUND('',#2182,.T.);
#2182 = EDGE_LOOP('',(#2183));
#2183 = ORIENTED_EDGE('',*,*,#1298,.F.);
#2184 = PLANE('',#2185);
#2185 = AXIS2_PLACEMENT_3D('',#2186,#2187,#2188);
#2186 = CARTESIAN_POINT('',(-15.,15.,5.));
#2187 = DIRECTION('',(0.,0.,1.));
#2188 = DIRECTION('',(1.,0.,0.));
#2189 = ADVANCED_FACE('',(#2190),#2214,.T.);
#2190 = FACE_BOUND('',#2191,.F.);
#2191 = EDGE_LOOP('',(#2192,#2198,#2199,#2206,#2207,#2213));
#2192 = ORIENTED_EDGE('',*,*,#2193,.F.);
#2193 = EDGE_CURVE('',#1315,#1894,#2194,.T.);
#2194 = LINE('',#2195,#2196);
#2195 = CARTESIAN_POINT('',(-19.8,43.,14.));
#2196 = VECTOR('',#2197,1.);
#2197 = DIRECTION('',(0.,-0.707106781187,-0.707106781187));
#2198 = ORIENTED_EDGE('',*,*,#1314,.T.);
#2199 = ORIENTED_EDGE('',*,*,#2200,.T.);
#2200 = EDGE_CURVE('',#1317,#1349,#2201,.T.);
#2201 = ELLIPSE('',#2202,2.12132034356,1.5);
#2202 = AXIS2_PLACEMENT_3D('',#2203,#2204,#2205);
#2203 = CARTESIAN_POINT('',(0.,43.43349,14.43349));
#2204 = DIRECTION('',(4.E-17,-0.707106781187,0.707106781187));
#2205 = DIRECTION('',(4.E-17,0.707106781187,0.707106781187));
#2206 = ORIENTED_EDGE('',*,*,#1348,.T.);
#2207 = ORIENTED_EDGE('',*,*,#2208,.T.);
#2208 = EDGE_CURVE('',#1341,#1896,#2209,.T.);
#2209 = LINE('',#2210,#2211);
#2210 = CARTESIAN_POINT('',(19.8,43.,14.));
#2211 = VECTOR('',#2212,1.);
#2212 = DIRECTION('',(0.,-0.707106781187,-0.707106781187));
#2213 = ORIENTED_EDGE('',*,*,#1893,.F.);
#2214 = PLANE('',#2215);
#2215 = AXIS2_PLACEMENT_3D('',#2216,#2217,#2218);
#2216 = CARTESIAN_POINT('',(-20.,39.,10.));
#2217 = DIRECTION('',(4.E-17,-0.707106781187,0.707106781187));
#2218 = DIRECTION('',(-1.,-2.828427124746E-17,2.828427124746E-17));
#2219 = ADVANCED_FACE('',(#2220),#2236,.F.);
#2220 = FACE_BOUND('',#2221,.F.);
#2221 = EDGE_LOOP('',(#2222,#2228,#2229,#2235));
#2222 = ORIENTED_EDGE('',*,*,#2223,.F.);
#2223 = EDGE_CURVE('',#1341,#1791,#2224,.T.);
#2224 = LINE('',#2225,#2226);
#2225 = CARTESIAN_POINT('',(19.892099142644,43.092099142644,
    13.961851286034));
#2226 = VECTOR('',#2227,1.);
#2227 = DIRECTION('',(0.678598344546,0.678598344546,-0.281084637715));
#2228 = ORIENTED_EDGE('',*,*,#1340,.T.);
#2229 = ORIENTED_EDGE('',*,*,#2230,.F.);
#2230 = EDGE_CURVE('',#1516,#1333,#2231,.T.);
#2231 = LINE('',#2232,#2233);
#2232 = CARTESIAN_POINT('',(19.9,43.1,40.8));
#2233 = VECTOR('',#2234,1.);
#2234 = DIRECTION('',(-0.707106781187,-0.707106781187,-1.257E-14));
#2235 = ORIENTED_EDGE('',*,*,#1790,.F.);
#2236 = PLANE('',#2237);
#2237 = AXIS2_PLACEMENT_3D('',#2238,#2239,#2240);
#2238 = CARTESIAN_POINT('',(19.9,43.1,14.));
#2239 = DIRECTION('',(-0.707106781187,0.707106781187,0.));
#2240 = DIRECTION('',(0.,0.,1.));
#2241 = ADVANCED_FACE('',(#2242),#2258,.F.);
#2242 = FACE_BOUND('',#2243,.F.);
#2243 = EDGE_LOOP('',(#2244,#2250,#2251,#2257));
#2244 = ORIENTED_EDGE('',*,*,#2245,.F.);
#2245 = EDGE_CURVE('',#1681,#1315,#2246,.T.);
#2246 = LINE('',#2247,#2248);
#2247 = CARTESIAN_POINT('',(-19.89209914264,43.092099142644,
    13.961851286034));
#2248 = VECTOR('',#2249,1.);
#2249 = DIRECTION('',(0.678598344546,-0.678598344546,0.281084637715));
#2250 = ORIENTED_EDGE('',*,*,#1688,.T.);
#2251 = ORIENTED_EDGE('',*,*,#2252,.T.);
#2252 = EDGE_CURVE('',#1426,#1325,#2253,.T.);
#2253 = LINE('',#2254,#2255);
#2254 = CARTESIAN_POINT('',(-19.9,43.1,40.8));
#2255 = VECTOR('',#2256,1.);
#2256 = DIRECTION('',(0.707106781187,-0.707106781187,1.1E-16));
#2257 = ORIENTED_EDGE('',*,*,#1324,.F.);
#2258 = PLANE('',#2259);
#2259 = AXIS2_PLACEMENT_3D('',#2260,#2261,#2262);
#2260 = CARTESIAN_POINT('',(-19.9,43.1,14.));
#2261 = DIRECTION('',(0.707106781187,0.707106781187,0.));
#2262 = DIRECTION('',(0.,0.,1.));
#2263 = ADVANCED_FACE('',(#2264),#2269,.F.);
#2264 = FACE_BOUND('',#2265,.F.);
#2265 = EDGE_LOOP('',(#2266,#2267,#2268));
#2266 = ORIENTED_EDGE('',*,*,#1633,.F.);
#2267 = ORIENTED_EDGE('',*,*,#1461,.T.);
#2268 = ORIENTED_EDGE('',*,*,#1440,.F.);
#2269 = PLANE('',#2270);
#2270 = AXIS2_PLACEMENT_3D('',#2271,#2272,#2273);
#2271 = CARTESIAN_POINT('',(-19.8,45.,40.8));
#2272 = DIRECTION('',(0.57735026919,-0.57735026919,-0.57735026919));
#2273 = DIRECTION('',(0.707106781187,2.274732399637E-17,0.707106781187)
  );
#2274 = ADVANCED_FACE('',(#2275),#2280,.F.);
#2275 = FACE_BOUND('',#2276,.F.);
#2276 = EDGE_LOOP('',(#2277,#2278,#2279));
#2277 = ORIENTED_EDGE('',*,*,#1433,.F.);
#2278 = ORIENTED_EDGE('',*,*,#1476,.T.);
#2279 = ORIENTED_EDGE('',*,*,#2252,.F.);
#2280 = PLANE('',#2281);
#2281 = AXIS2_PLACEMENT_3D('',#2282,#2283,#2284);
#2282 = CARTESIAN_POINT('',(-19.8,43.2,41.));
#2283 = DIRECTION('',(0.57735026919,0.57735026919,-0.57735026919));
#2284 = DIRECTION('',(0.707106781187,-0.707106781187,8.583233797716E-17)
  );
#2285 = ADVANCED_FACE('',(#2286),#2291,.T.);
#2286 = FACE_BOUND('',#2287,.T.);
#2287 = EDGE_LOOP('',(#2288,#2289,#2290));
#2288 = ORIENTED_EDGE('',*,*,#1515,.F.);
#2289 = ORIENTED_EDGE('',*,*,#1483,.T.);
#2290 = ORIENTED_EDGE('',*,*,#2230,.F.);
#2291 = PLANE('',#2292);
#2292 = AXIS2_PLACEMENT_3D('',#2293,#2294,#2295);
#2293 = CARTESIAN_POINT('',(19.8,43.2,41.));
#2294 = DIRECTION('',(0.57735026919,-0.57735026919,0.57735026919));
#2295 = DIRECTION('',(-0.707106781187,-0.707106781187,1.10971635821E-17)
  );
#2296 = ADVANCED_FACE('',(#2297),#2302,.T.);
#2297 = FACE_BOUND('',#2298,.T.);
#2298 = EDGE_LOOP('',(#2299,#2300,#2301));
#2299 = ORIENTED_EDGE('',*,*,#1844,.F.);
#2300 = ORIENTED_EDGE('',*,*,#1563,.T.);
#2301 = ORIENTED_EDGE('',*,*,#1524,.F.);
#2302 = PLANE('',#2303);
#2303 = AXIS2_PLACEMENT_3D('',#2304,#2305,#2306);
#2304 = CARTESIAN_POINT('',(19.8,45.,40.8));
#2305 = DIRECTION('',(0.57735026919,0.57735026919,0.57735026919));
#2306 = DIRECTION('',(-0.707106781187,2.274732399637E-17,0.707106781187)
  );
#2307 = ADVANCED_FACE('',(#2308),#2319,.F.);
#2308 = FACE_BOUND('',#2309,.F.);
#2309 = EDGE_LOOP('',(#2310,#2311,#2317,#2318));
#2310 = ORIENTED_EDGE('',*,*,#1664,.T.);
#2311 = ORIENTED_EDGE('',*,*,#2312,.F.);
#2312 = EDGE_CURVE('',#1728,#1665,#2313,.T.);
#2313 = LINE('',#2314,#2315);
#2314 = CARTESIAN_POINT('',(-19.9,-19.9,5.8));
#2315 = VECTOR('',#2316,1.);
#2316 = DIRECTION('',(-0.707106781187,0.707106781187,-1.254E-14));
#2317 = ORIENTED_EDGE('',*,*,#1727,.F.);
#2318 = ORIENTED_EDGE('',*,*,#1650,.T.);
#2319 = PLANE('',#2320);
#2320 = AXIS2_PLACEMENT_3D('',#2321,#2322,#2323);
#2321 = CARTESIAN_POINT('',(-19.9,-19.9,0.));
#2322 = DIRECTION('',(0.707106781187,0.707106781187,0.));
#2323 = DIRECTION('',(0.,0.,1.));
#2324 = ADVANCED_FACE('',(#2325),#2341,.T.);
#2325 = FACE_BOUND('',#2326,.F.);
#2326 = EDGE_LOOP('',(#2327,#2333,#2334,#2340));
#2327 = ORIENTED_EDGE('',*,*,#2328,.T.);
#2328 = EDGE_CURVE('',#1904,#1665,#2329,.T.);
#2329 = LINE('',#2330,#2331);
#2330 = CARTESIAN_POINT('',(-19.85,-19.8,5.95));
#2331 = VECTOR('',#2332,1.);
#2332 = DIRECTION('',(-0.707106781187,1.253E-14,-0.707106781187));
#2333 = ORIENTED_EDGE('',*,*,#1672,.T.);
#2334 = ORIENTED_EDGE('',*,*,#2335,.T.);
#2335 = EDGE_CURVE('',#1673,#1894,#2336,.T.);
#2336 = LINE('',#2337,#2338);
#2337 = CARTESIAN_POINT('',(-13.56764239874,32.418472956001,
    12.232357601255));
#2338 = VECTOR('',#2339,1.);
#2339 = DIRECTION('',(0.678598344546,-0.281084637715,0.678598344546));
#2340 = ORIENTED_EDGE('',*,*,#1903,.F.);
#2341 = PLANE('',#2342);
#2342 = AXIS2_PLACEMENT_3D('',#2343,#2344,#2345);
#2343 = CARTESIAN_POINT('',(-19.9,-20.,5.9));
#2344 = DIRECTION('',(-0.707106781187,0.,0.707106781187));
#2345 = DIRECTION('',(0.,-1.,0.));
#2346 = ADVANCED_FACE('',(#2347),#2353,.F.);
#2347 = FACE_BOUND('',#2348,.T.);
#2348 = EDGE_LOOP('',(#2349,#2350,#2351,#2352));
#2349 = ORIENTED_EDGE('',*,*,#2245,.F.);
#2350 = ORIENTED_EDGE('',*,*,#1680,.T.);
#2351 = ORIENTED_EDGE('',*,*,#2335,.T.);
#2352 = ORIENTED_EDGE('',*,*,#2193,.F.);
#2353 = PLANE('',#2354);
#2354 = AXIS2_PLACEMENT_3D('',#2355,#2356,#2357);
#2355 = CARTESIAN_POINT('',(-19.9,43.070710678119,13.929289321881));
#2356 = DIRECTION('',(0.707106781187,0.5,-0.5));
#2357 = DIRECTION('',(-2.775557561563E-17,0.707106781187,0.707106781187)
  );
#2358 = ADVANCED_FACE('',(#2359),#2378,.F.);
#2359 = FACE_BOUND('',#2360,.T.);
#2360 = EDGE_LOOP('',(#2361,#2369,#2370,#2371));
#2361 = ORIENTED_EDGE('',*,*,#2362,.F.);
#2362 = EDGE_CURVE('',#1700,#2363,#2365,.T.);
#2363 = VERTEX_POINT('',#2364);
#2364 = CARTESIAN_POINT('',(-19.8,33.5,3.));
#2365 = LINE('',#2366,#2367);
#2366 = CARTESIAN_POINT('',(-19.8,33.5,3.));
#2367 = VECTOR('',#2368,1.);
#2368 = DIRECTION('',(0.707106781187,0.707106781187,0.));
#2369 = ORIENTED_EDGE('',*,*,#1699,.T.);
#2370 = ORIENTED_EDGE('',*,*,#2362,.T.);
#2371 = ORIENTED_EDGE('',*,*,#2372,.F.);
#2372 = EDGE_CURVE('',#2363,#2363,#2373,.T.);
#2373 = CIRCLE('',#2374,1.5);
#2374 = AXIS2_PLACEMENT_3D('',#2375,#2376,#2377);
#2375 = CARTESIAN_POINT('',(-19.8,35.,3.));
#2376 = DIRECTION('',(-1.,0.,0.));
#2377 = DIRECTION('',(0.,-1.,0.));
#2378 = CONICAL_SURFACE('',#2379,1.5,0.785398163397);
#2379 = AXIS2_PLACEMENT_3D('',#2380,#2381,#2382);
#2380 = CARTESIAN_POINT('',(-19.8,35.,3.));
#2381 = DIRECTION('',(-1.,-0.,-0.));
#2382 = DIRECTION('',(0.,-1.,0.));
#2383 = ADVANCED_FACE('',(#2384),#2403,.F.);
#2384 = FACE_BOUND('',#2385,.T.);
#2385 = EDGE_LOOP('',(#2386,#2394,#2395,#2396));
#2386 = ORIENTED_EDGE('',*,*,#2387,.F.);
#2387 = EDGE_CURVE('',#1711,#2388,#2390,.T.);
#2388 = VERTEX_POINT('',#2389);
#2389 = CARTESIAN_POINT('',(-19.8,-11.5,3.));
#2390 = LINE('',#2391,#2392);
#2391 = CARTESIAN_POINT('',(-19.8,-11.5,3.));
#2392 = VECTOR('',#2393,1.);
#2393 = DIRECTION('',(0.707106781187,0.707106781187,0.));
#2394 = ORIENTED_EDGE('',*,*,#1710,.T.);
#2395 = ORIENTED_EDGE('',*,*,#2387,.T.);
#2396 = ORIENTED_EDGE('',*,*,#2397,.F.);
#2397 = EDGE_CURVE('',#2388,#2388,#2398,.T.);
#2398 = CIRCLE('',#2399,1.5);
#2399 = AXIS2_PLACEMENT_3D('',#2400,#2401,#2402);
#2400 = CARTESIAN_POINT('',(-19.8,-10.,3.));
#2401 = DIRECTION('',(-1.,0.,0.));
#2402 = DIRECTION('',(0.,-1.,0.));
#2403 = CONICAL_SURFACE('',#2404,1.5,0.785398163397);
#2404 = AXIS2_PLACEMENT_3D('',#2405,#2406,#2407);
#2405 = CARTESIAN_POINT('',(-19.8,-10.,3.));
#2406 = DIRECTION('',(-1.,-0.,-0.));
#2407 = DIRECTION('',(0.,-1.,0.));
#2408 = ADVANCED_FACE('',(#2409),#2425,.F.);
#2409 = FACE_BOUND('',#2410,.F.);
#2410 = EDGE_LOOP('',(#2411,#2417,#2418,#2424));
#2411 = ORIENTED_EDGE('',*,*,#2412,.F.);
#2412 = EDGE_CURVE('',#1904,#1728,#2413,.T.);
#2413 = LINE('',#2414,#2415);
#2414 = CARTESIAN_POINT('',(-19.8,-19.85,5.95));
#2415 = VECTOR('',#2416,1.);
#2416 = DIRECTION('',(-0.,-0.707106781187,-0.707106781187));
#2417 = ORIENTED_EDGE('',*,*,#1911,.T.);
#2418 = ORIENTED_EDGE('',*,*,#2419,.T.);
#2419 = EDGE_CURVE('',#1912,#1736,#2420,.T.);
#2420 = LINE('',#2421,#2422);
#2421 = CARTESIAN_POINT('',(19.8,-19.85,5.95));
#2422 = VECTOR('',#2423,1.);
#2423 = DIRECTION('',(-1.E-17,-0.707106781187,-0.707106781187));
#2424 = ORIENTED_EDGE('',*,*,#1735,.F.);
#2425 = PLANE('',#2426);
#2426 = AXIS2_PLACEMENT_3D('',#2427,#2428,#2429);
#2427 = CARTESIAN_POINT('',(-20.,-19.9,5.9));
#2428 = DIRECTION('',(0.,0.707106781187,-0.707106781187));
#2429 = DIRECTION('',(1.,0.,0.));
#2430 = ADVANCED_FACE('',(#2431),#2442,.F.);
#2431 = FACE_BOUND('',#2432,.F.);
#2432 = EDGE_LOOP('',(#2433,#2434,#2440,#2441));
#2433 = ORIENTED_EDGE('',*,*,#1743,.T.);
#2434 = ORIENTED_EDGE('',*,*,#2435,.T.);
#2435 = EDGE_CURVE('',#1736,#1775,#2436,.T.);
#2436 = LINE('',#2437,#2438);
#2437 = CARTESIAN_POINT('',(19.9,-19.9,5.8));
#2438 = VECTOR('',#2439,1.);
#2439 = DIRECTION('',(0.707106781187,0.707106781187,4.E-17));
#2440 = ORIENTED_EDGE('',*,*,#1774,.F.);
#2441 = ORIENTED_EDGE('',*,*,#1760,.F.);
#2442 = PLANE('',#2443);
#2443 = AXIS2_PLACEMENT_3D('',#2444,#2445,#2446);
#2444 = CARTESIAN_POINT('',(19.9,-19.9,0.));
#2445 = DIRECTION('',(-0.707106781187,0.707106781187,0.));
#2446 = DIRECTION('',(0.,0.,1.));
#2447 = ADVANCED_FACE('',(#2448),#2464,.T.);
#2448 = FACE_BOUND('',#2449,.F.);
#2449 = EDGE_LOOP('',(#2450,#2456,#2457,#2463));
#2450 = ORIENTED_EDGE('',*,*,#2451,.F.);
#2451 = EDGE_CURVE('',#1912,#1775,#2452,.T.);
#2452 = LINE('',#2453,#2454);
#2453 = CARTESIAN_POINT('',(19.85,-19.8,5.95));
#2454 = VECTOR('',#2455,1.);
#2455 = DIRECTION('',(0.707106781187,1.E-17,-0.707106781187));
#2456 = ORIENTED_EDGE('',*,*,#1919,.T.);
#2457 = ORIENTED_EDGE('',*,*,#2458,.T.);
#2458 = EDGE_CURVE('',#1896,#1799,#2459,.T.);
#2459 = LINE('',#2460,#2461);
#2460 = CARTESIAN_POINT('',(13.567642398745,32.418472956001,
    12.232357601255));
#2461 = VECTOR('',#2462,1.);
#2462 = DIRECTION('',(0.678598344546,0.281084637715,-0.678598344546));
#2463 = ORIENTED_EDGE('',*,*,#1806,.F.);
#2464 = PLANE('',#2465);
#2465 = AXIS2_PLACEMENT_3D('',#2466,#2467,#2468);
#2466 = CARTESIAN_POINT('',(19.9,-20.,5.9));
#2467 = DIRECTION('',(0.707106781187,0.,0.707106781187));
#2468 = DIRECTION('',(-0.,-1.,-0.));
#2469 = ADVANCED_FACE('',(#2470),#2476,.F.);
#2470 = FACE_BOUND('',#2471,.T.);
#2471 = EDGE_LOOP('',(#2472,#2473,#2474,#2475));
#2472 = ORIENTED_EDGE('',*,*,#2223,.F.);
#2473 = ORIENTED_EDGE('',*,*,#2208,.T.);
#2474 = ORIENTED_EDGE('',*,*,#2458,.T.);
#2475 = ORIENTED_EDGE('',*,*,#1798,.F.);
#2476 = PLANE('',#2477);
#2477 = AXIS2_PLACEMENT_3D('',#2478,#2479,#2480);
#2478 = CARTESIAN_POINT('',(19.9,43.070710678119,13.929289321881));
#2479 = DIRECTION('',(-0.707106781187,0.5,-0.5));
#2480 = DIRECTION('',(2.775557561563E-17,0.707106781187,0.707106781187)
  );
#2481 = ADVANCED_FACE('',(#2482),#2501,.F.);
#2482 = FACE_BOUND('',#2483,.T.);
#2483 = EDGE_LOOP('',(#2484,#2492,#2493,#2494));
#2484 = ORIENTED_EDGE('',*,*,#2485,.F.);
#2485 = EDGE_CURVE('',#1815,#2486,#2488,.T.);
#2486 = VERTEX_POINT('',#2487);
#2487 = CARTESIAN_POINT('',(19.8,36.5,3.));
#2488 = LINE('',#2489,#2490);
#2489 = CARTESIAN_POINT('',(19.8,36.5,3.));
#2490 = VECTOR('',#2491,1.);
#2491 = DIRECTION('',(-0.707106781187,-0.707106781187,0.));
#2492 = ORIENTED_EDGE('',*,*,#1814,.T.);
#2493 = ORIENTED_EDGE('',*,*,#2485,.T.);
#2494 = ORIENTED_EDGE('',*,*,#2495,.F.);
#2495 = EDGE_CURVE('',#2486,#2486,#2496,.T.);
#2496 = CIRCLE('',#2497,1.5);
#2497 = AXIS2_PLACEMENT_3D('',#2498,#2499,#2500);
#2498 = CARTESIAN_POINT('',(19.8,35.,3.));
#2499 = DIRECTION('',(1.,0.,0.));
#2500 = DIRECTION('',(0.,1.,0.));
#2501 = CONICAL_SURFACE('',#2502,1.5,0.785398163397);
#2502 = AXIS2_PLACEMENT_3D('',#2503,#2504,#2505);
#2503 = CARTESIAN_POINT('',(19.8,35.,3.));
#2504 = DIRECTION('',(1.,0.,0.));
#2505 = DIRECTION('',(0.,1.,0.));
#2506 = ADVANCED_FACE('',(#2507),#2526,.F.);
#2507 = FACE_BOUND('',#2508,.T.);
#2508 = EDGE_LOOP('',(#2509,#2517,#2518,#2519));
#2509 = ORIENTED_EDGE('',*,*,#2510,.F.);
#2510 = EDGE_CURVE('',#1826,#2511,#2513,.T.);
#2511 = VERTEX_POINT('',#2512);
#2512 = CARTESIAN_POINT('',(19.8,-8.5,3.));
#2513 = LINE('',#2514,#2515);
#2514 = CARTESIAN_POINT('',(19.8,-8.5,3.));
#2515 = VECTOR('',#2516,1.);
#2516 = DIRECTION('',(-0.707106781187,-0.707106781187,0.));
#2517 = ORIENTED_EDGE('',*,*,#1825,.T.);
#2518 = ORIENTED_EDGE('',*,*,#2510,.T.);
#2519 = ORIENTED_EDGE('',*,*,#2520,.F.);
#2520 = EDGE_CURVE('',#2511,#2511,#2521,.T.);
#2521 = CIRCLE('',#2522,1.5);
#2522 = AXIS2_PLACEMENT_3D('',#2523,#2524,#2525);
#2523 = CARTESIAN_POINT('',(19.8,-10.,3.));
#2524 = DIRECTION('',(1.,0.,0.));
#2525 = DIRECTION('',(0.,1.,0.));
#2526 = CONICAL_SURFACE('',#2527,1.5,0.785398163397);
#2527 = AXIS2_PLACEMENT_3D('',#2528,#2529,#2530);
#2528 = CARTESIAN_POINT('',(19.8,-10.,3.));
#2529 = DIRECTION('',(1.,0.,0.));
#2530 = DIRECTION('',(0.,1.,0.));
#2531 = ADVANCED_FACE('',(#2532),#2543,.F.);
#2532 = FACE_BOUND('',#2533,.T.);
#2533 = EDGE_LOOP('',(#2534,#2540,#2541,#2542));
#2534 = ORIENTED_EDGE('',*,*,#2535,.F.);
#2535 = EDGE_CURVE('',#1928,#2134,#2536,.T.);
#2536 = LINE('',#2537,#2538);
#2537 = CARTESIAN_POINT('',(-10.5,-15.,6.));
#2538 = VECTOR('',#2539,1.);
#2539 = DIRECTION('',(0.,0.,-1.));
#2540 = ORIENTED_EDGE('',*,*,#1927,.T.);
#2541 = ORIENTED_EDGE('',*,*,#2535,.T.);
#2542 = ORIENTED_EDGE('',*,*,#2133,.F.);
#2543 = CYLINDRICAL_SURFACE('',#2544,4.5);
#2544 = AXIS2_PLACEMENT_3D('',#2545,#2546,#2547);
#2545 = CARTESIAN_POINT('',(-15.,-15.,6.));
#2546 = DIRECTION('',(-0.,-0.,-1.));
#2547 = DIRECTION('',(1.,0.,0.));
#2548 = ADVANCED_FACE('',(#2549),#2560,.F.);
#2549 = FACE_BOUND('',#2550,.T.);
#2550 = EDGE_LOOP('',(#2551,#2557,#2558,#2559));
#2551 = ORIENTED_EDGE('',*,*,#2552,.F.);
#2552 = EDGE_CURVE('',#1939,#2114,#2553,.T.);
#2553 = LINE('',#2554,#2555);
#2554 = CARTESIAN_POINT('',(19.5,-15.,6.));
#2555 = VECTOR('',#2556,1.);
#2556 = DIRECTION('',(0.,0.,-1.));
#2557 = ORIENTED_EDGE('',*,*,#1938,.T.);
#2558 = ORIENTED_EDGE('',*,*,#2552,.T.);
#2559 = ORIENTED_EDGE('',*,*,#2113,.F.);
#2560 = CYLINDRICAL_SURFACE('',#2561,4.5);
#2561 = AXIS2_PLACEMENT_3D('',#2562,#2563,#2564);
#2562 = CARTESIAN_POINT('',(15.,-15.,6.));
#2563 = DIRECTION('',(-0.,-0.,-1.));
#2564 = DIRECTION('',(1.,0.,0.));
#2565 = ADVANCED_FACE('',(#2566),#2577,.F.);
#2566 = FACE_BOUND('',#2567,.T.);
#2567 = EDGE_LOOP('',(#2568,#2574,#2575,#2576));
#2568 = ORIENTED_EDGE('',*,*,#2569,.F.);
#2569 = EDGE_CURVE('',#1961,#2174,#2570,.T.);
#2570 = LINE('',#2571,#2572);
#2571 = CARTESIAN_POINT('',(-10.5,15.,6.));
#2572 = VECTOR('',#2573,1.);
#2573 = DIRECTION('',(0.,0.,-1.));
#2574 = ORIENTED_EDGE('',*,*,#1960,.T.);
#2575 = ORIENTED_EDGE('',*,*,#2569,.T.);
#2576 = ORIENTED_EDGE('',*,*,#2173,.F.);
#2577 = CYLINDRICAL_SURFACE('',#2578,4.5);
#2578 = AXIS2_PLACEMENT_3D('',#2579,#2580,#2581);
#2579 = CARTESIAN_POINT('',(-15.,15.,6.));
#2580 = DIRECTION('',(-0.,-0.,-1.));
#2581 = DIRECTION('',(1.,0.,0.));
#2582 = ADVANCED_FACE('',(#2583),#2594,.F.);
#2583 = FACE_BOUND('',#2584,.T.);
#2584 = EDGE_LOOP('',(#2585,#2591,#2592,#2593));
#2585 = ORIENTED_EDGE('',*,*,#2586,.F.);
#2586 = EDGE_CURVE('',#1983,#2154,#2587,.T.);
#2587 = LINE('',#2588,#2589);
#2588 = CARTESIAN_POINT('',(19.5,15.,6.));
#2589 = VECTOR('',#2590,1.);
#2590 = DIRECTION('',(0.,0.,-1.));
#2591 = ORIENTED_EDGE('',*,*,#1982,.T.);
#2592 = ORIENTED_EDGE('',*,*,#2586,.T.);
#2593 = ORIENTED_EDGE('',*,*,#2153,.F.);
#2594 = CYLINDRICAL_SURFACE('',#2595,4.5);
#2595 = AXIS2_PLACEMENT_3D('',#2596,#2597,#2598);
#2596 = CARTESIAN_POINT('',(15.,15.,6.));
#2597 = DIRECTION('',(-0.,-0.,-1.));
#2598 = DIRECTION('',(1.,0.,0.));
#2599 = ADVANCED_FACE('',(#2600),#2605,.T.);
#2600 = FACE_BOUND('',#2601,.T.);
#2601 = EDGE_LOOP('',(#2602,#2603,#2604));
#2602 = ORIENTED_EDGE('',*,*,#2412,.F.);
#2603 = ORIENTED_EDGE('',*,*,#2328,.T.);
#2604 = ORIENTED_EDGE('',*,*,#2312,.F.);
#2605 = PLANE('',#2606);
#2606 = AXIS2_PLACEMENT_3D('',#2607,#2608,#2609);
#2607 = CARTESIAN_POINT('',(-19.8,-19.8,6.));
#2608 = DIRECTION('',(-0.57735026919,-0.57735026919,0.57735026919));
#2609 = DIRECTION('',(-0.707106781187,0.707106781187,-3.330007694216E-18
    ));
#2610 = ADVANCED_FACE('',(#2611),#2630,.F.);
#2611 = FACE_BOUND('',#2612,.F.);
#2612 = EDGE_LOOP('',(#2613,#2621,#2628,#2629));
#2613 = ORIENTED_EDGE('',*,*,#2614,.T.);
#2614 = EDGE_CURVE('',#2363,#2615,#2617,.T.);
#2615 = VERTEX_POINT('',#2616);
#2616 = CARTESIAN_POINT('',(-15.,33.5,3.));
#2617 = LINE('',#2618,#2619);
#2618 = CARTESIAN_POINT('',(-20.,33.5,3.));
#2619 = VECTOR('',#2620,1.);
#2620 = DIRECTION('',(1.,0.,0.));
#2621 = ORIENTED_EDGE('',*,*,#2622,.T.);
#2622 = EDGE_CURVE('',#2615,#2615,#2623,.T.);
#2623 = CIRCLE('',#2624,1.5);
#2624 = AXIS2_PLACEMENT_3D('',#2625,#2626,#2627);
#2625 = CARTESIAN_POINT('',(-15.,35.,3.));
#2626 = DIRECTION('',(-1.,0.,0.));
#2627 = DIRECTION('',(0.,-1.,0.));
#2628 = ORIENTED_EDGE('',*,*,#2614,.F.);
#2629 = ORIENTED_EDGE('',*,*,#2372,.F.);
#2630 = CYLINDRICAL_SURFACE('',#2631,1.5);
#2631 = AXIS2_PLACEMENT_3D('',#2632,#2633,#2634);
#2632 = CARTESIAN_POINT('',(-20.,35.,3.));
#2633 = DIRECTION('',(-1.,0.,0.));
#2634 = DIRECTION('',(0.,-1.,0.));
#2635 = ADVANCED_FACE('',(#2636),#2655,.F.);
#2636 = FACE_BOUND('',#2637,.F.);
#2637 = EDGE_LOOP('',(#2638,#2646,#2653,#2654));
#2638 = ORIENTED_EDGE('',*,*,#2639,.T.);
#2639 = EDGE_CURVE('',#2388,#2640,#2642,.T.);
#2640 = VERTEX_POINT('',#2641);
#2641 = CARTESIAN_POINT('',(-15.,-11.5,3.));
#2642 = LINE('',#2643,#2644);
#2643 = CARTESIAN_POINT('',(-20.,-11.5,3.));
#2644 = VECTOR('',#2645,1.);
#2645 = DIRECTION('',(1.,0.,0.));
#2646 = ORIENTED_EDGE('',*,*,#2647,.T.);
#2647 = EDGE_CURVE('',#2640,#2640,#2648,.T.);
#2648 = CIRCLE('',#2649,1.5);
#2649 = AXIS2_PLACEMENT_3D('',#2650,#2651,#2652);
#2650 = CARTESIAN_POINT('',(-15.,-10.,3.));
#2651 = DIRECTION('',(-1.,0.,0.));
#2652 = DIRECTION('',(0.,-1.,0.));
#2653 = ORIENTED_EDGE('',*,*,#2639,.F.);
#2654 = ORIENTED_EDGE('',*,*,#2397,.F.);
#2655 = CYLINDRICAL_SURFACE('',#2656,1.5);
#2656 = AXIS2_PLACEMENT_3D('',#2657,#2658,#2659);
#2657 = CARTESIAN_POINT('',(-20.,-10.,3.));
#2658 = DIRECTION('',(-1.,0.,0.));
#2659 = DIRECTION('',(0.,-1.,0.));
#2660 = ADVANCED_FACE('',(#2661),#2666,.F.);
#2661 = FACE_BOUND('',#2662,.F.);
#2662 = EDGE_LOOP('',(#2663,#2664,#2665));
#2663 = ORIENTED_EDGE('',*,*,#2419,.F.);
#2664 = ORIENTED_EDGE('',*,*,#2451,.T.);
#2665 = ORIENTED_EDGE('',*,*,#2435,.F.);
#2666 = PLANE('',#2667);
#2667 = AXIS2_PLACEMENT_3D('',#2668,#2669,#2670);
#2668 = CARTESIAN_POINT('',(19.8,-19.8,6.));
#2669 = DIRECTION('',(-0.57735026919,0.57735026919,-0.57735026919));
#2670 = DIRECTION('',(0.707106781187,0.707106781187,-1.186156014605E-17)
  );
#2671 = ADVANCED_FACE('',(#2672),#2691,.F.);
#2672 = FACE_BOUND('',#2673,.F.);
#2673 = EDGE_LOOP('',(#2674,#2682,#2689,#2690));
#2674 = ORIENTED_EDGE('',*,*,#2675,.T.);
#2675 = EDGE_CURVE('',#2486,#2676,#2678,.T.);
#2676 = VERTEX_POINT('',#2677);
#2677 = CARTESIAN_POINT('',(15.,36.5,3.));
#2678 = LINE('',#2679,#2680);
#2679 = CARTESIAN_POINT('',(20.,36.5,3.));
#2680 = VECTOR('',#2681,1.);
#2681 = DIRECTION('',(-1.,-0.,-0.));
#2682 = ORIENTED_EDGE('',*,*,#2683,.T.);
#2683 = EDGE_CURVE('',#2676,#2676,#2684,.T.);
#2684 = CIRCLE('',#2685,1.5);
#2685 = AXIS2_PLACEMENT_3D('',#2686,#2687,#2688);
#2686 = CARTESIAN_POINT('',(15.,35.,3.));
#2687 = DIRECTION('',(1.,0.,0.));
#2688 = DIRECTION('',(0.,1.,0.));
#2689 = ORIENTED_EDGE('',*,*,#2675,.F.);
#2690 = ORIENTED_EDGE('',*,*,#2495,.F.);
#2691 = CYLINDRICAL_SURFACE('',#2692,1.5);
#2692 = AXIS2_PLACEMENT_3D('',#2693,#2694,#2695);
#2693 = CARTESIAN_POINT('',(20.,35.,3.));
#2694 = DIRECTION('',(1.,0.,0.));
#2695 = DIRECTION('',(0.,1.,0.));
#2696 = ADVANCED_FACE('',(#2697),#2716,.F.);
#2697 = FACE_BOUND('',#2698,.F.);
#2698 = EDGE_LOOP('',(#2699,#2707,#2714,#2715));
#2699 = ORIENTED_EDGE('',*,*,#2700,.T.);
#2700 = EDGE_CURVE('',#2511,#2701,#2703,.T.);
#2701 = VERTEX_POINT('',#2702);
#2702 = CARTESIAN_POINT('',(15.,-8.5,3.));
#2703 = LINE('',#2704,#2705);
#2704 = CARTESIAN_POINT('',(20.,-8.5,3.));
#2705 = VECTOR('',#2706,1.);
#2706 = DIRECTION('',(-1.,-0.,-0.));
#2707 = ORIENTED_EDGE('',*,*,#2708,.T.);
#2708 = EDGE_CURVE('',#2701,#2701,#2709,.T.);
#2709 = CIRCLE('',#2710,1.5);
#2710 = AXIS2_PLACEMENT_3D('',#2711,#2712,#2713);
#2711 = CARTESIAN_POINT('',(15.,-10.,3.));
#2712 = DIRECTION('',(1.,0.,0.));
#2713 = DIRECTION('',(0.,1.,0.));
#2714 = ORIENTED_EDGE('',*,*,#2700,.F.);
#2715 = ORIENTED_EDGE('',*,*,#2520,.F.);
#2716 = CYLINDRICAL_SURFACE('',#2717,1.5);
#2717 = AXIS2_PLACEMENT_3D('',#2718,#2719,#2720);
#2718 = CARTESIAN_POINT('',(20.,-10.,3.));
#2719 = DIRECTION('',(1.,0.,0.));
#2720 = DIRECTION('',(0.,1.,0.));
#2721 = ADVANCED_FACE('',(#2722),#2725,.F.);
#2722 = FACE_BOUND('',#2723,.T.);
#2723 = EDGE_LOOP('',(#2724));
#2724 = ORIENTED_EDGE('',*,*,#2622,.T.);
#2725 = PLANE('',#2726);
#2726 = AXIS2_PLACEMENT_3D('',#2727,#2728,#2729);
#2727 = CARTESIAN_POINT('',(-15.,12.5,3.));
#2728 = DIRECTION('',(1.,0.,0.));
#2729 = DIRECTION('',(0.,0.,1.));
#2730 = ADVANCED_FACE('',(#2731),#2734,.F.);
#2731 = FACE_BOUND('',#2732,.T.);
#2732 = EDGE_LOOP('',(#2733));
#2733 = ORIENTED_EDGE('',*,*,#2647,.T.);
#2734 = PLANE('',#2735);
#2735 = AXIS2_PLACEMENT_3D('',#2736,#2737,#2738);
#2736 = CARTESIAN_POINT('',(-15.,12.5,3.));
#2737 = DIRECTION('',(1.,0.,0.));
#2738 = DIRECTION('',(0.,0.,1.));
#2739 = ADVANCED_FACE('',(#2740),#2743,.T.);
#2740 = FACE_BOUND('',#2741,.T.);
#2741 = EDGE_LOOP('',(#2742));
#2742 = ORIENTED_EDGE('',*,*,#2683,.T.);
#2743 = PLANE('',#2744);
#2744 = AXIS2_PLACEMENT_3D('',#2745,#2746,#2747);
#2745 = CARTESIAN_POINT('',(15.,12.5,3.));
#2746 = DIRECTION('',(1.,0.,0.));
#2747 = DIRECTION('',(0.,0.,1.));
#2748 = ADVANCED_FACE('',(#2749),#2752,.T.);
#2749 = FACE_BOUND('',#2750,.T.);
#2750 = EDGE_LOOP('',(#2751));
#2751 = ORIENTED_EDGE('',*,*,#2708,.T.);
#2752 = PLANE('',#2753);
#2753 = AXIS2_PLACEMENT_3D('',#2754,#2755,#2756);
#2754 = CARTESIAN_POINT('',(15.,12.5,3.));
#2755 = DIRECTION('',(1.,0.,0.));
#2756 = DIRECTION('',(0.,0.,1.));
#2757 = ADVANCED_FACE('',(#2758),#2770,.F.);
#2758 = FACE_BOUND('',#2759,.F.);
#2759 = EDGE_LOOP('',(#2760,#2761,#2766,#2767,#2768,#2769));
#2760 = ORIENTED_EDGE('',*,*,#1389,.F.);
#2761 = ORIENTED_EDGE('',*,*,#2762,.F.);
#2762 = EDGE_CURVE('',#1357,#1390,#2763,.T.);
#2763 = B_SPLINE_CURVE_WITH_KNOTS('',1,(#2764,#2765),.UNSPECIFIED.,.F.,
  .F.,(2,2),(-2.,4.6),.PIECEWISE_BEZIER_KNOTS.);
#2764 = CARTESIAN_POINT('',(-1.5,43.,14.43349));
#2765 = CARTESIAN_POINT('',(-1.5,49.6,14.43349));
#2766 = ORIENTED_EDGE('',*,*,#1356,.T.);
#2767 = ORIENTED_EDGE('',*,*,#2200,.F.);
#2768 = ORIENTED_EDGE('',*,*,#1365,.T.);
#2769 = ORIENTED_EDGE('',*,*,#2762,.T.);
#2770 = CYLINDRICAL_SURFACE('',#2771,1.5);
#2771 = AXIS2_PLACEMENT_3D('',#2772,#2773,#2774);
#2772 = CARTESIAN_POINT('',(0.,45.,14.43349));
#2773 = DIRECTION('',(0.,1.,-2.2E-16));
#2774 = DIRECTION('',(-1.,0.,0.));
#2775 = ( GEOMETRIC_REPRESENTATION_CONTEXT(3) 
GLOBAL_UNCERTAINTY_ASSIGNED_CONTEXT((#2779)) 
GLOBAL_UNIT_ASSIGNED_CONTEXT((#2776,#2777,#2778)) REPRESENTATION_CONTEXT
('Context #1','3D Context with UNIT and UNCERTAINTY') );
#2776 = ( LENGTH_UNIT() NAMED_UNIT(*) SI_UNIT(.MILLI.,.METRE.) );
#2777 = ( NAMED_UNIT(*) PLANE_ANGLE_UNIT() SI_UNIT($,.RADIAN.) );
#2778 = ( NAMED_UNIT(*) SI_UNIT($,.STERADIAN.) SOLID_ANGLE_UNIT() );
#2779 = UNCERTAINTY_MEASURE_WITH_UNIT(LENGTH_MEASURE(1.E-06),#2776,
  'distance_accuracy_value','confusion accuracy');
#2780 = PRODUCT_RELATED_PRODUCT_CATEGORY('part',$,(#7));
#2781 = MECHANICAL_DESIGN_GEOMETRIC_PRESENTATION_REPRESENTATION('',(
    #2782),#2775);
#2782 = STYLED_ITEM('color',(#2783),#15);
#2783 = PRESENTATION_STYLE_ASSIGNMENT((#2784,#2790));
#2784 = SURFACE_STYLE_USAGE(.BOTH.,#2785);
#2785 = SURFACE_SIDE_STYLE('',(#2786));
#2786 = SURFACE_STYLE_FILL_AREA(#2787);
#2787 = FILL_AREA_STYLE('',(#2788));
#2788 = FILL_AREA_STYLE_COLOUR('',#2789);
#2789 = COLOUR_RGB('',0.678431390124,0.709803936702,0.741176476869);
#2790 = CURVE_STYLE('',#2791,POSITIVE_LENGTH_MEASURE(0.1),#2792);
#2791 = DRAUGHTING_PRE_DEFINED_CURVE_FONT('continuous');
#2792 = COLOUR_RGB('',9.803921802644E-02,9.803921802644E-02,
  9.803921802644E-02);
ENDSEC;
END-ISO-10303-21;
