ISO-10303-21;
HEADER;
FILE_DESCRIPTION(('FreeCAD Model'),'2;1');
FILE_NAME('Open CASCADE Shape Model','2026-04-23T11:37:41',(''),(''),
  'Open CASCADE STEP processor 7.8','FreeCAD','Unknown');
FILE_SCHEMA(('AUTOMOTIVE_DESIGN { 1 0 10303 214 1 1 1 1 }'));
ENDSEC;
DATA;
#1 = APPLICATION_PROTOCOL_DEFINITION('international standard',
  'automotive_design',2000,#2);
#2 = APPLICATION_CONTEXT(
  'core data for automotive mechanical design processes');
#3 = SHAPE_DEFINITION_REPRESENTATION(#4,#10);
#4 = PRODUCT_DEFINITION_SHAPE('','',#5);
#5 = PRODUCT_DEFINITION('design','',#6,#9);
#6 = PRODUCT_DEFINITION_FORMATION('','',#7);
#7 = PRODUCT('Body','Body','',(#8));
#8 = PRODUCT_CONTEXT('',#2,'mechanical');
#9 = PRODUCT_DEFINITION_CONTEXT('part definition',#2,'design');
#10 = ADVANCED_BREP_SHAPE_REPRESENTATION('',(#11,#15),#2619);
#11 = AXIS2_PLACEMENT_3D('',#12,#13,#14);
#12 = CARTESIAN_POINT('',(0.,0.,0.));
#13 = DIRECTION('',(0.,0.,1.));
#14 = DIRECTION('',(1.,0.,-0.));
#15 = MANIFOLD_SOLID_BREP('',#16);
#16 = CLOSED_SHELL('',(#17,#323,#354,#379,#404,#428,#452,#477,#502,#519,
    #600,#624,#649,#673,#698,#723,#747,#765,#790,#815,#846,#871,#896,
    #920,#945,#970,#994,#1018,#1043,#1068,#1092,#1117,#1142,#1159,#1190,
    #1215,#1240,#1264,#1288,#1313,#1338,#1355,#1379,#1403,#1663,#1687,
    #1704,#1729,#1754,#1779,#1803,#1821,#1852,#1877,#1902,#1926,#1951,
    #1976,#2000,#2024,#2049,#2074,#2098,#2123,#2148,#2165,#2187,#2204,
    #2221,#2238,#2255,#2272,#2289,#2301,#2318,#2335,#2352,#2369,#2381,
    #2403,#2420,#2437,#2454,#2471,#2488,#2505,#2522,#2539,#2556,#2573,
    #2590,#2607));
#17 = ADVANCED_FACE('',(#18,#88,#174,#185,#196),#318,.F.);
#18 = FACE_BOUND('',#19,.F.);
#19 = EDGE_LOOP('',(#20,#30,#39,#47,#56,#64,#73,#81));
#20 = ORIENTED_EDGE('',*,*,#21,.F.);
#21 = EDGE_CURVE('',#22,#24,#26,.T.);
#22 = VERTEX_POINT('',#23);
#23 = CARTESIAN_POINT('',(69.999999999986,141.99999999994,2.E-15));
#24 = VERTEX_POINT('',#25);
#25 = CARTESIAN_POINT('',(49.999999999986,141.99999999994,2.E-15));
#26 = LINE('',#27,#28);
#27 = CARTESIAN_POINT('',(69.999999999986,141.99999999994,0.));
#28 = VECTOR('',#29,1.);
#29 = DIRECTION('',(-1.,0.,0.));
#30 = ORIENTED_EDGE('',*,*,#31,.F.);
#31 = EDGE_CURVE('',#32,#22,#34,.T.);
#32 = VERTEX_POINT('',#33);
#33 = CARTESIAN_POINT('',(74.999999999986,136.99999999994,2.E-15));
#34 = CIRCLE('',#35,5.);
#35 = AXIS2_PLACEMENT_3D('',#36,#37,#38);
#36 = CARTESIAN_POINT('',(69.999999999986,136.99999999994,0.));
#37 = DIRECTION('',(0.,0.,1.));
#38 = DIRECTION('',(1.,0.,-0.));
#39 = ORIENTED_EDGE('',*,*,#40,.F.);
#40 = EDGE_CURVE('',#41,#32,#43,.T.);
#41 = VERTEX_POINT('',#42);
#42 = CARTESIAN_POINT('',(74.999999999986,134.99999999994,0.));
#43 = LINE('',#44,#45);
#44 = CARTESIAN_POINT('',(74.999999999986,134.99999999994,0.));
#45 = VECTOR('',#46,1.);
#46 = DIRECTION('',(0.,1.,0.));
#47 = ORIENTED_EDGE('',*,*,#48,.F.);
#48 = EDGE_CURVE('',#49,#41,#51,.T.);
#49 = VERTEX_POINT('',#50);
#50 = CARTESIAN_POINT('',(69.999999999986,129.99999999994,-8.E-15));
#51 = CIRCLE('',#52,5.);
#52 = AXIS2_PLACEMENT_3D('',#53,#54,#55);
#53 = CARTESIAN_POINT('',(69.999999999986,134.99999999994,0.));
#54 = DIRECTION('',(-0.,0.,1.));
#55 = DIRECTION('',(0.,-1.,0.));
#56 = ORIENTED_EDGE('',*,*,#57,.F.);
#57 = EDGE_CURVE('',#58,#49,#60,.T.);
#58 = VERTEX_POINT('',#59);
#59 = CARTESIAN_POINT('',(49.999999999986,129.99999999994,0.));
#60 = LINE('',#61,#62);
#61 = CARTESIAN_POINT('',(49.999999999986,129.99999999994,0.));
#62 = VECTOR('',#63,1.);
#63 = DIRECTION('',(1.,0.,0.));
#64 = ORIENTED_EDGE('',*,*,#65,.F.);
#65 = EDGE_CURVE('',#66,#58,#68,.T.);
#66 = VERTEX_POINT('',#67);
#67 = CARTESIAN_POINT('',(44.999999999986,134.99999999994,-1.E-15));
#68 = CIRCLE('',#69,5.);
#69 = AXIS2_PLACEMENT_3D('',#70,#71,#72);
#70 = CARTESIAN_POINT('',(49.999999999986,134.99999999994,0.));
#71 = DIRECTION('',(0.,0.,1.));
#72 = DIRECTION('',(-1.,0.,0.));
#73 = ORIENTED_EDGE('',*,*,#74,.F.);
#74 = EDGE_CURVE('',#75,#66,#77,.T.);
#75 = VERTEX_POINT('',#76);
#76 = CARTESIAN_POINT('',(44.999999999986,136.99999999994,0.));
#77 = LINE('',#78,#79);
#78 = CARTESIAN_POINT('',(44.999999999986,136.99999999994,0.));
#79 = VECTOR('',#80,1.);
#80 = DIRECTION('',(0.,-1.,0.));
#81 = ORIENTED_EDGE('',*,*,#82,.F.);
#82 = EDGE_CURVE('',#24,#75,#83,.T.);
#83 = CIRCLE('',#84,5.);
#84 = AXIS2_PLACEMENT_3D('',#85,#86,#87);
#85 = CARTESIAN_POINT('',(49.999999999986,136.99999999994,0.));
#86 = DIRECTION('',(0.,-0.,1.));
#87 = DIRECTION('',(0.,1.,0.));
#88 = FACE_BOUND('',#89,.F.);
#89 = EDGE_LOOP('',(#90,#100,#108,#116,#124,#133,#142,#150,#159,#168));
#90 = ORIENTED_EDGE('',*,*,#91,.F.);
#91 = EDGE_CURVE('',#92,#94,#96,.T.);
#92 = VERTEX_POINT('',#93);
#93 = CARTESIAN_POINT('',(120.,0.,0.));
#94 = VERTEX_POINT('',#95);
#95 = CARTESIAN_POINT('',(123.,0.,0.));
#96 = LINE('',#97,#98);
#97 = CARTESIAN_POINT('',(30.000000000007,0.,0.));
#98 = VECTOR('',#99,1.);
#99 = DIRECTION('',(1.,0.,0.));
#100 = ORIENTED_EDGE('',*,*,#101,.F.);
#101 = EDGE_CURVE('',#102,#92,#104,.T.);
#102 = VERTEX_POINT('',#103);
#103 = CARTESIAN_POINT('',(0.,0.,0.));
#104 = LINE('',#105,#106);
#105 = CARTESIAN_POINT('',(0.,0.,0.));
#106 = VECTOR('',#107,1.);
#107 = DIRECTION('',(1.,0.,0.));
#108 = ORIENTED_EDGE('',*,*,#109,.T.);
#109 = EDGE_CURVE('',#102,#110,#112,.T.);
#110 = VERTEX_POINT('',#111);
#111 = CARTESIAN_POINT('',(-3.,0.,0.));
#112 = LINE('',#113,#114);
#113 = CARTESIAN_POINT('',(30.000000000007,0.,0.));
#114 = VECTOR('',#115,1.);
#115 = DIRECTION('',(-1.,0.,0.));
#116 = ORIENTED_EDGE('',*,*,#117,.F.);
#117 = EDGE_CURVE('',#118,#110,#120,.T.);
#118 = VERTEX_POINT('',#119);
#119 = CARTESIAN_POINT('',(-2.999404920399,19.940249493517,0.));
#120 = LINE('',#121,#122);
#121 = CARTESIAN_POINT('',(-2.999999999923,20.000000000013,0.));
#122 = VECTOR('',#123,1.);
#123 = DIRECTION('',(-3.86677E-12,-1.,-0.));
#124 = ORIENTED_EDGE('',*,*,#125,.F.);
#125 = EDGE_CURVE('',#126,#118,#128,.T.);
#126 = VERTEX_POINT('',#127);
#127 = CARTESIAN_POINT('',(31.258699368079,119.50989936564,0.));
#128 = CIRCLE('',#129,153.);
#129 = AXIS2_PLACEMENT_3D('',#130,#131,#132);
#130 = CARTESIAN_POINT('',(149.97024602387,22.98752532424,0.));
#131 = DIRECTION('',(0.,0.,1.));
#132 = DIRECTION('',(-0.775892461803,0.630865189813,0.));
#133 = ORIENTED_EDGE('',*,*,#134,.F.);
#134 = EDGE_CURVE('',#135,#126,#137,.T.);
#135 = VERTEX_POINT('',#136);
#136 = CARTESIAN_POINT('',(49.104225989538,127.99999999994,-2.E-15));
#137 = CIRCLE('',#138,23.);
#138 = AXIS2_PLACEMENT_3D('',#139,#140,#141);
#139 = CARTESIAN_POINT('',(49.104225989538,104.99999999994,0.));
#140 = DIRECTION('',(0.,-0.,1.));
#141 = DIRECTION('',(0.,1.,0.));
#142 = ORIENTED_EDGE('',*,*,#143,.F.);
#143 = EDGE_CURVE('',#144,#135,#146,.T.);
#144 = VERTEX_POINT('',#145);
#145 = CARTESIAN_POINT('',(70.895774010462,127.99999999994,0.));
#146 = LINE('',#147,#148);
#147 = CARTESIAN_POINT('',(70.895774010462,127.99999999994,0.));
#148 = VECTOR('',#149,1.);
#149 = DIRECTION('',(-1.,-0.,-0.));
#150 = ORIENTED_EDGE('',*,*,#151,.F.);
#151 = EDGE_CURVE('',#152,#144,#154,.T.);
#152 = VERTEX_POINT('',#153);
#153 = CARTESIAN_POINT('',(88.741300631921,119.50989936564,0.));
#154 = CIRCLE('',#155,23.);
#155 = AXIS2_PLACEMENT_3D('',#156,#157,#158);
#156 = CARTESIAN_POINT('',(70.895774010462,104.99999999994,0.));
#157 = DIRECTION('',(0.,-0.,1.));
#158 = DIRECTION('',(0.775892461803,0.630865189813,0.));
#159 = ORIENTED_EDGE('',*,*,#160,.F.);
#160 = EDGE_CURVE('',#161,#152,#163,.T.);
#161 = VERTEX_POINT('',#162);
#162 = CARTESIAN_POINT('',(123.,20.000000000001,8.E-15));
#163 = CIRCLE('',#164,153.);
#164 = AXIS2_PLACEMENT_3D('',#165,#166,#167);
#165 = CARTESIAN_POINT('',(-29.97024602387,22.98752532424,0.));
#166 = DIRECTION('',(-0.,0.,1.));
#167 = DIRECTION('',(0.999801640159,-1.991683549492E-02,0.));
#168 = ORIENTED_EDGE('',*,*,#169,.F.);
#169 = EDGE_CURVE('',#94,#161,#170,.T.);
#170 = LINE('',#171,#172);
#171 = CARTESIAN_POINT('',(123.,0.,0.));
#172 = VECTOR('',#173,1.);
#173 = DIRECTION('',(0.,1.,0.));
#174 = FACE_BOUND('',#175,.T.);
#175 = EDGE_LOOP('',(#176));
#176 = ORIENTED_EDGE('',*,*,#177,.T.);
#177 = EDGE_CURVE('',#178,#178,#180,.T.);
#178 = VERTEX_POINT('',#179);
#179 = CARTESIAN_POINT('',(21.500000000015,-6.,0.));
#180 = CIRCLE('',#181,1.5);
#181 = AXIS2_PLACEMENT_3D('',#182,#183,#184);
#182 = CARTESIAN_POINT('',(20.000000000015,-6.,0.));
#183 = DIRECTION('',(0.,0.,1.));
#184 = DIRECTION('',(1.,0.,0.));
#185 = FACE_BOUND('',#186,.T.);
#186 = EDGE_LOOP('',(#187));
#187 = ORIENTED_EDGE('',*,*,#188,.T.);
#188 = EDGE_CURVE('',#189,#189,#191,.T.);
#189 = VERTEX_POINT('',#190);
#190 = CARTESIAN_POINT('',(101.50000000001,-6.,0.));
#191 = CIRCLE('',#192,1.5);
#192 = AXIS2_PLACEMENT_3D('',#193,#194,#195);
#193 = CARTESIAN_POINT('',(100.00000000001,-6.,0.));
#194 = DIRECTION('',(0.,0.,1.));
#195 = DIRECTION('',(1.,0.,0.));
#196 = FACE_BOUND('',#197,.F.);
#197 = EDGE_LOOP('',(#198,#208,#217,#226,#234,#243,#251,#260,#268,#277,
    #286,#294,#303,#311));
#198 = ORIENTED_EDGE('',*,*,#199,.T.);
#199 = EDGE_CURVE('',#200,#202,#204,.T.);
#200 = VERTEX_POINT('',#201);
#201 = CARTESIAN_POINT('',(127.,-9.,-2.E-15));
#202 = VERTEX_POINT('',#203);
#203 = CARTESIAN_POINT('',(127.,19.9,-2.E-15));
#204 = LINE('',#205,#206);
#205 = CARTESIAN_POINT('',(127.,-9.,0.));
#206 = VECTOR('',#207,1.);
#207 = DIRECTION('',(0.,1.,0.));
#208 = ORIENTED_EDGE('',*,*,#209,.T.);
#209 = EDGE_CURVE('',#202,#210,#212,.T.);
#210 = VERTEX_POINT('',#211);
#211 = CARTESIAN_POINT('',(83.760412889369,131.22273186639,0.));
#212 = CIRCLE('',#213,157.);
#213 = AXIS2_PLACEMENT_3D('',#214,#215,#216);
#214 = CARTESIAN_POINT('',(-29.97016226275,22.989852039754,0.));
#215 = DIRECTION('',(-0.,0.,1.));
#216 = DIRECTION('',(0.999813514142,-1.931157524846E-02,0.));
#217 = ORIENTED_EDGE('',*,*,#218,.T.);
#218 = EDGE_CURVE('',#210,#219,#221,.T.);
#219 = VERTEX_POINT('',#220);
#220 = CARTESIAN_POINT('',(81.28,137.42716446791,0.));
#221 = CIRCLE('',#222,9.);
#222 = AXIS2_PLACEMENT_3D('',#223,#224,#225);
#223 = CARTESIAN_POINT('',(90.28,137.42716446791,0.));
#224 = DIRECTION('',(-0.,0.,-1.));
#225 = DIRECTION('',(-0.724398567848,-0.68938140017,0.));
#226 = ORIENTED_EDGE('',*,*,#227,.T.);
#227 = EDGE_CURVE('',#219,#228,#230,.T.);
#228 = VERTEX_POINT('',#229);
#229 = CARTESIAN_POINT('',(81.28,140.99999999994,-2.E-15));
#230 = LINE('',#231,#232);
#231 = CARTESIAN_POINT('',(81.28,137.42716446791,0.));
#232 = VECTOR('',#233,1.);
#233 = DIRECTION('',(0.,1.,0.));
#234 = ORIENTED_EDGE('',*,*,#235,.T.);
#235 = EDGE_CURVE('',#228,#236,#238,.T.);
#236 = VERTEX_POINT('',#237);
#237 = CARTESIAN_POINT('',(78.28,143.99999999994,0.));
#238 = CIRCLE('',#239,3.);
#239 = AXIS2_PLACEMENT_3D('',#240,#241,#242);
#240 = CARTESIAN_POINT('',(78.28,140.99999999994,0.));
#241 = DIRECTION('',(0.,0.,1.));
#242 = DIRECTION('',(1.,0.,0.));
#243 = ORIENTED_EDGE('',*,*,#244,.T.);
#244 = EDGE_CURVE('',#236,#245,#247,.T.);
#245 = VERTEX_POINT('',#246);
#246 = CARTESIAN_POINT('',(41.72,143.99999999994,8.E-15));
#247 = LINE('',#248,#249);
#248 = CARTESIAN_POINT('',(78.28,143.99999999994,0.));
#249 = VECTOR('',#250,1.);
#250 = DIRECTION('',(-1.,-0.,-0.));
#251 = ORIENTED_EDGE('',*,*,#252,.T.);
#252 = EDGE_CURVE('',#245,#253,#255,.T.);
#253 = VERTEX_POINT('',#254);
#254 = CARTESIAN_POINT('',(38.72,140.99999999994,0.));
#255 = CIRCLE('',#256,3.);
#256 = AXIS2_PLACEMENT_3D('',#257,#258,#259);
#257 = CARTESIAN_POINT('',(41.72,140.99999999994,0.));
#258 = DIRECTION('',(0.,-0.,1.));
#259 = DIRECTION('',(0.,1.,0.));
#260 = ORIENTED_EDGE('',*,*,#261,.T.);
#261 = EDGE_CURVE('',#253,#262,#264,.T.);
#262 = VERTEX_POINT('',#263);
#263 = CARTESIAN_POINT('',(38.72,137.42716446791,-2.E-15));
#264 = LINE('',#265,#266);
#265 = CARTESIAN_POINT('',(38.72,140.99999999994,0.));
#266 = VECTOR('',#267,1.);
#267 = DIRECTION('',(-0.,-1.,-0.));
#268 = ORIENTED_EDGE('',*,*,#269,.T.);
#269 = EDGE_CURVE('',#262,#270,#272,.T.);
#270 = VERTEX_POINT('',#271);
#271 = CARTESIAN_POINT('',(36.239587110635,131.22273186639,0.));
#272 = CIRCLE('',#273,9.);
#273 = AXIS2_PLACEMENT_3D('',#274,#275,#276);
#274 = CARTESIAN_POINT('',(29.72,137.42716446791,0.));
#275 = DIRECTION('',(0.,0.,-1.));
#276 = DIRECTION('',(1.,0.,0.));
#277 = ORIENTED_EDGE('',*,*,#278,.T.);
#278 = EDGE_CURVE('',#270,#279,#281,.T.);
#279 = VERTEX_POINT('',#280);
#280 = CARTESIAN_POINT('',(-7.000559457496,19.957934725747,0.));
#281 = CIRCLE('',#282,157.);
#282 = AXIS2_PLACEMENT_3D('',#283,#284,#285);
#283 = CARTESIAN_POINT('',(149.97016226283,22.989852039831,0.));
#284 = DIRECTION('',(0.,0.,1.));
#285 = DIRECTION('',(-0.724398567848,0.689381400169,0.));
#286 = ORIENTED_EDGE('',*,*,#287,.T.);
#287 = EDGE_CURVE('',#279,#288,#290,.T.);
#288 = VERTEX_POINT('',#289);
#289 = CARTESIAN_POINT('',(-6.999999999923,-9.,0.));
#290 = LINE('',#291,#292);
#291 = CARTESIAN_POINT('',(-6.999999999923,19.9,0.));
#292 = VECTOR('',#293,1.);
#293 = DIRECTION('',(-0.,-1.,-0.));
#294 = ORIENTED_EDGE('',*,*,#295,.T.);
#295 = EDGE_CURVE('',#288,#296,#298,.T.);
#296 = VERTEX_POINT('',#297);
#297 = CARTESIAN_POINT('',(-3.999999999923,-12.,0.));
#298 = CIRCLE('',#299,3.);
#299 = AXIS2_PLACEMENT_3D('',#300,#301,#302);
#300 = CARTESIAN_POINT('',(-3.999999999923,-9.,0.));
#301 = DIRECTION('',(0.,0.,1.));
#302 = DIRECTION('',(-1.,1.18E-15,0.));
#303 = ORIENTED_EDGE('',*,*,#304,.T.);
#304 = EDGE_CURVE('',#296,#305,#307,.T.);
#305 = VERTEX_POINT('',#306);
#306 = CARTESIAN_POINT('',(124.,-12.,0.));
#307 = LINE('',#308,#309);
#308 = CARTESIAN_POINT('',(-3.999999999923,-12.,0.));
#309 = VECTOR('',#310,1.);
#310 = DIRECTION('',(1.,0.,0.));
#311 = ORIENTED_EDGE('',*,*,#312,.T.);
#312 = EDGE_CURVE('',#305,#200,#313,.T.);
#313 = CIRCLE('',#314,3.);
#314 = AXIS2_PLACEMENT_3D('',#315,#316,#317);
#315 = CARTESIAN_POINT('',(124.,-9.,0.));
#316 = DIRECTION('',(-0.,0.,1.));
#317 = DIRECTION('',(0.,-1.,0.));
#318 = PLANE('',#319);
#319 = AXIS2_PLACEMENT_3D('',#320,#321,#322);
#320 = CARTESIAN_POINT('',(60.000000000013,57.412466078439,0.));
#321 = DIRECTION('',(0.,0.,1.));
#322 = DIRECTION('',(1.,0.,0.));
#323 = ADVANCED_FACE('',(#324),#349,.F.);
#324 = FACE_BOUND('',#325,.F.);
#325 = EDGE_LOOP('',(#326,#334,#335,#343));
#326 = ORIENTED_EDGE('',*,*,#327,.F.);
#327 = EDGE_CURVE('',#22,#328,#330,.T.);
#328 = VERTEX_POINT('',#329);
#329 = CARTESIAN_POINT('',(69.999999999986,139.99999999994,2.));
#330 = LINE('',#331,#332);
#331 = CARTESIAN_POINT('',(69.999999999986,140.99999999994,1.));
#332 = VECTOR('',#333,1.);
#333 = DIRECTION('',(-0.,-0.707106781187,0.707106781187));
#334 = ORIENTED_EDGE('',*,*,#21,.T.);
#335 = ORIENTED_EDGE('',*,*,#336,.T.);
#336 = EDGE_CURVE('',#24,#337,#339,.T.);
#337 = VERTEX_POINT('',#338);
#338 = CARTESIAN_POINT('',(49.999999999986,139.99999999994,2.));
#339 = LINE('',#340,#341);
#340 = CARTESIAN_POINT('',(49.999999999986,140.99999999994,1.));
#341 = VECTOR('',#342,1.);
#342 = DIRECTION('',(-0.,-0.707106781187,0.707106781187));
#343 = ORIENTED_EDGE('',*,*,#344,.F.);
#344 = EDGE_CURVE('',#328,#337,#345,.T.);
#345 = LINE('',#346,#347);
#346 = CARTESIAN_POINT('',(69.999999999986,139.99999999994,2.));
#347 = VECTOR('',#348,1.);
#348 = DIRECTION('',(-1.,0.,0.));
#349 = PLANE('',#350);
#350 = AXIS2_PLACEMENT_3D('',#351,#352,#353);
#351 = CARTESIAN_POINT('',(69.999999999986,140.99999999994,1.));
#352 = DIRECTION('',(1.E-17,0.707106781187,0.707106781187));
#353 = DIRECTION('',(-1.,7.071067811865E-18,7.071067811865E-18));
#354 = ADVANCED_FACE('',(#355),#374,.F.);
#355 = FACE_BOUND('',#356,.F.);
#356 = EDGE_LOOP('',(#357,#365,#366,#367));
#357 = ORIENTED_EDGE('',*,*,#358,.F.);
#358 = EDGE_CURVE('',#32,#359,#361,.T.);
#359 = VERTEX_POINT('',#360);
#360 = CARTESIAN_POINT('',(72.999999999986,136.99999999994,2.));
#361 = LINE('',#362,#363);
#362 = CARTESIAN_POINT('',(73.999999999986,136.99999999994,1.));
#363 = VECTOR('',#364,1.);
#364 = DIRECTION('',(-0.707106781187,0.,0.707106781187));
#365 = ORIENTED_EDGE('',*,*,#31,.T.);
#366 = ORIENTED_EDGE('',*,*,#327,.T.);
#367 = ORIENTED_EDGE('',*,*,#368,.F.);
#368 = EDGE_CURVE('',#359,#328,#369,.T.);
#369 = CIRCLE('',#370,3.);
#370 = AXIS2_PLACEMENT_3D('',#371,#372,#373);
#371 = CARTESIAN_POINT('',(69.999999999986,136.99999999994,2.));
#372 = DIRECTION('',(0.,0.,1.));
#373 = DIRECTION('',(1.,0.,-0.));
#374 = CONICAL_SURFACE('',#375,3.,0.785398163397);
#375 = AXIS2_PLACEMENT_3D('',#376,#377,#378);
#376 = CARTESIAN_POINT('',(69.999999999986,136.99999999994,2.));
#377 = DIRECTION('',(-0.,-0.,-1.));
#378 = DIRECTION('',(1.,0.,-0.));
#379 = ADVANCED_FACE('',(#380),#399,.F.);
#380 = FACE_BOUND('',#381,.F.);
#381 = EDGE_LOOP('',(#382,#383,#384,#392));
#382 = ORIENTED_EDGE('',*,*,#336,.F.);
#383 = ORIENTED_EDGE('',*,*,#82,.T.);
#384 = ORIENTED_EDGE('',*,*,#385,.T.);
#385 = EDGE_CURVE('',#75,#386,#388,.T.);
#386 = VERTEX_POINT('',#387);
#387 = CARTESIAN_POINT('',(46.999999999986,136.99999999994,2.));
#388 = LINE('',#389,#390);
#389 = CARTESIAN_POINT('',(46.999999999986,136.99999999994,2.));
#390 = VECTOR('',#391,1.);
#391 = DIRECTION('',(0.707106781187,-1.61E-15,0.707106781187));
#392 = ORIENTED_EDGE('',*,*,#393,.F.);
#393 = EDGE_CURVE('',#337,#386,#394,.T.);
#394 = CIRCLE('',#395,3.);
#395 = AXIS2_PLACEMENT_3D('',#396,#397,#398);
#396 = CARTESIAN_POINT('',(49.999999999986,136.99999999994,2.));
#397 = DIRECTION('',(0.,-0.,1.));
#398 = DIRECTION('',(0.,1.,0.));
#399 = CONICAL_SURFACE('',#400,3.,0.785398163397);
#400 = AXIS2_PLACEMENT_3D('',#401,#402,#403);
#401 = CARTESIAN_POINT('',(49.999999999986,136.99999999994,2.));
#402 = DIRECTION('',(-0.,-0.,-1.));
#403 = DIRECTION('',(0.,1.,0.));
#404 = ADVANCED_FACE('',(#405),#423,.F.);
#405 = FACE_BOUND('',#406,.F.);
#406 = EDGE_LOOP('',(#407,#415,#416,#417));
#407 = ORIENTED_EDGE('',*,*,#408,.F.);
#408 = EDGE_CURVE('',#41,#409,#411,.T.);
#409 = VERTEX_POINT('',#410);
#410 = CARTESIAN_POINT('',(72.999999999986,134.99999999994,2.));
#411 = LINE('',#412,#413);
#412 = CARTESIAN_POINT('',(72.999999999986,134.99999999994,2.));
#413 = VECTOR('',#414,1.);
#414 = DIRECTION('',(-0.707106781187,-1.84E-15,0.707106781187));
#415 = ORIENTED_EDGE('',*,*,#40,.T.);
#416 = ORIENTED_EDGE('',*,*,#358,.T.);
#417 = ORIENTED_EDGE('',*,*,#418,.F.);
#418 = EDGE_CURVE('',#409,#359,#419,.T.);
#419 = LINE('',#420,#421);
#420 = CARTESIAN_POINT('',(72.999999999986,134.99999999994,2.));
#421 = VECTOR('',#422,1.);
#422 = DIRECTION('',(0.,1.,0.));
#423 = PLANE('',#424);
#424 = AXIS2_PLACEMENT_3D('',#425,#426,#427);
#425 = CARTESIAN_POINT('',(73.999999999986,134.99999999994,1.));
#426 = DIRECTION('',(0.707106781187,1.E-17,0.707106781187));
#427 = DIRECTION('',(-7.071067811865E-18,1.,-7.071067811865E-18));
#428 = ADVANCED_FACE('',(#429),#447,.F.);
#429 = FACE_BOUND('',#430,.F.);
#430 = EDGE_LOOP('',(#431,#432,#433,#441));
#431 = ORIENTED_EDGE('',*,*,#385,.F.);
#432 = ORIENTED_EDGE('',*,*,#74,.T.);
#433 = ORIENTED_EDGE('',*,*,#434,.T.);
#434 = EDGE_CURVE('',#66,#435,#437,.T.);
#435 = VERTEX_POINT('',#436);
#436 = CARTESIAN_POINT('',(46.999999999986,134.99999999994,2.));
#437 = LINE('',#438,#439);
#438 = CARTESIAN_POINT('',(45.999999999986,134.99999999994,1.));
#439 = VECTOR('',#440,1.);
#440 = DIRECTION('',(0.707106781187,-0.,0.707106781187));
#441 = ORIENTED_EDGE('',*,*,#442,.F.);
#442 = EDGE_CURVE('',#386,#435,#443,.T.);
#443 = LINE('',#444,#445);
#444 = CARTESIAN_POINT('',(46.999999999986,136.99999999994,2.));
#445 = VECTOR('',#446,1.);
#446 = DIRECTION('',(0.,-1.,0.));
#447 = PLANE('',#448);
#448 = AXIS2_PLACEMENT_3D('',#449,#450,#451);
#449 = CARTESIAN_POINT('',(45.999999999986,136.99999999994,1.));
#450 = DIRECTION('',(-0.707106781187,-1.E-17,0.707106781187));
#451 = DIRECTION('',(7.071067811865E-18,-1.,-7.071067811865E-18));
#452 = ADVANCED_FACE('',(#453),#472,.F.);
#453 = FACE_BOUND('',#454,.F.);
#454 = EDGE_LOOP('',(#455,#463,#464,#465));
#455 = ORIENTED_EDGE('',*,*,#456,.F.);
#456 = EDGE_CURVE('',#49,#457,#459,.T.);
#457 = VERTEX_POINT('',#458);
#458 = CARTESIAN_POINT('',(69.999999999986,131.99999999994,2.));
#459 = LINE('',#460,#461);
#460 = CARTESIAN_POINT('',(69.999999999986,130.99999999994,1.));
#461 = VECTOR('',#462,1.);
#462 = DIRECTION('',(0.,0.707106781187,0.707106781187));
#463 = ORIENTED_EDGE('',*,*,#48,.T.);
#464 = ORIENTED_EDGE('',*,*,#408,.T.);
#465 = ORIENTED_EDGE('',*,*,#466,.F.);
#466 = EDGE_CURVE('',#457,#409,#467,.T.);
#467 = CIRCLE('',#468,3.);
#468 = AXIS2_PLACEMENT_3D('',#469,#470,#471);
#469 = CARTESIAN_POINT('',(69.999999999986,134.99999999994,2.));
#470 = DIRECTION('',(-0.,0.,1.));
#471 = DIRECTION('',(0.,-1.,0.));
#472 = CONICAL_SURFACE('',#473,3.,0.785398163397);
#473 = AXIS2_PLACEMENT_3D('',#474,#475,#476);
#474 = CARTESIAN_POINT('',(69.999999999986,134.99999999994,2.));
#475 = DIRECTION('',(-0.,-0.,-1.));
#476 = DIRECTION('',(0.,-1.,0.));
#477 = ADVANCED_FACE('',(#478),#497,.F.);
#478 = FACE_BOUND('',#479,.F.);
#479 = EDGE_LOOP('',(#480,#481,#482,#490));
#480 = ORIENTED_EDGE('',*,*,#434,.F.);
#481 = ORIENTED_EDGE('',*,*,#65,.T.);
#482 = ORIENTED_EDGE('',*,*,#483,.T.);
#483 = EDGE_CURVE('',#58,#484,#486,.T.);
#484 = VERTEX_POINT('',#485);
#485 = CARTESIAN_POINT('',(49.999999999986,131.99999999994,2.));
#486 = LINE('',#487,#488);
#487 = CARTESIAN_POINT('',(49.999999999986,131.99999999994,2.));
#488 = VECTOR('',#489,1.);
#489 = DIRECTION('',(-5.8E-16,0.707106781187,0.707106781187));
#490 = ORIENTED_EDGE('',*,*,#491,.F.);
#491 = EDGE_CURVE('',#435,#484,#492,.T.);
#492 = CIRCLE('',#493,3.);
#493 = AXIS2_PLACEMENT_3D('',#494,#495,#496);
#494 = CARTESIAN_POINT('',(49.999999999986,134.99999999994,2.));
#495 = DIRECTION('',(0.,0.,1.));
#496 = DIRECTION('',(-1.,0.,0.));
#497 = CONICAL_SURFACE('',#498,3.,0.785398163397);
#498 = AXIS2_PLACEMENT_3D('',#499,#500,#501);
#499 = CARTESIAN_POINT('',(49.999999999986,134.99999999994,2.));
#500 = DIRECTION('',(-0.,-0.,-1.));
#501 = DIRECTION('',(-1.,0.,0.));
#502 = ADVANCED_FACE('',(#503),#514,.F.);
#503 = FACE_BOUND('',#504,.F.);
#504 = EDGE_LOOP('',(#505,#506,#507,#508));
#505 = ORIENTED_EDGE('',*,*,#483,.F.);
#506 = ORIENTED_EDGE('',*,*,#57,.T.);
#507 = ORIENTED_EDGE('',*,*,#456,.T.);
#508 = ORIENTED_EDGE('',*,*,#509,.F.);
#509 = EDGE_CURVE('',#484,#457,#510,.T.);
#510 = LINE('',#511,#512);
#511 = CARTESIAN_POINT('',(49.999999999986,131.99999999994,2.));
#512 = VECTOR('',#513,1.);
#513 = DIRECTION('',(1.,0.,0.));
#514 = PLANE('',#515);
#515 = AXIS2_PLACEMENT_3D('',#516,#517,#518);
#516 = CARTESIAN_POINT('',(49.999999999986,130.99999999994,1.));
#517 = DIRECTION('',(-1.E-17,-0.707106781187,0.707106781187));
#518 = DIRECTION('',(1.,-7.071067811865E-18,7.071067811865E-18));
#519 = ADVANCED_FACE('',(#520),#595,.T.);
#520 = FACE_BOUND('',#521,.T.);
#521 = EDGE_LOOP('',(#522,#532,#540,#548,#556,#564,#572,#580,#586,#587,
    #588,#589));
#522 = ORIENTED_EDGE('',*,*,#523,.T.);
#523 = EDGE_CURVE('',#524,#526,#528,.T.);
#524 = VERTEX_POINT('',#525);
#525 = CARTESIAN_POINT('',(1.E-15,0.,3.));
#526 = VERTEX_POINT('',#527);
#527 = CARTESIAN_POINT('',(0.,0.,12.));
#528 = LINE('',#529,#530);
#529 = CARTESIAN_POINT('',(0.,0.,0.));
#530 = VECTOR('',#531,1.);
#531 = DIRECTION('',(0.,0.,1.));
#532 = ORIENTED_EDGE('',*,*,#533,.T.);
#533 = EDGE_CURVE('',#526,#534,#536,.T.);
#534 = VERTEX_POINT('',#535);
#535 = CARTESIAN_POINT('',(-3.,0.,15.));
#536 = LINE('',#537,#538);
#537 = CARTESIAN_POINT('',(2.250000000019,2.22E-15,9.749999999981));
#538 = VECTOR('',#539,1.);
#539 = DIRECTION('',(-0.707106781187,0.,0.707106781187));
#540 = ORIENTED_EDGE('',*,*,#541,.F.);
#541 = EDGE_CURVE('',#542,#534,#544,.T.);
#542 = VERTEX_POINT('',#543);
#543 = CARTESIAN_POINT('',(0.,0.,15.));
#544 = LINE('',#545,#546);
#545 = CARTESIAN_POINT('',(30.000000000007,0.,15.));
#546 = VECTOR('',#547,1.);
#547 = DIRECTION('',(-1.,0.,0.));
#548 = ORIENTED_EDGE('',*,*,#549,.T.);
#549 = EDGE_CURVE('',#542,#550,#552,.T.);
#550 = VERTEX_POINT('',#551);
#551 = CARTESIAN_POINT('',(120.,0.,15.));
#552 = LINE('',#553,#554);
#553 = CARTESIAN_POINT('',(0.,0.,15.));
#554 = VECTOR('',#555,1.);
#555 = DIRECTION('',(1.,0.,0.));
#556 = ORIENTED_EDGE('',*,*,#557,.T.);
#557 = EDGE_CURVE('',#550,#558,#560,.T.);
#558 = VERTEX_POINT('',#559);
#559 = CARTESIAN_POINT('',(123.,0.,15.));
#560 = LINE('',#561,#562);
#561 = CARTESIAN_POINT('',(30.000000000007,0.,15.));
#562 = VECTOR('',#563,1.);
#563 = DIRECTION('',(1.,0.,0.));
#564 = ORIENTED_EDGE('',*,*,#565,.F.);
#565 = EDGE_CURVE('',#566,#558,#568,.T.);
#566 = VERTEX_POINT('',#567);
#567 = CARTESIAN_POINT('',(120.,0.,12.));
#568 = LINE('',#569,#570);
#569 = CARTESIAN_POINT('',(87.75,0.,-20.25));
#570 = VECTOR('',#571,1.);
#571 = DIRECTION('',(0.707106781187,0.,0.707106781187));
#572 = ORIENTED_EDGE('',*,*,#573,.F.);
#573 = EDGE_CURVE('',#574,#566,#576,.T.);
#574 = VERTEX_POINT('',#575);
#575 = CARTESIAN_POINT('',(120.,0.,3.));
#576 = LINE('',#577,#578);
#577 = CARTESIAN_POINT('',(120.,0.,0.));
#578 = VECTOR('',#579,1.);
#579 = DIRECTION('',(0.,0.,1.));
#580 = ORIENTED_EDGE('',*,*,#581,.F.);
#581 = EDGE_CURVE('',#94,#574,#582,.T.);
#582 = LINE('',#583,#584);
#583 = CARTESIAN_POINT('',(91.5,0.,31.5));
#584 = VECTOR('',#585,1.);
#585 = DIRECTION('',(-0.707106781187,0.,0.707106781187));
#586 = ORIENTED_EDGE('',*,*,#91,.F.);
#587 = ORIENTED_EDGE('',*,*,#101,.F.);
#588 = ORIENTED_EDGE('',*,*,#109,.T.);
#589 = ORIENTED_EDGE('',*,*,#590,.T.);
#590 = EDGE_CURVE('',#110,#524,#591,.T.);
#591 = LINE('',#592,#593);
#592 = CARTESIAN_POINT('',(-1.499999999981,2.22E-15,1.500000000019));
#593 = VECTOR('',#594,1.);
#594 = DIRECTION('',(0.707106781187,0.,0.707106781187));
#595 = PLANE('',#596);
#596 = AXIS2_PLACEMENT_3D('',#597,#598,#599);
#597 = CARTESIAN_POINT('',(0.,0.,0.));
#598 = DIRECTION('',(0.,1.,0.));
#599 = DIRECTION('',(1.,0.,0.));
#600 = ADVANCED_FACE('',(#601),#619,.F.);
#601 = FACE_BOUND('',#602,.F.);
#602 = EDGE_LOOP('',(#603,#604,#605,#613));
#603 = ORIENTED_EDGE('',*,*,#581,.F.);
#604 = ORIENTED_EDGE('',*,*,#169,.T.);
#605 = ORIENTED_EDGE('',*,*,#606,.T.);
#606 = EDGE_CURVE('',#161,#607,#609,.T.);
#607 = VERTEX_POINT('',#608);
#608 = CARTESIAN_POINT('',(120.,20.000000000001,3.));
#609 = LINE('',#610,#611);
#610 = CARTESIAN_POINT('',(121.5,20.000000000001,1.5));
#611 = VECTOR('',#612,1.);
#612 = DIRECTION('',(-0.707106781187,0.,0.707106781187));
#613 = ORIENTED_EDGE('',*,*,#614,.F.);
#614 = EDGE_CURVE('',#574,#607,#615,.T.);
#615 = LINE('',#616,#617);
#616 = CARTESIAN_POINT('',(120.,0.,3.));
#617 = VECTOR('',#618,1.);
#618 = DIRECTION('',(0.,1.,0.));
#619 = PLANE('',#620);
#620 = AXIS2_PLACEMENT_3D('',#621,#622,#623);
#621 = CARTESIAN_POINT('',(121.5,0.,1.5));
#622 = DIRECTION('',(0.707106781187,0.,0.707106781187));
#623 = DIRECTION('',(0.,1.,0.));
#624 = ADVANCED_FACE('',(#625),#644,.F.);
#625 = FACE_BOUND('',#626,.F.);
#626 = EDGE_LOOP('',(#627,#628,#629,#637));
#627 = ORIENTED_EDGE('',*,*,#606,.F.);
#628 = ORIENTED_EDGE('',*,*,#160,.T.);
#629 = ORIENTED_EDGE('',*,*,#630,.T.);
#630 = EDGE_CURVE('',#152,#631,#633,.T.);
#631 = VERTEX_POINT('',#632);
#632 = CARTESIAN_POINT('',(86.413623246514,117.61730379621,3.));
#633 = LINE('',#634,#635);
#634 = CARTESIAN_POINT('',(86.413623246514,117.61730379621,3.));
#635 = VECTOR('',#636,1.);
#636 = DIRECTION('',(-0.548638821212,-0.446089053731,0.707106781187));
#637 = ORIENTED_EDGE('',*,*,#638,.F.);
#638 = EDGE_CURVE('',#607,#631,#639,.T.);
#639 = CIRCLE('',#640,150.);
#640 = AXIS2_PLACEMENT_3D('',#641,#642,#643);
#641 = CARTESIAN_POINT('',(-29.97024602387,22.98752532424,3.));
#642 = DIRECTION('',(-0.,0.,1.));
#643 = DIRECTION('',(0.999801640159,-1.991683549492E-02,0.));
#644 = CONICAL_SURFACE('',#645,150.,0.785398163397);
#645 = AXIS2_PLACEMENT_3D('',#646,#647,#648);
#646 = CARTESIAN_POINT('',(-29.97024602387,22.98752532424,3.));
#647 = DIRECTION('',(-0.,-0.,-1.));
#648 = DIRECTION('',(0.999801640159,-1.991683549492E-02,0.));
#649 = ADVANCED_FACE('',(#650),#668,.T.);
#650 = FACE_BOUND('',#651,.F.);
#651 = EDGE_LOOP('',(#652,#660,#661,#662));
#652 = ORIENTED_EDGE('',*,*,#653,.F.);
#653 = EDGE_CURVE('',#118,#654,#656,.T.);
#654 = VERTEX_POINT('',#655);
#655 = CARTESIAN_POINT('',(7.7335E-11,20.000000000002,3.));
#656 = LINE('',#657,#658);
#657 = CARTESIAN_POINT('',(7.733547E-11,20.000000000002,3.));
#658 = VECTOR('',#659,1.);
#659 = DIRECTION('',(0.706966519598,1.408332943824E-02,0.707106781187));
#660 = ORIENTED_EDGE('',*,*,#117,.T.);
#661 = ORIENTED_EDGE('',*,*,#590,.T.);
#662 = ORIENTED_EDGE('',*,*,#663,.F.);
#663 = EDGE_CURVE('',#654,#524,#664,.T.);
#664 = LINE('',#665,#666);
#665 = CARTESIAN_POINT('',(7.733595E-11,20.000000000002,3.));
#666 = VECTOR('',#667,1.);
#667 = DIRECTION('',(-3.86677E-12,-1.,-0.));
#668 = PLANE('',#669);
#669 = AXIS2_PLACEMENT_3D('',#670,#671,#672);
#670 = CARTESIAN_POINT('',(-1.499999999923,20.000000000007,1.5));
#671 = DIRECTION('',(0.707106781187,-2.73422E-12,-0.707106781187));
#672 = DIRECTION('',(3.866770503256E-12,1.,-5.032558818543E-19));
#673 = ADVANCED_FACE('',(#674),#693,.F.);
#674 = FACE_BOUND('',#675,.F.);
#675 = EDGE_LOOP('',(#676,#677,#678,#686));
#676 = ORIENTED_EDGE('',*,*,#630,.F.);
#677 = ORIENTED_EDGE('',*,*,#151,.T.);
#678 = ORIENTED_EDGE('',*,*,#679,.T.);
#679 = EDGE_CURVE('',#144,#680,#682,.T.);
#680 = VERTEX_POINT('',#681);
#681 = CARTESIAN_POINT('',(70.895774010462,124.99999999994,3.));
#682 = LINE('',#683,#684);
#683 = CARTESIAN_POINT('',(70.895774010462,124.99999999994,3.));
#684 = VECTOR('',#685,1.);
#685 = DIRECTION('',(-7.E-17,-0.707106781187,0.707106781187));
#686 = ORIENTED_EDGE('',*,*,#687,.F.);
#687 = EDGE_CURVE('',#631,#680,#688,.T.);
#688 = CIRCLE('',#689,20.);
#689 = AXIS2_PLACEMENT_3D('',#690,#691,#692);
#690 = CARTESIAN_POINT('',(70.895774010462,104.99999999994,3.));
#691 = DIRECTION('',(0.,-0.,1.));
#692 = DIRECTION('',(0.775892461803,0.630865189813,0.));
#693 = CONICAL_SURFACE('',#694,20.,0.785398163397);
#694 = AXIS2_PLACEMENT_3D('',#695,#696,#697);
#695 = CARTESIAN_POINT('',(70.895774010462,104.99999999994,3.));
#696 = DIRECTION('',(-0.,-0.,-1.));
#697 = DIRECTION('',(0.775892461803,0.630865189813,0.));
#698 = ADVANCED_FACE('',(#699),#718,.F.);
#699 = FACE_BOUND('',#700,.F.);
#700 = EDGE_LOOP('',(#701,#709,#710,#711));
#701 = ORIENTED_EDGE('',*,*,#702,.F.);
#702 = EDGE_CURVE('',#126,#703,#705,.T.);
#703 = VERTEX_POINT('',#704);
#704 = CARTESIAN_POINT('',(33.586376753487,117.61730379621,3.));
#705 = LINE('',#706,#707);
#706 = CARTESIAN_POINT('',(33.586376753487,117.61730379621,3.));
#707 = VECTOR('',#708,1.);
#708 = DIRECTION('',(0.548638821212,-0.446089053731,0.707106781187));
#709 = ORIENTED_EDGE('',*,*,#125,.T.);
#710 = ORIENTED_EDGE('',*,*,#653,.T.);
#711 = ORIENTED_EDGE('',*,*,#712,.F.);
#712 = EDGE_CURVE('',#703,#654,#713,.T.);
#713 = CIRCLE('',#714,150.);
#714 = AXIS2_PLACEMENT_3D('',#715,#716,#717);
#715 = CARTESIAN_POINT('',(149.97024602387,22.98752532424,3.));
#716 = DIRECTION('',(0.,0.,1.));
#717 = DIRECTION('',(-0.775892461803,0.630865189813,0.));
#718 = CONICAL_SURFACE('',#719,150.,0.785398163397);
#719 = AXIS2_PLACEMENT_3D('',#720,#721,#722);
#720 = CARTESIAN_POINT('',(149.97024602387,22.98752532424,3.));
#721 = DIRECTION('',(-0.,-0.,-1.));
#722 = DIRECTION('',(-0.775892461803,0.630865189813,0.));
#723 = ADVANCED_FACE('',(#724),#742,.T.);
#724 = FACE_BOUND('',#725,.F.);
#725 = EDGE_LOOP('',(#726,#727,#728,#736));
#726 = ORIENTED_EDGE('',*,*,#679,.F.);
#727 = ORIENTED_EDGE('',*,*,#143,.T.);
#728 = ORIENTED_EDGE('',*,*,#729,.T.);
#729 = EDGE_CURVE('',#135,#730,#732,.T.);
#730 = VERTEX_POINT('',#731);
#731 = CARTESIAN_POINT('',(49.104225989538,124.99999999994,3.));
#732 = LINE('',#733,#734);
#733 = CARTESIAN_POINT('',(49.104225989538,126.49999999994,1.5));
#734 = VECTOR('',#735,1.);
#735 = DIRECTION('',(0.,-0.707106781187,0.707106781187));
#736 = ORIENTED_EDGE('',*,*,#737,.F.);
#737 = EDGE_CURVE('',#680,#730,#738,.T.);
#738 = LINE('',#739,#740);
#739 = CARTESIAN_POINT('',(70.895774010462,124.99999999994,3.));
#740 = VECTOR('',#741,1.);
#741 = DIRECTION('',(-1.,-0.,-0.));
#742 = PLANE('',#743);
#743 = AXIS2_PLACEMENT_3D('',#744,#745,#746);
#744 = CARTESIAN_POINT('',(70.895774010462,126.49999999994,1.5));
#745 = DIRECTION('',(0.,-0.707106781187,-0.707106781187));
#746 = DIRECTION('',(1.,0.,0.));
#747 = ADVANCED_FACE('',(#748),#760,.F.);
#748 = FACE_BOUND('',#749,.F.);
#749 = EDGE_LOOP('',(#750,#751,#752,#753));
#750 = ORIENTED_EDGE('',*,*,#729,.F.);
#751 = ORIENTED_EDGE('',*,*,#134,.T.);
#752 = ORIENTED_EDGE('',*,*,#702,.T.);
#753 = ORIENTED_EDGE('',*,*,#754,.F.);
#754 = EDGE_CURVE('',#730,#703,#755,.T.);
#755 = CIRCLE('',#756,20.);
#756 = AXIS2_PLACEMENT_3D('',#757,#758,#759);
#757 = CARTESIAN_POINT('',(49.104225989538,104.99999999994,3.));
#758 = DIRECTION('',(0.,-0.,1.));
#759 = DIRECTION('',(0.,1.,0.));
#760 = CONICAL_SURFACE('',#761,20.,0.785398163397);
#761 = AXIS2_PLACEMENT_3D('',#762,#763,#764);
#762 = CARTESIAN_POINT('',(49.104225989538,104.99999999994,3.));
#763 = DIRECTION('',(-0.,-0.,-1.));
#764 = DIRECTION('',(0.,1.,0.));
#765 = ADVANCED_FACE('',(#766),#785,.F.);
#766 = FACE_BOUND('',#767,.T.);
#767 = EDGE_LOOP('',(#768,#776,#783,#784));
#768 = ORIENTED_EDGE('',*,*,#769,.T.);
#769 = EDGE_CURVE('',#178,#770,#772,.T.);
#770 = VERTEX_POINT('',#771);
#771 = CARTESIAN_POINT('',(21.500000000015,-6.,15.));
#772 = LINE('',#773,#774);
#773 = CARTESIAN_POINT('',(21.500000000015,-6.,0.));
#774 = VECTOR('',#775,1.);
#775 = DIRECTION('',(0.,0.,1.));
#776 = ORIENTED_EDGE('',*,*,#777,.T.);
#777 = EDGE_CURVE('',#770,#770,#778,.T.);
#778 = CIRCLE('',#779,1.5);
#779 = AXIS2_PLACEMENT_3D('',#780,#781,#782);
#780 = CARTESIAN_POINT('',(20.000000000015,-6.,15.));
#781 = DIRECTION('',(0.,0.,1.));
#782 = DIRECTION('',(1.,0.,0.));
#783 = ORIENTED_EDGE('',*,*,#769,.F.);
#784 = ORIENTED_EDGE('',*,*,#177,.F.);
#785 = CYLINDRICAL_SURFACE('',#786,1.5);
#786 = AXIS2_PLACEMENT_3D('',#787,#788,#789);
#787 = CARTESIAN_POINT('',(20.000000000015,-6.,0.));
#788 = DIRECTION('',(-0.,-0.,-1.));
#789 = DIRECTION('',(1.,0.,0.));
#790 = ADVANCED_FACE('',(#791),#810,.F.);
#791 = FACE_BOUND('',#792,.T.);
#792 = EDGE_LOOP('',(#793,#801,#808,#809));
#793 = ORIENTED_EDGE('',*,*,#794,.T.);
#794 = EDGE_CURVE('',#189,#795,#797,.T.);
#795 = VERTEX_POINT('',#796);
#796 = CARTESIAN_POINT('',(101.50000000001,-6.,15.));
#797 = LINE('',#798,#799);
#798 = CARTESIAN_POINT('',(101.50000000001,-6.,0.));
#799 = VECTOR('',#800,1.);
#800 = DIRECTION('',(0.,0.,1.));
#801 = ORIENTED_EDGE('',*,*,#802,.T.);
#802 = EDGE_CURVE('',#795,#795,#803,.T.);
#803 = CIRCLE('',#804,1.5);
#804 = AXIS2_PLACEMENT_3D('',#805,#806,#807);
#805 = CARTESIAN_POINT('',(100.00000000001,-6.,15.));
#806 = DIRECTION('',(0.,0.,1.));
#807 = DIRECTION('',(1.,0.,0.));
#808 = ORIENTED_EDGE('',*,*,#794,.F.);
#809 = ORIENTED_EDGE('',*,*,#188,.F.);
#810 = CYLINDRICAL_SURFACE('',#811,1.5);
#811 = AXIS2_PLACEMENT_3D('',#812,#813,#814);
#812 = CARTESIAN_POINT('',(100.00000000001,-6.,0.));
#813 = DIRECTION('',(-0.,-0.,-1.));
#814 = DIRECTION('',(1.,0.,0.));
#815 = ADVANCED_FACE('',(#816),#841,.T.);
#816 = FACE_BOUND('',#817,.T.);
#817 = EDGE_LOOP('',(#818,#826,#827,#835));
#818 = ORIENTED_EDGE('',*,*,#819,.F.);
#819 = EDGE_CURVE('',#200,#820,#822,.T.);
#820 = VERTEX_POINT('',#821);
#821 = CARTESIAN_POINT('',(130.,-9.,3.));
#822 = LINE('',#823,#824);
#823 = CARTESIAN_POINT('',(128.5,-9.,1.5));
#824 = VECTOR('',#825,1.);
#825 = DIRECTION('',(0.707106781187,0.,0.707106781187));
#826 = ORIENTED_EDGE('',*,*,#199,.T.);
#827 = ORIENTED_EDGE('',*,*,#828,.T.);
#828 = EDGE_CURVE('',#202,#829,#831,.T.);
#829 = VERTEX_POINT('',#830);
#830 = CARTESIAN_POINT('',(130.,19.9,3.));
#831 = LINE('',#832,#833);
#832 = CARTESIAN_POINT('',(128.5,19.9,1.5));
#833 = VECTOR('',#834,1.);
#834 = DIRECTION('',(0.707106781187,0.,0.707106781187));
#835 = ORIENTED_EDGE('',*,*,#836,.F.);
#836 = EDGE_CURVE('',#820,#829,#837,.T.);
#837 = LINE('',#838,#839);
#838 = CARTESIAN_POINT('',(130.,-9.,3.));
#839 = VECTOR('',#840,1.);
#840 = DIRECTION('',(0.,1.,0.));
#841 = PLANE('',#842);
#842 = AXIS2_PLACEMENT_3D('',#843,#844,#845);
#843 = CARTESIAN_POINT('',(128.5,-9.,1.5));
#844 = DIRECTION('',(0.707106781187,0.,-0.707106781187));
#845 = DIRECTION('',(0.,1.,0.));
#846 = ADVANCED_FACE('',(#847),#866,.T.);
#847 = FACE_BOUND('',#848,.T.);
#848 = EDGE_LOOP('',(#849,#857,#858,#859));
#849 = ORIENTED_EDGE('',*,*,#850,.F.);
#850 = EDGE_CURVE('',#305,#851,#853,.T.);
#851 = VERTEX_POINT('',#852);
#852 = CARTESIAN_POINT('',(124.,-15.,3.));
#853 = LINE('',#854,#855);
#854 = CARTESIAN_POINT('',(124.,-13.5,1.5));
#855 = VECTOR('',#856,1.);
#856 = DIRECTION('',(0.,-0.707106781187,0.707106781187));
#857 = ORIENTED_EDGE('',*,*,#312,.T.);
#858 = ORIENTED_EDGE('',*,*,#819,.T.);
#859 = ORIENTED_EDGE('',*,*,#860,.F.);
#860 = EDGE_CURVE('',#851,#820,#861,.T.);
#861 = CIRCLE('',#862,6.);
#862 = AXIS2_PLACEMENT_3D('',#863,#864,#865);
#863 = CARTESIAN_POINT('',(124.,-9.,3.));
#864 = DIRECTION('',(-0.,0.,1.));
#865 = DIRECTION('',(0.,-1.,0.));
#866 = CONICAL_SURFACE('',#867,6.,0.785398163397);
#867 = AXIS2_PLACEMENT_3D('',#868,#869,#870);
#868 = CARTESIAN_POINT('',(124.,-9.,3.));
#869 = DIRECTION('',(0.,0.,1.));
#870 = DIRECTION('',(0.,-1.,0.));
#871 = ADVANCED_FACE('',(#872),#891,.T.);
#872 = FACE_BOUND('',#873,.T.);
#873 = EDGE_LOOP('',(#874,#875,#876,#884));
#874 = ORIENTED_EDGE('',*,*,#828,.F.);
#875 = ORIENTED_EDGE('',*,*,#209,.T.);
#876 = ORIENTED_EDGE('',*,*,#877,.T.);
#877 = EDGE_CURVE('',#210,#878,#880,.T.);
#878 = VERTEX_POINT('',#879);
#879 = CARTESIAN_POINT('',(85.933608592912,133.29087606689,3.));
#880 = LINE('',#881,#882);
#881 = CARTESIAN_POINT('',(85.933608592912,133.29087606689,3.));
#882 = VECTOR('',#883,1.);
#883 = DIRECTION('',(0.512227139607,0.487466262884,0.707106781187));
#884 = ORIENTED_EDGE('',*,*,#885,.F.);
#885 = EDGE_CURVE('',#829,#878,#886,.T.);
#886 = CIRCLE('',#887,160.);
#887 = AXIS2_PLACEMENT_3D('',#888,#889,#890);
#888 = CARTESIAN_POINT('',(-29.97016226275,22.989852039754,3.));
#889 = DIRECTION('',(-0.,0.,1.));
#890 = DIRECTION('',(0.999813514142,-1.931157524846E-02,0.));
#891 = CONICAL_SURFACE('',#892,160.,0.785398163397);
#892 = AXIS2_PLACEMENT_3D('',#893,#894,#895);
#893 = CARTESIAN_POINT('',(-29.97016226275,22.989852039754,3.));
#894 = DIRECTION('',(0.,0.,1.));
#895 = DIRECTION('',(0.999813514142,-1.931157524846E-02,0.));
#896 = ADVANCED_FACE('',(#897),#915,.T.);
#897 = FACE_BOUND('',#898,.T.);
#898 = EDGE_LOOP('',(#899,#907,#908,#909));
#899 = ORIENTED_EDGE('',*,*,#900,.F.);
#900 = EDGE_CURVE('',#296,#901,#903,.T.);
#901 = VERTEX_POINT('',#902);
#902 = CARTESIAN_POINT('',(-3.999999999923,-15.,3.));
#903 = LINE('',#904,#905);
#904 = CARTESIAN_POINT('',(-3.999999999923,-15.,3.));
#905 = VECTOR('',#906,1.);
#906 = DIRECTION('',(-8.8E-16,-0.707106781187,0.707106781187));
#907 = ORIENTED_EDGE('',*,*,#304,.T.);
#908 = ORIENTED_EDGE('',*,*,#850,.T.);
#909 = ORIENTED_EDGE('',*,*,#910,.F.);
#910 = EDGE_CURVE('',#901,#851,#911,.T.);
#911 = LINE('',#912,#913);
#912 = CARTESIAN_POINT('',(-3.999999999923,-15.,3.));
#913 = VECTOR('',#914,1.);
#914 = DIRECTION('',(1.,0.,0.));
#915 = PLANE('',#916);
#916 = AXIS2_PLACEMENT_3D('',#917,#918,#919);
#917 = CARTESIAN_POINT('',(-3.999999999923,-13.5,1.5));
#918 = DIRECTION('',(0.,-0.707106781187,-0.707106781187));
#919 = DIRECTION('',(1.,0.,0.));
#920 = ADVANCED_FACE('',(#921),#940,.F.);
#921 = FACE_BOUND('',#922,.T.);
#922 = EDGE_LOOP('',(#923,#924,#925,#933));
#923 = ORIENTED_EDGE('',*,*,#877,.F.);
#924 = ORIENTED_EDGE('',*,*,#218,.T.);
#925 = ORIENTED_EDGE('',*,*,#926,.T.);
#926 = EDGE_CURVE('',#219,#927,#929,.T.);
#927 = VERTEX_POINT('',#928);
#928 = CARTESIAN_POINT('',(84.28,137.42716446791,3.));
#929 = LINE('',#930,#931);
#930 = CARTESIAN_POINT('',(84.28,137.42716446791,3.));
#931 = VECTOR('',#932,1.);
#932 = DIRECTION('',(0.707106781187,2.02E-15,0.707106781187));
#933 = ORIENTED_EDGE('',*,*,#934,.F.);
#934 = EDGE_CURVE('',#878,#927,#935,.T.);
#935 = CIRCLE('',#936,6.);
#936 = AXIS2_PLACEMENT_3D('',#937,#938,#939);
#937 = CARTESIAN_POINT('',(90.28,137.42716446791,3.));
#938 = DIRECTION('',(-0.,0.,-1.));
#939 = DIRECTION('',(-0.724398567848,-0.68938140017,0.));
#940 = CONICAL_SURFACE('',#941,6.,0.785398163397);
#941 = AXIS2_PLACEMENT_3D('',#942,#943,#944);
#942 = CARTESIAN_POINT('',(90.28,137.42716446791,3.));
#943 = DIRECTION('',(-0.,-0.,-1.));
#944 = DIRECTION('',(-0.724398567848,-0.68938140017,0.));
#945 = ADVANCED_FACE('',(#946),#965,.T.);
#946 = FACE_BOUND('',#947,.T.);
#947 = EDGE_LOOP('',(#948,#956,#957,#958));
#948 = ORIENTED_EDGE('',*,*,#949,.F.);
#949 = EDGE_CURVE('',#288,#950,#952,.T.);
#950 = VERTEX_POINT('',#951);
#951 = CARTESIAN_POINT('',(-9.999999999923,-9.,3.));
#952 = LINE('',#953,#954);
#953 = CARTESIAN_POINT('',(-8.499999999923,-9.,1.5));
#954 = VECTOR('',#955,1.);
#955 = DIRECTION('',(-0.707106781187,0.,0.707106781187));
#956 = ORIENTED_EDGE('',*,*,#295,.T.);
#957 = ORIENTED_EDGE('',*,*,#900,.T.);
#958 = ORIENTED_EDGE('',*,*,#959,.F.);
#959 = EDGE_CURVE('',#950,#901,#960,.T.);
#960 = CIRCLE('',#961,6.);
#961 = AXIS2_PLACEMENT_3D('',#962,#963,#964);
#962 = CARTESIAN_POINT('',(-3.999999999923,-9.,3.));
#963 = DIRECTION('',(0.,0.,1.));
#964 = DIRECTION('',(-1.,1.18E-15,0.));
#965 = CONICAL_SURFACE('',#966,6.,0.785398163397);
#966 = AXIS2_PLACEMENT_3D('',#967,#968,#969);
#967 = CARTESIAN_POINT('',(-3.999999999923,-9.,3.));
#968 = DIRECTION('',(0.,0.,1.));
#969 = DIRECTION('',(-1.,1.18E-15,0.));
#970 = ADVANCED_FACE('',(#971),#989,.F.);
#971 = FACE_BOUND('',#972,.T.);
#972 = EDGE_LOOP('',(#973,#974,#975,#983));
#973 = ORIENTED_EDGE('',*,*,#926,.F.);
#974 = ORIENTED_EDGE('',*,*,#227,.T.);
#975 = ORIENTED_EDGE('',*,*,#976,.T.);
#976 = EDGE_CURVE('',#228,#977,#979,.T.);
#977 = VERTEX_POINT('',#978);
#978 = CARTESIAN_POINT('',(84.28,140.99999999994,3.));
#979 = LINE('',#980,#981);
#980 = CARTESIAN_POINT('',(82.78,140.99999999994,1.5));
#981 = VECTOR('',#982,1.);
#982 = DIRECTION('',(0.707106781187,0.,0.707106781187));
#983 = ORIENTED_EDGE('',*,*,#984,.F.);
#984 = EDGE_CURVE('',#927,#977,#985,.T.);
#985 = LINE('',#986,#987);
#986 = CARTESIAN_POINT('',(84.28,137.42716446791,3.));
#987 = VECTOR('',#988,1.);
#988 = DIRECTION('',(0.,1.,0.));
#989 = PLANE('',#990);
#990 = AXIS2_PLACEMENT_3D('',#991,#992,#993);
#991 = CARTESIAN_POINT('',(82.78,137.42716446791,1.5));
#992 = DIRECTION('',(-0.707106781187,0.,0.707106781187));
#993 = DIRECTION('',(0.,-1.,0.));
#994 = ADVANCED_FACE('',(#995),#1013,.F.);
#995 = FACE_BOUND('',#996,.T.);
#996 = EDGE_LOOP('',(#997,#1005,#1006,#1007));
#997 = ORIENTED_EDGE('',*,*,#998,.F.);
#998 = EDGE_CURVE('',#279,#999,#1001,.T.);
#999 = VERTEX_POINT('',#1000);
#1000 = CARTESIAN_POINT('',(-9.999999999923,19.9,3.));
#1001 = LINE('',#1002,#1003);
#1002 = CARTESIAN_POINT('',(-9.999999999923,19.9,3.));
#1003 = VECTOR('',#1004,1.);
#1004 = DIRECTION('',(-0.706974915772,-1.365534581392E-02,0.707106781187
    ));
#1005 = ORIENTED_EDGE('',*,*,#287,.T.);
#1006 = ORIENTED_EDGE('',*,*,#949,.T.);
#1007 = ORIENTED_EDGE('',*,*,#1008,.F.);
#1008 = EDGE_CURVE('',#999,#950,#1009,.T.);
#1009 = LINE('',#1010,#1011);
#1010 = CARTESIAN_POINT('',(-9.999999999923,19.9,3.));
#1011 = VECTOR('',#1012,1.);
#1012 = DIRECTION('',(-0.,-1.,-0.));
#1013 = PLANE('',#1014);
#1014 = AXIS2_PLACEMENT_3D('',#1015,#1016,#1017);
#1015 = CARTESIAN_POINT('',(-8.499999999923,19.9,1.5));
#1016 = DIRECTION('',(0.707106781187,0.,0.707106781187));
#1017 = DIRECTION('',(0.,1.,0.));
#1018 = ADVANCED_FACE('',(#1019),#1038,.T.);
#1019 = FACE_BOUND('',#1020,.T.);
#1020 = EDGE_LOOP('',(#1021,#1022,#1023,#1031));
#1021 = ORIENTED_EDGE('',*,*,#976,.F.);
#1022 = ORIENTED_EDGE('',*,*,#235,.T.);
#1023 = ORIENTED_EDGE('',*,*,#1024,.T.);
#1024 = EDGE_CURVE('',#236,#1025,#1027,.T.);
#1025 = VERTEX_POINT('',#1026);
#1026 = CARTESIAN_POINT('',(78.28,146.99999999994,3.));
#1027 = LINE('',#1028,#1029);
#1028 = CARTESIAN_POINT('',(78.28,146.99999999994,3.));
#1029 = VECTOR('',#1030,1.);
#1030 = DIRECTION('',(4.E-17,0.707106781187,0.707106781187));
#1031 = ORIENTED_EDGE('',*,*,#1032,.F.);
#1032 = EDGE_CURVE('',#977,#1025,#1033,.T.);
#1033 = CIRCLE('',#1034,6.);
#1034 = AXIS2_PLACEMENT_3D('',#1035,#1036,#1037);
#1035 = CARTESIAN_POINT('',(78.28,140.99999999994,3.));
#1036 = DIRECTION('',(0.,0.,1.));
#1037 = DIRECTION('',(1.,0.,0.));
#1038 = CONICAL_SURFACE('',#1039,6.,0.785398163397);
#1039 = AXIS2_PLACEMENT_3D('',#1040,#1041,#1042);
#1040 = CARTESIAN_POINT('',(78.28,140.99999999994,3.));
#1041 = DIRECTION('',(0.,0.,1.));
#1042 = DIRECTION('',(1.,0.,0.));
#1043 = ADVANCED_FACE('',(#1044),#1063,.T.);
#1044 = FACE_BOUND('',#1045,.T.);
#1045 = EDGE_LOOP('',(#1046,#1054,#1055,#1056));
#1046 = ORIENTED_EDGE('',*,*,#1047,.F.);
#1047 = EDGE_CURVE('',#270,#1048,#1050,.T.);
#1048 = VERTEX_POINT('',#1049);
#1049 = CARTESIAN_POINT('',(34.06639140709,133.29087606689,3.));
#1050 = LINE('',#1051,#1052);
#1051 = CARTESIAN_POINT('',(34.06639140709,133.29087606689,3.));
#1052 = VECTOR('',#1053,1.);
#1053 = DIRECTION('',(-0.512227139607,0.487466262884,0.707106781187));
#1054 = ORIENTED_EDGE('',*,*,#278,.T.);
#1055 = ORIENTED_EDGE('',*,*,#998,.T.);
#1056 = ORIENTED_EDGE('',*,*,#1057,.F.);
#1057 = EDGE_CURVE('',#1048,#999,#1058,.T.);
#1058 = CIRCLE('',#1059,160.);
#1059 = AXIS2_PLACEMENT_3D('',#1060,#1061,#1062);
#1060 = CARTESIAN_POINT('',(149.97016226283,22.989852039831,3.));
#1061 = DIRECTION('',(0.,0.,1.));
#1062 = DIRECTION('',(-0.724398567848,0.689381400169,0.));
#1063 = CONICAL_SURFACE('',#1064,160.,0.785398163397);
#1064 = AXIS2_PLACEMENT_3D('',#1065,#1066,#1067);
#1065 = CARTESIAN_POINT('',(149.97016226283,22.989852039831,3.));
#1066 = DIRECTION('',(0.,0.,1.));
#1067 = DIRECTION('',(-0.724398567848,0.689381400169,0.));
#1068 = ADVANCED_FACE('',(#1069),#1087,.F.);
#1069 = FACE_BOUND('',#1070,.T.);
#1070 = EDGE_LOOP('',(#1071,#1072,#1073,#1081));
#1071 = ORIENTED_EDGE('',*,*,#1024,.F.);
#1072 = ORIENTED_EDGE('',*,*,#244,.T.);
#1073 = ORIENTED_EDGE('',*,*,#1074,.T.);
#1074 = EDGE_CURVE('',#245,#1075,#1077,.T.);
#1075 = VERTEX_POINT('',#1076);
#1076 = CARTESIAN_POINT('',(41.72,146.99999999994,3.));
#1077 = LINE('',#1078,#1079);
#1078 = CARTESIAN_POINT('',(41.72,145.49999999994,1.5));
#1079 = VECTOR('',#1080,1.);
#1080 = DIRECTION('',(0.,0.707106781187,0.707106781187));
#1081 = ORIENTED_EDGE('',*,*,#1082,.F.);
#1082 = EDGE_CURVE('',#1025,#1075,#1083,.T.);
#1083 = LINE('',#1084,#1085);
#1084 = CARTESIAN_POINT('',(78.28,146.99999999994,3.));
#1085 = VECTOR('',#1086,1.);
#1086 = DIRECTION('',(-1.,-0.,-0.));
#1087 = PLANE('',#1088);
#1088 = AXIS2_PLACEMENT_3D('',#1089,#1090,#1091);
#1089 = CARTESIAN_POINT('',(78.28,145.49999999994,1.5));
#1090 = DIRECTION('',(0.,-0.707106781187,0.707106781187));
#1091 = DIRECTION('',(1.,0.,0.));
#1092 = ADVANCED_FACE('',(#1093),#1112,.F.);
#1093 = FACE_BOUND('',#1094,.T.);
#1094 = EDGE_LOOP('',(#1095,#1103,#1104,#1105));
#1095 = ORIENTED_EDGE('',*,*,#1096,.F.);
#1096 = EDGE_CURVE('',#262,#1097,#1099,.T.);
#1097 = VERTEX_POINT('',#1098);
#1098 = CARTESIAN_POINT('',(35.72,137.42716446791,3.));
#1099 = LINE('',#1100,#1101);
#1100 = CARTESIAN_POINT('',(37.22,137.42716446791,1.5));
#1101 = VECTOR('',#1102,1.);
#1102 = DIRECTION('',(-0.707106781187,0.,0.707106781187));
#1103 = ORIENTED_EDGE('',*,*,#269,.T.);
#1104 = ORIENTED_EDGE('',*,*,#1047,.T.);
#1105 = ORIENTED_EDGE('',*,*,#1106,.F.);
#1106 = EDGE_CURVE('',#1097,#1048,#1107,.T.);
#1107 = CIRCLE('',#1108,6.);
#1108 = AXIS2_PLACEMENT_3D('',#1109,#1110,#1111);
#1109 = CARTESIAN_POINT('',(29.72,137.42716446791,3.));
#1110 = DIRECTION('',(0.,0.,-1.));
#1111 = DIRECTION('',(1.,0.,0.));
#1112 = CONICAL_SURFACE('',#1113,6.,0.785398163397);
#1113 = AXIS2_PLACEMENT_3D('',#1114,#1115,#1116);
#1114 = CARTESIAN_POINT('',(29.72,137.42716446791,3.));
#1115 = DIRECTION('',(-0.,-0.,-1.));
#1116 = DIRECTION('',(1.,0.,0.));
#1117 = ADVANCED_FACE('',(#1118),#1137,.T.);
#1118 = FACE_BOUND('',#1119,.T.);
#1119 = EDGE_LOOP('',(#1120,#1121,#1122,#1130));
#1120 = ORIENTED_EDGE('',*,*,#1074,.F.);
#1121 = ORIENTED_EDGE('',*,*,#252,.T.);
#1122 = ORIENTED_EDGE('',*,*,#1123,.T.);
#1123 = EDGE_CURVE('',#253,#1124,#1126,.T.);
#1124 = VERTEX_POINT('',#1125);
#1125 = CARTESIAN_POINT('',(35.72,140.99999999994,3.));
#1126 = LINE('',#1127,#1128);
#1127 = CARTESIAN_POINT('',(35.72,140.99999999994,3.));
#1128 = VECTOR('',#1129,1.);
#1129 = DIRECTION('',(-0.707106781187,4.E-17,0.707106781187));
#1130 = ORIENTED_EDGE('',*,*,#1131,.F.);
#1131 = EDGE_CURVE('',#1075,#1124,#1132,.T.);
#1132 = CIRCLE('',#1133,6.);
#1133 = AXIS2_PLACEMENT_3D('',#1134,#1135,#1136);
#1134 = CARTESIAN_POINT('',(41.72,140.99999999994,3.));
#1135 = DIRECTION('',(0.,-0.,1.));
#1136 = DIRECTION('',(0.,1.,0.));
#1137 = CONICAL_SURFACE('',#1138,6.,0.785398163397);
#1138 = AXIS2_PLACEMENT_3D('',#1139,#1140,#1141);
#1139 = CARTESIAN_POINT('',(41.72,140.99999999994,3.));
#1140 = DIRECTION('',(0.,0.,1.));
#1141 = DIRECTION('',(0.,1.,0.));
#1142 = ADVANCED_FACE('',(#1143),#1154,.F.);
#1143 = FACE_BOUND('',#1144,.T.);
#1144 = EDGE_LOOP('',(#1145,#1146,#1147,#1148));
#1145 = ORIENTED_EDGE('',*,*,#1123,.F.);
#1146 = ORIENTED_EDGE('',*,*,#261,.T.);
#1147 = ORIENTED_EDGE('',*,*,#1096,.T.);
#1148 = ORIENTED_EDGE('',*,*,#1149,.F.);
#1149 = EDGE_CURVE('',#1124,#1097,#1150,.T.);
#1150 = LINE('',#1151,#1152);
#1151 = CARTESIAN_POINT('',(35.72,140.99999999994,3.));
#1152 = VECTOR('',#1153,1.);
#1153 = DIRECTION('',(-0.,-1.,-0.));
#1154 = PLANE('',#1155);
#1155 = AXIS2_PLACEMENT_3D('',#1156,#1157,#1158);
#1156 = CARTESIAN_POINT('',(37.22,140.99999999994,1.5));
#1157 = DIRECTION('',(0.707106781187,0.,0.707106781187));
#1158 = DIRECTION('',(0.,1.,0.));
#1159 = ADVANCED_FACE('',(#1160),#1185,.T.);
#1160 = FACE_BOUND('',#1161,.T.);
#1161 = EDGE_LOOP('',(#1162,#1170,#1178,#1184));
#1162 = ORIENTED_EDGE('',*,*,#1163,.T.);
#1163 = EDGE_CURVE('',#328,#1164,#1166,.T.);
#1164 = VERTEX_POINT('',#1165);
#1165 = CARTESIAN_POINT('',(69.999999999986,139.99999999994,13.));
#1166 = LINE('',#1167,#1168);
#1167 = CARTESIAN_POINT('',(69.999999999986,139.99999999994,0.));
#1168 = VECTOR('',#1169,1.);
#1169 = DIRECTION('',(0.,0.,1.));
#1170 = ORIENTED_EDGE('',*,*,#1171,.T.);
#1171 = EDGE_CURVE('',#1164,#1172,#1174,.T.);
#1172 = VERTEX_POINT('',#1173);
#1173 = CARTESIAN_POINT('',(49.999999999986,139.99999999994,13.));
#1174 = LINE('',#1175,#1176);
#1175 = CARTESIAN_POINT('',(69.999999999986,139.99999999994,13.));
#1176 = VECTOR('',#1177,1.);
#1177 = DIRECTION('',(-1.,0.,0.));
#1178 = ORIENTED_EDGE('',*,*,#1179,.F.);
#1179 = EDGE_CURVE('',#337,#1172,#1180,.T.);
#1180 = LINE('',#1181,#1182);
#1181 = CARTESIAN_POINT('',(49.999999999986,139.99999999994,0.));
#1182 = VECTOR('',#1183,1.);
#1183 = DIRECTION('',(0.,0.,1.));
#1184 = ORIENTED_EDGE('',*,*,#344,.F.);
#1185 = PLANE('',#1186);
#1186 = AXIS2_PLACEMENT_3D('',#1187,#1188,#1189);
#1187 = CARTESIAN_POINT('',(69.999999999986,139.99999999994,0.));
#1188 = DIRECTION('',(0.,-1.,0.));
#1189 = DIRECTION('',(-1.,0.,0.));
#1190 = ADVANCED_FACE('',(#1191),#1210,.F.);
#1191 = FACE_BOUND('',#1192,.T.);
#1192 = EDGE_LOOP('',(#1193,#1201,#1208,#1209));
#1193 = ORIENTED_EDGE('',*,*,#1194,.T.);
#1194 = EDGE_CURVE('',#359,#1195,#1197,.T.);
#1195 = VERTEX_POINT('',#1196);
#1196 = CARTESIAN_POINT('',(72.999999999986,136.99999999994,13.));
#1197 = LINE('',#1198,#1199);
#1198 = CARTESIAN_POINT('',(72.999999999986,136.99999999994,0.));
#1199 = VECTOR('',#1200,1.);
#1200 = DIRECTION('',(0.,0.,1.));
#1201 = ORIENTED_EDGE('',*,*,#1202,.T.);
#1202 = EDGE_CURVE('',#1195,#1164,#1203,.T.);
#1203 = CIRCLE('',#1204,3.);
#1204 = AXIS2_PLACEMENT_3D('',#1205,#1206,#1207);
#1205 = CARTESIAN_POINT('',(69.999999999986,136.99999999994,13.));
#1206 = DIRECTION('',(0.,0.,1.));
#1207 = DIRECTION('',(1.,0.,-0.));
#1208 = ORIENTED_EDGE('',*,*,#1163,.F.);
#1209 = ORIENTED_EDGE('',*,*,#368,.F.);
#1210 = CYLINDRICAL_SURFACE('',#1211,3.);
#1211 = AXIS2_PLACEMENT_3D('',#1212,#1213,#1214);
#1212 = CARTESIAN_POINT('',(69.999999999986,136.99999999994,0.));
#1213 = DIRECTION('',(-0.,-0.,-1.));
#1214 = DIRECTION('',(1.,0.,0.));
#1215 = ADVANCED_FACE('',(#1216),#1235,.F.);
#1216 = FACE_BOUND('',#1217,.T.);
#1217 = EDGE_LOOP('',(#1218,#1219,#1228,#1234));
#1218 = ORIENTED_EDGE('',*,*,#1179,.T.);
#1219 = ORIENTED_EDGE('',*,*,#1220,.T.);
#1220 = EDGE_CURVE('',#1172,#1221,#1223,.T.);
#1221 = VERTEX_POINT('',#1222);
#1222 = CARTESIAN_POINT('',(46.999999999986,136.99999999994,13.));
#1223 = CIRCLE('',#1224,3.);
#1224 = AXIS2_PLACEMENT_3D('',#1225,#1226,#1227);
#1225 = CARTESIAN_POINT('',(49.999999999986,136.99999999994,13.));
#1226 = DIRECTION('',(0.,-0.,1.));
#1227 = DIRECTION('',(0.,1.,0.));
#1228 = ORIENTED_EDGE('',*,*,#1229,.F.);
#1229 = EDGE_CURVE('',#386,#1221,#1230,.T.);
#1230 = LINE('',#1231,#1232);
#1231 = CARTESIAN_POINT('',(46.999999999986,136.99999999994,0.));
#1232 = VECTOR('',#1233,1.);
#1233 = DIRECTION('',(0.,0.,1.));
#1234 = ORIENTED_EDGE('',*,*,#393,.F.);
#1235 = CYLINDRICAL_SURFACE('',#1236,3.);
#1236 = AXIS2_PLACEMENT_3D('',#1237,#1238,#1239);
#1237 = CARTESIAN_POINT('',(49.999999999986,136.99999999994,0.));
#1238 = DIRECTION('',(-0.,-0.,-1.));
#1239 = DIRECTION('',(1.,0.,0.));
#1240 = ADVANCED_FACE('',(#1241),#1259,.T.);
#1241 = FACE_BOUND('',#1242,.T.);
#1242 = EDGE_LOOP('',(#1243,#1251,#1257,#1258));
#1243 = ORIENTED_EDGE('',*,*,#1244,.T.);
#1244 = EDGE_CURVE('',#409,#1245,#1247,.T.);
#1245 = VERTEX_POINT('',#1246);
#1246 = CARTESIAN_POINT('',(72.999999999986,134.99999999994,13.));
#1247 = LINE('',#1248,#1249);
#1248 = CARTESIAN_POINT('',(72.999999999986,134.99999999994,0.));
#1249 = VECTOR('',#1250,1.);
#1250 = DIRECTION('',(0.,0.,1.));
#1251 = ORIENTED_EDGE('',*,*,#1252,.T.);
#1252 = EDGE_CURVE('',#1245,#1195,#1253,.T.);
#1253 = LINE('',#1254,#1255);
#1254 = CARTESIAN_POINT('',(72.999999999986,134.99999999994,13.));
#1255 = VECTOR('',#1256,1.);
#1256 = DIRECTION('',(0.,1.,0.));
#1257 = ORIENTED_EDGE('',*,*,#1194,.F.);
#1258 = ORIENTED_EDGE('',*,*,#418,.F.);
#1259 = PLANE('',#1260);
#1260 = AXIS2_PLACEMENT_3D('',#1261,#1262,#1263);
#1261 = CARTESIAN_POINT('',(72.999999999986,134.99999999994,0.));
#1262 = DIRECTION('',(-1.,0.,0.));
#1263 = DIRECTION('',(0.,1.,0.));
#1264 = ADVANCED_FACE('',(#1265),#1283,.T.);
#1265 = FACE_BOUND('',#1266,.T.);
#1266 = EDGE_LOOP('',(#1267,#1268,#1276,#1282));
#1267 = ORIENTED_EDGE('',*,*,#1229,.T.);
#1268 = ORIENTED_EDGE('',*,*,#1269,.T.);
#1269 = EDGE_CURVE('',#1221,#1270,#1272,.T.);
#1270 = VERTEX_POINT('',#1271);
#1271 = CARTESIAN_POINT('',(46.999999999986,134.99999999994,13.));
#1272 = LINE('',#1273,#1274);
#1273 = CARTESIAN_POINT('',(46.999999999986,136.99999999994,13.));
#1274 = VECTOR('',#1275,1.);
#1275 = DIRECTION('',(0.,-1.,0.));
#1276 = ORIENTED_EDGE('',*,*,#1277,.F.);
#1277 = EDGE_CURVE('',#435,#1270,#1278,.T.);
#1278 = LINE('',#1279,#1280);
#1279 = CARTESIAN_POINT('',(46.999999999986,134.99999999994,0.));
#1280 = VECTOR('',#1281,1.);
#1281 = DIRECTION('',(0.,0.,1.));
#1282 = ORIENTED_EDGE('',*,*,#442,.F.);
#1283 = PLANE('',#1284);
#1284 = AXIS2_PLACEMENT_3D('',#1285,#1286,#1287);
#1285 = CARTESIAN_POINT('',(46.999999999986,136.99999999994,0.));
#1286 = DIRECTION('',(1.,0.,0.));
#1287 = DIRECTION('',(0.,-1.,0.));
#1288 = ADVANCED_FACE('',(#1289),#1308,.F.);
#1289 = FACE_BOUND('',#1290,.T.);
#1290 = EDGE_LOOP('',(#1291,#1299,#1306,#1307));
#1291 = ORIENTED_EDGE('',*,*,#1292,.T.);
#1292 = EDGE_CURVE('',#457,#1293,#1295,.T.);
#1293 = VERTEX_POINT('',#1294);
#1294 = CARTESIAN_POINT('',(69.999999999986,131.99999999994,13.));
#1295 = LINE('',#1296,#1297);
#1296 = CARTESIAN_POINT('',(69.999999999986,131.99999999994,0.));
#1297 = VECTOR('',#1298,1.);
#1298 = DIRECTION('',(0.,0.,1.));
#1299 = ORIENTED_EDGE('',*,*,#1300,.T.);
#1300 = EDGE_CURVE('',#1293,#1245,#1301,.T.);
#1301 = CIRCLE('',#1302,3.);
#1302 = AXIS2_PLACEMENT_3D('',#1303,#1304,#1305);
#1303 = CARTESIAN_POINT('',(69.999999999986,134.99999999994,13.));
#1304 = DIRECTION('',(-0.,0.,1.));
#1305 = DIRECTION('',(0.,-1.,0.));
#1306 = ORIENTED_EDGE('',*,*,#1244,.F.);
#1307 = ORIENTED_EDGE('',*,*,#466,.F.);
#1308 = CYLINDRICAL_SURFACE('',#1309,3.);
#1309 = AXIS2_PLACEMENT_3D('',#1310,#1311,#1312);
#1310 = CARTESIAN_POINT('',(69.999999999986,134.99999999994,0.));
#1311 = DIRECTION('',(-0.,-0.,-1.));
#1312 = DIRECTION('',(1.,0.,0.));
#1313 = ADVANCED_FACE('',(#1314),#1333,.F.);
#1314 = FACE_BOUND('',#1315,.T.);
#1315 = EDGE_LOOP('',(#1316,#1317,#1326,#1332));
#1316 = ORIENTED_EDGE('',*,*,#1277,.T.);
#1317 = ORIENTED_EDGE('',*,*,#1318,.T.);
#1318 = EDGE_CURVE('',#1270,#1319,#1321,.T.);
#1319 = VERTEX_POINT('',#1320);
#1320 = CARTESIAN_POINT('',(49.999999999986,131.99999999994,13.));
#1321 = CIRCLE('',#1322,3.);
#1322 = AXIS2_PLACEMENT_3D('',#1323,#1324,#1325);
#1323 = CARTESIAN_POINT('',(49.999999999986,134.99999999994,13.));
#1324 = DIRECTION('',(0.,0.,1.));
#1325 = DIRECTION('',(-1.,0.,0.));
#1326 = ORIENTED_EDGE('',*,*,#1327,.F.);
#1327 = EDGE_CURVE('',#484,#1319,#1328,.T.);
#1328 = LINE('',#1329,#1330);
#1329 = CARTESIAN_POINT('',(49.999999999986,131.99999999994,0.));
#1330 = VECTOR('',#1331,1.);
#1331 = DIRECTION('',(0.,0.,1.));
#1332 = ORIENTED_EDGE('',*,*,#491,.F.);
#1333 = CYLINDRICAL_SURFACE('',#1334,3.);
#1334 = AXIS2_PLACEMENT_3D('',#1335,#1336,#1337);
#1335 = CARTESIAN_POINT('',(49.999999999986,134.99999999994,0.));
#1336 = DIRECTION('',(-0.,-0.,-1.));
#1337 = DIRECTION('',(1.,0.,0.));
#1338 = ADVANCED_FACE('',(#1339),#1350,.T.);
#1339 = FACE_BOUND('',#1340,.T.);
#1340 = EDGE_LOOP('',(#1341,#1342,#1348,#1349));
#1341 = ORIENTED_EDGE('',*,*,#1327,.T.);
#1342 = ORIENTED_EDGE('',*,*,#1343,.T.);
#1343 = EDGE_CURVE('',#1319,#1293,#1344,.T.);
#1344 = LINE('',#1345,#1346);
#1345 = CARTESIAN_POINT('',(49.999999999986,131.99999999994,13.));
#1346 = VECTOR('',#1347,1.);
#1347 = DIRECTION('',(1.,0.,0.));
#1348 = ORIENTED_EDGE('',*,*,#1292,.F.);
#1349 = ORIENTED_EDGE('',*,*,#509,.F.);
#1350 = PLANE('',#1351);
#1351 = AXIS2_PLACEMENT_3D('',#1352,#1353,#1354);
#1352 = CARTESIAN_POINT('',(49.999999999986,131.99999999994,0.));
#1353 = DIRECTION('',(0.,1.,0.));
#1354 = DIRECTION('',(1.,0.,0.));
#1355 = ADVANCED_FACE('',(#1356),#1374,.F.);
#1356 = FACE_BOUND('',#1357,.F.);
#1357 = EDGE_LOOP('',(#1358,#1359,#1367,#1373));
#1358 = ORIENTED_EDGE('',*,*,#523,.T.);
#1359 = ORIENTED_EDGE('',*,*,#1360,.F.);
#1360 = EDGE_CURVE('',#1361,#526,#1363,.T.);
#1361 = VERTEX_POINT('',#1362);
#1362 = CARTESIAN_POINT('',(7.7335E-11,20.000000000002,12.));
#1363 = LINE('',#1364,#1365);
#1364 = CARTESIAN_POINT('',(7.733595E-11,20.000000000002,12.));
#1365 = VECTOR('',#1366,1.);
#1366 = DIRECTION('',(-3.86677E-12,-1.,-0.));
#1367 = ORIENTED_EDGE('',*,*,#1368,.F.);
#1368 = EDGE_CURVE('',#654,#1361,#1369,.T.);
#1369 = LINE('',#1370,#1371);
#1370 = CARTESIAN_POINT('',(7.733547E-11,20.000000000002,0.));
#1371 = VECTOR('',#1372,1.);
#1372 = DIRECTION('',(0.,0.,1.));
#1373 = ORIENTED_EDGE('',*,*,#663,.T.);
#1374 = PLANE('',#1375);
#1375 = AXIS2_PLACEMENT_3D('',#1376,#1377,#1378);
#1376 = CARTESIAN_POINT('',(0.,0.,0.));
#1377 = DIRECTION('',(-1.,3.86677E-12,0.));
#1378 = DIRECTION('',(3.86677E-12,1.,0.));
#1379 = ADVANCED_FACE('',(#1380),#1398,.F.);
#1380 = FACE_BOUND('',#1381,.F.);
#1381 = EDGE_LOOP('',(#1382,#1390,#1391,#1392));
#1382 = ORIENTED_EDGE('',*,*,#1383,.F.);
#1383 = EDGE_CURVE('',#1361,#1384,#1386,.T.);
#1384 = VERTEX_POINT('',#1385);
#1385 = CARTESIAN_POINT('',(-2.999404920399,19.940249493517,15.));
#1386 = LINE('',#1387,#1388);
#1387 = CARTESIAN_POINT('',(7.733547E-11,20.000000000002,12.));
#1388 = VECTOR('',#1389,1.);
#1389 = DIRECTION('',(-0.706966519598,-1.408332943824E-02,0.707106781187
    ));
#1390 = ORIENTED_EDGE('',*,*,#1360,.T.);
#1391 = ORIENTED_EDGE('',*,*,#533,.T.);
#1392 = ORIENTED_EDGE('',*,*,#1393,.F.);
#1393 = EDGE_CURVE('',#1384,#534,#1394,.T.);
#1394 = LINE('',#1395,#1396);
#1395 = CARTESIAN_POINT('',(-2.999999999923,20.000000000013,15.));
#1396 = VECTOR('',#1397,1.);
#1397 = DIRECTION('',(-3.86677E-12,-1.,-0.));
#1398 = PLANE('',#1399);
#1399 = AXIS2_PLACEMENT_3D('',#1400,#1401,#1402);
#1400 = CARTESIAN_POINT('',(-1.499999999923,20.000000000007,13.5));
#1401 = DIRECTION('',(-0.707106781187,2.73422E-12,-0.707106781187));
#1402 = DIRECTION('',(-3.866770503256E-12,-1.,-5.032558818543E-19));
#1403 = ADVANCED_FACE('',(#1404,#1474,#1530,#1533,#1536),#1658,.T.);
#1404 = FACE_BOUND('',#1405,.T.);
#1405 = EDGE_LOOP('',(#1406,#1416,#1425,#1433,#1442,#1450,#1459,#1467));
#1406 = ORIENTED_EDGE('',*,*,#1407,.F.);
#1407 = EDGE_CURVE('',#1408,#1410,#1412,.T.);
#1408 = VERTEX_POINT('',#1409);
#1409 = CARTESIAN_POINT('',(49.999999999986,129.99999999994,15.));
#1410 = VERTEX_POINT('',#1411);
#1411 = CARTESIAN_POINT('',(69.999999999986,129.99999999994,15.));
#1412 = LINE('',#1413,#1414);
#1413 = CARTESIAN_POINT('',(49.999999999986,129.99999999994,15.));
#1414 = VECTOR('',#1415,1.);
#1415 = DIRECTION('',(1.,0.,0.));
#1416 = ORIENTED_EDGE('',*,*,#1417,.F.);
#1417 = EDGE_CURVE('',#1418,#1408,#1420,.T.);
#1418 = VERTEX_POINT('',#1419);
#1419 = CARTESIAN_POINT('',(44.999999999986,134.99999999994,15.));
#1420 = CIRCLE('',#1421,5.);
#1421 = AXIS2_PLACEMENT_3D('',#1422,#1423,#1424);
#1422 = CARTESIAN_POINT('',(49.999999999986,134.99999999994,15.));
#1423 = DIRECTION('',(0.,0.,1.));
#1424 = DIRECTION('',(-1.,0.,0.));
#1425 = ORIENTED_EDGE('',*,*,#1426,.F.);
#1426 = EDGE_CURVE('',#1427,#1418,#1429,.T.);
#1427 = VERTEX_POINT('',#1428);
#1428 = CARTESIAN_POINT('',(44.999999999986,136.99999999994,15.));
#1429 = LINE('',#1430,#1431);
#1430 = CARTESIAN_POINT('',(44.999999999986,136.99999999994,15.));
#1431 = VECTOR('',#1432,1.);
#1432 = DIRECTION('',(0.,-1.,0.));
#1433 = ORIENTED_EDGE('',*,*,#1434,.F.);
#1434 = EDGE_CURVE('',#1435,#1427,#1437,.T.);
#1435 = VERTEX_POINT('',#1436);
#1436 = CARTESIAN_POINT('',(49.999999999986,141.99999999994,15.));
#1437 = CIRCLE('',#1438,5.);
#1438 = AXIS2_PLACEMENT_3D('',#1439,#1440,#1441);
#1439 = CARTESIAN_POINT('',(49.999999999986,136.99999999994,15.));
#1440 = DIRECTION('',(0.,-0.,1.));
#1441 = DIRECTION('',(0.,1.,0.));
#1442 = ORIENTED_EDGE('',*,*,#1443,.F.);
#1443 = EDGE_CURVE('',#1444,#1435,#1446,.T.);
#1444 = VERTEX_POINT('',#1445);
#1445 = CARTESIAN_POINT('',(69.999999999986,141.99999999994,15.));
#1446 = LINE('',#1447,#1448);
#1447 = CARTESIAN_POINT('',(69.999999999986,141.99999999994,15.));
#1448 = VECTOR('',#1449,1.);
#1449 = DIRECTION('',(-1.,0.,0.));
#1450 = ORIENTED_EDGE('',*,*,#1451,.F.);
#1451 = EDGE_CURVE('',#1452,#1444,#1454,.T.);
#1452 = VERTEX_POINT('',#1453);
#1453 = CARTESIAN_POINT('',(74.999999999986,136.99999999994,15.));
#1454 = CIRCLE('',#1455,5.);
#1455 = AXIS2_PLACEMENT_3D('',#1456,#1457,#1458);
#1456 = CARTESIAN_POINT('',(69.999999999986,136.99999999994,15.));
#1457 = DIRECTION('',(0.,0.,1.));
#1458 = DIRECTION('',(1.,0.,-0.));
#1459 = ORIENTED_EDGE('',*,*,#1460,.F.);
#1460 = EDGE_CURVE('',#1461,#1452,#1463,.T.);
#1461 = VERTEX_POINT('',#1462);
#1462 = CARTESIAN_POINT('',(74.999999999986,134.99999999994,15.));
#1463 = LINE('',#1464,#1465);
#1464 = CARTESIAN_POINT('',(74.999999999986,134.99999999994,15.));
#1465 = VECTOR('',#1466,1.);
#1466 = DIRECTION('',(0.,1.,0.));
#1467 = ORIENTED_EDGE('',*,*,#1468,.F.);
#1468 = EDGE_CURVE('',#1410,#1461,#1469,.T.);
#1469 = CIRCLE('',#1470,5.);
#1470 = AXIS2_PLACEMENT_3D('',#1471,#1472,#1473);
#1471 = CARTESIAN_POINT('',(69.999999999986,134.99999999994,15.));
#1472 = DIRECTION('',(-0.,0.,1.));
#1473 = DIRECTION('',(0.,-1.,0.));
#1474 = FACE_BOUND('',#1475,.T.);
#1475 = EDGE_LOOP('',(#1476,#1477,#1478,#1479,#1480,#1489,#1498,#1506,
    #1515,#1524));
#1476 = ORIENTED_EDGE('',*,*,#557,.F.);
#1477 = ORIENTED_EDGE('',*,*,#549,.F.);
#1478 = ORIENTED_EDGE('',*,*,#541,.T.);
#1479 = ORIENTED_EDGE('',*,*,#1393,.F.);
#1480 = ORIENTED_EDGE('',*,*,#1481,.F.);
#1481 = EDGE_CURVE('',#1482,#1384,#1484,.T.);
#1482 = VERTEX_POINT('',#1483);
#1483 = CARTESIAN_POINT('',(31.258699368079,119.50989936564,15.));
#1484 = CIRCLE('',#1485,153.);
#1485 = AXIS2_PLACEMENT_3D('',#1486,#1487,#1488);
#1486 = CARTESIAN_POINT('',(149.97024602387,22.98752532424,15.));
#1487 = DIRECTION('',(0.,0.,1.));
#1488 = DIRECTION('',(-0.775892461803,0.630865189813,0.));
#1489 = ORIENTED_EDGE('',*,*,#1490,.F.);
#1490 = EDGE_CURVE('',#1491,#1482,#1493,.T.);
#1491 = VERTEX_POINT('',#1492);
#1492 = CARTESIAN_POINT('',(49.104225989538,127.99999999994,15.));
#1493 = CIRCLE('',#1494,23.);
#1494 = AXIS2_PLACEMENT_3D('',#1495,#1496,#1497);
#1495 = CARTESIAN_POINT('',(49.104225989538,104.99999999994,15.));
#1496 = DIRECTION('',(0.,-0.,1.));
#1497 = DIRECTION('',(0.,1.,0.));
#1498 = ORIENTED_EDGE('',*,*,#1499,.F.);
#1499 = EDGE_CURVE('',#1500,#1491,#1502,.T.);
#1500 = VERTEX_POINT('',#1501);
#1501 = CARTESIAN_POINT('',(70.895774010462,127.99999999994,15.));
#1502 = LINE('',#1503,#1504);
#1503 = CARTESIAN_POINT('',(70.895774010462,127.99999999994,15.));
#1504 = VECTOR('',#1505,1.);
#1505 = DIRECTION('',(-1.,-0.,-0.));
#1506 = ORIENTED_EDGE('',*,*,#1507,.F.);
#1507 = EDGE_CURVE('',#1508,#1500,#1510,.T.);
#1508 = VERTEX_POINT('',#1509);
#1509 = CARTESIAN_POINT('',(88.741300631921,119.50989936564,15.));
#1510 = CIRCLE('',#1511,23.);
#1511 = AXIS2_PLACEMENT_3D('',#1512,#1513,#1514);
#1512 = CARTESIAN_POINT('',(70.895774010462,104.99999999994,15.));
#1513 = DIRECTION('',(0.,-0.,1.));
#1514 = DIRECTION('',(0.775892461803,0.630865189813,0.));
#1515 = ORIENTED_EDGE('',*,*,#1516,.F.);
#1516 = EDGE_CURVE('',#1517,#1508,#1519,.T.);
#1517 = VERTEX_POINT('',#1518);
#1518 = CARTESIAN_POINT('',(123.,20.000000000001,15.));
#1519 = CIRCLE('',#1520,153.);
#1520 = AXIS2_PLACEMENT_3D('',#1521,#1522,#1523);
#1521 = CARTESIAN_POINT('',(-29.97024602387,22.98752532424,15.));
#1522 = DIRECTION('',(-0.,0.,1.));
#1523 = DIRECTION('',(0.999801640159,-1.991683549492E-02,0.));
#1524 = ORIENTED_EDGE('',*,*,#1525,.F.);
#1525 = EDGE_CURVE('',#558,#1517,#1526,.T.);
#1526 = LINE('',#1527,#1528);
#1527 = CARTESIAN_POINT('',(123.,0.,15.));
#1528 = VECTOR('',#1529,1.);
#1529 = DIRECTION('',(0.,1.,0.));
#1530 = FACE_BOUND('',#1531,.F.);
#1531 = EDGE_LOOP('',(#1532));
#1532 = ORIENTED_EDGE('',*,*,#777,.T.);
#1533 = FACE_BOUND('',#1534,.F.);
#1534 = EDGE_LOOP('',(#1535));
#1535 = ORIENTED_EDGE('',*,*,#802,.T.);
#1536 = FACE_BOUND('',#1537,.T.);
#1537 = EDGE_LOOP('',(#1538,#1548,#1557,#1566,#1574,#1583,#1591,#1600,
    #1608,#1617,#1626,#1634,#1643,#1651));
#1538 = ORIENTED_EDGE('',*,*,#1539,.T.);
#1539 = EDGE_CURVE('',#1540,#1542,#1544,.T.);
#1540 = VERTEX_POINT('',#1541);
#1541 = CARTESIAN_POINT('',(127.,-9.,15.));
#1542 = VERTEX_POINT('',#1543);
#1543 = CARTESIAN_POINT('',(127.,19.9,15.));
#1544 = LINE('',#1545,#1546);
#1545 = CARTESIAN_POINT('',(127.,-9.,15.));
#1546 = VECTOR('',#1547,1.);
#1547 = DIRECTION('',(0.,1.,0.));
#1548 = ORIENTED_EDGE('',*,*,#1549,.T.);
#1549 = EDGE_CURVE('',#1542,#1550,#1552,.T.);
#1550 = VERTEX_POINT('',#1551);
#1551 = CARTESIAN_POINT('',(83.760412889369,131.22273186639,15.));
#1552 = CIRCLE('',#1553,157.);
#1553 = AXIS2_PLACEMENT_3D('',#1554,#1555,#1556);
#1554 = CARTESIAN_POINT('',(-29.97016226275,22.989852039754,15.));
#1555 = DIRECTION('',(-0.,0.,1.));
#1556 = DIRECTION('',(0.999813514142,-1.931157524846E-02,0.));
#1557 = ORIENTED_EDGE('',*,*,#1558,.T.);
#1558 = EDGE_CURVE('',#1550,#1559,#1561,.T.);
#1559 = VERTEX_POINT('',#1560);
#1560 = CARTESIAN_POINT('',(81.28,137.42716446791,15.));
#1561 = CIRCLE('',#1562,9.);
#1562 = AXIS2_PLACEMENT_3D('',#1563,#1564,#1565);
#1563 = CARTESIAN_POINT('',(90.28,137.42716446791,15.));
#1564 = DIRECTION('',(-0.,0.,-1.));
#1565 = DIRECTION('',(-0.724398567848,-0.68938140017,0.));
#1566 = ORIENTED_EDGE('',*,*,#1567,.T.);
#1567 = EDGE_CURVE('',#1559,#1568,#1570,.T.);
#1568 = VERTEX_POINT('',#1569);
#1569 = CARTESIAN_POINT('',(81.28,140.99999999994,15.));
#1570 = LINE('',#1571,#1572);
#1571 = CARTESIAN_POINT('',(81.28,137.42716446791,15.));
#1572 = VECTOR('',#1573,1.);
#1573 = DIRECTION('',(0.,1.,0.));
#1574 = ORIENTED_EDGE('',*,*,#1575,.T.);
#1575 = EDGE_CURVE('',#1568,#1576,#1578,.T.);
#1576 = VERTEX_POINT('',#1577);
#1577 = CARTESIAN_POINT('',(78.28,143.99999999994,15.));
#1578 = CIRCLE('',#1579,3.);
#1579 = AXIS2_PLACEMENT_3D('',#1580,#1581,#1582);
#1580 = CARTESIAN_POINT('',(78.28,140.99999999994,15.));
#1581 = DIRECTION('',(0.,0.,1.));
#1582 = DIRECTION('',(1.,0.,0.));
#1583 = ORIENTED_EDGE('',*,*,#1584,.T.);
#1584 = EDGE_CURVE('',#1576,#1585,#1587,.T.);
#1585 = VERTEX_POINT('',#1586);
#1586 = CARTESIAN_POINT('',(41.72,143.99999999994,15.));
#1587 = LINE('',#1588,#1589);
#1588 = CARTESIAN_POINT('',(78.28,143.99999999994,15.));
#1589 = VECTOR('',#1590,1.);
#1590 = DIRECTION('',(-1.,-0.,-0.));
#1591 = ORIENTED_EDGE('',*,*,#1592,.T.);
#1592 = EDGE_CURVE('',#1585,#1593,#1595,.T.);
#1593 = VERTEX_POINT('',#1594);
#1594 = CARTESIAN_POINT('',(38.72,140.99999999994,15.));
#1595 = CIRCLE('',#1596,3.);
#1596 = AXIS2_PLACEMENT_3D('',#1597,#1598,#1599);
#1597 = CARTESIAN_POINT('',(41.72,140.99999999994,15.));
#1598 = DIRECTION('',(0.,-0.,1.));
#1599 = DIRECTION('',(0.,1.,0.));
#1600 = ORIENTED_EDGE('',*,*,#1601,.T.);
#1601 = EDGE_CURVE('',#1593,#1602,#1604,.T.);
#1602 = VERTEX_POINT('',#1603);
#1603 = CARTESIAN_POINT('',(38.72,137.42716446791,15.));
#1604 = LINE('',#1605,#1606);
#1605 = CARTESIAN_POINT('',(38.72,140.99999999994,15.));
#1606 = VECTOR('',#1607,1.);
#1607 = DIRECTION('',(-0.,-1.,-0.));
#1608 = ORIENTED_EDGE('',*,*,#1609,.T.);
#1609 = EDGE_CURVE('',#1602,#1610,#1612,.T.);
#1610 = VERTEX_POINT('',#1611);
#1611 = CARTESIAN_POINT('',(36.239587110635,131.22273186639,15.));
#1612 = CIRCLE('',#1613,9.);
#1613 = AXIS2_PLACEMENT_3D('',#1614,#1615,#1616);
#1614 = CARTESIAN_POINT('',(29.72,137.42716446791,15.));
#1615 = DIRECTION('',(0.,0.,-1.));
#1616 = DIRECTION('',(1.,0.,0.));
#1617 = ORIENTED_EDGE('',*,*,#1618,.T.);
#1618 = EDGE_CURVE('',#1610,#1619,#1621,.T.);
#1619 = VERTEX_POINT('',#1620);
#1620 = CARTESIAN_POINT('',(-7.000559457496,19.957934725747,15.));
#1621 = CIRCLE('',#1622,157.);
#1622 = AXIS2_PLACEMENT_3D('',#1623,#1624,#1625);
#1623 = CARTESIAN_POINT('',(149.97016226283,22.989852039831,15.));
#1624 = DIRECTION('',(0.,0.,1.));
#1625 = DIRECTION('',(-0.724398567848,0.689381400169,0.));
#1626 = ORIENTED_EDGE('',*,*,#1627,.T.);
#1627 = EDGE_CURVE('',#1619,#1628,#1630,.T.);
#1628 = VERTEX_POINT('',#1629);
#1629 = CARTESIAN_POINT('',(-6.999999999923,-9.,15.));
#1630 = LINE('',#1631,#1632);
#1631 = CARTESIAN_POINT('',(-6.999999999923,19.9,15.));
#1632 = VECTOR('',#1633,1.);
#1633 = DIRECTION('',(-0.,-1.,-0.));
#1634 = ORIENTED_EDGE('',*,*,#1635,.T.);
#1635 = EDGE_CURVE('',#1628,#1636,#1638,.T.);
#1636 = VERTEX_POINT('',#1637);
#1637 = CARTESIAN_POINT('',(-3.999999999923,-12.,15.));
#1638 = CIRCLE('',#1639,3.);
#1639 = AXIS2_PLACEMENT_3D('',#1640,#1641,#1642);
#1640 = CARTESIAN_POINT('',(-3.999999999923,-9.,15.));
#1641 = DIRECTION('',(0.,0.,1.));
#1642 = DIRECTION('',(-1.,1.18E-15,0.));
#1643 = ORIENTED_EDGE('',*,*,#1644,.T.);
#1644 = EDGE_CURVE('',#1636,#1645,#1647,.T.);
#1645 = VERTEX_POINT('',#1646);
#1646 = CARTESIAN_POINT('',(124.,-12.,15.));
#1647 = LINE('',#1648,#1649);
#1648 = CARTESIAN_POINT('',(-3.999999999923,-12.,15.));
#1649 = VECTOR('',#1650,1.);
#1650 = DIRECTION('',(1.,0.,0.));
#1651 = ORIENTED_EDGE('',*,*,#1652,.T.);
#1652 = EDGE_CURVE('',#1645,#1540,#1653,.T.);
#1653 = CIRCLE('',#1654,3.);
#1654 = AXIS2_PLACEMENT_3D('',#1655,#1656,#1657);
#1655 = CARTESIAN_POINT('',(124.,-9.,15.));
#1656 = DIRECTION('',(-0.,0.,1.));
#1657 = DIRECTION('',(0.,-1.,0.));
#1658 = PLANE('',#1659);
#1659 = AXIS2_PLACEMENT_3D('',#1660,#1661,#1662);
#1660 = CARTESIAN_POINT('',(60.000000000013,57.412466078439,15.));
#1661 = DIRECTION('',(0.,0.,1.));
#1662 = DIRECTION('',(1.,0.,0.));
#1663 = ADVANCED_FACE('',(#1664),#1682,.T.);
#1664 = FACE_BOUND('',#1665,.F.);
#1665 = EDGE_LOOP('',(#1666,#1667,#1675,#1681));
#1666 = ORIENTED_EDGE('',*,*,#565,.F.);
#1667 = ORIENTED_EDGE('',*,*,#1668,.T.);
#1668 = EDGE_CURVE('',#566,#1669,#1671,.T.);
#1669 = VERTEX_POINT('',#1670);
#1670 = CARTESIAN_POINT('',(120.,20.000000000001,12.));
#1671 = LINE('',#1672,#1673);
#1672 = CARTESIAN_POINT('',(120.,0.,12.));
#1673 = VECTOR('',#1674,1.);
#1674 = DIRECTION('',(0.,1.,0.));
#1675 = ORIENTED_EDGE('',*,*,#1676,.T.);
#1676 = EDGE_CURVE('',#1669,#1517,#1677,.T.);
#1677 = LINE('',#1678,#1679);
#1678 = CARTESIAN_POINT('',(121.5,20.000000000001,13.5));
#1679 = VECTOR('',#1680,1.);
#1680 = DIRECTION('',(0.707106781187,0.,0.707106781187));
#1681 = ORIENTED_EDGE('',*,*,#1525,.F.);
#1682 = PLANE('',#1683);
#1683 = AXIS2_PLACEMENT_3D('',#1684,#1685,#1686);
#1684 = CARTESIAN_POINT('',(121.5,0.,13.5));
#1685 = DIRECTION('',(-0.707106781187,0.,0.707106781187));
#1686 = DIRECTION('',(0.,-1.,0.));
#1687 = ADVANCED_FACE('',(#1688),#1699,.T.);
#1688 = FACE_BOUND('',#1689,.T.);
#1689 = EDGE_LOOP('',(#1690,#1691,#1692,#1698));
#1690 = ORIENTED_EDGE('',*,*,#573,.T.);
#1691 = ORIENTED_EDGE('',*,*,#1668,.T.);
#1692 = ORIENTED_EDGE('',*,*,#1693,.F.);
#1693 = EDGE_CURVE('',#607,#1669,#1694,.T.);
#1694 = LINE('',#1695,#1696);
#1695 = CARTESIAN_POINT('',(119.99999999996,20.000000000001,0.));
#1696 = VECTOR('',#1697,1.);
#1697 = DIRECTION('',(0.,0.,1.));
#1698 = ORIENTED_EDGE('',*,*,#614,.F.);
#1699 = PLANE('',#1700);
#1700 = AXIS2_PLACEMENT_3D('',#1701,#1702,#1703);
#1701 = CARTESIAN_POINT('',(120.,0.,0.));
#1702 = DIRECTION('',(-1.,0.,0.));
#1703 = DIRECTION('',(0.,1.,0.));
#1704 = ADVANCED_FACE('',(#1705),#1724,.F.);
#1705 = FACE_BOUND('',#1706,.T.);
#1706 = EDGE_LOOP('',(#1707,#1715,#1716,#1717));
#1707 = ORIENTED_EDGE('',*,*,#1708,.F.);
#1708 = EDGE_CURVE('',#631,#1709,#1711,.T.);
#1709 = VERTEX_POINT('',#1710);
#1710 = CARTESIAN_POINT('',(86.413623246514,117.61730379621,12.));
#1711 = LINE('',#1712,#1713);
#1712 = CARTESIAN_POINT('',(86.413623246514,117.61730379621,0.));
#1713 = VECTOR('',#1714,1.);
#1714 = DIRECTION('',(0.,0.,1.));
#1715 = ORIENTED_EDGE('',*,*,#638,.F.);
#1716 = ORIENTED_EDGE('',*,*,#1693,.T.);
#1717 = ORIENTED_EDGE('',*,*,#1718,.T.);
#1718 = EDGE_CURVE('',#1669,#1709,#1719,.T.);
#1719 = CIRCLE('',#1720,150.);
#1720 = AXIS2_PLACEMENT_3D('',#1721,#1722,#1723);
#1721 = CARTESIAN_POINT('',(-29.97024602387,22.98752532424,12.));
#1722 = DIRECTION('',(-0.,0.,1.));
#1723 = DIRECTION('',(0.999801640159,-1.991683549492E-02,0.));
#1724 = CYLINDRICAL_SURFACE('',#1725,150.);
#1725 = AXIS2_PLACEMENT_3D('',#1726,#1727,#1728);
#1726 = CARTESIAN_POINT('',(-29.97024602387,22.98752532424,0.));
#1727 = DIRECTION('',(-0.,-0.,-1.));
#1728 = DIRECTION('',(1.,0.,0.));
#1729 = ADVANCED_FACE('',(#1730),#1749,.F.);
#1730 = FACE_BOUND('',#1731,.T.);
#1731 = EDGE_LOOP('',(#1732,#1740,#1741,#1742));
#1732 = ORIENTED_EDGE('',*,*,#1733,.F.);
#1733 = EDGE_CURVE('',#680,#1734,#1736,.T.);
#1734 = VERTEX_POINT('',#1735);
#1735 = CARTESIAN_POINT('',(70.895774010462,124.99999999994,12.));
#1736 = LINE('',#1737,#1738);
#1737 = CARTESIAN_POINT('',(70.895774010462,124.99999999994,0.));
#1738 = VECTOR('',#1739,1.);
#1739 = DIRECTION('',(0.,0.,1.));
#1740 = ORIENTED_EDGE('',*,*,#687,.F.);
#1741 = ORIENTED_EDGE('',*,*,#1708,.T.);
#1742 = ORIENTED_EDGE('',*,*,#1743,.T.);
#1743 = EDGE_CURVE('',#1709,#1734,#1744,.T.);
#1744 = CIRCLE('',#1745,20.);
#1745 = AXIS2_PLACEMENT_3D('',#1746,#1747,#1748);
#1746 = CARTESIAN_POINT('',(70.895774010462,104.99999999994,12.));
#1747 = DIRECTION('',(0.,-0.,1.));
#1748 = DIRECTION('',(0.775892461803,0.630865189813,0.));
#1749 = CYLINDRICAL_SURFACE('',#1750,20.);
#1750 = AXIS2_PLACEMENT_3D('',#1751,#1752,#1753);
#1751 = CARTESIAN_POINT('',(70.895774010462,104.99999999994,0.));
#1752 = DIRECTION('',(0.,0.,1.));
#1753 = DIRECTION('',(0.,1.,0.));
#1754 = ADVANCED_FACE('',(#1755),#1774,.F.);
#1755 = FACE_BOUND('',#1756,.T.);
#1756 = EDGE_LOOP('',(#1757,#1765,#1772,#1773));
#1757 = ORIENTED_EDGE('',*,*,#1758,.T.);
#1758 = EDGE_CURVE('',#703,#1759,#1761,.T.);
#1759 = VERTEX_POINT('',#1760);
#1760 = CARTESIAN_POINT('',(33.586376753487,117.61730379621,12.));
#1761 = LINE('',#1762,#1763);
#1762 = CARTESIAN_POINT('',(33.586376753487,117.61730379621,0.));
#1763 = VECTOR('',#1764,1.);
#1764 = DIRECTION('',(0.,0.,1.));
#1765 = ORIENTED_EDGE('',*,*,#1766,.T.);
#1766 = EDGE_CURVE('',#1759,#1361,#1767,.T.);
#1767 = CIRCLE('',#1768,150.);
#1768 = AXIS2_PLACEMENT_3D('',#1769,#1770,#1771);
#1769 = CARTESIAN_POINT('',(149.97024602387,22.98752532424,12.));
#1770 = DIRECTION('',(0.,0.,1.));
#1771 = DIRECTION('',(-0.775892461803,0.630865189813,0.));
#1772 = ORIENTED_EDGE('',*,*,#1368,.F.);
#1773 = ORIENTED_EDGE('',*,*,#712,.F.);
#1774 = CYLINDRICAL_SURFACE('',#1775,150.);
#1775 = AXIS2_PLACEMENT_3D('',#1776,#1777,#1778);
#1776 = CARTESIAN_POINT('',(149.97024602387,22.98752532424,0.));
#1777 = DIRECTION('',(-0.,-0.,-1.));
#1778 = DIRECTION('',(1.,0.,0.));
#1779 = ADVANCED_FACE('',(#1780),#1798,.F.);
#1780 = FACE_BOUND('',#1781,.F.);
#1781 = EDGE_LOOP('',(#1782,#1790,#1796,#1797));
#1782 = ORIENTED_EDGE('',*,*,#1783,.T.);
#1783 = EDGE_CURVE('',#730,#1784,#1786,.T.);
#1784 = VERTEX_POINT('',#1785);
#1785 = CARTESIAN_POINT('',(49.104225989538,124.99999999994,12.));
#1786 = LINE('',#1787,#1788);
#1787 = CARTESIAN_POINT('',(49.104225989538,124.99999999994,0.));
#1788 = VECTOR('',#1789,1.);
#1789 = DIRECTION('',(0.,0.,1.));
#1790 = ORIENTED_EDGE('',*,*,#1791,.F.);
#1791 = EDGE_CURVE('',#1734,#1784,#1792,.T.);
#1792 = LINE('',#1793,#1794);
#1793 = CARTESIAN_POINT('',(70.895774010462,124.99999999994,12.));
#1794 = VECTOR('',#1795,1.);
#1795 = DIRECTION('',(-1.,-0.,-0.));
#1796 = ORIENTED_EDGE('',*,*,#1733,.F.);
#1797 = ORIENTED_EDGE('',*,*,#737,.T.);
#1798 = PLANE('',#1799);
#1799 = AXIS2_PLACEMENT_3D('',#1800,#1801,#1802);
#1800 = CARTESIAN_POINT('',(40.,124.99999999994,0.));
#1801 = DIRECTION('',(0.,1.,0.));
#1802 = DIRECTION('',(1.,0.,0.));
#1803 = ADVANCED_FACE('',(#1804),#1816,.F.);
#1804 = FACE_BOUND('',#1805,.F.);
#1805 = EDGE_LOOP('',(#1806,#1807,#1808,#1809));
#1806 = ORIENTED_EDGE('',*,*,#1783,.F.);
#1807 = ORIENTED_EDGE('',*,*,#754,.T.);
#1808 = ORIENTED_EDGE('',*,*,#1758,.T.);
#1809 = ORIENTED_EDGE('',*,*,#1810,.F.);
#1810 = EDGE_CURVE('',#1784,#1759,#1811,.T.);
#1811 = CIRCLE('',#1812,20.);
#1812 = AXIS2_PLACEMENT_3D('',#1813,#1814,#1815);
#1813 = CARTESIAN_POINT('',(49.104225989538,104.99999999994,12.));
#1814 = DIRECTION('',(0.,-0.,1.));
#1815 = DIRECTION('',(0.,1.,0.));
#1816 = CYLINDRICAL_SURFACE('',#1817,20.);
#1817 = AXIS2_PLACEMENT_3D('',#1818,#1819,#1820);
#1818 = CARTESIAN_POINT('',(49.104225989538,104.99999999994,0.));
#1819 = DIRECTION('',(0.,0.,1.));
#1820 = DIRECTION('',(0.,1.,0.));
#1821 = ADVANCED_FACE('',(#1822),#1847,.F.);
#1822 = FACE_BOUND('',#1823,.F.);
#1823 = EDGE_LOOP('',(#1824,#1832,#1840,#1846));
#1824 = ORIENTED_EDGE('',*,*,#1825,.T.);
#1825 = EDGE_CURVE('',#820,#1826,#1828,.T.);
#1826 = VERTEX_POINT('',#1827);
#1827 = CARTESIAN_POINT('',(130.,-9.,12.));
#1828 = LINE('',#1829,#1830);
#1829 = CARTESIAN_POINT('',(130.,-9.,0.));
#1830 = VECTOR('',#1831,1.);
#1831 = DIRECTION('',(0.,0.,1.));
#1832 = ORIENTED_EDGE('',*,*,#1833,.T.);
#1833 = EDGE_CURVE('',#1826,#1834,#1836,.T.);
#1834 = VERTEX_POINT('',#1835);
#1835 = CARTESIAN_POINT('',(130.,19.9,12.));
#1836 = LINE('',#1837,#1838);
#1837 = CARTESIAN_POINT('',(130.,-9.,12.));
#1838 = VECTOR('',#1839,1.);
#1839 = DIRECTION('',(0.,1.,0.));
#1840 = ORIENTED_EDGE('',*,*,#1841,.F.);
#1841 = EDGE_CURVE('',#829,#1834,#1842,.T.);
#1842 = LINE('',#1843,#1844);
#1843 = CARTESIAN_POINT('',(130.,19.9,0.));
#1844 = VECTOR('',#1845,1.);
#1845 = DIRECTION('',(0.,0.,1.));
#1846 = ORIENTED_EDGE('',*,*,#836,.F.);
#1847 = PLANE('',#1848);
#1848 = AXIS2_PLACEMENT_3D('',#1849,#1850,#1851);
#1849 = CARTESIAN_POINT('',(130.,-15.,0.));
#1850 = DIRECTION('',(-1.,0.,0.));
#1851 = DIRECTION('',(0.,1.,0.));
#1852 = ADVANCED_FACE('',(#1853),#1872,.T.);
#1853 = FACE_BOUND('',#1854,.T.);
#1854 = EDGE_LOOP('',(#1855,#1863,#1864,#1865));
#1855 = ORIENTED_EDGE('',*,*,#1856,.F.);
#1856 = EDGE_CURVE('',#851,#1857,#1859,.T.);
#1857 = VERTEX_POINT('',#1858);
#1858 = CARTESIAN_POINT('',(124.,-15.,12.));
#1859 = LINE('',#1860,#1861);
#1860 = CARTESIAN_POINT('',(124.,-15.,0.));
#1861 = VECTOR('',#1862,1.);
#1862 = DIRECTION('',(0.,0.,1.));
#1863 = ORIENTED_EDGE('',*,*,#860,.T.);
#1864 = ORIENTED_EDGE('',*,*,#1825,.T.);
#1865 = ORIENTED_EDGE('',*,*,#1866,.F.);
#1866 = EDGE_CURVE('',#1857,#1826,#1867,.T.);
#1867 = CIRCLE('',#1868,6.);
#1868 = AXIS2_PLACEMENT_3D('',#1869,#1870,#1871);
#1869 = CARTESIAN_POINT('',(124.,-9.,12.));
#1870 = DIRECTION('',(-0.,0.,1.));
#1871 = DIRECTION('',(0.,-1.,0.));
#1872 = CYLINDRICAL_SURFACE('',#1873,6.);
#1873 = AXIS2_PLACEMENT_3D('',#1874,#1875,#1876);
#1874 = CARTESIAN_POINT('',(124.,-9.,0.));
#1875 = DIRECTION('',(0.,0.,1.));
#1876 = DIRECTION('',(0.,-1.,0.));
#1877 = ADVANCED_FACE('',(#1878),#1897,.T.);
#1878 = FACE_BOUND('',#1879,.F.);
#1879 = EDGE_LOOP('',(#1880,#1888,#1889,#1890));
#1880 = ORIENTED_EDGE('',*,*,#1881,.F.);
#1881 = EDGE_CURVE('',#878,#1882,#1884,.T.);
#1882 = VERTEX_POINT('',#1883);
#1883 = CARTESIAN_POINT('',(85.933608592912,133.29087606689,12.));
#1884 = LINE('',#1885,#1886);
#1885 = CARTESIAN_POINT('',(85.933608592912,133.29087606689,0.));
#1886 = VECTOR('',#1887,1.);
#1887 = DIRECTION('',(0.,0.,1.));
#1888 = ORIENTED_EDGE('',*,*,#885,.F.);
#1889 = ORIENTED_EDGE('',*,*,#1841,.T.);
#1890 = ORIENTED_EDGE('',*,*,#1891,.T.);
#1891 = EDGE_CURVE('',#1834,#1882,#1892,.T.);
#1892 = CIRCLE('',#1893,160.);
#1893 = AXIS2_PLACEMENT_3D('',#1894,#1895,#1896);
#1894 = CARTESIAN_POINT('',(-29.97016226275,22.989852039754,12.));
#1895 = DIRECTION('',(-0.,0.,1.));
#1896 = DIRECTION('',(0.999813514142,-1.931157524846E-02,0.));
#1897 = CYLINDRICAL_SURFACE('',#1898,160.);
#1898 = AXIS2_PLACEMENT_3D('',#1899,#1900,#1901);
#1899 = CARTESIAN_POINT('',(-29.97016226275,22.989852039754,0.));
#1900 = DIRECTION('',(-0.,-0.,-1.));
#1901 = DIRECTION('',(1.,0.,0.));
#1902 = ADVANCED_FACE('',(#1903),#1921,.F.);
#1903 = FACE_BOUND('',#1904,.F.);
#1904 = EDGE_LOOP('',(#1905,#1913,#1919,#1920));
#1905 = ORIENTED_EDGE('',*,*,#1906,.T.);
#1906 = EDGE_CURVE('',#901,#1907,#1909,.T.);
#1907 = VERTEX_POINT('',#1908);
#1908 = CARTESIAN_POINT('',(-3.999999999923,-15.,12.));
#1909 = LINE('',#1910,#1911);
#1910 = CARTESIAN_POINT('',(-3.999999999923,-15.,0.));
#1911 = VECTOR('',#1912,1.);
#1912 = DIRECTION('',(0.,0.,1.));
#1913 = ORIENTED_EDGE('',*,*,#1914,.T.);
#1914 = EDGE_CURVE('',#1907,#1857,#1915,.T.);
#1915 = LINE('',#1916,#1917);
#1916 = CARTESIAN_POINT('',(-3.999999999923,-15.,12.));
#1917 = VECTOR('',#1918,1.);
#1918 = DIRECTION('',(1.,0.,0.));
#1919 = ORIENTED_EDGE('',*,*,#1856,.F.);
#1920 = ORIENTED_EDGE('',*,*,#910,.F.);
#1921 = PLANE('',#1922);
#1922 = AXIS2_PLACEMENT_3D('',#1923,#1924,#1925);
#1923 = CARTESIAN_POINT('',(-9.999999999923,-15.,0.));
#1924 = DIRECTION('',(0.,1.,0.));
#1925 = DIRECTION('',(1.,0.,0.));
#1926 = ADVANCED_FACE('',(#1927),#1946,.F.);
#1927 = FACE_BOUND('',#1928,.T.);
#1928 = EDGE_LOOP('',(#1929,#1930,#1931,#1939));
#1929 = ORIENTED_EDGE('',*,*,#1881,.F.);
#1930 = ORIENTED_EDGE('',*,*,#934,.T.);
#1931 = ORIENTED_EDGE('',*,*,#1932,.T.);
#1932 = EDGE_CURVE('',#927,#1933,#1935,.T.);
#1933 = VERTEX_POINT('',#1934);
#1934 = CARTESIAN_POINT('',(84.28,137.42716446791,12.));
#1935 = LINE('',#1936,#1937);
#1936 = CARTESIAN_POINT('',(84.28,137.42716446791,0.));
#1937 = VECTOR('',#1938,1.);
#1938 = DIRECTION('',(0.,0.,1.));
#1939 = ORIENTED_EDGE('',*,*,#1940,.F.);
#1940 = EDGE_CURVE('',#1882,#1933,#1941,.T.);
#1941 = CIRCLE('',#1942,6.);
#1942 = AXIS2_PLACEMENT_3D('',#1943,#1944,#1945);
#1943 = CARTESIAN_POINT('',(90.28,137.42716446791,12.));
#1944 = DIRECTION('',(-0.,0.,-1.));
#1945 = DIRECTION('',(-0.724398567848,-0.68938140017,0.));
#1946 = CYLINDRICAL_SURFACE('',#1947,6.);
#1947 = AXIS2_PLACEMENT_3D('',#1948,#1949,#1950);
#1948 = CARTESIAN_POINT('',(90.28,137.42716446791,0.));
#1949 = DIRECTION('',(0.,0.,1.));
#1950 = DIRECTION('',(-0.724398567848,-0.68938140017,0.));
#1951 = ADVANCED_FACE('',(#1952),#1971,.T.);
#1952 = FACE_BOUND('',#1953,.T.);
#1953 = EDGE_LOOP('',(#1954,#1962,#1963,#1964));
#1954 = ORIENTED_EDGE('',*,*,#1955,.F.);
#1955 = EDGE_CURVE('',#950,#1956,#1958,.T.);
#1956 = VERTEX_POINT('',#1957);
#1957 = CARTESIAN_POINT('',(-9.999999999923,-9.,12.));
#1958 = LINE('',#1959,#1960);
#1959 = CARTESIAN_POINT('',(-9.999999999923,-9.,0.));
#1960 = VECTOR('',#1961,1.);
#1961 = DIRECTION('',(0.,0.,1.));
#1962 = ORIENTED_EDGE('',*,*,#959,.T.);
#1963 = ORIENTED_EDGE('',*,*,#1906,.T.);
#1964 = ORIENTED_EDGE('',*,*,#1965,.F.);
#1965 = EDGE_CURVE('',#1956,#1907,#1966,.T.);
#1966 = CIRCLE('',#1967,6.);
#1967 = AXIS2_PLACEMENT_3D('',#1968,#1969,#1970);
#1968 = CARTESIAN_POINT('',(-3.999999999923,-9.,12.));
#1969 = DIRECTION('',(0.,0.,1.));
#1970 = DIRECTION('',(-1.,1.18E-15,0.));
#1971 = CYLINDRICAL_SURFACE('',#1972,6.);
#1972 = AXIS2_PLACEMENT_3D('',#1973,#1974,#1975);
#1973 = CARTESIAN_POINT('',(-3.999999999923,-9.,0.));
#1974 = DIRECTION('',(0.,0.,1.));
#1975 = DIRECTION('',(-1.,0.,0.));
#1976 = ADVANCED_FACE('',(#1977),#1995,.T.);
#1977 = FACE_BOUND('',#1978,.T.);
#1978 = EDGE_LOOP('',(#1979,#1987,#1993,#1994));
#1979 = ORIENTED_EDGE('',*,*,#1980,.T.);
#1980 = EDGE_CURVE('',#977,#1981,#1983,.T.);
#1981 = VERTEX_POINT('',#1982);
#1982 = CARTESIAN_POINT('',(84.28,140.99999999994,12.));
#1983 = LINE('',#1984,#1985);
#1984 = CARTESIAN_POINT('',(84.28,140.99999999994,0.));
#1985 = VECTOR('',#1986,1.);
#1986 = DIRECTION('',(0.,0.,1.));
#1987 = ORIENTED_EDGE('',*,*,#1988,.F.);
#1988 = EDGE_CURVE('',#1933,#1981,#1989,.T.);
#1989 = LINE('',#1990,#1991);
#1990 = CARTESIAN_POINT('',(84.28,137.42716446791,12.));
#1991 = VECTOR('',#1992,1.);
#1992 = DIRECTION('',(0.,1.,0.));
#1993 = ORIENTED_EDGE('',*,*,#1932,.F.);
#1994 = ORIENTED_EDGE('',*,*,#984,.T.);
#1995 = PLANE('',#1996);
#1996 = AXIS2_PLACEMENT_3D('',#1997,#1998,#1999);
#1997 = CARTESIAN_POINT('',(84.28,146.99999999994,0.));
#1998 = DIRECTION('',(1.,0.,0.));
#1999 = DIRECTION('',(0.,-1.,0.));
#2000 = ADVANCED_FACE('',(#2001),#2019,.T.);
#2001 = FACE_BOUND('',#2002,.T.);
#2002 = EDGE_LOOP('',(#2003,#2004,#2012,#2018));
#2003 = ORIENTED_EDGE('',*,*,#1955,.T.);
#2004 = ORIENTED_EDGE('',*,*,#2005,.F.);
#2005 = EDGE_CURVE('',#2006,#1956,#2008,.T.);
#2006 = VERTEX_POINT('',#2007);
#2007 = CARTESIAN_POINT('',(-9.999999999923,19.9,12.));
#2008 = LINE('',#2009,#2010);
#2009 = CARTESIAN_POINT('',(-9.999999999923,19.9,12.));
#2010 = VECTOR('',#2011,1.);
#2011 = DIRECTION('',(-0.,-1.,-0.));
#2012 = ORIENTED_EDGE('',*,*,#2013,.F.);
#2013 = EDGE_CURVE('',#999,#2006,#2014,.T.);
#2014 = LINE('',#2015,#2016);
#2015 = CARTESIAN_POINT('',(-9.999999999923,19.9,0.));
#2016 = VECTOR('',#2017,1.);
#2017 = DIRECTION('',(0.,0.,1.));
#2018 = ORIENTED_EDGE('',*,*,#1008,.T.);
#2019 = PLANE('',#2020);
#2020 = AXIS2_PLACEMENT_3D('',#2021,#2022,#2023);
#2021 = CARTESIAN_POINT('',(-9.999999999923,-15.,0.));
#2022 = DIRECTION('',(-1.,0.,0.));
#2023 = DIRECTION('',(0.,1.,0.));
#2024 = ADVANCED_FACE('',(#2025),#2044,.T.);
#2025 = FACE_BOUND('',#2026,.T.);
#2026 = EDGE_LOOP('',(#2027,#2028,#2029,#2037));
#2027 = ORIENTED_EDGE('',*,*,#1980,.F.);
#2028 = ORIENTED_EDGE('',*,*,#1032,.T.);
#2029 = ORIENTED_EDGE('',*,*,#2030,.T.);
#2030 = EDGE_CURVE('',#1025,#2031,#2033,.T.);
#2031 = VERTEX_POINT('',#2032);
#2032 = CARTESIAN_POINT('',(78.28,146.99999999994,12.));
#2033 = LINE('',#2034,#2035);
#2034 = CARTESIAN_POINT('',(78.28,146.99999999994,0.));
#2035 = VECTOR('',#2036,1.);
#2036 = DIRECTION('',(0.,0.,1.));
#2037 = ORIENTED_EDGE('',*,*,#2038,.F.);
#2038 = EDGE_CURVE('',#1981,#2031,#2039,.T.);
#2039 = CIRCLE('',#2040,6.);
#2040 = AXIS2_PLACEMENT_3D('',#2041,#2042,#2043);
#2041 = CARTESIAN_POINT('',(78.28,140.99999999994,12.));
#2042 = DIRECTION('',(0.,0.,1.));
#2043 = DIRECTION('',(1.,0.,0.));
#2044 = CYLINDRICAL_SURFACE('',#2045,6.);
#2045 = AXIS2_PLACEMENT_3D('',#2046,#2047,#2048);
#2046 = CARTESIAN_POINT('',(78.28,140.99999999994,0.));
#2047 = DIRECTION('',(0.,0.,1.));
#2048 = DIRECTION('',(1.,0.,0.));
#2049 = ADVANCED_FACE('',(#2050),#2069,.T.);
#2050 = FACE_BOUND('',#2051,.F.);
#2051 = EDGE_LOOP('',(#2052,#2060,#2067,#2068));
#2052 = ORIENTED_EDGE('',*,*,#2053,.T.);
#2053 = EDGE_CURVE('',#1048,#2054,#2056,.T.);
#2054 = VERTEX_POINT('',#2055);
#2055 = CARTESIAN_POINT('',(34.06639140709,133.29087606689,12.));
#2056 = LINE('',#2057,#2058);
#2057 = CARTESIAN_POINT('',(34.06639140709,133.29087606689,0.));
#2058 = VECTOR('',#2059,1.);
#2059 = DIRECTION('',(0.,0.,1.));
#2060 = ORIENTED_EDGE('',*,*,#2061,.T.);
#2061 = EDGE_CURVE('',#2054,#2006,#2062,.T.);
#2062 = CIRCLE('',#2063,160.);
#2063 = AXIS2_PLACEMENT_3D('',#2064,#2065,#2066);
#2064 = CARTESIAN_POINT('',(149.97016226283,22.989852039831,12.));
#2065 = DIRECTION('',(0.,0.,1.));
#2066 = DIRECTION('',(-0.724398567848,0.689381400169,0.));
#2067 = ORIENTED_EDGE('',*,*,#2013,.F.);
#2068 = ORIENTED_EDGE('',*,*,#1057,.F.);
#2069 = CYLINDRICAL_SURFACE('',#2070,160.);
#2070 = AXIS2_PLACEMENT_3D('',#2071,#2072,#2073);
#2071 = CARTESIAN_POINT('',(149.97016226283,22.989852039831,0.));
#2072 = DIRECTION('',(-0.,-0.,-1.));
#2073 = DIRECTION('',(1.,0.,0.));
#2074 = ADVANCED_FACE('',(#2075),#2093,.T.);
#2075 = FACE_BOUND('',#2076,.T.);
#2076 = EDGE_LOOP('',(#2077,#2085,#2091,#2092));
#2077 = ORIENTED_EDGE('',*,*,#2078,.T.);
#2078 = EDGE_CURVE('',#1075,#2079,#2081,.T.);
#2079 = VERTEX_POINT('',#2080);
#2080 = CARTESIAN_POINT('',(41.72,146.99999999994,12.));
#2081 = LINE('',#2082,#2083);
#2082 = CARTESIAN_POINT('',(41.72,146.99999999994,0.));
#2083 = VECTOR('',#2084,1.);
#2084 = DIRECTION('',(0.,0.,1.));
#2085 = ORIENTED_EDGE('',*,*,#2086,.F.);
#2086 = EDGE_CURVE('',#2031,#2079,#2087,.T.);
#2087 = LINE('',#2088,#2089);
#2088 = CARTESIAN_POINT('',(78.28,146.99999999994,12.));
#2089 = VECTOR('',#2090,1.);
#2090 = DIRECTION('',(-1.,-0.,-0.));
#2091 = ORIENTED_EDGE('',*,*,#2030,.F.);
#2092 = ORIENTED_EDGE('',*,*,#1082,.T.);
#2093 = PLANE('',#2094);
#2094 = AXIS2_PLACEMENT_3D('',#2095,#2096,#2097);
#2095 = CARTESIAN_POINT('',(35.72,146.99999999994,0.));
#2096 = DIRECTION('',(0.,1.,0.));
#2097 = DIRECTION('',(1.,0.,0.));
#2098 = ADVANCED_FACE('',(#2099),#2118,.F.);
#2099 = FACE_BOUND('',#2100,.T.);
#2100 = EDGE_LOOP('',(#2101,#2109,#2110,#2111));
#2101 = ORIENTED_EDGE('',*,*,#2102,.F.);
#2102 = EDGE_CURVE('',#1097,#2103,#2105,.T.);
#2103 = VERTEX_POINT('',#2104);
#2104 = CARTESIAN_POINT('',(35.72,137.42716446791,12.));
#2105 = LINE('',#2106,#2107);
#2106 = CARTESIAN_POINT('',(35.72,137.42716446791,0.));
#2107 = VECTOR('',#2108,1.);
#2108 = DIRECTION('',(0.,0.,1.));
#2109 = ORIENTED_EDGE('',*,*,#1106,.T.);
#2110 = ORIENTED_EDGE('',*,*,#2053,.T.);
#2111 = ORIENTED_EDGE('',*,*,#2112,.F.);
#2112 = EDGE_CURVE('',#2103,#2054,#2113,.T.);
#2113 = CIRCLE('',#2114,6.);
#2114 = AXIS2_PLACEMENT_3D('',#2115,#2116,#2117);
#2115 = CARTESIAN_POINT('',(29.72,137.42716446791,12.));
#2116 = DIRECTION('',(0.,0.,-1.));
#2117 = DIRECTION('',(1.,0.,0.));
#2118 = CYLINDRICAL_SURFACE('',#2119,6.);
#2119 = AXIS2_PLACEMENT_3D('',#2120,#2121,#2122);
#2120 = CARTESIAN_POINT('',(29.72,137.42716446791,0.));
#2121 = DIRECTION('',(0.,0.,1.));
#2122 = DIRECTION('',(1.,0.,0.));
#2123 = ADVANCED_FACE('',(#2124),#2143,.T.);
#2124 = FACE_BOUND('',#2125,.T.);
#2125 = EDGE_LOOP('',(#2126,#2127,#2128,#2136));
#2126 = ORIENTED_EDGE('',*,*,#2078,.F.);
#2127 = ORIENTED_EDGE('',*,*,#1131,.T.);
#2128 = ORIENTED_EDGE('',*,*,#2129,.T.);
#2129 = EDGE_CURVE('',#1124,#2130,#2132,.T.);
#2130 = VERTEX_POINT('',#2131);
#2131 = CARTESIAN_POINT('',(35.72,140.99999999994,12.));
#2132 = LINE('',#2133,#2134);
#2133 = CARTESIAN_POINT('',(35.72,140.99999999994,0.));
#2134 = VECTOR('',#2135,1.);
#2135 = DIRECTION('',(0.,0.,1.));
#2136 = ORIENTED_EDGE('',*,*,#2137,.F.);
#2137 = EDGE_CURVE('',#2079,#2130,#2138,.T.);
#2138 = CIRCLE('',#2139,6.);
#2139 = AXIS2_PLACEMENT_3D('',#2140,#2141,#2142);
#2140 = CARTESIAN_POINT('',(41.72,140.99999999994,12.));
#2141 = DIRECTION('',(0.,-0.,1.));
#2142 = DIRECTION('',(0.,1.,0.));
#2143 = CYLINDRICAL_SURFACE('',#2144,6.);
#2144 = AXIS2_PLACEMENT_3D('',#2145,#2146,#2147);
#2145 = CARTESIAN_POINT('',(41.72,140.99999999994,0.));
#2146 = DIRECTION('',(0.,0.,1.));
#2147 = DIRECTION('',(0.,1.,0.));
#2148 = ADVANCED_FACE('',(#2149),#2160,.T.);
#2149 = FACE_BOUND('',#2150,.T.);
#2150 = EDGE_LOOP('',(#2151,#2152,#2158,#2159));
#2151 = ORIENTED_EDGE('',*,*,#2102,.T.);
#2152 = ORIENTED_EDGE('',*,*,#2153,.F.);
#2153 = EDGE_CURVE('',#2130,#2103,#2154,.T.);
#2154 = LINE('',#2155,#2156);
#2155 = CARTESIAN_POINT('',(35.72,140.99999999994,12.));
#2156 = VECTOR('',#2157,1.);
#2157 = DIRECTION('',(-0.,-1.,-0.));
#2158 = ORIENTED_EDGE('',*,*,#2129,.F.);
#2159 = ORIENTED_EDGE('',*,*,#1149,.T.);
#2160 = PLANE('',#2161);
#2161 = AXIS2_PLACEMENT_3D('',#2162,#2163,#2164);
#2162 = CARTESIAN_POINT('',(35.72,135.00279960803,0.));
#2163 = DIRECTION('',(-1.,0.,0.));
#2164 = DIRECTION('',(0.,1.,0.));
#2165 = ADVANCED_FACE('',(#2166),#2182,.T.);
#2166 = FACE_BOUND('',#2167,.F.);
#2167 = EDGE_LOOP('',(#2168,#2174,#2175,#2181));
#2168 = ORIENTED_EDGE('',*,*,#2169,.F.);
#2169 = EDGE_CURVE('',#1164,#1444,#2170,.T.);
#2170 = LINE('',#2171,#2172);
#2171 = CARTESIAN_POINT('',(69.999999999986,139.99999999994,13.));
#2172 = VECTOR('',#2173,1.);
#2173 = DIRECTION('',(1.46E-15,0.707106781187,0.707106781187));
#2174 = ORIENTED_EDGE('',*,*,#1171,.T.);
#2175 = ORIENTED_EDGE('',*,*,#2176,.T.);
#2176 = EDGE_CURVE('',#1172,#1435,#2177,.T.);
#2177 = LINE('',#2178,#2179);
#2178 = CARTESIAN_POINT('',(49.999999999986,140.99999999994,14.));
#2179 = VECTOR('',#2180,1.);
#2180 = DIRECTION('',(0.,0.707106781187,0.707106781187));
#2181 = ORIENTED_EDGE('',*,*,#1443,.F.);
#2182 = PLANE('',#2183);
#2183 = AXIS2_PLACEMENT_3D('',#2184,#2185,#2186);
#2184 = CARTESIAN_POINT('',(69.999999999986,140.99999999994,14.));
#2185 = DIRECTION('',(-1.E-17,-0.707106781187,0.707106781187));
#2186 = DIRECTION('',(1.,-7.071067811865E-18,7.071067811865E-18));
#2187 = ADVANCED_FACE('',(#2188),#2199,.F.);
#2188 = FACE_BOUND('',#2189,.F.);
#2189 = EDGE_LOOP('',(#2190,#2196,#2197,#2198));
#2190 = ORIENTED_EDGE('',*,*,#2191,.F.);
#2191 = EDGE_CURVE('',#1195,#1452,#2192,.T.);
#2192 = LINE('',#2193,#2194);
#2193 = CARTESIAN_POINT('',(73.999999999986,136.99999999994,14.));
#2194 = VECTOR('',#2195,1.);
#2195 = DIRECTION('',(0.707106781187,-0.,0.707106781187));
#2196 = ORIENTED_EDGE('',*,*,#1202,.T.);
#2197 = ORIENTED_EDGE('',*,*,#2169,.T.);
#2198 = ORIENTED_EDGE('',*,*,#1451,.F.);
#2199 = CONICAL_SURFACE('',#2200,3.,0.785398163397);
#2200 = AXIS2_PLACEMENT_3D('',#2201,#2202,#2203);
#2201 = CARTESIAN_POINT('',(69.999999999986,136.99999999994,13.));
#2202 = DIRECTION('',(0.,0.,1.));
#2203 = DIRECTION('',(1.,0.,-0.));
#2204 = ADVANCED_FACE('',(#2205),#2216,.F.);
#2205 = FACE_BOUND('',#2206,.F.);
#2206 = EDGE_LOOP('',(#2207,#2208,#2209,#2215));
#2207 = ORIENTED_EDGE('',*,*,#2176,.F.);
#2208 = ORIENTED_EDGE('',*,*,#1220,.T.);
#2209 = ORIENTED_EDGE('',*,*,#2210,.T.);
#2210 = EDGE_CURVE('',#1221,#1427,#2211,.T.);
#2211 = LINE('',#2212,#2213);
#2212 = CARTESIAN_POINT('',(46.999999999986,136.99999999994,13.));
#2213 = VECTOR('',#2214,1.);
#2214 = DIRECTION('',(-0.707106781187,1.61E-15,0.707106781187));
#2215 = ORIENTED_EDGE('',*,*,#1434,.F.);
#2216 = CONICAL_SURFACE('',#2217,3.,0.785398163397);
#2217 = AXIS2_PLACEMENT_3D('',#2218,#2219,#2220);
#2218 = CARTESIAN_POINT('',(49.999999999986,136.99999999994,13.));
#2219 = DIRECTION('',(0.,0.,1.));
#2220 = DIRECTION('',(0.,1.,0.));
#2221 = ADVANCED_FACE('',(#2222),#2233,.T.);
#2222 = FACE_BOUND('',#2223,.F.);
#2223 = EDGE_LOOP('',(#2224,#2230,#2231,#2232));
#2224 = ORIENTED_EDGE('',*,*,#2225,.F.);
#2225 = EDGE_CURVE('',#1245,#1461,#2226,.T.);
#2226 = LINE('',#2227,#2228);
#2227 = CARTESIAN_POINT('',(72.999999999986,134.99999999994,13.));
#2228 = VECTOR('',#2229,1.);
#2229 = DIRECTION('',(0.707106781187,1.84E-15,0.707106781187));
#2230 = ORIENTED_EDGE('',*,*,#1252,.T.);
#2231 = ORIENTED_EDGE('',*,*,#2191,.T.);
#2232 = ORIENTED_EDGE('',*,*,#1460,.F.);
#2233 = PLANE('',#2234);
#2234 = AXIS2_PLACEMENT_3D('',#2235,#2236,#2237);
#2235 = CARTESIAN_POINT('',(73.999999999986,134.99999999994,14.));
#2236 = DIRECTION('',(-0.707106781187,-1.E-17,0.707106781187));
#2237 = DIRECTION('',(7.071067811865E-18,-1.,-7.071067811865E-18));
#2238 = ADVANCED_FACE('',(#2239),#2250,.T.);
#2239 = FACE_BOUND('',#2240,.F.);
#2240 = EDGE_LOOP('',(#2241,#2242,#2243,#2249));
#2241 = ORIENTED_EDGE('',*,*,#2210,.F.);
#2242 = ORIENTED_EDGE('',*,*,#1269,.T.);
#2243 = ORIENTED_EDGE('',*,*,#2244,.T.);
#2244 = EDGE_CURVE('',#1270,#1418,#2245,.T.);
#2245 = LINE('',#2246,#2247);
#2246 = CARTESIAN_POINT('',(45.999999999986,134.99999999994,14.));
#2247 = VECTOR('',#2248,1.);
#2248 = DIRECTION('',(-0.707106781187,0.,0.707106781187));
#2249 = ORIENTED_EDGE('',*,*,#1426,.F.);
#2250 = PLANE('',#2251);
#2251 = AXIS2_PLACEMENT_3D('',#2252,#2253,#2254);
#2252 = CARTESIAN_POINT('',(45.999999999986,136.99999999994,14.));
#2253 = DIRECTION('',(0.707106781187,1.E-17,0.707106781187));
#2254 = DIRECTION('',(-7.071067811865E-18,1.,-7.071067811865E-18));
#2255 = ADVANCED_FACE('',(#2256),#2267,.F.);
#2256 = FACE_BOUND('',#2257,.F.);
#2257 = EDGE_LOOP('',(#2258,#2264,#2265,#2266));
#2258 = ORIENTED_EDGE('',*,*,#2259,.F.);
#2259 = EDGE_CURVE('',#1293,#1410,#2260,.T.);
#2260 = LINE('',#2261,#2262);
#2261 = CARTESIAN_POINT('',(69.999999999986,130.99999999994,14.));
#2262 = VECTOR('',#2263,1.);
#2263 = DIRECTION('',(-0.,-0.707106781187,0.707106781187));
#2264 = ORIENTED_EDGE('',*,*,#1300,.T.);
#2265 = ORIENTED_EDGE('',*,*,#2225,.T.);
#2266 = ORIENTED_EDGE('',*,*,#1468,.F.);
#2267 = CONICAL_SURFACE('',#2268,3.,0.785398163397);
#2268 = AXIS2_PLACEMENT_3D('',#2269,#2270,#2271);
#2269 = CARTESIAN_POINT('',(69.999999999986,134.99999999994,13.));
#2270 = DIRECTION('',(0.,0.,1.));
#2271 = DIRECTION('',(0.,-1.,0.));
#2272 = ADVANCED_FACE('',(#2273),#2284,.F.);
#2273 = FACE_BOUND('',#2274,.F.);
#2274 = EDGE_LOOP('',(#2275,#2276,#2277,#2283));
#2275 = ORIENTED_EDGE('',*,*,#2244,.F.);
#2276 = ORIENTED_EDGE('',*,*,#1318,.T.);
#2277 = ORIENTED_EDGE('',*,*,#2278,.T.);
#2278 = EDGE_CURVE('',#1319,#1408,#2279,.T.);
#2279 = LINE('',#2280,#2281);
#2280 = CARTESIAN_POINT('',(49.999999999986,130.99999999994,14.));
#2281 = VECTOR('',#2282,1.);
#2282 = DIRECTION('',(-0.,-0.707106781187,0.707106781187));
#2283 = ORIENTED_EDGE('',*,*,#1417,.F.);
#2284 = CONICAL_SURFACE('',#2285,3.,0.785398163397);
#2285 = AXIS2_PLACEMENT_3D('',#2286,#2287,#2288);
#2286 = CARTESIAN_POINT('',(49.999999999986,134.99999999994,13.));
#2287 = DIRECTION('',(0.,0.,1.));
#2288 = DIRECTION('',(-1.,0.,0.));
#2289 = ADVANCED_FACE('',(#2290),#2296,.T.);
#2290 = FACE_BOUND('',#2291,.F.);
#2291 = EDGE_LOOP('',(#2292,#2293,#2294,#2295));
#2292 = ORIENTED_EDGE('',*,*,#2278,.F.);
#2293 = ORIENTED_EDGE('',*,*,#1343,.T.);
#2294 = ORIENTED_EDGE('',*,*,#2259,.T.);
#2295 = ORIENTED_EDGE('',*,*,#1407,.F.);
#2296 = PLANE('',#2297);
#2297 = AXIS2_PLACEMENT_3D('',#2298,#2299,#2300);
#2298 = CARTESIAN_POINT('',(49.999999999986,130.99999999994,14.));
#2299 = DIRECTION('',(1.E-17,0.707106781187,0.707106781187));
#2300 = DIRECTION('',(-1.,7.071067811865E-18,7.071067811865E-18));
#2301 = ADVANCED_FACE('',(#2302),#2313,.F.);
#2302 = FACE_BOUND('',#2303,.F.);
#2303 = EDGE_LOOP('',(#2304,#2310,#2311,#2312));
#2304 = ORIENTED_EDGE('',*,*,#2305,.F.);
#2305 = EDGE_CURVE('',#1759,#1482,#2306,.T.);
#2306 = LINE('',#2307,#2308);
#2307 = CARTESIAN_POINT('',(33.586376753487,117.61730379621,12.));
#2308 = VECTOR('',#2309,1.);
#2309 = DIRECTION('',(-0.548638821212,0.446089053731,0.707106781187));
#2310 = ORIENTED_EDGE('',*,*,#1766,.T.);
#2311 = ORIENTED_EDGE('',*,*,#1383,.T.);
#2312 = ORIENTED_EDGE('',*,*,#1481,.F.);
#2313 = CONICAL_SURFACE('',#2314,150.,0.785398163397);
#2314 = AXIS2_PLACEMENT_3D('',#2315,#2316,#2317);
#2315 = CARTESIAN_POINT('',(149.97024602387,22.98752532424,12.));
#2316 = DIRECTION('',(0.,0.,1.));
#2317 = DIRECTION('',(-0.775892461803,0.630865189813,0.));
#2318 = ADVANCED_FACE('',(#2319),#2330,.F.);
#2319 = FACE_BOUND('',#2320,.F.);
#2320 = EDGE_LOOP('',(#2321,#2322,#2323,#2329));
#2321 = ORIENTED_EDGE('',*,*,#1676,.F.);
#2322 = ORIENTED_EDGE('',*,*,#1718,.T.);
#2323 = ORIENTED_EDGE('',*,*,#2324,.T.);
#2324 = EDGE_CURVE('',#1709,#1508,#2325,.T.);
#2325 = LINE('',#2326,#2327);
#2326 = CARTESIAN_POINT('',(86.413623246514,117.61730379621,12.));
#2327 = VECTOR('',#2328,1.);
#2328 = DIRECTION('',(0.548638821212,0.446089053731,0.707106781187));
#2329 = ORIENTED_EDGE('',*,*,#1516,.F.);
#2330 = CONICAL_SURFACE('',#2331,150.,0.785398163397);
#2331 = AXIS2_PLACEMENT_3D('',#2332,#2333,#2334);
#2332 = CARTESIAN_POINT('',(-29.97024602387,22.98752532424,12.));
#2333 = DIRECTION('',(0.,0.,1.));
#2334 = DIRECTION('',(0.999801640159,-1.991683549492E-02,0.));
#2335 = ADVANCED_FACE('',(#2336),#2347,.F.);
#2336 = FACE_BOUND('',#2337,.F.);
#2337 = EDGE_LOOP('',(#2338,#2339,#2340,#2346));
#2338 = ORIENTED_EDGE('',*,*,#2324,.F.);
#2339 = ORIENTED_EDGE('',*,*,#1743,.T.);
#2340 = ORIENTED_EDGE('',*,*,#2341,.T.);
#2341 = EDGE_CURVE('',#1734,#1500,#2342,.T.);
#2342 = LINE('',#2343,#2344);
#2343 = CARTESIAN_POINT('',(70.895774010462,124.99999999994,12.));
#2344 = VECTOR('',#2345,1.);
#2345 = DIRECTION('',(7.E-17,0.707106781187,0.707106781187));
#2346 = ORIENTED_EDGE('',*,*,#1507,.F.);
#2347 = CONICAL_SURFACE('',#2348,20.,0.785398163397);
#2348 = AXIS2_PLACEMENT_3D('',#2349,#2350,#2351);
#2349 = CARTESIAN_POINT('',(70.895774010462,104.99999999994,12.));
#2350 = DIRECTION('',(0.,0.,1.));
#2351 = DIRECTION('',(0.775892461803,0.630865189813,0.));
#2352 = ADVANCED_FACE('',(#2353),#2364,.F.);
#2353 = FACE_BOUND('',#2354,.F.);
#2354 = EDGE_LOOP('',(#2355,#2356,#2357,#2363));
#2355 = ORIENTED_EDGE('',*,*,#2341,.F.);
#2356 = ORIENTED_EDGE('',*,*,#1791,.T.);
#2357 = ORIENTED_EDGE('',*,*,#2358,.T.);
#2358 = EDGE_CURVE('',#1784,#1491,#2359,.T.);
#2359 = LINE('',#2360,#2361);
#2360 = CARTESIAN_POINT('',(49.104225989538,126.49999999994,13.5));
#2361 = VECTOR('',#2362,1.);
#2362 = DIRECTION('',(0.,0.707106781187,0.707106781187));
#2363 = ORIENTED_EDGE('',*,*,#1499,.F.);
#2364 = PLANE('',#2365);
#2365 = AXIS2_PLACEMENT_3D('',#2366,#2367,#2368);
#2366 = CARTESIAN_POINT('',(70.895774010462,126.49999999994,13.5));
#2367 = DIRECTION('',(0.,0.707106781187,-0.707106781187));
#2368 = DIRECTION('',(-1.,0.,0.));
#2369 = ADVANCED_FACE('',(#2370),#2376,.F.);
#2370 = FACE_BOUND('',#2371,.F.);
#2371 = EDGE_LOOP('',(#2372,#2373,#2374,#2375));
#2372 = ORIENTED_EDGE('',*,*,#2358,.F.);
#2373 = ORIENTED_EDGE('',*,*,#1810,.T.);
#2374 = ORIENTED_EDGE('',*,*,#2305,.T.);
#2375 = ORIENTED_EDGE('',*,*,#1490,.F.);
#2376 = CONICAL_SURFACE('',#2377,20.,0.785398163397);
#2377 = AXIS2_PLACEMENT_3D('',#2378,#2379,#2380);
#2378 = CARTESIAN_POINT('',(49.104225989538,104.99999999994,12.));
#2379 = DIRECTION('',(0.,0.,1.));
#2380 = DIRECTION('',(0.,1.,0.));
#2381 = ADVANCED_FACE('',(#2382),#2398,.F.);
#2382 = FACE_BOUND('',#2383,.T.);
#2383 = EDGE_LOOP('',(#2384,#2390,#2391,#2397));
#2384 = ORIENTED_EDGE('',*,*,#2385,.F.);
#2385 = EDGE_CURVE('',#1826,#1540,#2386,.T.);
#2386 = LINE('',#2387,#2388);
#2387 = CARTESIAN_POINT('',(128.5,-9.,13.5));
#2388 = VECTOR('',#2389,1.);
#2389 = DIRECTION('',(-0.707106781187,0.,0.707106781187));
#2390 = ORIENTED_EDGE('',*,*,#1833,.T.);
#2391 = ORIENTED_EDGE('',*,*,#2392,.T.);
#2392 = EDGE_CURVE('',#1834,#1542,#2393,.T.);
#2393 = LINE('',#2394,#2395);
#2394 = CARTESIAN_POINT('',(128.5,19.9,13.5));
#2395 = VECTOR('',#2396,1.);
#2396 = DIRECTION('',(-0.707106781187,0.,0.707106781187));
#2397 = ORIENTED_EDGE('',*,*,#1539,.F.);
#2398 = PLANE('',#2399);
#2399 = AXIS2_PLACEMENT_3D('',#2400,#2401,#2402);
#2400 = CARTESIAN_POINT('',(128.5,-9.,13.5));
#2401 = DIRECTION('',(-0.707106781187,0.,-0.707106781187));
#2402 = DIRECTION('',(-0.,-1.,-0.));
#2403 = ADVANCED_FACE('',(#2404),#2415,.T.);
#2404 = FACE_BOUND('',#2405,.T.);
#2405 = EDGE_LOOP('',(#2406,#2412,#2413,#2414));
#2406 = ORIENTED_EDGE('',*,*,#2407,.F.);
#2407 = EDGE_CURVE('',#1857,#1645,#2408,.T.);
#2408 = LINE('',#2409,#2410);
#2409 = CARTESIAN_POINT('',(124.,-13.5,13.5));
#2410 = VECTOR('',#2411,1.);
#2411 = DIRECTION('',(0.,0.707106781187,0.707106781187));
#2412 = ORIENTED_EDGE('',*,*,#1866,.T.);
#2413 = ORIENTED_EDGE('',*,*,#2385,.T.);
#2414 = ORIENTED_EDGE('',*,*,#1652,.F.);
#2415 = CONICAL_SURFACE('',#2416,6.,0.785398163397);
#2416 = AXIS2_PLACEMENT_3D('',#2417,#2418,#2419);
#2417 = CARTESIAN_POINT('',(124.,-9.,12.));
#2418 = DIRECTION('',(-0.,-0.,-1.));
#2419 = DIRECTION('',(0.,-1.,0.));
#2420 = ADVANCED_FACE('',(#2421),#2432,.T.);
#2421 = FACE_BOUND('',#2422,.T.);
#2422 = EDGE_LOOP('',(#2423,#2424,#2425,#2431));
#2423 = ORIENTED_EDGE('',*,*,#2392,.F.);
#2424 = ORIENTED_EDGE('',*,*,#1891,.T.);
#2425 = ORIENTED_EDGE('',*,*,#2426,.T.);
#2426 = EDGE_CURVE('',#1882,#1550,#2427,.T.);
#2427 = LINE('',#2428,#2429);
#2428 = CARTESIAN_POINT('',(85.933608592912,133.29087606689,12.));
#2429 = VECTOR('',#2430,1.);
#2430 = DIRECTION('',(-0.512227139607,-0.487466262884,0.707106781187));
#2431 = ORIENTED_EDGE('',*,*,#1549,.F.);
#2432 = CONICAL_SURFACE('',#2433,160.,0.785398163397);
#2433 = AXIS2_PLACEMENT_3D('',#2434,#2435,#2436);
#2434 = CARTESIAN_POINT('',(-29.97016226275,22.989852039754,12.));
#2435 = DIRECTION('',(-0.,-0.,-1.));
#2436 = DIRECTION('',(0.999813514142,-1.931157524846E-02,0.));
#2437 = ADVANCED_FACE('',(#2438),#2449,.F.);
#2438 = FACE_BOUND('',#2439,.T.);
#2439 = EDGE_LOOP('',(#2440,#2446,#2447,#2448));
#2440 = ORIENTED_EDGE('',*,*,#2441,.F.);
#2441 = EDGE_CURVE('',#1907,#1636,#2442,.T.);
#2442 = LINE('',#2443,#2444);
#2443 = CARTESIAN_POINT('',(-3.999999999923,-15.,12.));
#2444 = VECTOR('',#2445,1.);
#2445 = DIRECTION('',(8.8E-16,0.707106781187,0.707106781187));
#2446 = ORIENTED_EDGE('',*,*,#1914,.T.);
#2447 = ORIENTED_EDGE('',*,*,#2407,.T.);
#2448 = ORIENTED_EDGE('',*,*,#1644,.F.);
#2449 = PLANE('',#2450);
#2450 = AXIS2_PLACEMENT_3D('',#2451,#2452,#2453);
#2451 = CARTESIAN_POINT('',(-3.999999999923,-13.5,13.5));
#2452 = DIRECTION('',(0.,0.707106781187,-0.707106781187));
#2453 = DIRECTION('',(-1.,0.,0.));
#2454 = ADVANCED_FACE('',(#2455),#2466,.F.);
#2455 = FACE_BOUND('',#2456,.T.);
#2456 = EDGE_LOOP('',(#2457,#2458,#2459,#2465));
#2457 = ORIENTED_EDGE('',*,*,#2426,.F.);
#2458 = ORIENTED_EDGE('',*,*,#1940,.T.);
#2459 = ORIENTED_EDGE('',*,*,#2460,.T.);
#2460 = EDGE_CURVE('',#1933,#1559,#2461,.T.);
#2461 = LINE('',#2462,#2463);
#2462 = CARTESIAN_POINT('',(84.28,137.42716446791,12.));
#2463 = VECTOR('',#2464,1.);
#2464 = DIRECTION('',(-0.707106781187,-2.02E-15,0.707106781187));
#2465 = ORIENTED_EDGE('',*,*,#1558,.F.);
#2466 = CONICAL_SURFACE('',#2467,6.,0.785398163397);
#2467 = AXIS2_PLACEMENT_3D('',#2468,#2469,#2470);
#2468 = CARTESIAN_POINT('',(90.28,137.42716446791,12.));
#2469 = DIRECTION('',(0.,0.,1.));
#2470 = DIRECTION('',(-0.724398567848,-0.68938140017,0.));
#2471 = ADVANCED_FACE('',(#2472),#2483,.T.);
#2472 = FACE_BOUND('',#2473,.T.);
#2473 = EDGE_LOOP('',(#2474,#2480,#2481,#2482));
#2474 = ORIENTED_EDGE('',*,*,#2475,.F.);
#2475 = EDGE_CURVE('',#1956,#1628,#2476,.T.);
#2476 = LINE('',#2477,#2478);
#2477 = CARTESIAN_POINT('',(-8.499999999923,-9.,13.5));
#2478 = VECTOR('',#2479,1.);
#2479 = DIRECTION('',(0.707106781187,0.,0.707106781187));
#2480 = ORIENTED_EDGE('',*,*,#1965,.T.);
#2481 = ORIENTED_EDGE('',*,*,#2441,.T.);
#2482 = ORIENTED_EDGE('',*,*,#1635,.F.);
#2483 = CONICAL_SURFACE('',#2484,6.,0.785398163397);
#2484 = AXIS2_PLACEMENT_3D('',#2485,#2486,#2487);
#2485 = CARTESIAN_POINT('',(-3.999999999923,-9.,12.));
#2486 = DIRECTION('',(-0.,-0.,-1.));
#2487 = DIRECTION('',(-1.,1.18E-15,0.));
#2488 = ADVANCED_FACE('',(#2489),#2500,.T.);
#2489 = FACE_BOUND('',#2490,.T.);
#2490 = EDGE_LOOP('',(#2491,#2492,#2493,#2499));
#2491 = ORIENTED_EDGE('',*,*,#2460,.F.);
#2492 = ORIENTED_EDGE('',*,*,#1988,.T.);
#2493 = ORIENTED_EDGE('',*,*,#2494,.T.);
#2494 = EDGE_CURVE('',#1981,#1568,#2495,.T.);
#2495 = LINE('',#2496,#2497);
#2496 = CARTESIAN_POINT('',(82.78,140.99999999994,13.5));
#2497 = VECTOR('',#2498,1.);
#2498 = DIRECTION('',(-0.707106781187,0.,0.707106781187));
#2499 = ORIENTED_EDGE('',*,*,#1567,.F.);
#2500 = PLANE('',#2501);
#2501 = AXIS2_PLACEMENT_3D('',#2502,#2503,#2504);
#2502 = CARTESIAN_POINT('',(82.78,137.42716446791,13.5));
#2503 = DIRECTION('',(0.707106781187,0.,0.707106781187));
#2504 = DIRECTION('',(0.,1.,0.));
#2505 = ADVANCED_FACE('',(#2506),#2517,.T.);
#2506 = FACE_BOUND('',#2507,.T.);
#2507 = EDGE_LOOP('',(#2508,#2514,#2515,#2516));
#2508 = ORIENTED_EDGE('',*,*,#2509,.F.);
#2509 = EDGE_CURVE('',#2006,#1619,#2510,.T.);
#2510 = LINE('',#2511,#2512);
#2511 = CARTESIAN_POINT('',(-9.999999999923,19.9,12.));
#2512 = VECTOR('',#2513,1.);
#2513 = DIRECTION('',(0.706974915772,1.365534581392E-02,0.707106781187)
  );
#2514 = ORIENTED_EDGE('',*,*,#2005,.T.);
#2515 = ORIENTED_EDGE('',*,*,#2475,.T.);
#2516 = ORIENTED_EDGE('',*,*,#1627,.F.);
#2517 = PLANE('',#2518);
#2518 = AXIS2_PLACEMENT_3D('',#2519,#2520,#2521);
#2519 = CARTESIAN_POINT('',(-8.499999999923,19.9,13.5));
#2520 = DIRECTION('',(-0.707106781187,0.,0.707106781187));
#2521 = DIRECTION('',(0.,-1.,0.));
#2522 = ADVANCED_FACE('',(#2523),#2534,.T.);
#2523 = FACE_BOUND('',#2524,.T.);
#2524 = EDGE_LOOP('',(#2525,#2526,#2527,#2533));
#2525 = ORIENTED_EDGE('',*,*,#2494,.F.);
#2526 = ORIENTED_EDGE('',*,*,#2038,.T.);
#2527 = ORIENTED_EDGE('',*,*,#2528,.T.);
#2528 = EDGE_CURVE('',#2031,#1576,#2529,.T.);
#2529 = LINE('',#2530,#2531);
#2530 = CARTESIAN_POINT('',(78.28,146.99999999994,12.));
#2531 = VECTOR('',#2532,1.);
#2532 = DIRECTION('',(-4.E-17,-0.707106781187,0.707106781187));
#2533 = ORIENTED_EDGE('',*,*,#1575,.F.);
#2534 = CONICAL_SURFACE('',#2535,6.,0.785398163397);
#2535 = AXIS2_PLACEMENT_3D('',#2536,#2537,#2538);
#2536 = CARTESIAN_POINT('',(78.28,140.99999999994,12.));
#2537 = DIRECTION('',(-0.,-0.,-1.));
#2538 = DIRECTION('',(1.,0.,0.));
#2539 = ADVANCED_FACE('',(#2540),#2551,.T.);
#2540 = FACE_BOUND('',#2541,.T.);
#2541 = EDGE_LOOP('',(#2542,#2548,#2549,#2550));
#2542 = ORIENTED_EDGE('',*,*,#2543,.F.);
#2543 = EDGE_CURVE('',#2054,#1610,#2544,.T.);
#2544 = LINE('',#2545,#2546);
#2545 = CARTESIAN_POINT('',(34.06639140709,133.29087606689,12.));
#2546 = VECTOR('',#2547,1.);
#2547 = DIRECTION('',(0.512227139607,-0.487466262884,0.707106781187));
#2548 = ORIENTED_EDGE('',*,*,#2061,.T.);
#2549 = ORIENTED_EDGE('',*,*,#2509,.T.);
#2550 = ORIENTED_EDGE('',*,*,#1618,.F.);
#2551 = CONICAL_SURFACE('',#2552,160.,0.785398163397);
#2552 = AXIS2_PLACEMENT_3D('',#2553,#2554,#2555);
#2553 = CARTESIAN_POINT('',(149.97016226283,22.989852039831,12.));
#2554 = DIRECTION('',(-0.,-0.,-1.));
#2555 = DIRECTION('',(-0.724398567848,0.689381400169,0.));
#2556 = ADVANCED_FACE('',(#2557),#2568,.T.);
#2557 = FACE_BOUND('',#2558,.T.);
#2558 = EDGE_LOOP('',(#2559,#2560,#2561,#2567));
#2559 = ORIENTED_EDGE('',*,*,#2528,.F.);
#2560 = ORIENTED_EDGE('',*,*,#2086,.T.);
#2561 = ORIENTED_EDGE('',*,*,#2562,.T.);
#2562 = EDGE_CURVE('',#2079,#1585,#2563,.T.);
#2563 = LINE('',#2564,#2565);
#2564 = CARTESIAN_POINT('',(41.72,145.49999999994,13.5));
#2565 = VECTOR('',#2566,1.);
#2566 = DIRECTION('',(0.,-0.707106781187,0.707106781187));
#2567 = ORIENTED_EDGE('',*,*,#1584,.F.);
#2568 = PLANE('',#2569);
#2569 = AXIS2_PLACEMENT_3D('',#2570,#2571,#2572);
#2570 = CARTESIAN_POINT('',(78.28,145.49999999994,13.5));
#2571 = DIRECTION('',(0.,0.707106781187,0.707106781187));
#2572 = DIRECTION('',(-1.,0.,0.));
#2573 = ADVANCED_FACE('',(#2574),#2585,.F.);
#2574 = FACE_BOUND('',#2575,.T.);
#2575 = EDGE_LOOP('',(#2576,#2582,#2583,#2584));
#2576 = ORIENTED_EDGE('',*,*,#2577,.F.);
#2577 = EDGE_CURVE('',#2103,#1602,#2578,.T.);
#2578 = LINE('',#2579,#2580);
#2579 = CARTESIAN_POINT('',(37.22,137.42716446791,13.5));
#2580 = VECTOR('',#2581,1.);
#2581 = DIRECTION('',(0.707106781187,0.,0.707106781187));
#2582 = ORIENTED_EDGE('',*,*,#2112,.T.);
#2583 = ORIENTED_EDGE('',*,*,#2543,.T.);
#2584 = ORIENTED_EDGE('',*,*,#1609,.F.);
#2585 = CONICAL_SURFACE('',#2586,6.,0.785398163397);
#2586 = AXIS2_PLACEMENT_3D('',#2587,#2588,#2589);
#2587 = CARTESIAN_POINT('',(29.72,137.42716446791,12.));
#2588 = DIRECTION('',(0.,0.,1.));
#2589 = DIRECTION('',(1.,0.,0.));
#2590 = ADVANCED_FACE('',(#2591),#2602,.T.);
#2591 = FACE_BOUND('',#2592,.T.);
#2592 = EDGE_LOOP('',(#2593,#2594,#2595,#2601));
#2593 = ORIENTED_EDGE('',*,*,#2562,.F.);
#2594 = ORIENTED_EDGE('',*,*,#2137,.T.);
#2595 = ORIENTED_EDGE('',*,*,#2596,.T.);
#2596 = EDGE_CURVE('',#2130,#1593,#2597,.T.);
#2597 = LINE('',#2598,#2599);
#2598 = CARTESIAN_POINT('',(35.72,140.99999999994,12.));
#2599 = VECTOR('',#2600,1.);
#2600 = DIRECTION('',(0.707106781187,-4.E-17,0.707106781187));
#2601 = ORIENTED_EDGE('',*,*,#1592,.F.);
#2602 = CONICAL_SURFACE('',#2603,6.,0.785398163397);
#2603 = AXIS2_PLACEMENT_3D('',#2604,#2605,#2606);
#2604 = CARTESIAN_POINT('',(41.72,140.99999999994,12.));
#2605 = DIRECTION('',(-0.,-0.,-1.));
#2606 = DIRECTION('',(0.,1.,0.));
#2607 = ADVANCED_FACE('',(#2608),#2614,.T.);
#2608 = FACE_BOUND('',#2609,.T.);
#2609 = EDGE_LOOP('',(#2610,#2611,#2612,#2613));
#2610 = ORIENTED_EDGE('',*,*,#2596,.F.);
#2611 = ORIENTED_EDGE('',*,*,#2153,.T.);
#2612 = ORIENTED_EDGE('',*,*,#2577,.T.);
#2613 = ORIENTED_EDGE('',*,*,#1601,.F.);
#2614 = PLANE('',#2615);
#2615 = AXIS2_PLACEMENT_3D('',#2616,#2617,#2618);
#2616 = CARTESIAN_POINT('',(37.22,140.99999999994,13.5));
#2617 = DIRECTION('',(-0.707106781187,0.,0.707106781187));
#2618 = DIRECTION('',(0.,-1.,0.));
#2619 = ( GEOMETRIC_REPRESENTATION_CONTEXT(3) 
GLOBAL_UNCERTAINTY_ASSIGNED_CONTEXT((#2623)) 
GLOBAL_UNIT_ASSIGNED_CONTEXT((#2620,#2621,#2622)) REPRESENTATION_CONTEXT
('Context #1','3D Context with UNIT and UNCERTAINTY') );
#2620 = ( LENGTH_UNIT() NAMED_UNIT(*) SI_UNIT(.MILLI.,.METRE.) );
#2621 = ( NAMED_UNIT(*) PLANE_ANGLE_UNIT() SI_UNIT($,.RADIAN.) );
#2622 = ( NAMED_UNIT(*) SI_UNIT($,.STERADIAN.) SOLID_ANGLE_UNIT() );
#2623 = UNCERTAINTY_MEASURE_WITH_UNIT(LENGTH_MEASURE(5.E-03),#2620,
  'distance_accuracy_value','confusion accuracy');
#2624 = PRODUCT_RELATED_PRODUCT_CATEGORY('part',$,(#7));
#2625 = MECHANICAL_DESIGN_GEOMETRIC_PRESENTATION_REPRESENTATION('',(
    #2626),#2619);
#2626 = STYLED_ITEM('color',(#2627),#15);
#2627 = PRESENTATION_STYLE_ASSIGNMENT((#2628,#2634));
#2628 = SURFACE_STYLE_USAGE(.BOTH.,#2629);
#2629 = SURFACE_SIDE_STYLE('',(#2630));
#2630 = SURFACE_STYLE_FILL_AREA(#2631);
#2631 = FILL_AREA_STYLE('',(#2632));
#2632 = FILL_AREA_STYLE_COLOUR('',#2633);
#2633 = COLOUR_RGB('',0.447058818107,0.474509808674,0.501960817233);
#2634 = CURVE_STYLE('',#2635,POSITIVE_LENGTH_MEASURE(0.1),#2636);
#2635 = DRAUGHTING_PRE_DEFINED_CURVE_FONT('continuous');
#2636 = COLOUR_RGB('',9.803921802644E-02,9.803921802644E-02,
  9.803921802644E-02);
ENDSEC;
END-ISO-10303-21;
