ISO-10303-21;
HEADER;
FILE_DESCRIPTION(('FreeCAD Model'),'2;1');
FILE_NAME('Open CASCADE Shape Model','2026-05-14T10:32:10',(''),(''),
  'Open CASCADE STEP processor 7.8','FreeCAD','Unknown');
FILE_SCHEMA(('AUTOMOTIVE_DESIGN { 1 0 10303 214 1 1 1 1 }'));
ENDSEC;
DATA;
#1 = APPLICATION_PROTOCOL_DEFINITION('international standard',
  'automotive_design',2000,#2);
#2 = APPLICATION_CONTEXT(
  'core data for automotive mechanical design processes');
#3 = SHAPE_DEFINITION_REPRESENTATION(#4,#10);
#4 = PRODUCT_DEFINITION_SHAPE('','',#5);
#5 = PRODUCT_DEFINITION('design','',#6,#9);
#6 = PRODUCT_DEFINITION_FORMATION('','',#7);
#7 = PRODUCT('Body','Body','',(#8));
#8 = PRODUCT_CONTEXT('',#2,'mechanical');
#9 = PRODUCT_DEFINITION_CONTEXT('part definition',#2,'design');
#10 = ADVANCED_BREP_SHAPE_REPRESENTATION('',(#11,#15),#2051);
#11 = AXIS2_PLACEMENT_3D('',#12,#13,#14);
#12 = CARTESIAN_POINT('',(0.,0.,0.));
#13 = DIRECTION('',(0.,0.,1.));
#14 = DIRECTION('',(1.,0.,-0.));
#15 = MANIFOLD_SOLID_BREP('',#16);
#16 = CLOSED_SHELL('',(#17,#99,#138,#250,#310,#335,#374,#528,#640,#657,
    #682,#784,#801,#1043,#1068,#1080,#1126,#1150,#1204,#1228,#1267,#1285
    ,#1307,#1324,#1341,#1353,#1370,#1387,#1404,#1421,#1438,#1470,#1527,
    #1552,#1605,#1699,#1751,#1852,#1898,#1930,#1947,#1979,#2015));
#17 = ADVANCED_FACE('',(#18),#94,.F.);
#18 = FACE_BOUND('',#19,.F.);
#19 = EDGE_LOOP('',(#20,#30,#39,#47,#59,#67,#76,#84));
#20 = ORIENTED_EDGE('',*,*,#21,.T.);
#21 = EDGE_CURVE('',#22,#24,#26,.T.);
#22 = VERTEX_POINT('',#23);
#23 = CARTESIAN_POINT('',(-20.7,45.,1.));
#24 = VERTEX_POINT('',#25);
#25 = CARTESIAN_POINT('',(-20.7,45.,6.));
#26 = LINE('',#27,#28);
#27 = CARTESIAN_POINT('',(-20.7,45.,-9.E-17));
#28 = VECTOR('',#29,1.);
#29 = DIRECTION('',(0.,0.,1.));
#30 = ORIENTED_EDGE('',*,*,#31,.T.);
#31 = EDGE_CURVE('',#24,#32,#34,.T.);
#32 = VERTEX_POINT('',#33);
#33 = CARTESIAN_POINT('',(20.7,45.,6.));
#34 = CIRCLE('',#35,20.7);
#35 = AXIS2_PLACEMENT_3D('',#36,#37,#38);
#36 = CARTESIAN_POINT('',(8.E-17,45.,6.));
#37 = DIRECTION('',(0.,0.,-1.));
#38 = DIRECTION('',(1.,0.,0.));
#39 = ORIENTED_EDGE('',*,*,#40,.F.);
#40 = EDGE_CURVE('',#41,#32,#43,.T.);
#41 = VERTEX_POINT('',#42);
#42 = CARTESIAN_POINT('',(20.7,45.,1.));
#43 = LINE('',#44,#45);
#44 = CARTESIAN_POINT('',(20.7,45.,-9.E-17));
#45 = VECTOR('',#46,1.);
#46 = DIRECTION('',(0.,0.,1.));
#47 = ORIENTED_EDGE('',*,*,#48,.T.);
#48 = EDGE_CURVE('',#41,#49,#51,.T.);
#49 = VERTEX_POINT('',#50);
#50 = CARTESIAN_POINT('',(19.622202559843,51.592356687898,1.));
#51 = ( BOUNDED_CURVE() B_SPLINE_CURVE(6,(#52,#53,#54,#55,#56,#57,#58),
.UNSPECIFIED.,.F.,.F.) B_SPLINE_CURVE_WITH_KNOTS((7,7),(0.,
0.324116421569),.PIECEWISE_BEZIER_KNOTS.) CURVE() 
GEOMETRIC_REPRESENTATION_ITEM() RATIONAL_B_SPLINE_CURVE((1.001314129087,
    1.000437275407,0.999912392736,0.999737632742,0.999912392736,
1.000437275407,1.001314129087)) REPRESENTATION_ITEM('') );
#52 = CARTESIAN_POINT('',(20.7,45.,1.));
#53 = CARTESIAN_POINT('',(20.7,46.119181724685,1.));
#54 = CARTESIAN_POINT('',(20.62741288182,47.237185027919,1.));
#55 = CARTESIAN_POINT('',(20.482486670445,48.348722277418,1.));
#56 = CARTESIAN_POINT('',(20.265874180361,49.448539395354,1.));
#57 = CARTESIAN_POINT('',(19.978629860698,50.531447967945,1.));
#58 = CARTESIAN_POINT('',(19.622202559843,51.592356687898,1.));
#59 = ORIENTED_EDGE('',*,*,#60,.F.);
#60 = EDGE_CURVE('',#61,#49,#63,.T.);
#61 = VERTEX_POINT('',#62);
#62 = CARTESIAN_POINT('',(19.622202559843,51.592356687898,-9.E-17));
#63 = LINE('',#64,#65);
#64 = CARTESIAN_POINT('',(19.622202559843,51.592356687898,-9.E-17));
#65 = VECTOR('',#66,1.);
#66 = DIRECTION('',(0.,0.,1.));
#67 = ORIENTED_EDGE('',*,*,#68,.F.);
#68 = EDGE_CURVE('',#69,#61,#71,.T.);
#69 = VERTEX_POINT('',#70);
#70 = CARTESIAN_POINT('',(-19.62220255984,51.592356687898,-9.E-17));
#71 = CIRCLE('',#72,20.7);
#72 = AXIS2_PLACEMENT_3D('',#73,#74,#75);
#73 = CARTESIAN_POINT('',(8.E-17,45.,-9.E-17));
#74 = DIRECTION('',(0.,0.,-1.));
#75 = DIRECTION('',(1.,0.,0.));
#76 = ORIENTED_EDGE('',*,*,#77,.T.);
#77 = EDGE_CURVE('',#69,#78,#80,.T.);
#78 = VERTEX_POINT('',#79);
#79 = CARTESIAN_POINT('',(-19.62220255984,51.592356687898,1.));
#80 = LINE('',#81,#82);
#81 = CARTESIAN_POINT('',(-19.62220255984,51.592356687898,-9.E-17));
#82 = VECTOR('',#83,1.);
#83 = DIRECTION('',(0.,0.,1.));
#84 = ORIENTED_EDGE('',*,*,#85,.F.);
#85 = EDGE_CURVE('',#22,#78,#86,.T.);
#86 = ( BOUNDED_CURVE() B_SPLINE_CURVE(6,(#87,#88,#89,#90,#91,#92,#93),
.UNSPECIFIED.,.F.,.F.) B_SPLINE_CURVE_WITH_KNOTS((7,7),(0.,
0.324116421569),.PIECEWISE_BEZIER_KNOTS.) CURVE() 
GEOMETRIC_REPRESENTATION_ITEM() RATIONAL_B_SPLINE_CURVE((1.001314129087,
    1.000437275407,0.999912392736,0.999737632742,0.999912392736,
1.000437275407,1.001314129087)) REPRESENTATION_ITEM('') );
#87 = CARTESIAN_POINT('',(-20.7,45.,1.));
#88 = CARTESIAN_POINT('',(-20.7,46.119181724685,1.));
#89 = CARTESIAN_POINT('',(-20.62741288182,47.237185027919,1.));
#90 = CARTESIAN_POINT('',(-20.48248667044,48.348722277418,1.));
#91 = CARTESIAN_POINT('',(-20.26587418036,49.448539395354,1.));
#92 = CARTESIAN_POINT('',(-19.97862986069,50.531447967945,1.));
#93 = CARTESIAN_POINT('',(-19.62220255984,51.592356687898,1.));
#94 = CYLINDRICAL_SURFACE('',#95,20.7);
#95 = AXIS2_PLACEMENT_3D('',#96,#97,#98);
#96 = CARTESIAN_POINT('',(8.E-17,45.,-9.E-17));
#97 = DIRECTION('',(0.,0.,-1.));
#98 = DIRECTION('',(1.,0.,0.));
#99 = ADVANCED_FACE('',(#100),#133,.F.);
#100 = FACE_BOUND('',#101,.F.);
#101 = EDGE_LOOP('',(#102,#103,#111,#119,#127));
#102 = ORIENTED_EDGE('',*,*,#21,.F.);
#103 = ORIENTED_EDGE('',*,*,#104,.F.);
#104 = EDGE_CURVE('',#105,#22,#107,.T.);
#105 = VERTEX_POINT('',#106);
#106 = CARTESIAN_POINT('',(-20.7,38.320118711947,1.));
#107 = LINE('',#108,#109);
#108 = CARTESIAN_POINT('',(-20.7,38.320118711947,1.));
#109 = VECTOR('',#110,1.);
#110 = DIRECTION('',(0.,1.,0.));
#111 = ORIENTED_EDGE('',*,*,#112,.F.);
#112 = EDGE_CURVE('',#113,#105,#115,.T.);
#113 = VERTEX_POINT('',#114);
#114 = CARTESIAN_POINT('',(-20.7,-20.7,1.));
#115 = LINE('',#116,#117);
#116 = CARTESIAN_POINT('',(-20.7,9.5982281575,1.));
#117 = VECTOR('',#118,1.);
#118 = DIRECTION('',(0.,1.,0.));
#119 = ORIENTED_EDGE('',*,*,#120,.T.);
#120 = EDGE_CURVE('',#113,#121,#123,.T.);
#121 = VERTEX_POINT('',#122);
#122 = CARTESIAN_POINT('',(-20.7,-20.7,6.));
#123 = LINE('',#124,#125);
#124 = CARTESIAN_POINT('',(-20.7,-20.7,3.));
#125 = VECTOR('',#126,1.);
#126 = DIRECTION('',(0.,0.,1.));
#127 = ORIENTED_EDGE('',*,*,#128,.T.);
#128 = EDGE_CURVE('',#121,#24,#129,.T.);
#129 = LINE('',#130,#131);
#130 = CARTESIAN_POINT('',(-20.7,-20.,6.));
#131 = VECTOR('',#132,1.);
#132 = DIRECTION('',(0.,1.,0.));
#133 = PLANE('',#134);
#134 = AXIS2_PLACEMENT_3D('',#135,#136,#137);
#135 = CARTESIAN_POINT('',(-20.7,11.75,3.));
#136 = DIRECTION('',(-1.,-0.,-0.));
#137 = DIRECTION('',(0.,0.,-1.));
#138 = ADVANCED_FACE('',(#139),#168,.F.);
#139 = FACE_BOUND('',#140,.F.);
#140 = EDGE_LOOP('',(#141,#153,#166,#167));
#141 = ORIENTED_EDGE('',*,*,#142,.T.);
#142 = EDGE_CURVE('',#78,#143,#145,.T.);
#143 = VERTEX_POINT('',#144);
#144 = CARTESIAN_POINT('',(-14.88254010577,45.,1.));
#145 = ( BOUNDED_CURVE() B_SPLINE_CURVE(6,(#146,#147,#148,#149,#150,#151
,#152),.UNSPECIFIED.,.F.,.F.) B_SPLINE_CURVE_WITH_KNOTS((7,7),(0.,
1.894912748363),.PIECEWISE_BEZIER_KNOTS.) CURVE() 
GEOMETRIC_REPRESENTATION_ITEM() RATIONAL_B_SPLINE_CURVE((1.046057713687,
    1.014406760045,0.996983764391,0.991274526018,0.996983764391,
1.014406760045,1.046057713687)) REPRESENTATION_ITEM('') );
#146 = CARTESIAN_POINT('',(-19.62220255984,51.592356687898,1.));
#147 = CARTESIAN_POINT('',(-20.14078255044,50.048799186269,1.));
#148 = CARTESIAN_POINT('',(-20.04400756133,48.365280568496,1.));
#149 = CARTESIAN_POINT('',(-19.32132840226,46.80867416215,1.));
#150 = CARTESIAN_POINT('',(-18.0759232127,45.627888582518,1.));
#151 = CARTESIAN_POINT('',(-16.51088127625,45.,1.));
#152 = CARTESIAN_POINT('',(-14.88254010577,45.,1.));
#153 = ORIENTED_EDGE('',*,*,#154,.T.);
#154 = EDGE_CURVE('',#143,#105,#155,.T.);
#155 = B_SPLINE_CURVE_WITH_KNOTS('',9,(#156,#157,#158,#159,#160,#161,
    #162,#163,#164,#165),.UNSPECIFIED.,.F.,.F.,(10,10),(0.,1.),
  .PIECEWISE_BEZIER_KNOTS.);
#156 = CARTESIAN_POINT('',(-14.88254010577,45.,1.));
#157 = CARTESIAN_POINT('',(-15.98189936012,45.,1.));
#158 = CARTESIAN_POINT('',(-17.08128115523,44.757927869394,1.));
#159 = CARTESIAN_POINT('',(-18.11962967556,44.263853395426,1.));
#160 = CARTESIAN_POINT('',(-19.02774810839,43.533309936834,1.));
#161 = CARTESIAN_POINT('',(-19.74267629572,42.619984007281,1.));
#162 = CARTESIAN_POINT('',(-20.24895169568,41.597895975281,1.));
#163 = CARTESIAN_POINT('',(-20.55986325123,40.518816026251,1.));
#164 = CARTESIAN_POINT('',(-20.7,39.419482600758,1.));
#165 = CARTESIAN_POINT('',(-20.7,38.320118711947,1.));
#166 = ORIENTED_EDGE('',*,*,#104,.T.);
#167 = ORIENTED_EDGE('',*,*,#85,.T.);
#168 = B_SPLINE_SURFACE_WITH_KNOTS('',8,8,(
    (#169,#170,#171,#172,#173,#174,#175,#176,#177)
    ,(#178,#179,#180,#181,#182,#183,#184,#185,#186)
    ,(#187,#188,#189,#190,#191,#192,#193,#194,#195)
    ,(#196,#197,#198,#199,#200,#201,#202,#203,#204)
    ,(#205,#206,#207,#208,#209,#210,#211,#212,#213)
    ,(#214,#215,#216,#217,#218,#219,#220,#221,#222)
    ,(#223,#224,#225,#226,#227,#228,#229,#230,#231)
    ,(#232,#233,#234,#235,#236,#237,#238,#239,#240)
    ,(#241,#242,#243,#244,#245,#246,#247,#248,#249
  )),.UNSPECIFIED.,.F.,.F.,.F.,(9,9),(9,9),(-7.423526299198,
    7.223970280942),(-1.356244786465,5.09050978882),
  .PIECEWISE_BEZIER_KNOTS.);
#169 = CARTESIAN_POINT('',(-21.46327525535,37.70474947964,1.));
#170 = CARTESIAN_POINT('',(-20.66107113017,37.640085867278,1.));
#171 = CARTESIAN_POINT('',(-19.8591396385,37.575057104679,1.));
#172 = CARTESIAN_POINT('',(-19.05614849063,37.510801409115,1.));
#173 = CARTESIAN_POINT('',(-18.25321509233,37.446510034219,1.));
#174 = CARTESIAN_POINT('',(-17.45054101015,37.381990056927,1.));
#175 = CARTESIAN_POINT('',(-16.64780158501,37.31749304674,1.));
#176 = CARTESIAN_POINT('',(-15.8452845013,37.25290343196,1.));
#177 = CARTESIAN_POINT('',(-15.04277111888,37.188380377763,1.));
#178 = CARTESIAN_POINT('',(-21.31925301391,39.529156463957,1.));
#179 = CARTESIAN_POINT('',(-20.51650934731,39.465002172421,1.));
#180 = CARTESIAN_POINT('',(-19.71412142519,39.400434161825,1.));
#181 = CARTESIAN_POINT('',(-18.90982685065,39.337244941801,1.));
#182 = CARTESIAN_POINT('',(-18.10820477186,39.271910693758,
    1.000000000001));
#183 = CARTESIAN_POINT('',(-17.30408197218,39.208663544394,
    0.999999999999));
#184 = CARTESIAN_POINT('',(-16.5017691829,39.143790777366,1.));
#185 = CARTESIAN_POINT('',(-15.69902716635,39.079407760628,1.));
#186 = CARTESIAN_POINT('',(-14.89637930147,39.015009259549,1.));
#187 = CARTESIAN_POINT('',(-21.17545730098,41.353382357378,1.));
#188 = CARTESIAN_POINT('',(-20.37215692307,41.289617569137,1.));
#189 = CARTESIAN_POINT('',(-19.5615069127,41.232805234523,1.));
#190 = CARTESIAN_POINT('',(-18.77134850041,41.156355076036,
    1.000000000001));
#191 = CARTESIAN_POINT('',(-17.95766053555,41.102696348255,
    0.999999999998));
#192 = CARTESIAN_POINT('',(-17.16033354955,41.032922735598,
    1.000000000002));
#193 = CARTESIAN_POINT('',(-16.35525409347,40.970806016491,
    0.999999999999));
#194 = CARTESIAN_POINT('',(-15.55283666173,40.906010104836,1.));
#195 = CARTESIAN_POINT('',(-14.75007195265,40.841723800549,1.));
#196 = CARTESIAN_POINT('',(-21.0294195627,43.17995906422,1.));
#197 = CARTESIAN_POINT('',(-20.22542854207,43.117456166406,1.));
#198 = CARTESIAN_POINT('',(-19.42808824132,43.047509274932,
    1.000000000001));
#199 = CARTESIAN_POINT('',(-18.6133753554,42.993375297944,0.999999999998
    ));
#200 = CARTESIAN_POINT('',(-17.82047068245,42.921538959127,
    1.000000000003));
#201 = CARTESIAN_POINT('',(-17.00912103457,42.863525856742,
    0.999999999997));
#202 = CARTESIAN_POINT('',(-16.21046762226,42.795752023732,
    1.000000000002));
#203 = CARTESIAN_POINT('',(-15.4070112173,42.732249312352,0.999999999999
    ));
#204 = CARTESIAN_POINT('',(-14.60409728192,42.668097694664,1.));
#205 = CARTESIAN_POINT('',(-20.88478876297,45.004101419684,1.));
#206 = CARTESIAN_POINT('',(-20.0820311567,44.938998868519,1.));
#207 = CARTESIAN_POINT('',(-19.27588501791,44.878455672416,
    0.999999999999));
#208 = CARTESIAN_POINT('',(-18.48053289466,44.809387832806,
    1.000000000003));
#209 = CARTESIAN_POINT('',(-17.66717969437,44.753723721738,
    0.999999999996));
#210 = CARTESIAN_POINT('',(-16.86779854849,44.686942144272,
    1.000000000004));
#211 = CARTESIAN_POINT('',(-16.06504322153,44.622409075621,
    0.999999999998));
#212 = CARTESIAN_POINT('',(-15.26167202678,44.558308369216,
    1.000000000001));
#213 = CARTESIAN_POINT('',(-14.45844184628,44.494550575835,1.));
#214 = CARTESIAN_POINT('',(-20.74055107134,46.830242162107,1.));
#215 = CARTESIAN_POINT('',(-19.93714799512,46.767790602024,1.));
#216 = CARTESIAN_POINT('',(-19.13404665545,46.702478220201,
    1.000000000001));
#217 = CARTESIAN_POINT('',(-18.32816690574,46.642677703942,
    0.999999999997));
#218 = CARTESIAN_POINT('',(-17.52725180401,46.571224185266,
    1.000000000004));
#219 = CARTESIAN_POINT('',(-16.72855435758,46.508811953318,
    0.999999999997));
#220 = CARTESIAN_POINT('',(-15.91924174685,46.448410855019,
    1.000000000002));
#221 = CARTESIAN_POINT('',(-15.11657197645,46.384372068354,
    0.999999999999));
#222 = CARTESIAN_POINT('',(-14.31298788846,46.32072453287,1.));
#223 = CARTESIAN_POINT('',(-20.59493843149,48.654531524701,1.));
#224 = CARTESIAN_POINT('',(-19.79178122236,48.59075998461,1.));
#225 = CARTESIAN_POINT('',(-18.98980084242,48.529317388878,
    0.999999999999));
#226 = CARTESIAN_POINT('',(-18.18396014657,48.459357946335,
    1.000000000002));
#227 = CARTESIAN_POINT('',(-17.38346182638,48.401988948029,
    0.999999999998));
#228 = CARTESIAN_POINT('',(-16.57730394168,48.335429383671,
    1.000000000002));
#229 = CARTESIAN_POINT('',(-15.77556345755,48.272710901242,
    0.999999999999));
#230 = CARTESIAN_POINT('',(-14.97137335393,48.209531799992,1.));
#231 = CARTESIAN_POINT('',(-14.16755652879,48.146378493439,1.));
#232 = CARTESIAN_POINT('',(-20.45041757783,50.480179245311,1.));
#233 = CARTESIAN_POINT('',(-19.64692658606,50.416188443033,1.));
#234 = CARTESIAN_POINT('',(-18.84327389769,50.351551402197,1.));
#235 = CARTESIAN_POINT('',(-18.04043472818,50.288474116896,
    0.999999999999));
#236 = CARTESIAN_POINT('',(-17.23684323455,50.223910047679,
    1.000000000001));
#237 = CARTESIAN_POINT('',(-16.43387466534,50.161111478786,
    0.999999999999));
#238 = CARTESIAN_POINT('',(-15.62982975822,50.098093352836,1.));
#239 = CARTESIAN_POINT('',(-14.82595162553,50.035173576278,1.));
#240 = CARTESIAN_POINT('',(-14.0219797444,49.97224685126,1.));
#241 = CARTESIAN_POINT('',(-20.30593914232,52.30594707575,1.));
#242 = CARTESIAN_POINT('',(-19.50228662767,52.241784735922,1.));
#243 = CARTESIAN_POINT('',(-18.69858356822,52.177259612602,1.));
#244 = CARTESIAN_POINT('',(-17.89522040422,52.113434894155,1.));
#245 = CARTESIAN_POINT('',(-17.09195776034,52.049830138531,1.));
#246 = CARTESIAN_POINT('',(-16.28841543079,51.986566019242,1.));
#247 = CARTESIAN_POINT('',(-15.48449899233,51.92381953909,1.));
#248 = CARTESIAN_POINT('',(-14.68046729371,51.861031586588,1.));
#249 = CARTESIAN_POINT('',(-13.87634407019,51.798308710572,1.));
#250 = ADVANCED_FACE('',(#251),#282,.F.);
#251 = FACE_BOUND('',#252,.F.);
#252 = EDGE_LOOP('',(#253,#254,#262,#276));
#253 = ORIENTED_EDGE('',*,*,#31,.F.);
#254 = ORIENTED_EDGE('',*,*,#255,.T.);
#255 = EDGE_CURVE('',#24,#256,#258,.T.);
#256 = VERTEX_POINT('',#257);
#257 = CARTESIAN_POINT('',(-20.74200617681,45.,6.255822915327));
#258 = ( BOUNDED_CURVE() B_SPLINE_CURVE(2,(#259,#260,#261),
.UNSPECIFIED.,.F.,.F.) B_SPLINE_CURVE_WITH_KNOTS((3,3),(0.,1.),
.PIECEWISE_BEZIER_KNOTS.) CURVE() GEOMETRIC_REPRESENTATION_ITEM() 
RATIONAL_B_SPLINE_CURVE((1.,0.9867857617,1.)) REPRESENTATION_ITEM('') );
#259 = CARTESIAN_POINT('',(-20.7,45.,6.));
#260 = CARTESIAN_POINT('',(-20.7,45.,6.131360169222));
#261 = CARTESIAN_POINT('',(-20.74200617681,45.,6.255822915327));
#262 = ORIENTED_EDGE('',*,*,#263,.T.);
#263 = EDGE_CURVE('',#256,#264,#266,.T.);
#264 = VERTEX_POINT('',#265);
#265 = CARTESIAN_POINT('',(20.74200617681,45.,6.255822915327));
#266 = ( BOUNDED_CURVE() B_SPLINE_CURVE(8,(#267,#268,#269,#270,#271,#272
,#273,#274,#275),.UNSPECIFIED.,.F.,.F.) B_SPLINE_CURVE_WITH_KNOTS((9,9),
(3.14159265359,6.28318530718),.PIECEWISE_BEZIER_KNOTS.) CURVE() 
GEOMETRIC_REPRESENTATION_ITEM() RATIONAL_B_SPLINE_CURVE((1.,1.,1.,1.,1.,
1.,1.,1.,1.)) REPRESENTATION_ITEM('') );
#267 = CARTESIAN_POINT('',(-20.74200617681,45.,6.255822915327));
#268 = CARTESIAN_POINT('',(-20.74267208458,53.145366772108,
    6.257795975388));
#269 = CARTESIAN_POINT('',(-17.08686908755,61.291431650341,
    6.259763080966));
#270 = CARTESIAN_POINT('',(-9.780657493174,67.523118527887,
    6.261260656584));
#271 = CARTESIAN_POINT('',(3.65085856008E-12,69.930788962896,
    6.261832323677));
#272 = CARTESIAN_POINT('',(9.780657493168,67.523118527876,6.261260656583
    ));
#273 = CARTESIAN_POINT('',(17.086869087557,61.291431650352,
    6.259763080968));
#274 = CARTESIAN_POINT('',(20.74267208458,53.145366772104,6.257795975387
    ));
#275 = CARTESIAN_POINT('',(20.74200617681,45.,6.255822915327));
#276 = ORIENTED_EDGE('',*,*,#277,.F.);
#277 = EDGE_CURVE('',#32,#264,#278,.T.);
#278 = ( BOUNDED_CURVE() B_SPLINE_CURVE(2,(#279,#280,#281),
.UNSPECIFIED.,.F.,.F.) B_SPLINE_CURVE_WITH_KNOTS((3,3),(0.,1.),
.PIECEWISE_BEZIER_KNOTS.) CURVE() GEOMETRIC_REPRESENTATION_ITEM() 
RATIONAL_B_SPLINE_CURVE((1.,0.9867857617,1.)) REPRESENTATION_ITEM('') );
#279 = CARTESIAN_POINT('',(20.7,45.,6.));
#280 = CARTESIAN_POINT('',(20.7,45.,6.131360169222));
#281 = CARTESIAN_POINT('',(20.74200617681,45.,6.255822915327));
#282 = ( BOUNDED_SURFACE() B_SPLINE_SURFACE(2,8,(
    (#283,#284,#285,#286,#287,#288,#289,#290,#291)
    ,(#292,#293,#294,#295,#296,#297,#298,#299,#300)
    ,(#301,#302,#303,#304,#305,#306,#307,#308,#309
)),.UNSPECIFIED.,.F.,.F.,.F.) B_SPLINE_SURFACE_WITH_KNOTS((3,3),(9,9),(
    0.,1.),(3.14159265359,6.28318530718),.PIECEWISE_BEZIER_KNOTS.) 
GEOMETRIC_REPRESENTATION_ITEM() RATIONAL_B_SPLINE_SURFACE((
    (1.,1.,1.,1.,1.,1.,1.,1.,1.)
    ,(0.9867857617,0.986574878866,0.986362499811,0.986198289884
      ,0.986133295676,0.986198289884,0.986362499811,0.986574878866
      ,0.9867857617)
,(1.,1.,1.,1.,1.,1.,1.,1.,1.))) REPRESENTATION_ITEM('') SURFACE() );
#283 = CARTESIAN_POINT('',(-20.7,45.,6.));
#284 = CARTESIAN_POINT('',(-20.7,53.128870991164,6.));
#285 = CARTESIAN_POINT('',(-17.05094636069,61.257838393493,6.));
#286 = CARTESIAN_POINT('',(-9.759396793804,67.475734124152,6.));
#287 = CARTESIAN_POINT('',(-4.008009467281E-13,69.877378590304,6.));
#288 = CARTESIAN_POINT('',(9.759396793804,67.475734124152,6.));
#289 = CARTESIAN_POINT('',(17.050946360694,61.257838393493,6.));
#290 = CARTESIAN_POINT('',(20.7,53.128870991164,6.));
#291 = CARTESIAN_POINT('',(20.7,45.,6.));
#292 = CARTESIAN_POINT('',(-20.7,45.,6.131360169222));
#293 = CARTESIAN_POINT('',(-20.7,53.130608554417,6.132429671473));
#294 = CARTESIAN_POINT('',(-17.04947959847,61.26081740805,6.133497485847
    ));
#295 = CARTESIAN_POINT('',(-9.755526714626,67.477324560754,
    6.134312019496));
#296 = CARTESIAN_POINT('',(-8.641022984404E-12,69.874370863988,
    6.134624235366));
#297 = CARTESIAN_POINT('',(9.755526714637,67.477324560743,6.134312019495
    ));
#298 = CARTESIAN_POINT('',(17.049479598469,61.26081740806,6.133497485848
    ));
#299 = CARTESIAN_POINT('',(20.7,53.130608554414,6.132429671473));
#300 = CARTESIAN_POINT('',(20.7,45.,6.131360169222));
#301 = CARTESIAN_POINT('',(-20.74200617681,45.,6.255822915327));
#302 = CARTESIAN_POINT('',(-20.74267208458,53.145366772108,
    6.257795975388));
#303 = CARTESIAN_POINT('',(-17.08686908755,61.291431650341,
    6.259763080966));
#304 = CARTESIAN_POINT('',(-9.780657493174,67.523118527887,
    6.261260656584));
#305 = CARTESIAN_POINT('',(3.65085856008E-12,69.930788962896,
    6.261832323677));
#306 = CARTESIAN_POINT('',(9.780657493168,67.523118527876,6.261260656583
    ));
#307 = CARTESIAN_POINT('',(17.086869087557,61.291431650352,
    6.259763080968));
#308 = CARTESIAN_POINT('',(20.74267208458,53.145366772104,6.257795975387
    ));
#309 = CARTESIAN_POINT('',(20.74200617681,45.,6.255822915327));
#310 = ADVANCED_FACE('',(#311),#330,.F.);
#311 = FACE_BOUND('',#312,.F.);
#312 = EDGE_LOOP('',(#313,#322,#328,#329));
#313 = ORIENTED_EDGE('',*,*,#314,.T.);
#314 = EDGE_CURVE('',#69,#315,#317,.T.);
#315 = VERTEX_POINT('',#316);
#316 = CARTESIAN_POINT('',(-14.88254010577,45.,-9.E-17));
#317 = CIRCLE('',#318,5.);
#318 = AXIS2_PLACEMENT_3D('',#319,#320,#321);
#319 = CARTESIAN_POINT('',(-14.88254010577,50.,-6.574462812571E-17));
#320 = DIRECTION('',(-0.,0.,1.));
#321 = DIRECTION('',(0.,-1.,0.));
#322 = ORIENTED_EDGE('',*,*,#323,.T.);
#323 = EDGE_CURVE('',#315,#143,#324,.T.);
#324 = LINE('',#325,#326);
#325 = CARTESIAN_POINT('',(-14.88254010577,45.,-9.E-17));
#326 = VECTOR('',#327,1.);
#327 = DIRECTION('',(0.,0.,1.));
#328 = ORIENTED_EDGE('',*,*,#142,.F.);
#329 = ORIENTED_EDGE('',*,*,#77,.F.);
#330 = CYLINDRICAL_SURFACE('',#331,5.);
#331 = AXIS2_PLACEMENT_3D('',#332,#333,#334);
#332 = CARTESIAN_POINT('',(-14.88254010577,50.,-9.E-17));
#333 = DIRECTION('',(0.,0.,1.));
#334 = DIRECTION('',(-0.947932490814,0.31847133758,0.));
#335 = ADVANCED_FACE('',(#336),#369,.F.);
#336 = FACE_BOUND('',#337,.F.);
#337 = EDGE_LOOP('',(#338,#339,#347,#355,#363));
#338 = ORIENTED_EDGE('',*,*,#40,.T.);
#339 = ORIENTED_EDGE('',*,*,#340,.T.);
#340 = EDGE_CURVE('',#32,#341,#343,.T.);
#341 = VERTEX_POINT('',#342);
#342 = CARTESIAN_POINT('',(20.699999999999,-20.7,6.));
#343 = LINE('',#344,#345);
#344 = CARTESIAN_POINT('',(20.7,-20.,6.));
#345 = VECTOR('',#346,1.);
#346 = DIRECTION('',(0.,-1.,0.));
#347 = ORIENTED_EDGE('',*,*,#348,.T.);
#348 = EDGE_CURVE('',#341,#349,#351,.T.);
#349 = VERTEX_POINT('',#350);
#350 = CARTESIAN_POINT('',(20.7,-20.7,1.));
#351 = LINE('',#352,#353);
#352 = CARTESIAN_POINT('',(20.7,-20.7,3.));
#353 = VECTOR('',#354,1.);
#354 = DIRECTION('',(0.,0.,-1.));
#355 = ORIENTED_EDGE('',*,*,#356,.F.);
#356 = EDGE_CURVE('',#357,#349,#359,.T.);
#357 = VERTEX_POINT('',#358);
#358 = CARTESIAN_POINT('',(20.7,38.320118711947,1.));
#359 = LINE('',#360,#361);
#360 = CARTESIAN_POINT('',(20.7,9.5982281575,1.));
#361 = VECTOR('',#362,1.);
#362 = DIRECTION('',(0.,-1.,0.));
#363 = ORIENTED_EDGE('',*,*,#364,.T.);
#364 = EDGE_CURVE('',#357,#41,#365,.T.);
#365 = LINE('',#366,#367);
#366 = CARTESIAN_POINT('',(20.7,38.320118711947,1.));
#367 = VECTOR('',#368,1.);
#368 = DIRECTION('',(0.,1.,0.));
#369 = PLANE('',#370);
#370 = AXIS2_PLACEMENT_3D('',#371,#372,#373);
#371 = CARTESIAN_POINT('',(20.7,11.75,3.));
#372 = DIRECTION('',(1.,0.,0.));
#373 = DIRECTION('',(0.,0.,1.));
#374 = ADVANCED_FACE('',(#375,#394,#445,#479,#490,#501,#512),#523,.T.);
#375 = FACE_BOUND('',#376,.T.);
#376 = EDGE_LOOP('',(#377,#378,#379,#387));
#377 = ORIENTED_EDGE('',*,*,#68,.F.);
#378 = ORIENTED_EDGE('',*,*,#314,.T.);
#379 = ORIENTED_EDGE('',*,*,#380,.T.);
#380 = EDGE_CURVE('',#315,#381,#383,.T.);
#381 = VERTEX_POINT('',#382);
#382 = CARTESIAN_POINT('',(14.882540105775,45.,-9.E-17));
#383 = LINE('',#384,#385);
#384 = CARTESIAN_POINT('',(-21.5,45.,-9.E-17));
#385 = VECTOR('',#386,1.);
#386 = DIRECTION('',(1.,0.,0.));
#387 = ORIENTED_EDGE('',*,*,#388,.F.);
#388 = EDGE_CURVE('',#61,#381,#389,.T.);
#389 = CIRCLE('',#390,5.);
#390 = AXIS2_PLACEMENT_3D('',#391,#392,#393);
#391 = CARTESIAN_POINT('',(14.882540105775,50.,-6.574462812571E-17));
#392 = DIRECTION('',(0.,0.,-1.));
#393 = DIRECTION('',(0.,-1.,0.));
#394 = FACE_BOUND('',#395,.T.);
#395 = EDGE_LOOP('',(#396,#406,#414,#422,#430,#438));
#396 = ORIENTED_EDGE('',*,*,#397,.F.);
#397 = EDGE_CURVE('',#398,#400,#402,.T.);
#398 = VERTEX_POINT('',#399);
#399 = CARTESIAN_POINT('',(21.5,-20.5,-6.E-17));
#400 = VERTEX_POINT('',#401);
#401 = CARTESIAN_POINT('',(21.5,45.,0.));
#402 = LINE('',#403,#404);
#403 = CARTESIAN_POINT('',(21.5,-20.,-9.E-17));
#404 = VECTOR('',#405,1.);
#405 = DIRECTION('',(0.,1.,0.));
#406 = ORIENTED_EDGE('',*,*,#407,.T.);
#407 = EDGE_CURVE('',#398,#408,#410,.T.);
#408 = VERTEX_POINT('',#409);
#409 = CARTESIAN_POINT('',(20.5,-21.5,-6.E-17));
#410 = LINE('',#411,#412);
#411 = CARTESIAN_POINT('',(25.512879922868,-16.48712007713,-9.E-17));
#412 = VECTOR('',#413,1.);
#413 = DIRECTION('',(-0.707106781187,-0.707106781187,0.));
#414 = ORIENTED_EDGE('',*,*,#415,.F.);
#415 = EDGE_CURVE('',#416,#408,#418,.T.);
#416 = VERTEX_POINT('',#417);
#417 = CARTESIAN_POINT('',(-20.5,-21.5,-6.E-17));
#418 = LINE('',#419,#420);
#419 = CARTESIAN_POINT('',(20.,-21.5,-9.E-17));
#420 = VECTOR('',#421,1.);
#421 = DIRECTION('',(1.,0.,0.));
#422 = ORIENTED_EDGE('',*,*,#423,.F.);
#423 = EDGE_CURVE('',#424,#416,#426,.T.);
#424 = VERTEX_POINT('',#425);
#425 = CARTESIAN_POINT('',(-21.5,-20.5,-6.E-17));
#426 = LINE('',#427,#428);
#427 = CARTESIAN_POINT('',(-25.51287992286,-16.48712007713,-9.E-17));
#428 = VECTOR('',#429,1.);
#429 = DIRECTION('',(0.707106781187,-0.707106781187,0.));
#430 = ORIENTED_EDGE('',*,*,#431,.F.);
#431 = EDGE_CURVE('',#432,#424,#434,.T.);
#432 = VERTEX_POINT('',#433);
#433 = CARTESIAN_POINT('',(-21.5,45.,-3.E-17));
#434 = LINE('',#435,#436);
#435 = CARTESIAN_POINT('',(-21.5,-20.,-9.E-17));
#436 = VECTOR('',#437,1.);
#437 = DIRECTION('',(0.,-1.,0.));
#438 = ORIENTED_EDGE('',*,*,#439,.T.);
#439 = EDGE_CURVE('',#432,#400,#440,.T.);
#440 = CIRCLE('',#441,21.5);
#441 = AXIS2_PLACEMENT_3D('',#442,#443,#444);
#442 = CARTESIAN_POINT('',(8.E-17,45.,0.));
#443 = DIRECTION('',(0.,0.,-1.));
#444 = DIRECTION('',(1.,0.,0.));
#445 = FACE_BOUND('',#446,.T.);
#446 = EDGE_LOOP('',(#447,#457,#465,#473));
#447 = ORIENTED_EDGE('',*,*,#448,.F.);
#448 = EDGE_CURVE('',#449,#451,#453,.T.);
#449 = VERTEX_POINT('',#450);
#450 = CARTESIAN_POINT('',(-12.5,12.5,-9.E-17));
#451 = VERTEX_POINT('',#452);
#452 = CARTESIAN_POINT('',(12.5,12.5,-9.E-17));
#453 = LINE('',#454,#455);
#454 = CARTESIAN_POINT('',(-12.5,12.5,-9.E-17));
#455 = VECTOR('',#456,1.);
#456 = DIRECTION('',(1.,0.,0.));
#457 = ORIENTED_EDGE('',*,*,#458,.F.);
#458 = EDGE_CURVE('',#459,#449,#461,.T.);
#459 = VERTEX_POINT('',#460);
#460 = CARTESIAN_POINT('',(-12.5,-12.5,-9.E-17));
#461 = LINE('',#462,#463);
#462 = CARTESIAN_POINT('',(-12.5,-12.5,-9.E-17));
#463 = VECTOR('',#464,1.);
#464 = DIRECTION('',(0.,1.,0.));
#465 = ORIENTED_EDGE('',*,*,#466,.F.);
#466 = EDGE_CURVE('',#467,#459,#469,.T.);
#467 = VERTEX_POINT('',#468);
#468 = CARTESIAN_POINT('',(12.5,-12.5,-9.E-17));
#469 = LINE('',#470,#471);
#470 = CARTESIAN_POINT('',(12.5,-12.5,-9.E-17));
#471 = VECTOR('',#472,1.);
#472 = DIRECTION('',(-1.,0.,0.));
#473 = ORIENTED_EDGE('',*,*,#474,.F.);
#474 = EDGE_CURVE('',#451,#467,#475,.T.);
#475 = LINE('',#476,#477);
#476 = CARTESIAN_POINT('',(12.5,12.5,-9.E-17));
#477 = VECTOR('',#478,1.);
#478 = DIRECTION('',(0.,-1.,0.));
#479 = FACE_BOUND('',#480,.T.);
#480 = EDGE_LOOP('',(#481));
#481 = ORIENTED_EDGE('',*,*,#482,.F.);
#482 = EDGE_CURVE('',#483,#483,#485,.T.);
#483 = VERTEX_POINT('',#484);
#484 = CARTESIAN_POINT('',(-13.5,-15.,-9.E-17));
#485 = CIRCLE('',#486,1.5);
#486 = AXIS2_PLACEMENT_3D('',#487,#488,#489);
#487 = CARTESIAN_POINT('',(-15.,-15.,-9.E-17));
#488 = DIRECTION('',(0.,0.,-1.));
#489 = DIRECTION('',(1.,0.,0.));
#490 = FACE_BOUND('',#491,.T.);
#491 = EDGE_LOOP('',(#492));
#492 = ORIENTED_EDGE('',*,*,#493,.F.);
#493 = EDGE_CURVE('',#494,#494,#496,.T.);
#494 = VERTEX_POINT('',#495);
#495 = CARTESIAN_POINT('',(16.5,-15.,-9.E-17));
#496 = CIRCLE('',#497,1.5);
#497 = AXIS2_PLACEMENT_3D('',#498,#499,#500);
#498 = CARTESIAN_POINT('',(15.,-15.,-9.E-17));
#499 = DIRECTION('',(0.,0.,-1.));
#500 = DIRECTION('',(1.,0.,0.));
#501 = FACE_BOUND('',#502,.T.);
#502 = EDGE_LOOP('',(#503));
#503 = ORIENTED_EDGE('',*,*,#504,.F.);
#504 = EDGE_CURVE('',#505,#505,#507,.T.);
#505 = VERTEX_POINT('',#506);
#506 = CARTESIAN_POINT('',(-13.5,15.,-9.E-17));
#507 = CIRCLE('',#508,1.5);
#508 = AXIS2_PLACEMENT_3D('',#509,#510,#511);
#509 = CARTESIAN_POINT('',(-15.,15.,-9.E-17));
#510 = DIRECTION('',(0.,0.,-1.));
#511 = DIRECTION('',(1.,0.,0.));
#512 = FACE_BOUND('',#513,.T.);
#513 = EDGE_LOOP('',(#514));
#514 = ORIENTED_EDGE('',*,*,#515,.F.);
#515 = EDGE_CURVE('',#516,#516,#518,.T.);
#516 = VERTEX_POINT('',#517);
#517 = CARTESIAN_POINT('',(16.5,15.,-9.E-17));
#518 = CIRCLE('',#519,1.5);
#519 = AXIS2_PLACEMENT_3D('',#520,#521,#522);
#520 = CARTESIAN_POINT('',(15.,15.,-9.E-17));
#521 = DIRECTION('',(0.,0.,-1.));
#522 = DIRECTION('',(1.,0.,0.));
#523 = PLANE('',#524);
#524 = AXIS2_PLACEMENT_3D('',#525,#526,#527);
#525 = CARTESIAN_POINT('',(-1.187560950108E-15,18.246865065899,
    -6.574462812571E-17));
#526 = DIRECTION('',(-0.,-0.,-1.));
#527 = DIRECTION('',(-1.,0.,0.));
#528 = ADVANCED_FACE('',(#529),#558,.F.);
#529 = FACE_BOUND('',#530,.F.);
#530 = EDGE_LOOP('',(#531,#543,#544,#545));
#531 = ORIENTED_EDGE('',*,*,#532,.F.);
#532 = EDGE_CURVE('',#49,#533,#535,.T.);
#533 = VERTEX_POINT('',#534);
#534 = CARTESIAN_POINT('',(14.882540105775,45.,1.));
#535 = ( BOUNDED_CURVE() B_SPLINE_CURVE(6,(#536,#537,#538,#539,#540,#541
,#542),.UNSPECIFIED.,.F.,.F.) B_SPLINE_CURVE_WITH_KNOTS((7,7),(0.,
1.894912748363),.PIECEWISE_BEZIER_KNOTS.) CURVE() 
GEOMETRIC_REPRESENTATION_ITEM() RATIONAL_B_SPLINE_CURVE((1.046057713687,
    1.014406760045,0.996983764391,0.991274526018,0.996983764391,
1.014406760045,1.046057713687)) REPRESENTATION_ITEM('') );
#536 = CARTESIAN_POINT('',(19.622202559843,51.592356687898,1.));
#537 = CARTESIAN_POINT('',(20.140782550443,50.048799186269,1.));
#538 = CARTESIAN_POINT('',(20.044007561333,48.365280568496,1.));
#539 = CARTESIAN_POINT('',(19.32132840226,46.80867416215,1.));
#540 = CARTESIAN_POINT('',(18.075923212708,45.627888582518,1.));
#541 = CARTESIAN_POINT('',(16.510881276256,45.,1.));
#542 = CARTESIAN_POINT('',(14.882540105775,45.,1.));
#543 = ORIENTED_EDGE('',*,*,#48,.F.);
#544 = ORIENTED_EDGE('',*,*,#364,.F.);
#545 = ORIENTED_EDGE('',*,*,#546,.F.);
#546 = EDGE_CURVE('',#533,#357,#547,.T.);
#547 = B_SPLINE_CURVE_WITH_KNOTS('',9,(#548,#549,#550,#551,#552,#553,
    #554,#555,#556,#557),.UNSPECIFIED.,.F.,.F.,(10,10),(0.,1.),
  .PIECEWISE_BEZIER_KNOTS.);
#548 = CARTESIAN_POINT('',(14.882540105775,45.,1.));
#549 = CARTESIAN_POINT('',(15.981899360127,45.,1.));
#550 = CARTESIAN_POINT('',(17.081281155239,44.757927869394,1.));
#551 = CARTESIAN_POINT('',(18.119629675564,44.263853395426,1.));
#552 = CARTESIAN_POINT('',(19.027748108398,43.533309936835,1.));
#553 = CARTESIAN_POINT('',(19.74267629572,42.619984007281,1.));
#554 = CARTESIAN_POINT('',(20.248951695685,41.597895975281,1.));
#555 = CARTESIAN_POINT('',(20.559863251237,40.518816026251,1.));
#556 = CARTESIAN_POINT('',(20.7,39.419482600758,1.));
#557 = CARTESIAN_POINT('',(20.7,38.320118711947,1.));
#558 = B_SPLINE_SURFACE_WITH_KNOTS('',8,8,(
    (#559,#560,#561,#562,#563,#564,#565,#566,#567)
    ,(#568,#569,#570,#571,#572,#573,#574,#575,#576)
    ,(#577,#578,#579,#580,#581,#582,#583,#584,#585)
    ,(#586,#587,#588,#589,#590,#591,#592,#593,#594)
    ,(#595,#596,#597,#598,#599,#600,#601,#602,#603)
    ,(#604,#605,#606,#607,#608,#609,#610,#611,#612)
    ,(#613,#614,#615,#616,#617,#618,#619,#620,#621)
    ,(#622,#623,#624,#625,#626,#627,#628,#629,#630)
    ,(#631,#632,#633,#634,#635,#636,#637,#638,#639
  )),.UNSPECIFIED.,.F.,.F.,.F.,(9,9),(9,9),(-7.423526299198,
    7.223970280942),(-5.09050978882,1.356244786465),
  .PIECEWISE_BEZIER_KNOTS.);
#559 = CARTESIAN_POINT('',(15.04277111888,37.18838037777,1.));
#560 = CARTESIAN_POINT('',(15.8452845013,37.252903431966,1.));
#561 = CARTESIAN_POINT('',(16.647801585011,37.317493046743,1.));
#562 = CARTESIAN_POINT('',(17.450541010158,37.38199005693,1.));
#563 = CARTESIAN_POINT('',(18.253215092335,37.446510034217,1.));
#564 = CARTESIAN_POINT('',(19.056148490638,37.510801409117,1.));
#565 = CARTESIAN_POINT('',(19.859139638505,37.575057104677,1.));
#566 = CARTESIAN_POINT('',(20.661071130175,37.640085867278,1.));
#567 = CARTESIAN_POINT('',(21.463275255353,37.70474947964,1.));
#568 = CARTESIAN_POINT('',(14.896379301471,39.015009259555,1.));
#569 = CARTESIAN_POINT('',(15.699027166356,39.079407760634,1.));
#570 = CARTESIAN_POINT('',(16.501769182901,39.143790777369,1.));
#571 = CARTESIAN_POINT('',(17.304081972187,39.208663544396,1.));
#572 = CARTESIAN_POINT('',(18.108204771861,39.271910693756,1.));
#573 = CARTESIAN_POINT('',(18.90982685066,39.337244941805,1.));
#574 = CARTESIAN_POINT('',(19.714121425191,39.400434161824,1.));
#575 = CARTESIAN_POINT('',(20.516509347312,39.465002172421,1.));
#576 = CARTESIAN_POINT('',(21.319253013916,39.529156463958,1.));
#577 = CARTESIAN_POINT('',(14.750071952649,40.841723800551,1.));
#578 = CARTESIAN_POINT('',(15.552836661734,40.906010104841,1.));
#579 = CARTESIAN_POINT('',(16.355254093466,40.970806016473,
    1.000000000001));
#580 = CARTESIAN_POINT('',(17.160333549546,41.032922735613,
    0.999999999999));
#581 = CARTESIAN_POINT('',(17.957660535564,41.102696348241,
    1.000000000001));
#582 = CARTESIAN_POINT('',(18.771348500404,41.156355076033,
    0.999999999999));
#583 = CARTESIAN_POINT('',(19.56150691271,41.232805234517,1.000000000001
    ));
#584 = CARTESIAN_POINT('',(20.372156923077,41.289617569141,1.));
#585 = CARTESIAN_POINT('',(21.175457300986,41.353382357373,1.));
#586 = CARTESIAN_POINT('',(14.604097281928,42.668097694671,1.));
#587 = CARTESIAN_POINT('',(15.407011217305,42.732249312348,1.));
#588 = CARTESIAN_POINT('',(16.210467622268,42.79575202377,0.999999999999
    ));
#589 = CARTESIAN_POINT('',(17.009121034575,42.863525856721,
    1.000000000002));
#590 = CARTESIAN_POINT('',(17.820470682456,42.921538959127,
    0.999999999998));
#591 = CARTESIAN_POINT('',(18.613375355411,42.99337529797,1.000000000002
    ));
#592 = CARTESIAN_POINT('',(19.428088241321,43.047509274936,
    0.999999999999));
#593 = CARTESIAN_POINT('',(20.225428542072,43.117456166399,1.));
#594 = CARTESIAN_POINT('',(21.029419562704,43.179959064228,1.));
#595 = CARTESIAN_POINT('',(14.45844184628,44.494550575833,1.));
#596 = CARTESIAN_POINT('',(15.261672026785,44.558308369227,1.));
#597 = CARTESIAN_POINT('',(16.065043221526,44.622409075581,
    1.000000000001));
#598 = CARTESIAN_POINT('',(16.867798548527,44.686942144256,
    0.999999999998));
#599 = CARTESIAN_POINT('',(17.667179694337,44.753723721793,
    1.000000000002));
#600 = CARTESIAN_POINT('',(18.480532894685,44.809387832736,
    0.999999999998));
#601 = CARTESIAN_POINT('',(19.275885017903,44.878455672428,
    1.000000000001));
#602 = CARTESIAN_POINT('',(20.082031156704,44.938998868525,1.));
#603 = CARTESIAN_POINT('',(20.88478876297,45.004101419674,1.));
#604 = CARTESIAN_POINT('',(14.312987888469,46.320724532869,1.));
#605 = CARTESIAN_POINT('',(15.11657197646,46.384372068348,1.));
#606 = CARTESIAN_POINT('',(15.919241746863,46.448410855034,
    0.999999999999));
#607 = CARTESIAN_POINT('',(16.728554357554,46.508811953373,
    1.000000000001));
#608 = CARTESIAN_POINT('',(17.527251804053,46.571224185171,
    0.999999999999));
#609 = CARTESIAN_POINT('',(18.328166905716,46.642677704042,
    1.000000000002));
#610 = CARTESIAN_POINT('',(19.13404665546,46.702478220165,0.999999999999
    ));
#611 = CARTESIAN_POINT('',(19.937147995127,46.767790602026,1.));
#612 = CARTESIAN_POINT('',(20.740551071343,46.830242162115,1.));
#613 = CARTESIAN_POINT('',(14.167556528794,48.146378493434,1.));
#614 = CARTESIAN_POINT('',(14.971373353938,48.209531799989,1.));
#615 = CARTESIAN_POINT('',(15.775563457552,48.272710901241,1.));
#616 = CARTESIAN_POINT('',(16.577303941689,48.335429383637,
    0.999999999999));
#617 = CARTESIAN_POINT('',(17.383461826365,48.401988948091,
    1.000000000001));
#618 = CARTESIAN_POINT('',(18.18396014659,48.459357946268,0.999999999999
    ));
#619 = CARTESIAN_POINT('',(18.98980084242,48.529317388908,1.));
#620 = CARTESIAN_POINT('',(19.791781222367,48.590759984607,1.));
#621 = CARTESIAN_POINT('',(20.594938431491,48.654531524697,1.));
#622 = CARTESIAN_POINT('',(14.02197974441,49.972246851252,1.));
#623 = CARTESIAN_POINT('',(14.825951625539,50.035173576275,1.));
#624 = CARTESIAN_POINT('',(15.629829758223,50.09809335283,1.));
#625 = CARTESIAN_POINT('',(16.433874665352,50.161111478798,1.));
#626 = CARTESIAN_POINT('',(17.236843234554,50.223910047658,1.));
#627 = CARTESIAN_POINT('',(18.040434728189,50.288474116916,1.));
#628 = CARTESIAN_POINT('',(18.843273897691,50.351551402184,1.));
#629 = CARTESIAN_POINT('',(19.646926586069,50.416188443035,1.));
#630 = CARTESIAN_POINT('',(20.450417577831,50.480179245312,1.));
#631 = CARTESIAN_POINT('',(13.876344070204,51.798308710562,1.));
#632 = CARTESIAN_POINT('',(14.680467293719,51.861031586582,1.));
#633 = CARTESIAN_POINT('',(15.484498992334,51.923819539084,1.));
#634 = CARTESIAN_POINT('',(16.288415430798,51.986566019243,1.));
#635 = CARTESIAN_POINT('',(17.091957760342,52.049830138525,1.));
#636 = CARTESIAN_POINT('',(17.895220404226,52.113434894158,1.));
#637 = CARTESIAN_POINT('',(18.698583568228,52.177259612599,1.));
#638 = CARTESIAN_POINT('',(19.502286627671,52.241784735923,1.));
#639 = CARTESIAN_POINT('',(20.305939142327,52.305947075751,1.));
#640 = ADVANCED_FACE('',(#641),#652,.F.);
#641 = FACE_BOUND('',#642,.T.);
#642 = EDGE_LOOP('',(#643,#644,#650,#651));
#643 = ORIENTED_EDGE('',*,*,#388,.T.);
#644 = ORIENTED_EDGE('',*,*,#645,.T.);
#645 = EDGE_CURVE('',#381,#533,#646,.T.);
#646 = LINE('',#647,#648);
#647 = CARTESIAN_POINT('',(14.882540105775,45.,-9.E-17));
#648 = VECTOR('',#649,1.);
#649 = DIRECTION('',(0.,0.,1.));
#650 = ORIENTED_EDGE('',*,*,#532,.F.);
#651 = ORIENTED_EDGE('',*,*,#60,.F.);
#652 = CYLINDRICAL_SURFACE('',#653,5.);
#653 = AXIS2_PLACEMENT_3D('',#654,#655,#656);
#654 = CARTESIAN_POINT('',(14.882540105775,50.,-9.E-17));
#655 = DIRECTION('',(0.,0.,1.));
#656 = DIRECTION('',(0.947932490814,0.31847133758,0.));
#657 = ADVANCED_FACE('',(#658),#677,.T.);
#658 = FACE_BOUND('',#659,.F.);
#659 = EDGE_LOOP('',(#660,#661,#662,#671));
#660 = ORIENTED_EDGE('',*,*,#255,.F.);
#661 = ORIENTED_EDGE('',*,*,#128,.F.);
#662 = ORIENTED_EDGE('',*,*,#663,.F.);
#663 = EDGE_CURVE('',#664,#121,#666,.T.);
#664 = VERTEX_POINT('',#665);
#665 = CARTESIAN_POINT('',(-20.74116479753,-20.74115550248,6.25330233767
    ));
#666 = ELLIPSE('',#667,1.131370849898,0.8);
#667 = AXIS2_PLACEMENT_3D('',#668,#669,#670);
#668 = CARTESIAN_POINT('',(-21.5,-21.5,6.));
#669 = DIRECTION('',(-0.707106781187,0.707106781187,2.945961190405E-14)
  );
#670 = DIRECTION('',(0.707106781187,0.707106781187,2.945961190405E-14));
#671 = ORIENTED_EDGE('',*,*,#672,.T.);
#672 = EDGE_CURVE('',#664,#256,#673,.T.);
#673 = LINE('',#674,#675);
#674 = CARTESIAN_POINT('',(-20.74200617681,-20.,6.255822915327));
#675 = VECTOR('',#676,1.);
#676 = DIRECTION('',(-8.304037930645E-18,1.,-6.68524435917E-18));
#677 = CYLINDRICAL_SURFACE('',#678,0.8);
#678 = AXIS2_PLACEMENT_3D('',#679,#680,#681);
#679 = CARTESIAN_POINT('',(-21.5,-20.,6.));
#680 = DIRECTION('',(-4.166218269695E-14,1.,4.166218269695E-14));
#681 = DIRECTION('',(1.110223024625E-16,4.166218269695E-14,-1.));
#682 = ADVANCED_FACE('',(#683,#701,#712,#723,#734,#768),#779,.T.);
#683 = FACE_BOUND('',#684,.T.);
#684 = EDGE_LOOP('',(#685,#691,#692,#693,#699,#700));
#685 = ORIENTED_EDGE('',*,*,#686,.F.);
#686 = EDGE_CURVE('',#143,#533,#687,.T.);
#687 = LINE('',#688,#689);
#688 = CARTESIAN_POINT('',(-21.5,45.,1.));
#689 = VECTOR('',#690,1.);
#690 = DIRECTION('',(1.,0.,0.));
#691 = ORIENTED_EDGE('',*,*,#154,.T.);
#692 = ORIENTED_EDGE('',*,*,#112,.F.);
#693 = ORIENTED_EDGE('',*,*,#694,.F.);
#694 = EDGE_CURVE('',#349,#113,#695,.T.);
#695 = LINE('',#696,#697);
#696 = CARTESIAN_POINT('',(0.,-20.7,1.));
#697 = VECTOR('',#698,1.);
#698 = DIRECTION('',(-1.,0.,0.));
#699 = ORIENTED_EDGE('',*,*,#356,.F.);
#700 = ORIENTED_EDGE('',*,*,#546,.F.);
#701 = FACE_BOUND('',#702,.T.);
#702 = EDGE_LOOP('',(#703));
#703 = ORIENTED_EDGE('',*,*,#704,.T.);
#704 = EDGE_CURVE('',#705,#705,#707,.T.);
#705 = VERTEX_POINT('',#706);
#706 = CARTESIAN_POINT('',(-13.5,-15.,1.));
#707 = CIRCLE('',#708,1.5);
#708 = AXIS2_PLACEMENT_3D('',#709,#710,#711);
#709 = CARTESIAN_POINT('',(-15.,-15.,1.));
#710 = DIRECTION('',(0.,0.,-1.));
#711 = DIRECTION('',(1.,0.,0.));
#712 = FACE_BOUND('',#713,.T.);
#713 = EDGE_LOOP('',(#714));
#714 = ORIENTED_EDGE('',*,*,#715,.T.);
#715 = EDGE_CURVE('',#716,#716,#718,.T.);
#716 = VERTEX_POINT('',#717);
#717 = CARTESIAN_POINT('',(16.5,-15.,1.));
#718 = CIRCLE('',#719,1.5);
#719 = AXIS2_PLACEMENT_3D('',#720,#721,#722);
#720 = CARTESIAN_POINT('',(15.,-15.,1.));
#721 = DIRECTION('',(0.,0.,-1.));
#722 = DIRECTION('',(1.,0.,0.));
#723 = FACE_BOUND('',#724,.T.);
#724 = EDGE_LOOP('',(#725));
#725 = ORIENTED_EDGE('',*,*,#726,.T.);
#726 = EDGE_CURVE('',#727,#727,#729,.T.);
#727 = VERTEX_POINT('',#728);
#728 = CARTESIAN_POINT('',(-13.5,15.,1.));
#729 = CIRCLE('',#730,1.5);
#730 = AXIS2_PLACEMENT_3D('',#731,#732,#733);
#731 = CARTESIAN_POINT('',(-15.,15.,1.));
#732 = DIRECTION('',(0.,0.,-1.));
#733 = DIRECTION('',(1.,0.,0.));
#734 = FACE_BOUND('',#735,.T.);
#735 = EDGE_LOOP('',(#736,#746,#754,#762));
#736 = ORIENTED_EDGE('',*,*,#737,.T.);
#737 = EDGE_CURVE('',#738,#740,#742,.T.);
#738 = VERTEX_POINT('',#739);
#739 = CARTESIAN_POINT('',(-12.5,12.5,1.));
#740 = VERTEX_POINT('',#741);
#741 = CARTESIAN_POINT('',(12.5,12.5,1.));
#742 = LINE('',#743,#744);
#743 = CARTESIAN_POINT('',(-12.5,12.5,1.));
#744 = VECTOR('',#745,1.);
#745 = DIRECTION('',(1.,0.,0.));
#746 = ORIENTED_EDGE('',*,*,#747,.T.);
#747 = EDGE_CURVE('',#740,#748,#750,.T.);
#748 = VERTEX_POINT('',#749);
#749 = CARTESIAN_POINT('',(12.5,-12.5,1.));
#750 = LINE('',#751,#752);
#751 = CARTESIAN_POINT('',(12.5,12.5,1.));
#752 = VECTOR('',#753,1.);
#753 = DIRECTION('',(0.,-1.,0.));
#754 = ORIENTED_EDGE('',*,*,#755,.T.);
#755 = EDGE_CURVE('',#748,#756,#758,.T.);
#756 = VERTEX_POINT('',#757);
#757 = CARTESIAN_POINT('',(-12.5,-12.5,1.));
#758 = LINE('',#759,#760);
#759 = CARTESIAN_POINT('',(12.5,-12.5,1.));
#760 = VECTOR('',#761,1.);
#761 = DIRECTION('',(-1.,0.,0.));
#762 = ORIENTED_EDGE('',*,*,#763,.T.);
#763 = EDGE_CURVE('',#756,#738,#764,.T.);
#764 = LINE('',#765,#766);
#765 = CARTESIAN_POINT('',(-12.5,-12.5,1.));
#766 = VECTOR('',#767,1.);
#767 = DIRECTION('',(0.,1.,0.));
#768 = FACE_BOUND('',#769,.T.);
#769 = EDGE_LOOP('',(#770));
#770 = ORIENTED_EDGE('',*,*,#771,.T.);
#771 = EDGE_CURVE('',#772,#772,#774,.T.);
#772 = VERTEX_POINT('',#773);
#773 = CARTESIAN_POINT('',(16.5,15.,1.));
#774 = CIRCLE('',#775,1.5);
#775 = AXIS2_PLACEMENT_3D('',#776,#777,#778);
#776 = CARTESIAN_POINT('',(15.,15.,1.));
#777 = DIRECTION('',(0.,0.,-1.));
#778 = DIRECTION('',(1.,0.,0.));
#779 = PLANE('',#780);
#780 = AXIS2_PLACEMENT_3D('',#781,#782,#783);
#781 = CARTESIAN_POINT('',(0.,7.446456315,1.));
#782 = DIRECTION('',(0.,0.,1.));
#783 = DIRECTION('',(1.,0.,0.));
#784 = ADVANCED_FACE('',(#785),#796,.F.);
#785 = FACE_BOUND('',#786,.F.);
#786 = EDGE_LOOP('',(#787,#788,#794,#795));
#787 = ORIENTED_EDGE('',*,*,#348,.F.);
#788 = ORIENTED_EDGE('',*,*,#789,.T.);
#789 = EDGE_CURVE('',#341,#121,#790,.T.);
#790 = LINE('',#791,#792);
#791 = CARTESIAN_POINT('',(-20.,-20.7,6.));
#792 = VECTOR('',#793,1.);
#793 = DIRECTION('',(-1.,0.,0.));
#794 = ORIENTED_EDGE('',*,*,#120,.F.);
#795 = ORIENTED_EDGE('',*,*,#694,.F.);
#796 = PLANE('',#797);
#797 = AXIS2_PLACEMENT_3D('',#798,#799,#800);
#798 = CARTESIAN_POINT('',(0.,-20.7,3.));
#799 = DIRECTION('',(-0.,-1.,-0.));
#800 = DIRECTION('',(0.,0.,-1.));
#801 = ADVANCED_FACE('',(#802),#881,.T.);
#802 = FACE_BOUND('',#803,.T.);
#803 = EDGE_LOOP('',(#804,#869,#874,#875));
#804 = ORIENTED_EDGE('',*,*,#805,.F.);
#805 = EDGE_CURVE('',#806,#808,#810,.T.);
#806 = VERTEX_POINT('',#807);
#807 = CARTESIAN_POINT('',(-34.15566413371,45.293451839147,
    45.999994639488));
#808 = VERTEX_POINT('',#809);
#809 = CARTESIAN_POINT('',(34.155665942888,45.293451879699,46.));
#810 = B_SPLINE_CURVE_WITH_KNOTS('',8,(#811,#812,#813,#814,#815,#816,
    #817,#818,#819,#820,#821,#822,#823,#824,#825,#826,#827,#828,#829,
    #830,#831,#832,#833,#834,#835,#836,#837,#838,#839,#840,#841,#842,
    #843,#844,#845,#846,#847,#848,#849,#850,#851,#852,#853,#854,#855,
    #856,#857,#858,#859,#860,#861,#862,#863,#864,#865,#866,#867,#868),
  .UNSPECIFIED.,.F.,.F.,(9,7,7,7,7,7,7,7,9),(0.,0.120954142683,
    0.129467824578,0.301480077506,0.47454686539,0.648562553628,
    0.82373778632,0.834255959447,1.),.UNSPECIFIED.);
#811 = CARTESIAN_POINT('',(-34.15566594288,17.804516160168,46.));
#812 = CARTESIAN_POINT('',(-34.15566594288,21.20636262604,46.));
#813 = CARTESIAN_POINT('',(-34.15566594288,24.608207174701,46.));
#814 = CARTESIAN_POINT('',(-34.15566594288,28.010049799944,46.));
#815 = CARTESIAN_POINT('',(-34.15566594288,31.411890495526,46.));
#816 = CARTESIAN_POINT('',(-34.15566594288,34.813729255168,46.));
#817 = CARTESIAN_POINT('',(-34.15566594288,38.21556607255,46.));
#818 = CARTESIAN_POINT('',(-34.15566594288,41.61740094132,46.));
#819 = CARTESIAN_POINT('',(-34.15566594288,45.258680993036,46.));
#820 = CARTESIAN_POINT('',(-34.15596541037,45.395513628199,46.));
#821 = CARTESIAN_POINT('',(-34.15555068136,45.513340222458,46.));
#822 = CARTESIAN_POINT('',(-34.1545995825,45.663896974864,46.));
#823 = CARTESIAN_POINT('',(-34.15243660448,45.867058945688,46.));
#824 = CARTESIAN_POINT('',(-34.1475480526,46.110869840666,46.));
#825 = CARTESIAN_POINT('',(-34.13965717455,46.351590455415,46.));
#826 = CARTESIAN_POINT('',(-34.01671706252,49.790390782222,46.));
#827 = CARTESIAN_POINT('',(-33.54003640217,53.056117485018,46.));
#828 = CARTESIAN_POINT('',(-32.7048248867,56.261872453277,46.));
#829 = CARTESIAN_POINT('',(-31.52088418977,59.362065168985,46.));
#830 = CARTESIAN_POINT('',(-30.00379073932,62.313562741638,46.));
#831 = CARTESIAN_POINT('',(-28.17525004676,65.075967839069,46.));
#832 = CARTESIAN_POINT('',(-26.06265313129,67.611540644251,46.));
#833 = CARTESIAN_POINT('',(-21.32658574991,72.17593098755,46.));
#834 = CARTESIAN_POINT('',(-18.69718771526,74.204317297328,46.));
#835 = CARTESIAN_POINT('',(-15.8491456625,75.93664813249,46.));
#836 = CARTESIAN_POINT('',(-12.8219423803,77.346514969126,46.));
#837 = CARTESIAN_POINT('',(-9.657548045031,78.413422962474,46.));
#838 = CARTESIAN_POINT('',(-6.400488722818,79.123266688134,46.));
#839 = CARTESIAN_POINT('',(-3.097567849173,79.46793838612,46.));
#840 = CARTESIAN_POINT('',(3.518041780908,79.428968541783,46.));
#841 = CARTESIAN_POINT('',(6.834791574137,79.04129919094,46.));
#842 = CARTESIAN_POINT('',(10.100548320977,78.284998831698,46.));
#843 = CARTESIAN_POINT('',(13.267841031607,77.16892962267,46.));
#844 = CARTESIAN_POINT('',(16.291605007691,75.708037767563,46.));
#845 = CARTESIAN_POINT('',(19.129479927013,73.92376667119,46.));
#846 = CARTESIAN_POINT('',(21.741726742565,71.843554307035,46.));
#847 = CARTESIAN_POINT('',(26.459612967324,67.148585320112,46.));
#848 = CARTESIAN_POINT('',(28.564764239132,64.527370108852,46.));
#849 = CARTESIAN_POINT('',(30.370871682939,61.676282616247,46.));
#850 = CARTESIAN_POINT('',(31.849806572887,58.635773206278,46.));
#851 = CARTESIAN_POINT('',(32.979572179231,55.448991831264,46.));
#852 = CARTESIAN_POINT('',(33.744842283491,52.161882781157,46.));
#853 = CARTESIAN_POINT('',(34.136515826311,48.822867497037,46.));
#854 = CARTESIAN_POINT('',(34.156252874018,45.283428311341,46.));
#855 = CARTESIAN_POINT('',(34.15548529278,45.078386448488,46.));
#856 = CARTESIAN_POINT('',(34.155442566572,44.871540392772,46.));
#857 = CARTESIAN_POINT('',(34.15578714898,44.66473464808,46.));
#858 = CARTESIAN_POINT('',(34.155801654451,44.458895830902,46.));
#859 = CARTESIAN_POINT('',(34.155554908169,44.254030783657,46.));
#860 = CARTESIAN_POINT('',(34.155665942922,44.049230862179,46.));
#861 = CARTESIAN_POINT('',(34.155665943019,40.587917837323,46.));
#862 = CARTESIAN_POINT('',(34.155665943109,37.333151489188,46.));
#863 = CARTESIAN_POINT('',(34.1556659432,34.078383358539,46.));
#864 = CARTESIAN_POINT('',(34.155665943291,30.823613450939,46.));
#865 = CARTESIAN_POINT('',(34.155665943381,27.568841771914,46.));
#866 = CARTESIAN_POINT('',(34.155665943472,24.314068326963,46.));
#867 = CARTESIAN_POINT('',(34.155665943562,21.059293121553,46.));
#868 = CARTESIAN_POINT('',(34.155665943652,17.804516161119,46.));
#869 = ORIENTED_EDGE('',*,*,#870,.T.);
#870 = EDGE_CURVE('',#806,#256,#871,.T.);
#871 = B_SPLINE_CURVE_WITH_KNOTS('',1,(#872,#873),.UNSPECIFIED.,.F.,.F.,
  (2,2),(0.,1.),.PIECEWISE_BEZIER_KNOTS.);
#872 = CARTESIAN_POINT('',(-34.24200617681,45.295340752032,
    46.255822915327));
#873 = CARTESIAN_POINT('',(-20.74200617681,45.,6.255822915327));
#874 = ORIENTED_EDGE('',*,*,#263,.T.);
#875 = ORIENTED_EDGE('',*,*,#876,.F.);
#876 = EDGE_CURVE('',#808,#264,#877,.T.);
#877 = B_SPLINE_CURVE_WITH_KNOTS('',2,(#878,#879,#880),.UNSPECIFIED.,.F.
  ,.F.,(3,3),(-1.809542974402,2.938534902726),.PIECEWISE_BEZIER_KNOTS.);
#878 = CARTESIAN_POINT('',(58.67083633124,45.829772537674,
    118.63754189141));
#879 = CARTESIAN_POINT('',(26.621310660623,45.128622089883,
    23.675984348847));
#880 = CARTESIAN_POINT('',(-5.428215009993,44.427471642093,
    -71.28557319372));
#881 = OFFSET_SURFACE('',#882,0.8,.F.);
#882 = B_SPLINE_SURFACE_WITH_KNOTS('',11,2,(
    (#883,#884,#885,#886,#887)
    ,(#888,#889,#890,#891,#892)
    ,(#893,#894,#895,#896,#897)
    ,(#898,#899,#900,#901,#902)
    ,(#903,#904,#905,#906,#907)
    ,(#908,#909,#910,#911,#912)
    ,(#913,#914,#915,#916,#917)
    ,(#918,#919,#920,#921,#922)
    ,(#923,#924,#925,#926,#927)
    ,(#928,#929,#930,#931,#932)
    ,(#933,#934,#935,#936,#937)
    ,(#938,#939,#940,#941,#942)
    ,(#943,#944,#945,#946,#947)
    ,(#948,#949,#950,#951,#952)
    ,(#953,#954,#955,#956,#957)
    ,(#958,#959,#960,#961,#962)
    ,(#963,#964,#965,#966,#967)
    ,(#968,#969,#970,#971,#972)
    ,(#973,#974,#975,#976,#977)
    ,(#978,#979,#980,#981,#982)
    ,(#983,#984,#985,#986,#987)
    ,(#988,#989,#990,#991,#992)
    ,(#993,#994,#995,#996,#997)
    ,(#998,#999,#1000,#1001,#1002)
    ,(#1003,#1004,#1005,#1006,#1007)
    ,(#1008,#1009,#1010,#1011,#1012)
    ,(#1013,#1014,#1015,#1016,#1017)
    ,(#1018,#1019,#1020,#1021,#1022)
    ,(#1023,#1024,#1025,#1026,#1027)
    ,(#1028,#1029,#1030,#1031,#1032)
    ,(#1033,#1034,#1035,#1036,#1037)
    ,(#1038,#1039,#1040,#1041,#1042
    )),.UNSPECIFIED.,.F.,.F.,.F.,(12,10,10,12),(3,1,1,3),(
    -0.785398163395,0.,3.14159265359,3.926990816984),(-0.245872215525,0.
    ,1.,1.245872215525),.UNSPECIFIED.);
#883 = CARTESIAN_POINT('',(38.375000000944,17.880240222703,
    55.999999999948));
#884 = CARTESIAN_POINT('',(36.659637455659,17.84271307709,
    50.917444310505));
#885 = CARTESIAN_POINT('',(28.250000000388,17.658734657946,
    26.000000000004));
#886 = CARTESIAN_POINT('',(19.840362545116,17.474756238803,
    1.082555689502));
#887 = CARTESIAN_POINT('',(18.124999999831,17.437229093189,
    -3.99999999994));
#888 = CARTESIAN_POINT('',(38.374659451814,20.138276807369,
    55.998990965749));
#889 = CARTESIAN_POINT('',(36.659637455581,20.223209396153,
    50.917444310504));
#890 = CARTESIAN_POINT('',(28.250000000352,20.63967768716,
    26.000000000003));
#891 = CARTESIAN_POINT('',(19.840362545124,21.056145978166,
    1.082555689502));
#892 = CARTESIAN_POINT('',(18.12534054889,21.14107856695,-3.998990965743
    ));
#893 = CARTESIAN_POINT('',(38.373121775463,22.444674848331,
    55.994434887929));
#894 = CARTESIAN_POINT('',(36.659637455502,22.62740528265,
    50.917444310504));
#895 = CARTESIAN_POINT('',(28.250000000317,23.524230941777,
    26.000000000003));
#896 = CARTESIAN_POINT('',(19.840362545132,24.421056600903,
    1.082555689502));
#897 = CARTESIAN_POINT('',(18.126878225171,24.603787035223,
    -3.994434887923));
#898 = CARTESIAN_POINT('',(38.37123321042,24.799447113077,
    55.988839139915));
#899 = CARTESIAN_POINT('',(36.659637455423,25.055300736581,
    50.917444310503));
#900 = CARTESIAN_POINT('',(28.250000000282,26.312394421798,
    26.000000000003));
#901 = CARTESIAN_POINT('',(19.84036254514,27.569488107015,1.082555689502
    ));
#902 = CARTESIAN_POINT('',(18.128766790143,27.825341730518,
    -3.98883913991));
#903 = CARTESIAN_POINT('',(38.369625686751,27.202445281413,
    55.984076107081));
#904 = CARTESIAN_POINT('',(36.659637455344,27.506895757946,
    50.917444310503));
#905 = CARTESIAN_POINT('',(28.250000000246,29.004168127223,
    26.000000000002));
#906 = CARTESIAN_POINT('',(19.840362545148,30.5014404965,1.082555689502)
  );
#907 = CARTESIAN_POINT('',(18.130374313741,30.805890973033,
    -3.984076107076));
#908 = CARTESIAN_POINT('',(38.368717810752,29.65349590025,55.98138610438
    ));
#909 = CARTESIAN_POINT('',(36.659637455266,29.982190346744,
    50.917444310502));
#910 = CARTESIAN_POINT('',(28.250000000211,31.599552058051,
    26.000000000002));
#911 = CARTESIAN_POINT('',(19.840362545157,33.216913769358,
    1.082555689502));
#912 = CARTESIAN_POINT('',(18.13128218967,33.545608215853,
    -3.981386104376));
#913 = CARTESIAN_POINT('',(38.368717810667,32.152490056482,
    55.981386104385));
#914 = CARTESIAN_POINT('',(36.659637455187,32.481184502977,
    50.917444310502));
#915 = CARTESIAN_POINT('',(28.250000000176,34.098546214284,
    26.000000000002));
#916 = CARTESIAN_POINT('',(19.840362545165,35.715907925591,
    1.082555689502));
#917 = CARTESIAN_POINT('',(18.131282189685,36.044602372086,
    -3.981386104382));
#918 = CARTESIAN_POINT('',(38.369625686494,34.69942775011,
    55.984076107095));
#919 = CARTESIAN_POINT('',(36.659637455108,35.003878226644,
    50.917444310501));
#920 = CARTESIAN_POINT('',(28.250000000141,36.501150595921,
    26.000000000001));
#921 = CARTESIAN_POINT('',(19.840362545173,37.998422965197,
    1.082555689501));
#922 = CARTESIAN_POINT('',(18.130374313787,38.302873441731,
    -3.984076107092));
#923 = CARTESIAN_POINT('',(38.371233209992,37.294417894239,
    55.988839139939));
#924 = CARTESIAN_POINT('',(36.65963745503,37.550271517744,50.9174443105)
  );
#925 = CARTESIAN_POINT('',(28.250000000106,38.807365202961,
    26.000000000001));
#926 = CARTESIAN_POINT('',(19.840362545182,40.064458888178,
    1.082555689501));
#927 = CARTESIAN_POINT('',(18.128766790219,40.320312511683,
    -3.988839139937));
#928 = CARTESIAN_POINT('',(38.373121774862,39.937633941958,
    55.994434887962));
#929 = CARTESIAN_POINT('',(36.659637454951,40.120364376278,50.9174443105
    ));
#930 = CARTESIAN_POINT('',(28.25000000007,41.017190035405,
    26.000000000001));
#931 = CARTESIAN_POINT('',(19.84036254519,41.914015694532,1.082555689501
    ));
#932 = CARTESIAN_POINT('',(18.126878225279,42.096746128852,
    -3.994434887961));
#933 = CARTESIAN_POINT('',(38.374659451042,42.629224213461,
    55.998990965792));
#934 = CARTESIAN_POINT('',(36.659637454872,42.714156802247,
    50.917444310499));
#935 = CARTESIAN_POINT('',(28.250000000035,43.130625093253,26.));
#936 = CARTESIAN_POINT('',(19.840362545198,43.54709338426,1.082555689501
    ));
#937 = CARTESIAN_POINT('',(18.125340549028,43.632025973045,
    -3.998990965792));
#938 = CARTESIAN_POINT('',(38.358885315834,56.324095426822,
    55.95225278869));
#939 = CARTESIAN_POINT('',(36.659637454478,55.801616769292,
    50.917444310496));
#940 = CARTESIAN_POINT('',(28.249999999859,53.21585150954,
    25.999999999999));
#941 = CARTESIAN_POINT('',(19.84036254524,50.630086249787,1.082555689501
    ));
#942 = CARTESIAN_POINT('',(18.141114683885,50.107607592257,
    -3.952252788693));
#943 = CARTESIAN_POINT('',(34.903986451947,67.270767277666,
    55.909291212147));
#944 = CARTESIAN_POINT('',(33.370399939682,66.27158392438,
    50.917444310508));
#945 = CARTESIAN_POINT('',(25.715306090118,61.284032011821,
    26.000000000005));
#946 = CARTESIAN_POINT('',(18.060212240553,56.296480099261,
    1.082555689502));
#947 = CARTESIAN_POINT('',(16.526625728288,55.297296745975,
    -3.909291212138));
#948 = CARTESIAN_POINT('',(28.014427982643,77.01082150796,
    55.873773493149));
#949 = CARTESIAN_POINT('',(26.791925684054,75.593397742688,
    50.91744431048));
#950 = CARTESIAN_POINT('',(20.645918866939,68.467442941498,
    25.99999999999));
#951 = CARTESIAN_POINT('',(14.499912049825,61.341488140308,1.0825556895)
  );
#952 = CARTESIAN_POINT('',(13.277409751236,59.924064375036,
    -3.873773493169));
#953 = CARTESIAN_POINT('',(18.163828717768,84.347907941691,
    55.848268508564));
#954 = CARTESIAN_POINT('',(17.375091680265,82.618859446002,
    50.917444310526));
#955 = CARTESIAN_POINT('',(13.389285166332,73.881279708594,
    26.000000000014));
#956 = CARTESIAN_POINT('',(9.403478652398,65.143699971186,1.082555689503
    ));
#957 = CARTESIAN_POINT('',(8.614741614896,63.414651475498,
    -3.848268508535));
#958 = CARTESIAN_POINT('',(6.294290389782,88.297924566641,
    55.834888620984));
#959 = CARTESIAN_POINT('',(6.021679801369,86.402286394696,50.91744431047
    ));
#960 = CARTESIAN_POINT('',(4.640320150647,76.796797120259,
    25.999999999985));
#961 = CARTESIAN_POINT('',(3.258960499924,67.191307845822,1.082555689499
    ));
#962 = CARTESIAN_POINT('',(2.986349911511,65.295669673876,
    -3.834888621015));
#963 = CARTESIAN_POINT('',(-6.294290391149,88.297924566625,
    55.834888621024));
#964 = CARTESIAN_POINT('',(-6.021679802602,86.402286394692,
    50.917444310523));
#965 = CARTESIAN_POINT('',(-4.640320151197,76.796797120282,
    26.000000000013));
#966 = CARTESIAN_POINT('',(-3.258960499791,67.191307845872,
    1.082555689503));
#967 = CARTESIAN_POINT('',(-2.986349911244,65.295669673938,
    -3.834888620998));
#968 = CARTESIAN_POINT('',(-18.163828719,84.347907940968,55.848268508532
    ));
#969 = CARTESIAN_POINT('',(-17.37509168137,82.618859445342,
    50.917444310483));
#970 = CARTESIAN_POINT('',(-13.38928516682,73.881279708279,
    25.999999999991));
#971 = CARTESIAN_POINT('',(-9.403478652272,65.143699971217,1.0825556895)
  );
#972 = CARTESIAN_POINT('',(-8.614741614645,63.414651475591,
    -3.848268508549));
#973 = CARTESIAN_POINT('',(-28.01442798365,77.010821507157,
    55.873773493172));
#974 = CARTESIAN_POINT('',(-26.79192568496,75.593397741969,
    50.917444310507));
#975 = CARTESIAN_POINT('',(-20.64591886734,68.467442941192,
    26.000000000005));
#976 = CARTESIAN_POINT('',(-14.49991204973,61.341488140415,
    1.082555689502));
#977 = CARTESIAN_POINT('',(-13.27740975104,59.924064375227,
    -3.873773493163));
#978 = CARTESIAN_POINT('',(-34.90398645264,67.270767276517,
    55.909291212138));
#979 = CARTESIAN_POINT('',(-33.3703999403,66.271583923344,
    50.917444310495));
#980 = CARTESIAN_POINT('',(-25.71530609039,61.284032011352,
    25.999999999998));
#981 = CARTESIAN_POINT('',(-18.06021224048,56.296480099361,
    1.082555689501));
#982 = CARTESIAN_POINT('',(-16.52662572814,55.297296746188,
    -3.909291212142));
#983 = CARTESIAN_POINT('',(-38.35888531618,56.32409542561,
    55.952252788695));
#984 = CARTESIAN_POINT('',(-36.65963745479,55.801616768203,50.9174443105
    ));
#985 = CARTESIAN_POINT('',(-28.25,53.215851509056,26.));
#986 = CARTESIAN_POINT('',(-19.8403625452,50.63008624991,1.082555689501)
  );
#987 = CARTESIAN_POINT('',(-18.14111468381,50.107607592503,
    -3.952252788694));
#988 = CARTESIAN_POINT('',(-38.37465945095,42.629224212238,
    55.998990965793));
#989 = CARTESIAN_POINT('',(-36.65963745479,42.714156801148,
    50.917444310499));
#990 = CARTESIAN_POINT('',(-28.25,43.130625092764,26.));
#991 = CARTESIAN_POINT('',(-19.8403625452,43.54709338438,1.082555689501)
  );
#992 = CARTESIAN_POINT('',(-18.12534054904,43.63202597329,
    -3.998990965793));
#993 = CARTESIAN_POINT('',(-38.37312177468,39.937633940735,
    55.994434887963));
#994 = CARTESIAN_POINT('',(-36.65963745479,40.120364375179,
    50.917444310498));
#995 = CARTESIAN_POINT('',(-28.25,41.017190034916,26.));
#996 = CARTESIAN_POINT('',(-19.8403625452,41.914015694653,1.082555689501
    ));
#997 = CARTESIAN_POINT('',(-18.12687822531,42.096746129098,
    -3.994434887964));
#998 = CARTESIAN_POINT('',(-38.37123320973,37.294417893015,
    55.988839139942));
#999 = CARTESIAN_POINT('',(-36.65963745479,37.550271516645,
    50.917444310498));
#1000 = CARTESIAN_POINT('',(-28.25,38.807365202472,26.));
#1001 = CARTESIAN_POINT('',(-19.8403625452,40.064458888299,
    1.082555689501));
#1002 = CARTESIAN_POINT('',(-18.12876679027,40.320312511929,
    -3.988839139942));
#1003 = CARTESIAN_POINT('',(-38.36962568614,34.699427748886,
    55.9840761071));
#1004 = CARTESIAN_POINT('',(-36.65963745479,35.003878225545,
    50.917444310498));
#1005 = CARTESIAN_POINT('',(-28.25,36.501150595432,26.));
#1006 = CARTESIAN_POINT('',(-19.8403625452,37.998422965319,
    1.082555689501));
#1007 = CARTESIAN_POINT('',(-18.13037431385,38.302873441978,
    -3.984076107101));
#1008 = CARTESIAN_POINT('',(-38.36871781023,32.152490055258,
    55.981386104393));
#1009 = CARTESIAN_POINT('',(-36.65963745479,32.481184501878,
    50.917444310498));
#1010 = CARTESIAN_POINT('',(-28.25,34.098546213796,25.999999999999));
#1011 = CARTESIAN_POINT('',(-19.8403625452,35.715907925713,
    1.082555689501));
#1012 = CARTESIAN_POINT('',(-18.13128218976,36.044602372333,
    -3.981386104394));
#1013 = CARTESIAN_POINT('',(-38.36871781023,29.653495899025,
    55.981386104393));
#1014 = CARTESIAN_POINT('',(-36.65963745479,29.982190345646,
    50.917444310497));
#1015 = CARTESIAN_POINT('',(-28.25,31.599552057563,25.999999999999));
#1016 = CARTESIAN_POINT('',(-19.8403625452,33.21691376948,1.082555689501
    ));
#1017 = CARTESIAN_POINT('',(-18.13128218976,33.5456082161,
    -3.981386104394));
#1018 = CARTESIAN_POINT('',(-38.36962568614,27.202445280188,
    55.984076107099));
#1019 = CARTESIAN_POINT('',(-36.65963745479,27.506895756847,
    50.917444310497));
#1020 = CARTESIAN_POINT('',(-28.25,29.004168126734,25.999999999999));
#1021 = CARTESIAN_POINT('',(-19.8403625452,30.501440496622,
    1.082555689501));
#1022 = CARTESIAN_POINT('',(-18.13037431385,30.80589097328,
    -3.984076107101));
#1023 = CARTESIAN_POINT('',(-38.37123320973,24.799447111852,
    55.988839139941));
#1024 = CARTESIAN_POINT('',(-36.65963745479,25.055300735482,
    50.917444310497));
#1025 = CARTESIAN_POINT('',(-28.25,26.312394421309,25.999999999999));
#1026 = CARTESIAN_POINT('',(-19.8403625452,27.569488107136,
    1.082555689501));
#1027 = CARTESIAN_POINT('',(-18.12876679027,27.825341730766,
    -3.988839139943));
#1028 = CARTESIAN_POINT('',(-38.37312177468,22.444674847106,
    55.994434887962));
#1029 = CARTESIAN_POINT('',(-36.65963745479,22.627405281551,
    50.917444310497));
#1030 = CARTESIAN_POINT('',(-28.25,23.524230941288,25.999999999999));
#1031 = CARTESIAN_POINT('',(-19.8403625452,24.421056601025,
    1.082555689501));
#1032 = CARTESIAN_POINT('',(-18.12687822531,24.60378703547,
    -3.994434887964));
#1033 = CARTESIAN_POINT('',(-38.37465945095,20.138276806145,
    55.998990965791));
#1034 = CARTESIAN_POINT('',(-36.65963745479,20.223209395054,
    50.917444310497));
#1035 = CARTESIAN_POINT('',(-28.25,20.639677686671,25.999999999999));
#1036 = CARTESIAN_POINT('',(-19.8403625452,21.056145978287,
    1.082555689501));
#1037 = CARTESIAN_POINT('',(-18.12534054904,21.141078567197,
    -3.998990965794));
#1038 = CARTESIAN_POINT('',(-38.375,17.880240221481,55.999999999999));
#1039 = CARTESIAN_POINT('',(-36.65963745479,17.842713075991,
    50.917444310496));
#1040 = CARTESIAN_POINT('',(-28.25,17.658734657457,25.999999999999));
#1041 = CARTESIAN_POINT('',(-19.8403625452,17.474756238923,
    1.082555689501));
#1042 = CARTESIAN_POINT('',(-18.125,17.437229093433,-4.000000000002));
#1043 = ADVANCED_FACE('',(#1044),#1063,.T.);
#1044 = FACE_BOUND('',#1045,.F.);
#1045 = EDGE_LOOP('',(#1046,#1054,#1061,#1062));
#1046 = ORIENTED_EDGE('',*,*,#1047,.T.);
#1047 = EDGE_CURVE('',#264,#1048,#1050,.T.);
#1048 = VERTEX_POINT('',#1049);
#1049 = CARTESIAN_POINT('',(20.741164797534,-20.74115550248,
    6.25330233767));
#1050 = LINE('',#1051,#1052);
#1051 = CARTESIAN_POINT('',(20.74200617681,-20.,6.255822915327));
#1052 = VECTOR('',#1053,1.);
#1053 = DIRECTION('',(1.729299394033E-17,-1.,8.633792335875E-18));
#1054 = ORIENTED_EDGE('',*,*,#1055,.T.);
#1055 = EDGE_CURVE('',#1048,#341,#1056,.T.);
#1056 = ELLIPSE('',#1057,1.131370849898,0.8);
#1057 = AXIS2_PLACEMENT_3D('',#1058,#1059,#1060);
#1058 = CARTESIAN_POINT('',(21.499999999998,-21.5,5.999999999998));
#1059 = DIRECTION('',(-0.707106781187,-0.707106781187,
    -1.963974126936E-14));
#1060 = DIRECTION('',(0.707106781187,-0.707106781187,-1.963974126937E-14
    ));
#1061 = ORIENTED_EDGE('',*,*,#340,.F.);
#1062 = ORIENTED_EDGE('',*,*,#277,.T.);
#1063 = CYLINDRICAL_SURFACE('',#1064,0.8);
#1064 = AXIS2_PLACEMENT_3D('',#1065,#1066,#1067);
#1065 = CARTESIAN_POINT('',(21.499999999998,-20.,5.999999999998));
#1066 = DIRECTION('',(-2.777478846463E-14,-1.,-2.777478846463E-14));
#1067 = DIRECTION('',(-1.110223024625E-16,2.777478846463E-14,-1.));
#1068 = ADVANCED_FACE('',(#1069),#1075,.T.);
#1069 = FACE_BOUND('',#1070,.T.);
#1070 = EDGE_LOOP('',(#1071,#1072,#1073,#1074));
#1071 = ORIENTED_EDGE('',*,*,#380,.F.);
#1072 = ORIENTED_EDGE('',*,*,#323,.T.);
#1073 = ORIENTED_EDGE('',*,*,#686,.T.);
#1074 = ORIENTED_EDGE('',*,*,#645,.F.);
#1075 = PLANE('',#1076);
#1076 = AXIS2_PLACEMENT_3D('',#1077,#1078,#1079);
#1077 = CARTESIAN_POINT('',(-21.5,45.,-9.E-17));
#1078 = DIRECTION('',(0.,1.,0.));
#1079 = DIRECTION('',(1.,0.,0.));
#1080 = ADVANCED_FACE('',(#1081),#1121,.T.);
#1081 = FACE_BOUND('',#1082,.T.);
#1082 = EDGE_LOOP('',(#1083,#1091,#1099,#1114,#1120));
#1083 = ORIENTED_EDGE('',*,*,#1084,.T.);
#1084 = EDGE_CURVE('',#400,#1085,#1087,.T.);
#1085 = VERTEX_POINT('',#1086);
#1086 = CARTESIAN_POINT('',(21.5,45.,6.));
#1087 = LINE('',#1088,#1089);
#1088 = CARTESIAN_POINT('',(21.5,45.,-9.E-17));
#1089 = VECTOR('',#1090,1.);
#1090 = DIRECTION('',(0.,0.,1.));
#1091 = ORIENTED_EDGE('',*,*,#1092,.T.);
#1092 = EDGE_CURVE('',#1085,#1093,#1095,.T.);
#1093 = VERTEX_POINT('',#1094);
#1094 = CARTESIAN_POINT('',(21.5,-20.44989861643,6.));
#1095 = LINE('',#1096,#1097);
#1096 = CARTESIAN_POINT('',(21.5,-20.,6.));
#1097 = VECTOR('',#1098,1.);
#1098 = DIRECTION('',(0.,-1.,0.));
#1099 = ORIENTED_EDGE('',*,*,#1100,.F.);
#1100 = EDGE_CURVE('',#1101,#1093,#1103,.T.);
#1101 = VERTEX_POINT('',#1102);
#1102 = CARTESIAN_POINT('',(21.5,-20.5,5.949898616438));
#1103 = B_SPLINE_CURVE_WITH_KNOTS('',9,(#1104,#1105,#1106,#1107,#1108,
    #1109,#1110,#1111,#1112,#1113),.UNSPECIFIED.,.F.,.F.,(10,10),(0.,1.)
  ,.PIECEWISE_BEZIER_KNOTS.);
#1104 = CARTESIAN_POINT('',(21.5,-20.5,5.949898616438));
#1105 = CARTESIAN_POINT('',(21.5,-20.5,5.958687197982));
#1106 = CARTESIAN_POINT('',(21.5,-20.49846494298,5.967475875507));
#1107 = CARTESIAN_POINT('',(21.5,-20.49524069105,5.975957552407));
#1108 = CARTESIAN_POINT('',(21.5,-20.49028562216,5.983721012567));
#1109 = CARTESIAN_POINT('',(21.5,-20.48372101256,5.990285622162));
#1110 = CARTESIAN_POINT('',(21.5,-20.4759575524,5.995240691057));
#1111 = CARTESIAN_POINT('',(21.5,-20.4674758755,5.998464942988));
#1112 = CARTESIAN_POINT('',(21.5,-20.45868719798,6.));
#1113 = CARTESIAN_POINT('',(21.5,-20.44989861643,6.));
#1114 = ORIENTED_EDGE('',*,*,#1115,.F.);
#1115 = EDGE_CURVE('',#398,#1101,#1116,.T.);
#1116 = LINE('',#1117,#1118);
#1117 = CARTESIAN_POINT('',(21.5,-20.5,0.));
#1118 = VECTOR('',#1119,1.);
#1119 = DIRECTION('',(0.,0.,1.));
#1120 = ORIENTED_EDGE('',*,*,#397,.T.);
#1121 = PLANE('',#1122);
#1122 = AXIS2_PLACEMENT_3D('',#1123,#1124,#1125);
#1123 = CARTESIAN_POINT('',(21.5,12.254858592888,2.999553823363));
#1124 = DIRECTION('',(1.,0.,0.));
#1125 = DIRECTION('',(0.,0.,1.));
#1126 = ADVANCED_FACE('',(#1127),#1145,.T.);
#1127 = FACE_BOUND('',#1128,.T.);
#1128 = EDGE_LOOP('',(#1129,#1130,#1131,#1139));
#1129 = ORIENTED_EDGE('',*,*,#407,.F.);
#1130 = ORIENTED_EDGE('',*,*,#1115,.T.);
#1131 = ORIENTED_EDGE('',*,*,#1132,.F.);
#1132 = EDGE_CURVE('',#1133,#1101,#1135,.T.);
#1133 = VERTEX_POINT('',#1134);
#1134 = CARTESIAN_POINT('',(20.5,-21.5,5.949898616438));
#1135 = LINE('',#1136,#1137);
#1136 = CARTESIAN_POINT('',(20.5,-21.5,5.949898616438));
#1137 = VECTOR('',#1138,1.);
#1138 = DIRECTION('',(0.707106781187,0.707106781187,-4.054583578972E-35)
  );
#1139 = ORIENTED_EDGE('',*,*,#1140,.F.);
#1140 = EDGE_CURVE('',#408,#1133,#1141,.T.);
#1141 = LINE('',#1142,#1143);
#1142 = CARTESIAN_POINT('',(20.5,-21.5,0.));
#1143 = VECTOR('',#1144,1.);
#1144 = DIRECTION('',(0.,0.,1.));
#1145 = PLANE('',#1146);
#1146 = AXIS2_PLACEMENT_3D('',#1147,#1148,#1149);
#1147 = CARTESIAN_POINT('',(21.,-21.,0.));
#1148 = DIRECTION('',(0.707106781187,-0.707106781187,-5.911709633991E-18
    ));
#1149 = DIRECTION('',(4.180209970601E-18,-4.180209970601E-18,1.));
#1150 = ADVANCED_FACE('',(#1151),#1199,.T.);
#1151 = FACE_BOUND('',#1152,.T.);
#1152 = EDGE_LOOP('',(#1153,#1154,#1169,#1177,#1192,#1198));
#1153 = ORIENTED_EDGE('',*,*,#1140,.T.);
#1154 = ORIENTED_EDGE('',*,*,#1155,.F.);
#1155 = EDGE_CURVE('',#1156,#1133,#1158,.T.);
#1156 = VERTEX_POINT('',#1157);
#1157 = CARTESIAN_POINT('',(20.449898616438,-21.5,6.));
#1158 = B_SPLINE_CURVE_WITH_KNOTS('',9,(#1159,#1160,#1161,#1162,#1163,
    #1164,#1165,#1166,#1167,#1168),.UNSPECIFIED.,.F.,.F.,(10,10),(0.,1.)
  ,.PIECEWISE_BEZIER_KNOTS.);
#1159 = CARTESIAN_POINT('',(20.449898616438,-21.5,6.));
#1160 = CARTESIAN_POINT('',(20.458687197982,-21.5,6.));
#1161 = CARTESIAN_POINT('',(20.467475875507,-21.5,5.998464942988));
#1162 = CARTESIAN_POINT('',(20.475957552407,-21.5,5.995240691057));
#1163 = CARTESIAN_POINT('',(20.483721012567,-21.5,5.990285622162));
#1164 = CARTESIAN_POINT('',(20.490285622162,-21.5,5.983721012567));
#1165 = CARTESIAN_POINT('',(20.495240691057,-21.5,5.975957552407));
#1166 = CARTESIAN_POINT('',(20.498464942988,-21.5,5.967475875507));
#1167 = CARTESIAN_POINT('',(20.5,-21.5,5.958687197982));
#1168 = CARTESIAN_POINT('',(20.5,-21.5,5.949898616438));
#1169 = ORIENTED_EDGE('',*,*,#1170,.T.);
#1170 = EDGE_CURVE('',#1156,#1171,#1173,.T.);
#1171 = VERTEX_POINT('',#1172);
#1172 = CARTESIAN_POINT('',(-20.44989861643,-21.5,6.));
#1173 = LINE('',#1174,#1175);
#1174 = CARTESIAN_POINT('',(-20.,-21.5,6.));
#1175 = VECTOR('',#1176,1.);
#1176 = DIRECTION('',(-1.,0.,0.));
#1177 = ORIENTED_EDGE('',*,*,#1178,.T.);
#1178 = EDGE_CURVE('',#1171,#1179,#1181,.T.);
#1179 = VERTEX_POINT('',#1180);
#1180 = CARTESIAN_POINT('',(-20.5,-21.5,5.949898616438));
#1181 = B_SPLINE_CURVE_WITH_KNOTS('',9,(#1182,#1183,#1184,#1185,#1186,
    #1187,#1188,#1189,#1190,#1191),.UNSPECIFIED.,.F.,.F.,(10,10),(0.,1.)
  ,.PIECEWISE_BEZIER_KNOTS.);
#1182 = CARTESIAN_POINT('',(-20.44989861643,-21.5,6.));
#1183 = CARTESIAN_POINT('',(-20.45868719798,-21.5,6.));
#1184 = CARTESIAN_POINT('',(-20.4674758755,-21.5,5.998464942988));
#1185 = CARTESIAN_POINT('',(-20.4759575524,-21.5,5.995240691057));
#1186 = CARTESIAN_POINT('',(-20.48372101256,-21.5,5.990285622162));
#1187 = CARTESIAN_POINT('',(-20.49028562216,-21.5,5.983721012567));
#1188 = CARTESIAN_POINT('',(-20.49524069105,-21.5,5.975957552407));
#1189 = CARTESIAN_POINT('',(-20.49846494298,-21.5,5.967475875507));
#1190 = CARTESIAN_POINT('',(-20.5,-21.5,5.958687197982));
#1191 = CARTESIAN_POINT('',(-20.5,-21.5,5.949898616438));
#1192 = ORIENTED_EDGE('',*,*,#1193,.F.);
#1193 = EDGE_CURVE('',#416,#1179,#1194,.T.);
#1194 = LINE('',#1195,#1196);
#1195 = CARTESIAN_POINT('',(-20.5,-21.5,0.));
#1196 = VECTOR('',#1197,1.);
#1197 = DIRECTION('',(0.,0.,1.));
#1198 = ORIENTED_EDGE('',*,*,#415,.T.);
#1199 = PLANE('',#1200);
#1200 = AXIS2_PLACEMENT_3D('',#1201,#1202,#1203);
#1201 = CARTESIAN_POINT('',(6.049901898426E-16,-21.5,2.998642072472));
#1202 = DIRECTION('',(-0.,-1.,-5.355181458685E-16));
#1203 = DIRECTION('',(0.,5.355181458685E-16,-1.));
#1204 = ADVANCED_FACE('',(#1205),#1223,.T.);
#1205 = FACE_BOUND('',#1206,.T.);
#1206 = EDGE_LOOP('',(#1207,#1208,#1209,#1217));
#1207 = ORIENTED_EDGE('',*,*,#423,.T.);
#1208 = ORIENTED_EDGE('',*,*,#1193,.T.);
#1209 = ORIENTED_EDGE('',*,*,#1210,.T.);
#1210 = EDGE_CURVE('',#1179,#1211,#1213,.T.);
#1211 = VERTEX_POINT('',#1212);
#1212 = CARTESIAN_POINT('',(-21.5,-20.5,5.949898616438));
#1213 = LINE('',#1214,#1215);
#1214 = CARTESIAN_POINT('',(-20.5,-21.5,5.949898616438));
#1215 = VECTOR('',#1216,1.);
#1216 = DIRECTION('',(-0.707106781187,0.707106781187,4.054583578972E-35)
  );
#1217 = ORIENTED_EDGE('',*,*,#1218,.F.);
#1218 = EDGE_CURVE('',#424,#1211,#1219,.T.);
#1219 = LINE('',#1220,#1221);
#1220 = CARTESIAN_POINT('',(-21.5,-20.5,0.));
#1221 = VECTOR('',#1222,1.);
#1222 = DIRECTION('',(0.,0.,1.));
#1223 = PLANE('',#1224);
#1224 = AXIS2_PLACEMENT_3D('',#1225,#1226,#1227);
#1225 = CARTESIAN_POINT('',(-21.,-21.,0.));
#1226 = DIRECTION('',(-0.707106781187,-0.707106781187,5.911709633991E-18
    ));
#1227 = DIRECTION('',(-4.180209970601E-18,-4.180209970601E-18,-1.));
#1228 = ADVANCED_FACE('',(#1229),#1262,.T.);
#1229 = FACE_BOUND('',#1230,.T.);
#1230 = EDGE_LOOP('',(#1231,#1239,#1240,#1241,#1256));
#1231 = ORIENTED_EDGE('',*,*,#1232,.F.);
#1232 = EDGE_CURVE('',#432,#1233,#1235,.T.);
#1233 = VERTEX_POINT('',#1234);
#1234 = CARTESIAN_POINT('',(-21.5,45.,6.));
#1235 = LINE('',#1236,#1237);
#1236 = CARTESIAN_POINT('',(-21.5,45.,-9.E-17));
#1237 = VECTOR('',#1238,1.);
#1238 = DIRECTION('',(0.,0.,1.));
#1239 = ORIENTED_EDGE('',*,*,#431,.T.);
#1240 = ORIENTED_EDGE('',*,*,#1218,.T.);
#1241 = ORIENTED_EDGE('',*,*,#1242,.T.);
#1242 = EDGE_CURVE('',#1211,#1243,#1245,.T.);
#1243 = VERTEX_POINT('',#1244);
#1244 = CARTESIAN_POINT('',(-21.5,-20.44989861643,6.));
#1245 = B_SPLINE_CURVE_WITH_KNOTS('',9,(#1246,#1247,#1248,#1249,#1250,
    #1251,#1252,#1253,#1254,#1255),.UNSPECIFIED.,.F.,.F.,(10,10),(0.,1.)
  ,.PIECEWISE_BEZIER_KNOTS.);
#1246 = CARTESIAN_POINT('',(-21.5,-20.5,5.949898616438));
#1247 = CARTESIAN_POINT('',(-21.5,-20.5,5.958687197982));
#1248 = CARTESIAN_POINT('',(-21.5,-20.49846494298,5.967475875507));
#1249 = CARTESIAN_POINT('',(-21.5,-20.49524069105,5.975957552407));
#1250 = CARTESIAN_POINT('',(-21.5,-20.49028562216,5.983721012567));
#1251 = CARTESIAN_POINT('',(-21.5,-20.48372101256,5.990285622162));
#1252 = CARTESIAN_POINT('',(-21.5,-20.4759575524,5.995240691057));
#1253 = CARTESIAN_POINT('',(-21.5,-20.4674758755,5.998464942988));
#1254 = CARTESIAN_POINT('',(-21.5,-20.45868719798,6.));
#1255 = CARTESIAN_POINT('',(-21.5,-20.44989861643,6.));
#1256 = ORIENTED_EDGE('',*,*,#1257,.T.);
#1257 = EDGE_CURVE('',#1243,#1233,#1258,.T.);
#1258 = LINE('',#1259,#1260);
#1259 = CARTESIAN_POINT('',(-21.5,-20.,6.));
#1260 = VECTOR('',#1261,1.);
#1261 = DIRECTION('',(0.,1.,0.));
#1262 = PLANE('',#1263);
#1263 = AXIS2_PLACEMENT_3D('',#1264,#1265,#1266);
#1264 = CARTESIAN_POINT('',(-21.5,12.254858592888,2.999553823363));
#1265 = DIRECTION('',(-1.,-0.,-0.));
#1266 = DIRECTION('',(0.,0.,-1.));
#1267 = ADVANCED_FACE('',(#1268),#1280,.T.);
#1268 = FACE_BOUND('',#1269,.T.);
#1269 = EDGE_LOOP('',(#1270,#1271,#1278,#1279));
#1270 = ORIENTED_EDGE('',*,*,#1232,.T.);
#1271 = ORIENTED_EDGE('',*,*,#1272,.T.);
#1272 = EDGE_CURVE('',#1233,#1085,#1273,.T.);
#1273 = CIRCLE('',#1274,21.5);
#1274 = AXIS2_PLACEMENT_3D('',#1275,#1276,#1277);
#1275 = CARTESIAN_POINT('',(8.E-17,45.,6.));
#1276 = DIRECTION('',(0.,0.,-1.));
#1277 = DIRECTION('',(1.,0.,0.));
#1278 = ORIENTED_EDGE('',*,*,#1084,.F.);
#1279 = ORIENTED_EDGE('',*,*,#439,.F.);
#1280 = CYLINDRICAL_SURFACE('',#1281,21.5);
#1281 = AXIS2_PLACEMENT_3D('',#1282,#1283,#1284);
#1282 = CARTESIAN_POINT('',(8.E-17,45.,-9.E-17));
#1283 = DIRECTION('',(0.,0.,-1.));
#1284 = DIRECTION('',(1.,0.,0.));
#1285 = ADVANCED_FACE('',(#1286),#1302,.F.);
#1286 = FACE_BOUND('',#1287,.F.);
#1287 = EDGE_LOOP('',(#1288,#1294,#1295,#1301));
#1288 = ORIENTED_EDGE('',*,*,#1289,.T.);
#1289 = EDGE_CURVE('',#449,#738,#1290,.T.);
#1290 = LINE('',#1291,#1292);
#1291 = CARTESIAN_POINT('',(-12.5,12.5,-9.E-17));
#1292 = VECTOR('',#1293,1.);
#1293 = DIRECTION('',(0.,0.,1.));
#1294 = ORIENTED_EDGE('',*,*,#737,.T.);
#1295 = ORIENTED_EDGE('',*,*,#1296,.F.);
#1296 = EDGE_CURVE('',#451,#740,#1297,.T.);
#1297 = LINE('',#1298,#1299);
#1298 = CARTESIAN_POINT('',(12.5,12.5,-9.E-17));
#1299 = VECTOR('',#1300,1.);
#1300 = DIRECTION('',(0.,0.,1.));
#1301 = ORIENTED_EDGE('',*,*,#448,.F.);
#1302 = PLANE('',#1303);
#1303 = AXIS2_PLACEMENT_3D('',#1304,#1305,#1306);
#1304 = CARTESIAN_POINT('',(-12.5,12.5,-9.E-17));
#1305 = DIRECTION('',(0.,1.,0.));
#1306 = DIRECTION('',(1.,0.,0.));
#1307 = ADVANCED_FACE('',(#1308),#1319,.F.);
#1308 = FACE_BOUND('',#1309,.F.);
#1309 = EDGE_LOOP('',(#1310,#1316,#1317,#1318));
#1310 = ORIENTED_EDGE('',*,*,#1311,.T.);
#1311 = EDGE_CURVE('',#459,#756,#1312,.T.);
#1312 = LINE('',#1313,#1314);
#1313 = CARTESIAN_POINT('',(-12.5,-12.5,-9.E-17));
#1314 = VECTOR('',#1315,1.);
#1315 = DIRECTION('',(0.,0.,1.));
#1316 = ORIENTED_EDGE('',*,*,#763,.T.);
#1317 = ORIENTED_EDGE('',*,*,#1289,.F.);
#1318 = ORIENTED_EDGE('',*,*,#458,.F.);
#1319 = PLANE('',#1320);
#1320 = AXIS2_PLACEMENT_3D('',#1321,#1322,#1323);
#1321 = CARTESIAN_POINT('',(-12.5,-12.5,-9.E-17));
#1322 = DIRECTION('',(-1.,0.,0.));
#1323 = DIRECTION('',(0.,1.,0.));
#1324 = ADVANCED_FACE('',(#1325),#1336,.F.);
#1325 = FACE_BOUND('',#1326,.F.);
#1326 = EDGE_LOOP('',(#1327,#1333,#1334,#1335));
#1327 = ORIENTED_EDGE('',*,*,#1328,.T.);
#1328 = EDGE_CURVE('',#467,#748,#1329,.T.);
#1329 = LINE('',#1330,#1331);
#1330 = CARTESIAN_POINT('',(12.5,-12.5,-9.E-17));
#1331 = VECTOR('',#1332,1.);
#1332 = DIRECTION('',(0.,0.,1.));
#1333 = ORIENTED_EDGE('',*,*,#755,.T.);
#1334 = ORIENTED_EDGE('',*,*,#1311,.F.);
#1335 = ORIENTED_EDGE('',*,*,#466,.F.);
#1336 = PLANE('',#1337);
#1337 = AXIS2_PLACEMENT_3D('',#1338,#1339,#1340);
#1338 = CARTESIAN_POINT('',(12.5,-12.5,-9.E-17));
#1339 = DIRECTION('',(-0.,-1.,-0.));
#1340 = DIRECTION('',(-1.,0.,0.));
#1341 = ADVANCED_FACE('',(#1342),#1348,.F.);
#1342 = FACE_BOUND('',#1343,.F.);
#1343 = EDGE_LOOP('',(#1344,#1345,#1346,#1347));
#1344 = ORIENTED_EDGE('',*,*,#1296,.T.);
#1345 = ORIENTED_EDGE('',*,*,#747,.T.);
#1346 = ORIENTED_EDGE('',*,*,#1328,.F.);
#1347 = ORIENTED_EDGE('',*,*,#474,.F.);
#1348 = PLANE('',#1349);
#1349 = AXIS2_PLACEMENT_3D('',#1350,#1351,#1352);
#1350 = CARTESIAN_POINT('',(12.5,12.5,-9.E-17));
#1351 = DIRECTION('',(1.,0.,0.));
#1352 = DIRECTION('',(0.,-1.,0.));
#1353 = ADVANCED_FACE('',(#1354),#1365,.F.);
#1354 = FACE_BOUND('',#1355,.F.);
#1355 = EDGE_LOOP('',(#1356,#1362,#1363,#1364));
#1356 = ORIENTED_EDGE('',*,*,#1357,.T.);
#1357 = EDGE_CURVE('',#483,#705,#1358,.T.);
#1358 = LINE('',#1359,#1360);
#1359 = CARTESIAN_POINT('',(-13.5,-15.,-9.E-17));
#1360 = VECTOR('',#1361,1.);
#1361 = DIRECTION('',(0.,0.,1.));
#1362 = ORIENTED_EDGE('',*,*,#704,.T.);
#1363 = ORIENTED_EDGE('',*,*,#1357,.F.);
#1364 = ORIENTED_EDGE('',*,*,#482,.F.);
#1365 = CYLINDRICAL_SURFACE('',#1366,1.5);
#1366 = AXIS2_PLACEMENT_3D('',#1367,#1368,#1369);
#1367 = CARTESIAN_POINT('',(-15.,-15.,-9.E-17));
#1368 = DIRECTION('',(0.,0.,-1.));
#1369 = DIRECTION('',(1.,0.,0.));
#1370 = ADVANCED_FACE('',(#1371),#1382,.F.);
#1371 = FACE_BOUND('',#1372,.F.);
#1372 = EDGE_LOOP('',(#1373,#1379,#1380,#1381));
#1373 = ORIENTED_EDGE('',*,*,#1374,.T.);
#1374 = EDGE_CURVE('',#494,#716,#1375,.T.);
#1375 = LINE('',#1376,#1377);
#1376 = CARTESIAN_POINT('',(16.5,-15.,-9.E-17));
#1377 = VECTOR('',#1378,1.);
#1378 = DIRECTION('',(0.,0.,1.));
#1379 = ORIENTED_EDGE('',*,*,#715,.T.);
#1380 = ORIENTED_EDGE('',*,*,#1374,.F.);
#1381 = ORIENTED_EDGE('',*,*,#493,.F.);
#1382 = CYLINDRICAL_SURFACE('',#1383,1.5);
#1383 = AXIS2_PLACEMENT_3D('',#1384,#1385,#1386);
#1384 = CARTESIAN_POINT('',(15.,-15.,-9.E-17));
#1385 = DIRECTION('',(0.,0.,-1.));
#1386 = DIRECTION('',(1.,0.,0.));
#1387 = ADVANCED_FACE('',(#1388),#1399,.F.);
#1388 = FACE_BOUND('',#1389,.F.);
#1389 = EDGE_LOOP('',(#1390,#1396,#1397,#1398));
#1390 = ORIENTED_EDGE('',*,*,#1391,.T.);
#1391 = EDGE_CURVE('',#505,#727,#1392,.T.);
#1392 = LINE('',#1393,#1394);
#1393 = CARTESIAN_POINT('',(-13.5,15.,-9.E-17));
#1394 = VECTOR('',#1395,1.);
#1395 = DIRECTION('',(0.,0.,1.));
#1396 = ORIENTED_EDGE('',*,*,#726,.T.);
#1397 = ORIENTED_EDGE('',*,*,#1391,.F.);
#1398 = ORIENTED_EDGE('',*,*,#504,.F.);
#1399 = CYLINDRICAL_SURFACE('',#1400,1.5);
#1400 = AXIS2_PLACEMENT_3D('',#1401,#1402,#1403);
#1401 = CARTESIAN_POINT('',(-15.,15.,-9.E-17));
#1402 = DIRECTION('',(0.,0.,-1.));
#1403 = DIRECTION('',(1.,0.,0.));
#1404 = ADVANCED_FACE('',(#1405),#1416,.F.);
#1405 = FACE_BOUND('',#1406,.F.);
#1406 = EDGE_LOOP('',(#1407,#1413,#1414,#1415));
#1407 = ORIENTED_EDGE('',*,*,#1408,.T.);
#1408 = EDGE_CURVE('',#516,#772,#1409,.T.);
#1409 = LINE('',#1410,#1411);
#1410 = CARTESIAN_POINT('',(16.5,15.,-9.E-17));
#1411 = VECTOR('',#1412,1.);
#1412 = DIRECTION('',(0.,0.,1.));
#1413 = ORIENTED_EDGE('',*,*,#771,.T.);
#1414 = ORIENTED_EDGE('',*,*,#1408,.F.);
#1415 = ORIENTED_EDGE('',*,*,#515,.F.);
#1416 = CYLINDRICAL_SURFACE('',#1417,1.5);
#1417 = AXIS2_PLACEMENT_3D('',#1418,#1419,#1420);
#1418 = CARTESIAN_POINT('',(15.,15.,-9.E-17));
#1419 = DIRECTION('',(0.,0.,-1.));
#1420 = DIRECTION('',(1.,0.,0.));
#1421 = ADVANCED_FACE('',(#1422),#1433,.T.);
#1422 = FACE_BOUND('',#1423,.F.);
#1423 = EDGE_LOOP('',(#1424,#1430,#1431,#1432));
#1424 = ORIENTED_EDGE('',*,*,#1425,.T.);
#1425 = EDGE_CURVE('',#1048,#664,#1426,.T.);
#1426 = LINE('',#1427,#1428);
#1427 = CARTESIAN_POINT('',(-20.,-20.74032341826,6.250781760014));
#1428 = VECTOR('',#1429,1.);
#1429 = DIRECTION('',(-1.,2.709048752142E-18,8.943016414541E-19));
#1430 = ORIENTED_EDGE('',*,*,#663,.T.);
#1431 = ORIENTED_EDGE('',*,*,#789,.F.);
#1432 = ORIENTED_EDGE('',*,*,#1055,.F.);
#1433 = CYLINDRICAL_SURFACE('',#1434,0.8);
#1434 = AXIS2_PLACEMENT_3D('',#1435,#1436,#1437);
#1435 = CARTESIAN_POINT('',(-20.,-21.5,6.));
#1436 = DIRECTION('',(-1.,0.,0.));
#1437 = DIRECTION('',(0.,1.110223024625E-16,-1.));
#1438 = ADVANCED_FACE('',(#1439),#1465,.T.);
#1439 = FACE_BOUND('',#1440,.T.);
#1440 = EDGE_LOOP('',(#1441,#1442,#1450,#1458,#1464));
#1441 = ORIENTED_EDGE('',*,*,#870,.F.);
#1442 = ORIENTED_EDGE('',*,*,#1443,.T.);
#1443 = EDGE_CURVE('',#806,#1444,#1446,.T.);
#1444 = VERTEX_POINT('',#1445);
#1445 = CARTESIAN_POINT('',(-34.15566594288,-1.424302014146E-15,46.));
#1446 = LINE('',#1447,#1448);
#1447 = CARTESIAN_POINT('',(-34.15566594288,12.16536711519,46.));
#1448 = VECTOR('',#1449,1.);
#1449 = DIRECTION('',(9.783745672838E-18,-1.,0.));
#1450 = ORIENTED_EDGE('',*,*,#1451,.F.);
#1451 = EDGE_CURVE('',#1452,#1444,#1454,.T.);
#1452 = VERTEX_POINT('',#1453);
#1453 = CARTESIAN_POINT('',(-27.65579840601,-27.50452614211,
    26.741133224079));
#1454 = LINE('',#1455,#1456);
#1455 = CARTESIAN_POINT('',(-23.36390138083,-45.66591070242,
    14.024401297626));
#1456 = VECTOR('',#1457,1.);
#1457 = DIRECTION('',(-0.190053697559,0.804222065029,0.563122066842));
#1458 = ORIENTED_EDGE('',*,*,#1459,.F.);
#1459 = EDGE_CURVE('',#664,#1452,#1460,.T.);
#1460 = LINE('',#1461,#1462);
#1461 = CARTESIAN_POINT('',(-24.57697135021,-24.49305487134,
    17.618682688365));
#1462 = VECTOR('',#1463,1.);
#1463 = DIRECTION('',(-0.305197729418,-0.298520890386,0.904289568646));
#1464 = ORIENTED_EDGE('',*,*,#672,.T.);
#1465 = PLANE('',#1466);
#1466 = AXIS2_PLACEMENT_3D('',#1467,#1468,#1469);
#1467 = CARTESIAN_POINT('',(-27.49200617681,8.522670376016,
    26.255822915327));
#1468 = DIRECTION('',(0.947492278987,9.270023484589E-18,0.319778644158)
  );
#1469 = DIRECTION('',(-2.372010051659E-02,-0.997245119481,
    7.028177930841E-02));
#1470 = ADVANCED_FACE('',(#1471),#1522,.T.);
#1471 = FACE_BOUND('',#1472,.T.);
#1472 = EDGE_LOOP('',(#1473,#1483,#1489,#1490,#1491,#1499,#1507,#1515));
#1473 = ORIENTED_EDGE('',*,*,#1474,.T.);
#1474 = EDGE_CURVE('',#1475,#1477,#1479,.T.);
#1475 = VERTEX_POINT('',#1476);
#1476 = CARTESIAN_POINT('',(-35.,45.295340752032,46.));
#1477 = VERTEX_POINT('',#1478);
#1478 = CARTESIAN_POINT('',(-35.,-5.361235944462E-16,46.));
#1479 = LINE('',#1480,#1481);
#1480 = CARTESIAN_POINT('',(-35.,45.295340752032,46.));
#1481 = VECTOR('',#1482,1.);
#1482 = DIRECTION('',(0.,-1.,0.));
#1483 = ORIENTED_EDGE('',*,*,#1484,.F.);
#1484 = EDGE_CURVE('',#1444,#1477,#1485,.T.);
#1485 = LINE('',#1486,#1487);
#1486 = CARTESIAN_POINT('',(120.,-1.072247188892E-15,46.));
#1487 = VECTOR('',#1488,1.);
#1488 = DIRECTION('',(-1.,-0.,-0.));
#1489 = ORIENTED_EDGE('',*,*,#1443,.F.);
#1490 = ORIENTED_EDGE('',*,*,#805,.T.);
#1491 = ORIENTED_EDGE('',*,*,#1492,.F.);
#1492 = EDGE_CURVE('',#1493,#808,#1495,.T.);
#1493 = VERTEX_POINT('',#1494);
#1494 = CARTESIAN_POINT('',(34.155665942888,-1.424302014146E-15,46.));
#1495 = LINE('',#1496,#1497);
#1496 = CARTESIAN_POINT('',(34.155665942888,12.165367115312,46.));
#1497 = VECTOR('',#1498,1.);
#1498 = DIRECTION('',(-1.847471384654E-17,1.,0.));
#1499 = ORIENTED_EDGE('',*,*,#1500,.F.);
#1500 = EDGE_CURVE('',#1501,#1493,#1503,.T.);
#1501 = VERTEX_POINT('',#1502);
#1502 = CARTESIAN_POINT('',(35.,-5.361235944462E-16,46.));
#1503 = LINE('',#1504,#1505);
#1504 = CARTESIAN_POINT('',(120.,-1.072247188892E-15,46.));
#1505 = VECTOR('',#1506,1.);
#1506 = DIRECTION('',(-1.,-0.,-0.));
#1507 = ORIENTED_EDGE('',*,*,#1508,.T.);
#1508 = EDGE_CURVE('',#1501,#1509,#1511,.T.);
#1509 = VERTEX_POINT('',#1510);
#1510 = CARTESIAN_POINT('',(35.,45.29534075301,46.));
#1511 = LINE('',#1512,#1513);
#1512 = CARTESIAN_POINT('',(35.,-34.70465924796,46.));
#1513 = VECTOR('',#1514,1.);
#1514 = DIRECTION('',(0.,1.,0.));
#1515 = ORIENTED_EDGE('',*,*,#1516,.T.);
#1516 = EDGE_CURVE('',#1509,#1475,#1517,.T.);
#1517 = CIRCLE('',#1518,35.);
#1518 = AXIS2_PLACEMENT_3D('',#1519,#1520,#1521);
#1519 = CARTESIAN_POINT('',(0.,45.295340752032,46.));
#1520 = DIRECTION('',(0.,0.,1.));
#1521 = DIRECTION('',(1.,0.,0.));
#1522 = PLANE('',#1523);
#1523 = AXIS2_PLACEMENT_3D('',#1524,#1525,#1526);
#1524 = CARTESIAN_POINT('',(1.369672E-11,15.808063854364,46.));
#1525 = DIRECTION('',(0.,0.,1.));
#1526 = DIRECTION('',(1.,0.,0.));
#1527 = ADVANCED_FACE('',(#1528),#1547,.T.);
#1528 = FACE_BOUND('',#1529,.T.);
#1529 = EDGE_LOOP('',(#1530,#1538,#1539,#1540,#1541));
#1530 = ORIENTED_EDGE('',*,*,#1531,.F.);
#1531 = EDGE_CURVE('',#1493,#1532,#1534,.T.);
#1532 = VERTEX_POINT('',#1533);
#1533 = CARTESIAN_POINT('',(27.655798406014,-27.50452614211,
    26.741133224079));
#1534 = LINE('',#1535,#1536);
#1535 = CARTESIAN_POINT('',(27.698350335563,-27.32446544825,
    26.867213015334));
#1536 = VECTOR('',#1537,1.);
#1537 = DIRECTION('',(-0.190053697559,-0.804222065029,-0.563122066842));
#1538 = ORIENTED_EDGE('',*,*,#1492,.T.);
#1539 = ORIENTED_EDGE('',*,*,#876,.T.);
#1540 = ORIENTED_EDGE('',*,*,#1047,.T.);
#1541 = ORIENTED_EDGE('',*,*,#1542,.F.);
#1542 = EDGE_CURVE('',#1532,#1048,#1543,.T.);
#1543 = LINE('',#1544,#1545);
#1544 = CARTESIAN_POINT('',(24.576971350199,-24.49305487133,
    17.618682688332));
#1545 = VECTOR('',#1546,1.);
#1546 = DIRECTION('',(-0.305197729418,0.298520890386,-0.904289568646));
#1547 = PLANE('',#1548);
#1548 = AXIS2_PLACEMENT_3D('',#1549,#1550,#1551);
#1549 = CARTESIAN_POINT('',(27.49200617681,8.52267037626,26.255822915327
    ));
#1550 = DIRECTION('',(-0.947492278987,-1.750464872609E-17,0.319778644158
    ));
#1551 = DIRECTION('',(-2.372010051438E-02,0.997245119482,
    -7.028177930188E-02));
#1552 = ADVANCED_FACE('',(#1553),#1600,.F.);
#1553 = FACE_BOUND('',#1554,.F.);
#1554 = EDGE_LOOP('',(#1555,#1568,#1569,#1574,#1575,#1583));
#1555 = ORIENTED_EDGE('',*,*,#1556,.F.);
#1556 = EDGE_CURVE('',#1501,#1557,#1559,.T.);
#1557 = VERTEX_POINT('',#1558);
#1558 = CARTESIAN_POINT('',(28.539542127504,-27.33776210607,
    26.857902600013));
#1559 = B_SPLINE_CURVE_WITH_KNOTS('',4,(#1560,#1561,#1562,#1563,#1564,
    #1565,#1566,#1567),.UNSPECIFIED.,.F.,.F.,(5,3,5),(0.,0.489745806222,
    1.),.UNSPECIFIED.);
#1560 = CARTESIAN_POINT('',(35.,0.,46.));
#1561 = CARTESIAN_POINT('',(34.174468817905,-3.493277955319,
    43.553981682683));
#1562 = CARTESIAN_POINT('',(33.359197697132,-6.943139929739,
    41.138363547057));
#1563 = CARTESIAN_POINT('',(32.554481628989,-10.34833765225,
    38.754019641447));
#1564 = CARTESIAN_POINT('',(30.9333880765,-17.20807898395,
    33.950779485927));
#1565 = CARTESIAN_POINT('',(30.117932821649,-20.65872013125,
    31.534615767847));
#1566 = CARTESIAN_POINT('',(29.314460170079,-24.05865627213,
    29.153956059495));
#1567 = CARTESIAN_POINT('',(28.523157914023,-27.40709275404,
    26.80935678229));
#1568 = ORIENTED_EDGE('',*,*,#1508,.T.);
#1569 = ORIENTED_EDGE('',*,*,#1570,.T.);
#1570 = EDGE_CURVE('',#1509,#1085,#1571,.T.);
#1571 = B_SPLINE_CURVE_WITH_KNOTS('',1,(#1572,#1573),.UNSPECIFIED.,.F.,
  .F.,(2,2),(0.,1.),.PIECEWISE_BEZIER_KNOTS.);
#1572 = CARTESIAN_POINT('',(35.,45.29534075301,46.));
#1573 = CARTESIAN_POINT('',(21.5,45.,6.));
#1574 = ORIENTED_EDGE('',*,*,#1092,.T.);
#1575 = ORIENTED_EDGE('',*,*,#1576,.T.);
#1576 = EDGE_CURVE('',#1093,#1577,#1579,.T.);
#1577 = VERTEX_POINT('',#1578);
#1578 = CARTESIAN_POINT('',(21.500709913763,-20.45291907748,
    6.002103448188));
#1579 = B_SPLINE_CURVE_WITH_KNOTS('',2,(#1580,#1581,#1582),
  .UNSPECIFIED.,.F.,.F.,(3,3),(0.,2.812237173713E-03),
  .PIECEWISE_BEZIER_KNOTS.);
#1580 = CARTESIAN_POINT('',(21.5,-20.44989861643,6.));
#1581 = CARTESIAN_POINT('',(21.500354956882,-20.45140883448,
    6.001051724094));
#1582 = CARTESIAN_POINT('',(21.500709913763,-20.45291907748,
    6.002103448188));
#1583 = ORIENTED_EDGE('',*,*,#1584,.F.);
#1584 = EDGE_CURVE('',#1557,#1577,#1585,.T.);
#1585 = B_SPLINE_CURVE_WITH_KNOTS('',5,(#1586,#1587,#1588,#1589,#1590,
    #1591,#1592,#1593,#1594,#1595,#1596,#1597,#1598,#1599),
  .UNSPECIFIED.,.F.,.F.,(6,4,4,6),(-1.717540282554,0.312782817103,
    44.554107286836,44.897123009848),.UNSPECIFIED.);
#1586 = CARTESIAN_POINT('',(35.61965,-34.26297780201,47.836));
#1587 = CARTESIAN_POINT('',(35.49572,-34.14175903012,47.4688));
#1588 = CARTESIAN_POINT('',(35.37179,-34.02054025822,47.1016));
#1589 = CARTESIAN_POINT('',(35.24786,-33.89932148632,46.7344));
#1590 = CARTESIAN_POINT('',(35.12393,-33.77810271443,46.3672));
#1591 = CARTESIAN_POINT('',(32.29952964508,-31.01549202802,
    37.998606355792));
#1592 = CARTESIAN_POINT('',(29.599059290159,-28.3741001135,
    29.997212711584));
#1593 = CARTESIAN_POINT('',(26.898588935239,-25.73270819898,
    21.995819067375));
#1594 = CARTESIAN_POINT('',(24.198118580319,-23.09131628447,
    13.994425423167));
#1595 = CARTESIAN_POINT('',(21.476710701435,-20.42944489814,
    5.930994670918));
#1596 = CARTESIAN_POINT('',(21.455773177471,-20.40896542633,
    5.868957562878));
#1597 = CARTESIAN_POINT('',(21.434835653508,-20.38848595452,
    5.806920454838));
#1598 = CARTESIAN_POINT('',(21.413898129544,-20.36800648271,
    5.744883346798));
#1599 = CARTESIAN_POINT('',(21.392960605581,-20.3475270109,
    5.682846238757));
#1600 = B_SPLINE_SURFACE_WITH_KNOTS('',1,1,(
    (#1601,#1602)
    ,(#1603,#1604
    )),.UNSPECIFIED.,.F.,.F.,.F.,(2,2),(2,2),(0.,80.000000000979),(0.,1.
    ),.PIECEWISE_BEZIER_KNOTS.);
#1601 = CARTESIAN_POINT('',(35.,-34.70465924796,46.));
#1602 = CARTESIAN_POINT('',(21.5,-21.5,6.));
#1603 = CARTESIAN_POINT('',(35.,45.29534075301,46.));
#1604 = CARTESIAN_POINT('',(21.5,45.,6.));
#1605 = ADVANCED_FACE('',(#1606),#1617,.T.);
#1606 = FACE_BOUND('',#1607,.T.);
#1607 = EDGE_LOOP('',(#1608,#1613,#1614,#1615,#1616));
#1608 = ORIENTED_EDGE('',*,*,#1609,.T.);
#1609 = EDGE_CURVE('',#1577,#1156,#1610,.T.);
#1610 = B_SPLINE_CURVE_WITH_KNOTS('',1,(#1611,#1612),.UNSPECIFIED.,.F.,
  .F.,(2,2),(0.,44.241325607102),.PIECEWISE_BEZIER_KNOTS.);
#1611 = CARTESIAN_POINT('',(21.500709913763,-20.45291907748,
    6.002103448188));
#1612 = CARTESIAN_POINT('',(20.449898616438,-21.5,6.));
#1613 = ORIENTED_EDGE('',*,*,#1155,.T.);
#1614 = ORIENTED_EDGE('',*,*,#1132,.T.);
#1615 = ORIENTED_EDGE('',*,*,#1100,.T.);
#1616 = ORIENTED_EDGE('',*,*,#1576,.T.);
#1617 = B_SPLINE_SURFACE_WITH_KNOTS('',8,8,(
    (#1618,#1619,#1620,#1621,#1622,#1623,#1624,#1625,#1626)
    ,(#1627,#1628,#1629,#1630,#1631,#1632,#1633,#1634,#1635)
    ,(#1636,#1637,#1638,#1639,#1640,#1641,#1642,#1643,#1644)
    ,(#1645,#1646,#1647,#1648,#1649,#1650,#1651,#1652,#1653)
    ,(#1654,#1655,#1656,#1657,#1658,#1659,#1660,#1661,#1662)
    ,(#1663,#1664,#1665,#1666,#1667,#1668,#1669,#1670,#1671)
    ,(#1672,#1673,#1674,#1675,#1676,#1677,#1678,#1679,#1680)
    ,(#1681,#1682,#1683,#1684,#1685,#1686,#1687,#1688,#1689)
    ,(#1690,#1691,#1692,#1693,#1694,#1695,#1696,#1697,#1698
  )),.UNSPECIFIED.,.F.,.F.,.F.,(9,9),(9,9),(-0.979492360048,
    0.653069488512),(-5.005382221542E-02,3.574164894717E-02),
  .PIECEWISE_BEZIER_KNOTS.);
#1618 = CARTESIAN_POINT('',(20.414519618521,-21.58921347604,
    5.917737122847));
#1619 = CARTESIAN_POINT('',(20.411617066741,-21.58663413934,
    5.936516191676));
#1620 = CARTESIAN_POINT('',(20.41200298232,-21.58727392757,
    5.952888976968));
#1621 = CARTESIAN_POINT('',(20.412333886375,-21.58777619499,
    5.966477371456));
#1622 = CARTESIAN_POINT('',(20.415052571234,-21.59059587643,
    5.977024212349));
#1623 = CARTESIAN_POINT('',(20.409989571438,-21.58558503014,
    5.985021010299));
#1624 = CARTESIAN_POINT('',(20.400040186198,-21.57570476453,
    5.992578826962));
#1625 = CARTESIAN_POINT('',(20.39178265607,-21.56761270299,
    5.997735952187));
#1626 = CARTESIAN_POINT('',(20.385392077841,-21.56148814944,
    6.00058723546));
#1627 = CARTESIAN_POINT('',(20.558892619868,-21.44497469329,
    5.920770593732));
#1628 = CARTESIAN_POINT('',(20.555578967327,-21.44200591502,
    5.938950813427));
#1629 = CARTESIAN_POINT('',(20.55632383687,-21.44302093045,5.95502505341
    ));
#1630 = CARTESIAN_POINT('',(20.5568261729,-21.44370016515,5.968306966259
    ));
#1631 = CARTESIAN_POINT('',(20.560178363494,-21.44714023935,
    5.97880561747));
#1632 = CARTESIAN_POINT('',(20.554232212591,-21.44123473575,
    5.986209120062));
#1633 = CARTESIAN_POINT('',(20.543105899187,-21.43016438507,
    5.993567773283));
#1634 = CARTESIAN_POINT('',(20.534732219938,-21.4219672188,
    5.998712451907));
#1635 = CARTESIAN_POINT('',(20.52859709762,-21.41612230553,6.00121884083
    ));
#1636 = CARTESIAN_POINT('',(20.702808804493,-21.30027740721,
    5.922941538404));
#1637 = CARTESIAN_POINT('',(20.699934265099,-21.29776853169,
    5.941429552058));
#1638 = CARTESIAN_POINT('',(20.701387457166,-21.29951040707,
    5.957050940762));
#1639 = CARTESIAN_POINT('',(20.698705476388,-21.29703135759,
    5.970470083664));
#1640 = CARTESIAN_POINT('',(20.709595482948,-21.30800621778,
    5.979667178177));
#1641 = CARTESIAN_POINT('',(20.688804008565,-21.2871723549,
    5.986083422206));
#1642 = CARTESIAN_POINT('',(20.684816442016,-21.28327855006,
    5.992806124396));
#1643 = CARTESIAN_POINT('',(20.67684792685,-21.27549387358,
    5.998881445202));
#1644 = CARTESIAN_POINT('',(20.673470925286,-21.27243689364,
    6.00326469978));
#1645 = CARTESIAN_POINT('',(20.845703508467,-21.1545985252,
    5.925936500335));
#1646 = CARTESIAN_POINT('',(20.843903687839,-21.15320521097,
    5.94607420001));
#1647 = CARTESIAN_POINT('',(20.841208921541,-21.1507934502,
    5.961611422903));
#1648 = CARTESIAN_POINT('',(20.866255630682,-21.17610897515,
    5.974793955093));
#1649 = CARTESIAN_POINT('',(20.810249128343,-21.11978877275,
    5.972762435609));
#1650 = CARTESIAN_POINT('',(20.854736098649,-21.16478449422,
    5.993388079343));
#1651 = CARTESIAN_POINT('',(20.812602849955,-21.12238421015,
    5.988701751313));
#1652 = CARTESIAN_POINT('',(20.812286213849,-21.12231139962,
    5.994677217084));
#1653 = CARTESIAN_POINT('',(20.816681712816,-21.12708624467,
    6.003835953135));
#1654 = CARTESIAN_POINT('',(20.990346521876,-21.01060085784,
    5.925703932749));
#1655 = CARTESIAN_POINT('',(20.989485282169,-21.01016825507,
    5.947249353546));
#1656 = CARTESIAN_POINT('',(20.99409380151,-21.01521502436,
    5.964530075683));
#1657 = CARTESIAN_POINT('',(20.977445364994,-20.99851544045,
    5.968578651587));
#1658 = CARTESIAN_POINT('',(21.022422559254,-21.04420732355,5.9942637228
    ));
#1659 = CARTESIAN_POINT('',(20.938526015574,-20.95912791274,
    5.971474729533));
#1660 = CARTESIAN_POINT('',(20.967675575002,-20.98918829259,
    5.997455882342));
#1661 = CARTESIAN_POINT('',(20.96393524657,-20.98565002492,
    6.005269595388));
#1662 = CARTESIAN_POINT('',(20.971652891573,-20.99370171184,
    6.015468354978));
#1663 = CARTESIAN_POINT('',(21.133477697586,-20.86512730594,
    5.92842919869));
#1664 = CARTESIAN_POINT('',(21.133958438987,-20.86602661796,
    5.951135180013));
#1665 = CARTESIAN_POINT('',(21.132349461785,-20.86471465089,
    5.964722559992));
#1666 = CARTESIAN_POINT('',(21.13907007766,-20.87181146852,
    5.983728910099));
#1667 = CARTESIAN_POINT('',(21.099430633048,-20.8319362495,
    5.972149228926));
#1668 = CARTESIAN_POINT('',(21.125114433778,-20.85784439835,
    5.991626156567));
#1669 = CARTESIAN_POINT('',(21.099345117837,-20.83184418843,
    5.985501098576));
#1670 = CARTESIAN_POINT('',(21.101482094177,-20.83423987933,
    5.996029458502));
#1671 = CARTESIAN_POINT('',(21.11994136899,-20.85323381273,
    6.015250446034));
#1672 = CARTESIAN_POINT('',(21.278438257346,-20.72162034134,
    5.933815302308));
#1673 = CARTESIAN_POINT('',(21.279085930501,-20.72276455318,
    5.960525669683));
#1674 = CARTESIAN_POINT('',(21.275907553192,-20.71992904012,
    5.976140459304));
#1675 = CARTESIAN_POINT('',(21.287199341192,-20.73202530866,
    5.985582947977));
#1676 = CARTESIAN_POINT('',(21.278431566833,-20.72229875685,
    5.985345136303));
#1677 = CARTESIAN_POINT('',(21.246233056645,-20.69045687401,
    5.982935601622));
#1678 = CARTESIAN_POINT('',(21.232376126024,-20.67617384535,
    5.986004066989));
#1679 = CARTESIAN_POINT('',(21.248588847224,-20.6930099787,6.00095861466
    ));
#1680 = CARTESIAN_POINT('',(21.275898111079,-20.72086763017,
    6.02426601486));
#1681 = CARTESIAN_POINT('',(21.422502607058,-20.57716989917,
    5.936870739169));
#1682 = CARTESIAN_POINT('',(21.422936494983,-20.57810840593,
    5.965505624888));
#1683 = CARTESIAN_POINT('',(21.419524220838,-20.57521606383,
    5.982944159962));
#1684 = CARTESIAN_POINT('',(21.413958005943,-20.56944726639,
    5.985138099875));
#1685 = CARTESIAN_POINT('',(21.474439340578,-20.63152313812,
    6.001779890174));
#1686 = CARTESIAN_POINT('',(21.334222283994,-20.48814182274,
    5.970821913396));
#1687 = CARTESIAN_POINT('',(21.390744975107,-20.54645457663,
    5.990580797321));
#1688 = CARTESIAN_POINT('',(21.398062990327,-20.5539839535,
    6.003780377118));
#1689 = CARTESIAN_POINT('',(21.432223878589,-20.58873097143,
    6.031852396239));
#1690 = CARTESIAN_POINT('',(21.566514451116,-20.43263252057,
    5.939915822293));
#1691 = CARTESIAN_POINT('',(21.568403254282,-20.43502521595,
    5.970396161787));
#1692 = CARTESIAN_POINT('',(21.565365878217,-20.4324600623,
    5.987865820431));
#1693 = CARTESIAN_POINT('',(21.559545319157,-20.42655356354,
    5.991203716094));
#1694 = CARTESIAN_POINT('',(21.603377833985,-20.47151858656,
    6.002016661055));
#1695 = CARTESIAN_POINT('',(21.490114653744,-20.35576698065,
    5.977262122581));
#1696 = CARTESIAN_POINT('',(21.53508938809,-20.40215025623,
    5.993507428846));
#1697 = CARTESIAN_POINT('',(21.548953500023,-20.41635783879,
    6.009087816062));
#1698 = CARTESIAN_POINT('',(21.588809145484,-20.45684032494,
    6.040571088911));
#1699 = ADVANCED_FACE('',(#1700),#1746,.F.);
#1700 = FACE_BOUND('',#1701,.F.);
#1701 = EDGE_LOOP('',(#1702,#1721,#1728,#1745));
#1702 = ORIENTED_EDGE('',*,*,#1703,.F.);
#1703 = EDGE_CURVE('',#1704,#1171,#1706,.T.);
#1704 = VERTEX_POINT('',#1705);
#1705 = CARTESIAN_POINT('',(-27.28831968258,-28.18881629426,
    26.261988344132));
#1706 = B_SPLINE_CURVE_WITH_KNOTS('',5,(#1707,#1708,#1709,#1710,#1711,
    #1712,#1713,#1714,#1715,#1716,#1717,#1718,#1719,#1720),
  .UNSPECIFIED.,.F.,.F.,(6,4,4,6),(-1.717540282554,0.312782817103,
    44.554107286836,44.897123009848),.UNSPECIFIED.);
#1707 = CARTESIAN_POINT('',(-34.57190039103,-35.31305343206,
    47.842968221041));
#1708 = CARTESIAN_POINT('',(-34.44797039103,-35.19183466016,
    47.475768221041));
#1709 = CARTESIAN_POINT('',(-34.32404039103,-35.07061588826,
    47.108568221041));
#1710 = CARTESIAN_POINT('',(-34.20011039103,-34.94939711637,
    46.741368221041));
#1711 = CARTESIAN_POINT('',(-34.07618039103,-34.82817834447,
    46.374168221041));
#1712 = CARTESIAN_POINT('',(-31.25178003611,-32.06556765806,
    38.005574576833));
#1713 = CARTESIAN_POINT('',(-28.55130968119,-29.42417574354,
    30.004180932625));
#1714 = CARTESIAN_POINT('',(-25.85083932627,-26.78278382903,
    22.002787288416));
#1715 = CARTESIAN_POINT('',(-23.15036897135,-24.14139191451,
    14.001393644208));
#1716 = CARTESIAN_POINT('',(-20.42896109247,-21.47952052819,
    5.93796289196));
#1717 = CARTESIAN_POINT('',(-20.40802356851,-21.45904105638,
    5.87592578392));
#1718 = CARTESIAN_POINT('',(-20.38708604454,-21.43856158457,
    5.813888675879));
#1719 = CARTESIAN_POINT('',(-20.36614852058,-21.41808211276,
    5.751851567839));
#1720 = CARTESIAN_POINT('',(-20.34521099662,-21.39760264095,
    5.689814459799));
#1721 = ORIENTED_EDGE('',*,*,#1722,.F.);
#1722 = EDGE_CURVE('',#1723,#1704,#1725,.T.);
#1723 = VERTEX_POINT('',#1724);
#1724 = CARTESIAN_POINT('',(27.288319682583,-28.18881629426,
    26.261988344132));
#1725 = B_SPLINE_CURVE_WITH_KNOTS('',1,(#1726,#1727),.UNSPECIFIED.,.F.,
  .F.,(2,2),(0.,1.),.PIECEWISE_BEZIER_KNOTS.);
#1726 = CARTESIAN_POINT('',(27.488651497079,-28.18881629426,
    26.261988344132));
#1727 = CARTESIAN_POINT('',(-27.48865149707,-28.18881629426,
    26.261988344132));
#1728 = ORIENTED_EDGE('',*,*,#1729,.T.);
#1729 = EDGE_CURVE('',#1723,#1156,#1730,.T.);
#1730 = B_SPLINE_CURVE_WITH_KNOTS('',5,(#1731,#1732,#1733,#1734,#1735,
    #1736,#1737,#1738,#1739,#1740,#1741,#1742,#1743,#1744),
  .UNSPECIFIED.,.F.,.F.,(6,4,4,6),(-1.717540282554,0.312782817103,
    44.554107286836,44.897123009848),.UNSPECIFIED.);
#1731 = CARTESIAN_POINT('',(34.57190039104,-35.31305343206,
    47.842968221041));
#1732 = CARTESIAN_POINT('',(34.44797039104,-35.19183466016,
    47.475768221041));
#1733 = CARTESIAN_POINT('',(34.32404039104,-35.07061588826,
    47.108568221041));
#1734 = CARTESIAN_POINT('',(34.200110391039,-34.94939711637,
    46.741368221041));
#1735 = CARTESIAN_POINT('',(34.07618039104,-34.82817834447,
    46.374168221041));
#1736 = CARTESIAN_POINT('',(31.251780036119,-32.06556765806,
    38.005574576833));
#1737 = CARTESIAN_POINT('',(28.551309681199,-29.42417574354,
    30.004180932625));
#1738 = CARTESIAN_POINT('',(25.850839326279,-26.78278382903,
    22.002787288416));
#1739 = CARTESIAN_POINT('',(23.150368971358,-24.14139191451,
    14.001393644208));
#1740 = CARTESIAN_POINT('',(20.428961092474,-21.47952052819,
    5.93796289196));
#1741 = CARTESIAN_POINT('',(20.408023568511,-21.45904105638,
    5.875925783919));
#1742 = CARTESIAN_POINT('',(20.387086044547,-21.43856158457,
    5.813888675879));
#1743 = CARTESIAN_POINT('',(20.366148520584,-21.41808211276,
    5.751851567839));
#1744 = CARTESIAN_POINT('',(20.34521099662,-21.39760264095,
    5.689814459799));
#1745 = ORIENTED_EDGE('',*,*,#1170,.T.);
#1746 = B_SPLINE_SURFACE_WITH_KNOTS('',1,1,(
    (#1747,#1748)
    ,(#1749,#1750
    )),.UNSPECIFIED.,.F.,.F.,.F.,(2,2),(2,2),(0.,70.),(0.,1.),
  .PIECEWISE_BEZIER_KNOTS.);
#1747 = CARTESIAN_POINT('',(-35.,-34.70465924796,46.));
#1748 = CARTESIAN_POINT('',(-21.5,-21.5,6.));
#1749 = CARTESIAN_POINT('',(35.,-34.70465924796,46.));
#1750 = CARTESIAN_POINT('',(21.5,-21.5,6.));
#1751 = ADVANCED_FACE('',(#1752),#1770,.F.);
#1752 = FACE_BOUND('',#1753,.F.);
#1753 = EDGE_LOOP('',(#1754,#1761,#1762,#1763,#1764));
#1754 = ORIENTED_EDGE('',*,*,#1755,.T.);
#1755 = EDGE_CURVE('',#1756,#1171,#1758,.T.);
#1756 = VERTEX_POINT('',#1757);
#1757 = CARTESIAN_POINT('',(-21.50070991376,-20.45291907748,
    6.002103448188));
#1758 = B_SPLINE_CURVE_WITH_KNOTS('',1,(#1759,#1760),.UNSPECIFIED.,.F.,
  .F.,(2,2),(0.,44.241325607102),.PIECEWISE_BEZIER_KNOTS.);
#1759 = CARTESIAN_POINT('',(-21.50070991376,-20.45291907748,
    6.002103448188));
#1760 = CARTESIAN_POINT('',(-20.44989861643,-21.5,6.));
#1761 = ORIENTED_EDGE('',*,*,#1178,.T.);
#1762 = ORIENTED_EDGE('',*,*,#1210,.T.);
#1763 = ORIENTED_EDGE('',*,*,#1242,.T.);
#1764 = ORIENTED_EDGE('',*,*,#1765,.T.);
#1765 = EDGE_CURVE('',#1243,#1756,#1766,.T.);
#1766 = B_SPLINE_CURVE_WITH_KNOTS('',2,(#1767,#1768,#1769),
  .UNSPECIFIED.,.F.,.F.,(3,3),(0.,2.812237173681E-03),
  .PIECEWISE_BEZIER_KNOTS.);
#1767 = CARTESIAN_POINT('',(-21.5,-20.44989861643,6.));
#1768 = CARTESIAN_POINT('',(-21.50035495688,-20.45140883448,
    6.001051724094));
#1769 = CARTESIAN_POINT('',(-21.50070991376,-20.45291907748,
    6.002103448188));
#1770 = B_SPLINE_SURFACE_WITH_KNOTS('',8,8,(
    (#1771,#1772,#1773,#1774,#1775,#1776,#1777,#1778,#1779)
    ,(#1780,#1781,#1782,#1783,#1784,#1785,#1786,#1787,#1788)
    ,(#1789,#1790,#1791,#1792,#1793,#1794,#1795,#1796,#1797)
    ,(#1798,#1799,#1800,#1801,#1802,#1803,#1804,#1805,#1806)
    ,(#1807,#1808,#1809,#1810,#1811,#1812,#1813,#1814,#1815)
    ,(#1816,#1817,#1818,#1819,#1820,#1821,#1822,#1823,#1824)
    ,(#1825,#1826,#1827,#1828,#1829,#1830,#1831,#1832,#1833)
    ,(#1834,#1835,#1836,#1837,#1838,#1839,#1840,#1841,#1842)
    ,(#1843,#1844,#1845,#1846,#1847,#1848,#1849,#1850,#1851
  )),.UNSPECIFIED.,.F.,.F.,.F.,(9,9),(9,9),(-0.979492360044,
    0.653069488512),(-5.011915718286E-02,3.57416489269E-02),
  .PIECEWISE_BEZIER_KNOTS.);
#1771 = CARTESIAN_POINT('',(-20.4145358024,-21.5892277363,5.917627367762
    ));
#1772 = CARTESIAN_POINT('',(-20.41161660335,-21.58663235685,
    5.936430287235));
#1773 = CARTESIAN_POINT('',(-20.41199712371,-21.58726727866,
    5.952825620307));
#1774 = CARTESIAN_POINT('',(-20.41233299401,-21.58777490262,
    5.966435019562));
#1775 = CARTESIAN_POINT('',(-20.41505579955,-21.59059886004,
    5.97699844469));
#1776 = CARTESIAN_POINT('',(-20.41001514292,-21.58561039819,
    5.98500519462));
#1777 = CARTESIAN_POINT('',(-20.40005358651,-21.57571798451,
    5.992571786896));
#1778 = CARTESIAN_POINT('',(-20.39178937276,-21.56761927062,
    5.997734268859));
#1779 = CARTESIAN_POINT('',(-20.38539153753,-21.56148760173,
    6.000587059394));
#1780 = CARTESIAN_POINT('',(-20.55891106225,-21.44499106889,
    5.920664277138));
#1781 = CARTESIAN_POINT('',(-20.55557731933,-21.44200284581,
    5.93886654678));
#1782 = CARTESIAN_POINT('',(-20.55631523363,-21.44301150179,
    5.954962648846));
#1783 = CARTESIAN_POINT('',(-20.55682695845,-21.4437005649,
    5.968265027436));
#1784 = CARTESIAN_POINT('',(-20.56018165092,-21.44714334386,
    5.978780768718));
#1785 = CARTESIAN_POINT('',(-20.55426382117,-21.44126614381,
    5.986193452931));
#1786 = CARTESIAN_POINT('',(-20.54312067767,-21.43017898522,
    5.993560894246));
#1787 = CARTESIAN_POINT('',(-20.53473912932,-21.42197396785,
    5.998710849474));
#1788 = CARTESIAN_POINT('',(-20.52859645906,-21.41612161206,
    6.00121881476));
#1789 = CARTESIAN_POINT('',(-20.70282475097,-21.30029107082,
    5.922833488014));
#1790 = CARTESIAN_POINT('',(-20.69993021393,-21.29776297547,
    5.941346538847));
#1791 = CARTESIAN_POINT('',(-20.70138569382,-21.29950803252,
    5.956990341053));
#1792 = CARTESIAN_POINT('',(-20.69869426955,-21.29701864076,
    5.970430862196));
#1793 = CARTESIAN_POINT('',(-20.70963002735,-21.30804230378,
    5.979646428575));
#1794 = CARTESIAN_POINT('',(-20.68882751359,-21.28719473629,
    5.986067185632));
#1795 = CARTESIAN_POINT('',(-20.68482632751,-21.28328856545,
    5.992796903778));
#1796 = CARTESIAN_POINT('',(-20.67685188744,-21.27549776589,
    5.998877798896));
#1797 = CARTESIAN_POINT('',(-20.67346926683,-21.27243522866,
    6.003264285802));
#1798 = CARTESIAN_POINT('',(-20.84571000027,-21.15460292036,
    5.925814969537));
#1799 = CARTESIAN_POINT('',(-20.84390778599,-21.1532074412,
    5.945993470459));
#1800 = CARTESIAN_POINT('',(-20.84115644231,-21.15073913115,
    5.961555547763));
#1801 = CARTESIAN_POINT('',(-20.86633673119,-21.17619474001,
    5.974768024923));
#1802 = CARTESIAN_POINT('',(-20.81022187711,-21.11975535005,
    5.97273253603));
#1803 = CARTESIAN_POINT('',(-20.85475697575,-21.16480925158,
    5.993373297657));
#1804 = CARTESIAN_POINT('',(-20.8126333523,-21.12241354268,
    5.988700081277));
#1805 = CARTESIAN_POINT('',(-20.8122842698,-21.1223090363,5.994671096729
    ));
#1806 = CARTESIAN_POINT('',(-20.81667781186,-21.12708212297,
    6.003835132775));
#1807 = CARTESIAN_POINT('',(-20.99035024623,-21.01060171978,
    5.925577053126));
#1808 = CARTESIAN_POINT('',(-20.98945852428,-21.01014055382,
    5.94715444912));
#1809 = CARTESIAN_POINT('',(-20.99412347429,-21.01524505649,
    5.964491044296));
#1810 = CARTESIAN_POINT('',(-20.97743621151,-20.9984976944,
    5.968555862162));
#1811 = CARTESIAN_POINT('',(-21.02253225125,-21.04432837603,
    5.994240040189));
#1812 = CARTESIAN_POINT('',(-20.9385563929,-20.95915165063,
    5.971477392074));
#1813 = CARTESIAN_POINT('',(-20.96763768378,-20.98915174908,
    5.997422037093));
#1814 = CARTESIAN_POINT('',(-20.96392999037,-20.98564480659,
    6.005260971346));
#1815 = CARTESIAN_POINT('',(-20.97165343009,-20.99370226448,
    6.015470428812));
#1816 = CARTESIAN_POINT('',(-21.13347782659,-20.86512475167,
    5.928291581383));
#1817 = CARTESIAN_POINT('',(-21.13400146464,-20.86606586844,
    5.951074661992));
#1818 = CARTESIAN_POINT('',(-21.13228719967,-20.86465031391,
    5.964646038107));
#1819 = CARTESIAN_POINT('',(-21.13918382696,-20.8719332618,
    5.983684717334));
#1820 = CARTESIAN_POINT('',(-21.09933000303,-20.83182542374,
    5.972171689195));
#1821 = CARTESIAN_POINT('',(-21.12515896559,-20.85789520512,
    5.991582825219));
#1822 = CARTESIAN_POINT('',(-21.09937541343,-20.83187265922,
    5.985508492516));
#1823 = CARTESIAN_POINT('',(-21.10146965396,-20.83422677087,
    5.996015859131));
#1824 = CARTESIAN_POINT('',(-21.11993669264,-20.85322871499,
    6.015249418293));
#1825 = CARTESIAN_POINT('',(-21.27842534946,-20.72160532838,
    5.933645286162));
#1826 = CARTESIAN_POINT('',(-21.27905230169,-20.72273101398,
    5.960418338215));
#1827 = CARTESIAN_POINT('',(-21.27597028232,-20.71998988828,
    5.976121319854));
#1828 = CARTESIAN_POINT('',(-21.28708061347,-20.73190226216,
    5.985584984608));
#1829 = CARTESIAN_POINT('',(-21.27865137337,-20.72252485183,
    5.985341798647));
#1830 = CARTESIAN_POINT('',(-21.24623308419,-20.69045461032,
    5.982943290057));
#1831 = CARTESIAN_POINT('',(-21.23235207167,-20.67615003267,
    5.985974174206));
#1832 = CARTESIAN_POINT('',(-21.24856255266,-20.69298336782,
    6.000938728605));
#1833 = CARTESIAN_POINT('',(-21.2758949865,-20.72086441207,
    6.024265633527));
#1834 = CARTESIAN_POINT('',(-21.42251030481,-20.57717355621,
    5.936703509621));
#1835 = CARTESIAN_POINT('',(-21.42298043021,-20.57814836291,
    5.965429914587));
#1836 = CARTESIAN_POINT('',(-21.41949542368,-20.57518653712,
    5.982916752409));
#1837 = CARTESIAN_POINT('',(-21.41382561139,-20.56931132822,
    5.985112093563));
#1838 = CARTESIAN_POINT('',(-21.47479079758,-20.63188096608,
    6.001847028058));
#1839 = CARTESIAN_POINT('',(-21.33414097049,-20.48805754819,
    5.970795074132));
#1840 = CARTESIAN_POINT('',(-21.3907216882,-20.54643072688,
    5.990556132149));
#1841 = CARTESIAN_POINT('',(-21.39803691686,-20.55395739377,
    6.00375911535));
#1842 = CARTESIAN_POINT('',(-21.43222586868,-20.58873276618,
    6.031853741704));
#1843 = CARTESIAN_POINT('',(-21.56649548767,-20.43261140261,
    5.939723132374));
#1844 = CARTESIAN_POINT('',(-21.56842476291,-20.43504456511,
    5.970305400937));
#1845 = CARTESIAN_POINT('',(-21.56535981156,-20.43245325003,
    5.987838547265));
#1846 = CARTESIAN_POINT('',(-21.55942155457,-20.42642828802,
    5.991178042256));
#1847 = CARTESIAN_POINT('',(-21.6036689365,-20.47181499183,
    6.002070268152));
#1848 = CARTESIAN_POINT('',(-21.49004446638,-20.35569479611,
    5.977237743963));
#1849 = CARTESIAN_POINT('',(-21.53505889261,-20.40211900496,
    5.99348000771));
#1850 = CARTESIAN_POINT('',(-21.5489229054,-20.41632680547,
    6.009063608847));
#1851 = CARTESIAN_POINT('',(-21.58881169816,-20.45684279209,
    6.040572205651));
#1852 = ADVANCED_FACE('',(#1853),#1893,.F.);
#1853 = FACE_BOUND('',#1854,.F.);
#1854 = EDGE_LOOP('',(#1855,#1860,#1861,#1874,#1891,#1892));
#1855 = ORIENTED_EDGE('',*,*,#1856,.F.);
#1856 = EDGE_CURVE('',#1475,#1233,#1857,.T.);
#1857 = B_SPLINE_CURVE_WITH_KNOTS('',1,(#1858,#1859),.UNSPECIFIED.,.F.,
  .F.,(2,2),(0.,1.),.PIECEWISE_BEZIER_KNOTS.);
#1858 = CARTESIAN_POINT('',(-35.,45.295340752032,46.));
#1859 = CARTESIAN_POINT('',(-21.5,45.,6.));
#1860 = ORIENTED_EDGE('',*,*,#1474,.T.);
#1861 = ORIENTED_EDGE('',*,*,#1862,.T.);
#1862 = EDGE_CURVE('',#1477,#1863,#1865,.T.);
#1863 = VERTEX_POINT('',#1864);
#1864 = CARTESIAN_POINT('',(-28.5395421275,-27.33776210607,
    26.857902600013));
#1865 = B_SPLINE_CURVE_WITH_KNOTS('',4,(#1866,#1867,#1868,#1869,#1870,
    #1871,#1872,#1873),.UNSPECIFIED.,.F.,.F.,(5,3,5),(0.,0.489745806222,
    1.),.UNSPECIFIED.);
#1866 = CARTESIAN_POINT('',(-35.,0.,46.));
#1867 = CARTESIAN_POINT('',(-34.1744688179,-3.493277955315,
    43.553981682685));
#1868 = CARTESIAN_POINT('',(-33.35919769713,-6.943139929735,
    41.13836354706));
#1869 = CARTESIAN_POINT('',(-32.55448162898,-10.34833765225,
    38.75401964145));
#1870 = CARTESIAN_POINT('',(-30.9333880765,-17.20807898394,
    33.950779485931));
#1871 = CARTESIAN_POINT('',(-30.11793282165,-20.65872013124,
    31.534615767854));
#1872 = CARTESIAN_POINT('',(-29.31446017008,-24.05865627213,
    29.153956059501));
#1873 = CARTESIAN_POINT('',(-28.52315791402,-27.40709275404,
    26.809356782293));
#1874 = ORIENTED_EDGE('',*,*,#1875,.T.);
#1875 = EDGE_CURVE('',#1863,#1756,#1876,.T.);
#1876 = B_SPLINE_CURVE_WITH_KNOTS('',5,(#1877,#1878,#1879,#1880,#1881,
    #1882,#1883,#1884,#1885,#1886,#1887,#1888,#1889,#1890),
  .UNSPECIFIED.,.F.,.F.,(6,4,4,6),(-1.717540282554,0.312782817103,
    44.554107286836,44.897123009848),.UNSPECIFIED.);
#1877 = CARTESIAN_POINT('',(-35.61965,-34.26297780201,47.836));
#1878 = CARTESIAN_POINT('',(-35.49572,-34.14175903012,47.4688));
#1879 = CARTESIAN_POINT('',(-35.37179,-34.02054025822,47.1016));
#1880 = CARTESIAN_POINT('',(-35.24786,-33.89932148632,46.7344));
#1881 = CARTESIAN_POINT('',(-35.12393,-33.77810271443,46.3672));
#1882 = CARTESIAN_POINT('',(-32.29952964508,-31.01549202802,
    37.998606355792));
#1883 = CARTESIAN_POINT('',(-29.59905929015,-28.3741001135,
    29.997212711584));
#1884 = CARTESIAN_POINT('',(-26.89858893523,-25.73270819898,
    21.995819067375));
#1885 = CARTESIAN_POINT('',(-24.19811858031,-23.09131628447,
    13.994425423167));
#1886 = CARTESIAN_POINT('',(-21.47671070143,-20.42944489814,
    5.930994670918));
#1887 = CARTESIAN_POINT('',(-21.45577317747,-20.40896542633,
    5.868957562878));
#1888 = CARTESIAN_POINT('',(-21.4348356535,-20.38848595452,
    5.806920454838));
#1889 = CARTESIAN_POINT('',(-21.41389812954,-20.36800648271,
    5.744883346798));
#1890 = CARTESIAN_POINT('',(-21.39296060558,-20.3475270109,
    5.682846238757));
#1891 = ORIENTED_EDGE('',*,*,#1765,.F.);
#1892 = ORIENTED_EDGE('',*,*,#1257,.T.);
#1893 = B_SPLINE_SURFACE_WITH_KNOTS('',1,1,(
    (#1894,#1895)
    ,(#1896,#1897
    )),.UNSPECIFIED.,.F.,.F.,.F.,(2,2),(2,2),(0.,80.),(0.,1.),
  .PIECEWISE_BEZIER_KNOTS.);
#1894 = CARTESIAN_POINT('',(-35.,45.295340752032,46.));
#1895 = CARTESIAN_POINT('',(-21.5,45.,6.));
#1896 = CARTESIAN_POINT('',(-35.,-34.70465924796,46.));
#1897 = CARTESIAN_POINT('',(-21.5,-21.5,6.));
#1898 = ADVANCED_FACE('',(#1899),#1905,.F.);
#1899 = FACE_BOUND('',#1900,.F.);
#1900 = EDGE_LOOP('',(#1901,#1902,#1903,#1904));
#1901 = ORIENTED_EDGE('',*,*,#1516,.T.);
#1902 = ORIENTED_EDGE('',*,*,#1856,.T.);
#1903 = ORIENTED_EDGE('',*,*,#1272,.T.);
#1904 = ORIENTED_EDGE('',*,*,#1570,.F.);
#1905 = B_SPLINE_SURFACE_WITH_KNOTS('',11,1,(
    (#1906,#1907)
    ,(#1908,#1909)
    ,(#1910,#1911)
    ,(#1912,#1913)
    ,(#1914,#1915)
    ,(#1916,#1917)
    ,(#1918,#1919)
    ,(#1920,#1921)
    ,(#1922,#1923)
    ,(#1924,#1925)
    ,(#1926,#1927)
    ,(#1928,#1929
    )),.UNSPECIFIED.,.F.,.F.,.F.,(12,12),(2,2),(0.,3.14159265359),(0.,1.
    ),.PIECEWISE_BEZIER_KNOTS.);
#1906 = CARTESIAN_POINT('',(35.,45.29534075301,46.));
#1907 = CARTESIAN_POINT('',(21.5,45.,6.));
#1908 = CARTESIAN_POINT('',(34.999999999719,55.291317377974,
    45.999999999998));
#1909 = CARTESIAN_POINT('',(21.499999999999,51.140385641105,6.));
#1910 = CARTESIAN_POINT('',(31.859671261901,65.287293221445,
    46.000000000008));
#1911 = CARTESIAN_POINT('',(19.570940918334,57.280770802196,
    6.000000000001));
#1912 = CARTESIAN_POINT('',(25.579014525169,74.187094373156,
    45.999999999983));
#1913 = CARTESIAN_POINT('',(15.71282320871,62.74779150984,5.999999999997
    ));
#1914 = CARTESIAN_POINT('',(16.588494896083,80.894502757096,
    46.000000000024));
#1915 = CARTESIAN_POINT('',(10.190075436581,66.868056660092,
    6.000000000004));
#1916 = CARTESIAN_POINT('',(5.749069212957,84.506648222757,
    45.999999999974));
#1917 = CARTESIAN_POINT('',(3.531571088336,69.08694601776,5.999999999995
    ));
#1918 = CARTESIAN_POINT('',(-5.749069214056,84.506648222758,
    46.000000000022));
#1919 = CARTESIAN_POINT('',(-3.531571088337,69.086946017805,
    6.000000000004));
#1920 = CARTESIAN_POINT('',(-16.58849489707,80.894502756504,
    45.999999999985));
#1921 = CARTESIAN_POINT('',(-10.19007543657,66.868056660054,
    5.999999999997));
#1922 = CARTESIAN_POINT('',(-25.57901452598,74.187094372519,
    46.000000000008));
#1923 = CARTESIAN_POINT('',(-15.71282320871,62.747791509866,
    6.000000000002));
#1924 = CARTESIAN_POINT('',(-31.85967126245,65.287293220521,
    45.999999999997));
#1925 = CARTESIAN_POINT('',(-19.57094091833,57.280770802184,
    5.999999999999));
#1926 = CARTESIAN_POINT('',(-35.,55.291317377004,46.000000000001));
#1927 = CARTESIAN_POINT('',(-21.5,51.140385641109,6.));
#1928 = CARTESIAN_POINT('',(-35.,45.295340752032,46.));
#1929 = CARTESIAN_POINT('',(-21.5,45.,6.));
#1930 = ADVANCED_FACE('',(#1931),#1942,.T.);
#1931 = FACE_BOUND('',#1932,.T.);
#1932 = EDGE_LOOP('',(#1933,#1934,#1940,#1941));
#1933 = ORIENTED_EDGE('',*,*,#1459,.T.);
#1934 = ORIENTED_EDGE('',*,*,#1935,.F.);
#1935 = EDGE_CURVE('',#1532,#1452,#1936,.T.);
#1936 = LINE('',#1937,#1938);
#1937 = CARTESIAN_POINT('',(60.,-27.50452614211,26.741133224079));
#1938 = VECTOR('',#1939,1.);
#1939 = DIRECTION('',(-1.,2.440216570246E-18,1.708657171112E-18));
#1940 = ORIENTED_EDGE('',*,*,#1542,.T.);
#1941 = ORIENTED_EDGE('',*,*,#1425,.T.);
#1942 = PLANE('',#1943);
#1943 = AXIS2_PLACEMENT_3D('',#1944,#1945,#1946);
#1944 = CARTESIAN_POINT('',(-1.612587578565E-15,-27.34265304224,
    26.250781760014));
#1945 = DIRECTION('',(2.852844294277E-18,0.949595727175,0.313477200017)
  );
#1946 = DIRECTION('',(1.,1.845701018098E-18,-1.469170355757E-17));
#1947 = ADVANCED_FACE('',(#1948),#1974,.F.);
#1948 = FACE_BOUND('',#1949,.F.);
#1949 = EDGE_LOOP('',(#1950,#1951,#1952,#1960,#1961,#1969,#1970,#1971,
    #1972,#1973));
#1950 = ORIENTED_EDGE('',*,*,#1500,.F.);
#1951 = ORIENTED_EDGE('',*,*,#1556,.T.);
#1952 = ORIENTED_EDGE('',*,*,#1953,.F.);
#1953 = EDGE_CURVE('',#1723,#1557,#1954,.T.);
#1954 = B_SPLINE_CURVE_WITH_KNOTS('',4,(#1955,#1956,#1957,#1958,#1959),
  .UNSPECIFIED.,.F.,.F.,(5,5),(0.,1.),.PIECEWISE_BEZIER_KNOTS.);
#1955 = CARTESIAN_POINT('',(27.288319682583,-28.18881629426,
    26.261988344132));
#1956 = CARTESIAN_POINT('',(27.601125293813,-27.97605274721,
    26.410966908102));
#1957 = CARTESIAN_POINT('',(27.913930905044,-27.76328920017,
    26.559945472073));
#1958 = CARTESIAN_POINT('',(28.226736516274,-27.55052565312,
    26.708924036043));
#1959 = CARTESIAN_POINT('',(28.539542127504,-27.33776210607,
    26.857902600013));
#1960 = ORIENTED_EDGE('',*,*,#1722,.T.);
#1961 = ORIENTED_EDGE('',*,*,#1962,.T.);
#1962 = EDGE_CURVE('',#1704,#1863,#1963,.T.);
#1963 = B_SPLINE_CURVE_WITH_KNOTS('',4,(#1964,#1965,#1966,#1967,#1968),
  .UNSPECIFIED.,.F.,.F.,(5,5),(0.,1.),.PIECEWISE_BEZIER_KNOTS.);
#1964 = CARTESIAN_POINT('',(-27.28831968258,-28.18881629426,
    26.261988344132));
#1965 = CARTESIAN_POINT('',(-27.60112529381,-27.97605274721,
    26.410966908102));
#1966 = CARTESIAN_POINT('',(-27.91393090504,-27.76328920017,
    26.559945472073));
#1967 = CARTESIAN_POINT('',(-28.22673651627,-27.55052565312,
    26.708924036043));
#1968 = CARTESIAN_POINT('',(-28.5395421275,-27.33776210607,
    26.857902600013));
#1969 = ORIENTED_EDGE('',*,*,#1862,.F.);
#1970 = ORIENTED_EDGE('',*,*,#1484,.F.);
#1971 = ORIENTED_EDGE('',*,*,#1451,.F.);
#1972 = ORIENTED_EDGE('',*,*,#1935,.F.);
#1973 = ORIENTED_EDGE('',*,*,#1531,.F.);
#1974 = PLANE('',#1975);
#1975 = AXIS2_PLACEMENT_3D('',#1976,#1977,#1978);
#1976 = CARTESIAN_POINT('',(120.,-65.69484161545,0.));
#1977 = DIRECTION('',(0.,0.573576241231,-0.819152180914));
#1978 = DIRECTION('',(0.,0.819152180914,0.573576241231));
#1979 = ADVANCED_FACE('',(#1980),#1986,.T.);
#1980 = FACE_BOUND('',#1981,.T.);
#1981 = EDGE_LOOP('',(#1982,#1983,#1984,#1985));
#1982 = ORIENTED_EDGE('',*,*,#1584,.F.);
#1983 = ORIENTED_EDGE('',*,*,#1953,.F.);
#1984 = ORIENTED_EDGE('',*,*,#1729,.T.);
#1985 = ORIENTED_EDGE('',*,*,#1609,.F.);
#1986 = B_SPLINE_SURFACE_WITH_KNOTS('',1,5,(
    (#1987,#1988,#1989,#1990,#1991,#1992,#1993,#1994,#1995,#1996,#1997
      ,#1998,#1999,#2000)
    ,(#2001,#2002,#2003,#2004,#2005,#2006,#2007,#2008,#2009,#2010,#2011
      ,#2012,#2013,#2014
    )),.UNSPECIFIED.,.F.,.F.,.F.,(2,2),(6,4,4,6),(0.,44.241324469733),(
    -1.717540282554,0.312782817103,44.554107286836,44.897123009848),
  .UNSPECIFIED.);
#1987 = CARTESIAN_POINT('',(35.61965,-34.26297780201,47.836));
#1988 = CARTESIAN_POINT('',(35.49572,-34.14175903012,47.4688));
#1989 = CARTESIAN_POINT('',(35.37179,-34.02054025822,47.1016));
#1990 = CARTESIAN_POINT('',(35.24786,-33.89932148632,46.7344));
#1991 = CARTESIAN_POINT('',(35.12393,-33.77810271443,46.3672));
#1992 = CARTESIAN_POINT('',(32.29952964508,-31.01549202802,
    37.998606355792));
#1993 = CARTESIAN_POINT('',(29.599059290159,-28.3741001135,
    29.997212711584));
#1994 = CARTESIAN_POINT('',(26.898588935239,-25.73270819898,
    21.995819067375));
#1995 = CARTESIAN_POINT('',(24.198118580319,-23.09131628447,
    13.994425423167));
#1996 = CARTESIAN_POINT('',(21.476710701435,-20.42944489814,
    5.930994670918));
#1997 = CARTESIAN_POINT('',(21.455773177471,-20.40896542633,
    5.868957562878));
#1998 = CARTESIAN_POINT('',(21.434835653508,-20.38848595452,
    5.806920454838));
#1999 = CARTESIAN_POINT('',(21.413898129544,-20.36800648271,
    5.744883346798));
#2000 = CARTESIAN_POINT('',(21.392960605581,-20.3475270109,
    5.682846238757));
#2001 = CARTESIAN_POINT('',(34.57190039104,-35.31305343206,
    47.842968221041));
#2002 = CARTESIAN_POINT('',(34.44797039104,-35.19183466016,
    47.475768221041));
#2003 = CARTESIAN_POINT('',(34.32404039104,-35.07061588826,
    47.108568221041));
#2004 = CARTESIAN_POINT('',(34.200110391039,-34.94939711637,
    46.741368221041));
#2005 = CARTESIAN_POINT('',(34.07618039104,-34.82817834447,
    46.374168221041));
#2006 = CARTESIAN_POINT('',(31.251780036119,-32.06556765806,
    38.005574576833));
#2007 = CARTESIAN_POINT('',(28.551309681199,-29.42417574354,
    30.004180932625));
#2008 = CARTESIAN_POINT('',(25.850839326279,-26.78278382903,
    22.002787288416));
#2009 = CARTESIAN_POINT('',(23.150368971358,-24.14139191451,
    14.001393644208));
#2010 = CARTESIAN_POINT('',(20.428961092474,-21.47952052819,
    5.93796289196));
#2011 = CARTESIAN_POINT('',(20.408023568511,-21.45904105638,
    5.875925783919));
#2012 = CARTESIAN_POINT('',(20.387086044547,-21.43856158457,
    5.813888675879));
#2013 = CARTESIAN_POINT('',(20.366148520584,-21.41808211276,
    5.751851567839));
#2014 = CARTESIAN_POINT('',(20.34521099662,-21.39760264095,
    5.689814459799));
#2015 = ADVANCED_FACE('',(#2016),#2022,.F.);
#2016 = FACE_BOUND('',#2017,.F.);
#2017 = EDGE_LOOP('',(#2018,#2019,#2020,#2021));
#2018 = ORIENTED_EDGE('',*,*,#1875,.F.);
#2019 = ORIENTED_EDGE('',*,*,#1962,.F.);
#2020 = ORIENTED_EDGE('',*,*,#1703,.T.);
#2021 = ORIENTED_EDGE('',*,*,#1755,.F.);
#2022 = B_SPLINE_SURFACE_WITH_KNOTS('',1,5,(
    (#2023,#2024,#2025,#2026,#2027,#2028,#2029,#2030,#2031,#2032,#2033
      ,#2034,#2035,#2036)
    ,(#2037,#2038,#2039,#2040,#2041,#2042,#2043,#2044,#2045,#2046,#2047
      ,#2048,#2049,#2050
    )),.UNSPECIFIED.,.F.,.F.,.F.,(2,2),(6,4,4,6),(0.,44.241324469733),(
    -1.717540282554,0.312782817103,44.554107286836,44.897123009848),
  .UNSPECIFIED.);
#2023 = CARTESIAN_POINT('',(-35.61965,-34.26297780201,47.836));
#2024 = CARTESIAN_POINT('',(-35.49572,-34.14175903012,47.4688));
#2025 = CARTESIAN_POINT('',(-35.37179,-34.02054025822,47.1016));
#2026 = CARTESIAN_POINT('',(-35.24786,-33.89932148632,46.7344));
#2027 = CARTESIAN_POINT('',(-35.12393,-33.77810271443,46.3672));
#2028 = CARTESIAN_POINT('',(-32.29952964508,-31.01549202802,
    37.998606355792));
#2029 = CARTESIAN_POINT('',(-29.59905929015,-28.3741001135,
    29.997212711584));
#2030 = CARTESIAN_POINT('',(-26.89858893523,-25.73270819898,
    21.995819067375));
#2031 = CARTESIAN_POINT('',(-24.19811858031,-23.09131628447,
    13.994425423167));
#2032 = CARTESIAN_POINT('',(-21.47671070143,-20.42944489814,
    5.930994670918));
#2033 = CARTESIAN_POINT('',(-21.45577317747,-20.40896542633,
    5.868957562878));
#2034 = CARTESIAN_POINT('',(-21.4348356535,-20.38848595452,
    5.806920454838));
#2035 = CARTESIAN_POINT('',(-21.41389812954,-20.36800648271,
    5.744883346798));
#2036 = CARTESIAN_POINT('',(-21.39296060558,-20.3475270109,
    5.682846238757));
#2037 = CARTESIAN_POINT('',(-34.57190039103,-35.31305343206,
    47.842968221041));
#2038 = CARTESIAN_POINT('',(-34.44797039103,-35.19183466016,
    47.475768221041));
#2039 = CARTESIAN_POINT('',(-34.32404039103,-35.07061588826,
    47.108568221041));
#2040 = CARTESIAN_POINT('',(-34.20011039103,-34.94939711637,
    46.741368221041));
#2041 = CARTESIAN_POINT('',(-34.07618039103,-34.82817834447,
    46.374168221041));
#2042 = CARTESIAN_POINT('',(-31.25178003611,-32.06556765806,
    38.005574576833));
#2043 = CARTESIAN_POINT('',(-28.55130968119,-29.42417574354,
    30.004180932625));
#2044 = CARTESIAN_POINT('',(-25.85083932627,-26.78278382903,
    22.002787288416));
#2045 = CARTESIAN_POINT('',(-23.15036897135,-24.14139191451,
    14.001393644208));
#2046 = CARTESIAN_POINT('',(-20.42896109247,-21.47952052819,
    5.93796289196));
#2047 = CARTESIAN_POINT('',(-20.40802356851,-21.45904105638,
    5.87592578392));
#2048 = CARTESIAN_POINT('',(-20.38708604454,-21.43856158457,
    5.813888675879));
#2049 = CARTESIAN_POINT('',(-20.36614852058,-21.41808211276,
    5.751851567839));
#2050 = CARTESIAN_POINT('',(-20.34521099662,-21.39760264095,
    5.689814459799));
#2051 = ( GEOMETRIC_REPRESENTATION_CONTEXT(3) 
GLOBAL_UNCERTAINTY_ASSIGNED_CONTEXT((#2055)) 
GLOBAL_UNIT_ASSIGNED_CONTEXT((#2052,#2053,#2054)) REPRESENTATION_CONTEXT
('Context #1','3D Context with UNIT and UNCERTAINTY') );
#2052 = ( LENGTH_UNIT() NAMED_UNIT(*) SI_UNIT(.MILLI.,.METRE.) );
#2053 = ( NAMED_UNIT(*) PLANE_ANGLE_UNIT() SI_UNIT($,.RADIAN.) );
#2054 = ( NAMED_UNIT(*) SI_UNIT($,.STERADIAN.) SOLID_ANGLE_UNIT() );
#2055 = UNCERTAINTY_MEASURE_WITH_UNIT(LENGTH_MEASURE(5.E-03),#2052,
  'distance_accuracy_value','confusion accuracy');
#2056 = PRODUCT_RELATED_PRODUCT_CATEGORY('part',$,(#7));
#2057 = MECHANICAL_DESIGN_GEOMETRIC_PRESENTATION_REPRESENTATION('',(
    #2058),#2051);
#2058 = STYLED_ITEM('color',(#2059),#15);
#2059 = PRESENTATION_STYLE_ASSIGNMENT((#2060,#2066));
#2060 = SURFACE_STYLE_USAGE(.BOTH.,#2061);
#2061 = SURFACE_SIDE_STYLE('',(#2062));
#2062 = SURFACE_STYLE_FILL_AREA(#2063);
#2063 = FILL_AREA_STYLE('',(#2064));
#2064 = FILL_AREA_STYLE_COLOUR('',#2065);
#2065 = COLOUR_RGB('',0.678431390124,0.709803936702,0.741176476869);
#2066 = CURVE_STYLE('',#2067,POSITIVE_LENGTH_MEASURE(0.1),#2068);
#2067 = DRAUGHTING_PRE_DEFINED_CURVE_FONT('continuous');
#2068 = COLOUR_RGB('',9.803921802644E-02,9.803921802644E-02,
  9.803921802644E-02);
ENDSEC;
END-ISO-10303-21;
