ISO-10303-21;
HEADER;
FILE_DESCRIPTION(('FreeCAD Model'),'2;1');
FILE_NAME('Open CASCADE Shape Model','2026-05-02T09:59:38',(''),(''),
  'Open CASCADE STEP processor 7.8','FreeCAD','Unknown');
FILE_SCHEMA(('AUTOMOTIVE_DESIGN { 1 0 10303 214 1 1 1 1 }'));
ENDSEC;
DATA;
#1 = APPLICATION_PROTOCOL_DEFINITION('international standard',
  'automotive_design',2000,#2);
#2 = APPLICATION_CONTEXT(
  'core data for automotive mechanical design processes');
#3 = SHAPE_DEFINITION_REPRESENTATION(#4,#10);
#4 = PRODUCT_DEFINITION_SHAPE('','',#5);
#5 = PRODUCT_DEFINITION('design','',#6,#9);
#6 = PRODUCT_DEFINITION_FORMATION('','',#7);
#7 = PRODUCT('Body','Body','',(#8));
#8 = PRODUCT_CONTEXT('',#2,'mechanical');
#9 = PRODUCT_DEFINITION_CONTEXT('part definition',#2,'design');
#10 = ADVANCED_BREP_SHAPE_REPRESENTATION('',(#11,#15),#2006);
#11 = AXIS2_PLACEMENT_3D('',#12,#13,#14);
#12 = CARTESIAN_POINT('',(0.,0.,0.));
#13 = DIRECTION('',(0.,0.,1.));
#14 = DIRECTION('',(1.,0.,-0.));
#15 = MANIFOLD_SOLID_BREP('',#16);
#16 = CLOSED_SHELL('',(#17,#99,#138,#250,#310,#335,#374,#528,#640,#657,
    #691,#793,#810,#1052,#1086,#1098,#1144,#1168,#1222,#1246,#1285,#1303
    ,#1325,#1342,#1359,#1371,#1388,#1405,#1422,#1439,#1456,#1489,#1506,
    #1578,#1590,#1630,#1724,#1768,#1869,#1902,#1934,#1970));
#17 = ADVANCED_FACE('',(#18),#94,.F.);
#18 = FACE_BOUND('',#19,.F.);
#19 = EDGE_LOOP('',(#20,#30,#39,#47,#59,#67,#76,#84));
#20 = ORIENTED_EDGE('',*,*,#21,.T.);
#21 = EDGE_CURVE('',#22,#24,#26,.T.);
#22 = VERTEX_POINT('',#23);
#23 = CARTESIAN_POINT('',(-20.,45.,1.));
#24 = VERTEX_POINT('',#25);
#25 = CARTESIAN_POINT('',(-20.,45.,6.));
#26 = LINE('',#27,#28);
#27 = CARTESIAN_POINT('',(-20.,45.,-9.E-17));
#28 = VECTOR('',#29,1.);
#29 = DIRECTION('',(0.,0.,1.));
#30 = ORIENTED_EDGE('',*,*,#31,.T.);
#31 = EDGE_CURVE('',#24,#32,#34,.T.);
#32 = VERTEX_POINT('',#33);
#33 = CARTESIAN_POINT('',(20.,45.,6.));
#34 = CIRCLE('',#35,20.);
#35 = AXIS2_PLACEMENT_3D('',#36,#37,#38);
#36 = CARTESIAN_POINT('',(8.220195899898E-17,45.,6.));
#37 = DIRECTION('',(0.,0.,-1.));
#38 = DIRECTION('',(1.,0.,0.));
#39 = ORIENTED_EDGE('',*,*,#40,.F.);
#40 = EDGE_CURVE('',#41,#32,#43,.T.);
#41 = VERTEX_POINT('',#42);
#42 = CARTESIAN_POINT('',(20.,45.,1.));
#43 = LINE('',#44,#45);
#44 = CARTESIAN_POINT('',(20.,45.,-9.E-17));
#45 = VECTOR('',#46,1.);
#46 = DIRECTION('',(0.,0.,1.));
#47 = ORIENTED_EDGE('',*,*,#48,.T.);
#48 = EDGE_CURVE('',#41,#49,#51,.T.);
#49 = VERTEX_POINT('',#50);
#50 = CARTESIAN_POINT('',(18.856180831641,51.666666666667,1.));
#51 = ( BOUNDED_CURVE() B_SPLINE_CURVE(6,(#52,#53,#54,#55,#56,#57,#58),
.UNSPECIFIED.,.F.,.F.) B_SPLINE_CURVE_WITH_KNOTS((7,7),(0.,
0.339836909454),.PIECEWISE_BEZIER_KNOTS.) CURVE() 
GEOMETRIC_REPRESENTATION_ITEM() RATIONAL_B_SPLINE_CURVE((1.001444805681,
    1.000480674006,0.999903681405,0.999711592921,0.999903681405,
1.000480674006,1.001444805681)) REPRESENTATION_ITEM('') );
#52 = CARTESIAN_POINT('',(20.,45.,1.));
#53 = CARTESIAN_POINT('',(20.,46.133881331349,1.));
#54 = CARTESIAN_POINT('',(19.922888583229,47.266449840676,1.));
#55 = CARTESIAN_POINT('',(19.768955436154,48.391816524945,1.));
#56 = CARTESIAN_POINT('',(19.538962770926,49.504133458994,1.));
#57 = CARTESIAN_POINT('',(19.234141275424,50.59763309539,1.));
#58 = CARTESIAN_POINT('',(18.856180831641,51.666666666667,1.));
#59 = ORIENTED_EDGE('',*,*,#60,.F.);
#60 = EDGE_CURVE('',#61,#49,#63,.T.);
#61 = VERTEX_POINT('',#62);
#62 = CARTESIAN_POINT('',(18.856180831641,51.666666666667,-9.E-17));
#63 = LINE('',#64,#65);
#64 = CARTESIAN_POINT('',(18.856180831641,51.666666666667,-9.E-17));
#65 = VECTOR('',#66,1.);
#66 = DIRECTION('',(0.,0.,1.));
#67 = ORIENTED_EDGE('',*,*,#68,.F.);
#68 = EDGE_CURVE('',#69,#61,#71,.T.);
#69 = VERTEX_POINT('',#70);
#70 = CARTESIAN_POINT('',(-18.85618083164,51.666666666667,-9.E-17));
#71 = CIRCLE('',#72,20.);
#72 = AXIS2_PLACEMENT_3D('',#73,#74,#75);
#73 = CARTESIAN_POINT('',(8.220195899898E-17,45.,-9.E-17));
#74 = DIRECTION('',(0.,0.,-1.));
#75 = DIRECTION('',(1.,0.,0.));
#76 = ORIENTED_EDGE('',*,*,#77,.T.);
#77 = EDGE_CURVE('',#69,#78,#80,.T.);
#78 = VERTEX_POINT('',#79);
#79 = CARTESIAN_POINT('',(-18.85618083164,51.666666666667,1.));
#80 = LINE('',#81,#82);
#81 = CARTESIAN_POINT('',(-18.85618083164,51.666666666667,-9.E-17));
#82 = VECTOR('',#83,1.);
#83 = DIRECTION('',(0.,0.,1.));
#84 = ORIENTED_EDGE('',*,*,#85,.F.);
#85 = EDGE_CURVE('',#22,#78,#86,.T.);
#86 = ( BOUNDED_CURVE() B_SPLINE_CURVE(6,(#87,#88,#89,#90,#91,#92,#93),
.UNSPECIFIED.,.F.,.F.) B_SPLINE_CURVE_WITH_KNOTS((7,7),(0.,
0.339836909454),.PIECEWISE_BEZIER_KNOTS.) CURVE() 
GEOMETRIC_REPRESENTATION_ITEM() RATIONAL_B_SPLINE_CURVE((1.001444805681,
    1.000480674006,0.999903681405,0.999711592921,0.999903681405,
1.000480674006,1.001444805681)) REPRESENTATION_ITEM('') );
#87 = CARTESIAN_POINT('',(-20.,45.,1.));
#88 = CARTESIAN_POINT('',(-20.,46.133881331349,1.));
#89 = CARTESIAN_POINT('',(-19.92288858322,47.266449840676,1.));
#90 = CARTESIAN_POINT('',(-19.76895543615,48.391816524945,1.));
#91 = CARTESIAN_POINT('',(-19.53896277092,49.504133458994,1.));
#92 = CARTESIAN_POINT('',(-19.23414127542,50.59763309539,1.));
#93 = CARTESIAN_POINT('',(-18.85618083164,51.666666666667,1.));
#94 = CYLINDRICAL_SURFACE('',#95,20.);
#95 = AXIS2_PLACEMENT_3D('',#96,#97,#98);
#96 = CARTESIAN_POINT('',(8.220195899898E-17,45.,-9.E-17));
#97 = DIRECTION('',(0.,0.,-1.));
#98 = DIRECTION('',(1.,0.,0.));
#99 = ADVANCED_FACE('',(#100),#133,.F.);
#100 = FACE_BOUND('',#101,.F.);
#101 = EDGE_LOOP('',(#102,#103,#111,#119,#127));
#102 = ORIENTED_EDGE('',*,*,#21,.F.);
#103 = ORIENTED_EDGE('',*,*,#104,.F.);
#104 = EDGE_CURVE('',#105,#22,#107,.T.);
#105 = VERTEX_POINT('',#106);
#106 = CARTESIAN_POINT('',(-20.,38.235920850969,1.));
#107 = LINE('',#108,#109);
#108 = CARTESIAN_POINT('',(-20.,38.235920850969,1.));
#109 = VECTOR('',#110,1.);
#110 = DIRECTION('',(0.,1.,0.));
#111 = ORIENTED_EDGE('',*,*,#112,.F.);
#112 = EDGE_CURVE('',#113,#105,#115,.T.);
#113 = VERTEX_POINT('',#114);
#114 = CARTESIAN_POINT('',(-20.,-20.,1.));
#115 = LINE('',#116,#117);
#116 = CARTESIAN_POINT('',(-20.,9.5982281575,1.));
#117 = VECTOR('',#118,1.);
#118 = DIRECTION('',(0.,1.,0.));
#119 = ORIENTED_EDGE('',*,*,#120,.T.);
#120 = EDGE_CURVE('',#113,#121,#123,.T.);
#121 = VERTEX_POINT('',#122);
#122 = CARTESIAN_POINT('',(-20.,-20.,6.));
#123 = LINE('',#124,#125);
#124 = CARTESIAN_POINT('',(-20.,-20.,3.));
#125 = VECTOR('',#126,1.);
#126 = DIRECTION('',(0.,0.,1.));
#127 = ORIENTED_EDGE('',*,*,#128,.T.);
#128 = EDGE_CURVE('',#121,#24,#129,.T.);
#129 = LINE('',#130,#131);
#130 = CARTESIAN_POINT('',(-20.,-20.,6.));
#131 = VECTOR('',#132,1.);
#132 = DIRECTION('',(0.,1.,0.));
#133 = PLANE('',#134);
#134 = AXIS2_PLACEMENT_3D('',#135,#136,#137);
#135 = CARTESIAN_POINT('',(-20.,11.75,3.));
#136 = DIRECTION('',(-1.,-0.,-0.));
#137 = DIRECTION('',(0.,0.,-1.));
#138 = ADVANCED_FACE('',(#139),#168,.F.);
#139 = FACE_BOUND('',#140,.F.);
#140 = EDGE_LOOP('',(#141,#153,#166,#167));
#141 = ORIENTED_EDGE('',*,*,#142,.T.);
#142 = EDGE_CURVE('',#78,#143,#145,.T.);
#143 = VERTEX_POINT('',#144);
#144 = CARTESIAN_POINT('',(-14.14213562373,45.,1.));
#145 = ( BOUNDED_CURVE() B_SPLINE_CURVE(6,(#146,#147,#148,#149,#150,#151
,#152),.UNSPECIFIED.,.F.,.F.) B_SPLINE_CURVE_WITH_KNOTS((7,7),(0.,
1.910633236249),.PIECEWISE_BEZIER_KNOTS.) CURVE() 
GEOMETRIC_REPRESENTATION_ITEM() RATIONAL_B_SPLINE_CURVE((1.046845374633,
    1.014636653151,0.996934024502,0.991132433893,0.996934024502,
1.014636653151,1.046845374633)) REPRESENTATION_ITEM('') );
#146 = CARTESIAN_POINT('',(-18.85618083164,51.666666666667,1.));
#147 = CARTESIAN_POINT('',(-19.40375182384,50.117902019587,1.));
#148 = CARTESIAN_POINT('',(-19.32732886451,48.417474125022,1.));
#149 = CARTESIAN_POINT('',(-18.61248309369,46.838986989727,1.));
#150 = CARTESIAN_POINT('',(-17.36255307412,45.638861555234,1.));
#151 = CARTESIAN_POINT('',(-15.78484860034,45.,1.));
#152 = CARTESIAN_POINT('',(-14.14213562373,45.,1.));
#153 = ORIENTED_EDGE('',*,*,#154,.T.);
#154 = EDGE_CURVE('',#143,#105,#155,.T.);
#155 = B_SPLINE_CURVE_WITH_KNOTS('',9,(#156,#157,#158,#159,#160,#161,
    #162,#163,#164,#165),.UNSPECIFIED.,.F.,.F.,(10,10),(0.,1.),
  .PIECEWISE_BEZIER_KNOTS.);
#156 = CARTESIAN_POINT('',(-14.14213562373,45.,1.));
#157 = CARTESIAN_POINT('',(-15.25272572328,45.,1.));
#158 = CARTESIAN_POINT('',(-16.36333779724,44.753460924708,1.));
#159 = CARTESIAN_POINT('',(-17.41129085242,44.250680712191,1.));
#160 = CARTESIAN_POINT('',(-18.32586253116,43.508241433869,1.));
#161 = CARTESIAN_POINT('',(-19.04350567925,42.582163912399,1.));
#162 = CARTESIAN_POINT('',(-19.5502855928,41.547810491896,1.));
#163 = CARTESIAN_POINT('',(-19.86057771387,40.457078018443,1.));
#164 = CARTESIAN_POINT('',(-20.,39.34651572654,1.));
#165 = CARTESIAN_POINT('',(-20.,38.235920850969,1.));
#166 = ORIENTED_EDGE('',*,*,#104,.T.);
#167 = ORIENTED_EDGE('',*,*,#85,.T.);
#168 = B_SPLINE_SURFACE_WITH_KNOTS('',8,8,(
    (#169,#170,#171,#172,#173,#174,#175,#176,#177)
    ,(#178,#179,#180,#181,#182,#183,#184,#185,#186)
    ,(#187,#188,#189,#190,#191,#192,#193,#194,#195)
    ,(#196,#197,#198,#199,#200,#201,#202,#203,#204)
    ,(#205,#206,#207,#208,#209,#210,#211,#212,#213)
    ,(#214,#215,#216,#217,#218,#219,#220,#221,#222)
    ,(#223,#224,#225,#226,#227,#228,#229,#230,#231)
    ,(#232,#233,#234,#235,#236,#237,#238,#239,#240)
    ,(#241,#242,#243,#244,#245,#246,#247,#248,#249
  )),.UNSPECIFIED.,.F.,.F.,.F.,(9,9),(9,9),(-7.518908898684,
    7.308351979848),(-1.376585768039,5.116329988565),
  .PIECEWISE_BEZIER_KNOTS.);
#169 = CARTESIAN_POINT('',(-20.80107072273,37.617569531122,1.));
#170 = CARTESIAN_POINT('',(-19.99332987718,37.549590384694,1.));
#171 = CARTESIAN_POINT('',(-19.18586202869,37.481209355708,1.));
#172 = CARTESIAN_POINT('',(-18.37739971308,37.413599327582,1.));
#173 = CARTESIAN_POINT('',(-17.56892684764,37.346020267936,1.));
#174 = CARTESIAN_POINT('',(-16.76069875694,37.278206013535,1.));
#175 = CARTESIAN_POINT('',(-15.95246315098,37.210353082626,1.));
#176 = CARTESIAN_POINT('',(-15.14440872929,37.142436793492,1.));
#177 = CARTESIAN_POINT('',(-14.33636808501,37.074579967802,1.));
#178 = CARTESIAN_POINT('',(-20.64891736204,39.463759901441,1.));
#179 = CARTESIAN_POINT('',(-19.84064738084,39.396326515663,1.));
#180 = CARTESIAN_POINT('',(-19.03271965015,39.328452964961,1.));
#181 = CARTESIAN_POINT('',(-18.22296258379,39.262000226686,1.));
#182 = CARTESIAN_POINT('',(-17.41574745031,39.193328611742,1.));
#183 = CARTESIAN_POINT('',(-16.60612600622,39.126859725052,1.));
#184 = CARTESIAN_POINT('',(-15.79828582737,39.058624417081,1.));
#185 = CARTESIAN_POINT('',(-14.99001267027,38.99092979824,1.));
#186 = CARTESIAN_POINT('',(-14.18183752309,38.923210891218,1.));
#187 = CARTESIAN_POINT('',(-20.49698142463,41.309766200438,1.));
#188 = CARTESIAN_POINT('',(-19.68820639425,41.242705860994,1.));
#189 = CARTESIAN_POINT('',(-18.87231119209,41.18296776647,1.));
#190 = CARTESIAN_POINT('',(-18.07544176931,41.103400161203,1.));
#191 = CARTESIAN_POINT('',(-17.25801482435,41.045475652155,1.));
#192 = CARTESIAN_POINT('',(-16.45368258592,40.973492645706,1.));
#193 = CARTESIAN_POINT('',(-15.64376428624,40.907532416039,1.));
#194 = CARTESIAN_POINT('',(-14.83567614681,40.839537986149,1.));
#195 = CARTESIAN_POINT('',(-14.02738481633,40.771943727032,1.));
#196 = CARTESIAN_POINT('',(-20.3427871254,43.158353811674,1.));
#197 = CARTESIAN_POINT('',(-19.5332481499,43.092757000943,1.));
#198 = CARTESIAN_POINT('',(-18.73000739533,43.019513643863,1.));
#199 = CARTESIAN_POINT('',(-17.91096158042,42.96132793505,1.));
#200 = CARTESIAN_POINT('',(-17.110864708,42.887716840827,1.));
#201 = CARTESIAN_POINT('',(-16.29538802302,42.82525899771,0.999999999999
    ));
#202 = CARTESIAN_POINT('',(-15.49053852939,42.754662969252,
    1.000000000001));
#203 = CARTESIAN_POINT('',(-14.68169484125,42.68776227423,1.));
#204 = CARTESIAN_POINT('',(-13.87325782695,42.620311024516,1.));
#205 = CARTESIAN_POINT('',(-20.18996654013,45.004298310093,1.));
#206 = CARTESIAN_POINT('',(-19.38167916873,44.935809667571,1.));
#207 = CARTESIAN_POINT('',(-18.57027729698,44.871751137656,1.));
#208 = CARTESIAN_POINT('',(-17.76874586101,44.800500571382,1.));
#209 = CARTESIAN_POINT('',(-16.95079894088,44.740336708993,
    0.999999999999));
#210 = CARTESIAN_POINT('',(-16.14497268745,44.671732524395,
    1.000000000001));
#211 = CARTESIAN_POINT('',(-15.33720511639,44.602986012836,
    0.999999999999));
#212 = CARTESIAN_POINT('',(-14.52820304822,44.535777448187,1.));
#213 = CARTESIAN_POINT('',(-13.71945021892,44.468765979603,1.));
#214 = CARTESIAN_POINT('',(-20.03763397541,46.85239735791,1.));
#215 = CARTESIAN_POINT('',(-19.22873887574,46.786830134224,1.));
#216 = CARTESIAN_POINT('',(-18.4200312079,46.718475450084,1.));
#217 = CARTESIAN_POINT('',(-17.60867884863,46.654917296933,1.));
#218 = CARTESIAN_POINT('',(-16.80211148554,46.580542717548,1.));
#219 = CARTESIAN_POINT('',(-15.99809949504,46.514092964016,1.));
#220 = CARTESIAN_POINT('',(-15.18311259636,46.45121436589,1.));
#221 = CARTESIAN_POINT('',(-14.37494847342,46.383812225507,1.));
#222 = CARTESIAN_POINT('',(-13.56584339505,46.316921440935,1.));
#223 = CARTESIAN_POINT('',(-19.8838075854,48.698486457954,1.));
#224 = CARTESIAN_POINT('',(-19.07511281311,48.631443378976,1.));
#225 = CARTESIAN_POINT('',(-18.26764152008,48.566760234465,1.));
#226 = CARTESIAN_POINT('',(-17.45627933521,48.493571246094,1.));
#227 = CARTESIAN_POINT('',(-16.65019142256,48.432768805035,1.));
#228 = CARTESIAN_POINT('',(-15.83858954695,48.363351717861,1.));
#229 = CARTESIAN_POINT('',(-15.03129511312,48.297171453734,1.));
#230 = CARTESIAN_POINT('',(-14.22159356185,48.230864790892,1.));
#231 = CARTESIAN_POINT('',(-13.41225840862,48.164518502387,1.));
#232 = CARTESIAN_POINT('',(-19.7311527585,50.546057748479,1.));
#233 = CARTESIAN_POINT('',(-18.92213711406,50.478817376856,1.));
#234 = CARTESIAN_POINT('',(-18.11294431402,50.410871433514,1.));
#235 = CARTESIAN_POINT('',(-17.30455732969,50.344493453704,1.));
#236 = CARTESIAN_POINT('',(-16.49548443744,50.276751177088,1.));
#237 = CARTESIAN_POINT('',(-15.68697792134,50.210706860951,1.));
#238 = CARTESIAN_POINT('',(-14.8774203878,50.144542393968,1.));
#239 = CARTESIAN_POINT('',(-14.06802415458,50.078452816752,1.));
#240 = CARTESIAN_POINT('',(-13.25853579668,50.012356326458,1.));
#241 = CARTESIAN_POINT('',(-19.57854107104,52.393765973917,1.));
#242 = CARTESIAN_POINT('',(-18.76936297758,52.326348919097,1.));
#243 = CARTESIAN_POINT('',(-17.96012266179,52.258522513333,1.));
#244 = CARTESIAN_POINT('',(-17.15121698492,52.191402970533,1.));
#245 = CARTESIAN_POINT('',(-16.34244055396,52.124578259911,1.));
#246 = CARTESIAN_POINT('',(-15.53338921347,52.058139425103,1.));
#247 = CARTESIAN_POINT('',(-14.7239455424,51.992220420722,1.));
#248 = CARTESIAN_POINT('',(-13.91439998964,51.926286957016,1.));
#249 = CARTESIAN_POINT('',(-13.10476128178,51.8604148432,1.));
#250 = ADVANCED_FACE('',(#251),#282,.F.);
#251 = FACE_BOUND('',#252,.F.);
#252 = EDGE_LOOP('',(#253,#254,#262,#276));
#253 = ORIENTED_EDGE('',*,*,#31,.F.);
#254 = ORIENTED_EDGE('',*,*,#255,.T.);
#255 = EDGE_CURVE('',#24,#256,#258,.T.);
#256 = VERTEX_POINT('',#257);
#257 = CARTESIAN_POINT('',(-20.07876158151,45.,6.479667966237));
#258 = ( BOUNDED_CURVE() B_SPLINE_CURVE(2,(#259,#260,#261),
.UNSPECIFIED.,.F.,.F.) B_SPLINE_CURVE_WITH_KNOTS((3,3),(0.,1.),
.PIECEWISE_BEZIER_KNOTS.) CURVE() GEOMETRIC_REPRESENTATION_ITEM() 
RATIONAL_B_SPLINE_CURVE((1.,0.9867857617,1.)) REPRESENTATION_ITEM('') );
#259 = CARTESIAN_POINT('',(-20.,45.,6.));
#260 = CARTESIAN_POINT('',(-20.,45.,6.246300317291));
#261 = CARTESIAN_POINT('',(-20.07876158151,45.,6.479667966237));
#262 = ORIENTED_EDGE('',*,*,#263,.T.);
#263 = EDGE_CURVE('',#256,#264,#266,.T.);
#264 = VERTEX_POINT('',#265);
#265 = CARTESIAN_POINT('',(20.078761581519,45.,6.479667966237));
#266 = ( BOUNDED_CURVE() B_SPLINE_CURVE(8,(#267,#268,#269,#270,#271,#272
,#273,#274,#275),.UNSPECIFIED.,.F.,.F.) B_SPLINE_CURVE_WITH_KNOTS((9,9),
(3.14159265359,6.28318530718),.PIECEWISE_BEZIER_KNOTS.) CURVE() 
GEOMETRIC_REPRESENTATION_ITEM() RATIONAL_B_SPLINE_CURVE((1.,1.,1.,1.,1.,
1.,1.,1.,1.)) REPRESENTATION_ITEM('') );
#267 = CARTESIAN_POINT('',(-20.07876158151,45.,6.479667966237));
#268 = CARTESIAN_POINT('',(-20.08001015858,52.884911223244,
    6.483367453852));
#269 = CARTESIAN_POINT('',(-16.54169942271,60.771043775427,
    6.487055776812));
#270 = CARTESIAN_POINT('',(-9.469232694219,66.80453090111,6.489863731096
    ));
#271 = CARTESIAN_POINT('',(3.776507342186E-12,69.136259028609,
    6.490935606893));
#272 = CARTESIAN_POINT('',(9.469232694213,66.804530901099,6.489863731094
    ));
#273 = CARTESIAN_POINT('',(16.541699422715,60.771043775438,
    6.487055776814));
#274 = CARTESIAN_POINT('',(20.080010158588,52.88491122324,6.483367453851
    ));
#275 = CARTESIAN_POINT('',(20.078761581519,45.,6.479667966237));
#276 = ORIENTED_EDGE('',*,*,#277,.F.);
#277 = EDGE_CURVE('',#32,#264,#278,.T.);
#278 = ( BOUNDED_CURVE() B_SPLINE_CURVE(2,(#279,#280,#281),
.UNSPECIFIED.,.F.,.F.) B_SPLINE_CURVE_WITH_KNOTS((3,3),(0.,1.),
.PIECEWISE_BEZIER_KNOTS.) CURVE() GEOMETRIC_REPRESENTATION_ITEM() 
RATIONAL_B_SPLINE_CURVE((1.,0.9867857617,1.)) REPRESENTATION_ITEM('') );
#279 = CARTESIAN_POINT('',(20.,45.,6.));
#280 = CARTESIAN_POINT('',(20.,45.,6.246300317291));
#281 = CARTESIAN_POINT('',(20.078761581519,45.,6.479667966237));
#282 = ( BOUNDED_SURFACE() B_SPLINE_SURFACE(2,8,(
    (#283,#284,#285,#286,#287,#288,#289,#290,#291)
    ,(#292,#293,#294,#295,#296,#297,#298,#299,#300)
    ,(#301,#302,#303,#304,#305,#306,#307,#308,#309
)),.UNSPECIFIED.,.F.,.F.,.F.) B_SPLINE_SURFACE_WITH_KNOTS((3,3),(9,9),(
    0.,1.),(3.14159265359,6.28318530718),.PIECEWISE_BEZIER_KNOTS.) 
GEOMETRIC_REPRESENTATION_ITEM() RATIONAL_B_SPLINE_SURFACE((
    (1.,1.,1.,1.,1.,1.,1.,1.,1.)
    ,(0.9867857617,0.986574878866,0.986362499782,0.986198289979
      ,0.986133295542,0.98619828998,0.986362499782,0.986574878866
      ,0.9867857617)
,(1.,1.,1.,1.,1.,1.,1.,1.,1.))) REPRESENTATION_ITEM('') SURFACE() );
#283 = CARTESIAN_POINT('',(-20.,45.,6.));
#284 = CARTESIAN_POINT('',(-20.,52.853981633974,6.));
#285 = CARTESIAN_POINT('',(-16.47434430985,60.708056418834,6.));
#286 = CARTESIAN_POINT('',(-9.429368882902,66.715685144108,6.));
#287 = CARTESIAN_POINT('',(-2.808777962682E-13,69.036114580004,6.));
#288 = CARTESIAN_POINT('',(9.429368882903,66.715685144108,6.));
#289 = CARTESIAN_POINT('',(16.47434430985,60.708056418834,6.));
#290 = CARTESIAN_POINT('',(20.,52.853981633975,6.));
#291 = CARTESIAN_POINT('',(20.,45.,6.));
#292 = CARTESIAN_POINT('',(-20.,45.,6.246300317291));
#293 = CARTESIAN_POINT('',(-20.,52.855660436196,6.248305634012));
#294 = CARTESIAN_POINT('',(-16.47292714817,60.710934701681,
    6.250307785987));
#295 = CARTESIAN_POINT('',(-9.42562967603,66.717221785369,6.251835036479
    ));
#296 = CARTESIAN_POINT('',(-4.233194387652E-12,69.033208578467,
    6.252420441417));
#297 = CARTESIAN_POINT('',(9.425629676035,66.717221785361,6.251835036479
    ));
#298 = CARTESIAN_POINT('',(16.472927148176,60.710934701688,
    6.250307785988));
#299 = CARTESIAN_POINT('',(20.,52.855660436193,6.248305634012));
#300 = CARTESIAN_POINT('',(20.,45.,6.246300317291));
#301 = CARTESIAN_POINT('',(-20.07876158151,45.,6.479667966237));
#302 = CARTESIAN_POINT('',(-20.08001015858,52.884911223244,
    6.483367453852));
#303 = CARTESIAN_POINT('',(-16.54169942271,60.771043775427,
    6.487055776812));
#304 = CARTESIAN_POINT('',(-9.469232694219,66.80453090111,6.489863731096
    ));
#305 = CARTESIAN_POINT('',(3.776507342186E-12,69.136259028609,
    6.490935606893));
#306 = CARTESIAN_POINT('',(9.469232694213,66.804530901099,6.489863731094
    ));
#307 = CARTESIAN_POINT('',(16.541699422715,60.771043775438,
    6.487055776814));
#308 = CARTESIAN_POINT('',(20.080010158588,52.88491122324,6.483367453851
    ));
#309 = CARTESIAN_POINT('',(20.078761581519,45.,6.479667966237));
#310 = ADVANCED_FACE('',(#311),#330,.F.);
#311 = FACE_BOUND('',#312,.F.);
#312 = EDGE_LOOP('',(#313,#322,#328,#329));
#313 = ORIENTED_EDGE('',*,*,#314,.T.);
#314 = EDGE_CURVE('',#69,#315,#317,.T.);
#315 = VERTEX_POINT('',#316);
#316 = CARTESIAN_POINT('',(-14.14213562373,45.,-9.E-17));
#317 = CIRCLE('',#318,5.);
#318 = AXIS2_PLACEMENT_3D('',#319,#320,#321);
#319 = CARTESIAN_POINT('',(-14.14213562373,50.,-9.E-17));
#320 = DIRECTION('',(-0.,0.,1.));
#321 = DIRECTION('',(0.,-1.,0.));
#322 = ORIENTED_EDGE('',*,*,#323,.T.);
#323 = EDGE_CURVE('',#315,#143,#324,.T.);
#324 = LINE('',#325,#326);
#325 = CARTESIAN_POINT('',(-14.14213562373,45.,-9.E-17));
#326 = VECTOR('',#327,1.);
#327 = DIRECTION('',(0.,0.,1.));
#328 = ORIENTED_EDGE('',*,*,#142,.F.);
#329 = ORIENTED_EDGE('',*,*,#77,.F.);
#330 = CYLINDRICAL_SURFACE('',#331,5.);
#331 = AXIS2_PLACEMENT_3D('',#332,#333,#334);
#332 = CARTESIAN_POINT('',(-14.14213562373,50.,-9.E-17));
#333 = DIRECTION('',(0.,0.,1.));
#334 = DIRECTION('',(-0.942809041582,0.333333333333,0.));
#335 = ADVANCED_FACE('',(#336),#369,.F.);
#336 = FACE_BOUND('',#337,.F.);
#337 = EDGE_LOOP('',(#338,#339,#347,#355,#363));
#338 = ORIENTED_EDGE('',*,*,#40,.T.);
#339 = ORIENTED_EDGE('',*,*,#340,.T.);
#340 = EDGE_CURVE('',#32,#341,#343,.T.);
#341 = VERTEX_POINT('',#342);
#342 = CARTESIAN_POINT('',(20.,-20.,6.));
#343 = LINE('',#344,#345);
#344 = CARTESIAN_POINT('',(20.,-20.,6.));
#345 = VECTOR('',#346,1.);
#346 = DIRECTION('',(0.,-1.,0.));
#347 = ORIENTED_EDGE('',*,*,#348,.T.);
#348 = EDGE_CURVE('',#341,#349,#351,.T.);
#349 = VERTEX_POINT('',#350);
#350 = CARTESIAN_POINT('',(20.,-20.,1.));
#351 = LINE('',#352,#353);
#352 = CARTESIAN_POINT('',(20.,-20.,3.));
#353 = VECTOR('',#354,1.);
#354 = DIRECTION('',(0.,0.,-1.));
#355 = ORIENTED_EDGE('',*,*,#356,.F.);
#356 = EDGE_CURVE('',#357,#349,#359,.T.);
#357 = VERTEX_POINT('',#358);
#358 = CARTESIAN_POINT('',(20.,38.235920850969,1.));
#359 = LINE('',#360,#361);
#360 = CARTESIAN_POINT('',(20.,9.5982281575,1.));
#361 = VECTOR('',#362,1.);
#362 = DIRECTION('',(0.,-1.,0.));
#363 = ORIENTED_EDGE('',*,*,#364,.T.);
#364 = EDGE_CURVE('',#357,#41,#365,.T.);
#365 = LINE('',#366,#367);
#366 = CARTESIAN_POINT('',(20.,38.235920850969,1.));
#367 = VECTOR('',#368,1.);
#368 = DIRECTION('',(0.,1.,0.));
#369 = PLANE('',#370);
#370 = AXIS2_PLACEMENT_3D('',#371,#372,#373);
#371 = CARTESIAN_POINT('',(20.,11.75,3.));
#372 = DIRECTION('',(1.,0.,0.));
#373 = DIRECTION('',(0.,0.,1.));
#374 = ADVANCED_FACE('',(#375,#394,#445,#479,#490,#501,#512),#523,.T.);
#375 = FACE_BOUND('',#376,.T.);
#376 = EDGE_LOOP('',(#377,#378,#379,#387));
#377 = ORIENTED_EDGE('',*,*,#68,.F.);
#378 = ORIENTED_EDGE('',*,*,#314,.T.);
#379 = ORIENTED_EDGE('',*,*,#380,.T.);
#380 = EDGE_CURVE('',#315,#381,#383,.T.);
#381 = VERTEX_POINT('',#382);
#382 = CARTESIAN_POINT('',(14.142135623731,45.,-9.E-17));
#383 = LINE('',#384,#385);
#384 = CARTESIAN_POINT('',(-21.5,45.,-9.E-17));
#385 = VECTOR('',#386,1.);
#386 = DIRECTION('',(1.,0.,0.));
#387 = ORIENTED_EDGE('',*,*,#388,.F.);
#388 = EDGE_CURVE('',#61,#381,#389,.T.);
#389 = CIRCLE('',#390,5.);
#390 = AXIS2_PLACEMENT_3D('',#391,#392,#393);
#391 = CARTESIAN_POINT('',(14.142135623731,50.,-9.E-17));
#392 = DIRECTION('',(0.,0.,-1.));
#393 = DIRECTION('',(0.,-1.,0.));
#394 = FACE_BOUND('',#395,.T.);
#395 = EDGE_LOOP('',(#396,#406,#414,#422,#430,#438));
#396 = ORIENTED_EDGE('',*,*,#397,.F.);
#397 = EDGE_CURVE('',#398,#400,#402,.T.);
#398 = VERTEX_POINT('',#399);
#399 = CARTESIAN_POINT('',(21.5,-20.5,-6.E-17));
#400 = VERTEX_POINT('',#401);
#401 = CARTESIAN_POINT('',(21.5,45.,-9.E-17));
#402 = LINE('',#403,#404);
#403 = CARTESIAN_POINT('',(21.5,-20.,-9.E-17));
#404 = VECTOR('',#405,1.);
#405 = DIRECTION('',(0.,1.,0.));
#406 = ORIENTED_EDGE('',*,*,#407,.T.);
#407 = EDGE_CURVE('',#398,#408,#410,.T.);
#408 = VERTEX_POINT('',#409);
#409 = CARTESIAN_POINT('',(20.5,-21.5,-6.E-17));
#410 = LINE('',#411,#412);
#411 = CARTESIAN_POINT('',(25.512879922868,-16.48712007713,-9.E-17));
#412 = VECTOR('',#413,1.);
#413 = DIRECTION('',(-0.707106781187,-0.707106781187,0.));
#414 = ORIENTED_EDGE('',*,*,#415,.F.);
#415 = EDGE_CURVE('',#416,#408,#418,.T.);
#416 = VERTEX_POINT('',#417);
#417 = CARTESIAN_POINT('',(-20.5,-21.5,-6.E-17));
#418 = LINE('',#419,#420);
#419 = CARTESIAN_POINT('',(20.,-21.5,-9.E-17));
#420 = VECTOR('',#421,1.);
#421 = DIRECTION('',(1.,0.,0.));
#422 = ORIENTED_EDGE('',*,*,#423,.F.);
#423 = EDGE_CURVE('',#424,#416,#426,.T.);
#424 = VERTEX_POINT('',#425);
#425 = CARTESIAN_POINT('',(-21.5,-20.5,-6.E-17));
#426 = LINE('',#427,#428);
#427 = CARTESIAN_POINT('',(-25.51287992286,-16.48712007713,-9.E-17));
#428 = VECTOR('',#429,1.);
#429 = DIRECTION('',(0.707106781187,-0.707106781187,0.));
#430 = ORIENTED_EDGE('',*,*,#431,.F.);
#431 = EDGE_CURVE('',#432,#424,#434,.T.);
#432 = VERTEX_POINT('',#433);
#433 = CARTESIAN_POINT('',(-21.5,45.,-9.E-17));
#434 = LINE('',#435,#436);
#435 = CARTESIAN_POINT('',(-21.5,-20.,-9.E-17));
#436 = VECTOR('',#437,1.);
#437 = DIRECTION('',(0.,-1.,0.));
#438 = ORIENTED_EDGE('',*,*,#439,.T.);
#439 = EDGE_CURVE('',#432,#400,#440,.T.);
#440 = CIRCLE('',#441,21.5);
#441 = AXIS2_PLACEMENT_3D('',#442,#443,#444);
#442 = CARTESIAN_POINT('',(8.220195899898E-17,45.,-9.E-17));
#443 = DIRECTION('',(0.,0.,-1.));
#444 = DIRECTION('',(1.,0.,0.));
#445 = FACE_BOUND('',#446,.T.);
#446 = EDGE_LOOP('',(#447,#457,#465,#473));
#447 = ORIENTED_EDGE('',*,*,#448,.F.);
#448 = EDGE_CURVE('',#449,#451,#453,.T.);
#449 = VERTEX_POINT('',#450);
#450 = CARTESIAN_POINT('',(-12.5,12.5,-9.E-17));
#451 = VERTEX_POINT('',#452);
#452 = CARTESIAN_POINT('',(12.5,12.5,-9.E-17));
#453 = LINE('',#454,#455);
#454 = CARTESIAN_POINT('',(-12.5,12.5,-9.E-17));
#455 = VECTOR('',#456,1.);
#456 = DIRECTION('',(1.,0.,0.));
#457 = ORIENTED_EDGE('',*,*,#458,.F.);
#458 = EDGE_CURVE('',#459,#449,#461,.T.);
#459 = VERTEX_POINT('',#460);
#460 = CARTESIAN_POINT('',(-12.5,-12.5,-9.E-17));
#461 = LINE('',#462,#463);
#462 = CARTESIAN_POINT('',(-12.5,-12.5,-9.E-17));
#463 = VECTOR('',#464,1.);
#464 = DIRECTION('',(0.,1.,0.));
#465 = ORIENTED_EDGE('',*,*,#466,.F.);
#466 = EDGE_CURVE('',#467,#459,#469,.T.);
#467 = VERTEX_POINT('',#468);
#468 = CARTESIAN_POINT('',(12.5,-12.5,-9.E-17));
#469 = LINE('',#470,#471);
#470 = CARTESIAN_POINT('',(12.5,-12.5,-9.E-17));
#471 = VECTOR('',#472,1.);
#472 = DIRECTION('',(-1.,0.,0.));
#473 = ORIENTED_EDGE('',*,*,#474,.F.);
#474 = EDGE_CURVE('',#451,#467,#475,.T.);
#475 = LINE('',#476,#477);
#476 = CARTESIAN_POINT('',(12.5,12.5,-9.E-17));
#477 = VECTOR('',#478,1.);
#478 = DIRECTION('',(0.,-1.,0.));
#479 = FACE_BOUND('',#480,.T.);
#480 = EDGE_LOOP('',(#481));
#481 = ORIENTED_EDGE('',*,*,#482,.F.);
#482 = EDGE_CURVE('',#483,#483,#485,.T.);
#483 = VERTEX_POINT('',#484);
#484 = CARTESIAN_POINT('',(-13.5,-15.,-9.E-17));
#485 = CIRCLE('',#486,1.5);
#486 = AXIS2_PLACEMENT_3D('',#487,#488,#489);
#487 = CARTESIAN_POINT('',(-15.,-15.,-9.E-17));
#488 = DIRECTION('',(0.,0.,-1.));
#489 = DIRECTION('',(1.,0.,0.));
#490 = FACE_BOUND('',#491,.T.);
#491 = EDGE_LOOP('',(#492));
#492 = ORIENTED_EDGE('',*,*,#493,.F.);
#493 = EDGE_CURVE('',#494,#494,#496,.T.);
#494 = VERTEX_POINT('',#495);
#495 = CARTESIAN_POINT('',(16.5,-15.,-9.E-17));
#496 = CIRCLE('',#497,1.5);
#497 = AXIS2_PLACEMENT_3D('',#498,#499,#500);
#498 = CARTESIAN_POINT('',(15.,-15.,-9.E-17));
#499 = DIRECTION('',(0.,0.,-1.));
#500 = DIRECTION('',(1.,0.,0.));
#501 = FACE_BOUND('',#502,.T.);
#502 = EDGE_LOOP('',(#503));
#503 = ORIENTED_EDGE('',*,*,#504,.F.);
#504 = EDGE_CURVE('',#505,#505,#507,.T.);
#505 = VERTEX_POINT('',#506);
#506 = CARTESIAN_POINT('',(-13.5,15.,-9.E-17));
#507 = CIRCLE('',#508,1.5);
#508 = AXIS2_PLACEMENT_3D('',#509,#510,#511);
#509 = CARTESIAN_POINT('',(-15.,15.,-9.E-17));
#510 = DIRECTION('',(0.,0.,-1.));
#511 = DIRECTION('',(1.,0.,0.));
#512 = FACE_BOUND('',#513,.T.);
#513 = EDGE_LOOP('',(#514));
#514 = ORIENTED_EDGE('',*,*,#515,.F.);
#515 = EDGE_CURVE('',#516,#516,#518,.T.);
#516 = VERTEX_POINT('',#517);
#517 = CARTESIAN_POINT('',(16.5,15.,-9.E-17));
#518 = CIRCLE('',#519,1.5);
#519 = AXIS2_PLACEMENT_3D('',#520,#521,#522);
#520 = CARTESIAN_POINT('',(15.,15.,-9.E-17));
#521 = DIRECTION('',(0.,0.,-1.));
#522 = DIRECTION('',(1.,0.,0.));
#523 = PLANE('',#524);
#524 = AXIS2_PLACEMENT_3D('',#525,#526,#527);
#525 = CARTESIAN_POINT('',(-1.187560950108E-15,18.246865065899,-9.E-17)
  );
#526 = DIRECTION('',(-0.,-0.,-1.));
#527 = DIRECTION('',(-1.,0.,0.));
#528 = ADVANCED_FACE('',(#529),#558,.F.);
#529 = FACE_BOUND('',#530,.F.);
#530 = EDGE_LOOP('',(#531,#543,#544,#545));
#531 = ORIENTED_EDGE('',*,*,#532,.F.);
#532 = EDGE_CURVE('',#49,#533,#535,.T.);
#533 = VERTEX_POINT('',#534);
#534 = CARTESIAN_POINT('',(14.142135623731,45.,1.));
#535 = ( BOUNDED_CURVE() B_SPLINE_CURVE(6,(#536,#537,#538,#539,#540,#541
,#542),.UNSPECIFIED.,.F.,.F.) B_SPLINE_CURVE_WITH_KNOTS((7,7),(0.,
1.910633236249),.PIECEWISE_BEZIER_KNOTS.) CURVE() 
GEOMETRIC_REPRESENTATION_ITEM() RATIONAL_B_SPLINE_CURVE((1.046845374633,
    1.014636653151,0.996934024502,0.991132433893,0.996934024502,
1.014636653151,1.046845374633)) REPRESENTATION_ITEM('') );
#536 = CARTESIAN_POINT('',(18.856180831641,51.666666666667,1.));
#537 = CARTESIAN_POINT('',(19.403751823847,50.117902019587,1.));
#538 = CARTESIAN_POINT('',(19.327328864512,48.417474125022,1.));
#539 = CARTESIAN_POINT('',(18.612483093697,46.838986989727,1.));
#540 = CARTESIAN_POINT('',(17.362553074125,45.638861555234,1.));
#541 = CARTESIAN_POINT('',(15.784848600349,45.,1.));
#542 = CARTESIAN_POINT('',(14.142135623731,45.,1.));
#543 = ORIENTED_EDGE('',*,*,#48,.F.);
#544 = ORIENTED_EDGE('',*,*,#364,.F.);
#545 = ORIENTED_EDGE('',*,*,#546,.F.);
#546 = EDGE_CURVE('',#533,#357,#547,.T.);
#547 = B_SPLINE_CURVE_WITH_KNOTS('',9,(#548,#549,#550,#551,#552,#553,
    #554,#555,#556,#557),.UNSPECIFIED.,.F.,.F.,(10,10),(0.,1.),
  .PIECEWISE_BEZIER_KNOTS.);
#548 = CARTESIAN_POINT('',(14.142135623731,45.,1.));
#549 = CARTESIAN_POINT('',(15.252725723282,45.,1.));
#550 = CARTESIAN_POINT('',(16.36333779724,44.753460924708,1.));
#551 = CARTESIAN_POINT('',(17.41129085242,44.250680712191,1.));
#552 = CARTESIAN_POINT('',(18.325862531167,43.508241433869,1.));
#553 = CARTESIAN_POINT('',(19.043505679253,42.582163912399,1.));
#554 = CARTESIAN_POINT('',(19.550285592803,41.547810491896,1.));
#555 = CARTESIAN_POINT('',(19.860577713872,40.457078018443,1.));
#556 = CARTESIAN_POINT('',(20.,39.34651572654,1.));
#557 = CARTESIAN_POINT('',(20.,38.235920850969,1.));
#558 = B_SPLINE_SURFACE_WITH_KNOTS('',8,8,(
    (#559,#560,#561,#562,#563,#564,#565,#566,#567)
    ,(#568,#569,#570,#571,#572,#573,#574,#575,#576)
    ,(#577,#578,#579,#580,#581,#582,#583,#584,#585)
    ,(#586,#587,#588,#589,#590,#591,#592,#593,#594)
    ,(#595,#596,#597,#598,#599,#600,#601,#602,#603)
    ,(#604,#605,#606,#607,#608,#609,#610,#611,#612)
    ,(#613,#614,#615,#616,#617,#618,#619,#620,#621)
    ,(#622,#623,#624,#625,#626,#627,#628,#629,#630)
    ,(#631,#632,#633,#634,#635,#636,#637,#638,#639
  )),.UNSPECIFIED.,.F.,.F.,.F.,(9,9),(9,9),(-7.518908898684,
    7.308351979848),(-5.116329988565,1.376585768039),
  .PIECEWISE_BEZIER_KNOTS.);
#559 = CARTESIAN_POINT('',(14.336368085023,37.074579967796,1.));
#560 = CARTESIAN_POINT('',(15.144408729296,37.142436793487,1.));
#561 = CARTESIAN_POINT('',(15.952463150987,37.210353082624,1.));
#562 = CARTESIAN_POINT('',(16.760698756946,37.278206013531,1.));
#563 = CARTESIAN_POINT('',(17.56892684764,37.346020267938,1.));
#564 = CARTESIAN_POINT('',(18.377399713085,37.413599327579,1.));
#565 = CARTESIAN_POINT('',(19.185862028695,37.481209355709,1.));
#566 = CARTESIAN_POINT('',(19.993329877186,37.549590384693,1.));
#567 = CARTESIAN_POINT('',(20.80107072273,37.617569531123,1.));
#568 = CARTESIAN_POINT('',(14.181837523101,38.923210891213,1.));
#569 = CARTESIAN_POINT('',(14.990012670275,38.990929798227,1.));
#570 = CARTESIAN_POINT('',(15.798285827383,39.058624417111,1.));
#571 = CARTESIAN_POINT('',(16.606126006214,39.126859724988,1.));
#572 = CARTESIAN_POINT('',(17.415747450335,39.193328611822,1.));
#573 = CARTESIAN_POINT('',(18.222962583776,39.262000226616,1.));
#574 = CARTESIAN_POINT('',(19.03271965017,39.328452965,1.));
#575 = CARTESIAN_POINT('',(19.84064738084,39.396326515652,1.));
#576 = CARTESIAN_POINT('',(20.648917362042,39.463759901441,1.));
#577 = CARTESIAN_POINT('',(14.027384816336,40.77194372703,1.));
#578 = CARTESIAN_POINT('',(14.835676146821,40.83953798618,1.));
#579 = CARTESIAN_POINT('',(15.643764286228,40.907532415916,1.));
#580 = CARTESIAN_POINT('',(16.453682585978,40.973492645948,1.));
#581 = CARTESIAN_POINT('',(17.258014824277,41.045475651847,1.));
#582 = CARTESIAN_POINT('',(18.075441769379,41.103400161466,1.));
#583 = CARTESIAN_POINT('',(18.872311192056,41.182967766331,1.));
#584 = CARTESIAN_POINT('',(19.688206394269,41.242705861031,1.));
#585 = CARTESIAN_POINT('',(20.49698142463,41.309766200437,1.));
#586 = CARTESIAN_POINT('',(13.873257826952,42.620311024513,1.));
#587 = CARTESIAN_POINT('',(14.681694841251,42.687762274166,1.));
#588 = CARTESIAN_POINT('',(15.490538529432,42.754662969477,1.));
#589 = CARTESIAN_POINT('',(16.295388022919,42.825258997253,
    0.999999999999));
#590 = CARTESIAN_POINT('',(17.110864708151,42.887716841411,
    1.000000000001));
#591 = CARTESIAN_POINT('',(17.910961580294,42.961327934562,1.));
#592 = CARTESIAN_POINT('',(18.730007395416,43.019513644113,1.));
#593 = CARTESIAN_POINT('',(19.533248149884,43.092757000879,1.));
#594 = CARTESIAN_POINT('',(20.342787125405,43.158353811675,1.));
#595 = CARTESIAN_POINT('',(13.719450218926,44.468765979604,1.));
#596 = CARTESIAN_POINT('',(14.528203048229,44.535777448255,1.));
#597 = CARTESIAN_POINT('',(15.337205116344,44.602986012584,1.));
#598 = CARTESIAN_POINT('',(16.14497268756,44.671732524926,1.));
#599 = CARTESIAN_POINT('',(16.950798940728,44.740336708323,1.));
#600 = CARTESIAN_POINT('',(17.768745861167,44.800500571933,1.));
#601 = CARTESIAN_POINT('',(18.570277296889,44.871751137381,1.));
#602 = CARTESIAN_POINT('',(19.381679168763,44.935809667641,1.));
#603 = CARTESIAN_POINT('',(20.189966540131,45.004298310093,1.));
#604 = CARTESIAN_POINT('',(13.565843395051,46.316921440936,1.));
#605 = CARTESIAN_POINT('',(14.374948473417,46.383812225459,1.));
#606 = CARTESIAN_POINT('',(15.183112596393,46.45121436607,1.));
#607 = CARTESIAN_POINT('',(15.998099494979,46.514092963628,1.));
#608 = CARTESIAN_POINT('',(16.802111485659,46.580542718033,1.));
#609 = CARTESIAN_POINT('',(17.608678848515,46.654917296533,1.));
#610 = CARTESIAN_POINT('',(18.420031207985,46.718475450284,1.));
#611 = CARTESIAN_POINT('',(19.228738875722,46.786830134173,1.));
#612 = CARTESIAN_POINT('',(20.037633975419,46.85239735791,1.));
#613 = CARTESIAN_POINT('',(13.412258408625,48.164518502391,1.));
#614 = CARTESIAN_POINT('',(14.221593561858,48.230864790915,1.));
#615 = CARTESIAN_POINT('',(15.031295113106,48.297171453658,1.));
#616 = CARTESIAN_POINT('',(15.838589546986,48.363351718026,1.));
#617 = CARTESIAN_POINT('',(16.650191422507,48.432768804822,1.));
#618 = CARTESIAN_POINT('',(17.456279335273,48.493571246275,1.));
#619 = CARTESIAN_POINT('',(18.267641520042,48.566760234372,1.));
#620 = CARTESIAN_POINT('',(19.075112813124,48.631443379,1.));
#621 = CARTESIAN_POINT('',(19.883807585409,48.698486457954,1.));
#622 = CARTESIAN_POINT('',(13.258535796677,50.012356326462,1.));
#623 = CARTESIAN_POINT('',(14.068024154582,50.07845281675,1.));
#624 = CARTESIAN_POINT('',(14.877420387807,50.144542393986,1.));
#625 = CARTESIAN_POINT('',(15.686977921335,50.210706860917,1.));
#626 = CARTESIAN_POINT('',(16.495484437464,50.276751177135,1.));
#627 = CARTESIAN_POINT('',(17.304557329674,50.344493453663,1.));
#628 = CARTESIAN_POINT('',(18.112944314033,50.410871433537,1.));
#629 = CARTESIAN_POINT('',(18.922137114064,50.47881737685,1.));
#630 = CARTESIAN_POINT('',(19.731152758503,50.546057748479,1.));
#631 = CARTESIAN_POINT('',(13.104761281778,51.860414843206,1.));
#632 = CARTESIAN_POINT('',(13.914399989643,51.92628695702,1.));
#633 = CARTESIAN_POINT('',(14.723945542404,51.992220420724,1.));
#634 = CARTESIAN_POINT('',(15.533389213469,52.058139425103,1.));
#635 = CARTESIAN_POINT('',(16.342440553961,52.124578259913,1.));
#636 = CARTESIAN_POINT('',(17.151216984922,52.191402970532,1.));
#637 = CARTESIAN_POINT('',(17.960122661798,52.258522513334,1.));
#638 = CARTESIAN_POINT('',(18.769362977587,52.326348919097,1.));
#639 = CARTESIAN_POINT('',(19.57854107105,52.393765973917,1.));
#640 = ADVANCED_FACE('',(#641),#652,.F.);
#641 = FACE_BOUND('',#642,.T.);
#642 = EDGE_LOOP('',(#643,#644,#650,#651));
#643 = ORIENTED_EDGE('',*,*,#388,.T.);
#644 = ORIENTED_EDGE('',*,*,#645,.T.);
#645 = EDGE_CURVE('',#381,#533,#646,.T.);
#646 = LINE('',#647,#648);
#647 = CARTESIAN_POINT('',(14.142135623731,45.,-9.E-17));
#648 = VECTOR('',#649,1.);
#649 = DIRECTION('',(0.,0.,1.));
#650 = ORIENTED_EDGE('',*,*,#532,.F.);
#651 = ORIENTED_EDGE('',*,*,#60,.F.);
#652 = CYLINDRICAL_SURFACE('',#653,5.);
#653 = AXIS2_PLACEMENT_3D('',#654,#655,#656);
#654 = CARTESIAN_POINT('',(14.142135623731,50.,-9.E-17));
#655 = DIRECTION('',(0.,0.,1.));
#656 = DIRECTION('',(0.942809041582,0.333333333333,0.));
#657 = ADVANCED_FACE('',(#658),#686,.T.);
#658 = FACE_BOUND('',#659,.F.);
#659 = EDGE_LOOP('',(#660,#661,#662,#671,#680));
#660 = ORIENTED_EDGE('',*,*,#255,.F.);
#661 = ORIENTED_EDGE('',*,*,#128,.F.);
#662 = ORIENTED_EDGE('',*,*,#663,.F.);
#663 = EDGE_CURVE('',#664,#121,#666,.T.);
#664 = VERTEX_POINT('',#665);
#665 = CARTESIAN_POINT('',(-20.07560640923,-20.07560640923,
    6.470215800025));
#666 = ELLIPSE('',#667,2.12132034356,1.5);
#667 = AXIS2_PLACEMENT_3D('',#668,#669,#670);
#668 = CARTESIAN_POINT('',(-21.5,-21.5,6.));
#669 = DIRECTION('',(-0.707106781187,0.707106781187,1.571179301549E-14)
  );
#670 = DIRECTION('',(0.707106781187,0.707106781187,1.571179301549E-14));
#671 = ORIENTED_EDGE('',*,*,#672,.F.);
#672 = EDGE_CURVE('',#673,#664,#675,.T.);
#673 = VERTEX_POINT('',#674);
#674 = CARTESIAN_POINT('',(-20.07876158151,-20.07872672508,
    6.479667966237));
#675 = ELLIPSE('',#676,1.579619576072,1.5);
#676 = AXIS2_PLACEMENT_3D('',#677,#678,#679);
#677 = CARTESIAN_POINT('',(-21.5,-19.92038042392,6.));
#678 = DIRECTION('',(2.852844294278E-18,0.949595727175,0.313477200017));
#679 = DIRECTION('',(-7.089045014841E-14,0.313477200017,-0.949595727175)
  );
#680 = ORIENTED_EDGE('',*,*,#681,.T.);
#681 = EDGE_CURVE('',#673,#256,#682,.T.);
#682 = LINE('',#683,#684);
#683 = CARTESIAN_POINT('',(-20.07876158151,-20.,6.479667966237));
#684 = VECTOR('',#685,1.);
#685 = DIRECTION('',(-8.304037930645E-18,1.,-6.68524435917E-18));
#686 = CYLINDRICAL_SURFACE('',#687,1.5);
#687 = AXIS2_PLACEMENT_3D('',#688,#689,#690);
#688 = CARTESIAN_POINT('',(-21.5,-20.,6.));
#689 = DIRECTION('',(-2.221983077171E-14,1.,2.221983077171E-14));
#690 = DIRECTION('',(1.110223024625E-16,2.221983077171E-14,-1.));
#691 = ADVANCED_FACE('',(#692,#710,#721,#732,#743,#777),#788,.T.);
#692 = FACE_BOUND('',#693,.T.);
#693 = EDGE_LOOP('',(#694,#700,#701,#702,#708,#709));
#694 = ORIENTED_EDGE('',*,*,#695,.F.);
#695 = EDGE_CURVE('',#143,#533,#696,.T.);
#696 = LINE('',#697,#698);
#697 = CARTESIAN_POINT('',(-21.5,45.,1.));
#698 = VECTOR('',#699,1.);
#699 = DIRECTION('',(1.,0.,0.));
#700 = ORIENTED_EDGE('',*,*,#154,.T.);
#701 = ORIENTED_EDGE('',*,*,#112,.F.);
#702 = ORIENTED_EDGE('',*,*,#703,.F.);
#703 = EDGE_CURVE('',#349,#113,#704,.T.);
#704 = LINE('',#705,#706);
#705 = CARTESIAN_POINT('',(0.,-20.,1.));
#706 = VECTOR('',#707,1.);
#707 = DIRECTION('',(-1.,0.,0.));
#708 = ORIENTED_EDGE('',*,*,#356,.F.);
#709 = ORIENTED_EDGE('',*,*,#546,.F.);
#710 = FACE_BOUND('',#711,.T.);
#711 = EDGE_LOOP('',(#712));
#712 = ORIENTED_EDGE('',*,*,#713,.T.);
#713 = EDGE_CURVE('',#714,#714,#716,.T.);
#714 = VERTEX_POINT('',#715);
#715 = CARTESIAN_POINT('',(-13.5,-15.,1.));
#716 = CIRCLE('',#717,1.5);
#717 = AXIS2_PLACEMENT_3D('',#718,#719,#720);
#718 = CARTESIAN_POINT('',(-15.,-15.,1.));
#719 = DIRECTION('',(0.,0.,-1.));
#720 = DIRECTION('',(1.,0.,0.));
#721 = FACE_BOUND('',#722,.T.);
#722 = EDGE_LOOP('',(#723));
#723 = ORIENTED_EDGE('',*,*,#724,.T.);
#724 = EDGE_CURVE('',#725,#725,#727,.T.);
#725 = VERTEX_POINT('',#726);
#726 = CARTESIAN_POINT('',(16.5,-15.,1.));
#727 = CIRCLE('',#728,1.5);
#728 = AXIS2_PLACEMENT_3D('',#729,#730,#731);
#729 = CARTESIAN_POINT('',(15.,-15.,1.));
#730 = DIRECTION('',(0.,0.,-1.));
#731 = DIRECTION('',(1.,0.,0.));
#732 = FACE_BOUND('',#733,.T.);
#733 = EDGE_LOOP('',(#734));
#734 = ORIENTED_EDGE('',*,*,#735,.T.);
#735 = EDGE_CURVE('',#736,#736,#738,.T.);
#736 = VERTEX_POINT('',#737);
#737 = CARTESIAN_POINT('',(-13.5,15.,1.));
#738 = CIRCLE('',#739,1.5);
#739 = AXIS2_PLACEMENT_3D('',#740,#741,#742);
#740 = CARTESIAN_POINT('',(-15.,15.,1.));
#741 = DIRECTION('',(0.,0.,-1.));
#742 = DIRECTION('',(1.,0.,0.));
#743 = FACE_BOUND('',#744,.T.);
#744 = EDGE_LOOP('',(#745,#755,#763,#771));
#745 = ORIENTED_EDGE('',*,*,#746,.T.);
#746 = EDGE_CURVE('',#747,#749,#751,.T.);
#747 = VERTEX_POINT('',#748);
#748 = CARTESIAN_POINT('',(-12.5,12.5,1.));
#749 = VERTEX_POINT('',#750);
#750 = CARTESIAN_POINT('',(12.5,12.5,1.));
#751 = LINE('',#752,#753);
#752 = CARTESIAN_POINT('',(-12.5,12.5,1.));
#753 = VECTOR('',#754,1.);
#754 = DIRECTION('',(1.,0.,0.));
#755 = ORIENTED_EDGE('',*,*,#756,.T.);
#756 = EDGE_CURVE('',#749,#757,#759,.T.);
#757 = VERTEX_POINT('',#758);
#758 = CARTESIAN_POINT('',(12.5,-12.5,1.));
#759 = LINE('',#760,#761);
#760 = CARTESIAN_POINT('',(12.5,12.5,1.));
#761 = VECTOR('',#762,1.);
#762 = DIRECTION('',(0.,-1.,0.));
#763 = ORIENTED_EDGE('',*,*,#764,.T.);
#764 = EDGE_CURVE('',#757,#765,#767,.T.);
#765 = VERTEX_POINT('',#766);
#766 = CARTESIAN_POINT('',(-12.5,-12.5,1.));
#767 = LINE('',#768,#769);
#768 = CARTESIAN_POINT('',(12.5,-12.5,1.));
#769 = VECTOR('',#770,1.);
#770 = DIRECTION('',(-1.,0.,0.));
#771 = ORIENTED_EDGE('',*,*,#772,.T.);
#772 = EDGE_CURVE('',#765,#747,#773,.T.);
#773 = LINE('',#774,#775);
#774 = CARTESIAN_POINT('',(-12.5,-12.5,1.));
#775 = VECTOR('',#776,1.);
#776 = DIRECTION('',(0.,1.,0.));
#777 = FACE_BOUND('',#778,.T.);
#778 = EDGE_LOOP('',(#779));
#779 = ORIENTED_EDGE('',*,*,#780,.T.);
#780 = EDGE_CURVE('',#781,#781,#783,.T.);
#781 = VERTEX_POINT('',#782);
#782 = CARTESIAN_POINT('',(16.5,15.,1.));
#783 = CIRCLE('',#784,1.5);
#784 = AXIS2_PLACEMENT_3D('',#785,#786,#787);
#785 = CARTESIAN_POINT('',(15.,15.,1.));
#786 = DIRECTION('',(0.,0.,-1.));
#787 = DIRECTION('',(1.,0.,0.));
#788 = PLANE('',#789);
#789 = AXIS2_PLACEMENT_3D('',#790,#791,#792);
#790 = CARTESIAN_POINT('',(0.,7.446456315,1.));
#791 = DIRECTION('',(0.,0.,1.));
#792 = DIRECTION('',(1.,0.,0.));
#793 = ADVANCED_FACE('',(#794),#805,.F.);
#794 = FACE_BOUND('',#795,.F.);
#795 = EDGE_LOOP('',(#796,#797,#803,#804));
#796 = ORIENTED_EDGE('',*,*,#348,.F.);
#797 = ORIENTED_EDGE('',*,*,#798,.T.);
#798 = EDGE_CURVE('',#341,#121,#799,.T.);
#799 = LINE('',#800,#801);
#800 = CARTESIAN_POINT('',(-20.,-20.,6.));
#801 = VECTOR('',#802,1.);
#802 = DIRECTION('',(-1.,0.,0.));
#803 = ORIENTED_EDGE('',*,*,#120,.F.);
#804 = ORIENTED_EDGE('',*,*,#703,.F.);
#805 = PLANE('',#806);
#806 = AXIS2_PLACEMENT_3D('',#807,#808,#809);
#807 = CARTESIAN_POINT('',(0.,-20.,3.));
#808 = DIRECTION('',(-0.,-1.,-0.));
#809 = DIRECTION('',(0.,0.,-1.));
#810 = ADVANCED_FACE('',(#811),#890,.T.);
#811 = FACE_BOUND('',#812,.T.);
#812 = EDGE_LOOP('',(#813,#878,#883,#884));
#813 = ORIENTED_EDGE('',*,*,#814,.F.);
#814 = EDGE_CURVE('',#815,#817,#819,.T.);
#815 = VERTEX_POINT('',#816);
#816 = CARTESIAN_POINT('',(-33.41687071982,45.291799050636,
    45.999991338994));
#817 = VERTEX_POINT('',#818);
#818 = CARTESIAN_POINT('',(33.416873642914,45.291799115551,46.));
#819 = B_SPLINE_CURVE_WITH_KNOTS('',8,(#820,#821,#822,#823,#824,#825,
    #826,#827,#828,#829,#830,#831,#832,#833,#834,#835,#836,#837,#838,
    #839,#840,#841,#842,#843,#844,#845,#846,#847,#848,#849,#850,#851,
    #852,#853,#854,#855,#856,#857,#858,#859,#860,#861,#862,#863,#864,
    #865,#866,#867,#868,#869,#870,#871,#872,#873,#874,#875,#876,#877),
  .UNSPECIFIED.,.F.,.F.,(9,7,7,7,7,7,7,7,9),(0.,0.180785201371,
    0.189401894948,0.349915761929,0.510429944942,0.672813474369,
    0.83627888249,0.846062396503,1.),.UNSPECIFIED.);
#820 = CARTESIAN_POINT('',(-33.41687364291,17.802863396026,46.));
#821 = CARTESIAN_POINT('',(-33.41687364291,21.22531199314,46.));
#822 = CARTESIAN_POINT('',(-33.41687364291,24.647756982963,46.));
#823 = CARTESIAN_POINT('',(-33.41687364291,28.070198343567,46.));
#824 = CARTESIAN_POINT('',(-33.41687364291,31.492636052775,46.));
#825 = CARTESIAN_POINT('',(-33.41687364291,34.915070088162,46.));
#826 = CARTESIAN_POINT('',(-33.41687364291,38.337500427054,46.));
#827 = CARTESIAN_POINT('',(-33.41687364291,41.759927046526,46.));
#828 = CARTESIAN_POINT('',(-33.41687364291,45.34547151188,46.));
#829 = CARTESIAN_POINT('',(-33.41700960718,45.490204919115,46.));
#830 = CARTESIAN_POINT('',(-33.41597217035,45.644961792334,46.));
#831 = CARTESIAN_POINT('',(-33.41375733104,45.824854979464,46.));
#832 = CARTESIAN_POINT('',(-33.41012554039,46.031897787143,46.));
#833 = CARTESIAN_POINT('',(-33.40438582879,46.255179186708,46.));
#834 = CARTESIAN_POINT('',(-33.39650497078,46.471014968202,46.));
#835 = CARTESIAN_POINT('',(-33.25982796045,49.848248092307,46.));
#836 = CARTESIAN_POINT('',(-32.77840693124,53.041101201225,46.));
#837 = CARTESIAN_POINT('',(-31.9464906759,56.173627481623,46.));
#838 = CARTESIAN_POINT('',(-30.77387893343,59.201268219258,46.));
#839 = CARTESIAN_POINT('',(-29.27600996738,62.081895802721,46.));
#840 = CARTESIAN_POINT('',(-27.47430584954,64.776087242771,46.));
#841 = CARTESIAN_POINT('',(-25.39573890639,67.247045826768,46.));
#842 = CARTESIAN_POINT('',(-20.75534373679,71.67724425467,46.));
#843 = CARTESIAN_POINT('',(-18.19074878257,73.639123584748,46.));
#844 = CARTESIAN_POINT('',(-15.41598487695,75.314095746881,46.));
#845 = CARTESIAN_POINT('',(-12.46905892138,76.676922004421,46.));
#846 = CARTESIAN_POINT('',(-9.390344106904,77.708029670863,46.));
#847 = CARTESIAN_POINT('',(-6.222638080088,78.393948615414,46.));
#848 = CARTESIAN_POINT('',(-3.010905678405,78.726953818861,46.));
#849 = CARTESIAN_POINT('',(3.441946846447,78.688942711562,46.));
#850 = CARTESIAN_POINT('',(6.686955509609,78.309658714958,46.));
#851 = CARTESIAN_POINT('',(9.882074190236,77.569717295795,46.));
#852 = CARTESIAN_POINT('',(12.980858678534,76.477788840611,46.));
#853 = CARTESIAN_POINT('',(15.939218993615,75.048496238427,46.));
#854 = CARTESIAN_POINT('',(18.715711004465,73.302819020914,46.));
#855 = CARTESIAN_POINT('',(21.27145517892,71.26760167982,46.));
#856 = CARTESIAN_POINT('',(25.887291694582,66.67418669472,46.));
#857 = CARTESIAN_POINT('',(27.946906835563,64.109670760269,46.));
#858 = CARTESIAN_POINT('',(29.713946872443,61.320254898498,46.));
#859 = CARTESIAN_POINT('',(31.160891419681,58.345514432466,46.));
#860 = CARTESIAN_POINT('',(32.266219500086,55.227665941221,46.));
#861 = CARTESIAN_POINT('',(33.014936343016,52.011659911096,46.));
#862 = CARTESIAN_POINT('',(33.398137759124,48.744870430938,46.));
#863 = CARTESIAN_POINT('',(33.417444361639,45.282622974021,46.));
#864 = CARTESIAN_POINT('',(33.416700676823,45.078568118252,46.));
#865 = CARTESIAN_POINT('',(33.416656763995,44.871131800241,46.));
#866 = CARTESIAN_POINT('',(33.416989575132,44.66376880928,46.));
#867 = CARTESIAN_POINT('',(33.417004856639,44.458215895626,46.));
#868 = CARTESIAN_POINT('',(33.41676706563,44.254487464428,46.));
#869 = CARTESIAN_POINT('',(33.416873642949,44.050882457537,46.));
#870 = CARTESIAN_POINT('',(33.416873643045,40.588871735788,46.));
#871 = CARTESIAN_POINT('',(33.416873643135,37.333737668858,46.));
#872 = CARTESIAN_POINT('',(33.416873643225,34.078600242307,46.));
#873 = CARTESIAN_POINT('',(33.416873643315,30.823459475816,46.));
#874 = CARTESIAN_POINT('',(33.416873643405,27.568315388862,46.));
#875 = CARTESIAN_POINT('',(33.416873643495,24.313168000721,46.));
#876 = CARTESIAN_POINT('',(33.416873643585,21.058017330462,46.));
#877 = CARTESIAN_POINT('',(33.416873643675,17.802863396953,46.));
#878 = ORIENTED_EDGE('',*,*,#879,.T.);
#879 = EDGE_CURVE('',#815,#256,#880,.T.);
#880 = B_SPLINE_CURVE_WITH_KNOTS('',1,(#881,#882),.UNSPECIFIED.,.F.,.F.,
  (2,2),(0.,1.),.PIECEWISE_BEZIER_KNOTS.);
#881 = CARTESIAN_POINT('',(-33.57876158151,45.295340752032,
    46.479667966237));
#882 = CARTESIAN_POINT('',(-20.07876158151,45.,6.479667966237));
#883 = ORIENTED_EDGE('',*,*,#263,.T.);
#884 = ORIENTED_EDGE('',*,*,#885,.F.);
#885 = EDGE_CURVE('',#817,#264,#886,.T.);
#886 = B_SPLINE_CURVE_WITH_KNOTS('',2,(#887,#888,#889),.UNSPECIFIED.,.F.
  ,.F.,(3,3),(-1.809542974402,2.938534902726),.PIECEWISE_BEZIER_KNOTS.);
#887 = CARTESIAN_POINT('',(58.007591735949,45.829772537674,
    118.86138694232));
#888 = CARTESIAN_POINT('',(25.958066065332,45.128622089883,
    23.899829399758));
#889 = CARTESIAN_POINT('',(-6.091459605284,44.427471642093,
    -71.06172814281));
#890 = OFFSET_SURFACE('',#891,1.5,.F.);
#891 = B_SPLINE_SURFACE_WITH_KNOTS('',11,2,(
    (#892,#893,#894,#895,#896)
    ,(#897,#898,#899,#900,#901)
    ,(#902,#903,#904,#905,#906)
    ,(#907,#908,#909,#910,#911)
    ,(#912,#913,#914,#915,#916)
    ,(#917,#918,#919,#920,#921)
    ,(#922,#923,#924,#925,#926)
    ,(#927,#928,#929,#930,#931)
    ,(#932,#933,#934,#935,#936)
    ,(#937,#938,#939,#940,#941)
    ,(#942,#943,#944,#945,#946)
    ,(#947,#948,#949,#950,#951)
    ,(#952,#953,#954,#955,#956)
    ,(#957,#958,#959,#960,#961)
    ,(#962,#963,#964,#965,#966)
    ,(#967,#968,#969,#970,#971)
    ,(#972,#973,#974,#975,#976)
    ,(#977,#978,#979,#980,#981)
    ,(#982,#983,#984,#985,#986)
    ,(#987,#988,#989,#990,#991)
    ,(#992,#993,#994,#995,#996)
    ,(#997,#998,#999,#1000,#1001)
    ,(#1002,#1003,#1004,#1005,#1006)
    ,(#1007,#1008,#1009,#1010,#1011)
    ,(#1012,#1013,#1014,#1015,#1016)
    ,(#1017,#1018,#1019,#1020,#1021)
    ,(#1022,#1023,#1024,#1025,#1026)
    ,(#1027,#1028,#1029,#1030,#1031)
    ,(#1032,#1033,#1034,#1035,#1036)
    ,(#1037,#1038,#1039,#1040,#1041)
    ,(#1042,#1043,#1044,#1045,#1046)
    ,(#1047,#1048,#1049,#1050,#1051
    )),.UNSPECIFIED.,.F.,.F.,.F.,(12,10,10,12),(3,1,1,3),(
    -0.785398163395,0.,3.14159265359,3.926990816984),(-0.245872215525,0.
    ,1.,1.245872215525),.UNSPECIFIED.);
#892 = CARTESIAN_POINT('',(38.375000000944,17.880240222703,
    55.999999999948));
#893 = CARTESIAN_POINT('',(36.659637455659,17.84271307709,
    50.917444310505));
#894 = CARTESIAN_POINT('',(28.250000000388,17.658734657946,
    26.000000000004));
#895 = CARTESIAN_POINT('',(19.840362545116,17.474756238803,
    1.082555689502));
#896 = CARTESIAN_POINT('',(18.124999999831,17.437229093189,
    -3.99999999994));
#897 = CARTESIAN_POINT('',(38.374659451814,20.138276807369,
    55.998990965749));
#898 = CARTESIAN_POINT('',(36.659637455581,20.223209396153,
    50.917444310504));
#899 = CARTESIAN_POINT('',(28.250000000352,20.63967768716,
    26.000000000003));
#900 = CARTESIAN_POINT('',(19.840362545124,21.056145978166,
    1.082555689502));
#901 = CARTESIAN_POINT('',(18.12534054889,21.14107856695,-3.998990965743
    ));
#902 = CARTESIAN_POINT('',(38.373121775463,22.444674848331,
    55.994434887929));
#903 = CARTESIAN_POINT('',(36.659637455502,22.62740528265,
    50.917444310504));
#904 = CARTESIAN_POINT('',(28.250000000317,23.524230941777,
    26.000000000003));
#905 = CARTESIAN_POINT('',(19.840362545132,24.421056600903,
    1.082555689502));
#906 = CARTESIAN_POINT('',(18.126878225171,24.603787035223,
    -3.994434887923));
#907 = CARTESIAN_POINT('',(38.37123321042,24.799447113077,
    55.988839139915));
#908 = CARTESIAN_POINT('',(36.659637455423,25.055300736581,
    50.917444310503));
#909 = CARTESIAN_POINT('',(28.250000000282,26.312394421798,
    26.000000000003));
#910 = CARTESIAN_POINT('',(19.84036254514,27.569488107015,1.082555689502
    ));
#911 = CARTESIAN_POINT('',(18.128766790143,27.825341730518,
    -3.98883913991));
#912 = CARTESIAN_POINT('',(38.369625686751,27.202445281413,
    55.984076107081));
#913 = CARTESIAN_POINT('',(36.659637455344,27.506895757946,
    50.917444310503));
#914 = CARTESIAN_POINT('',(28.250000000246,29.004168127223,
    26.000000000002));
#915 = CARTESIAN_POINT('',(19.840362545148,30.5014404965,1.082555689502)
  );
#916 = CARTESIAN_POINT('',(18.130374313741,30.805890973033,
    -3.984076107076));
#917 = CARTESIAN_POINT('',(38.368717810752,29.65349590025,55.98138610438
    ));
#918 = CARTESIAN_POINT('',(36.659637455266,29.982190346744,
    50.917444310502));
#919 = CARTESIAN_POINT('',(28.250000000211,31.599552058051,
    26.000000000002));
#920 = CARTESIAN_POINT('',(19.840362545157,33.216913769358,
    1.082555689502));
#921 = CARTESIAN_POINT('',(18.13128218967,33.545608215853,
    -3.981386104376));
#922 = CARTESIAN_POINT('',(38.368717810667,32.152490056482,
    55.981386104385));
#923 = CARTESIAN_POINT('',(36.659637455187,32.481184502977,
    50.917444310502));
#924 = CARTESIAN_POINT('',(28.250000000176,34.098546214284,
    26.000000000002));
#925 = CARTESIAN_POINT('',(19.840362545165,35.715907925591,
    1.082555689502));
#926 = CARTESIAN_POINT('',(18.131282189685,36.044602372086,
    -3.981386104382));
#927 = CARTESIAN_POINT('',(38.369625686494,34.69942775011,
    55.984076107095));
#928 = CARTESIAN_POINT('',(36.659637455108,35.003878226644,
    50.917444310501));
#929 = CARTESIAN_POINT('',(28.250000000141,36.501150595921,
    26.000000000001));
#930 = CARTESIAN_POINT('',(19.840362545173,37.998422965197,
    1.082555689501));
#931 = CARTESIAN_POINT('',(18.130374313787,38.302873441731,
    -3.984076107092));
#932 = CARTESIAN_POINT('',(38.371233209992,37.294417894239,
    55.988839139939));
#933 = CARTESIAN_POINT('',(36.65963745503,37.550271517744,50.9174443105)
  );
#934 = CARTESIAN_POINT('',(28.250000000106,38.807365202961,
    26.000000000001));
#935 = CARTESIAN_POINT('',(19.840362545182,40.064458888178,
    1.082555689501));
#936 = CARTESIAN_POINT('',(18.128766790219,40.320312511683,
    -3.988839139937));
#937 = CARTESIAN_POINT('',(38.373121774862,39.937633941958,
    55.994434887962));
#938 = CARTESIAN_POINT('',(36.659637454951,40.120364376278,50.9174443105
    ));
#939 = CARTESIAN_POINT('',(28.25000000007,41.017190035405,
    26.000000000001));
#940 = CARTESIAN_POINT('',(19.84036254519,41.914015694532,1.082555689501
    ));
#941 = CARTESIAN_POINT('',(18.126878225279,42.096746128852,
    -3.994434887961));
#942 = CARTESIAN_POINT('',(38.374659451042,42.629224213461,
    55.998990965792));
#943 = CARTESIAN_POINT('',(36.659637454872,42.714156802247,
    50.917444310499));
#944 = CARTESIAN_POINT('',(28.250000000035,43.130625093253,26.));
#945 = CARTESIAN_POINT('',(19.840362545198,43.54709338426,1.082555689501
    ));
#946 = CARTESIAN_POINT('',(18.125340549028,43.632025973045,
    -3.998990965792));
#947 = CARTESIAN_POINT('',(38.358885315834,56.324095426822,
    55.95225278869));
#948 = CARTESIAN_POINT('',(36.659637454478,55.801616769292,
    50.917444310496));
#949 = CARTESIAN_POINT('',(28.249999999859,53.21585150954,
    25.999999999999));
#950 = CARTESIAN_POINT('',(19.84036254524,50.630086249787,1.082555689501
    ));
#951 = CARTESIAN_POINT('',(18.141114683885,50.107607592257,
    -3.952252788693));
#952 = CARTESIAN_POINT('',(34.903986451947,67.270767277666,
    55.909291212147));
#953 = CARTESIAN_POINT('',(33.370399939682,66.27158392438,
    50.917444310508));
#954 = CARTESIAN_POINT('',(25.715306090118,61.284032011821,
    26.000000000005));
#955 = CARTESIAN_POINT('',(18.060212240553,56.296480099261,
    1.082555689502));
#956 = CARTESIAN_POINT('',(16.526625728288,55.297296745975,
    -3.909291212138));
#957 = CARTESIAN_POINT('',(28.014427982643,77.01082150796,
    55.873773493149));
#958 = CARTESIAN_POINT('',(26.791925684054,75.593397742688,
    50.91744431048));
#959 = CARTESIAN_POINT('',(20.645918866939,68.467442941498,
    25.99999999999));
#960 = CARTESIAN_POINT('',(14.499912049825,61.341488140308,1.0825556895)
  );
#961 = CARTESIAN_POINT('',(13.277409751236,59.924064375036,
    -3.873773493169));
#962 = CARTESIAN_POINT('',(18.163828717768,84.347907941691,
    55.848268508564));
#963 = CARTESIAN_POINT('',(17.375091680265,82.618859446002,
    50.917444310526));
#964 = CARTESIAN_POINT('',(13.389285166332,73.881279708594,
    26.000000000014));
#965 = CARTESIAN_POINT('',(9.403478652398,65.143699971186,1.082555689503
    ));
#966 = CARTESIAN_POINT('',(8.614741614896,63.414651475498,
    -3.848268508535));
#967 = CARTESIAN_POINT('',(6.294290389782,88.297924566641,
    55.834888620984));
#968 = CARTESIAN_POINT('',(6.021679801369,86.402286394696,50.91744431047
    ));
#969 = CARTESIAN_POINT('',(4.640320150647,76.796797120259,
    25.999999999985));
#970 = CARTESIAN_POINT('',(3.258960499924,67.191307845822,1.082555689499
    ));
#971 = CARTESIAN_POINT('',(2.986349911511,65.295669673876,
    -3.834888621015));
#972 = CARTESIAN_POINT('',(-6.294290391149,88.297924566625,
    55.834888621024));
#973 = CARTESIAN_POINT('',(-6.021679802602,86.402286394692,
    50.917444310523));
#974 = CARTESIAN_POINT('',(-4.640320151197,76.796797120282,
    26.000000000013));
#975 = CARTESIAN_POINT('',(-3.258960499791,67.191307845872,
    1.082555689503));
#976 = CARTESIAN_POINT('',(-2.986349911244,65.295669673938,
    -3.834888620998));
#977 = CARTESIAN_POINT('',(-18.163828719,84.347907940968,55.848268508532
    ));
#978 = CARTESIAN_POINT('',(-17.37509168137,82.618859445342,
    50.917444310483));
#979 = CARTESIAN_POINT('',(-13.38928516682,73.881279708279,
    25.999999999991));
#980 = CARTESIAN_POINT('',(-9.403478652272,65.143699971217,1.0825556895)
  );
#981 = CARTESIAN_POINT('',(-8.614741614645,63.414651475591,
    -3.848268508549));
#982 = CARTESIAN_POINT('',(-28.01442798365,77.010821507157,
    55.873773493172));
#983 = CARTESIAN_POINT('',(-26.79192568496,75.593397741969,
    50.917444310507));
#984 = CARTESIAN_POINT('',(-20.64591886734,68.467442941192,
    26.000000000005));
#985 = CARTESIAN_POINT('',(-14.49991204973,61.341488140415,
    1.082555689502));
#986 = CARTESIAN_POINT('',(-13.27740975104,59.924064375227,
    -3.873773493163));
#987 = CARTESIAN_POINT('',(-34.90398645264,67.270767276517,
    55.909291212138));
#988 = CARTESIAN_POINT('',(-33.3703999403,66.271583923344,
    50.917444310495));
#989 = CARTESIAN_POINT('',(-25.71530609039,61.284032011352,
    25.999999999998));
#990 = CARTESIAN_POINT('',(-18.06021224048,56.296480099361,
    1.082555689501));
#991 = CARTESIAN_POINT('',(-16.52662572814,55.297296746188,
    -3.909291212142));
#992 = CARTESIAN_POINT('',(-38.35888531618,56.32409542561,
    55.952252788695));
#993 = CARTESIAN_POINT('',(-36.65963745479,55.801616768203,50.9174443105
    ));
#994 = CARTESIAN_POINT('',(-28.25,53.215851509056,26.));
#995 = CARTESIAN_POINT('',(-19.8403625452,50.63008624991,1.082555689501)
  );
#996 = CARTESIAN_POINT('',(-18.14111468381,50.107607592503,
    -3.952252788694));
#997 = CARTESIAN_POINT('',(-38.37465945095,42.629224212238,
    55.998990965793));
#998 = CARTESIAN_POINT('',(-36.65963745479,42.714156801148,
    50.917444310499));
#999 = CARTESIAN_POINT('',(-28.25,43.130625092764,26.));
#1000 = CARTESIAN_POINT('',(-19.8403625452,43.54709338438,1.082555689501
    ));
#1001 = CARTESIAN_POINT('',(-18.12534054904,43.63202597329,
    -3.998990965793));
#1002 = CARTESIAN_POINT('',(-38.37312177468,39.937633940735,
    55.994434887963));
#1003 = CARTESIAN_POINT('',(-36.65963745479,40.120364375179,
    50.917444310498));
#1004 = CARTESIAN_POINT('',(-28.25,41.017190034916,26.));
#1005 = CARTESIAN_POINT('',(-19.8403625452,41.914015694653,
    1.082555689501));
#1006 = CARTESIAN_POINT('',(-18.12687822531,42.096746129098,
    -3.994434887964));
#1007 = CARTESIAN_POINT('',(-38.37123320973,37.294417893015,
    55.988839139942));
#1008 = CARTESIAN_POINT('',(-36.65963745479,37.550271516645,
    50.917444310498));
#1009 = CARTESIAN_POINT('',(-28.25,38.807365202472,26.));
#1010 = CARTESIAN_POINT('',(-19.8403625452,40.064458888299,
    1.082555689501));
#1011 = CARTESIAN_POINT('',(-18.12876679027,40.320312511929,
    -3.988839139942));
#1012 = CARTESIAN_POINT('',(-38.36962568614,34.699427748886,
    55.9840761071));
#1013 = CARTESIAN_POINT('',(-36.65963745479,35.003878225545,
    50.917444310498));
#1014 = CARTESIAN_POINT('',(-28.25,36.501150595432,26.));
#1015 = CARTESIAN_POINT('',(-19.8403625452,37.998422965319,
    1.082555689501));
#1016 = CARTESIAN_POINT('',(-18.13037431385,38.302873441978,
    -3.984076107101));
#1017 = CARTESIAN_POINT('',(-38.36871781023,32.152490055258,
    55.981386104393));
#1018 = CARTESIAN_POINT('',(-36.65963745479,32.481184501878,
    50.917444310498));
#1019 = CARTESIAN_POINT('',(-28.25,34.098546213796,25.999999999999));
#1020 = CARTESIAN_POINT('',(-19.8403625452,35.715907925713,
    1.082555689501));
#1021 = CARTESIAN_POINT('',(-18.13128218976,36.044602372333,
    -3.981386104394));
#1022 = CARTESIAN_POINT('',(-38.36871781023,29.653495899025,
    55.981386104393));
#1023 = CARTESIAN_POINT('',(-36.65963745479,29.982190345646,
    50.917444310497));
#1024 = CARTESIAN_POINT('',(-28.25,31.599552057563,25.999999999999));
#1025 = CARTESIAN_POINT('',(-19.8403625452,33.21691376948,1.082555689501
    ));
#1026 = CARTESIAN_POINT('',(-18.13128218976,33.5456082161,
    -3.981386104394));
#1027 = CARTESIAN_POINT('',(-38.36962568614,27.202445280188,
    55.984076107099));
#1028 = CARTESIAN_POINT('',(-36.65963745479,27.506895756847,
    50.917444310497));
#1029 = CARTESIAN_POINT('',(-28.25,29.004168126734,25.999999999999));
#1030 = CARTESIAN_POINT('',(-19.8403625452,30.501440496622,
    1.082555689501));
#1031 = CARTESIAN_POINT('',(-18.13037431385,30.80589097328,
    -3.984076107101));
#1032 = CARTESIAN_POINT('',(-38.37123320973,24.799447111852,
    55.988839139941));
#1033 = CARTESIAN_POINT('',(-36.65963745479,25.055300735482,
    50.917444310497));
#1034 = CARTESIAN_POINT('',(-28.25,26.312394421309,25.999999999999));
#1035 = CARTESIAN_POINT('',(-19.8403625452,27.569488107136,
    1.082555689501));
#1036 = CARTESIAN_POINT('',(-18.12876679027,27.825341730766,
    -3.988839139943));
#1037 = CARTESIAN_POINT('',(-38.37312177468,22.444674847106,
    55.994434887962));
#1038 = CARTESIAN_POINT('',(-36.65963745479,22.627405281551,
    50.917444310497));
#1039 = CARTESIAN_POINT('',(-28.25,23.524230941288,25.999999999999));
#1040 = CARTESIAN_POINT('',(-19.8403625452,24.421056601025,
    1.082555689501));
#1041 = CARTESIAN_POINT('',(-18.12687822531,24.60378703547,
    -3.994434887964));
#1042 = CARTESIAN_POINT('',(-38.37465945095,20.138276806145,
    55.998990965791));
#1043 = CARTESIAN_POINT('',(-36.65963745479,20.223209395054,
    50.917444310497));
#1044 = CARTESIAN_POINT('',(-28.25,20.639677686671,25.999999999999));
#1045 = CARTESIAN_POINT('',(-19.8403625452,21.056145978287,
    1.082555689501));
#1046 = CARTESIAN_POINT('',(-18.12534054904,21.141078567197,
    -3.998990965794));
#1047 = CARTESIAN_POINT('',(-38.375,17.880240221481,55.999999999999));
#1048 = CARTESIAN_POINT('',(-36.65963745479,17.842713075991,
    50.917444310496));
#1049 = CARTESIAN_POINT('',(-28.25,17.658734657457,25.999999999999));
#1050 = CARTESIAN_POINT('',(-19.8403625452,17.474756238923,
    1.082555689501));
#1051 = CARTESIAN_POINT('',(-18.125,17.437229093433,-4.000000000002));
#1052 = ADVANCED_FACE('',(#1053),#1081,.T.);
#1053 = FACE_BOUND('',#1054,.F.);
#1054 = EDGE_LOOP('',(#1055,#1064,#1065,#1066,#1074));
#1055 = ORIENTED_EDGE('',*,*,#1056,.T.);
#1056 = EDGE_CURVE('',#1057,#341,#1059,.T.);
#1057 = VERTEX_POINT('',#1058);
#1058 = CARTESIAN_POINT('',(20.075606409236,-20.07560640923,
    6.470215800025));
#1059 = ELLIPSE('',#1060,2.12132034356,1.5);
#1060 = AXIS2_PLACEMENT_3D('',#1061,#1062,#1063);
#1061 = CARTESIAN_POINT('',(21.499999999999,-21.5,5.999999999999));
#1062 = DIRECTION('',(-0.707106781187,-0.707106781187,
    -1.047452867699E-14));
#1063 = DIRECTION('',(0.707106781187,-0.707106781187,-1.047452867699E-14
    ));
#1064 = ORIENTED_EDGE('',*,*,#340,.F.);
#1065 = ORIENTED_EDGE('',*,*,#277,.T.);
#1066 = ORIENTED_EDGE('',*,*,#1067,.T.);
#1067 = EDGE_CURVE('',#264,#1068,#1070,.T.);
#1068 = VERTEX_POINT('',#1069);
#1069 = CARTESIAN_POINT('',(20.078761581519,-20.07872672508,
    6.479667966237));
#1070 = LINE('',#1071,#1072);
#1071 = CARTESIAN_POINT('',(20.078761581519,-20.,6.479667966237));
#1072 = VECTOR('',#1073,1.);
#1073 = DIRECTION('',(1.729299394033E-17,-1.,8.633792335875E-18));
#1074 = ORIENTED_EDGE('',*,*,#1075,.F.);
#1075 = EDGE_CURVE('',#1057,#1068,#1076,.T.);
#1076 = ELLIPSE('',#1077,1.579619576072,1.5);
#1077 = AXIS2_PLACEMENT_3D('',#1078,#1079,#1080);
#1078 = CARTESIAN_POINT('',(21.499999999999,-19.92038042392,
    5.999999999999));
#1079 = DIRECTION('',(2.852844294276E-18,0.949595727175,0.313477200017)
  );
#1080 = DIRECTION('',(-4.724589687837E-14,-0.313477200017,0.949595727175
    ));
#1081 = CYLINDRICAL_SURFACE('',#1082,1.5);
#1082 = AXIS2_PLACEMENT_3D('',#1083,#1084,#1085);
#1083 = CARTESIAN_POINT('',(21.499999999999,-20.,5.999999999999));
#1084 = DIRECTION('',(-1.481322051447E-14,-1.,-1.481322051447E-14));
#1085 = DIRECTION('',(-1.110223024625E-16,1.481322051447E-14,-1.));
#1086 = ADVANCED_FACE('',(#1087),#1093,.T.);
#1087 = FACE_BOUND('',#1088,.T.);
#1088 = EDGE_LOOP('',(#1089,#1090,#1091,#1092));
#1089 = ORIENTED_EDGE('',*,*,#380,.F.);
#1090 = ORIENTED_EDGE('',*,*,#323,.T.);
#1091 = ORIENTED_EDGE('',*,*,#695,.T.);
#1092 = ORIENTED_EDGE('',*,*,#645,.F.);
#1093 = PLANE('',#1094);
#1094 = AXIS2_PLACEMENT_3D('',#1095,#1096,#1097);
#1095 = CARTESIAN_POINT('',(-21.5,45.,-9.E-17));
#1096 = DIRECTION('',(0.,1.,0.));
#1097 = DIRECTION('',(1.,0.,0.));
#1098 = ADVANCED_FACE('',(#1099),#1139,.T.);
#1099 = FACE_BOUND('',#1100,.T.);
#1100 = EDGE_LOOP('',(#1101,#1109,#1117,#1132,#1138));
#1101 = ORIENTED_EDGE('',*,*,#1102,.T.);
#1102 = EDGE_CURVE('',#400,#1103,#1105,.T.);
#1103 = VERTEX_POINT('',#1104);
#1104 = CARTESIAN_POINT('',(21.5,45.,6.));
#1105 = LINE('',#1106,#1107);
#1106 = CARTESIAN_POINT('',(21.5,45.,-9.E-17));
#1107 = VECTOR('',#1108,1.);
#1108 = DIRECTION('',(0.,0.,1.));
#1109 = ORIENTED_EDGE('',*,*,#1110,.T.);
#1110 = EDGE_CURVE('',#1103,#1111,#1113,.T.);
#1111 = VERTEX_POINT('',#1112);
#1112 = CARTESIAN_POINT('',(21.5,-20.44989861643,6.));
#1113 = LINE('',#1114,#1115);
#1114 = CARTESIAN_POINT('',(21.5,-20.,6.));
#1115 = VECTOR('',#1116,1.);
#1116 = DIRECTION('',(0.,-1.,0.));
#1117 = ORIENTED_EDGE('',*,*,#1118,.F.);
#1118 = EDGE_CURVE('',#1119,#1111,#1121,.T.);
#1119 = VERTEX_POINT('',#1120);
#1120 = CARTESIAN_POINT('',(21.5,-20.5,5.949898616438));
#1121 = B_SPLINE_CURVE_WITH_KNOTS('',9,(#1122,#1123,#1124,#1125,#1126,
    #1127,#1128,#1129,#1130,#1131),.UNSPECIFIED.,.F.,.F.,(10,10),(0.,1.)
  ,.PIECEWISE_BEZIER_KNOTS.);
#1122 = CARTESIAN_POINT('',(21.5,-20.5,5.949898616438));
#1123 = CARTESIAN_POINT('',(21.5,-20.5,5.958687197982));
#1124 = CARTESIAN_POINT('',(21.5,-20.49846494298,5.967475875507));
#1125 = CARTESIAN_POINT('',(21.5,-20.49524069105,5.975957552407));
#1126 = CARTESIAN_POINT('',(21.5,-20.49028562216,5.983721012567));
#1127 = CARTESIAN_POINT('',(21.5,-20.48372101256,5.990285622162));
#1128 = CARTESIAN_POINT('',(21.5,-20.4759575524,5.995240691057));
#1129 = CARTESIAN_POINT('',(21.5,-20.4674758755,5.998464942988));
#1130 = CARTESIAN_POINT('',(21.5,-20.45868719798,6.));
#1131 = CARTESIAN_POINT('',(21.5,-20.44989861643,6.));
#1132 = ORIENTED_EDGE('',*,*,#1133,.F.);
#1133 = EDGE_CURVE('',#398,#1119,#1134,.T.);
#1134 = LINE('',#1135,#1136);
#1135 = CARTESIAN_POINT('',(21.5,-20.5,0.));
#1136 = VECTOR('',#1137,1.);
#1137 = DIRECTION('',(0.,0.,1.));
#1138 = ORIENTED_EDGE('',*,*,#397,.T.);
#1139 = PLANE('',#1140);
#1140 = AXIS2_PLACEMENT_3D('',#1141,#1142,#1143);
#1141 = CARTESIAN_POINT('',(21.5,12.254858592888,2.999553823363));
#1142 = DIRECTION('',(1.,0.,0.));
#1143 = DIRECTION('',(0.,0.,1.));
#1144 = ADVANCED_FACE('',(#1145),#1163,.T.);
#1145 = FACE_BOUND('',#1146,.T.);
#1146 = EDGE_LOOP('',(#1147,#1148,#1149,#1157));
#1147 = ORIENTED_EDGE('',*,*,#407,.F.);
#1148 = ORIENTED_EDGE('',*,*,#1133,.T.);
#1149 = ORIENTED_EDGE('',*,*,#1150,.F.);
#1150 = EDGE_CURVE('',#1151,#1119,#1153,.T.);
#1151 = VERTEX_POINT('',#1152);
#1152 = CARTESIAN_POINT('',(20.5,-21.5,5.949898616438));
#1153 = LINE('',#1154,#1155);
#1154 = CARTESIAN_POINT('',(20.5,-21.5,5.949898616438));
#1155 = VECTOR('',#1156,1.);
#1156 = DIRECTION('',(0.707106781187,0.707106781187,-4.054583578972E-35)
  );
#1157 = ORIENTED_EDGE('',*,*,#1158,.F.);
#1158 = EDGE_CURVE('',#408,#1151,#1159,.T.);
#1159 = LINE('',#1160,#1161);
#1160 = CARTESIAN_POINT('',(20.5,-21.5,0.));
#1161 = VECTOR('',#1162,1.);
#1162 = DIRECTION('',(0.,0.,1.));
#1163 = PLANE('',#1164);
#1164 = AXIS2_PLACEMENT_3D('',#1165,#1166,#1167);
#1165 = CARTESIAN_POINT('',(21.,-21.,0.));
#1166 = DIRECTION('',(0.707106781187,-0.707106781187,-5.911709633991E-18
    ));
#1167 = DIRECTION('',(4.180209970601E-18,-4.180209970601E-18,1.));
#1168 = ADVANCED_FACE('',(#1169),#1217,.T.);
#1169 = FACE_BOUND('',#1170,.T.);
#1170 = EDGE_LOOP('',(#1171,#1172,#1187,#1195,#1210,#1216));
#1171 = ORIENTED_EDGE('',*,*,#1158,.T.);
#1172 = ORIENTED_EDGE('',*,*,#1173,.F.);
#1173 = EDGE_CURVE('',#1174,#1151,#1176,.T.);
#1174 = VERTEX_POINT('',#1175);
#1175 = CARTESIAN_POINT('',(20.449898616438,-21.5,6.));
#1176 = B_SPLINE_CURVE_WITH_KNOTS('',9,(#1177,#1178,#1179,#1180,#1181,
    #1182,#1183,#1184,#1185,#1186),.UNSPECIFIED.,.F.,.F.,(10,10),(0.,1.)
  ,.PIECEWISE_BEZIER_KNOTS.);
#1177 = CARTESIAN_POINT('',(20.449898616438,-21.5,6.));
#1178 = CARTESIAN_POINT('',(20.458687197982,-21.5,6.));
#1179 = CARTESIAN_POINT('',(20.467475875507,-21.5,5.998464942988));
#1180 = CARTESIAN_POINT('',(20.475957552407,-21.5,5.995240691057));
#1181 = CARTESIAN_POINT('',(20.483721012567,-21.5,5.990285622162));
#1182 = CARTESIAN_POINT('',(20.490285622162,-21.5,5.983721012567));
#1183 = CARTESIAN_POINT('',(20.495240691057,-21.5,5.975957552407));
#1184 = CARTESIAN_POINT('',(20.498464942988,-21.5,5.967475875507));
#1185 = CARTESIAN_POINT('',(20.5,-21.5,5.958687197982));
#1186 = CARTESIAN_POINT('',(20.5,-21.5,5.949898616438));
#1187 = ORIENTED_EDGE('',*,*,#1188,.T.);
#1188 = EDGE_CURVE('',#1174,#1189,#1191,.T.);
#1189 = VERTEX_POINT('',#1190);
#1190 = CARTESIAN_POINT('',(-20.44989861643,-21.5,6.));
#1191 = LINE('',#1192,#1193);
#1192 = CARTESIAN_POINT('',(-20.,-21.5,6.));
#1193 = VECTOR('',#1194,1.);
#1194 = DIRECTION('',(-1.,0.,0.));
#1195 = ORIENTED_EDGE('',*,*,#1196,.T.);
#1196 = EDGE_CURVE('',#1189,#1197,#1199,.T.);
#1197 = VERTEX_POINT('',#1198);
#1198 = CARTESIAN_POINT('',(-20.5,-21.5,5.949898616438));
#1199 = B_SPLINE_CURVE_WITH_KNOTS('',9,(#1200,#1201,#1202,#1203,#1204,
    #1205,#1206,#1207,#1208,#1209),.UNSPECIFIED.,.F.,.F.,(10,10),(0.,1.)
  ,.PIECEWISE_BEZIER_KNOTS.);
#1200 = CARTESIAN_POINT('',(-20.44989861643,-21.5,6.));
#1201 = CARTESIAN_POINT('',(-20.45868719798,-21.5,6.));
#1202 = CARTESIAN_POINT('',(-20.4674758755,-21.5,5.998464942988));
#1203 = CARTESIAN_POINT('',(-20.4759575524,-21.5,5.995240691057));
#1204 = CARTESIAN_POINT('',(-20.48372101256,-21.5,5.990285622162));
#1205 = CARTESIAN_POINT('',(-20.49028562216,-21.5,5.983721012567));
#1206 = CARTESIAN_POINT('',(-20.49524069105,-21.5,5.975957552407));
#1207 = CARTESIAN_POINT('',(-20.49846494298,-21.5,5.967475875507));
#1208 = CARTESIAN_POINT('',(-20.5,-21.5,5.958687197982));
#1209 = CARTESIAN_POINT('',(-20.5,-21.5,5.949898616438));
#1210 = ORIENTED_EDGE('',*,*,#1211,.F.);
#1211 = EDGE_CURVE('',#416,#1197,#1212,.T.);
#1212 = LINE('',#1213,#1214);
#1213 = CARTESIAN_POINT('',(-20.5,-21.5,0.));
#1214 = VECTOR('',#1215,1.);
#1215 = DIRECTION('',(0.,0.,1.));
#1216 = ORIENTED_EDGE('',*,*,#415,.T.);
#1217 = PLANE('',#1218);
#1218 = AXIS2_PLACEMENT_3D('',#1219,#1220,#1221);
#1219 = CARTESIAN_POINT('',(6.049901898426E-16,-21.5,2.998642072472));
#1220 = DIRECTION('',(-0.,-1.,-5.355181458685E-16));
#1221 = DIRECTION('',(0.,5.355181458685E-16,-1.));
#1222 = ADVANCED_FACE('',(#1223),#1241,.T.);
#1223 = FACE_BOUND('',#1224,.T.);
#1224 = EDGE_LOOP('',(#1225,#1226,#1227,#1235));
#1225 = ORIENTED_EDGE('',*,*,#423,.T.);
#1226 = ORIENTED_EDGE('',*,*,#1211,.T.);
#1227 = ORIENTED_EDGE('',*,*,#1228,.T.);
#1228 = EDGE_CURVE('',#1197,#1229,#1231,.T.);
#1229 = VERTEX_POINT('',#1230);
#1230 = CARTESIAN_POINT('',(-21.5,-20.5,5.949898616438));
#1231 = LINE('',#1232,#1233);
#1232 = CARTESIAN_POINT('',(-20.5,-21.5,5.949898616438));
#1233 = VECTOR('',#1234,1.);
#1234 = DIRECTION('',(-0.707106781187,0.707106781187,4.054583578972E-35)
  );
#1235 = ORIENTED_EDGE('',*,*,#1236,.F.);
#1236 = EDGE_CURVE('',#424,#1229,#1237,.T.);
#1237 = LINE('',#1238,#1239);
#1238 = CARTESIAN_POINT('',(-21.5,-20.5,0.));
#1239 = VECTOR('',#1240,1.);
#1240 = DIRECTION('',(0.,0.,1.));
#1241 = PLANE('',#1242);
#1242 = AXIS2_PLACEMENT_3D('',#1243,#1244,#1245);
#1243 = CARTESIAN_POINT('',(-21.,-21.,0.));
#1244 = DIRECTION('',(-0.707106781187,-0.707106781187,5.911709633991E-18
    ));
#1245 = DIRECTION('',(-4.180209970601E-18,-4.180209970601E-18,-1.));
#1246 = ADVANCED_FACE('',(#1247),#1280,.T.);
#1247 = FACE_BOUND('',#1248,.T.);
#1248 = EDGE_LOOP('',(#1249,#1257,#1258,#1259,#1274));
#1249 = ORIENTED_EDGE('',*,*,#1250,.F.);
#1250 = EDGE_CURVE('',#432,#1251,#1253,.T.);
#1251 = VERTEX_POINT('',#1252);
#1252 = CARTESIAN_POINT('',(-21.5,45.,6.));
#1253 = LINE('',#1254,#1255);
#1254 = CARTESIAN_POINT('',(-21.5,45.,-9.E-17));
#1255 = VECTOR('',#1256,1.);
#1256 = DIRECTION('',(0.,0.,1.));
#1257 = ORIENTED_EDGE('',*,*,#431,.T.);
#1258 = ORIENTED_EDGE('',*,*,#1236,.T.);
#1259 = ORIENTED_EDGE('',*,*,#1260,.T.);
#1260 = EDGE_CURVE('',#1229,#1261,#1263,.T.);
#1261 = VERTEX_POINT('',#1262);
#1262 = CARTESIAN_POINT('',(-21.5,-20.44989861643,6.));
#1263 = B_SPLINE_CURVE_WITH_KNOTS('',9,(#1264,#1265,#1266,#1267,#1268,
    #1269,#1270,#1271,#1272,#1273),.UNSPECIFIED.,.F.,.F.,(10,10),(0.,1.)
  ,.PIECEWISE_BEZIER_KNOTS.);
#1264 = CARTESIAN_POINT('',(-21.5,-20.5,5.949898616438));
#1265 = CARTESIAN_POINT('',(-21.5,-20.5,5.958687197982));
#1266 = CARTESIAN_POINT('',(-21.5,-20.49846494298,5.967475875507));
#1267 = CARTESIAN_POINT('',(-21.5,-20.49524069105,5.975957552407));
#1268 = CARTESIAN_POINT('',(-21.5,-20.49028562216,5.983721012567));
#1269 = CARTESIAN_POINT('',(-21.5,-20.48372101256,5.990285622162));
#1270 = CARTESIAN_POINT('',(-21.5,-20.4759575524,5.995240691057));
#1271 = CARTESIAN_POINT('',(-21.5,-20.4674758755,5.998464942988));
#1272 = CARTESIAN_POINT('',(-21.5,-20.45868719798,6.));
#1273 = CARTESIAN_POINT('',(-21.5,-20.44989861643,6.));
#1274 = ORIENTED_EDGE('',*,*,#1275,.T.);
#1275 = EDGE_CURVE('',#1261,#1251,#1276,.T.);
#1276 = LINE('',#1277,#1278);
#1277 = CARTESIAN_POINT('',(-21.5,-20.,6.));
#1278 = VECTOR('',#1279,1.);
#1279 = DIRECTION('',(0.,1.,0.));
#1280 = PLANE('',#1281);
#1281 = AXIS2_PLACEMENT_3D('',#1282,#1283,#1284);
#1282 = CARTESIAN_POINT('',(-21.5,12.254858592888,2.999553823363));
#1283 = DIRECTION('',(-1.,-0.,-0.));
#1284 = DIRECTION('',(0.,0.,-1.));
#1285 = ADVANCED_FACE('',(#1286),#1298,.T.);
#1286 = FACE_BOUND('',#1287,.T.);
#1287 = EDGE_LOOP('',(#1288,#1289,#1296,#1297));
#1288 = ORIENTED_EDGE('',*,*,#1250,.T.);
#1289 = ORIENTED_EDGE('',*,*,#1290,.T.);
#1290 = EDGE_CURVE('',#1251,#1103,#1291,.T.);
#1291 = CIRCLE('',#1292,21.5);
#1292 = AXIS2_PLACEMENT_3D('',#1293,#1294,#1295);
#1293 = CARTESIAN_POINT('',(8.220195899898E-17,45.,6.));
#1294 = DIRECTION('',(0.,0.,-1.));
#1295 = DIRECTION('',(1.,0.,0.));
#1296 = ORIENTED_EDGE('',*,*,#1102,.F.);
#1297 = ORIENTED_EDGE('',*,*,#439,.F.);
#1298 = CYLINDRICAL_SURFACE('',#1299,21.5);
#1299 = AXIS2_PLACEMENT_3D('',#1300,#1301,#1302);
#1300 = CARTESIAN_POINT('',(8.220195899898E-17,45.,-9.E-17));
#1301 = DIRECTION('',(0.,0.,-1.));
#1302 = DIRECTION('',(1.,0.,0.));
#1303 = ADVANCED_FACE('',(#1304),#1320,.F.);
#1304 = FACE_BOUND('',#1305,.F.);
#1305 = EDGE_LOOP('',(#1306,#1312,#1313,#1319));
#1306 = ORIENTED_EDGE('',*,*,#1307,.T.);
#1307 = EDGE_CURVE('',#449,#747,#1308,.T.);
#1308 = LINE('',#1309,#1310);
#1309 = CARTESIAN_POINT('',(-12.5,12.5,-9.E-17));
#1310 = VECTOR('',#1311,1.);
#1311 = DIRECTION('',(0.,0.,1.));
#1312 = ORIENTED_EDGE('',*,*,#746,.T.);
#1313 = ORIENTED_EDGE('',*,*,#1314,.F.);
#1314 = EDGE_CURVE('',#451,#749,#1315,.T.);
#1315 = LINE('',#1316,#1317);
#1316 = CARTESIAN_POINT('',(12.5,12.5,-9.E-17));
#1317 = VECTOR('',#1318,1.);
#1318 = DIRECTION('',(0.,0.,1.));
#1319 = ORIENTED_EDGE('',*,*,#448,.F.);
#1320 = PLANE('',#1321);
#1321 = AXIS2_PLACEMENT_3D('',#1322,#1323,#1324);
#1322 = CARTESIAN_POINT('',(-12.5,12.5,-9.E-17));
#1323 = DIRECTION('',(0.,1.,0.));
#1324 = DIRECTION('',(1.,0.,0.));
#1325 = ADVANCED_FACE('',(#1326),#1337,.F.);
#1326 = FACE_BOUND('',#1327,.F.);
#1327 = EDGE_LOOP('',(#1328,#1334,#1335,#1336));
#1328 = ORIENTED_EDGE('',*,*,#1329,.T.);
#1329 = EDGE_CURVE('',#459,#765,#1330,.T.);
#1330 = LINE('',#1331,#1332);
#1331 = CARTESIAN_POINT('',(-12.5,-12.5,-9.E-17));
#1332 = VECTOR('',#1333,1.);
#1333 = DIRECTION('',(0.,0.,1.));
#1334 = ORIENTED_EDGE('',*,*,#772,.T.);
#1335 = ORIENTED_EDGE('',*,*,#1307,.F.);
#1336 = ORIENTED_EDGE('',*,*,#458,.F.);
#1337 = PLANE('',#1338);
#1338 = AXIS2_PLACEMENT_3D('',#1339,#1340,#1341);
#1339 = CARTESIAN_POINT('',(-12.5,-12.5,-9.E-17));
#1340 = DIRECTION('',(-1.,0.,0.));
#1341 = DIRECTION('',(0.,1.,0.));
#1342 = ADVANCED_FACE('',(#1343),#1354,.F.);
#1343 = FACE_BOUND('',#1344,.F.);
#1344 = EDGE_LOOP('',(#1345,#1351,#1352,#1353));
#1345 = ORIENTED_EDGE('',*,*,#1346,.T.);
#1346 = EDGE_CURVE('',#467,#757,#1347,.T.);
#1347 = LINE('',#1348,#1349);
#1348 = CARTESIAN_POINT('',(12.5,-12.5,-9.E-17));
#1349 = VECTOR('',#1350,1.);
#1350 = DIRECTION('',(0.,0.,1.));
#1351 = ORIENTED_EDGE('',*,*,#764,.T.);
#1352 = ORIENTED_EDGE('',*,*,#1329,.F.);
#1353 = ORIENTED_EDGE('',*,*,#466,.F.);
#1354 = PLANE('',#1355);
#1355 = AXIS2_PLACEMENT_3D('',#1356,#1357,#1358);
#1356 = CARTESIAN_POINT('',(12.5,-12.5,-9.E-17));
#1357 = DIRECTION('',(-0.,-1.,-0.));
#1358 = DIRECTION('',(-1.,0.,0.));
#1359 = ADVANCED_FACE('',(#1360),#1366,.F.);
#1360 = FACE_BOUND('',#1361,.F.);
#1361 = EDGE_LOOP('',(#1362,#1363,#1364,#1365));
#1362 = ORIENTED_EDGE('',*,*,#1314,.T.);
#1363 = ORIENTED_EDGE('',*,*,#756,.T.);
#1364 = ORIENTED_EDGE('',*,*,#1346,.F.);
#1365 = ORIENTED_EDGE('',*,*,#474,.F.);
#1366 = PLANE('',#1367);
#1367 = AXIS2_PLACEMENT_3D('',#1368,#1369,#1370);
#1368 = CARTESIAN_POINT('',(12.5,12.5,-9.E-17));
#1369 = DIRECTION('',(1.,0.,0.));
#1370 = DIRECTION('',(0.,-1.,0.));
#1371 = ADVANCED_FACE('',(#1372),#1383,.F.);
#1372 = FACE_BOUND('',#1373,.F.);
#1373 = EDGE_LOOP('',(#1374,#1380,#1381,#1382));
#1374 = ORIENTED_EDGE('',*,*,#1375,.T.);
#1375 = EDGE_CURVE('',#483,#714,#1376,.T.);
#1376 = LINE('',#1377,#1378);
#1377 = CARTESIAN_POINT('',(-13.5,-15.,-9.E-17));
#1378 = VECTOR('',#1379,1.);
#1379 = DIRECTION('',(0.,0.,1.));
#1380 = ORIENTED_EDGE('',*,*,#713,.T.);
#1381 = ORIENTED_EDGE('',*,*,#1375,.F.);
#1382 = ORIENTED_EDGE('',*,*,#482,.F.);
#1383 = CYLINDRICAL_SURFACE('',#1384,1.5);
#1384 = AXIS2_PLACEMENT_3D('',#1385,#1386,#1387);
#1385 = CARTESIAN_POINT('',(-15.,-15.,-9.E-17));
#1386 = DIRECTION('',(0.,0.,-1.));
#1387 = DIRECTION('',(1.,0.,0.));
#1388 = ADVANCED_FACE('',(#1389),#1400,.F.);
#1389 = FACE_BOUND('',#1390,.F.);
#1390 = EDGE_LOOP('',(#1391,#1397,#1398,#1399));
#1391 = ORIENTED_EDGE('',*,*,#1392,.T.);
#1392 = EDGE_CURVE('',#494,#725,#1393,.T.);
#1393 = LINE('',#1394,#1395);
#1394 = CARTESIAN_POINT('',(16.5,-15.,-9.E-17));
#1395 = VECTOR('',#1396,1.);
#1396 = DIRECTION('',(0.,0.,1.));
#1397 = ORIENTED_EDGE('',*,*,#724,.T.);
#1398 = ORIENTED_EDGE('',*,*,#1392,.F.);
#1399 = ORIENTED_EDGE('',*,*,#493,.F.);
#1400 = CYLINDRICAL_SURFACE('',#1401,1.5);
#1401 = AXIS2_PLACEMENT_3D('',#1402,#1403,#1404);
#1402 = CARTESIAN_POINT('',(15.,-15.,-9.E-17));
#1403 = DIRECTION('',(0.,0.,-1.));
#1404 = DIRECTION('',(1.,0.,0.));
#1405 = ADVANCED_FACE('',(#1406),#1417,.F.);
#1406 = FACE_BOUND('',#1407,.F.);
#1407 = EDGE_LOOP('',(#1408,#1414,#1415,#1416));
#1408 = ORIENTED_EDGE('',*,*,#1409,.T.);
#1409 = EDGE_CURVE('',#505,#736,#1410,.T.);
#1410 = LINE('',#1411,#1412);
#1411 = CARTESIAN_POINT('',(-13.5,15.,-9.E-17));
#1412 = VECTOR('',#1413,1.);
#1413 = DIRECTION('',(0.,0.,1.));
#1414 = ORIENTED_EDGE('',*,*,#735,.T.);
#1415 = ORIENTED_EDGE('',*,*,#1409,.F.);
#1416 = ORIENTED_EDGE('',*,*,#504,.F.);
#1417 = CYLINDRICAL_SURFACE('',#1418,1.5);
#1418 = AXIS2_PLACEMENT_3D('',#1419,#1420,#1421);
#1419 = CARTESIAN_POINT('',(-15.,15.,-9.E-17));
#1420 = DIRECTION('',(0.,0.,-1.));
#1421 = DIRECTION('',(1.,0.,0.));
#1422 = ADVANCED_FACE('',(#1423),#1434,.F.);
#1423 = FACE_BOUND('',#1424,.F.);
#1424 = EDGE_LOOP('',(#1425,#1431,#1432,#1433));
#1425 = ORIENTED_EDGE('',*,*,#1426,.T.);
#1426 = EDGE_CURVE('',#516,#781,#1427,.T.);
#1427 = LINE('',#1428,#1429);
#1428 = CARTESIAN_POINT('',(16.5,15.,-9.E-17));
#1429 = VECTOR('',#1430,1.);
#1430 = DIRECTION('',(0.,0.,1.));
#1431 = ORIENTED_EDGE('',*,*,#780,.T.);
#1432 = ORIENTED_EDGE('',*,*,#1426,.F.);
#1433 = ORIENTED_EDGE('',*,*,#515,.F.);
#1434 = CYLINDRICAL_SURFACE('',#1435,1.5);
#1435 = AXIS2_PLACEMENT_3D('',#1436,#1437,#1438);
#1436 = CARTESIAN_POINT('',(15.,15.,-9.E-17));
#1437 = DIRECTION('',(0.,0.,-1.));
#1438 = DIRECTION('',(1.,0.,0.));
#1439 = ADVANCED_FACE('',(#1440),#1451,.T.);
#1440 = FACE_BOUND('',#1441,.F.);
#1441 = EDGE_LOOP('',(#1442,#1448,#1449,#1450));
#1442 = ORIENTED_EDGE('',*,*,#1443,.T.);
#1443 = EDGE_CURVE('',#1057,#664,#1444,.T.);
#1444 = LINE('',#1445,#1446);
#1445 = CARTESIAN_POINT('',(-20.,-20.07560640923,6.470215800025));
#1446 = VECTOR('',#1447,1.);
#1447 = DIRECTION('',(-1.,2.709048752142E-18,8.943016414541E-19));
#1448 = ORIENTED_EDGE('',*,*,#663,.T.);
#1449 = ORIENTED_EDGE('',*,*,#798,.F.);
#1450 = ORIENTED_EDGE('',*,*,#1056,.F.);
#1451 = CYLINDRICAL_SURFACE('',#1452,1.5);
#1452 = AXIS2_PLACEMENT_3D('',#1453,#1454,#1455);
#1453 = CARTESIAN_POINT('',(-20.,-21.5,6.));
#1454 = DIRECTION('',(-1.,0.,0.));
#1455 = DIRECTION('',(0.,1.110223024625E-16,-1.));
#1456 = ADVANCED_FACE('',(#1457),#1484,.T.);
#1457 = FACE_BOUND('',#1458,.T.);
#1458 = EDGE_LOOP('',(#1459,#1469,#1475,#1476,#1477,#1478));
#1459 = ORIENTED_EDGE('',*,*,#1460,.T.);
#1460 = EDGE_CURVE('',#1461,#1463,#1465,.T.);
#1461 = VERTEX_POINT('',#1462);
#1462 = CARTESIAN_POINT('',(-33.41687364291,-33.12503967189,46.));
#1463 = VERTEX_POINT('',#1464);
#1464 = CARTESIAN_POINT('',(33.416873642914,-33.12503967189,46.));
#1465 = LINE('',#1466,#1467);
#1466 = CARTESIAN_POINT('',(6.84747087496E-12,-33.12503967189,46.));
#1467 = VECTOR('',#1468,1.);
#1468 = DIRECTION('',(1.,-3.004272463149E-18,0.));
#1469 = ORIENTED_EDGE('',*,*,#1470,.T.);
#1470 = EDGE_CURVE('',#1463,#1068,#1471,.T.);
#1471 = LINE('',#1472,#1473);
#1472 = CARTESIAN_POINT('',(23.97415505779,-23.888900317,18.021574562596
    ));
#1473 = VECTOR('',#1474,1.);
#1474 = DIRECTION('',(-0.305197729418,0.298520890386,-0.904289568646));
#1475 = ORIENTED_EDGE('',*,*,#1075,.F.);
#1476 = ORIENTED_EDGE('',*,*,#1443,.T.);
#1477 = ORIENTED_EDGE('',*,*,#672,.F.);
#1478 = ORIENTED_EDGE('',*,*,#1479,.T.);
#1479 = EDGE_CURVE('',#673,#1461,#1480,.T.);
#1480 = LINE('',#1481,#1482);
#1481 = CARTESIAN_POINT('',(-23.9741550578,-23.88890031701,
    18.021574562629));
#1482 = VECTOR('',#1483,1.);
#1483 = DIRECTION('',(-0.305197729418,-0.298520890386,0.904289568646));
#1484 = PLANE('',#1485);
#1485 = AXIS2_PLACEMENT_3D('',#1486,#1487,#1488);
#1486 = CARTESIAN_POINT('',(-1.610590587559E-15,-26.67793603322,
    26.470215800025));
#1487 = DIRECTION('',(2.852844294277E-18,0.949595727175,0.313477200017)
  );
#1488 = DIRECTION('',(1.,1.845701018098E-18,-1.469170355757E-17));
#1489 = ADVANCED_FACE('',(#1490),#1501,.T.);
#1490 = FACE_BOUND('',#1491,.T.);
#1491 = EDGE_LOOP('',(#1492,#1498,#1499,#1500));
#1492 = ORIENTED_EDGE('',*,*,#1493,.T.);
#1493 = EDGE_CURVE('',#815,#1461,#1494,.T.);
#1494 = LINE('',#1495,#1496);
#1495 = CARTESIAN_POINT('',(-33.41687364291,12.16536711519,46.));
#1496 = VECTOR('',#1497,1.);
#1497 = DIRECTION('',(9.783745672838E-18,-1.,0.));
#1498 = ORIENTED_EDGE('',*,*,#1479,.F.);
#1499 = ORIENTED_EDGE('',*,*,#681,.T.);
#1500 = ORIENTED_EDGE('',*,*,#879,.F.);
#1501 = PLANE('',#1502);
#1502 = AXIS2_PLACEMENT_3D('',#1503,#1504,#1505);
#1503 = CARTESIAN_POINT('',(-26.82876158151,8.522670376016,
    26.479667966237));
#1504 = DIRECTION('',(0.947492278987,9.270023484589E-18,0.319778644158)
  );
#1505 = DIRECTION('',(-2.372010051659E-02,-0.997245119481,
    7.028177930841E-02));
#1506 = ADVANCED_FACE('',(#1507,#1562),#1573,.T.);
#1507 = FACE_BOUND('',#1508,.T.);
#1508 = EDGE_LOOP('',(#1509,#1519,#1529,#1537,#1546,#1554));
#1509 = ORIENTED_EDGE('',*,*,#1510,.T.);
#1510 = EDGE_CURVE('',#1511,#1513,#1515,.T.);
#1511 = VERTEX_POINT('',#1512);
#1512 = CARTESIAN_POINT('',(-33.94989861643,-34.70465924796,46.));
#1513 = VERTEX_POINT('',#1514);
#1514 = CARTESIAN_POINT('',(33.949898616438,-34.70465924796,46.));
#1515 = LINE('',#1516,#1517);
#1516 = CARTESIAN_POINT('',(-35.,-34.70465924796,46.));
#1517 = VECTOR('',#1518,1.);
#1518 = DIRECTION('',(1.,0.,0.));
#1519 = ORIENTED_EDGE('',*,*,#1520,.F.);
#1520 = EDGE_CURVE('',#1521,#1513,#1523,.T.);
#1521 = VERTEX_POINT('',#1522);
#1522 = CARTESIAN_POINT('',(35.,-33.65688394253,46.));
#1523 = B_SPLINE_CURVE_WITH_KNOTS('',4,(#1524,#1525,#1526,#1527,#1528),
  .UNSPECIFIED.,.F.,.F.,(5,5),(0.,1.),.PIECEWISE_BEZIER_KNOTS.);
#1524 = CARTESIAN_POINT('',(35.,-33.65688394253,46.));
#1525 = CARTESIAN_POINT('',(34.73747465411,-33.91882776889,46.));
#1526 = CARTESIAN_POINT('',(34.474949308219,-34.18077159525,46.));
#1527 = CARTESIAN_POINT('',(34.212423962329,-34.44271542161,46.));
#1528 = CARTESIAN_POINT('',(33.949898616438,-34.70465924796,46.));
#1529 = ORIENTED_EDGE('',*,*,#1530,.T.);
#1530 = EDGE_CURVE('',#1521,#1531,#1533,.T.);
#1531 = VERTEX_POINT('',#1532);
#1532 = CARTESIAN_POINT('',(35.,45.29534075301,46.));
#1533 = LINE('',#1534,#1535);
#1534 = CARTESIAN_POINT('',(35.,-34.70465924796,46.));
#1535 = VECTOR('',#1536,1.);
#1536 = DIRECTION('',(0.,1.,0.));
#1537 = ORIENTED_EDGE('',*,*,#1538,.T.);
#1538 = EDGE_CURVE('',#1531,#1539,#1541,.T.);
#1539 = VERTEX_POINT('',#1540);
#1540 = CARTESIAN_POINT('',(-35.,45.295340752032,46.));
#1541 = CIRCLE('',#1542,35.);
#1542 = AXIS2_PLACEMENT_3D('',#1543,#1544,#1545);
#1543 = CARTESIAN_POINT('',(0.,45.295340752032,46.));
#1544 = DIRECTION('',(0.,0.,1.));
#1545 = DIRECTION('',(1.,0.,0.));
#1546 = ORIENTED_EDGE('',*,*,#1547,.T.);
#1547 = EDGE_CURVE('',#1539,#1548,#1550,.T.);
#1548 = VERTEX_POINT('',#1549);
#1549 = CARTESIAN_POINT('',(-35.,-33.65688394253,46.));
#1550 = LINE('',#1551,#1552);
#1551 = CARTESIAN_POINT('',(-35.,45.295340752032,46.));
#1552 = VECTOR('',#1553,1.);
#1553 = DIRECTION('',(0.,-1.,0.));
#1554 = ORIENTED_EDGE('',*,*,#1555,.T.);
#1555 = EDGE_CURVE('',#1548,#1511,#1556,.T.);
#1556 = B_SPLINE_CURVE_WITH_KNOTS('',4,(#1557,#1558,#1559,#1560,#1561),
  .UNSPECIFIED.,.F.,.F.,(5,5),(0.,1.),.PIECEWISE_BEZIER_KNOTS.);
#1557 = CARTESIAN_POINT('',(-35.,-33.65688394253,46.));
#1558 = CARTESIAN_POINT('',(-34.73747465411,-33.91882776889,46.));
#1559 = CARTESIAN_POINT('',(-34.47494930821,-34.18077159525,46.));
#1560 = CARTESIAN_POINT('',(-34.21242396232,-34.44271542161,46.));
#1561 = CARTESIAN_POINT('',(-33.94989861643,-34.70465924796,46.));
#1562 = FACE_BOUND('',#1563,.T.);
#1563 = EDGE_LOOP('',(#1564,#1565,#1566,#1567));
#1564 = ORIENTED_EDGE('',*,*,#1460,.F.);
#1565 = ORIENTED_EDGE('',*,*,#1493,.F.);
#1566 = ORIENTED_EDGE('',*,*,#814,.T.);
#1567 = ORIENTED_EDGE('',*,*,#1568,.F.);
#1568 = EDGE_CURVE('',#1463,#817,#1569,.T.);
#1569 = LINE('',#1570,#1571);
#1570 = CARTESIAN_POINT('',(33.416873642914,12.165367115312,46.));
#1571 = VECTOR('',#1572,1.);
#1572 = DIRECTION('',(-1.847471384654E-17,1.,0.));
#1573 = PLANE('',#1574);
#1574 = AXIS2_PLACEMENT_3D('',#1575,#1576,#1577);
#1575 = CARTESIAN_POINT('',(1.369671871774E-11,15.808063854364,46.));
#1576 = DIRECTION('',(0.,0.,1.));
#1577 = DIRECTION('',(1.,0.,0.));
#1578 = ADVANCED_FACE('',(#1579),#1585,.T.);
#1579 = FACE_BOUND('',#1580,.T.);
#1580 = EDGE_LOOP('',(#1581,#1582,#1583,#1584));
#1581 = ORIENTED_EDGE('',*,*,#1568,.T.);
#1582 = ORIENTED_EDGE('',*,*,#885,.T.);
#1583 = ORIENTED_EDGE('',*,*,#1067,.T.);
#1584 = ORIENTED_EDGE('',*,*,#1470,.F.);
#1585 = PLANE('',#1586);
#1586 = AXIS2_PLACEMENT_3D('',#1587,#1588,#1589);
#1587 = CARTESIAN_POINT('',(26.828761581519,8.52267037626,
    26.479667966237));
#1588 = DIRECTION('',(-0.947492278987,-1.750464872609E-17,0.319778644158
    ));
#1589 = DIRECTION('',(-2.372010051438E-02,0.997245119482,
    -7.028177930188E-02));
#1590 = ADVANCED_FACE('',(#1591),#1625,.F.);
#1591 = FACE_BOUND('',#1592,.F.);
#1592 = EDGE_LOOP('',(#1593,#1594,#1599,#1600,#1608));
#1593 = ORIENTED_EDGE('',*,*,#1530,.T.);
#1594 = ORIENTED_EDGE('',*,*,#1595,.T.);
#1595 = EDGE_CURVE('',#1531,#1103,#1596,.T.);
#1596 = B_SPLINE_CURVE_WITH_KNOTS('',1,(#1597,#1598),.UNSPECIFIED.,.F.,
  .F.,(2,2),(0.,1.),.PIECEWISE_BEZIER_KNOTS.);
#1597 = CARTESIAN_POINT('',(35.,45.29534075301,46.));
#1598 = CARTESIAN_POINT('',(21.5,45.,6.));
#1599 = ORIENTED_EDGE('',*,*,#1110,.T.);
#1600 = ORIENTED_EDGE('',*,*,#1601,.T.);
#1601 = EDGE_CURVE('',#1111,#1602,#1604,.T.);
#1602 = VERTEX_POINT('',#1603);
#1603 = CARTESIAN_POINT('',(21.500709913763,-20.45291907748,
    6.002103448188));
#1604 = B_SPLINE_CURVE_WITH_KNOTS('',2,(#1605,#1606,#1607),
  .UNSPECIFIED.,.F.,.F.,(3,3),(0.,2.812237173713E-03),
  .PIECEWISE_BEZIER_KNOTS.);
#1605 = CARTESIAN_POINT('',(21.5,-20.44989861643,6.));
#1606 = CARTESIAN_POINT('',(21.500354956882,-20.45140883448,
    6.001051724094));
#1607 = CARTESIAN_POINT('',(21.500709913763,-20.45291907748,
    6.002103448188));
#1608 = ORIENTED_EDGE('',*,*,#1609,.F.);
#1609 = EDGE_CURVE('',#1521,#1602,#1610,.T.);
#1610 = B_SPLINE_CURVE_WITH_KNOTS('',5,(#1611,#1612,#1613,#1614,#1615,
    #1616,#1617,#1618,#1619,#1620,#1621,#1622,#1623,#1624),
  .UNSPECIFIED.,.F.,.F.,(6,4,4,6),(-1.717540282554,0.312782817103,
    44.554107286836,44.897123009848),.UNSPECIFIED.);
#1611 = CARTESIAN_POINT('',(35.61965,-34.26297780201,47.836));
#1612 = CARTESIAN_POINT('',(35.49572,-34.14175903012,47.4688));
#1613 = CARTESIAN_POINT('',(35.37179,-34.02054025822,47.1016));
#1614 = CARTESIAN_POINT('',(35.24786,-33.89932148632,46.7344));
#1615 = CARTESIAN_POINT('',(35.12393,-33.77810271443,46.3672));
#1616 = CARTESIAN_POINT('',(32.29952964508,-31.01549202802,
    37.998606355792));
#1617 = CARTESIAN_POINT('',(29.599059290159,-28.3741001135,
    29.997212711584));
#1618 = CARTESIAN_POINT('',(26.898588935239,-25.73270819898,
    21.995819067375));
#1619 = CARTESIAN_POINT('',(24.198118580319,-23.09131628447,
    13.994425423167));
#1620 = CARTESIAN_POINT('',(21.476710701435,-20.42944489814,
    5.930994670918));
#1621 = CARTESIAN_POINT('',(21.455773177471,-20.40896542633,
    5.868957562878));
#1622 = CARTESIAN_POINT('',(21.434835653508,-20.38848595452,
    5.806920454838));
#1623 = CARTESIAN_POINT('',(21.413898129544,-20.36800648271,
    5.744883346798));
#1624 = CARTESIAN_POINT('',(21.392960605581,-20.3475270109,
    5.682846238757));
#1625 = B_SPLINE_SURFACE_WITH_KNOTS('',1,1,(
    (#1626,#1627)
    ,(#1628,#1629
    )),.UNSPECIFIED.,.F.,.F.,.F.,(2,2),(2,2),(0.,80.000000000979),(0.,1.
    ),.PIECEWISE_BEZIER_KNOTS.);
#1626 = CARTESIAN_POINT('',(35.,-34.70465924796,46.));
#1627 = CARTESIAN_POINT('',(21.5,-21.5,6.));
#1628 = CARTESIAN_POINT('',(35.,45.29534075301,46.));
#1629 = CARTESIAN_POINT('',(21.5,45.,6.));
#1630 = ADVANCED_FACE('',(#1631),#1642,.T.);
#1631 = FACE_BOUND('',#1632,.T.);
#1632 = EDGE_LOOP('',(#1633,#1638,#1639,#1640,#1641));
#1633 = ORIENTED_EDGE('',*,*,#1634,.T.);
#1634 = EDGE_CURVE('',#1602,#1174,#1635,.T.);
#1635 = B_SPLINE_CURVE_WITH_KNOTS('',1,(#1636,#1637),.UNSPECIFIED.,.F.,
  .F.,(2,2),(0.,44.241325607102),.PIECEWISE_BEZIER_KNOTS.);
#1636 = CARTESIAN_POINT('',(21.500709913763,-20.45291907748,
    6.002103448188));
#1637 = CARTESIAN_POINT('',(20.449898616438,-21.5,6.));
#1638 = ORIENTED_EDGE('',*,*,#1173,.T.);
#1639 = ORIENTED_EDGE('',*,*,#1150,.T.);
#1640 = ORIENTED_EDGE('',*,*,#1118,.T.);
#1641 = ORIENTED_EDGE('',*,*,#1601,.T.);
#1642 = B_SPLINE_SURFACE_WITH_KNOTS('',8,8,(
    (#1643,#1644,#1645,#1646,#1647,#1648,#1649,#1650,#1651)
    ,(#1652,#1653,#1654,#1655,#1656,#1657,#1658,#1659,#1660)
    ,(#1661,#1662,#1663,#1664,#1665,#1666,#1667,#1668,#1669)
    ,(#1670,#1671,#1672,#1673,#1674,#1675,#1676,#1677,#1678)
    ,(#1679,#1680,#1681,#1682,#1683,#1684,#1685,#1686,#1687)
    ,(#1688,#1689,#1690,#1691,#1692,#1693,#1694,#1695,#1696)
    ,(#1697,#1698,#1699,#1700,#1701,#1702,#1703,#1704,#1705)
    ,(#1706,#1707,#1708,#1709,#1710,#1711,#1712,#1713,#1714)
    ,(#1715,#1716,#1717,#1718,#1719,#1720,#1721,#1722,#1723
  )),.UNSPECIFIED.,.F.,.F.,.F.,(9,9),(9,9),(-0.979492360048,
    0.653069488512),(-5.005382221542E-02,3.574164894717E-02),
  .PIECEWISE_BEZIER_KNOTS.);
#1643 = CARTESIAN_POINT('',(20.414519618521,-21.58921347604,
    5.917737122847));
#1644 = CARTESIAN_POINT('',(20.411617066741,-21.58663413934,
    5.936516191676));
#1645 = CARTESIAN_POINT('',(20.41200298232,-21.58727392757,
    5.952888976968));
#1646 = CARTESIAN_POINT('',(20.412333886375,-21.58777619499,
    5.966477371456));
#1647 = CARTESIAN_POINT('',(20.415052571234,-21.59059587643,
    5.977024212349));
#1648 = CARTESIAN_POINT('',(20.409989571438,-21.58558503014,
    5.985021010299));
#1649 = CARTESIAN_POINT('',(20.400040186198,-21.57570476453,
    5.992578826962));
#1650 = CARTESIAN_POINT('',(20.39178265607,-21.56761270299,
    5.997735952187));
#1651 = CARTESIAN_POINT('',(20.385392077841,-21.56148814944,
    6.00058723546));
#1652 = CARTESIAN_POINT('',(20.558892619868,-21.44497469329,
    5.920770593732));
#1653 = CARTESIAN_POINT('',(20.555578967327,-21.44200591502,
    5.938950813427));
#1654 = CARTESIAN_POINT('',(20.55632383687,-21.44302093045,5.95502505341
    ));
#1655 = CARTESIAN_POINT('',(20.5568261729,-21.44370016515,5.968306966259
    ));
#1656 = CARTESIAN_POINT('',(20.560178363494,-21.44714023935,
    5.97880561747));
#1657 = CARTESIAN_POINT('',(20.554232212591,-21.44123473575,
    5.986209120062));
#1658 = CARTESIAN_POINT('',(20.543105899187,-21.43016438507,
    5.993567773283));
#1659 = CARTESIAN_POINT('',(20.534732219938,-21.4219672188,
    5.998712451907));
#1660 = CARTESIAN_POINT('',(20.52859709762,-21.41612230553,6.00121884083
    ));
#1661 = CARTESIAN_POINT('',(20.702808804493,-21.30027740721,
    5.922941538404));
#1662 = CARTESIAN_POINT('',(20.699934265099,-21.29776853169,
    5.941429552058));
#1663 = CARTESIAN_POINT('',(20.701387457166,-21.29951040707,
    5.957050940762));
#1664 = CARTESIAN_POINT('',(20.698705476388,-21.29703135759,
    5.970470083664));
#1665 = CARTESIAN_POINT('',(20.709595482948,-21.30800621778,
    5.979667178177));
#1666 = CARTESIAN_POINT('',(20.688804008565,-21.2871723549,
    5.986083422206));
#1667 = CARTESIAN_POINT('',(20.684816442016,-21.28327855006,
    5.992806124396));
#1668 = CARTESIAN_POINT('',(20.67684792685,-21.27549387358,
    5.998881445202));
#1669 = CARTESIAN_POINT('',(20.673470925286,-21.27243689364,
    6.00326469978));
#1670 = CARTESIAN_POINT('',(20.845703508467,-21.1545985252,
    5.925936500335));
#1671 = CARTESIAN_POINT('',(20.843903687839,-21.15320521097,
    5.94607420001));
#1672 = CARTESIAN_POINT('',(20.841208921541,-21.1507934502,
    5.961611422903));
#1673 = CARTESIAN_POINT('',(20.866255630682,-21.17610897515,
    5.974793955093));
#1674 = CARTESIAN_POINT('',(20.810249128343,-21.11978877275,
    5.972762435609));
#1675 = CARTESIAN_POINT('',(20.854736098649,-21.16478449422,
    5.993388079343));
#1676 = CARTESIAN_POINT('',(20.812602849955,-21.12238421015,
    5.988701751313));
#1677 = CARTESIAN_POINT('',(20.812286213849,-21.12231139962,
    5.994677217084));
#1678 = CARTESIAN_POINT('',(20.816681712816,-21.12708624467,
    6.003835953135));
#1679 = CARTESIAN_POINT('',(20.990346521876,-21.01060085784,
    5.925703932749));
#1680 = CARTESIAN_POINT('',(20.989485282169,-21.01016825507,
    5.947249353546));
#1681 = CARTESIAN_POINT('',(20.99409380151,-21.01521502436,
    5.964530075683));
#1682 = CARTESIAN_POINT('',(20.977445364994,-20.99851544045,
    5.968578651587));
#1683 = CARTESIAN_POINT('',(21.022422559254,-21.04420732355,5.9942637228
    ));
#1684 = CARTESIAN_POINT('',(20.938526015574,-20.95912791274,
    5.971474729533));
#1685 = CARTESIAN_POINT('',(20.967675575002,-20.98918829259,
    5.997455882342));
#1686 = CARTESIAN_POINT('',(20.96393524657,-20.98565002492,
    6.005269595388));
#1687 = CARTESIAN_POINT('',(20.971652891573,-20.99370171184,
    6.015468354978));
#1688 = CARTESIAN_POINT('',(21.133477697586,-20.86512730594,
    5.92842919869));
#1689 = CARTESIAN_POINT('',(21.133958438987,-20.86602661796,
    5.951135180013));
#1690 = CARTESIAN_POINT('',(21.132349461785,-20.86471465089,
    5.964722559992));
#1691 = CARTESIAN_POINT('',(21.13907007766,-20.87181146852,
    5.983728910099));
#1692 = CARTESIAN_POINT('',(21.099430633048,-20.8319362495,
    5.972149228926));
#1693 = CARTESIAN_POINT('',(21.125114433778,-20.85784439835,
    5.991626156567));
#1694 = CARTESIAN_POINT('',(21.099345117837,-20.83184418843,
    5.985501098576));
#1695 = CARTESIAN_POINT('',(21.101482094177,-20.83423987933,
    5.996029458502));
#1696 = CARTESIAN_POINT('',(21.11994136899,-20.85323381273,
    6.015250446034));
#1697 = CARTESIAN_POINT('',(21.278438257346,-20.72162034134,
    5.933815302308));
#1698 = CARTESIAN_POINT('',(21.279085930501,-20.72276455318,
    5.960525669683));
#1699 = CARTESIAN_POINT('',(21.275907553192,-20.71992904012,
    5.976140459304));
#1700 = CARTESIAN_POINT('',(21.287199341192,-20.73202530866,
    5.985582947977));
#1701 = CARTESIAN_POINT('',(21.278431566833,-20.72229875685,
    5.985345136303));
#1702 = CARTESIAN_POINT('',(21.246233056645,-20.69045687401,
    5.982935601622));
#1703 = CARTESIAN_POINT('',(21.232376126024,-20.67617384535,
    5.986004066989));
#1704 = CARTESIAN_POINT('',(21.248588847224,-20.6930099787,6.00095861466
    ));
#1705 = CARTESIAN_POINT('',(21.275898111079,-20.72086763017,
    6.02426601486));
#1706 = CARTESIAN_POINT('',(21.422502607058,-20.57716989917,
    5.936870739169));
#1707 = CARTESIAN_POINT('',(21.422936494983,-20.57810840593,
    5.965505624888));
#1708 = CARTESIAN_POINT('',(21.419524220838,-20.57521606383,
    5.982944159962));
#1709 = CARTESIAN_POINT('',(21.413958005943,-20.56944726639,
    5.985138099875));
#1710 = CARTESIAN_POINT('',(21.474439340578,-20.63152313812,
    6.001779890174));
#1711 = CARTESIAN_POINT('',(21.334222283994,-20.48814182274,
    5.970821913396));
#1712 = CARTESIAN_POINT('',(21.390744975107,-20.54645457663,
    5.990580797321));
#1713 = CARTESIAN_POINT('',(21.398062990327,-20.5539839535,
    6.003780377118));
#1714 = CARTESIAN_POINT('',(21.432223878589,-20.58873097143,
    6.031852396239));
#1715 = CARTESIAN_POINT('',(21.566514451116,-20.43263252057,
    5.939915822293));
#1716 = CARTESIAN_POINT('',(21.568403254282,-20.43502521595,
    5.970396161787));
#1717 = CARTESIAN_POINT('',(21.565365878217,-20.4324600623,
    5.987865820431));
#1718 = CARTESIAN_POINT('',(21.559545319157,-20.42655356354,
    5.991203716094));
#1719 = CARTESIAN_POINT('',(21.603377833985,-20.47151858656,
    6.002016661055));
#1720 = CARTESIAN_POINT('',(21.490114653744,-20.35576698065,
    5.977262122581));
#1721 = CARTESIAN_POINT('',(21.53508938809,-20.40215025623,
    5.993507428846));
#1722 = CARTESIAN_POINT('',(21.548953500023,-20.41635783879,
    6.009087816062));
#1723 = CARTESIAN_POINT('',(21.588809145484,-20.45684032494,
    6.040571088911));
#1724 = ADVANCED_FACE('',(#1725),#1763,.F.);
#1725 = FACE_BOUND('',#1726,.F.);
#1726 = EDGE_LOOP('',(#1727,#1728,#1745,#1746));
#1727 = ORIENTED_EDGE('',*,*,#1510,.T.);
#1728 = ORIENTED_EDGE('',*,*,#1729,.T.);
#1729 = EDGE_CURVE('',#1513,#1174,#1730,.T.);
#1730 = B_SPLINE_CURVE_WITH_KNOTS('',5,(#1731,#1732,#1733,#1734,#1735,
    #1736,#1737,#1738,#1739,#1740,#1741,#1742,#1743,#1744),
  .UNSPECIFIED.,.F.,.F.,(6,4,4,6),(-1.717540282554,0.312782817103,
    44.554107286836,44.897123009848),.UNSPECIFIED.);
#1731 = CARTESIAN_POINT('',(34.57190039104,-35.31305343206,
    47.842968221041));
#1732 = CARTESIAN_POINT('',(34.44797039104,-35.19183466016,
    47.475768221041));
#1733 = CARTESIAN_POINT('',(34.32404039104,-35.07061588826,
    47.108568221041));
#1734 = CARTESIAN_POINT('',(34.200110391039,-34.94939711637,
    46.741368221041));
#1735 = CARTESIAN_POINT('',(34.07618039104,-34.82817834447,
    46.374168221041));
#1736 = CARTESIAN_POINT('',(31.251780036119,-32.06556765806,
    38.005574576833));
#1737 = CARTESIAN_POINT('',(28.551309681199,-29.42417574354,
    30.004180932625));
#1738 = CARTESIAN_POINT('',(25.850839326279,-26.78278382903,
    22.002787288416));
#1739 = CARTESIAN_POINT('',(23.150368971358,-24.14139191451,
    14.001393644208));
#1740 = CARTESIAN_POINT('',(20.428961092474,-21.47952052819,
    5.93796289196));
#1741 = CARTESIAN_POINT('',(20.408023568511,-21.45904105638,
    5.875925783919));
#1742 = CARTESIAN_POINT('',(20.387086044547,-21.43856158457,
    5.813888675879));
#1743 = CARTESIAN_POINT('',(20.366148520584,-21.41808211276,
    5.751851567839));
#1744 = CARTESIAN_POINT('',(20.34521099662,-21.39760264095,
    5.689814459799));
#1745 = ORIENTED_EDGE('',*,*,#1188,.T.);
#1746 = ORIENTED_EDGE('',*,*,#1747,.F.);
#1747 = EDGE_CURVE('',#1511,#1189,#1748,.T.);
#1748 = B_SPLINE_CURVE_WITH_KNOTS('',5,(#1749,#1750,#1751,#1752,#1753,
    #1754,#1755,#1756,#1757,#1758,#1759,#1760,#1761,#1762),
  .UNSPECIFIED.,.F.,.F.,(6,4,4,6),(-1.717540282554,0.312782817103,
    44.554107286836,44.897123009848),.UNSPECIFIED.);
#1749 = CARTESIAN_POINT('',(-34.57190039103,-35.31305343206,
    47.842968221041));
#1750 = CARTESIAN_POINT('',(-34.44797039103,-35.19183466016,
    47.475768221041));
#1751 = CARTESIAN_POINT('',(-34.32404039103,-35.07061588826,
    47.108568221041));
#1752 = CARTESIAN_POINT('',(-34.20011039103,-34.94939711637,
    46.741368221041));
#1753 = CARTESIAN_POINT('',(-34.07618039103,-34.82817834447,
    46.374168221041));
#1754 = CARTESIAN_POINT('',(-31.25178003611,-32.06556765806,
    38.005574576833));
#1755 = CARTESIAN_POINT('',(-28.55130968119,-29.42417574354,
    30.004180932625));
#1756 = CARTESIAN_POINT('',(-25.85083932627,-26.78278382903,
    22.002787288416));
#1757 = CARTESIAN_POINT('',(-23.15036897135,-24.14139191451,
    14.001393644208));
#1758 = CARTESIAN_POINT('',(-20.42896109247,-21.47952052819,
    5.93796289196));
#1759 = CARTESIAN_POINT('',(-20.40802356851,-21.45904105638,
    5.87592578392));
#1760 = CARTESIAN_POINT('',(-20.38708604454,-21.43856158457,
    5.813888675879));
#1761 = CARTESIAN_POINT('',(-20.36614852058,-21.41808211276,
    5.751851567839));
#1762 = CARTESIAN_POINT('',(-20.34521099662,-21.39760264095,
    5.689814459799));
#1763 = B_SPLINE_SURFACE_WITH_KNOTS('',1,1,(
    (#1764,#1765)
    ,(#1766,#1767
    )),.UNSPECIFIED.,.F.,.F.,.F.,(2,2),(2,2),(0.,70.),(0.,1.),
  .PIECEWISE_BEZIER_KNOTS.);
#1764 = CARTESIAN_POINT('',(-35.,-34.70465924796,46.));
#1765 = CARTESIAN_POINT('',(-21.5,-21.5,6.));
#1766 = CARTESIAN_POINT('',(35.,-34.70465924796,46.));
#1767 = CARTESIAN_POINT('',(21.5,-21.5,6.));
#1768 = ADVANCED_FACE('',(#1769),#1787,.F.);
#1769 = FACE_BOUND('',#1770,.F.);
#1770 = EDGE_LOOP('',(#1771,#1778,#1779,#1780,#1781));
#1771 = ORIENTED_EDGE('',*,*,#1772,.T.);
#1772 = EDGE_CURVE('',#1773,#1189,#1775,.T.);
#1773 = VERTEX_POINT('',#1774);
#1774 = CARTESIAN_POINT('',(-21.50070991376,-20.45291907748,
    6.002103448188));
#1775 = B_SPLINE_CURVE_WITH_KNOTS('',1,(#1776,#1777),.UNSPECIFIED.,.F.,
  .F.,(2,2),(0.,44.241325607102),.PIECEWISE_BEZIER_KNOTS.);
#1776 = CARTESIAN_POINT('',(-21.50070991376,-20.45291907748,
    6.002103448188));
#1777 = CARTESIAN_POINT('',(-20.44989861643,-21.5,6.));
#1778 = ORIENTED_EDGE('',*,*,#1196,.T.);
#1779 = ORIENTED_EDGE('',*,*,#1228,.T.);
#1780 = ORIENTED_EDGE('',*,*,#1260,.T.);
#1781 = ORIENTED_EDGE('',*,*,#1782,.T.);
#1782 = EDGE_CURVE('',#1261,#1773,#1783,.T.);
#1783 = B_SPLINE_CURVE_WITH_KNOTS('',2,(#1784,#1785,#1786),
  .UNSPECIFIED.,.F.,.F.,(3,3),(0.,2.812237173681E-03),
  .PIECEWISE_BEZIER_KNOTS.);
#1784 = CARTESIAN_POINT('',(-21.5,-20.44989861643,6.));
#1785 = CARTESIAN_POINT('',(-21.50035495688,-20.45140883448,
    6.001051724094));
#1786 = CARTESIAN_POINT('',(-21.50070991376,-20.45291907748,
    6.002103448188));
#1787 = B_SPLINE_SURFACE_WITH_KNOTS('',8,8,(
    (#1788,#1789,#1790,#1791,#1792,#1793,#1794,#1795,#1796)
    ,(#1797,#1798,#1799,#1800,#1801,#1802,#1803,#1804,#1805)
    ,(#1806,#1807,#1808,#1809,#1810,#1811,#1812,#1813,#1814)
    ,(#1815,#1816,#1817,#1818,#1819,#1820,#1821,#1822,#1823)
    ,(#1824,#1825,#1826,#1827,#1828,#1829,#1830,#1831,#1832)
    ,(#1833,#1834,#1835,#1836,#1837,#1838,#1839,#1840,#1841)
    ,(#1842,#1843,#1844,#1845,#1846,#1847,#1848,#1849,#1850)
    ,(#1851,#1852,#1853,#1854,#1855,#1856,#1857,#1858,#1859)
    ,(#1860,#1861,#1862,#1863,#1864,#1865,#1866,#1867,#1868
  )),.UNSPECIFIED.,.F.,.F.,.F.,(9,9),(9,9),(-0.979492360044,
    0.653069488512),(-5.011915718286E-02,3.57416489269E-02),
  .PIECEWISE_BEZIER_KNOTS.);
#1788 = CARTESIAN_POINT('',(-20.4145358024,-21.5892277363,5.917627367762
    ));
#1789 = CARTESIAN_POINT('',(-20.41161660335,-21.58663235685,
    5.936430287235));
#1790 = CARTESIAN_POINT('',(-20.41199712371,-21.58726727866,
    5.952825620307));
#1791 = CARTESIAN_POINT('',(-20.41233299401,-21.58777490262,
    5.966435019562));
#1792 = CARTESIAN_POINT('',(-20.41505579955,-21.59059886004,
    5.97699844469));
#1793 = CARTESIAN_POINT('',(-20.41001514292,-21.58561039819,
    5.98500519462));
#1794 = CARTESIAN_POINT('',(-20.40005358651,-21.57571798451,
    5.992571786896));
#1795 = CARTESIAN_POINT('',(-20.39178937276,-21.56761927062,
    5.997734268859));
#1796 = CARTESIAN_POINT('',(-20.38539153753,-21.56148760173,
    6.000587059394));
#1797 = CARTESIAN_POINT('',(-20.55891106225,-21.44499106889,
    5.920664277138));
#1798 = CARTESIAN_POINT('',(-20.55557731933,-21.44200284581,
    5.93886654678));
#1799 = CARTESIAN_POINT('',(-20.55631523363,-21.44301150179,
    5.954962648846));
#1800 = CARTESIAN_POINT('',(-20.55682695845,-21.4437005649,
    5.968265027436));
#1801 = CARTESIAN_POINT('',(-20.56018165092,-21.44714334386,
    5.978780768718));
#1802 = CARTESIAN_POINT('',(-20.55426382117,-21.44126614381,
    5.986193452931));
#1803 = CARTESIAN_POINT('',(-20.54312067767,-21.43017898522,
    5.993560894246));
#1804 = CARTESIAN_POINT('',(-20.53473912932,-21.42197396785,
    5.998710849474));
#1805 = CARTESIAN_POINT('',(-20.52859645906,-21.41612161206,
    6.00121881476));
#1806 = CARTESIAN_POINT('',(-20.70282475097,-21.30029107082,
    5.922833488014));
#1807 = CARTESIAN_POINT('',(-20.69993021393,-21.29776297547,
    5.941346538847));
#1808 = CARTESIAN_POINT('',(-20.70138569382,-21.29950803252,
    5.956990341053));
#1809 = CARTESIAN_POINT('',(-20.69869426955,-21.29701864076,
    5.970430862196));
#1810 = CARTESIAN_POINT('',(-20.70963002735,-21.30804230378,
    5.979646428575));
#1811 = CARTESIAN_POINT('',(-20.68882751359,-21.28719473629,
    5.986067185632));
#1812 = CARTESIAN_POINT('',(-20.68482632751,-21.28328856545,
    5.992796903778));
#1813 = CARTESIAN_POINT('',(-20.67685188744,-21.27549776589,
    5.998877798896));
#1814 = CARTESIAN_POINT('',(-20.67346926683,-21.27243522866,
    6.003264285802));
#1815 = CARTESIAN_POINT('',(-20.84571000027,-21.15460292036,
    5.925814969537));
#1816 = CARTESIAN_POINT('',(-20.84390778599,-21.1532074412,
    5.945993470459));
#1817 = CARTESIAN_POINT('',(-20.84115644231,-21.15073913115,
    5.961555547763));
#1818 = CARTESIAN_POINT('',(-20.86633673119,-21.17619474001,
    5.974768024923));
#1819 = CARTESIAN_POINT('',(-20.81022187711,-21.11975535005,
    5.97273253603));
#1820 = CARTESIAN_POINT('',(-20.85475697575,-21.16480925158,
    5.993373297657));
#1821 = CARTESIAN_POINT('',(-20.8126333523,-21.12241354268,
    5.988700081277));
#1822 = CARTESIAN_POINT('',(-20.8122842698,-21.1223090363,5.994671096729
    ));
#1823 = CARTESIAN_POINT('',(-20.81667781186,-21.12708212297,
    6.003835132775));
#1824 = CARTESIAN_POINT('',(-20.99035024623,-21.01060171978,
    5.925577053126));
#1825 = CARTESIAN_POINT('',(-20.98945852428,-21.01014055382,
    5.94715444912));
#1826 = CARTESIAN_POINT('',(-20.99412347429,-21.01524505649,
    5.964491044296));
#1827 = CARTESIAN_POINT('',(-20.97743621151,-20.9984976944,
    5.968555862162));
#1828 = CARTESIAN_POINT('',(-21.02253225125,-21.04432837603,
    5.994240040189));
#1829 = CARTESIAN_POINT('',(-20.9385563929,-20.95915165063,
    5.971477392074));
#1830 = CARTESIAN_POINT('',(-20.96763768378,-20.98915174908,
    5.997422037093));
#1831 = CARTESIAN_POINT('',(-20.96392999037,-20.98564480659,
    6.005260971346));
#1832 = CARTESIAN_POINT('',(-20.97165343009,-20.99370226448,
    6.015470428812));
#1833 = CARTESIAN_POINT('',(-21.13347782659,-20.86512475167,
    5.928291581383));
#1834 = CARTESIAN_POINT('',(-21.13400146464,-20.86606586844,
    5.951074661992));
#1835 = CARTESIAN_POINT('',(-21.13228719967,-20.86465031391,
    5.964646038107));
#1836 = CARTESIAN_POINT('',(-21.13918382696,-20.8719332618,
    5.983684717334));
#1837 = CARTESIAN_POINT('',(-21.09933000303,-20.83182542374,
    5.972171689195));
#1838 = CARTESIAN_POINT('',(-21.12515896559,-20.85789520512,
    5.991582825219));
#1839 = CARTESIAN_POINT('',(-21.09937541343,-20.83187265922,
    5.985508492516));
#1840 = CARTESIAN_POINT('',(-21.10146965396,-20.83422677087,
    5.996015859131));
#1841 = CARTESIAN_POINT('',(-21.11993669264,-20.85322871499,
    6.015249418293));
#1842 = CARTESIAN_POINT('',(-21.27842534946,-20.72160532838,
    5.933645286162));
#1843 = CARTESIAN_POINT('',(-21.27905230169,-20.72273101398,
    5.960418338215));
#1844 = CARTESIAN_POINT('',(-21.27597028232,-20.71998988828,
    5.976121319854));
#1845 = CARTESIAN_POINT('',(-21.28708061347,-20.73190226216,
    5.985584984608));
#1846 = CARTESIAN_POINT('',(-21.27865137337,-20.72252485183,
    5.985341798647));
#1847 = CARTESIAN_POINT('',(-21.24623308419,-20.69045461032,
    5.982943290057));
#1848 = CARTESIAN_POINT('',(-21.23235207167,-20.67615003267,
    5.985974174206));
#1849 = CARTESIAN_POINT('',(-21.24856255266,-20.69298336782,
    6.000938728605));
#1850 = CARTESIAN_POINT('',(-21.2758949865,-20.72086441207,
    6.024265633527));
#1851 = CARTESIAN_POINT('',(-21.42251030481,-20.57717355621,
    5.936703509621));
#1852 = CARTESIAN_POINT('',(-21.42298043021,-20.57814836291,
    5.965429914587));
#1853 = CARTESIAN_POINT('',(-21.41949542368,-20.57518653712,
    5.982916752409));
#1854 = CARTESIAN_POINT('',(-21.41382561139,-20.56931132822,
    5.985112093563));
#1855 = CARTESIAN_POINT('',(-21.47479079758,-20.63188096608,
    6.001847028058));
#1856 = CARTESIAN_POINT('',(-21.33414097049,-20.48805754819,
    5.970795074132));
#1857 = CARTESIAN_POINT('',(-21.3907216882,-20.54643072688,
    5.990556132149));
#1858 = CARTESIAN_POINT('',(-21.39803691686,-20.55395739377,
    6.00375911535));
#1859 = CARTESIAN_POINT('',(-21.43222586868,-20.58873276618,
    6.031853741704));
#1860 = CARTESIAN_POINT('',(-21.56649548767,-20.43261140261,
    5.939723132374));
#1861 = CARTESIAN_POINT('',(-21.56842476291,-20.43504456511,
    5.970305400937));
#1862 = CARTESIAN_POINT('',(-21.56535981156,-20.43245325003,
    5.987838547265));
#1863 = CARTESIAN_POINT('',(-21.55942155457,-20.42642828802,
    5.991178042256));
#1864 = CARTESIAN_POINT('',(-21.6036689365,-20.47181499183,
    6.002070268152));
#1865 = CARTESIAN_POINT('',(-21.49004446638,-20.35569479611,
    5.977237743963));
#1866 = CARTESIAN_POINT('',(-21.53505889261,-20.40211900496,
    5.99348000771));
#1867 = CARTESIAN_POINT('',(-21.5489229054,-20.41632680547,
    6.009063608847));
#1868 = CARTESIAN_POINT('',(-21.58881169816,-20.45684279209,
    6.040572205651));
#1869 = ADVANCED_FACE('',(#1870),#1897,.F.);
#1870 = FACE_BOUND('',#1871,.F.);
#1871 = EDGE_LOOP('',(#1872,#1873,#1890,#1891,#1892));
#1872 = ORIENTED_EDGE('',*,*,#1547,.T.);
#1873 = ORIENTED_EDGE('',*,*,#1874,.T.);
#1874 = EDGE_CURVE('',#1548,#1773,#1875,.T.);
#1875 = B_SPLINE_CURVE_WITH_KNOTS('',5,(#1876,#1877,#1878,#1879,#1880,
    #1881,#1882,#1883,#1884,#1885,#1886,#1887,#1888,#1889),
  .UNSPECIFIED.,.F.,.F.,(6,4,4,6),(-1.717540282554,0.312782817103,
    44.554107286836,44.897123009848),.UNSPECIFIED.);
#1876 = CARTESIAN_POINT('',(-35.61965,-34.26297780201,47.836));
#1877 = CARTESIAN_POINT('',(-35.49572,-34.14175903012,47.4688));
#1878 = CARTESIAN_POINT('',(-35.37179,-34.02054025822,47.1016));
#1879 = CARTESIAN_POINT('',(-35.24786,-33.89932148632,46.7344));
#1880 = CARTESIAN_POINT('',(-35.12393,-33.77810271443,46.3672));
#1881 = CARTESIAN_POINT('',(-32.29952964508,-31.01549202802,
    37.998606355792));
#1882 = CARTESIAN_POINT('',(-29.59905929015,-28.3741001135,
    29.997212711584));
#1883 = CARTESIAN_POINT('',(-26.89858893523,-25.73270819898,
    21.995819067375));
#1884 = CARTESIAN_POINT('',(-24.19811858031,-23.09131628447,
    13.994425423167));
#1885 = CARTESIAN_POINT('',(-21.47671070143,-20.42944489814,
    5.930994670918));
#1886 = CARTESIAN_POINT('',(-21.45577317747,-20.40896542633,
    5.868957562878));
#1887 = CARTESIAN_POINT('',(-21.4348356535,-20.38848595452,
    5.806920454838));
#1888 = CARTESIAN_POINT('',(-21.41389812954,-20.36800648271,
    5.744883346798));
#1889 = CARTESIAN_POINT('',(-21.39296060558,-20.3475270109,
    5.682846238757));
#1890 = ORIENTED_EDGE('',*,*,#1782,.F.);
#1891 = ORIENTED_EDGE('',*,*,#1275,.T.);
#1892 = ORIENTED_EDGE('',*,*,#1893,.F.);
#1893 = EDGE_CURVE('',#1539,#1251,#1894,.T.);
#1894 = B_SPLINE_CURVE_WITH_KNOTS('',1,(#1895,#1896),.UNSPECIFIED.,.F.,
  .F.,(2,2),(0.,1.),.PIECEWISE_BEZIER_KNOTS.);
#1895 = CARTESIAN_POINT('',(-35.,45.295340752032,46.));
#1896 = CARTESIAN_POINT('',(-21.5,45.,6.));
#1897 = B_SPLINE_SURFACE_WITH_KNOTS('',1,1,(
    (#1898,#1899)
    ,(#1900,#1901
    )),.UNSPECIFIED.,.F.,.F.,.F.,(2,2),(2,2),(0.,80.),(0.,1.),
  .PIECEWISE_BEZIER_KNOTS.);
#1898 = CARTESIAN_POINT('',(-35.,45.295340752032,46.));
#1899 = CARTESIAN_POINT('',(-21.5,45.,6.));
#1900 = CARTESIAN_POINT('',(-35.,-34.70465924796,46.));
#1901 = CARTESIAN_POINT('',(-21.5,-21.5,6.));
#1902 = ADVANCED_FACE('',(#1903),#1909,.F.);
#1903 = FACE_BOUND('',#1904,.F.);
#1904 = EDGE_LOOP('',(#1905,#1906,#1907,#1908));
#1905 = ORIENTED_EDGE('',*,*,#1538,.T.);
#1906 = ORIENTED_EDGE('',*,*,#1893,.T.);
#1907 = ORIENTED_EDGE('',*,*,#1290,.T.);
#1908 = ORIENTED_EDGE('',*,*,#1595,.F.);
#1909 = B_SPLINE_SURFACE_WITH_KNOTS('',11,1,(
    (#1910,#1911)
    ,(#1912,#1913)
    ,(#1914,#1915)
    ,(#1916,#1917)
    ,(#1918,#1919)
    ,(#1920,#1921)
    ,(#1922,#1923)
    ,(#1924,#1925)
    ,(#1926,#1927)
    ,(#1928,#1929)
    ,(#1930,#1931)
    ,(#1932,#1933
    )),.UNSPECIFIED.,.F.,.F.,.F.,(12,12),(2,2),(0.,3.14159265359),(0.,1.
    ),.PIECEWISE_BEZIER_KNOTS.);
#1910 = CARTESIAN_POINT('',(35.,45.29534075301,46.));
#1911 = CARTESIAN_POINT('',(21.5,45.,6.));
#1912 = CARTESIAN_POINT('',(34.999999999719,55.291317377974,
    45.999999999998));
#1913 = CARTESIAN_POINT('',(21.499999999999,51.140385641105,6.));
#1914 = CARTESIAN_POINT('',(31.859671261901,65.287293221445,
    46.000000000008));
#1915 = CARTESIAN_POINT('',(19.570940918334,57.280770802196,
    6.000000000001));
#1916 = CARTESIAN_POINT('',(25.579014525169,74.187094373156,
    45.999999999983));
#1917 = CARTESIAN_POINT('',(15.71282320871,62.74779150984,5.999999999997
    ));
#1918 = CARTESIAN_POINT('',(16.588494896083,80.894502757096,
    46.000000000024));
#1919 = CARTESIAN_POINT('',(10.190075436581,66.868056660092,
    6.000000000004));
#1920 = CARTESIAN_POINT('',(5.749069212957,84.506648222757,
    45.999999999974));
#1921 = CARTESIAN_POINT('',(3.531571088336,69.08694601776,5.999999999995
    ));
#1922 = CARTESIAN_POINT('',(-5.749069214056,84.506648222758,
    46.000000000022));
#1923 = CARTESIAN_POINT('',(-3.531571088337,69.086946017805,
    6.000000000004));
#1924 = CARTESIAN_POINT('',(-16.58849489707,80.894502756504,
    45.999999999985));
#1925 = CARTESIAN_POINT('',(-10.19007543657,66.868056660054,
    5.999999999997));
#1926 = CARTESIAN_POINT('',(-25.57901452598,74.187094372519,
    46.000000000008));
#1927 = CARTESIAN_POINT('',(-15.71282320871,62.747791509866,
    6.000000000002));
#1928 = CARTESIAN_POINT('',(-31.85967126245,65.287293220521,
    45.999999999997));
#1929 = CARTESIAN_POINT('',(-19.57094091833,57.280770802184,
    5.999999999999));
#1930 = CARTESIAN_POINT('',(-35.,55.291317377004,46.000000000001));
#1931 = CARTESIAN_POINT('',(-21.5,51.140385641109,6.));
#1932 = CARTESIAN_POINT('',(-35.,45.295340752032,46.));
#1933 = CARTESIAN_POINT('',(-21.5,45.,6.));
#1934 = ADVANCED_FACE('',(#1935),#1941,.F.);
#1935 = FACE_BOUND('',#1936,.F.);
#1936 = EDGE_LOOP('',(#1937,#1938,#1939,#1940));
#1937 = ORIENTED_EDGE('',*,*,#1555,.T.);
#1938 = ORIENTED_EDGE('',*,*,#1747,.T.);
#1939 = ORIENTED_EDGE('',*,*,#1772,.F.);
#1940 = ORIENTED_EDGE('',*,*,#1874,.F.);
#1941 = B_SPLINE_SURFACE_WITH_KNOTS('',1,5,(
    (#1942,#1943,#1944,#1945,#1946,#1947,#1948,#1949,#1950,#1951,#1952
      ,#1953,#1954,#1955)
    ,(#1956,#1957,#1958,#1959,#1960,#1961,#1962,#1963,#1964,#1965,#1966
      ,#1967,#1968,#1969
    )),.UNSPECIFIED.,.F.,.F.,.F.,(2,2),(6,4,4,6),(0.,44.241324469733),(
    -1.717540282554,0.312782817103,44.554107286836,44.897123009848),
  .UNSPECIFIED.);
#1942 = CARTESIAN_POINT('',(-35.61965,-34.26297780201,47.836));
#1943 = CARTESIAN_POINT('',(-35.49572,-34.14175903012,47.4688));
#1944 = CARTESIAN_POINT('',(-35.37179,-34.02054025822,47.1016));
#1945 = CARTESIAN_POINT('',(-35.24786,-33.89932148632,46.7344));
#1946 = CARTESIAN_POINT('',(-35.12393,-33.77810271443,46.3672));
#1947 = CARTESIAN_POINT('',(-32.29952964508,-31.01549202802,
    37.998606355792));
#1948 = CARTESIAN_POINT('',(-29.59905929015,-28.3741001135,
    29.997212711584));
#1949 = CARTESIAN_POINT('',(-26.89858893523,-25.73270819898,
    21.995819067375));
#1950 = CARTESIAN_POINT('',(-24.19811858031,-23.09131628447,
    13.994425423167));
#1951 = CARTESIAN_POINT('',(-21.47671070143,-20.42944489814,
    5.930994670918));
#1952 = CARTESIAN_POINT('',(-21.45577317747,-20.40896542633,
    5.868957562878));
#1953 = CARTESIAN_POINT('',(-21.4348356535,-20.38848595452,
    5.806920454838));
#1954 = CARTESIAN_POINT('',(-21.41389812954,-20.36800648271,
    5.744883346798));
#1955 = CARTESIAN_POINT('',(-21.39296060558,-20.3475270109,
    5.682846238757));
#1956 = CARTESIAN_POINT('',(-34.57190039103,-35.31305343206,
    47.842968221041));
#1957 = CARTESIAN_POINT('',(-34.44797039103,-35.19183466016,
    47.475768221041));
#1958 = CARTESIAN_POINT('',(-34.32404039103,-35.07061588826,
    47.108568221041));
#1959 = CARTESIAN_POINT('',(-34.20011039103,-34.94939711637,
    46.741368221041));
#1960 = CARTESIAN_POINT('',(-34.07618039103,-34.82817834447,
    46.374168221041));
#1961 = CARTESIAN_POINT('',(-31.25178003611,-32.06556765806,
    38.005574576833));
#1962 = CARTESIAN_POINT('',(-28.55130968119,-29.42417574354,
    30.004180932625));
#1963 = CARTESIAN_POINT('',(-25.85083932627,-26.78278382903,
    22.002787288416));
#1964 = CARTESIAN_POINT('',(-23.15036897135,-24.14139191451,
    14.001393644208));
#1965 = CARTESIAN_POINT('',(-20.42896109247,-21.47952052819,
    5.93796289196));
#1966 = CARTESIAN_POINT('',(-20.40802356851,-21.45904105638,
    5.87592578392));
#1967 = CARTESIAN_POINT('',(-20.38708604454,-21.43856158457,
    5.813888675879));
#1968 = CARTESIAN_POINT('',(-20.36614852058,-21.41808211276,
    5.751851567839));
#1969 = CARTESIAN_POINT('',(-20.34521099662,-21.39760264095,
    5.689814459799));
#1970 = ADVANCED_FACE('',(#1971),#1977,.T.);
#1971 = FACE_BOUND('',#1972,.T.);
#1972 = EDGE_LOOP('',(#1973,#1974,#1975,#1976));
#1973 = ORIENTED_EDGE('',*,*,#1520,.T.);
#1974 = ORIENTED_EDGE('',*,*,#1729,.T.);
#1975 = ORIENTED_EDGE('',*,*,#1634,.F.);
#1976 = ORIENTED_EDGE('',*,*,#1609,.F.);
#1977 = B_SPLINE_SURFACE_WITH_KNOTS('',1,5,(
    (#1978,#1979,#1980,#1981,#1982,#1983,#1984,#1985,#1986,#1987,#1988
      ,#1989,#1990,#1991)
    ,(#1992,#1993,#1994,#1995,#1996,#1997,#1998,#1999,#2000,#2001,#2002
      ,#2003,#2004,#2005
    )),.UNSPECIFIED.,.F.,.F.,.F.,(2,2),(6,4,4,6),(0.,44.241324469733),(
    -1.717540282554,0.312782817103,44.554107286836,44.897123009848),
  .UNSPECIFIED.);
#1978 = CARTESIAN_POINT('',(35.61965,-34.26297780201,47.836));
#1979 = CARTESIAN_POINT('',(35.49572,-34.14175903012,47.4688));
#1980 = CARTESIAN_POINT('',(35.37179,-34.02054025822,47.1016));
#1981 = CARTESIAN_POINT('',(35.24786,-33.89932148632,46.7344));
#1982 = CARTESIAN_POINT('',(35.12393,-33.77810271443,46.3672));
#1983 = CARTESIAN_POINT('',(32.29952964508,-31.01549202802,
    37.998606355792));
#1984 = CARTESIAN_POINT('',(29.599059290159,-28.3741001135,
    29.997212711584));
#1985 = CARTESIAN_POINT('',(26.898588935239,-25.73270819898,
    21.995819067375));
#1986 = CARTESIAN_POINT('',(24.198118580319,-23.09131628447,
    13.994425423167));
#1987 = CARTESIAN_POINT('',(21.476710701435,-20.42944489814,
    5.930994670918));
#1988 = CARTESIAN_POINT('',(21.455773177471,-20.40896542633,
    5.868957562878));
#1989 = CARTESIAN_POINT('',(21.434835653508,-20.38848595452,
    5.806920454838));
#1990 = CARTESIAN_POINT('',(21.413898129544,-20.36800648271,
    5.744883346798));
#1991 = CARTESIAN_POINT('',(21.392960605581,-20.3475270109,
    5.682846238757));
#1992 = CARTESIAN_POINT('',(34.57190039104,-35.31305343206,
    47.842968221041));
#1993 = CARTESIAN_POINT('',(34.44797039104,-35.19183466016,
    47.475768221041));
#1994 = CARTESIAN_POINT('',(34.32404039104,-35.07061588826,
    47.108568221041));
#1995 = CARTESIAN_POINT('',(34.200110391039,-34.94939711637,
    46.741368221041));
#1996 = CARTESIAN_POINT('',(34.07618039104,-34.82817834447,
    46.374168221041));
#1997 = CARTESIAN_POINT('',(31.251780036119,-32.06556765806,
    38.005574576833));
#1998 = CARTESIAN_POINT('',(28.551309681199,-29.42417574354,
    30.004180932625));
#1999 = CARTESIAN_POINT('',(25.850839326279,-26.78278382903,
    22.002787288416));
#2000 = CARTESIAN_POINT('',(23.150368971358,-24.14139191451,
    14.001393644208));
#2001 = CARTESIAN_POINT('',(20.428961092474,-21.47952052819,
    5.93796289196));
#2002 = CARTESIAN_POINT('',(20.408023568511,-21.45904105638,
    5.875925783919));
#2003 = CARTESIAN_POINT('',(20.387086044547,-21.43856158457,
    5.813888675879));
#2004 = CARTESIAN_POINT('',(20.366148520584,-21.41808211276,
    5.751851567839));
#2005 = CARTESIAN_POINT('',(20.34521099662,-21.39760264095,
    5.689814459799));
#2006 = ( GEOMETRIC_REPRESENTATION_CONTEXT(3) 
GLOBAL_UNCERTAINTY_ASSIGNED_CONTEXT((#2010)) 
GLOBAL_UNIT_ASSIGNED_CONTEXT((#2007,#2008,#2009)) REPRESENTATION_CONTEXT
('Context #1','3D Context with UNIT and UNCERTAINTY') );
#2007 = ( LENGTH_UNIT() NAMED_UNIT(*) SI_UNIT(.MILLI.,.METRE.) );
#2008 = ( NAMED_UNIT(*) PLANE_ANGLE_UNIT() SI_UNIT($,.RADIAN.) );
#2009 = ( NAMED_UNIT(*) SI_UNIT($,.STERADIAN.) SOLID_ANGLE_UNIT() );
#2010 = UNCERTAINTY_MEASURE_WITH_UNIT(LENGTH_MEASURE(5.E-03),#2007,
  'distance_accuracy_value','confusion accuracy');
#2011 = PRODUCT_RELATED_PRODUCT_CATEGORY('part',$,(#7));
#2012 = MECHANICAL_DESIGN_GEOMETRIC_PRESENTATION_REPRESENTATION('',(
    #2013),#2006);
#2013 = STYLED_ITEM('color',(#2014),#15);
#2014 = PRESENTATION_STYLE_ASSIGNMENT((#2015,#2021));
#2015 = SURFACE_STYLE_USAGE(.BOTH.,#2016);
#2016 = SURFACE_SIDE_STYLE('',(#2017));
#2017 = SURFACE_STYLE_FILL_AREA(#2018);
#2018 = FILL_AREA_STYLE('',(#2019));
#2019 = FILL_AREA_STYLE_COLOUR('',#2020);
#2020 = COLOUR_RGB('',0.678431390124,0.709803936702,0.741176476869);
#2021 = CURVE_STYLE('',#2022,POSITIVE_LENGTH_MEASURE(0.1),#2023);
#2022 = DRAUGHTING_PRE_DEFINED_CURVE_FONT('continuous');
#2023 = COLOUR_RGB('',9.803921802644E-02,9.803921802644E-02,
  9.803921802644E-02);
ENDSEC;
END-ISO-10303-21;
