ISO-10303-21;
HEADER;
FILE_DESCRIPTION(('FreeCAD Model'),'2;1');
FILE_NAME('Open CASCADE Shape Model','2026-05-01T22:36:16',(''),(''),
  'Open CASCADE STEP processor 7.8','FreeCAD','Unknown');
FILE_SCHEMA(('AUTOMOTIVE_DESIGN { 1 0 10303 214 1 1 1 1 }'));
ENDSEC;
DATA;
#1 = APPLICATION_PROTOCOL_DEFINITION('international standard',
  'automotive_design',2000,#2);
#2 = APPLICATION_CONTEXT(
  'core data for automotive mechanical design processes');
#3 = SHAPE_DEFINITION_REPRESENTATION(#4,#10);
#4 = PRODUCT_DEFINITION_SHAPE('','',#5);
#5 = PRODUCT_DEFINITION('design','',#6,#9);
#6 = PRODUCT_DEFINITION_FORMATION('','',#7);
#7 = PRODUCT('Body','Body','',(#8));
#8 = PRODUCT_CONTEXT('',#2,'mechanical');
#9 = PRODUCT_DEFINITION_CONTEXT('part definition',#2,'design');
#10 = ADVANCED_BREP_SHAPE_REPRESENTATION('',(#11,#15),#4882);
#11 = AXIS2_PLACEMENT_3D('',#12,#13,#14);
#12 = CARTESIAN_POINT('',(0.,0.,0.));
#13 = DIRECTION('',(0.,0.,1.));
#14 = DIRECTION('',(1.,0.,-0.));
#15 = BREP_WITH_VOIDS('',#16,(#4829));
#16 = CLOSED_SHELL('',(#17,#57,#88,#234,#265,#289,#329,#353,#377,#402,
    #433,#457,#488,#512,#536,#567,#591,#622,#653,#678,#703,#728,#768,
    #801,#825,#880,#1026,#1042,#1082,#1099,#1115,#1146,#1195,#1234,#1250
    ,#1274,#1298,#1407,#1423,#1439,#1471,#1572,#1588,#1619,#1692,#1709,
    #1756,#1773,#1797,#1932,#1963,#2010,#2036,#2076,#2125,#2151,#2176,
    #2202,#2227,#2244,#2274,#2291,#2308,#2320,#2351,#2376,#2393,#2417,
    #2434,#2463,#2488,#2513,#2538,#2563,#2587,#2693,#2710,#2727,#2744,
    #2756,#2780,#2811,#2828,#2857,#2882,#2907,#2919,#2941,#2953,#2972,
    #3003,#3020,#3037,#3051,#3091,#3123,#3147,#3171,#3196,#3221,#3245,
    #3269,#3294,#3319,#3343,#3367,#3385,#3409,#3442,#3480,#3511,#3528,
    #3545,#3576,#3601,#3626,#3646,#3666,#3686,#3706,#3731,#3829,#3840,
    #3851,#3868,#3885,#3902,#3919,#3943,#3975,#4007,#4024,#4041,#4065,
    #4089,#4105,#4123,#4141,#4159,#4176,#4188,#4276,#4293,#4324,#4336,
    #4348,#4365,#4394,#4416,#4433,#4450,#4467,#4491,#4513,#4530,#4562,
    #4586,#4610,#4634,#4659,#4683,#4707,#4724,#4735,#4747,#4758,#4769,
    #4796,#4820));
#17 = ADVANCED_FACE('',(#18),#52,.T.);
#18 = FACE_BOUND('',#19,.F.);
#19 = EDGE_LOOP('',(#20,#30,#38,#46));
#20 = ORIENTED_EDGE('',*,*,#21,.F.);
#21 = EDGE_CURVE('',#22,#24,#26,.T.);
#22 = VERTEX_POINT('',#23);
#23 = CARTESIAN_POINT('',(2.,34.834314575051,5.6));
#24 = VERTEX_POINT('',#25);
#25 = CARTESIAN_POINT('',(2.4,35.,6.));
#26 = LINE('',#27,#28);
#27 = CARTESIAN_POINT('',(2.215801714712,34.923702572068,5.815801714712)
  );
#28 = VECTOR('',#29,1.);
#29 = DIRECTION('',(0.678598344546,0.281084637715,0.678598344546));
#30 = ORIENTED_EDGE('',*,*,#31,.T.);
#31 = EDGE_CURVE('',#22,#32,#34,.T.);
#32 = VERTEX_POINT('',#33);
#33 = CARTESIAN_POINT('',(2.,93.666712491227,5.6));
#34 = LINE('',#35,#36);
#35 = CARTESIAN_POINT('',(2.,35.,5.6));
#36 = VECTOR('',#37,1.);
#37 = DIRECTION('',(0.,1.,-1.2E-16));
#38 = ORIENTED_EDGE('',*,*,#39,.T.);
#39 = EDGE_CURVE('',#32,#40,#42,.T.);
#40 = VERTEX_POINT('',#41);
#41 = CARTESIAN_POINT('',(2.4,93.578034691846,6.));
#42 = LINE('',#43,#44);
#43 = CARTESIAN_POINT('',(5.37353469376,92.918818409284,8.97353469376));
#44 = VECTOR('',#45,1.);
#45 = DIRECTION('',(0.698575401433,-0.154870323252,0.698575401433));
#46 = ORIENTED_EDGE('',*,*,#47,.F.);
#47 = EDGE_CURVE('',#24,#40,#48,.T.);
#48 = LINE('',#49,#50);
#49 = CARTESIAN_POINT('',(2.4,35.,6.));
#50 = VECTOR('',#51,1.);
#51 = DIRECTION('',(0.,1.,-1.2E-16));
#52 = PLANE('',#53);
#53 = AXIS2_PLACEMENT_3D('',#54,#55,#56);
#54 = CARTESIAN_POINT('',(2.2,35.,5.8));
#55 = DIRECTION('',(-0.707106781187,0.,0.707106781187));
#56 = DIRECTION('',(6.E-17,-1.,6.E-17));
#57 = ADVANCED_FACE('',(#58),#83,.F.);
#58 = FACE_BOUND('',#59,.T.);
#59 = EDGE_LOOP('',(#60,#61,#69,#77));
#60 = ORIENTED_EDGE('',*,*,#21,.F.);
#61 = ORIENTED_EDGE('',*,*,#62,.T.);
#62 = EDGE_CURVE('',#22,#63,#65,.T.);
#63 = VERTEX_POINT('',#64);
#64 = CARTESIAN_POINT('',(2.,12.6,27.834314575051));
#65 = LINE('',#66,#67);
#66 = CARTESIAN_POINT('',(2.,34.717157287525,5.717157287525));
#67 = VECTOR('',#68,1.);
#68 = DIRECTION('',(0.,-0.707106781187,0.707106781187));
#69 = ORIENTED_EDGE('',*,*,#70,.T.);
#70 = EDGE_CURVE('',#63,#71,#73,.T.);
#71 = VERTEX_POINT('',#72);
#72 = CARTESIAN_POINT('',(2.4,13.,28.));
#73 = LINE('',#74,#75);
#74 = CARTESIAN_POINT('',(5.37381886183,15.97381886183,29.231796104611)
  );
#75 = VECTOR('',#76,1.);
#76 = DIRECTION('',(0.678598344546,0.678598344546,0.281084637715));
#77 = ORIENTED_EDGE('',*,*,#78,.F.);
#78 = EDGE_CURVE('',#24,#71,#79,.T.);
#79 = LINE('',#80,#81);
#80 = CARTESIAN_POINT('',(2.4,35.,6.));
#81 = VECTOR('',#82,1.);
#82 = DIRECTION('',(0.,-0.707106781187,0.707106781187));
#83 = PLANE('',#84);
#84 = AXIS2_PLACEMENT_3D('',#85,#86,#87);
#85 = CARTESIAN_POINT('',(2.2,34.858578643763,5.858578643763));
#86 = DIRECTION('',(0.707106781187,-0.5,-0.5));
#87 = DIRECTION('',(0.,0.707106781187,-0.707106781187));
#88 = ADVANCED_FACE('',(#89,#196,#207,#218),#229,.T.);
#89 = FACE_BOUND('',#90,.T.);
#90 = EDGE_LOOP('',(#91,#92,#100,#108,#116,#124,#132,#140,#148,#156,#164
    ,#172,#180,#189,#195));
#91 = ORIENTED_EDGE('',*,*,#31,.T.);
#92 = ORIENTED_EDGE('',*,*,#93,.T.);
#93 = EDGE_CURVE('',#32,#94,#96,.T.);
#94 = VERTEX_POINT('',#95);
#95 = CARTESIAN_POINT('',(2.,105.33877422494,11.042767325158));
#96 = LINE('',#97,#98);
#97 = CARTESIAN_POINT('',(2.,93.747081883073,5.637476832274));
#98 = VECTOR('',#99,1.);
#99 = DIRECTION('',(0.,0.906307919316,0.422617978068));
#100 = ORIENTED_EDGE('',*,*,#101,.F.);
#101 = EDGE_CURVE('',#102,#94,#104,.T.);
#102 = VERTEX_POINT('',#103);
#103 = CARTESIAN_POINT('',(2.,105.33877422494,23.6));
#104 = LINE('',#105,#106);
#105 = CARTESIAN_POINT('',(2.,105.33877422494,24.));
#106 = VECTOR('',#107,1.);
#107 = DIRECTION('',(0.,0.,-1.));
#108 = ORIENTED_EDGE('',*,*,#109,.F.);
#109 = EDGE_CURVE('',#110,#102,#112,.T.);
#110 = VERTEX_POINT('',#111);
#111 = CARTESIAN_POINT('',(2.,106.53877422494,23.6));
#112 = LINE('',#113,#114);
#113 = CARTESIAN_POINT('',(2.,106.93877422494,23.6));
#114 = VECTOR('',#115,1.);
#115 = DIRECTION('',(0.,-1.,0.));
#116 = ORIENTED_EDGE('',*,*,#117,.T.);
#117 = EDGE_CURVE('',#110,#118,#120,.T.);
#118 = VERTEX_POINT('',#119);
#119 = CARTESIAN_POINT('',(2.,106.53877422494,18.6));
#120 = LINE('',#121,#122);
#121 = CARTESIAN_POINT('',(2.,106.53877422494,24.));
#122 = VECTOR('',#123,1.);
#123 = DIRECTION('',(-0.,-0.,-1.));
#124 = ORIENTED_EDGE('',*,*,#125,.F.);
#125 = EDGE_CURVE('',#126,#118,#128,.T.);
#126 = VERTEX_POINT('',#127);
#127 = CARTESIAN_POINT('',(2.,123.4,18.6));
#128 = LINE('',#129,#130);
#129 = CARTESIAN_POINT('',(2.,123.,18.6));
#130 = VECTOR('',#131,1.);
#131 = DIRECTION('',(0.,-1.,0.));
#132 = ORIENTED_EDGE('',*,*,#133,.F.);
#133 = EDGE_CURVE('',#134,#126,#136,.T.);
#134 = VERTEX_POINT('',#135);
#135 = CARTESIAN_POINT('',(2.,123.4,23.6));
#136 = LINE('',#137,#138);
#137 = CARTESIAN_POINT('',(2.,123.4,24.));
#138 = VECTOR('',#139,1.);
#139 = DIRECTION('',(-0.,-0.,-1.));
#140 = ORIENTED_EDGE('',*,*,#141,.F.);
#141 = EDGE_CURVE('',#142,#134,#144,.T.);
#142 = VERTEX_POINT('',#143);
#143 = CARTESIAN_POINT('',(2.,124.6,23.6));
#144 = LINE('',#145,#146);
#145 = CARTESIAN_POINT('',(2.,125.,23.6));
#146 = VECTOR('',#147,1.);
#147 = DIRECTION('',(0.,-1.,0.));
#148 = ORIENTED_EDGE('',*,*,#149,.F.);
#149 = EDGE_CURVE('',#150,#142,#152,.T.);
#150 = VERTEX_POINT('',#151);
#151 = CARTESIAN_POINT('',(2.,124.6,0.4));
#152 = LINE('',#153,#154);
#153 = CARTESIAN_POINT('',(2.,124.6,-7.11E-15));
#154 = VECTOR('',#155,1.);
#155 = DIRECTION('',(0.,0.,1.));
#156 = ORIENTED_EDGE('',*,*,#157,.F.);
#157 = EDGE_CURVE('',#158,#150,#160,.T.);
#158 = VERTEX_POINT('',#159);
#159 = CARTESIAN_POINT('',(2.,0.4,0.4));
#160 = LINE('',#161,#162);
#161 = CARTESIAN_POINT('',(2.,0.,0.4));
#162 = VECTOR('',#163,1.);
#163 = DIRECTION('',(0.,1.,0.));
#164 = ORIENTED_EDGE('',*,*,#165,.T.);
#165 = EDGE_CURVE('',#158,#166,#168,.T.);
#166 = VERTEX_POINT('',#167);
#167 = CARTESIAN_POINT('',(2.,0.4,34.6));
#168 = LINE('',#169,#170);
#169 = CARTESIAN_POINT('',(2.,0.4,0.));
#170 = VECTOR('',#171,1.);
#171 = DIRECTION('',(0.,0.,1.));
#172 = ORIENTED_EDGE('',*,*,#173,.T.);
#173 = EDGE_CURVE('',#166,#174,#176,.T.);
#174 = VERTEX_POINT('',#175);
#175 = CARTESIAN_POINT('',(2.,8.,34.6));
#176 = LINE('',#177,#178);
#177 = CARTESIAN_POINT('',(2.,0.,34.6));
#178 = VECTOR('',#179,1.);
#179 = DIRECTION('',(0.,1.,0.));
#180 = ORIENTED_EDGE('',*,*,#181,.T.);
#181 = EDGE_CURVE('',#174,#182,#184,.T.);
#182 = VERTEX_POINT('',#183);
#183 = CARTESIAN_POINT('',(2.,12.6,30.));
#184 = CIRCLE('',#185,4.6);
#185 = AXIS2_PLACEMENT_3D('',#186,#187,#188);
#186 = CARTESIAN_POINT('',(2.,8.,30.));
#187 = DIRECTION('',(-1.,0.,0.));
#188 = DIRECTION('',(0.,-3.6E-16,1.));
#189 = ORIENTED_EDGE('',*,*,#190,.T.);
#190 = EDGE_CURVE('',#182,#63,#191,.T.);
#191 = LINE('',#192,#193);
#192 = CARTESIAN_POINT('',(2.,12.6,30.));
#193 = VECTOR('',#194,1.);
#194 = DIRECTION('',(0.,0.,-1.));
#195 = ORIENTED_EDGE('',*,*,#62,.F.);
#196 = FACE_BOUND('',#197,.T.);
#197 = EDGE_LOOP('',(#198));
#198 = ORIENTED_EDGE('',*,*,#199,.F.);
#199 = EDGE_CURVE('',#200,#200,#202,.T.);
#200 = VERTEX_POINT('',#201);
#201 = CARTESIAN_POINT('',(2.,115.,17.));
#202 = CIRCLE('',#203,2.);
#203 = AXIS2_PLACEMENT_3D('',#204,#205,#206);
#204 = CARTESIAN_POINT('',(2.,115.,15.));
#205 = DIRECTION('',(-1.,0.,0.));
#206 = DIRECTION('',(0.,0.,1.));
#207 = FACE_BOUND('',#208,.T.);
#208 = EDGE_LOOP('',(#209));
#209 = ORIENTED_EDGE('',*,*,#210,.T.);
#210 = EDGE_CURVE('',#211,#211,#213,.T.);
#211 = VERTEX_POINT('',#212);
#212 = CARTESIAN_POINT('',(2.,9.9,30.));
#213 = CIRCLE('',#214,1.9);
#214 = AXIS2_PLACEMENT_3D('',#215,#216,#217);
#215 = CARTESIAN_POINT('',(2.,8.,30.));
#216 = DIRECTION('',(1.,0.,0.));
#217 = DIRECTION('',(0.,1.,0.));
#218 = FACE_BOUND('',#219,.T.);
#219 = EDGE_LOOP('',(#220));
#220 = ORIENTED_EDGE('',*,*,#221,.F.);
#221 = EDGE_CURVE('',#222,#222,#224,.T.);
#222 = VERTEX_POINT('',#223);
#223 = CARTESIAN_POINT('',(2.,10.,17.));
#224 = CIRCLE('',#225,2.);
#225 = AXIS2_PLACEMENT_3D('',#226,#227,#228);
#226 = CARTESIAN_POINT('',(2.,10.,15.));
#227 = DIRECTION('',(-1.,0.,0.));
#228 = DIRECTION('',(0.,0.,1.));
#229 = PLANE('',#230);
#230 = AXIS2_PLACEMENT_3D('',#231,#232,#233);
#231 = CARTESIAN_POINT('',(2.,60.438808963021,9.472891479988));
#232 = DIRECTION('',(-1.,-0.,-0.));
#233 = DIRECTION('',(0.,0.,-1.));
#234 = ADVANCED_FACE('',(#235),#260,.T.);
#235 = FACE_BOUND('',#236,.T.);
#236 = EDGE_LOOP('',(#237,#245,#246,#254));
#237 = ORIENTED_EDGE('',*,*,#238,.T.);
#238 = EDGE_CURVE('',#239,#40,#241,.T.);
#239 = VERTEX_POINT('',#240);
#240 = CARTESIAN_POINT('',(3.,93.578034691846,6.));
#241 = LINE('',#242,#243);
#242 = CARTESIAN_POINT('',(11.25,93.578034691846,6.));
#243 = VECTOR('',#244,1.);
#244 = DIRECTION('',(-1.,0.,0.));
#245 = ORIENTED_EDGE('',*,*,#47,.F.);
#246 = ORIENTED_EDGE('',*,*,#247,.T.);
#247 = EDGE_CURVE('',#24,#248,#250,.T.);
#248 = VERTEX_POINT('',#249);
#249 = CARTESIAN_POINT('',(3.,35.,6.));
#250 = LINE('',#251,#252);
#251 = CARTESIAN_POINT('',(1.5,35.,6.));
#252 = VECTOR('',#253,1.);
#253 = DIRECTION('',(1.,0.,0.));
#254 = ORIENTED_EDGE('',*,*,#255,.T.);
#255 = EDGE_CURVE('',#248,#239,#256,.T.);
#256 = LINE('',#257,#258);
#257 = CARTESIAN_POINT('',(3.,1.E-15,6.));
#258 = VECTOR('',#259,1.);
#259 = DIRECTION('',(0.,1.,0.));
#260 = PLANE('',#261);
#261 = AXIS2_PLACEMENT_3D('',#262,#263,#264);
#262 = CARTESIAN_POINT('',(1.5,64.289017345923,6.));
#263 = DIRECTION('',(0.,0.,1.));
#264 = DIRECTION('',(1.,0.,0.));
#265 = ADVANCED_FACE('',(#266),#284,.T.);
#266 = FACE_BOUND('',#267,.T.);
#267 = EDGE_LOOP('',(#268,#269,#277,#283));
#268 = ORIENTED_EDGE('',*,*,#39,.T.);
#269 = ORIENTED_EDGE('',*,*,#270,.T.);
#270 = EDGE_CURVE('',#40,#271,#273,.T.);
#271 = VERTEX_POINT('',#272);
#272 = CARTESIAN_POINT('',(2.4,104.93877422494,11.297595517488));
#273 = LINE('',#274,#275);
#274 = CARTESIAN_POINT('',(2.4,93.578034691846,6.));
#275 = VECTOR('',#276,1.);
#276 = DIRECTION('',(0.,0.906307919316,0.422617978068));
#277 = ORIENTED_EDGE('',*,*,#278,.T.);
#278 = EDGE_CURVE('',#271,#94,#279,.T.);
#279 = LINE('',#280,#281);
#280 = CARTESIAN_POINT('',(5.575191485987,101.76358273895,
    13.320416284172));
#281 = VECTOR('',#282,1.);
#282 = DIRECTION('',(-0.644710781132,0.644710781132,-0.410726207327));
#283 = ORIENTED_EDGE('',*,*,#93,.F.);
#284 = PLANE('',#285);
#285 = AXIS2_PLACEMENT_3D('',#286,#287,#288);
#286 = CARTESIAN_POINT('',(2.2,93.66255828746,5.818738416137));
#287 = DIRECTION('',(-0.707106781187,-0.298836038143,0.640856475591));
#288 = DIRECTION('',(-1.144894734879E-16,0.906307919316,0.422617978068)
  );
#289 = ADVANCED_FACE('',(#290),#324,.F.);
#290 = FACE_BOUND('',#291,.F.);
#291 = EDGE_LOOP('',(#292,#300,#301,#302,#310,#318));
#292 = ORIENTED_EDGE('',*,*,#293,.F.);
#293 = EDGE_CURVE('',#71,#294,#296,.T.);
#294 = VERTEX_POINT('',#295);
#295 = CARTESIAN_POINT('',(6.5,13.,28.));
#296 = LINE('',#297,#298);
#297 = CARTESIAN_POINT('',(0.,13.,28.));
#298 = VECTOR('',#299,1.);
#299 = DIRECTION('',(1.,0.,0.));
#300 = ORIENTED_EDGE('',*,*,#78,.F.);
#301 = ORIENTED_EDGE('',*,*,#247,.T.);
#302 = ORIENTED_EDGE('',*,*,#303,.T.);
#303 = EDGE_CURVE('',#248,#304,#306,.T.);
#304 = VERTEX_POINT('',#305);
#305 = CARTESIAN_POINT('',(3.,39.,2.));
#306 = LINE('',#307,#308);
#307 = CARTESIAN_POINT('',(3.,23.25,17.75));
#308 = VECTOR('',#309,1.);
#309 = DIRECTION('',(0.,0.707106781187,-0.707106781187));
#310 = ORIENTED_EDGE('',*,*,#311,.T.);
#311 = EDGE_CURVE('',#304,#312,#314,.T.);
#312 = VERTEX_POINT('',#313);
#313 = CARTESIAN_POINT('',(6.5,39.,2.));
#314 = LINE('',#315,#316);
#315 = CARTESIAN_POINT('',(0.,39.,2.));
#316 = VECTOR('',#317,1.);
#317 = DIRECTION('',(1.,0.,0.));
#318 = ORIENTED_EDGE('',*,*,#319,.T.);
#319 = EDGE_CURVE('',#312,#294,#320,.T.);
#320 = LINE('',#321,#322);
#321 = CARTESIAN_POINT('',(6.5,17.75,23.25));
#322 = VECTOR('',#323,1.);
#323 = DIRECTION('',(0.,-0.707106781187,0.707106781187));
#324 = PLANE('',#325);
#325 = AXIS2_PLACEMENT_3D('',#326,#327,#328);
#326 = CARTESIAN_POINT('',(0.,26.,15.));
#327 = DIRECTION('',(2.E-17,-0.707106781187,-0.707106781187));
#328 = DIRECTION('',(1.,1.414213562373E-17,1.414213562373E-17));
#329 = ADVANCED_FACE('',(#330),#348,.T.);
#330 = FACE_BOUND('',#331,.F.);
#331 = EDGE_LOOP('',(#332,#340,#341,#342));
#332 = ORIENTED_EDGE('',*,*,#333,.F.);
#333 = EDGE_CURVE('',#182,#334,#336,.T.);
#334 = VERTEX_POINT('',#335);
#335 = CARTESIAN_POINT('',(2.4,13.,30.));
#336 = LINE('',#337,#338);
#337 = CARTESIAN_POINT('',(2.4,13.,30.));
#338 = VECTOR('',#339,1.);
#339 = DIRECTION('',(0.707106781187,0.707106781187,-2.E-17));
#340 = ORIENTED_EDGE('',*,*,#190,.T.);
#341 = ORIENTED_EDGE('',*,*,#70,.T.);
#342 = ORIENTED_EDGE('',*,*,#343,.F.);
#343 = EDGE_CURVE('',#334,#71,#344,.T.);
#344 = LINE('',#345,#346);
#345 = CARTESIAN_POINT('',(2.4,13.,30.));
#346 = VECTOR('',#347,1.);
#347 = DIRECTION('',(0.,0.,-1.));
#348 = PLANE('',#349);
#349 = AXIS2_PLACEMENT_3D('',#350,#351,#352);
#350 = CARTESIAN_POINT('',(2.2,12.8,30.));
#351 = DIRECTION('',(-0.707106781187,0.707106781187,0.));
#352 = DIRECTION('',(0.,0.,1.));
#353 = ADVANCED_FACE('',(#354),#372,.F.);
#354 = FACE_BOUND('',#355,.F.);
#355 = EDGE_LOOP('',(#356,#364,#370,#371));
#356 = ORIENTED_EDGE('',*,*,#357,.F.);
#357 = EDGE_CURVE('',#358,#102,#360,.T.);
#358 = VERTEX_POINT('',#359);
#359 = CARTESIAN_POINT('',(2.4,104.93877422494,23.6));
#360 = LINE('',#361,#362);
#361 = CARTESIAN_POINT('',(2.3,105.03877422494,23.6));
#362 = VECTOR('',#363,1.);
#363 = DIRECTION('',(-0.707106781187,0.707106781187,-2.094E-14));
#364 = ORIENTED_EDGE('',*,*,#365,.T.);
#365 = EDGE_CURVE('',#358,#271,#366,.T.);
#366 = LINE('',#367,#368);
#367 = CARTESIAN_POINT('',(2.4,104.93877422494,24.));
#368 = VECTOR('',#369,1.);
#369 = DIRECTION('',(0.,0.,-1.));
#370 = ORIENTED_EDGE('',*,*,#278,.T.);
#371 = ORIENTED_EDGE('',*,*,#101,.F.);
#372 = PLANE('',#373);
#373 = AXIS2_PLACEMENT_3D('',#374,#375,#376);
#374 = CARTESIAN_POINT('',(2.2,105.13877422494,24.));
#375 = DIRECTION('',(0.707106781187,0.707106781187,0.));
#376 = DIRECTION('',(0.,0.,-1.));
#377 = ADVANCED_FACE('',(#378),#397,.T.);
#378 = FACE_BOUND('',#379,.F.);
#379 = EDGE_LOOP('',(#380,#388,#389,#390));
#380 = ORIENTED_EDGE('',*,*,#381,.F.);
#381 = EDGE_CURVE('',#174,#382,#384,.T.);
#382 = VERTEX_POINT('',#383);
#383 = CARTESIAN_POINT('',(2.4,8.,35.));
#384 = LINE('',#385,#386);
#385 = CARTESIAN_POINT('',(2.2,8.,34.8));
#386 = VECTOR('',#387,1.);
#387 = DIRECTION('',(0.707106781187,0.,0.707106781187));
#388 = ORIENTED_EDGE('',*,*,#181,.T.);
#389 = ORIENTED_EDGE('',*,*,#333,.T.);
#390 = ORIENTED_EDGE('',*,*,#391,.F.);
#391 = EDGE_CURVE('',#382,#334,#392,.T.);
#392 = CIRCLE('',#393,5.);
#393 = AXIS2_PLACEMENT_3D('',#394,#395,#396);
#394 = CARTESIAN_POINT('',(2.4,8.,30.));
#395 = DIRECTION('',(-1.,0.,0.));
#396 = DIRECTION('',(0.,-3.6E-16,1.));
#397 = CONICAL_SURFACE('',#398,5.,0.785398163397);
#398 = AXIS2_PLACEMENT_3D('',#399,#400,#401);
#399 = CARTESIAN_POINT('',(2.4,8.,30.));
#400 = DIRECTION('',(1.,0.,0.));
#401 = DIRECTION('',(0.,-3.6E-16,1.));
#402 = ADVANCED_FACE('',(#403),#428,.F.);
#403 = FACE_BOUND('',#404,.T.);
#404 = EDGE_LOOP('',(#405,#413,#414,#422));
#405 = ORIENTED_EDGE('',*,*,#406,.T.);
#406 = EDGE_CURVE('',#407,#110,#409,.T.);
#407 = VERTEX_POINT('',#408);
#408 = CARTESIAN_POINT('',(2.4,106.53877422494,24.));
#409 = LINE('',#410,#411);
#410 = CARTESIAN_POINT('',(2.3,106.53877422494,23.9));
#411 = VECTOR('',#412,1.);
#412 = DIRECTION('',(-0.707106781187,-1.837E-14,-0.707106781187));
#413 = ORIENTED_EDGE('',*,*,#109,.T.);
#414 = ORIENTED_EDGE('',*,*,#415,.T.);
#415 = EDGE_CURVE('',#102,#416,#418,.T.);
#416 = VERTEX_POINT('',#417);
#417 = CARTESIAN_POINT('',(2.4,105.33877422494,24.));
#418 = LINE('',#419,#420);
#419 = CARTESIAN_POINT('',(2.2,105.33877422494,23.8));
#420 = VECTOR('',#421,1.);
#421 = DIRECTION('',(0.707106781187,3.7E-16,0.707106781187));
#422 = ORIENTED_EDGE('',*,*,#423,.F.);
#423 = EDGE_CURVE('',#407,#416,#424,.T.);
#424 = LINE('',#425,#426);
#425 = CARTESIAN_POINT('',(2.4,106.93877422494,24.));
#426 = VECTOR('',#427,1.);
#427 = DIRECTION('',(0.,-1.,0.));
#428 = PLANE('',#429);
#429 = AXIS2_PLACEMENT_3D('',#430,#431,#432);
#430 = CARTESIAN_POINT('',(2.2,106.93877422494,23.8));
#431 = DIRECTION('',(0.707106781187,0.,-0.707106781187));
#432 = DIRECTION('',(0.,1.,0.));
#433 = ADVANCED_FACE('',(#434),#452,.F.);
#434 = FACE_BOUND('',#435,.F.);
#435 = EDGE_LOOP('',(#436,#444,#445,#446));
#436 = ORIENTED_EDGE('',*,*,#437,.F.);
#437 = EDGE_CURVE('',#166,#438,#440,.T.);
#438 = VERTEX_POINT('',#439);
#439 = CARTESIAN_POINT('',(2.4,0.,35.));
#440 = LINE('',#441,#442);
#441 = CARTESIAN_POINT('',(-3.566666666667,5.966666666667,
    29.033333333333));
#442 = VECTOR('',#443,1.);
#443 = DIRECTION('',(0.57735026919,-0.57735026919,0.57735026919));
#444 = ORIENTED_EDGE('',*,*,#173,.T.);
#445 = ORIENTED_EDGE('',*,*,#381,.T.);
#446 = ORIENTED_EDGE('',*,*,#447,.F.);
#447 = EDGE_CURVE('',#438,#382,#448,.T.);
#448 = LINE('',#449,#450);
#449 = CARTESIAN_POINT('',(2.4,0.,35.));
#450 = VECTOR('',#451,1.);
#451 = DIRECTION('',(0.,1.,0.));
#452 = PLANE('',#453);
#453 = AXIS2_PLACEMENT_3D('',#454,#455,#456);
#454 = CARTESIAN_POINT('',(2.2,0.,34.8));
#455 = DIRECTION('',(0.707106781187,0.,-0.707106781187));
#456 = DIRECTION('',(0.,1.,0.));
#457 = ADVANCED_FACE('',(#458),#483,.F.);
#458 = FACE_BOUND('',#459,.F.);
#459 = EDGE_LOOP('',(#460,#461,#469,#477));
#460 = ORIENTED_EDGE('',*,*,#117,.T.);
#461 = ORIENTED_EDGE('',*,*,#462,.T.);
#462 = EDGE_CURVE('',#118,#463,#465,.T.);
#463 = VERTEX_POINT('',#464);
#464 = CARTESIAN_POINT('',(2.4,106.93877422494,19.));
#465 = LINE('',#466,#467);
#466 = CARTESIAN_POINT('',(5.77687096251,110.31564518745,22.37687096251)
  );
#467 = VECTOR('',#468,1.);
#468 = DIRECTION('',(0.57735026919,0.57735026919,0.57735026919));
#469 = ORIENTED_EDGE('',*,*,#470,.F.);
#470 = EDGE_CURVE('',#471,#463,#473,.T.);
#471 = VERTEX_POINT('',#472);
#472 = CARTESIAN_POINT('',(2.4,106.93877422494,23.6));
#473 = LINE('',#474,#475);
#474 = CARTESIAN_POINT('',(2.4,106.93877422494,24.));
#475 = VECTOR('',#476,1.);
#476 = DIRECTION('',(-0.,-0.,-1.));
#477 = ORIENTED_EDGE('',*,*,#478,.F.);
#478 = EDGE_CURVE('',#110,#471,#479,.T.);
#479 = LINE('',#480,#481);
#480 = CARTESIAN_POINT('',(2.2,106.73877422494,23.6));
#481 = VECTOR('',#482,1.);
#482 = DIRECTION('',(0.707106781187,0.707106781187,2.63E-14));
#483 = PLANE('',#484);
#484 = AXIS2_PLACEMENT_3D('',#485,#486,#487);
#485 = CARTESIAN_POINT('',(2.2,106.73877422494,24.));
#486 = DIRECTION('',(0.707106781187,-0.707106781187,0.));
#487 = DIRECTION('',(0.,0.,-1.));
#488 = ADVANCED_FACE('',(#489),#507,.T.);
#489 = FACE_BOUND('',#490,.F.);
#490 = EDGE_LOOP('',(#491,#492,#493,#501));
#491 = ORIENTED_EDGE('',*,*,#165,.T.);
#492 = ORIENTED_EDGE('',*,*,#437,.T.);
#493 = ORIENTED_EDGE('',*,*,#494,.F.);
#494 = EDGE_CURVE('',#495,#438,#497,.T.);
#495 = VERTEX_POINT('',#496);
#496 = CARTESIAN_POINT('',(2.4,0.,0.4));
#497 = LINE('',#498,#499);
#498 = CARTESIAN_POINT('',(2.4,0.,0.));
#499 = VECTOR('',#500,1.);
#500 = DIRECTION('',(0.,0.,1.));
#501 = ORIENTED_EDGE('',*,*,#502,.F.);
#502 = EDGE_CURVE('',#158,#495,#503,.T.);
#503 = LINE('',#504,#505);
#504 = CARTESIAN_POINT('',(2.2,0.2,0.4));
#505 = VECTOR('',#506,1.);
#506 = DIRECTION('',(0.707106781187,-0.707106781187,-5.5E-16));
#507 = PLANE('',#508);
#508 = AXIS2_PLACEMENT_3D('',#509,#510,#511);
#509 = CARTESIAN_POINT('',(2.2,0.2,0.));
#510 = DIRECTION('',(-0.707106781187,-0.707106781187,0.));
#511 = DIRECTION('',(-0.,-0.,-1.));
#512 = ADVANCED_FACE('',(#513),#531,.T.);
#513 = FACE_BOUND('',#514,.T.);
#514 = EDGE_LOOP('',(#515,#523,#524,#525));
#515 = ORIENTED_EDGE('',*,*,#516,.F.);
#516 = EDGE_CURVE('',#126,#517,#519,.T.);
#517 = VERTEX_POINT('',#518);
#518 = CARTESIAN_POINT('',(2.4,123.,19.));
#519 = LINE('',#520,#521);
#520 = CARTESIAN_POINT('',(3.1,122.3,19.7));
#521 = VECTOR('',#522,1.);
#522 = DIRECTION('',(0.57735026919,-0.57735026919,0.57735026919));
#523 = ORIENTED_EDGE('',*,*,#125,.T.);
#524 = ORIENTED_EDGE('',*,*,#462,.T.);
#525 = ORIENTED_EDGE('',*,*,#526,.F.);
#526 = EDGE_CURVE('',#517,#463,#527,.T.);
#527 = LINE('',#528,#529);
#528 = CARTESIAN_POINT('',(2.4,123.,19.));
#529 = VECTOR('',#530,1.);
#530 = DIRECTION('',(0.,-1.,0.));
#531 = PLANE('',#532);
#532 = AXIS2_PLACEMENT_3D('',#533,#534,#535);
#533 = CARTESIAN_POINT('',(2.2,123.,18.8));
#534 = DIRECTION('',(-0.707106781187,0.,0.707106781187));
#535 = DIRECTION('',(0.,-1.,0.));
#536 = ADVANCED_FACE('',(#537),#562,.T.);
#537 = FACE_BOUND('',#538,.T.);
#538 = EDGE_LOOP('',(#539,#547,#548,#556));
#539 = ORIENTED_EDGE('',*,*,#540,.T.);
#540 = EDGE_CURVE('',#541,#158,#543,.T.);
#541 = VERTEX_POINT('',#542);
#542 = CARTESIAN_POINT('',(2.4,0.4,0.));
#543 = LINE('',#544,#545);
#544 = CARTESIAN_POINT('',(2.3,0.4,1.E-01));
#545 = VECTOR('',#546,1.);
#546 = DIRECTION('',(-0.707106781187,6.3E-16,0.707106781187));
#547 = ORIENTED_EDGE('',*,*,#157,.T.);
#548 = ORIENTED_EDGE('',*,*,#549,.T.);
#549 = EDGE_CURVE('',#150,#550,#552,.T.);
#550 = VERTEX_POINT('',#551);
#551 = CARTESIAN_POINT('',(2.4,124.6,6.E-15));
#552 = LINE('',#553,#554);
#553 = CARTESIAN_POINT('',(2.199999999999,124.6,0.200000000001));
#554 = VECTOR('',#555,1.);
#555 = DIRECTION('',(0.707106781187,1.691E-14,-0.707106781187));
#556 = ORIENTED_EDGE('',*,*,#557,.F.);
#557 = EDGE_CURVE('',#541,#550,#558,.T.);
#558 = LINE('',#559,#560);
#559 = CARTESIAN_POINT('',(2.4,0.,0.));
#560 = VECTOR('',#561,1.);
#561 = DIRECTION('',(0.,1.,0.));
#562 = PLANE('',#563);
#563 = AXIS2_PLACEMENT_3D('',#564,#565,#566);
#564 = CARTESIAN_POINT('',(2.2,0.,0.2));
#565 = DIRECTION('',(-0.707106781187,-0.,-0.707106781187));
#566 = DIRECTION('',(0.,1.,0.));
#567 = ADVANCED_FACE('',(#568),#586,.T.);
#568 = FACE_BOUND('',#569,.T.);
#569 = EDGE_LOOP('',(#570,#578,#579,#580));
#570 = ORIENTED_EDGE('',*,*,#571,.T.);
#571 = EDGE_CURVE('',#572,#134,#574,.T.);
#572 = VERTEX_POINT('',#573);
#573 = CARTESIAN_POINT('',(2.4,123.,23.6));
#574 = LINE('',#575,#576);
#575 = CARTESIAN_POINT('',(2.3,123.1,23.6));
#576 = VECTOR('',#577,1.);
#577 = DIRECTION('',(-0.707106781187,0.707106781187,-2.094E-14));
#578 = ORIENTED_EDGE('',*,*,#133,.T.);
#579 = ORIENTED_EDGE('',*,*,#516,.T.);
#580 = ORIENTED_EDGE('',*,*,#581,.F.);
#581 = EDGE_CURVE('',#572,#517,#582,.T.);
#582 = LINE('',#583,#584);
#583 = CARTESIAN_POINT('',(2.4,123.,24.));
#584 = VECTOR('',#585,1.);
#585 = DIRECTION('',(-0.,-0.,-1.));
#586 = PLANE('',#587);
#587 = AXIS2_PLACEMENT_3D('',#588,#589,#590);
#588 = CARTESIAN_POINT('',(2.2,123.2,24.));
#589 = DIRECTION('',(-0.707106781187,-0.707106781187,-0.));
#590 = DIRECTION('',(0.,0.,-1.));
#591 = ADVANCED_FACE('',(#592),#617,.T.);
#592 = FACE_BOUND('',#593,.T.);
#593 = EDGE_LOOP('',(#594,#602,#603,#611));
#594 = ORIENTED_EDGE('',*,*,#595,.T.);
#595 = EDGE_CURVE('',#596,#150,#598,.T.);
#596 = VERTEX_POINT('',#597);
#597 = CARTESIAN_POINT('',(2.4,125.,0.4));
#598 = LINE('',#599,#600);
#599 = CARTESIAN_POINT('',(2.3,124.9,0.4));
#600 = VECTOR('',#601,1.);
#601 = DIRECTION('',(-0.707106781187,-0.707106781187,-1.064E-14));
#602 = ORIENTED_EDGE('',*,*,#149,.T.);
#603 = ORIENTED_EDGE('',*,*,#604,.T.);
#604 = EDGE_CURVE('',#142,#605,#607,.T.);
#605 = VERTEX_POINT('',#606);
#606 = CARTESIAN_POINT('',(2.4,125.,23.6));
#607 = LINE('',#608,#609);
#608 = CARTESIAN_POINT('',(2.2,124.8,23.6));
#609 = VECTOR('',#610,1.);
#610 = DIRECTION('',(0.707106781187,0.707106781187,4.22E-15));
#611 = ORIENTED_EDGE('',*,*,#612,.F.);
#612 = EDGE_CURVE('',#596,#605,#613,.T.);
#613 = LINE('',#614,#615);
#614 = CARTESIAN_POINT('',(2.4,125.,-7.11E-15));
#615 = VECTOR('',#616,1.);
#616 = DIRECTION('',(0.,0.,1.));
#617 = PLANE('',#618);
#618 = AXIS2_PLACEMENT_3D('',#619,#620,#621);
#619 = CARTESIAN_POINT('',(2.2,124.8,-7.11E-15));
#620 = DIRECTION('',(-0.707106781187,0.707106781187,0.));
#621 = DIRECTION('',(0.,0.,1.));
#622 = ADVANCED_FACE('',(#623),#648,.F.);
#623 = FACE_BOUND('',#624,.T.);
#624 = EDGE_LOOP('',(#625,#633,#634,#642));
#625 = ORIENTED_EDGE('',*,*,#626,.T.);
#626 = EDGE_CURVE('',#627,#142,#629,.T.);
#627 = VERTEX_POINT('',#628);
#628 = CARTESIAN_POINT('',(2.4,124.6,24.));
#629 = LINE('',#630,#631);
#630 = CARTESIAN_POINT('',(2.3,124.6,23.9));
#631 = VECTOR('',#632,1.);
#632 = DIRECTION('',(-0.707106781187,1.729E-14,-0.707106781187));
#633 = ORIENTED_EDGE('',*,*,#141,.T.);
#634 = ORIENTED_EDGE('',*,*,#635,.T.);
#635 = EDGE_CURVE('',#134,#636,#638,.T.);
#636 = VERTEX_POINT('',#637);
#637 = CARTESIAN_POINT('',(2.4,123.4,24.));
#638 = LINE('',#639,#640);
#639 = CARTESIAN_POINT('',(2.2,123.4,23.8));
#640 = VECTOR('',#641,1.);
#641 = DIRECTION('',(0.707106781187,-1.839E-14,0.707106781187));
#642 = ORIENTED_EDGE('',*,*,#643,.F.);
#643 = EDGE_CURVE('',#627,#636,#644,.T.);
#644 = LINE('',#645,#646);
#645 = CARTESIAN_POINT('',(2.4,125.,24.));
#646 = VECTOR('',#647,1.);
#647 = DIRECTION('',(0.,-1.,0.));
#648 = PLANE('',#649);
#649 = AXIS2_PLACEMENT_3D('',#650,#651,#652);
#650 = CARTESIAN_POINT('',(2.2,125.,23.8));
#651 = DIRECTION('',(0.707106781187,0.,-0.707106781187));
#652 = DIRECTION('',(0.,1.,0.));
#653 = ADVANCED_FACE('',(#654),#673,.F.);
#654 = FACE_BOUND('',#655,.T.);
#655 = EDGE_LOOP('',(#656,#664,#665,#666));
#656 = ORIENTED_EDGE('',*,*,#657,.F.);
#657 = EDGE_CURVE('',#200,#658,#660,.T.);
#658 = VERTEX_POINT('',#659);
#659 = CARTESIAN_POINT('',(14.5,115.,17.));
#660 = LINE('',#661,#662);
#661 = CARTESIAN_POINT('',(2.,115.,17.));
#662 = VECTOR('',#663,1.);
#663 = DIRECTION('',(1.,0.,-6.E-17));
#664 = ORIENTED_EDGE('',*,*,#199,.T.);
#665 = ORIENTED_EDGE('',*,*,#657,.T.);
#666 = ORIENTED_EDGE('',*,*,#667,.T.);
#667 = EDGE_CURVE('',#658,#658,#668,.T.);
#668 = CIRCLE('',#669,2.);
#669 = AXIS2_PLACEMENT_3D('',#670,#671,#672);
#670 = CARTESIAN_POINT('',(14.5,115.,15.));
#671 = DIRECTION('',(1.,0.,-0.));
#672 = DIRECTION('',(0.,0.,1.));
#673 = CYLINDRICAL_SURFACE('',#674,2.);
#674 = AXIS2_PLACEMENT_3D('',#675,#676,#677);
#675 = CARTESIAN_POINT('',(2.,115.,15.));
#676 = DIRECTION('',(1.,0.,0.));
#677 = DIRECTION('',(0.,0.,1.));
#678 = ADVANCED_FACE('',(#679),#698,.F.);
#679 = FACE_BOUND('',#680,.F.);
#680 = EDGE_LOOP('',(#681,#689,#690,#691));
#681 = ORIENTED_EDGE('',*,*,#682,.F.);
#682 = EDGE_CURVE('',#211,#683,#685,.T.);
#683 = VERTEX_POINT('',#684);
#684 = CARTESIAN_POINT('',(2.4,9.5,30.));
#685 = LINE('',#686,#687);
#686 = CARTESIAN_POINT('',(2.4,9.5,30.));
#687 = VECTOR('',#688,1.);
#688 = DIRECTION('',(0.707106781187,-0.707106781187,0.));
#689 = ORIENTED_EDGE('',*,*,#210,.T.);
#690 = ORIENTED_EDGE('',*,*,#682,.T.);
#691 = ORIENTED_EDGE('',*,*,#692,.F.);
#692 = EDGE_CURVE('',#683,#683,#693,.T.);
#693 = CIRCLE('',#694,1.5);
#694 = AXIS2_PLACEMENT_3D('',#695,#696,#697);
#695 = CARTESIAN_POINT('',(2.4,8.,30.));
#696 = DIRECTION('',(1.,0.,0.));
#697 = DIRECTION('',(0.,1.,0.));
#698 = CONICAL_SURFACE('',#699,1.5,0.785398163397);
#699 = AXIS2_PLACEMENT_3D('',#700,#701,#702);
#700 = CARTESIAN_POINT('',(2.4,8.,30.));
#701 = DIRECTION('',(-1.,-0.,-0.));
#702 = DIRECTION('',(0.,1.,0.));
#703 = ADVANCED_FACE('',(#704),#723,.F.);
#704 = FACE_BOUND('',#705,.T.);
#705 = EDGE_LOOP('',(#706,#714,#715,#716));
#706 = ORIENTED_EDGE('',*,*,#707,.F.);
#707 = EDGE_CURVE('',#222,#708,#710,.T.);
#708 = VERTEX_POINT('',#709);
#709 = CARTESIAN_POINT('',(6.5,10.,17.));
#710 = LINE('',#711,#712);
#711 = CARTESIAN_POINT('',(2.,10.,17.));
#712 = VECTOR('',#713,1.);
#713 = DIRECTION('',(1.,0.,-6.E-17));
#714 = ORIENTED_EDGE('',*,*,#221,.T.);
#715 = ORIENTED_EDGE('',*,*,#707,.T.);
#716 = ORIENTED_EDGE('',*,*,#717,.T.);
#717 = EDGE_CURVE('',#708,#708,#718,.T.);
#718 = CIRCLE('',#719,2.);
#719 = AXIS2_PLACEMENT_3D('',#720,#721,#722);
#720 = CARTESIAN_POINT('',(6.5,10.,15.));
#721 = DIRECTION('',(1.,0.,-0.));
#722 = DIRECTION('',(0.,0.,1.));
#723 = CYLINDRICAL_SURFACE('',#724,2.);
#724 = AXIS2_PLACEMENT_3D('',#725,#726,#727);
#725 = CARTESIAN_POINT('',(2.,10.,15.));
#726 = DIRECTION('',(1.,0.,0.));
#727 = DIRECTION('',(0.,0.,1.));
#728 = ADVANCED_FACE('',(#729),#763,.T.);
#729 = FACE_BOUND('',#730,.T.);
#730 = EDGE_LOOP('',(#731,#739,#740,#741,#749,#757));
#731 = ORIENTED_EDGE('',*,*,#732,.F.);
#732 = EDGE_CURVE('',#271,#733,#735,.T.);
#733 = VERTEX_POINT('',#734);
#734 = CARTESIAN_POINT('',(11.25,104.93877422494,11.297595517488));
#735 = LINE('',#736,#737);
#736 = CARTESIAN_POINT('',(0.,104.93877422494,11.297595517488));
#737 = VECTOR('',#738,1.);
#738 = DIRECTION('',(1.,0.,0.));
#739 = ORIENTED_EDGE('',*,*,#270,.F.);
#740 = ORIENTED_EDGE('',*,*,#238,.F.);
#741 = ORIENTED_EDGE('',*,*,#742,.T.);
#742 = EDGE_CURVE('',#239,#743,#745,.T.);
#743 = VERTEX_POINT('',#744);
#744 = CARTESIAN_POINT('',(3.,85.,2.));
#745 = LINE('',#746,#747);
#746 = CARTESIAN_POINT('',(3.,49.707731083536,-14.45704182101));
#747 = VECTOR('',#748,1.);
#748 = DIRECTION('',(0.,-0.906307919316,-0.422617978068));
#749 = ORIENTED_EDGE('',*,*,#750,.T.);
#750 = EDGE_CURVE('',#743,#751,#753,.T.);
#751 = VERTEX_POINT('',#752);
#752 = CARTESIAN_POINT('',(11.25,85.,2.));
#753 = LINE('',#754,#755);
#754 = CARTESIAN_POINT('',(0.,85.,2.));
#755 = VECTOR('',#756,1.);
#756 = DIRECTION('',(1.,0.,0.));
#757 = ORIENTED_EDGE('',*,*,#758,.T.);
#758 = EDGE_CURVE('',#751,#733,#759,.T.);
#759 = LINE('',#760,#761);
#760 = CARTESIAN_POINT('',(11.25,85.,2.));
#761 = VECTOR('',#762,1.);
#762 = DIRECTION('',(0.,0.906307919316,0.422617978068));
#763 = PLANE('',#764);
#764 = AXIS2_PLACEMENT_3D('',#765,#766,#767);
#765 = CARTESIAN_POINT('',(0.,85.,2.));
#766 = DIRECTION('',(0.,-0.422617978068,0.906307919316));
#767 = DIRECTION('',(0.,0.906307919316,0.422617978068));
#768 = ADVANCED_FACE('',(#769),#796,.F.);
#769 = FACE_BOUND('',#770,.F.);
#770 = EDGE_LOOP('',(#771,#772,#773,#774,#782,#790));
#771 = ORIENTED_EDGE('',*,*,#303,.F.);
#772 = ORIENTED_EDGE('',*,*,#255,.T.);
#773 = ORIENTED_EDGE('',*,*,#742,.T.);
#774 = ORIENTED_EDGE('',*,*,#775,.T.);
#775 = EDGE_CURVE('',#743,#776,#778,.T.);
#776 = VERTEX_POINT('',#777);
#777 = CARTESIAN_POINT('',(3.,76.8829,2.));
#778 = LINE('',#779,#780);
#779 = CARTESIAN_POINT('',(3.,22.255905511811,2.));
#780 = VECTOR('',#781,1.);
#781 = DIRECTION('',(0.,-1.,0.));
#782 = ORIENTED_EDGE('',*,*,#783,.T.);
#783 = EDGE_CURVE('',#776,#784,#786,.T.);
#784 = VERTEX_POINT('',#785);
#785 = CARTESIAN_POINT('',(3.,46.8829,2.));
#786 = LINE('',#787,#788);
#787 = CARTESIAN_POINT('',(3.,22.255905511811,2.));
#788 = VECTOR('',#789,1.);
#789 = DIRECTION('',(0.,-1.,0.));
#790 = ORIENTED_EDGE('',*,*,#791,.T.);
#791 = EDGE_CURVE('',#784,#304,#792,.T.);
#792 = LINE('',#793,#794);
#793 = CARTESIAN_POINT('',(3.,22.255905511811,2.));
#794 = VECTOR('',#795,1.);
#795 = DIRECTION('',(0.,-1.,0.));
#796 = PLANE('',#797);
#797 = AXIS2_PLACEMENT_3D('',#798,#799,#800);
#798 = CARTESIAN_POINT('',(3.,0.,0.));
#799 = DIRECTION('',(-1.,0.,0.));
#800 = DIRECTION('',(0.,1.,-1.2E-16));
#801 = ADVANCED_FACE('',(#802),#820,.T.);
#802 = FACE_BOUND('',#803,.T.);
#803 = EDGE_LOOP('',(#804,#805,#806,#814));
#804 = ORIENTED_EDGE('',*,*,#293,.F.);
#805 = ORIENTED_EDGE('',*,*,#343,.F.);
#806 = ORIENTED_EDGE('',*,*,#807,.T.);
#807 = EDGE_CURVE('',#334,#808,#810,.T.);
#808 = VERTEX_POINT('',#809);
#809 = CARTESIAN_POINT('',(6.5,13.,30.));
#810 = LINE('',#811,#812);
#811 = CARTESIAN_POINT('',(0.,13.,30.));
#812 = VECTOR('',#813,1.);
#813 = DIRECTION('',(1.,0.,0.));
#814 = ORIENTED_EDGE('',*,*,#815,.T.);
#815 = EDGE_CURVE('',#808,#294,#816,.T.);
#816 = LINE('',#817,#818);
#817 = CARTESIAN_POINT('',(6.5,13.,35.));
#818 = VECTOR('',#819,1.);
#819 = DIRECTION('',(-0.,-0.,-1.));
#820 = PLANE('',#821);
#821 = AXIS2_PLACEMENT_3D('',#822,#823,#824);
#822 = CARTESIAN_POINT('',(0.,13.,30.));
#823 = DIRECTION('',(0.,1.,0.));
#824 = DIRECTION('',(0.,0.,-1.));
#825 = ADVANCED_FACE('',(#826,#861,#864),#875,.T.);
#826 = FACE_BOUND('',#827,.T.);
#827 = EDGE_LOOP('',(#828,#829,#838,#846,#854,#860));
#828 = ORIENTED_EDGE('',*,*,#815,.F.);
#829 = ORIENTED_EDGE('',*,*,#830,.F.);
#830 = EDGE_CURVE('',#831,#808,#833,.T.);
#831 = VERTEX_POINT('',#832);
#832 = CARTESIAN_POINT('',(6.5,8.,35.));
#833 = CIRCLE('',#834,5.);
#834 = AXIS2_PLACEMENT_3D('',#835,#836,#837);
#835 = CARTESIAN_POINT('',(6.5,8.,30.));
#836 = DIRECTION('',(-1.,0.,0.));
#837 = DIRECTION('',(0.,1.,0.));
#838 = ORIENTED_EDGE('',*,*,#839,.T.);
#839 = EDGE_CURVE('',#831,#840,#842,.T.);
#840 = VERTEX_POINT('',#841);
#841 = CARTESIAN_POINT('',(6.5,3.,35.));
#842 = LINE('',#843,#844);
#843 = CARTESIAN_POINT('',(6.5,13.,35.));
#844 = VECTOR('',#845,1.);
#845 = DIRECTION('',(0.,-1.,0.));
#846 = ORIENTED_EDGE('',*,*,#847,.T.);
#847 = EDGE_CURVE('',#840,#848,#850,.T.);
#848 = VERTEX_POINT('',#849);
#849 = CARTESIAN_POINT('',(6.5,3.,2.));
#850 = LINE('',#851,#852);
#851 = CARTESIAN_POINT('',(6.5,3.,35.));
#852 = VECTOR('',#853,1.);
#853 = DIRECTION('',(-0.,-0.,-1.));
#854 = ORIENTED_EDGE('',*,*,#855,.T.);
#855 = EDGE_CURVE('',#848,#312,#856,.T.);
#856 = LINE('',#857,#858);
#857 = CARTESIAN_POINT('',(6.5,28.755905511811,2.));
#858 = VECTOR('',#859,1.);
#859 = DIRECTION('',(0.,1.,0.));
#860 = ORIENTED_EDGE('',*,*,#319,.T.);
#861 = FACE_BOUND('',#862,.T.);
#862 = EDGE_LOOP('',(#863));
#863 = ORIENTED_EDGE('',*,*,#717,.F.);
#864 = FACE_BOUND('',#865,.T.);
#865 = EDGE_LOOP('',(#866));
#866 = ORIENTED_EDGE('',*,*,#867,.T.);
#867 = EDGE_CURVE('',#868,#868,#870,.T.);
#868 = VERTEX_POINT('',#869);
#869 = CARTESIAN_POINT('',(6.5,9.5,30.));
#870 = CIRCLE('',#871,1.5);
#871 = AXIS2_PLACEMENT_3D('',#872,#873,#874);
#872 = CARTESIAN_POINT('',(6.5,8.,30.));
#873 = DIRECTION('',(-1.,0.,0.));
#874 = DIRECTION('',(0.,1.,0.));
#875 = PLANE('',#876);
#876 = AXIS2_PLACEMENT_3D('',#877,#878,#879);
#877 = CARTESIAN_POINT('',(6.5,16.184405049099,14.304070239361));
#878 = DIRECTION('',(1.,0.,0.));
#879 = DIRECTION('',(0.,0.,1.));
#880 = ADVANCED_FACE('',(#881,#967,#985,#994,#1012),#1021,.T.);
#881 = FACE_BOUND('',#882,.T.);
#882 = EDGE_LOOP('',(#883,#891,#899,#907,#915,#923,#931,#939,#947,#955,
    #961,#962,#963,#964,#965,#966));
#883 = ORIENTED_EDGE('',*,*,#884,.T.);
#884 = EDGE_CURVE('',#848,#885,#887,.T.);
#885 = VERTEX_POINT('',#886);
#886 = CARTESIAN_POINT('',(38.5,3.,2.));
#887 = LINE('',#888,#889);
#888 = CARTESIAN_POINT('',(6.5,3.,2.));
#889 = VECTOR('',#890,1.);
#890 = DIRECTION('',(1.,0.,0.));
#891 = ORIENTED_EDGE('',*,*,#892,.T.);
#892 = EDGE_CURVE('',#885,#893,#895,.T.);
#893 = VERTEX_POINT('',#894);
#894 = CARTESIAN_POINT('',(38.5,39.,2.));
#895 = LINE('',#896,#897);
#896 = CARTESIAN_POINT('',(38.5,3.,2.));
#897 = VECTOR('',#898,1.);
#898 = DIRECTION('',(0.,1.,0.));
#899 = ORIENTED_EDGE('',*,*,#900,.T.);
#900 = EDGE_CURVE('',#893,#901,#903,.T.);
#901 = VERTEX_POINT('',#902);
#902 = CARTESIAN_POINT('',(42.,39.,2.));
#903 = LINE('',#904,#905);
#904 = CARTESIAN_POINT('',(38.5,39.,2.));
#905 = VECTOR('',#906,1.);
#906 = DIRECTION('',(1.,0.,0.));
#907 = ORIENTED_EDGE('',*,*,#908,.T.);
#908 = EDGE_CURVE('',#901,#909,#911,.T.);
#909 = VERTEX_POINT('',#910);
#910 = CARTESIAN_POINT('',(42.,46.8829,2.));
#911 = LINE('',#912,#913);
#912 = CARTESIAN_POINT('',(42.,84.755905511811,2.));
#913 = VECTOR('',#914,1.);
#914 = DIRECTION('',(0.,1.,0.));
#915 = ORIENTED_EDGE('',*,*,#916,.T.);
#916 = EDGE_CURVE('',#909,#917,#919,.T.);
#917 = VERTEX_POINT('',#918);
#918 = CARTESIAN_POINT('',(42.,76.8829,2.));
#919 = LINE('',#920,#921);
#920 = CARTESIAN_POINT('',(42.,84.755905511811,2.));
#921 = VECTOR('',#922,1.);
#922 = DIRECTION('',(0.,1.,0.));
#923 = ORIENTED_EDGE('',*,*,#924,.T.);
#924 = EDGE_CURVE('',#917,#925,#927,.T.);
#925 = VERTEX_POINT('',#926);
#926 = CARTESIAN_POINT('',(42.,85.,2.));
#927 = LINE('',#928,#929);
#928 = CARTESIAN_POINT('',(42.,84.755905511811,2.));
#929 = VECTOR('',#930,1.);
#930 = DIRECTION('',(0.,1.,0.));
#931 = ORIENTED_EDGE('',*,*,#932,.F.);
#932 = EDGE_CURVE('',#933,#925,#935,.T.);
#933 = VERTEX_POINT('',#934);
#934 = CARTESIAN_POINT('',(33.75,85.,2.));
#935 = LINE('',#936,#937);
#936 = CARTESIAN_POINT('',(0.,85.,2.));
#937 = VECTOR('',#938,1.);
#938 = DIRECTION('',(1.,0.,0.));
#939 = ORIENTED_EDGE('',*,*,#940,.F.);
#940 = EDGE_CURVE('',#941,#933,#943,.T.);
#941 = VERTEX_POINT('',#942);
#942 = CARTESIAN_POINT('',(29.75,85.,2.));
#943 = LINE('',#944,#945);
#944 = CARTESIAN_POINT('',(0.,85.,2.));
#945 = VECTOR('',#946,1.);
#946 = DIRECTION('',(1.,0.,0.));
#947 = ORIENTED_EDGE('',*,*,#948,.F.);
#948 = EDGE_CURVE('',#949,#941,#951,.T.);
#949 = VERTEX_POINT('',#950);
#950 = CARTESIAN_POINT('',(15.25,85.,2.));
#951 = LINE('',#952,#953);
#952 = CARTESIAN_POINT('',(0.,85.,2.));
#953 = VECTOR('',#954,1.);
#954 = DIRECTION('',(1.,0.,0.));
#955 = ORIENTED_EDGE('',*,*,#956,.F.);
#956 = EDGE_CURVE('',#751,#949,#957,.T.);
#957 = LINE('',#958,#959);
#958 = CARTESIAN_POINT('',(0.,85.,2.));
#959 = VECTOR('',#960,1.);
#960 = DIRECTION('',(1.,0.,0.));
#961 = ORIENTED_EDGE('',*,*,#750,.F.);
#962 = ORIENTED_EDGE('',*,*,#775,.T.);
#963 = ORIENTED_EDGE('',*,*,#783,.T.);
#964 = ORIENTED_EDGE('',*,*,#791,.T.);
#965 = ORIENTED_EDGE('',*,*,#311,.T.);
#966 = ORIENTED_EDGE('',*,*,#855,.F.);
#967 = FACE_BOUND('',#968,.T.);
#968 = EDGE_LOOP('',(#969,#978));
#969 = ORIENTED_EDGE('',*,*,#970,.F.);
#970 = EDGE_CURVE('',#784,#971,#973,.T.);
#971 = VERTEX_POINT('',#972);
#972 = CARTESIAN_POINT('',(12.,46.8829,2.));
#973 = CIRCLE('',#974,4.5);
#974 = AXIS2_PLACEMENT_3D('',#975,#976,#977);
#975 = CARTESIAN_POINT('',(7.5,46.8829,2.));
#976 = DIRECTION('',(0.,0.,1.));
#977 = DIRECTION('',(1.,0.,0.));
#978 = ORIENTED_EDGE('',*,*,#979,.F.);
#979 = EDGE_CURVE('',#971,#784,#980,.T.);
#980 = CIRCLE('',#981,4.5);
#981 = AXIS2_PLACEMENT_3D('',#982,#983,#984);
#982 = CARTESIAN_POINT('',(7.5,46.8829,2.));
#983 = DIRECTION('',(0.,0.,1.));
#984 = DIRECTION('',(1.,0.,0.));
#985 = FACE_BOUND('',#986,.T.);
#986 = EDGE_LOOP('',(#987));
#987 = ORIENTED_EDGE('',*,*,#988,.F.);
#988 = EDGE_CURVE('',#909,#909,#989,.T.);
#989 = CIRCLE('',#990,4.5);
#990 = AXIS2_PLACEMENT_3D('',#991,#992,#993);
#991 = CARTESIAN_POINT('',(37.5,46.8829,2.));
#992 = DIRECTION('',(0.,0.,1.));
#993 = DIRECTION('',(1.,0.,0.));
#994 = FACE_BOUND('',#995,.T.);
#995 = EDGE_LOOP('',(#996,#1005));
#996 = ORIENTED_EDGE('',*,*,#997,.F.);
#997 = EDGE_CURVE('',#776,#998,#1000,.T.);
#998 = VERTEX_POINT('',#999);
#999 = CARTESIAN_POINT('',(12.,76.8829,2.));
#1000 = CIRCLE('',#1001,4.5);
#1001 = AXIS2_PLACEMENT_3D('',#1002,#1003,#1004);
#1002 = CARTESIAN_POINT('',(7.5,76.8829,2.));
#1003 = DIRECTION('',(0.,0.,1.));
#1004 = DIRECTION('',(1.,0.,0.));
#1005 = ORIENTED_EDGE('',*,*,#1006,.F.);
#1006 = EDGE_CURVE('',#998,#776,#1007,.T.);
#1007 = CIRCLE('',#1008,4.5);
#1008 = AXIS2_PLACEMENT_3D('',#1009,#1010,#1011);
#1009 = CARTESIAN_POINT('',(7.5,76.8829,2.));
#1010 = DIRECTION('',(0.,0.,1.));
#1011 = DIRECTION('',(1.,0.,0.));
#1012 = FACE_BOUND('',#1013,.T.);
#1013 = EDGE_LOOP('',(#1014));
#1014 = ORIENTED_EDGE('',*,*,#1015,.F.);
#1015 = EDGE_CURVE('',#917,#917,#1016,.T.);
#1016 = CIRCLE('',#1017,4.5);
#1017 = AXIS2_PLACEMENT_3D('',#1018,#1019,#1020);
#1018 = CARTESIAN_POINT('',(37.5,76.8829,2.));
#1019 = DIRECTION('',(0.,0.,1.));
#1020 = DIRECTION('',(1.,0.,0.));
#1021 = PLANE('',#1022);
#1022 = AXIS2_PLACEMENT_3D('',#1023,#1024,#1025);
#1023 = CARTESIAN_POINT('',(22.5,44.511811023622,2.));
#1024 = DIRECTION('',(0.,0.,1.));
#1025 = DIRECTION('',(1.,0.,0.));
#1026 = ADVANCED_FACE('',(#1027),#1037,.T.);
#1027 = FACE_BOUND('',#1028,.T.);
#1028 = EDGE_LOOP('',(#1029,#1030,#1036));
#1029 = ORIENTED_EDGE('',*,*,#357,.F.);
#1030 = ORIENTED_EDGE('',*,*,#1031,.T.);
#1031 = EDGE_CURVE('',#358,#416,#1032,.T.);
#1032 = LINE('',#1033,#1034);
#1033 = CARTESIAN_POINT('',(2.4,105.03877422494,23.7));
#1034 = VECTOR('',#1035,1.);
#1035 = DIRECTION('',(2.116E-14,0.707106781187,0.707106781187));
#1036 = ORIENTED_EDGE('',*,*,#415,.F.);
#1037 = PLANE('',#1038);
#1038 = AXIS2_PLACEMENT_3D('',#1039,#1040,#1041);
#1039 = CARTESIAN_POINT('',(2.4,104.93877422494,23.6));
#1040 = DIRECTION('',(-0.57735026919,-0.57735026919,0.57735026919));
#1041 = DIRECTION('',(0.707106781187,-3.004594559113E-17,0.707106781187)
  );
#1042 = ADVANCED_FACE('',(#1043),#1077,.T.);
#1043 = FACE_BOUND('',#1044,.T.);
#1044 = EDGE_LOOP('',(#1045,#1046,#1054,#1062,#1070,#1076));
#1045 = ORIENTED_EDGE('',*,*,#732,.T.);
#1046 = ORIENTED_EDGE('',*,*,#1047,.T.);
#1047 = EDGE_CURVE('',#733,#1048,#1050,.T.);
#1048 = VERTEX_POINT('',#1049);
#1049 = CARTESIAN_POINT('',(14.5,104.93877422494,11.297595517488));
#1050 = LINE('',#1051,#1052);
#1051 = CARTESIAN_POINT('',(0.,104.93877422494,11.297595517488));
#1052 = VECTOR('',#1053,1.);
#1053 = DIRECTION('',(1.,0.,0.));
#1054 = ORIENTED_EDGE('',*,*,#1055,.F.);
#1055 = EDGE_CURVE('',#1056,#1048,#1058,.T.);
#1056 = VERTEX_POINT('',#1057);
#1057 = CARTESIAN_POINT('',(14.5,104.93877422494,23.6));
#1058 = LINE('',#1059,#1060);
#1059 = CARTESIAN_POINT('',(14.5,104.93877422494,16.5));
#1060 = VECTOR('',#1061,1.);
#1061 = DIRECTION('',(0.,0.,-1.));
#1062 = ORIENTED_EDGE('',*,*,#1063,.F.);
#1063 = EDGE_CURVE('',#1064,#1056,#1066,.T.);
#1064 = VERTEX_POINT('',#1065);
#1065 = CARTESIAN_POINT('',(12.5,104.93877422494,23.6));
#1066 = LINE('',#1067,#1068);
#1067 = CARTESIAN_POINT('',(12.5,104.93877422494,23.6));
#1068 = VECTOR('',#1069,1.);
#1069 = DIRECTION('',(1.,0.,0.));
#1070 = ORIENTED_EDGE('',*,*,#1071,.F.);
#1071 = EDGE_CURVE('',#358,#1064,#1072,.T.);
#1072 = LINE('',#1073,#1074);
#1073 = CARTESIAN_POINT('',(2.,104.93877422494,23.6));
#1074 = VECTOR('',#1075,1.);
#1075 = DIRECTION('',(1.,0.,0.));
#1076 = ORIENTED_EDGE('',*,*,#365,.T.);
#1077 = PLANE('',#1078);
#1078 = AXIS2_PLACEMENT_3D('',#1079,#1080,#1081);
#1079 = CARTESIAN_POINT('',(8.45,104.93877422494,17.448797758744));
#1080 = DIRECTION('',(-0.,-1.,-0.));
#1081 = DIRECTION('',(0.,0.,-1.));
#1082 = ADVANCED_FACE('',(#1083),#1094,.T.);
#1083 = FACE_BOUND('',#1084,.F.);
#1084 = EDGE_LOOP('',(#1085,#1091,#1092,#1093));
#1085 = ORIENTED_EDGE('',*,*,#1086,.F.);
#1086 = EDGE_CURVE('',#382,#831,#1087,.T.);
#1087 = LINE('',#1088,#1089);
#1088 = CARTESIAN_POINT('',(0.,8.,35.));
#1089 = VECTOR('',#1090,1.);
#1090 = DIRECTION('',(1.,0.,0.));
#1091 = ORIENTED_EDGE('',*,*,#391,.T.);
#1092 = ORIENTED_EDGE('',*,*,#807,.T.);
#1093 = ORIENTED_EDGE('',*,*,#830,.F.);
#1094 = CYLINDRICAL_SURFACE('',#1095,5.);
#1095 = AXIS2_PLACEMENT_3D('',#1096,#1097,#1098);
#1096 = CARTESIAN_POINT('',(0.,8.,30.));
#1097 = DIRECTION('',(-1.,-0.,-0.));
#1098 = DIRECTION('',(0.,1.,0.));
#1099 = ADVANCED_FACE('',(#1100),#1110,.T.);
#1100 = FACE_BOUND('',#1101,.T.);
#1101 = EDGE_LOOP('',(#1102,#1103,#1109));
#1102 = ORIENTED_EDGE('',*,*,#406,.F.);
#1103 = ORIENTED_EDGE('',*,*,#1104,.T.);
#1104 = EDGE_CURVE('',#407,#471,#1105,.T.);
#1105 = LINE('',#1106,#1107);
#1106 = CARTESIAN_POINT('',(2.4,106.63877422494,23.9));
#1107 = VECTOR('',#1108,1.);
#1108 = DIRECTION('',(-7.86E-15,0.707106781187,-0.707106781187));
#1109 = ORIENTED_EDGE('',*,*,#478,.F.);
#1110 = PLANE('',#1111);
#1111 = AXIS2_PLACEMENT_3D('',#1112,#1113,#1114);
#1112 = CARTESIAN_POINT('',(2.4,106.53877422494,24.));
#1113 = DIRECTION('',(-0.57735026919,0.57735026919,0.57735026919));
#1114 = DIRECTION('',(0.707106781187,0.707106781187,1.253640673154E-14)
  );
#1115 = ADVANCED_FACE('',(#1116),#1141,.F.);
#1116 = FACE_BOUND('',#1117,.F.);
#1117 = EDGE_LOOP('',(#1118,#1119,#1127,#1135));
#1118 = ORIENTED_EDGE('',*,*,#423,.F.);
#1119 = ORIENTED_EDGE('',*,*,#1120,.T.);
#1120 = EDGE_CURVE('',#407,#1121,#1123,.T.);
#1121 = VERTEX_POINT('',#1122);
#1122 = CARTESIAN_POINT('',(12.1,106.53877422494,24.));
#1123 = LINE('',#1124,#1125);
#1124 = CARTESIAN_POINT('',(2.,106.53877422494,24.));
#1125 = VECTOR('',#1126,1.);
#1126 = DIRECTION('',(1.,0.,0.));
#1127 = ORIENTED_EDGE('',*,*,#1128,.T.);
#1128 = EDGE_CURVE('',#1121,#1129,#1131,.T.);
#1129 = VERTEX_POINT('',#1130);
#1130 = CARTESIAN_POINT('',(12.1,105.33877422494,24.));
#1131 = LINE('',#1132,#1133);
#1132 = CARTESIAN_POINT('',(12.1,106.93877422494,24.));
#1133 = VECTOR('',#1134,1.);
#1134 = DIRECTION('',(0.,-1.,2.2E-16));
#1135 = ORIENTED_EDGE('',*,*,#1136,.F.);
#1136 = EDGE_CURVE('',#416,#1129,#1137,.T.);
#1137 = LINE('',#1138,#1139);
#1138 = CARTESIAN_POINT('',(2.,105.33877422494,24.));
#1139 = VECTOR('',#1140,1.);
#1140 = DIRECTION('',(1.,0.,0.));
#1141 = PLANE('',#1142);
#1142 = AXIS2_PLACEMENT_3D('',#1143,#1144,#1145);
#1143 = CARTESIAN_POINT('',(0.,125.,24.));
#1144 = DIRECTION('',(0.,0.,-1.));
#1145 = DIRECTION('',(0.,-1.,0.));
#1146 = ADVANCED_FACE('',(#1147),#1190,.F.);
#1147 = FACE_BOUND('',#1148,.F.);
#1148 = EDGE_LOOP('',(#1149,#1157,#1158,#1159,#1160,#1168,#1176,#1184));
#1149 = ORIENTED_EDGE('',*,*,#1150,.F.);
#1150 = EDGE_CURVE('',#438,#1151,#1153,.T.);
#1151 = VERTEX_POINT('',#1152);
#1152 = CARTESIAN_POINT('',(42.6,-3.E-15,35.));
#1153 = LINE('',#1154,#1155);
#1154 = CARTESIAN_POINT('',(0.,0.,35.));
#1155 = VECTOR('',#1156,1.);
#1156 = DIRECTION('',(1.,0.,0.));
#1157 = ORIENTED_EDGE('',*,*,#447,.T.);
#1158 = ORIENTED_EDGE('',*,*,#1086,.T.);
#1159 = ORIENTED_EDGE('',*,*,#839,.T.);
#1160 = ORIENTED_EDGE('',*,*,#1161,.T.);
#1161 = EDGE_CURVE('',#840,#1162,#1164,.T.);
#1162 = VERTEX_POINT('',#1163);
#1163 = CARTESIAN_POINT('',(38.5,3.,35.));
#1164 = LINE('',#1165,#1166);
#1165 = CARTESIAN_POINT('',(6.5,3.,35.));
#1166 = VECTOR('',#1167,1.);
#1167 = DIRECTION('',(1.,0.,0.));
#1168 = ORIENTED_EDGE('',*,*,#1169,.T.);
#1169 = EDGE_CURVE('',#1162,#1170,#1172,.T.);
#1170 = VERTEX_POINT('',#1171);
#1171 = CARTESIAN_POINT('',(38.5,8.,35.));
#1172 = LINE('',#1173,#1174);
#1173 = CARTESIAN_POINT('',(38.5,3.,35.));
#1174 = VECTOR('',#1175,1.);
#1175 = DIRECTION('',(0.,1.,0.));
#1176 = ORIENTED_EDGE('',*,*,#1177,.T.);
#1177 = EDGE_CURVE('',#1170,#1178,#1180,.T.);
#1178 = VERTEX_POINT('',#1179);
#1179 = CARTESIAN_POINT('',(42.6,8.,35.));
#1180 = LINE('',#1181,#1182);
#1181 = CARTESIAN_POINT('',(0.,8.,35.));
#1182 = VECTOR('',#1183,1.);
#1183 = DIRECTION('',(1.,0.,0.));
#1184 = ORIENTED_EDGE('',*,*,#1185,.T.);
#1185 = EDGE_CURVE('',#1178,#1151,#1186,.T.);
#1186 = LINE('',#1187,#1188);
#1187 = CARTESIAN_POINT('',(42.6,8.,35.));
#1188 = VECTOR('',#1189,1.);
#1189 = DIRECTION('',(0.,-1.,0.));
#1190 = PLANE('',#1191);
#1191 = AXIS2_PLACEMENT_3D('',#1192,#1193,#1194);
#1192 = CARTESIAN_POINT('',(0.,8.,35.));
#1193 = DIRECTION('',(0.,0.,-1.));
#1194 = DIRECTION('',(0.,-1.,0.));
#1195 = ADVANCED_FACE('',(#1196),#1229,.T.);
#1196 = FACE_BOUND('',#1197,.T.);
#1197 = EDGE_LOOP('',(#1198,#1206,#1214,#1222,#1228));
#1198 = ORIENTED_EDGE('',*,*,#1199,.T.);
#1199 = EDGE_CURVE('',#471,#1200,#1202,.T.);
#1200 = VERTEX_POINT('',#1201);
#1201 = CARTESIAN_POINT('',(12.5,106.93877422494,23.6));
#1202 = LINE('',#1203,#1204);
#1203 = CARTESIAN_POINT('',(2.,106.93877422494,23.6));
#1204 = VECTOR('',#1205,1.);
#1205 = DIRECTION('',(1.,0.,0.));
#1206 = ORIENTED_EDGE('',*,*,#1207,.T.);
#1207 = EDGE_CURVE('',#1200,#1208,#1210,.T.);
#1208 = VERTEX_POINT('',#1209);
#1209 = CARTESIAN_POINT('',(14.5,106.93877422494,23.6));
#1210 = LINE('',#1211,#1212);
#1211 = CARTESIAN_POINT('',(12.5,106.93877422494,23.6));
#1212 = VECTOR('',#1213,1.);
#1213 = DIRECTION('',(1.,0.,0.));
#1214 = ORIENTED_EDGE('',*,*,#1215,.T.);
#1215 = EDGE_CURVE('',#1208,#1216,#1218,.T.);
#1216 = VERTEX_POINT('',#1217);
#1217 = CARTESIAN_POINT('',(14.5,106.93877422494,19.));
#1218 = LINE('',#1219,#1220);
#1219 = CARTESIAN_POINT('',(14.5,106.93877422494,16.5));
#1220 = VECTOR('',#1221,1.);
#1221 = DIRECTION('',(-0.,-0.,-1.));
#1222 = ORIENTED_EDGE('',*,*,#1223,.F.);
#1223 = EDGE_CURVE('',#463,#1216,#1224,.T.);
#1224 = LINE('',#1225,#1226);
#1225 = CARTESIAN_POINT('',(12.5,106.93877422494,19.));
#1226 = VECTOR('',#1227,1.);
#1227 = DIRECTION('',(1.,0.,0.));
#1228 = ORIENTED_EDGE('',*,*,#470,.F.);
#1229 = PLANE('',#1230);
#1230 = AXIS2_PLACEMENT_3D('',#1231,#1232,#1233);
#1231 = CARTESIAN_POINT('',(8.45,106.93877422494,21.3));
#1232 = DIRECTION('',(0.,1.,0.));
#1233 = DIRECTION('',(0.,0.,1.));
#1234 = ADVANCED_FACE('',(#1235),#1245,.T.);
#1235 = FACE_BOUND('',#1236,.T.);
#1236 = EDGE_LOOP('',(#1237,#1238,#1244));
#1237 = ORIENTED_EDGE('',*,*,#540,.F.);
#1238 = ORIENTED_EDGE('',*,*,#1239,.T.);
#1239 = EDGE_CURVE('',#541,#495,#1240,.T.);
#1240 = LINE('',#1241,#1242);
#1241 = CARTESIAN_POINT('',(2.4,0.3,0.1));
#1242 = VECTOR('',#1243,1.);
#1243 = DIRECTION('',(-2.E-17,-0.707106781187,0.707106781187));
#1244 = ORIENTED_EDGE('',*,*,#502,.F.);
#1245 = PLANE('',#1246);
#1246 = AXIS2_PLACEMENT_3D('',#1247,#1248,#1249);
#1247 = CARTESIAN_POINT('',(2.4,0.4,8.E-17));
#1248 = DIRECTION('',(-0.57735026919,-0.57735026919,-0.57735026919));
#1249 = DIRECTION('',(0.707106781187,-0.707106781187,-4.742453829639E-16
    ));
#1250 = ADVANCED_FACE('',(#1251),#1269,.T.);
#1251 = FACE_BOUND('',#1252,.T.);
#1252 = EDGE_LOOP('',(#1253,#1254,#1255,#1263));
#1253 = ORIENTED_EDGE('',*,*,#1150,.F.);
#1254 = ORIENTED_EDGE('',*,*,#494,.F.);
#1255 = ORIENTED_EDGE('',*,*,#1256,.T.);
#1256 = EDGE_CURVE('',#495,#1257,#1259,.T.);
#1257 = VERTEX_POINT('',#1258);
#1258 = CARTESIAN_POINT('',(42.6,-1.E-15,0.4));
#1259 = LINE('',#1260,#1261);
#1260 = CARTESIAN_POINT('',(2.,0.,0.4));
#1261 = VECTOR('',#1262,1.);
#1262 = DIRECTION('',(1.,0.,0.));
#1263 = ORIENTED_EDGE('',*,*,#1264,.T.);
#1264 = EDGE_CURVE('',#1257,#1151,#1265,.T.);
#1265 = LINE('',#1266,#1267);
#1266 = CARTESIAN_POINT('',(42.6,0.,0.));
#1267 = VECTOR('',#1268,1.);
#1268 = DIRECTION('',(0.,0.,1.));
#1269 = PLANE('',#1270);
#1270 = AXIS2_PLACEMENT_3D('',#1271,#1272,#1273);
#1271 = CARTESIAN_POINT('',(22.5,0.,17.5));
#1272 = DIRECTION('',(-0.,-1.,-0.));
#1273 = DIRECTION('',(0.,0.,-1.));
#1274 = ADVANCED_FACE('',(#1275),#1293,.T.);
#1275 = FACE_BOUND('',#1276,.T.);
#1276 = EDGE_LOOP('',(#1277,#1285,#1286,#1287));
#1277 = ORIENTED_EDGE('',*,*,#1278,.F.);
#1278 = EDGE_CURVE('',#517,#1279,#1281,.T.);
#1279 = VERTEX_POINT('',#1280);
#1280 = CARTESIAN_POINT('',(14.5,123.,19.));
#1281 = LINE('',#1282,#1283);
#1282 = CARTESIAN_POINT('',(2.,123.,19.));
#1283 = VECTOR('',#1284,1.);
#1284 = DIRECTION('',(1.,0.,0.));
#1285 = ORIENTED_EDGE('',*,*,#526,.T.);
#1286 = ORIENTED_EDGE('',*,*,#1223,.T.);
#1287 = ORIENTED_EDGE('',*,*,#1288,.F.);
#1288 = EDGE_CURVE('',#1279,#1216,#1289,.T.);
#1289 = LINE('',#1290,#1291);
#1290 = CARTESIAN_POINT('',(14.5,119.98469355623,19.));
#1291 = VECTOR('',#1292,1.);
#1292 = DIRECTION('',(0.,-1.,0.));
#1293 = PLANE('',#1294);
#1294 = AXIS2_PLACEMENT_3D('',#1295,#1296,#1297);
#1295 = CARTESIAN_POINT('',(8.45,114.96938711247,19.));
#1296 = DIRECTION('',(0.,0.,1.));
#1297 = DIRECTION('',(1.,0.,0.));
#1298 = ADVANCED_FACE('',(#1299,#1324,#1335,#1346,#1357,#1368),#1402,.T.
  );
#1299 = FACE_BOUND('',#1300,.T.);
#1300 = EDGE_LOOP('',(#1301,#1302,#1310,#1318));
#1301 = ORIENTED_EDGE('',*,*,#557,.T.);
#1302 = ORIENTED_EDGE('',*,*,#1303,.T.);
#1303 = EDGE_CURVE('',#550,#1304,#1306,.T.);
#1304 = VERTEX_POINT('',#1305);
#1305 = CARTESIAN_POINT('',(42.6,124.6,5.E-15));
#1306 = LINE('',#1307,#1308);
#1307 = CARTESIAN_POINT('',(2.,124.6,0.));
#1308 = VECTOR('',#1309,1.);
#1309 = DIRECTION('',(1.,0.,0.));
#1310 = ORIENTED_EDGE('',*,*,#1311,.F.);
#1311 = EDGE_CURVE('',#1312,#1304,#1314,.T.);
#1312 = VERTEX_POINT('',#1313);
#1313 = CARTESIAN_POINT('',(42.6,0.4,-1.E-15));
#1314 = LINE('',#1315,#1316);
#1315 = CARTESIAN_POINT('',(42.6,0.,0.));
#1316 = VECTOR('',#1317,1.);
#1317 = DIRECTION('',(0.,1.,0.));
#1318 = ORIENTED_EDGE('',*,*,#1319,.F.);
#1319 = EDGE_CURVE('',#541,#1312,#1320,.T.);
#1320 = LINE('',#1321,#1322);
#1321 = CARTESIAN_POINT('',(2.,0.4,0.));
#1322 = VECTOR('',#1323,1.);
#1323 = DIRECTION('',(1.,0.,0.));
#1324 = FACE_BOUND('',#1325,.T.);
#1325 = EDGE_LOOP('',(#1326));
#1326 = ORIENTED_EDGE('',*,*,#1327,.F.);
#1327 = EDGE_CURVE('',#1328,#1328,#1330,.T.);
#1328 = VERTEX_POINT('',#1329);
#1329 = CARTESIAN_POINT('',(39.4,46.8829,-1.E-15));
#1330 = CIRCLE('',#1331,1.9);
#1331 = AXIS2_PLACEMENT_3D('',#1332,#1333,#1334);
#1332 = CARTESIAN_POINT('',(37.5,46.8829,0.));
#1333 = DIRECTION('',(0.,0.,-1.));
#1334 = DIRECTION('',(1.,0.,0.));
#1335 = FACE_BOUND('',#1336,.T.);
#1336 = EDGE_LOOP('',(#1337));
#1337 = ORIENTED_EDGE('',*,*,#1338,.F.);
#1338 = EDGE_CURVE('',#1339,#1339,#1341,.T.);
#1339 = VERTEX_POINT('',#1340);
#1340 = CARTESIAN_POINT('',(39.4,76.8829,-1.E-15));
#1341 = CIRCLE('',#1342,1.9);
#1342 = AXIS2_PLACEMENT_3D('',#1343,#1344,#1345);
#1343 = CARTESIAN_POINT('',(37.5,76.8829,0.));
#1344 = DIRECTION('',(0.,0.,-1.));
#1345 = DIRECTION('',(1.,0.,0.));
#1346 = FACE_BOUND('',#1347,.T.);
#1347 = EDGE_LOOP('',(#1348));
#1348 = ORIENTED_EDGE('',*,*,#1349,.F.);
#1349 = EDGE_CURVE('',#1350,#1350,#1352,.T.);
#1350 = VERTEX_POINT('',#1351);
#1351 = CARTESIAN_POINT('',(9.4,46.8829,0.));
#1352 = CIRCLE('',#1353,1.9);
#1353 = AXIS2_PLACEMENT_3D('',#1354,#1355,#1356);
#1354 = CARTESIAN_POINT('',(7.5,46.8829,0.));
#1355 = DIRECTION('',(0.,0.,-1.));
#1356 = DIRECTION('',(1.,0.,0.));
#1357 = FACE_BOUND('',#1358,.T.);
#1358 = EDGE_LOOP('',(#1359));
#1359 = ORIENTED_EDGE('',*,*,#1360,.F.);
#1360 = EDGE_CURVE('',#1361,#1361,#1363,.T.);
#1361 = VERTEX_POINT('',#1362);
#1362 = CARTESIAN_POINT('',(9.4,76.8829,0.));
#1363 = CIRCLE('',#1364,1.9);
#1364 = AXIS2_PLACEMENT_3D('',#1365,#1366,#1367);
#1365 = CARTESIAN_POINT('',(7.5,76.8829,0.));
#1366 = DIRECTION('',(0.,0.,-1.));
#1367 = DIRECTION('',(1.,0.,0.));
#1368 = FACE_BOUND('',#1369,.T.);
#1369 = EDGE_LOOP('',(#1370,#1380,#1388,#1396));
#1370 = ORIENTED_EDGE('',*,*,#1371,.F.);
#1371 = EDGE_CURVE('',#1372,#1374,#1376,.T.);
#1372 = VERTEX_POINT('',#1373);
#1373 = CARTESIAN_POINT('',(14.5,117.6,0.));
#1374 = VERTEX_POINT('',#1375);
#1375 = CARTESIAN_POINT('',(14.5,124.1,0.));
#1376 = LINE('',#1377,#1378);
#1377 = CARTESIAN_POINT('',(14.5,122.6,0.));
#1378 = VECTOR('',#1379,1.);
#1379 = DIRECTION('',(0.,1.,0.));
#1380 = ORIENTED_EDGE('',*,*,#1381,.F.);
#1381 = EDGE_CURVE('',#1382,#1372,#1384,.T.);
#1382 = VERTEX_POINT('',#1383);
#1383 = CARTESIAN_POINT('',(30.5,117.6,0.));
#1384 = LINE('',#1385,#1386);
#1385 = CARTESIAN_POINT('',(30.5,117.6,0.));
#1386 = VECTOR('',#1387,1.);
#1387 = DIRECTION('',(-1.,0.,0.));
#1388 = ORIENTED_EDGE('',*,*,#1389,.F.);
#1389 = EDGE_CURVE('',#1390,#1382,#1392,.T.);
#1390 = VERTEX_POINT('',#1391);
#1391 = CARTESIAN_POINT('',(30.5,124.1,0.));
#1392 = LINE('',#1393,#1394);
#1393 = CARTESIAN_POINT('',(30.5,120.6,0.));
#1394 = VECTOR('',#1395,1.);
#1395 = DIRECTION('',(0.,-1.,0.));
#1396 = ORIENTED_EDGE('',*,*,#1397,.F.);
#1397 = EDGE_CURVE('',#1374,#1390,#1398,.T.);
#1398 = LINE('',#1399,#1400);
#1399 = CARTESIAN_POINT('',(14.5,124.1,0.));
#1400 = VECTOR('',#1401,1.);
#1401 = DIRECTION('',(1.,0.,0.));
#1402 = PLANE('',#1403);
#1403 = AXIS2_PLACEMENT_3D('',#1404,#1405,#1406);
#1404 = CARTESIAN_POINT('',(22.5,62.5,0.));
#1405 = DIRECTION('',(-0.,-0.,-1.));
#1406 = DIRECTION('',(-1.,0.,0.));
#1407 = ADVANCED_FACE('',(#1408),#1418,.T.);
#1408 = FACE_BOUND('',#1409,.T.);
#1409 = EDGE_LOOP('',(#1410,#1411,#1417));
#1410 = ORIENTED_EDGE('',*,*,#595,.F.);
#1411 = ORIENTED_EDGE('',*,*,#1412,.T.);
#1412 = EDGE_CURVE('',#596,#550,#1413,.T.);
#1413 = LINE('',#1414,#1415);
#1414 = CARTESIAN_POINT('',(2.4,124.9,0.3));
#1415 = VECTOR('',#1416,1.);
#1416 = DIRECTION('',(-2.76E-14,-0.707106781187,-0.707106781187));
#1417 = ORIENTED_EDGE('',*,*,#549,.F.);
#1418 = PLANE('',#1419);
#1419 = AXIS2_PLACEMENT_3D('',#1420,#1421,#1422);
#1420 = CARTESIAN_POINT('',(2.4,125.,0.4));
#1421 = DIRECTION('',(-0.57735026919,0.57735026919,-0.57735026919));
#1422 = DIRECTION('',(0.707106781187,2.512339568818E-14,-0.707106781187)
  );
#1423 = ADVANCED_FACE('',(#1424),#1434,.T.);
#1424 = FACE_BOUND('',#1425,.T.);
#1425 = EDGE_LOOP('',(#1426,#1427,#1433));
#1426 = ORIENTED_EDGE('',*,*,#571,.F.);
#1427 = ORIENTED_EDGE('',*,*,#1428,.T.);
#1428 = EDGE_CURVE('',#572,#636,#1429,.T.);
#1429 = LINE('',#1430,#1431);
#1430 = CARTESIAN_POINT('',(2.4,123.1,23.7));
#1431 = VECTOR('',#1432,1.);
#1432 = DIRECTION('',(2.4E-15,0.707106781187,0.707106781187));
#1433 = ORIENTED_EDGE('',*,*,#635,.F.);
#1434 = PLANE('',#1435);
#1435 = AXIS2_PLACEMENT_3D('',#1436,#1437,#1438);
#1436 = CARTESIAN_POINT('',(2.4,123.,23.6));
#1437 = DIRECTION('',(-0.57735026919,-0.57735026919,0.57735026919));
#1438 = DIRECTION('',(0.707106781187,-2.511599300739E-14,0.707106781187)
  );
#1439 = ADVANCED_FACE('',(#1440),#1466,.T.);
#1440 = FACE_BOUND('',#1441,.T.);
#1441 = EDGE_LOOP('',(#1442,#1450,#1451,#1452,#1460));
#1442 = ORIENTED_EDGE('',*,*,#1443,.F.);
#1443 = EDGE_CURVE('',#572,#1444,#1446,.T.);
#1444 = VERTEX_POINT('',#1445);
#1445 = CARTESIAN_POINT('',(12.5,123.,23.6));
#1446 = LINE('',#1447,#1448);
#1447 = CARTESIAN_POINT('',(2.,123.,23.6));
#1448 = VECTOR('',#1449,1.);
#1449 = DIRECTION('',(1.,0.,0.));
#1450 = ORIENTED_EDGE('',*,*,#581,.T.);
#1451 = ORIENTED_EDGE('',*,*,#1278,.T.);
#1452 = ORIENTED_EDGE('',*,*,#1453,.F.);
#1453 = EDGE_CURVE('',#1454,#1279,#1456,.T.);
#1454 = VERTEX_POINT('',#1455);
#1455 = CARTESIAN_POINT('',(14.5,123.,23.6));
#1456 = LINE('',#1457,#1458);
#1457 = CARTESIAN_POINT('',(14.5,123.,16.5));
#1458 = VECTOR('',#1459,1.);
#1459 = DIRECTION('',(-0.,-0.,-1.));
#1460 = ORIENTED_EDGE('',*,*,#1461,.F.);
#1461 = EDGE_CURVE('',#1444,#1454,#1462,.T.);
#1462 = LINE('',#1463,#1464);
#1463 = CARTESIAN_POINT('',(12.5,123.,23.6));
#1464 = VECTOR('',#1465,1.);
#1465 = DIRECTION('',(1.,0.,0.));
#1466 = PLANE('',#1467);
#1467 = AXIS2_PLACEMENT_3D('',#1468,#1469,#1470);
#1468 = CARTESIAN_POINT('',(8.45,123.,21.3));
#1469 = DIRECTION('',(-0.,-1.,-0.));
#1470 = DIRECTION('',(0.,0.,-1.));
#1471 = ADVANCED_FACE('',(#1472,#1545,#1556),#1567,.T.);
#1472 = FACE_BOUND('',#1473,.T.);
#1473 = EDGE_LOOP('',(#1474,#1484,#1492,#1500,#1508,#1516,#1522,#1523,
    #1531,#1539));
#1474 = ORIENTED_EDGE('',*,*,#1475,.F.);
#1475 = EDGE_CURVE('',#1476,#1478,#1480,.T.);
#1476 = VERTEX_POINT('',#1477);
#1477 = CARTESIAN_POINT('',(30.5,125.,3.));
#1478 = VERTEX_POINT('',#1479);
#1479 = CARTESIAN_POINT('',(14.5,125.,3.));
#1480 = LINE('',#1481,#1482);
#1481 = CARTESIAN_POINT('',(32.5,125.,3.));
#1482 = VECTOR('',#1483,1.);
#1483 = DIRECTION('',(-1.,0.,0.));
#1484 = ORIENTED_EDGE('',*,*,#1485,.F.);
#1485 = EDGE_CURVE('',#1486,#1476,#1488,.T.);
#1486 = VERTEX_POINT('',#1487);
#1487 = CARTESIAN_POINT('',(30.5,125.,23.6));
#1488 = LINE('',#1489,#1490);
#1489 = CARTESIAN_POINT('',(30.5,125.,24.));
#1490 = VECTOR('',#1491,1.);
#1491 = DIRECTION('',(0.,-2.2E-16,-1.));
#1492 = ORIENTED_EDGE('',*,*,#1493,.F.);
#1493 = EDGE_CURVE('',#1494,#1486,#1496,.T.);
#1494 = VERTEX_POINT('',#1495);
#1495 = CARTESIAN_POINT('',(32.5,125.,23.6));
#1496 = LINE('',#1497,#1498);
#1497 = CARTESIAN_POINT('',(32.5,125.,23.6));
#1498 = VECTOR('',#1499,1.);
#1499 = DIRECTION('',(-1.,-0.,-0.));
#1500 = ORIENTED_EDGE('',*,*,#1501,.T.);
#1501 = EDGE_CURVE('',#1494,#1502,#1504,.T.);
#1502 = VERTEX_POINT('',#1503);
#1503 = CARTESIAN_POINT('',(42.6,125.,23.6));
#1504 = LINE('',#1505,#1506);
#1505 = CARTESIAN_POINT('',(32.5,125.,23.6));
#1506 = VECTOR('',#1507,1.);
#1507 = DIRECTION('',(1.,0.,0.));
#1508 = ORIENTED_EDGE('',*,*,#1509,.F.);
#1509 = EDGE_CURVE('',#1510,#1502,#1512,.T.);
#1510 = VERTEX_POINT('',#1511);
#1511 = CARTESIAN_POINT('',(42.6,125.,0.4));
#1512 = LINE('',#1513,#1514);
#1513 = CARTESIAN_POINT('',(42.6,125.,-7.11E-15));
#1514 = VECTOR('',#1515,1.);
#1515 = DIRECTION('',(0.,0.,1.));
#1516 = ORIENTED_EDGE('',*,*,#1517,.F.);
#1517 = EDGE_CURVE('',#596,#1510,#1518,.T.);
#1518 = LINE('',#1519,#1520);
#1519 = CARTESIAN_POINT('',(2.,125.,0.4));
#1520 = VECTOR('',#1521,1.);
#1521 = DIRECTION('',(1.,0.,0.));
#1522 = ORIENTED_EDGE('',*,*,#612,.T.);
#1523 = ORIENTED_EDGE('',*,*,#1524,.T.);
#1524 = EDGE_CURVE('',#605,#1525,#1527,.T.);
#1525 = VERTEX_POINT('',#1526);
#1526 = CARTESIAN_POINT('',(12.5,125.,23.6));
#1527 = LINE('',#1528,#1529);
#1528 = CARTESIAN_POINT('',(2.,125.,23.6));
#1529 = VECTOR('',#1530,1.);
#1530 = DIRECTION('',(1.,0.,0.));
#1531 = ORIENTED_EDGE('',*,*,#1532,.T.);
#1532 = EDGE_CURVE('',#1525,#1533,#1535,.T.);
#1533 = VERTEX_POINT('',#1534);
#1534 = CARTESIAN_POINT('',(14.5,125.,23.6));
#1535 = LINE('',#1536,#1537);
#1536 = CARTESIAN_POINT('',(12.5,125.,23.6));
#1537 = VECTOR('',#1538,1.);
#1538 = DIRECTION('',(1.,0.,0.));
#1539 = ORIENTED_EDGE('',*,*,#1540,.T.);
#1540 = EDGE_CURVE('',#1533,#1478,#1541,.T.);
#1541 = LINE('',#1542,#1543);
#1542 = CARTESIAN_POINT('',(14.5,125.,10.5));
#1543 = VECTOR('',#1544,1.);
#1544 = DIRECTION('',(0.,0.,-1.));
#1545 = FACE_BOUND('',#1546,.T.);
#1546 = EDGE_LOOP('',(#1547));
#1547 = ORIENTED_EDGE('',*,*,#1548,.F.);
#1548 = EDGE_CURVE('',#1549,#1549,#1551,.T.);
#1549 = VERTEX_POINT('',#1550);
#1550 = CARTESIAN_POINT('',(11.,125.,5.));
#1551 = CIRCLE('',#1552,2.);
#1552 = AXIS2_PLACEMENT_3D('',#1553,#1554,#1555);
#1553 = CARTESIAN_POINT('',(9.,125.,5.));
#1554 = DIRECTION('',(-0.,1.,0.));
#1555 = DIRECTION('',(1.,0.,0.));
#1556 = FACE_BOUND('',#1557,.T.);
#1557 = EDGE_LOOP('',(#1558));
#1558 = ORIENTED_EDGE('',*,*,#1559,.F.);
#1559 = EDGE_CURVE('',#1560,#1560,#1562,.T.);
#1560 = VERTEX_POINT('',#1561);
#1561 = CARTESIAN_POINT('',(38.,125.,5.));
#1562 = CIRCLE('',#1563,2.);
#1563 = AXIS2_PLACEMENT_3D('',#1564,#1565,#1566);
#1564 = CARTESIAN_POINT('',(36.,125.,5.));
#1565 = DIRECTION('',(-0.,1.,0.));
#1566 = DIRECTION('',(1.,0.,0.));
#1567 = PLANE('',#1568);
#1568 = AXIS2_PLACEMENT_3D('',#1569,#1570,#1571);
#1569 = CARTESIAN_POINT('',(22.5,125.,10.356904761905));
#1570 = DIRECTION('',(0.,1.,0.));
#1571 = DIRECTION('',(0.,0.,1.));
#1572 = ADVANCED_FACE('',(#1573),#1583,.T.);
#1573 = FACE_BOUND('',#1574,.T.);
#1574 = EDGE_LOOP('',(#1575,#1576,#1582));
#1575 = ORIENTED_EDGE('',*,*,#626,.F.);
#1576 = ORIENTED_EDGE('',*,*,#1577,.T.);
#1577 = EDGE_CURVE('',#627,#605,#1578,.T.);
#1578 = LINE('',#1579,#1580);
#1579 = CARTESIAN_POINT('',(2.4,124.7,23.9));
#1580 = VECTOR('',#1581,1.);
#1581 = DIRECTION('',(-2.13E-14,0.707106781187,-0.707106781187));
#1582 = ORIENTED_EDGE('',*,*,#604,.F.);
#1583 = PLANE('',#1584);
#1584 = AXIS2_PLACEMENT_3D('',#1585,#1586,#1587);
#1585 = CARTESIAN_POINT('',(2.4,124.6,24.));
#1586 = DIRECTION('',(-0.57735026919,0.57735026919,0.57735026919));
#1587 = DIRECTION('',(0.707106781187,0.707106781187,1.380469762226E-17)
  );
#1588 = ADVANCED_FACE('',(#1589),#1614,.F.);
#1589 = FACE_BOUND('',#1590,.F.);
#1590 = EDGE_LOOP('',(#1591,#1592,#1600,#1608));
#1591 = ORIENTED_EDGE('',*,*,#643,.F.);
#1592 = ORIENTED_EDGE('',*,*,#1593,.T.);
#1593 = EDGE_CURVE('',#627,#1594,#1596,.T.);
#1594 = VERTEX_POINT('',#1595);
#1595 = CARTESIAN_POINT('',(12.1,124.6,24.));
#1596 = LINE('',#1597,#1598);
#1597 = CARTESIAN_POINT('',(2.,124.6,24.));
#1598 = VECTOR('',#1599,1.);
#1599 = DIRECTION('',(1.,0.,0.));
#1600 = ORIENTED_EDGE('',*,*,#1601,.T.);
#1601 = EDGE_CURVE('',#1594,#1602,#1604,.T.);
#1602 = VERTEX_POINT('',#1603);
#1603 = CARTESIAN_POINT('',(12.1,123.4,24.));
#1604 = LINE('',#1605,#1606);
#1605 = CARTESIAN_POINT('',(12.1,125.,24.));
#1606 = VECTOR('',#1607,1.);
#1607 = DIRECTION('',(0.,-1.,2.2E-16));
#1608 = ORIENTED_EDGE('',*,*,#1609,.F.);
#1609 = EDGE_CURVE('',#636,#1602,#1610,.T.);
#1610 = LINE('',#1611,#1612);
#1611 = CARTESIAN_POINT('',(2.,123.4,24.));
#1612 = VECTOR('',#1613,1.);
#1613 = DIRECTION('',(1.,0.,0.));
#1614 = PLANE('',#1615);
#1615 = AXIS2_PLACEMENT_3D('',#1616,#1617,#1618);
#1616 = CARTESIAN_POINT('',(0.,125.,24.));
#1617 = DIRECTION('',(0.,0.,-1.));
#1618 = DIRECTION('',(0.,-1.,0.));
#1619 = ADVANCED_FACE('',(#1620,#1684),#1687,.T.);
#1620 = FACE_BOUND('',#1621,.T.);
#1621 = EDGE_LOOP('',(#1622,#1632,#1640,#1646,#1647,#1655,#1661,#1662,
    #1668,#1669,#1670,#1671,#1677,#1678));
#1622 = ORIENTED_EDGE('',*,*,#1623,.F.);
#1623 = EDGE_CURVE('',#1624,#1626,#1628,.T.);
#1624 = VERTEX_POINT('',#1625);
#1625 = CARTESIAN_POINT('',(14.5,114.6,9.));
#1626 = VERTEX_POINT('',#1627);
#1627 = CARTESIAN_POINT('',(14.5,104.93877422494,9.));
#1628 = LINE('',#1629,#1630);
#1629 = CARTESIAN_POINT('',(14.5,125.,9.));
#1630 = VECTOR('',#1631,1.);
#1631 = DIRECTION('',(0.,-1.,2.2E-16));
#1632 = ORIENTED_EDGE('',*,*,#1633,.F.);
#1633 = EDGE_CURVE('',#1634,#1624,#1636,.T.);
#1634 = VERTEX_POINT('',#1635);
#1635 = CARTESIAN_POINT('',(14.5,117.6,6.));
#1636 = LINE('',#1637,#1638);
#1637 = CARTESIAN_POINT('',(14.5,114.79761536187,8.802384638127));
#1638 = VECTOR('',#1639,1.);
#1639 = DIRECTION('',(-1.9E-16,-0.707106781187,0.707106781187));
#1640 = ORIENTED_EDGE('',*,*,#1641,.F.);
#1641 = EDGE_CURVE('',#1372,#1634,#1642,.T.);
#1642 = LINE('',#1643,#1644);
#1643 = CARTESIAN_POINT('',(14.5,117.6,0.));
#1644 = VECTOR('',#1645,1.);
#1645 = DIRECTION('',(0.,0.,1.));
#1646 = ORIENTED_EDGE('',*,*,#1371,.T.);
#1647 = ORIENTED_EDGE('',*,*,#1648,.T.);
#1648 = EDGE_CURVE('',#1374,#1649,#1651,.T.);
#1649 = VERTEX_POINT('',#1650);
#1650 = CARTESIAN_POINT('',(14.5,124.1,3.9));
#1651 = LINE('',#1652,#1653);
#1652 = CARTESIAN_POINT('',(14.5,124.1,0.));
#1653 = VECTOR('',#1654,1.);
#1654 = DIRECTION('',(0.,0.,1.));
#1655 = ORIENTED_EDGE('',*,*,#1656,.F.);
#1656 = EDGE_CURVE('',#1478,#1649,#1657,.T.);
#1657 = LINE('',#1658,#1659);
#1658 = CARTESIAN_POINT('',(14.5,122.,6.));
#1659 = VECTOR('',#1660,1.);
#1660 = DIRECTION('',(0.,-0.707106781187,0.707106781187));
#1661 = ORIENTED_EDGE('',*,*,#1540,.F.);
#1662 = ORIENTED_EDGE('',*,*,#1663,.T.);
#1663 = EDGE_CURVE('',#1533,#1454,#1664,.T.);
#1664 = LINE('',#1665,#1666);
#1665 = CARTESIAN_POINT('',(14.5,125.,23.6));
#1666 = VECTOR('',#1667,1.);
#1667 = DIRECTION('',(0.,-1.,2.2E-16));
#1668 = ORIENTED_EDGE('',*,*,#1453,.T.);
#1669 = ORIENTED_EDGE('',*,*,#1288,.T.);
#1670 = ORIENTED_EDGE('',*,*,#1215,.F.);
#1671 = ORIENTED_EDGE('',*,*,#1672,.T.);
#1672 = EDGE_CURVE('',#1208,#1056,#1673,.T.);
#1673 = LINE('',#1674,#1675);
#1674 = CARTESIAN_POINT('',(14.5,106.93877422494,23.6));
#1675 = VECTOR('',#1676,1.);
#1676 = DIRECTION('',(0.,-1.,2.2E-16));
#1677 = ORIENTED_EDGE('',*,*,#1055,.T.);
#1678 = ORIENTED_EDGE('',*,*,#1679,.T.);
#1679 = EDGE_CURVE('',#1048,#1626,#1680,.T.);
#1680 = LINE('',#1681,#1682);
#1681 = CARTESIAN_POINT('',(14.5,104.93877422494,16.5));
#1682 = VECTOR('',#1683,1.);
#1683 = DIRECTION('',(0.,0.,-1.));
#1684 = FACE_BOUND('',#1685,.T.);
#1685 = EDGE_LOOP('',(#1686));
#1686 = ORIENTED_EDGE('',*,*,#667,.F.);
#1687 = PLANE('',#1688);
#1688 = AXIS2_PLACEMENT_3D('',#1689,#1690,#1691);
#1689 = CARTESIAN_POINT('',(14.5,116.18300472782,13.080778145493));
#1690 = DIRECTION('',(1.,0.,2.7E-16));
#1691 = DIRECTION('',(-2.7E-16,0.,1.));
#1692 = ADVANCED_FACE('',(#1693),#1704,.F.);
#1693 = FACE_BOUND('',#1694,.T.);
#1694 = EDGE_LOOP('',(#1695,#1701,#1702,#1703));
#1695 = ORIENTED_EDGE('',*,*,#1696,.F.);
#1696 = EDGE_CURVE('',#683,#868,#1697,.T.);
#1697 = LINE('',#1698,#1699);
#1698 = CARTESIAN_POINT('',(0.,9.5,30.));
#1699 = VECTOR('',#1700,1.);
#1700 = DIRECTION('',(1.,0.,0.));
#1701 = ORIENTED_EDGE('',*,*,#692,.F.);
#1702 = ORIENTED_EDGE('',*,*,#1696,.T.);
#1703 = ORIENTED_EDGE('',*,*,#867,.F.);
#1704 = CYLINDRICAL_SURFACE('',#1705,1.5);
#1705 = AXIS2_PLACEMENT_3D('',#1706,#1707,#1708);
#1706 = CARTESIAN_POINT('',(0.,8.,30.));
#1707 = DIRECTION('',(-1.,-0.,-0.));
#1708 = DIRECTION('',(0.,1.,0.));
#1709 = ADVANCED_FACE('',(#1710),#1751,.T.);
#1710 = FACE_BOUND('',#1711,.T.);
#1711 = EDGE_LOOP('',(#1712,#1722,#1730,#1736,#1737,#1745));
#1712 = ORIENTED_EDGE('',*,*,#1713,.T.);
#1713 = EDGE_CURVE('',#1714,#1716,#1718,.T.);
#1714 = VERTEX_POINT('',#1715);
#1715 = CARTESIAN_POINT('',(11.25,89.383745452821,15.077949984798));
#1716 = VERTEX_POINT('',#1717);
#1717 = CARTESIAN_POINT('',(11.25,97.087362767003,18.670202798373));
#1718 = LINE('',#1719,#1720);
#1719 = CARTESIAN_POINT('',(11.25,80.773820219324,11.063079193155));
#1720 = VECTOR('',#1721,1.);
#1721 = DIRECTION('',(0.,0.906307919316,0.422617978068));
#1722 = ORIENTED_EDGE('',*,*,#1723,.T.);
#1723 = EDGE_CURVE('',#1716,#1724,#1726,.T.);
#1724 = VERTEX_POINT('',#1725);
#1725 = CARTESIAN_POINT('',(11.25,102.40306635653,16.735443033381));
#1726 = LINE('',#1727,#1728);
#1727 = CARTESIAN_POINT('',(11.25,95.75843686962,19.15389273962));
#1728 = VECTOR('',#1729,1.);
#1729 = DIRECTION('',(0.,0.939692513734,-0.342020437448));
#1730 = ORIENTED_EDGE('',*,*,#1731,.F.);
#1731 = EDGE_CURVE('',#733,#1724,#1732,.T.);
#1732 = LINE('',#1733,#1734);
#1733 = CARTESIAN_POINT('',(11.25,104.93877422494,11.297595517488));
#1734 = VECTOR('',#1735,1.);
#1735 = DIRECTION('',(0.,-0.422617978068,0.906307919316));
#1736 = ORIENTED_EDGE('',*,*,#758,.F.);
#1737 = ORIENTED_EDGE('',*,*,#1738,.T.);
#1738 = EDGE_CURVE('',#751,#1739,#1741,.T.);
#1739 = VERTEX_POINT('',#1740);
#1740 = CARTESIAN_POINT('',(11.25,84.788691010966,2.453153959658));
#1741 = LINE('',#1742,#1743);
#1742 = CARTESIAN_POINT('',(11.25,85.,2.));
#1743 = VECTOR('',#1744,1.);
#1744 = DIRECTION('',(0.,-0.422617978068,0.906307919316));
#1745 = ORIENTED_EDGE('',*,*,#1746,.T.);
#1746 = EDGE_CURVE('',#1739,#1714,#1747,.T.);
#1747 = LINE('',#1748,#1749);
#1748 = CARTESIAN_POINT('',(11.25,85.876993378774,5.44323722877));
#1749 = VECTOR('',#1750,1.);
#1750 = DIRECTION('',(0.,0.342020437448,0.939692513734));
#1751 = PLANE('',#1752);
#1752 = AXIS2_PLACEMENT_3D('',#1753,#1754,#1755);
#1753 = CARTESIAN_POINT('',(11.25,85.,2.));
#1754 = DIRECTION('',(-1.,0.,0.));
#1755 = DIRECTION('',(0.,0.906307919316,0.422617978068));
#1756 = ADVANCED_FACE('',(#1757),#1768,.F.);
#1757 = FACE_BOUND('',#1758,.F.);
#1758 = EDGE_LOOP('',(#1759,#1760,#1761,#1767));
#1759 = ORIENTED_EDGE('',*,*,#847,.T.);
#1760 = ORIENTED_EDGE('',*,*,#884,.T.);
#1761 = ORIENTED_EDGE('',*,*,#1762,.F.);
#1762 = EDGE_CURVE('',#1162,#885,#1763,.T.);
#1763 = LINE('',#1764,#1765);
#1764 = CARTESIAN_POINT('',(38.5,3.,35.));
#1765 = VECTOR('',#1766,1.);
#1766 = DIRECTION('',(-0.,-0.,-1.));
#1767 = ORIENTED_EDGE('',*,*,#1161,.F.);
#1768 = PLANE('',#1769);
#1769 = AXIS2_PLACEMENT_3D('',#1770,#1771,#1772);
#1770 = CARTESIAN_POINT('',(6.5,3.,35.));
#1771 = DIRECTION('',(0.,-1.,0.));
#1772 = DIRECTION('',(1.,0.,0.));
#1773 = ADVANCED_FACE('',(#1774),#1792,.T.);
#1774 = FACE_BOUND('',#1775,.T.);
#1775 = EDGE_LOOP('',(#1776,#1784,#1790,#1791));
#1776 = ORIENTED_EDGE('',*,*,#1777,.T.);
#1777 = EDGE_CURVE('',#949,#1778,#1780,.T.);
#1778 = VERTEX_POINT('',#1779);
#1779 = CARTESIAN_POINT('',(15.25,84.788691010966,2.453153959658));
#1780 = LINE('',#1781,#1782);
#1781 = CARTESIAN_POINT('',(15.25,85.,2.));
#1782 = VECTOR('',#1783,1.);
#1783 = DIRECTION('',(0.,-0.422617978068,0.906307919316));
#1784 = ORIENTED_EDGE('',*,*,#1785,.T.);
#1785 = EDGE_CURVE('',#1778,#1739,#1786,.T.);
#1786 = LINE('',#1787,#1788);
#1787 = CARTESIAN_POINT('',(15.25,84.788691010966,2.453153959658));
#1788 = VECTOR('',#1789,1.);
#1789 = DIRECTION('',(-1.,0.,0.));
#1790 = ORIENTED_EDGE('',*,*,#1738,.F.);
#1791 = ORIENTED_EDGE('',*,*,#956,.T.);
#1792 = PLANE('',#1793);
#1793 = AXIS2_PLACEMENT_3D('',#1794,#1795,#1796);
#1794 = CARTESIAN_POINT('',(15.25,85.,2.));
#1795 = DIRECTION('',(-0.,-0.906307919316,-0.422617978068));
#1796 = DIRECTION('',(-1.,0.,0.));
#1797 = ADVANCED_FACE('',(#1798,#1823),#1927,.T.);
#1798 = FACE_BOUND('',#1799,.T.);
#1799 = EDGE_LOOP('',(#1800,#1808,#1809,#1817));
#1800 = ORIENTED_EDGE('',*,*,#1801,.T.);
#1801 = EDGE_CURVE('',#1802,#949,#1804,.T.);
#1802 = VERTEX_POINT('',#1803);
#1803 = CARTESIAN_POINT('',(15.25,104.93877422494,11.297595517488));
#1804 = LINE('',#1805,#1806);
#1805 = CARTESIAN_POINT('',(15.25,104.93877422494,11.297595517488));
#1806 = VECTOR('',#1807,1.);
#1807 = DIRECTION('',(0.,-0.906307919316,-0.422617978068));
#1808 = ORIENTED_EDGE('',*,*,#948,.T.);
#1809 = ORIENTED_EDGE('',*,*,#1810,.F.);
#1810 = EDGE_CURVE('',#1811,#941,#1813,.T.);
#1811 = VERTEX_POINT('',#1812);
#1812 = CARTESIAN_POINT('',(29.75,104.93877422494,11.297595517488));
#1813 = LINE('',#1814,#1815);
#1814 = CARTESIAN_POINT('',(29.75,104.93877422494,11.297595517488));
#1815 = VECTOR('',#1816,1.);
#1816 = DIRECTION('',(0.,-0.906307919316,-0.422617978068));
#1817 = ORIENTED_EDGE('',*,*,#1818,.F.);
#1818 = EDGE_CURVE('',#1802,#1811,#1819,.T.);
#1819 = LINE('',#1820,#1821);
#1820 = CARTESIAN_POINT('',(0.,104.93877422494,11.297595517488));
#1821 = VECTOR('',#1822,1.);
#1822 = DIRECTION('',(1.,0.,0.));
#1823 = FACE_BOUND('',#1824,.T.);
#1824 = EDGE_LOOP('',(#1825,#1836,#1844,#1853,#1861,#1870,#1878,#1887,
    #1895,#1904,#1912,#1921));
#1825 = ORIENTED_EDGE('',*,*,#1826,.F.);
#1826 = EDGE_CURVE('',#1827,#1829,#1831,.T.);
#1827 = VERTEX_POINT('',#1828);
#1828 = CARTESIAN_POINT('',(24.5,89.472094478391,4.08537019914));
#1829 = VERTEX_POINT('',#1830);
#1830 = CARTESIAN_POINT('',(24.5,94.678437097953,6.513125649703));
#1831 = CIRCLE('',#1832,3.5);
#1832 = AXIS2_PLACEMENT_3D('',#1833,#1834,#1835);
#1833 = CARTESIAN_POINT('',(22.5,92.075265788172,5.299247924421));
#1834 = DIRECTION('',(0.,-0.422617978068,0.906307919316));
#1835 = DIRECTION('',(1.,0.,0.));
#1836 = ORIENTED_EDGE('',*,*,#1837,.F.);
#1837 = EDGE_CURVE('',#1838,#1827,#1840,.T.);
#1838 = VERTEX_POINT('',#1839);
#1839 = CARTESIAN_POINT('',(24.5,88.841920748914,3.791515603249));
#1840 = LINE('',#1841,#1842);
#1841 = CARTESIAN_POINT('',(24.5,88.841920748914,3.791515603249));
#1842 = VECTOR('',#1843,1.);
#1843 = DIRECTION('',(0.,0.906307919316,0.422617978068));
#1844 = ORIENTED_EDGE('',*,*,#1845,.F.);
#1845 = EDGE_CURVE('',#1846,#1838,#1848,.T.);
#1846 = VERTEX_POINT('',#1847);
#1847 = CARTESIAN_POINT('',(23.5,87.935612829599,3.368897625182));
#1848 = CIRCLE('',#1849,1.);
#1849 = AXIS2_PLACEMENT_3D('',#1850,#1851,#1852);
#1850 = CARTESIAN_POINT('',(23.5,88.841920748914,3.791515603249));
#1851 = DIRECTION('',(0.,-0.422617978068,0.906307919316));
#1852 = DIRECTION('',(0.,0.906307919316,0.422617978068));
#1853 = ORIENTED_EDGE('',*,*,#1854,.F.);
#1854 = EDGE_CURVE('',#1855,#1846,#1857,.T.);
#1855 = VERTEX_POINT('',#1856);
#1856 = CARTESIAN_POINT('',(21.5,87.935612829599,3.368897625182));
#1857 = LINE('',#1858,#1859);
#1858 = CARTESIAN_POINT('',(21.5,87.935612829599,3.368897625182));
#1859 = VECTOR('',#1860,1.);
#1860 = DIRECTION('',(1.,0.,0.));
#1861 = ORIENTED_EDGE('',*,*,#1862,.F.);
#1862 = EDGE_CURVE('',#1863,#1855,#1865,.T.);
#1863 = VERTEX_POINT('',#1864);
#1864 = CARTESIAN_POINT('',(20.5,88.841920748914,3.791515603249));
#1865 = CIRCLE('',#1866,1.);
#1866 = AXIS2_PLACEMENT_3D('',#1867,#1868,#1869);
#1867 = CARTESIAN_POINT('',(21.5,88.841920748914,3.791515603249));
#1868 = DIRECTION('',(0.,-0.422617978068,0.906307919316));
#1869 = DIRECTION('',(1.,0.,0.));
#1870 = ORIENTED_EDGE('',*,*,#1871,.F.);
#1871 = EDGE_CURVE('',#1872,#1863,#1874,.T.);
#1872 = VERTEX_POINT('',#1873);
#1873 = CARTESIAN_POINT('',(20.5,89.472094478391,4.08537019914));
#1874 = LINE('',#1875,#1876);
#1875 = CARTESIAN_POINT('',(20.5,89.472094478391,4.08537019914));
#1876 = VECTOR('',#1877,1.);
#1877 = DIRECTION('',(0.,-0.906307919316,-0.422617978068));
#1878 = ORIENTED_EDGE('',*,*,#1879,.F.);
#1879 = EDGE_CURVE('',#1880,#1872,#1882,.T.);
#1880 = VERTEX_POINT('',#1881);
#1881 = CARTESIAN_POINT('',(20.5,94.678437097953,6.513125649703));
#1882 = CIRCLE('',#1883,3.5);
#1883 = AXIS2_PLACEMENT_3D('',#1884,#1885,#1886);
#1884 = CARTESIAN_POINT('',(22.5,92.075265788172,5.299247924421));
#1885 = DIRECTION('',(0.,-0.422617978068,0.906307919316));
#1886 = DIRECTION('',(1.,0.,0.));
#1887 = ORIENTED_EDGE('',*,*,#1888,.F.);
#1888 = EDGE_CURVE('',#1889,#1880,#1891,.T.);
#1889 = VERTEX_POINT('',#1890);
#1890 = CARTESIAN_POINT('',(20.5,95.186076184123,6.749841449723));
#1891 = LINE('',#1892,#1893);
#1892 = CARTESIAN_POINT('',(20.5,95.186076184123,6.749841449723));
#1893 = VECTOR('',#1894,1.);
#1894 = DIRECTION('',(0.,-0.906307919316,-0.422617978068));
#1895 = ORIENTED_EDGE('',*,*,#1896,.F.);
#1896 = EDGE_CURVE('',#1897,#1889,#1899,.T.);
#1897 = VERTEX_POINT('',#1898);
#1898 = CARTESIAN_POINT('',(21.5,96.092384103438,7.17245942779));
#1899 = CIRCLE('',#1900,1.);
#1900 = AXIS2_PLACEMENT_3D('',#1901,#1902,#1903);
#1901 = CARTESIAN_POINT('',(21.5,95.186076184123,6.749841449723));
#1902 = DIRECTION('',(0.,-0.422617978068,0.906307919316));
#1903 = DIRECTION('',(0.,-0.906307919316,-0.422617978068));
#1904 = ORIENTED_EDGE('',*,*,#1905,.F.);
#1905 = EDGE_CURVE('',#1906,#1897,#1908,.T.);
#1906 = VERTEX_POINT('',#1907);
#1907 = CARTESIAN_POINT('',(23.5,96.092384103438,7.17245942779));
#1908 = LINE('',#1909,#1910);
#1909 = CARTESIAN_POINT('',(23.5,96.092384103438,7.17245942779));
#1910 = VECTOR('',#1911,1.);
#1911 = DIRECTION('',(-1.,0.,0.));
#1912 = ORIENTED_EDGE('',*,*,#1913,.F.);
#1913 = EDGE_CURVE('',#1914,#1906,#1916,.T.);
#1914 = VERTEX_POINT('',#1915);
#1915 = CARTESIAN_POINT('',(24.5,95.186076184123,6.749841449723));
#1916 = CIRCLE('',#1917,1.);
#1917 = AXIS2_PLACEMENT_3D('',#1918,#1919,#1920);
#1918 = CARTESIAN_POINT('',(23.5,95.186076184123,6.749841449723));
#1919 = DIRECTION('',(0.,-0.422617978068,0.906307919316));
#1920 = DIRECTION('',(-1.,0.,0.));
#1921 = ORIENTED_EDGE('',*,*,#1922,.F.);
#1922 = EDGE_CURVE('',#1829,#1914,#1923,.T.);
#1923 = LINE('',#1924,#1925);
#1924 = CARTESIAN_POINT('',(24.5,94.678437097953,6.513125649703));
#1925 = VECTOR('',#1926,1.);
#1926 = DIRECTION('',(0.,0.906307919316,0.422617978068));
#1927 = PLANE('',#1928);
#1928 = AXIS2_PLACEMENT_3D('',#1929,#1930,#1931);
#1929 = CARTESIAN_POINT('',(0.,85.,2.));
#1930 = DIRECTION('',(0.,-0.422617978068,0.906307919316));
#1931 = DIRECTION('',(0.,0.906307919316,0.422617978068));
#1932 = ADVANCED_FACE('',(#1933),#1958,.F.);
#1933 = FACE_BOUND('',#1934,.F.);
#1934 = EDGE_LOOP('',(#1935,#1943,#1951,#1957));
#1935 = ORIENTED_EDGE('',*,*,#1936,.T.);
#1936 = EDGE_CURVE('',#941,#1937,#1939,.T.);
#1937 = VERTEX_POINT('',#1938);
#1938 = CARTESIAN_POINT('',(29.75,84.788691010966,2.453153959658));
#1939 = LINE('',#1940,#1941);
#1940 = CARTESIAN_POINT('',(29.75,85.,2.));
#1941 = VECTOR('',#1942,1.);
#1942 = DIRECTION('',(0.,-0.422617978068,0.906307919316));
#1943 = ORIENTED_EDGE('',*,*,#1944,.T.);
#1944 = EDGE_CURVE('',#1937,#1945,#1947,.T.);
#1945 = VERTEX_POINT('',#1946);
#1946 = CARTESIAN_POINT('',(33.75,84.788691010966,2.453153959658));
#1947 = LINE('',#1948,#1949);
#1948 = CARTESIAN_POINT('',(29.75,84.788691010966,2.453153959658));
#1949 = VECTOR('',#1950,1.);
#1950 = DIRECTION('',(1.,0.,0.));
#1951 = ORIENTED_EDGE('',*,*,#1952,.F.);
#1952 = EDGE_CURVE('',#933,#1945,#1953,.T.);
#1953 = LINE('',#1954,#1955);
#1954 = CARTESIAN_POINT('',(33.75,85.,2.));
#1955 = VECTOR('',#1956,1.);
#1956 = DIRECTION('',(0.,-0.422617978068,0.906307919316));
#1957 = ORIENTED_EDGE('',*,*,#940,.F.);
#1958 = PLANE('',#1959);
#1959 = AXIS2_PLACEMENT_3D('',#1960,#1961,#1962);
#1960 = CARTESIAN_POINT('',(29.75,85.,2.));
#1961 = DIRECTION('',(0.,0.906307919316,0.422617978068));
#1962 = DIRECTION('',(1.,0.,0.));
#1963 = ADVANCED_FACE('',(#1964),#2005,.T.);
#1964 = FACE_BOUND('',#1965,.T.);
#1965 = EDGE_LOOP('',(#1966,#1976,#1982,#1983,#1991,#1999));
#1966 = ORIENTED_EDGE('',*,*,#1967,.F.);
#1967 = EDGE_CURVE('',#1968,#1970,#1972,.T.);
#1968 = VERTEX_POINT('',#1969);
#1969 = CARTESIAN_POINT('',(33.75,104.93877422494,11.297595517488));
#1970 = VERTEX_POINT('',#1971);
#1971 = CARTESIAN_POINT('',(42.6,104.93877422494,11.297595517488));
#1972 = LINE('',#1973,#1974);
#1973 = CARTESIAN_POINT('',(0.,104.93877422494,11.297595517488));
#1974 = VECTOR('',#1975,1.);
#1975 = DIRECTION('',(1.,0.,0.));
#1976 = ORIENTED_EDGE('',*,*,#1977,.T.);
#1977 = EDGE_CURVE('',#1968,#933,#1978,.T.);
#1978 = LINE('',#1979,#1980);
#1979 = CARTESIAN_POINT('',(33.75,104.93877422494,11.297595517488));
#1980 = VECTOR('',#1981,1.);
#1981 = DIRECTION('',(0.,-0.906307919316,-0.422617978068));
#1982 = ORIENTED_EDGE('',*,*,#932,.T.);
#1983 = ORIENTED_EDGE('',*,*,#1984,.T.);
#1984 = EDGE_CURVE('',#925,#1985,#1987,.T.);
#1985 = VERTEX_POINT('',#1986);
#1986 = CARTESIAN_POINT('',(42.,93.578034691846,6.));
#1987 = LINE('',#1988,#1989);
#1988 = CARTESIAN_POINT('',(42.,101.04485887191,9.48183445197));
#1989 = VECTOR('',#1990,1.);
#1990 = DIRECTION('',(0.,0.906307919316,0.422617978068));
#1991 = ORIENTED_EDGE('',*,*,#1992,.F.);
#1992 = EDGE_CURVE('',#1993,#1985,#1995,.T.);
#1993 = VERTEX_POINT('',#1994);
#1994 = CARTESIAN_POINT('',(42.6,93.578034691846,6.));
#1995 = LINE('',#1996,#1997);
#1996 = CARTESIAN_POINT('',(43.5,93.578034691846,6.));
#1997 = VECTOR('',#1998,1.);
#1998 = DIRECTION('',(-1.,-0.,-0.));
#1999 = ORIENTED_EDGE('',*,*,#2000,.T.);
#2000 = EDGE_CURVE('',#1993,#1970,#2001,.T.);
#2001 = LINE('',#2002,#2003);
#2002 = CARTESIAN_POINT('',(42.6,93.578034691846,6.));
#2003 = VECTOR('',#2004,1.);
#2004 = DIRECTION('',(0.,0.906307919316,0.422617978068));
#2005 = PLANE('',#2006);
#2006 = AXIS2_PLACEMENT_3D('',#2007,#2008,#2009);
#2007 = CARTESIAN_POINT('',(0.,85.,2.));
#2008 = DIRECTION('',(0.,-0.422617978068,0.906307919316));
#2009 = DIRECTION('',(0.,0.906307919316,0.422617978068));
#2010 = ADVANCED_FACE('',(#2011),#2031,.F.);
#2011 = FACE_BOUND('',#2012,.F.);
#2012 = EDGE_LOOP('',(#2013,#2014,#2022,#2028,#2029,#2030));
#2013 = ORIENTED_EDGE('',*,*,#1984,.T.);
#2014 = ORIENTED_EDGE('',*,*,#2015,.T.);
#2015 = EDGE_CURVE('',#1985,#2016,#2018,.T.);
#2016 = VERTEX_POINT('',#2017);
#2017 = CARTESIAN_POINT('',(42.,35.,6.));
#2018 = LINE('',#2019,#2020);
#2019 = CARTESIAN_POINT('',(42.,125.,6.));
#2020 = VECTOR('',#2021,1.);
#2021 = DIRECTION('',(0.,-1.,0.));
#2022 = ORIENTED_EDGE('',*,*,#2023,.F.);
#2023 = EDGE_CURVE('',#901,#2016,#2024,.T.);
#2024 = LINE('',#2025,#2026);
#2025 = CARTESIAN_POINT('',(42.,54.5,-13.5));
#2026 = VECTOR('',#2027,1.);
#2027 = DIRECTION('',(0.,-0.707106781187,0.707106781187));
#2028 = ORIENTED_EDGE('',*,*,#908,.T.);
#2029 = ORIENTED_EDGE('',*,*,#916,.T.);
#2030 = ORIENTED_EDGE('',*,*,#924,.T.);
#2031 = PLANE('',#2032);
#2032 = AXIS2_PLACEMENT_3D('',#2033,#2034,#2035);
#2033 = CARTESIAN_POINT('',(42.,125.,-1.531E-14));
#2034 = DIRECTION('',(1.,0.,0.));
#2035 = DIRECTION('',(0.,-1.,1.2E-16));
#2036 = ADVANCED_FACE('',(#2037),#2071,.F.);
#2037 = FACE_BOUND('',#2038,.F.);
#2038 = EDGE_LOOP('',(#2039,#2049,#2055,#2056,#2057,#2065));
#2039 = ORIENTED_EDGE('',*,*,#2040,.F.);
#2040 = EDGE_CURVE('',#2041,#2043,#2045,.T.);
#2041 = VERTEX_POINT('',#2042);
#2042 = CARTESIAN_POINT('',(38.5,13.,28.));
#2043 = VERTEX_POINT('',#2044);
#2044 = CARTESIAN_POINT('',(42.6,13.,28.));
#2045 = LINE('',#2046,#2047);
#2046 = CARTESIAN_POINT('',(38.5,13.,28.));
#2047 = VECTOR('',#2048,1.);
#2048 = DIRECTION('',(1.,0.,0.));
#2049 = ORIENTED_EDGE('',*,*,#2050,.F.);
#2050 = EDGE_CURVE('',#893,#2041,#2051,.T.);
#2051 = LINE('',#2052,#2053);
#2052 = CARTESIAN_POINT('',(38.5,15.25,25.75));
#2053 = VECTOR('',#2054,1.);
#2054 = DIRECTION('',(0.,-0.707106781187,0.707106781187));
#2055 = ORIENTED_EDGE('',*,*,#900,.T.);
#2056 = ORIENTED_EDGE('',*,*,#2023,.T.);
#2057 = ORIENTED_EDGE('',*,*,#2058,.F.);
#2058 = EDGE_CURVE('',#2059,#2016,#2061,.T.);
#2059 = VERTEX_POINT('',#2060);
#2060 = CARTESIAN_POINT('',(42.6,35.,6.));
#2061 = LINE('',#2062,#2063);
#2062 = CARTESIAN_POINT('',(30.5,35.,6.));
#2063 = VECTOR('',#2064,1.);
#2064 = DIRECTION('',(-1.,-3.E-17,0.));
#2065 = ORIENTED_EDGE('',*,*,#2066,.T.);
#2066 = EDGE_CURVE('',#2059,#2043,#2067,.T.);
#2067 = LINE('',#2068,#2069);
#2068 = CARTESIAN_POINT('',(42.6,35.,6.));
#2069 = VECTOR('',#2070,1.);
#2070 = DIRECTION('',(0.,-0.707106781187,0.707106781187));
#2071 = PLANE('',#2072);
#2072 = AXIS2_PLACEMENT_3D('',#2073,#2074,#2075);
#2073 = CARTESIAN_POINT('',(38.5,26.,15.));
#2074 = DIRECTION('',(2.E-17,-0.707106781187,-0.707106781187));
#2075 = DIRECTION('',(1.,1.414213562373E-17,1.414213562373E-17));
#2076 = ADVANCED_FACE('',(#2077,#2098,#2109),#2120,.T.);
#2077 = FACE_BOUND('',#2078,.T.);
#2078 = EDGE_LOOP('',(#2079,#2087,#2088,#2089,#2090,#2091));
#2079 = ORIENTED_EDGE('',*,*,#2080,.T.);
#2080 = EDGE_CURVE('',#2081,#2041,#2083,.T.);
#2081 = VERTEX_POINT('',#2082);
#2082 = CARTESIAN_POINT('',(38.5,13.,30.));
#2083 = LINE('',#2084,#2085);
#2084 = CARTESIAN_POINT('',(38.5,13.,35.));
#2085 = VECTOR('',#2086,1.);
#2086 = DIRECTION('',(-0.,-0.,-1.));
#2087 = ORIENTED_EDGE('',*,*,#2050,.F.);
#2088 = ORIENTED_EDGE('',*,*,#892,.F.);
#2089 = ORIENTED_EDGE('',*,*,#1762,.F.);
#2090 = ORIENTED_EDGE('',*,*,#1169,.T.);
#2091 = ORIENTED_EDGE('',*,*,#2092,.T.);
#2092 = EDGE_CURVE('',#1170,#2081,#2093,.T.);
#2093 = CIRCLE('',#2094,5.);
#2094 = AXIS2_PLACEMENT_3D('',#2095,#2096,#2097);
#2095 = CARTESIAN_POINT('',(38.5,8.,30.));
#2096 = DIRECTION('',(-1.,0.,0.));
#2097 = DIRECTION('',(0.,1.,0.));
#2098 = FACE_BOUND('',#2099,.T.);
#2099 = EDGE_LOOP('',(#2100));
#2100 = ORIENTED_EDGE('',*,*,#2101,.T.);
#2101 = EDGE_CURVE('',#2102,#2102,#2104,.T.);
#2102 = VERTEX_POINT('',#2103);
#2103 = CARTESIAN_POINT('',(38.5,10.,17.));
#2104 = CIRCLE('',#2105,2.);
#2105 = AXIS2_PLACEMENT_3D('',#2106,#2107,#2108);
#2106 = CARTESIAN_POINT('',(38.5,10.,15.));
#2107 = DIRECTION('',(1.,0.,-0.));
#2108 = DIRECTION('',(0.,0.,1.));
#2109 = FACE_BOUND('',#2110,.T.);
#2110 = EDGE_LOOP('',(#2111));
#2111 = ORIENTED_EDGE('',*,*,#2112,.F.);
#2112 = EDGE_CURVE('',#2113,#2113,#2115,.T.);
#2113 = VERTEX_POINT('',#2114);
#2114 = CARTESIAN_POINT('',(38.5,9.5,30.));
#2115 = CIRCLE('',#2116,1.5);
#2116 = AXIS2_PLACEMENT_3D('',#2117,#2118,#2119);
#2117 = CARTESIAN_POINT('',(38.5,8.,30.));
#2118 = DIRECTION('',(-1.,0.,0.));
#2119 = DIRECTION('',(0.,1.,0.));
#2120 = PLANE('',#2121);
#2121 = AXIS2_PLACEMENT_3D('',#2122,#2123,#2124);
#2122 = CARTESIAN_POINT('',(38.5,16.184405049099,14.304070239361));
#2123 = DIRECTION('',(-1.,-0.,-0.));
#2124 = DIRECTION('',(0.,0.,-1.));
#2125 = ADVANCED_FACE('',(#2126),#2146,.F.);
#2126 = FACE_BOUND('',#2127,.T.);
#2127 = EDGE_LOOP('',(#2128,#2129,#2137,#2144,#2145));
#2128 = ORIENTED_EDGE('',*,*,#970,.T.);
#2129 = ORIENTED_EDGE('',*,*,#2130,.T.);
#2130 = EDGE_CURVE('',#971,#2131,#2133,.T.);
#2131 = VERTEX_POINT('',#2132);
#2132 = CARTESIAN_POINT('',(12.,46.8829,1.5));
#2133 = LINE('',#2134,#2135);
#2134 = CARTESIAN_POINT('',(12.,46.8829,2.));
#2135 = VECTOR('',#2136,1.);
#2136 = DIRECTION('',(0.,0.,-1.));
#2137 = ORIENTED_EDGE('',*,*,#2138,.F.);
#2138 = EDGE_CURVE('',#2131,#2131,#2139,.T.);
#2139 = CIRCLE('',#2140,4.5);
#2140 = AXIS2_PLACEMENT_3D('',#2141,#2142,#2143);
#2141 = CARTESIAN_POINT('',(7.5,46.8829,1.5));
#2142 = DIRECTION('',(0.,0.,1.));
#2143 = DIRECTION('',(1.,0.,0.));
#2144 = ORIENTED_EDGE('',*,*,#2130,.F.);
#2145 = ORIENTED_EDGE('',*,*,#979,.T.);
#2146 = CYLINDRICAL_SURFACE('',#2147,4.5);
#2147 = AXIS2_PLACEMENT_3D('',#2148,#2149,#2150);
#2148 = CARTESIAN_POINT('',(7.5,46.8829,2.));
#2149 = DIRECTION('',(-0.,-0.,-1.));
#2150 = DIRECTION('',(1.,0.,0.));
#2151 = ADVANCED_FACE('',(#2152),#2171,.F.);
#2152 = FACE_BOUND('',#2153,.T.);
#2153 = EDGE_LOOP('',(#2154,#2155,#2163,#2170));
#2154 = ORIENTED_EDGE('',*,*,#988,.T.);
#2155 = ORIENTED_EDGE('',*,*,#2156,.T.);
#2156 = EDGE_CURVE('',#909,#2157,#2159,.T.);
#2157 = VERTEX_POINT('',#2158);
#2158 = CARTESIAN_POINT('',(42.,46.8829,1.5));
#2159 = LINE('',#2160,#2161);
#2160 = CARTESIAN_POINT('',(42.,46.8829,2.));
#2161 = VECTOR('',#2162,1.);
#2162 = DIRECTION('',(0.,0.,-1.));
#2163 = ORIENTED_EDGE('',*,*,#2164,.F.);
#2164 = EDGE_CURVE('',#2157,#2157,#2165,.T.);
#2165 = CIRCLE('',#2166,4.5);
#2166 = AXIS2_PLACEMENT_3D('',#2167,#2168,#2169);
#2167 = CARTESIAN_POINT('',(37.5,46.8829,1.5));
#2168 = DIRECTION('',(0.,0.,1.));
#2169 = DIRECTION('',(1.,0.,0.));
#2170 = ORIENTED_EDGE('',*,*,#2156,.F.);
#2171 = CYLINDRICAL_SURFACE('',#2172,4.5);
#2172 = AXIS2_PLACEMENT_3D('',#2173,#2174,#2175);
#2173 = CARTESIAN_POINT('',(37.5,46.8829,2.));
#2174 = DIRECTION('',(-0.,-0.,-1.));
#2175 = DIRECTION('',(1.,0.,0.));
#2176 = ADVANCED_FACE('',(#2177),#2197,.F.);
#2177 = FACE_BOUND('',#2178,.T.);
#2178 = EDGE_LOOP('',(#2179,#2180,#2188,#2195,#2196));
#2179 = ORIENTED_EDGE('',*,*,#997,.T.);
#2180 = ORIENTED_EDGE('',*,*,#2181,.T.);
#2181 = EDGE_CURVE('',#998,#2182,#2184,.T.);
#2182 = VERTEX_POINT('',#2183);
#2183 = CARTESIAN_POINT('',(12.,76.8829,1.5));
#2184 = LINE('',#2185,#2186);
#2185 = CARTESIAN_POINT('',(12.,76.8829,2.));
#2186 = VECTOR('',#2187,1.);
#2187 = DIRECTION('',(0.,0.,-1.));
#2188 = ORIENTED_EDGE('',*,*,#2189,.F.);
#2189 = EDGE_CURVE('',#2182,#2182,#2190,.T.);
#2190 = CIRCLE('',#2191,4.5);
#2191 = AXIS2_PLACEMENT_3D('',#2192,#2193,#2194);
#2192 = CARTESIAN_POINT('',(7.5,76.8829,1.5));
#2193 = DIRECTION('',(0.,0.,1.));
#2194 = DIRECTION('',(1.,0.,0.));
#2195 = ORIENTED_EDGE('',*,*,#2181,.F.);
#2196 = ORIENTED_EDGE('',*,*,#1006,.T.);
#2197 = CYLINDRICAL_SURFACE('',#2198,4.5);
#2198 = AXIS2_PLACEMENT_3D('',#2199,#2200,#2201);
#2199 = CARTESIAN_POINT('',(7.5,76.8829,2.));
#2200 = DIRECTION('',(-0.,-0.,-1.));
#2201 = DIRECTION('',(1.,0.,0.));
#2202 = ADVANCED_FACE('',(#2203),#2222,.F.);
#2203 = FACE_BOUND('',#2204,.T.);
#2204 = EDGE_LOOP('',(#2205,#2206,#2214,#2221));
#2205 = ORIENTED_EDGE('',*,*,#1015,.T.);
#2206 = ORIENTED_EDGE('',*,*,#2207,.T.);
#2207 = EDGE_CURVE('',#917,#2208,#2210,.T.);
#2208 = VERTEX_POINT('',#2209);
#2209 = CARTESIAN_POINT('',(42.,76.8829,1.5));
#2210 = LINE('',#2211,#2212);
#2211 = CARTESIAN_POINT('',(42.,76.8829,2.));
#2212 = VECTOR('',#2213,1.);
#2213 = DIRECTION('',(0.,0.,-1.));
#2214 = ORIENTED_EDGE('',*,*,#2215,.F.);
#2215 = EDGE_CURVE('',#2208,#2208,#2216,.T.);
#2216 = CIRCLE('',#2217,4.5);
#2217 = AXIS2_PLACEMENT_3D('',#2218,#2219,#2220);
#2218 = CARTESIAN_POINT('',(37.5,76.8829,1.5));
#2219 = DIRECTION('',(0.,0.,1.));
#2220 = DIRECTION('',(1.,0.,0.));
#2221 = ORIENTED_EDGE('',*,*,#2207,.F.);
#2222 = CYLINDRICAL_SURFACE('',#2223,4.5);
#2223 = AXIS2_PLACEMENT_3D('',#2224,#2225,#2226);
#2224 = CARTESIAN_POINT('',(37.5,76.8829,2.));
#2225 = DIRECTION('',(-0.,-0.,-1.));
#2226 = DIRECTION('',(1.,0.,0.));
#2227 = ADVANCED_FACE('',(#2228),#2239,.T.);
#2228 = FACE_BOUND('',#2229,.T.);
#2229 = EDGE_LOOP('',(#2230,#2231,#2232,#2238));
#2230 = ORIENTED_EDGE('',*,*,#1031,.F.);
#2231 = ORIENTED_EDGE('',*,*,#1071,.T.);
#2232 = ORIENTED_EDGE('',*,*,#2233,.T.);
#2233 = EDGE_CURVE('',#1064,#1129,#2234,.T.);
#2234 = LINE('',#2235,#2236);
#2235 = CARTESIAN_POINT('',(10.283333333333,107.1554408916,
    25.816666666667));
#2236 = VECTOR('',#2237,1.);
#2237 = DIRECTION('',(-0.57735026919,0.57735026919,0.57735026919));
#2238 = ORIENTED_EDGE('',*,*,#1136,.F.);
#2239 = PLANE('',#2240);
#2240 = AXIS2_PLACEMENT_3D('',#2241,#2242,#2243);
#2241 = CARTESIAN_POINT('',(2.,105.13877422494,23.8));
#2242 = DIRECTION('',(0.,-0.707106781187,0.707106781187));
#2243 = DIRECTION('',(1.,0.,0.));
#2244 = ADVANCED_FACE('',(#2245),#2269,.T.);
#2245 = FACE_BOUND('',#2246,.T.);
#2246 = EDGE_LOOP('',(#2247,#2248,#2256,#2262,#2268));
#2247 = ORIENTED_EDGE('',*,*,#1731,.T.);
#2248 = ORIENTED_EDGE('',*,*,#2249,.T.);
#2249 = EDGE_CURVE('',#1724,#2250,#2252,.T.);
#2250 = VERTEX_POINT('',#2251);
#2251 = CARTESIAN_POINT('',(15.25,102.40306635653,16.735443033381));
#2252 = LINE('',#2253,#2254);
#2253 = CARTESIAN_POINT('',(11.25,102.40306635653,16.735443033381));
#2254 = VECTOR('',#2255,1.);
#2255 = DIRECTION('',(1.,0.,0.));
#2256 = ORIENTED_EDGE('',*,*,#2257,.F.);
#2257 = EDGE_CURVE('',#1802,#2250,#2258,.T.);
#2258 = LINE('',#2259,#2260);
#2259 = CARTESIAN_POINT('',(15.25,104.93877422494,11.297595517488));
#2260 = VECTOR('',#2261,1.);
#2261 = DIRECTION('',(0.,-0.422617978068,0.906307919316));
#2262 = ORIENTED_EDGE('',*,*,#2263,.F.);
#2263 = EDGE_CURVE('',#1048,#1802,#2264,.T.);
#2264 = LINE('',#2265,#2266);
#2265 = CARTESIAN_POINT('',(0.,104.93877422494,11.297595517488));
#2266 = VECTOR('',#2267,1.);
#2267 = DIRECTION('',(1.,0.,0.));
#2268 = ORIENTED_EDGE('',*,*,#1047,.F.);
#2269 = PLANE('',#2270);
#2270 = AXIS2_PLACEMENT_3D('',#2271,#2272,#2273);
#2271 = CARTESIAN_POINT('',(11.25,104.93877422494,11.297595517488));
#2272 = DIRECTION('',(0.,0.906307919316,0.422617978068));
#2273 = DIRECTION('',(1.,0.,0.));
#2274 = ADVANCED_FACE('',(#2275),#2286,.F.);
#2275 = FACE_BOUND('',#2276,.F.);
#2276 = EDGE_LOOP('',(#2277,#2278,#2279,#2280));
#2277 = ORIENTED_EDGE('',*,*,#1207,.T.);
#2278 = ORIENTED_EDGE('',*,*,#1672,.T.);
#2279 = ORIENTED_EDGE('',*,*,#1063,.F.);
#2280 = ORIENTED_EDGE('',*,*,#2281,.F.);
#2281 = EDGE_CURVE('',#1200,#1064,#2282,.T.);
#2282 = LINE('',#2283,#2284);
#2283 = CARTESIAN_POINT('',(12.5,106.93877422494,23.6));
#2284 = VECTOR('',#2285,1.);
#2285 = DIRECTION('',(0.,-1.,2.2E-16));
#2286 = PLANE('',#2287);
#2287 = AXIS2_PLACEMENT_3D('',#2288,#2289,#2290);
#2288 = CARTESIAN_POINT('',(12.5,106.93877422494,23.6));
#2289 = DIRECTION('',(0.,-2.2E-16,-1.));
#2290 = DIRECTION('',(0.,-1.,2.2E-16));
#2291 = ADVANCED_FACE('',(#2292),#2303,.T.);
#2292 = FACE_BOUND('',#2293,.T.);
#2293 = EDGE_LOOP('',(#2294,#2295,#2296,#2302));
#2294 = ORIENTED_EDGE('',*,*,#1104,.F.);
#2295 = ORIENTED_EDGE('',*,*,#1120,.T.);
#2296 = ORIENTED_EDGE('',*,*,#2297,.F.);
#2297 = EDGE_CURVE('',#1200,#1121,#2298,.T.);
#2298 = LINE('',#2299,#2300);
#2299 = CARTESIAN_POINT('',(10.616666666667,105.0554408916,
    25.483333333333));
#2300 = VECTOR('',#2301,1.);
#2301 = DIRECTION('',(-0.57735026919,-0.57735026919,0.57735026919));
#2302 = ORIENTED_EDGE('',*,*,#1199,.F.);
#2303 = PLANE('',#2304);
#2304 = AXIS2_PLACEMENT_3D('',#2305,#2306,#2307);
#2305 = CARTESIAN_POINT('',(2.,106.73877422494,23.8));
#2306 = DIRECTION('',(0.,0.707106781187,0.707106781187));
#2307 = DIRECTION('',(1.,0.,0.));
#2308 = ADVANCED_FACE('',(#2309),#2315,.T.);
#2309 = FACE_BOUND('',#2310,.F.);
#2310 = EDGE_LOOP('',(#2311,#2312,#2313,#2314));
#2311 = ORIENTED_EDGE('',*,*,#2297,.F.);
#2312 = ORIENTED_EDGE('',*,*,#2281,.T.);
#2313 = ORIENTED_EDGE('',*,*,#2233,.T.);
#2314 = ORIENTED_EDGE('',*,*,#1128,.F.);
#2315 = PLANE('',#2316);
#2316 = AXIS2_PLACEMENT_3D('',#2317,#2318,#2319);
#2317 = CARTESIAN_POINT('',(12.3,106.93877422494,23.8));
#2318 = DIRECTION('',(0.707106781187,0.,0.707106781187));
#2319 = DIRECTION('',(1.1E-16,1.,-1.1E-16));
#2320 = ADVANCED_FACE('',(#2321),#2346,.F.);
#2321 = FACE_BOUND('',#2322,.T.);
#2322 = EDGE_LOOP('',(#2323,#2331,#2332,#2340));
#2323 = ORIENTED_EDGE('',*,*,#2324,.F.);
#2324 = EDGE_CURVE('',#1178,#2325,#2327,.T.);
#2325 = VERTEX_POINT('',#2326);
#2326 = CARTESIAN_POINT('',(43.,8.,34.6));
#2327 = LINE('',#2328,#2329);
#2328 = CARTESIAN_POINT('',(42.6,8.,35.));
#2329 = VECTOR('',#2330,1.);
#2330 = DIRECTION('',(0.707106781187,-4.E-17,-0.707106781187));
#2331 = ORIENTED_EDGE('',*,*,#1185,.T.);
#2332 = ORIENTED_EDGE('',*,*,#2333,.T.);
#2333 = EDGE_CURVE('',#1151,#2334,#2336,.T.);
#2334 = VERTEX_POINT('',#2335);
#2335 = CARTESIAN_POINT('',(43.,0.4,34.6));
#2336 = LINE('',#2337,#2338);
#2337 = CARTESIAN_POINT('',(49.9,7.3,27.7));
#2338 = VECTOR('',#2339,1.);
#2339 = DIRECTION('',(0.57735026919,0.57735026919,-0.57735026919));
#2340 = ORIENTED_EDGE('',*,*,#2341,.F.);
#2341 = EDGE_CURVE('',#2325,#2334,#2342,.T.);
#2342 = LINE('',#2343,#2344);
#2343 = CARTESIAN_POINT('',(43.,8.,34.6));
#2344 = VECTOR('',#2345,1.);
#2345 = DIRECTION('',(0.,-1.,0.));
#2346 = PLANE('',#2347);
#2347 = AXIS2_PLACEMENT_3D('',#2348,#2349,#2350);
#2348 = CARTESIAN_POINT('',(42.8,8.,34.8));
#2349 = DIRECTION('',(-0.707106781187,-0.,-0.707106781187));
#2350 = DIRECTION('',(0.,1.,0.));
#2351 = ADVANCED_FACE('',(#2352),#2371,.T.);
#2352 = FACE_BOUND('',#2353,.F.);
#2353 = EDGE_LOOP('',(#2354,#2355,#2356,#2364));
#2354 = ORIENTED_EDGE('',*,*,#1177,.F.);
#2355 = ORIENTED_EDGE('',*,*,#2092,.T.);
#2356 = ORIENTED_EDGE('',*,*,#2357,.T.);
#2357 = EDGE_CURVE('',#2081,#2358,#2360,.T.);
#2358 = VERTEX_POINT('',#2359);
#2359 = CARTESIAN_POINT('',(42.6,13.,30.));
#2360 = LINE('',#2361,#2362);
#2361 = CARTESIAN_POINT('',(0.,13.,30.));
#2362 = VECTOR('',#2363,1.);
#2363 = DIRECTION('',(1.,0.,0.));
#2364 = ORIENTED_EDGE('',*,*,#2365,.T.);
#2365 = EDGE_CURVE('',#2358,#1178,#2366,.T.);
#2366 = CIRCLE('',#2367,5.);
#2367 = AXIS2_PLACEMENT_3D('',#2368,#2369,#2370);
#2368 = CARTESIAN_POINT('',(42.6,8.,30.));
#2369 = DIRECTION('',(1.,0.,0.));
#2370 = DIRECTION('',(0.,1.,0.));
#2371 = CYLINDRICAL_SURFACE('',#2372,5.);
#2372 = AXIS2_PLACEMENT_3D('',#2373,#2374,#2375);
#2373 = CARTESIAN_POINT('',(0.,8.,30.));
#2374 = DIRECTION('',(-1.,-0.,-0.));
#2375 = DIRECTION('',(0.,1.,0.));
#2376 = ADVANCED_FACE('',(#2377),#2388,.T.);
#2377 = FACE_BOUND('',#2378,.F.);
#2378 = EDGE_LOOP('',(#2379,#2380,#2381,#2387));
#2379 = ORIENTED_EDGE('',*,*,#1239,.T.);
#2380 = ORIENTED_EDGE('',*,*,#1256,.T.);
#2381 = ORIENTED_EDGE('',*,*,#2382,.T.);
#2382 = EDGE_CURVE('',#1257,#1312,#2383,.T.);
#2383 = LINE('',#2384,#2385);
#2384 = CARTESIAN_POINT('',(42.6,1.E-01,0.3));
#2385 = VECTOR('',#2386,1.);
#2386 = DIRECTION('',(-2.E-17,0.707106781187,-0.707106781187));
#2387 = ORIENTED_EDGE('',*,*,#1319,.F.);
#2388 = PLANE('',#2389);
#2389 = AXIS2_PLACEMENT_3D('',#2390,#2391,#2392);
#2390 = CARTESIAN_POINT('',(2.,0.2,0.2));
#2391 = DIRECTION('',(-0.,-0.707106781187,-0.707106781187));
#2392 = DIRECTION('',(-1.,0.,0.));
#2393 = ADVANCED_FACE('',(#2394),#2412,.T.);
#2394 = FACE_BOUND('',#2395,.F.);
#2395 = EDGE_LOOP('',(#2396,#2404,#2405,#2406));
#2396 = ORIENTED_EDGE('',*,*,#2397,.F.);
#2397 = EDGE_CURVE('',#1257,#2398,#2400,.T.);
#2398 = VERTEX_POINT('',#2399);
#2399 = CARTESIAN_POINT('',(43.,0.4,0.4));
#2400 = LINE('',#2401,#2402);
#2401 = CARTESIAN_POINT('',(42.7,0.1,0.4));
#2402 = VECTOR('',#2403,1.);
#2403 = DIRECTION('',(0.707106781187,0.707106781187,-6.63E-15));
#2404 = ORIENTED_EDGE('',*,*,#1264,.T.);
#2405 = ORIENTED_EDGE('',*,*,#2333,.T.);
#2406 = ORIENTED_EDGE('',*,*,#2407,.F.);
#2407 = EDGE_CURVE('',#2398,#2334,#2408,.T.);
#2408 = LINE('',#2409,#2410);
#2409 = CARTESIAN_POINT('',(43.,0.4,0.));
#2410 = VECTOR('',#2411,1.);
#2411 = DIRECTION('',(0.,0.,1.));
#2412 = PLANE('',#2413);
#2413 = AXIS2_PLACEMENT_3D('',#2414,#2415,#2416);
#2414 = CARTESIAN_POINT('',(42.8,0.2,0.));
#2415 = DIRECTION('',(0.707106781187,-0.707106781187,-1.E-17));
#2416 = DIRECTION('',(-7.071067811865E-18,7.071067811865E-18,-1.));
#2417 = ADVANCED_FACE('',(#2418),#2429,.T.);
#2418 = FACE_BOUND('',#2419,.F.);
#2419 = EDGE_LOOP('',(#2420,#2421,#2422,#2428));
#2420 = ORIENTED_EDGE('',*,*,#1412,.T.);
#2421 = ORIENTED_EDGE('',*,*,#1303,.T.);
#2422 = ORIENTED_EDGE('',*,*,#2423,.T.);
#2423 = EDGE_CURVE('',#1304,#1510,#2424,.T.);
#2424 = LINE('',#2425,#2426);
#2425 = CARTESIAN_POINT('',(42.6,124.7,0.1));
#2426 = VECTOR('',#2427,1.);
#2427 = DIRECTION('',(-3.08E-14,0.707106781187,0.707106781187));
#2428 = ORIENTED_EDGE('',*,*,#1517,.F.);
#2429 = PLANE('',#2430);
#2430 = AXIS2_PLACEMENT_3D('',#2431,#2432,#2433);
#2431 = CARTESIAN_POINT('',(2.,124.8,0.2));
#2432 = DIRECTION('',(0.,0.707106781187,-0.707106781187));
#2433 = DIRECTION('',(-1.,-0.,-0.));
#2434 = ADVANCED_FACE('',(#2435),#2458,.T.);
#2435 = FACE_BOUND('',#2436,.T.);
#2436 = EDGE_LOOP('',(#2437,#2438,#2446,#2452));
#2437 = ORIENTED_EDGE('',*,*,#1311,.T.);
#2438 = ORIENTED_EDGE('',*,*,#2439,.T.);
#2439 = EDGE_CURVE('',#1304,#2440,#2442,.T.);
#2440 = VERTEX_POINT('',#2441);
#2441 = CARTESIAN_POINT('',(43.,124.6,0.4));
#2442 = LINE('',#2443,#2444);
#2443 = CARTESIAN_POINT('',(42.700000000001,124.6,0.100000000001));
#2444 = VECTOR('',#2445,1.);
#2445 = DIRECTION('',(0.707106781187,-1.271E-14,0.707106781187));
#2446 = ORIENTED_EDGE('',*,*,#2447,.F.);
#2447 = EDGE_CURVE('',#2398,#2440,#2448,.T.);
#2448 = LINE('',#2449,#2450);
#2449 = CARTESIAN_POINT('',(43.,0.,0.4));
#2450 = VECTOR('',#2451,1.);
#2451 = DIRECTION('',(0.,1.,0.));
#2452 = ORIENTED_EDGE('',*,*,#2453,.T.);
#2453 = EDGE_CURVE('',#2398,#1312,#2454,.T.);
#2454 = LINE('',#2455,#2456);
#2455 = CARTESIAN_POINT('',(42.8,0.4,0.2));
#2456 = VECTOR('',#2457,1.);
#2457 = DIRECTION('',(-0.707106781187,6.64E-15,-0.707106781187));
#2458 = PLANE('',#2459);
#2459 = AXIS2_PLACEMENT_3D('',#2460,#2461,#2462);
#2460 = CARTESIAN_POINT('',(42.8,0.,0.2));
#2461 = DIRECTION('',(0.707106781187,0.,-0.707106781187));
#2462 = DIRECTION('',(0.,1.,0.));
#2463 = ADVANCED_FACE('',(#2464),#2483,.F.);
#2464 = FACE_BOUND('',#2465,.T.);
#2465 = EDGE_LOOP('',(#2466,#2474,#2475,#2476));
#2466 = ORIENTED_EDGE('',*,*,#2467,.F.);
#2467 = EDGE_CURVE('',#1328,#2468,#2470,.T.);
#2468 = VERTEX_POINT('',#2469);
#2469 = CARTESIAN_POINT('',(39.,46.8829,0.4));
#2470 = LINE('',#2471,#2472);
#2471 = CARTESIAN_POINT('',(39.,46.8829,0.4));
#2472 = VECTOR('',#2473,1.);
#2473 = DIRECTION('',(-0.707106781187,0.,0.707106781187));
#2474 = ORIENTED_EDGE('',*,*,#1327,.T.);
#2475 = ORIENTED_EDGE('',*,*,#2467,.T.);
#2476 = ORIENTED_EDGE('',*,*,#2477,.F.);
#2477 = EDGE_CURVE('',#2468,#2468,#2478,.T.);
#2478 = CIRCLE('',#2479,1.5);
#2479 = AXIS2_PLACEMENT_3D('',#2480,#2481,#2482);
#2480 = CARTESIAN_POINT('',(37.5,46.8829,0.4));
#2481 = DIRECTION('',(0.,0.,-1.));
#2482 = DIRECTION('',(1.,0.,0.));
#2483 = CONICAL_SURFACE('',#2484,1.5,0.785398163397);
#2484 = AXIS2_PLACEMENT_3D('',#2485,#2486,#2487);
#2485 = CARTESIAN_POINT('',(37.5,46.8829,0.4));
#2486 = DIRECTION('',(-0.,-0.,-1.));
#2487 = DIRECTION('',(1.,0.,0.));
#2488 = ADVANCED_FACE('',(#2489),#2508,.F.);
#2489 = FACE_BOUND('',#2490,.T.);
#2490 = EDGE_LOOP('',(#2491,#2499,#2500,#2501));
#2491 = ORIENTED_EDGE('',*,*,#2492,.F.);
#2492 = EDGE_CURVE('',#1339,#2493,#2495,.T.);
#2493 = VERTEX_POINT('',#2494);
#2494 = CARTESIAN_POINT('',(39.,76.8829,0.4));
#2495 = LINE('',#2496,#2497);
#2496 = CARTESIAN_POINT('',(39.,76.8829,0.4));
#2497 = VECTOR('',#2498,1.);
#2498 = DIRECTION('',(-0.707106781187,0.,0.707106781187));
#2499 = ORIENTED_EDGE('',*,*,#1338,.T.);
#2500 = ORIENTED_EDGE('',*,*,#2492,.T.);
#2501 = ORIENTED_EDGE('',*,*,#2502,.F.);
#2502 = EDGE_CURVE('',#2493,#2493,#2503,.T.);
#2503 = CIRCLE('',#2504,1.5);
#2504 = AXIS2_PLACEMENT_3D('',#2505,#2506,#2507);
#2505 = CARTESIAN_POINT('',(37.5,76.8829,0.4));
#2506 = DIRECTION('',(0.,0.,-1.));
#2507 = DIRECTION('',(1.,0.,0.));
#2508 = CONICAL_SURFACE('',#2509,1.5,0.785398163397);
#2509 = AXIS2_PLACEMENT_3D('',#2510,#2511,#2512);
#2510 = CARTESIAN_POINT('',(37.5,76.8829,0.4));
#2511 = DIRECTION('',(-0.,-0.,-1.));
#2512 = DIRECTION('',(1.,0.,0.));
#2513 = ADVANCED_FACE('',(#2514),#2533,.F.);
#2514 = FACE_BOUND('',#2515,.T.);
#2515 = EDGE_LOOP('',(#2516,#2524,#2525,#2526));
#2516 = ORIENTED_EDGE('',*,*,#2517,.F.);
#2517 = EDGE_CURVE('',#1350,#2518,#2520,.T.);
#2518 = VERTEX_POINT('',#2519);
#2519 = CARTESIAN_POINT('',(9.,46.8829,0.4));
#2520 = LINE('',#2521,#2522);
#2521 = CARTESIAN_POINT('',(9.,46.8829,0.4));
#2522 = VECTOR('',#2523,1.);
#2523 = DIRECTION('',(-0.707106781187,0.,0.707106781187));
#2524 = ORIENTED_EDGE('',*,*,#1349,.T.);
#2525 = ORIENTED_EDGE('',*,*,#2517,.T.);
#2526 = ORIENTED_EDGE('',*,*,#2527,.F.);
#2527 = EDGE_CURVE('',#2518,#2518,#2528,.T.);
#2528 = CIRCLE('',#2529,1.5);
#2529 = AXIS2_PLACEMENT_3D('',#2530,#2531,#2532);
#2530 = CARTESIAN_POINT('',(7.5,46.8829,0.4));
#2531 = DIRECTION('',(0.,0.,-1.));
#2532 = DIRECTION('',(1.,0.,0.));
#2533 = CONICAL_SURFACE('',#2534,1.5,0.785398163397);
#2534 = AXIS2_PLACEMENT_3D('',#2535,#2536,#2537);
#2535 = CARTESIAN_POINT('',(7.5,46.8829,0.4));
#2536 = DIRECTION('',(-0.,-0.,-1.));
#2537 = DIRECTION('',(1.,0.,0.));
#2538 = ADVANCED_FACE('',(#2539),#2558,.F.);
#2539 = FACE_BOUND('',#2540,.T.);
#2540 = EDGE_LOOP('',(#2541,#2549,#2550,#2551));
#2541 = ORIENTED_EDGE('',*,*,#2542,.F.);
#2542 = EDGE_CURVE('',#1361,#2543,#2545,.T.);
#2543 = VERTEX_POINT('',#2544);
#2544 = CARTESIAN_POINT('',(9.,76.8829,0.4));
#2545 = LINE('',#2546,#2547);
#2546 = CARTESIAN_POINT('',(9.,76.8829,0.4));
#2547 = VECTOR('',#2548,1.);
#2548 = DIRECTION('',(-0.707106781187,0.,0.707106781187));
#2549 = ORIENTED_EDGE('',*,*,#1360,.T.);
#2550 = ORIENTED_EDGE('',*,*,#2542,.T.);
#2551 = ORIENTED_EDGE('',*,*,#2552,.F.);
#2552 = EDGE_CURVE('',#2543,#2543,#2553,.T.);
#2553 = CIRCLE('',#2554,1.5);
#2554 = AXIS2_PLACEMENT_3D('',#2555,#2556,#2557);
#2555 = CARTESIAN_POINT('',(7.5,76.8829,0.4));
#2556 = DIRECTION('',(0.,0.,-1.));
#2557 = DIRECTION('',(1.,0.,0.));
#2558 = CONICAL_SURFACE('',#2559,1.5,0.785398163397);
#2559 = AXIS2_PLACEMENT_3D('',#2560,#2561,#2562);
#2560 = CARTESIAN_POINT('',(7.5,76.8829,0.4));
#2561 = DIRECTION('',(-0.,-0.,-1.));
#2562 = DIRECTION('',(1.,0.,0.));
#2563 = ADVANCED_FACE('',(#2564),#2582,.F.);
#2564 = FACE_BOUND('',#2565,.F.);
#2565 = EDGE_LOOP('',(#2566,#2567,#2568,#2576));
#2566 = ORIENTED_EDGE('',*,*,#1397,.F.);
#2567 = ORIENTED_EDGE('',*,*,#1648,.T.);
#2568 = ORIENTED_EDGE('',*,*,#2569,.F.);
#2569 = EDGE_CURVE('',#2570,#1649,#2572,.T.);
#2570 = VERTEX_POINT('',#2571);
#2571 = CARTESIAN_POINT('',(30.5,124.1,3.9));
#2572 = LINE('',#2573,#2574);
#2573 = CARTESIAN_POINT('',(23.5,124.1,3.9));
#2574 = VECTOR('',#2575,1.);
#2575 = DIRECTION('',(-1.,0.,4.E-17));
#2576 = ORIENTED_EDGE('',*,*,#2577,.F.);
#2577 = EDGE_CURVE('',#1390,#2570,#2578,.T.);
#2578 = LINE('',#2579,#2580);
#2579 = CARTESIAN_POINT('',(30.5,124.1,0.));
#2580 = VECTOR('',#2581,1.);
#2581 = DIRECTION('',(0.,0.,1.));
#2582 = PLANE('',#2583);
#2583 = AXIS2_PLACEMENT_3D('',#2584,#2585,#2586);
#2584 = CARTESIAN_POINT('',(14.5,124.1,0.));
#2585 = DIRECTION('',(0.,1.,0.));
#2586 = DIRECTION('',(1.,0.,0.));
#2587 = ADVANCED_FACE('',(#2588,#2677),#2688,.T.);
#2588 = FACE_BOUND('',#2589,.T.);
#2589 = EDGE_LOOP('',(#2590,#2598,#2606,#2614,#2622,#2630,#2638,#2646,
    #2654,#2662,#2668,#2669,#2675,#2676));
#2590 = ORIENTED_EDGE('',*,*,#2591,.T.);
#2591 = EDGE_CURVE('',#1382,#2592,#2594,.T.);
#2592 = VERTEX_POINT('',#2593);
#2593 = CARTESIAN_POINT('',(30.5,117.6,6.));
#2594 = LINE('',#2595,#2596);
#2595 = CARTESIAN_POINT('',(30.5,117.6,0.));
#2596 = VECTOR('',#2597,1.);
#2597 = DIRECTION('',(0.,0.,1.));
#2598 = ORIENTED_EDGE('',*,*,#2599,.T.);
#2599 = EDGE_CURVE('',#2592,#2600,#2602,.T.);
#2600 = VERTEX_POINT('',#2601);
#2601 = CARTESIAN_POINT('',(30.5,114.6,9.));
#2602 = LINE('',#2603,#2604);
#2603 = CARTESIAN_POINT('',(30.5,114.79761536187,8.802384638127));
#2604 = VECTOR('',#2605,1.);
#2605 = DIRECTION('',(0.,-0.707106781187,0.707106781187));
#2606 = ORIENTED_EDGE('',*,*,#2607,.T.);
#2607 = EDGE_CURVE('',#2600,#2608,#2610,.T.);
#2608 = VERTEX_POINT('',#2609);
#2609 = CARTESIAN_POINT('',(30.5,104.93877422494,9.));
#2610 = LINE('',#2611,#2612);
#2611 = CARTESIAN_POINT('',(30.5,125.,9.));
#2612 = VECTOR('',#2613,1.);
#2613 = DIRECTION('',(0.,-1.,2.2E-16));
#2614 = ORIENTED_EDGE('',*,*,#2615,.T.);
#2615 = EDGE_CURVE('',#2608,#2616,#2618,.T.);
#2616 = VERTEX_POINT('',#2617);
#2617 = CARTESIAN_POINT('',(30.5,104.93877422494,11.297595517488));
#2618 = LINE('',#2619,#2620);
#2619 = CARTESIAN_POINT('',(30.5,104.93877422494,24.));
#2620 = VECTOR('',#2621,1.);
#2621 = DIRECTION('',(0.,0.,1.));
#2622 = ORIENTED_EDGE('',*,*,#2623,.T.);
#2623 = EDGE_CURVE('',#2616,#2624,#2626,.T.);
#2624 = VERTEX_POINT('',#2625);
#2625 = CARTESIAN_POINT('',(30.5,104.93877422494,23.6));
#2626 = LINE('',#2627,#2628);
#2627 = CARTESIAN_POINT('',(30.5,104.93877422494,24.));
#2628 = VECTOR('',#2629,1.);
#2629 = DIRECTION('',(0.,0.,1.));
#2630 = ORIENTED_EDGE('',*,*,#2631,.F.);
#2631 = EDGE_CURVE('',#2632,#2624,#2634,.T.);
#2632 = VERTEX_POINT('',#2633);
#2633 = CARTESIAN_POINT('',(30.5,106.93877422494,23.6));
#2634 = LINE('',#2635,#2636);
#2635 = CARTESIAN_POINT('',(30.5,106.93877422494,23.6));
#2636 = VECTOR('',#2637,1.);
#2637 = DIRECTION('',(0.,-1.,2.2E-16));
#2638 = ORIENTED_EDGE('',*,*,#2639,.F.);
#2639 = EDGE_CURVE('',#2640,#2632,#2642,.T.);
#2640 = VERTEX_POINT('',#2641);
#2641 = CARTESIAN_POINT('',(30.5,106.93877422494,19.));
#2642 = LINE('',#2643,#2644);
#2643 = CARTESIAN_POINT('',(30.5,106.93877422494,24.));
#2644 = VECTOR('',#2645,1.);
#2645 = DIRECTION('',(0.,0.,1.));
#2646 = ORIENTED_EDGE('',*,*,#2647,.T.);
#2647 = EDGE_CURVE('',#2640,#2648,#2650,.T.);
#2648 = VERTEX_POINT('',#2649);
#2649 = CARTESIAN_POINT('',(30.5,123.,19.));
#2650 = LINE('',#2651,#2652);
#2651 = CARTESIAN_POINT('',(30.5,119.98469355623,19.));
#2652 = VECTOR('',#2653,1.);
#2653 = DIRECTION('',(0.,1.,0.));
#2654 = ORIENTED_EDGE('',*,*,#2655,.T.);
#2655 = EDGE_CURVE('',#2648,#2656,#2658,.T.);
#2656 = VERTEX_POINT('',#2657);
#2657 = CARTESIAN_POINT('',(30.5,123.,23.6));
#2658 = LINE('',#2659,#2660);
#2659 = CARTESIAN_POINT('',(30.5,123.,24.));
#2660 = VECTOR('',#2661,1.);
#2661 = DIRECTION('',(0.,0.,1.));
#2662 = ORIENTED_EDGE('',*,*,#2663,.F.);
#2663 = EDGE_CURVE('',#1486,#2656,#2664,.T.);
#2664 = LINE('',#2665,#2666);
#2665 = CARTESIAN_POINT('',(30.5,125.,23.6));
#2666 = VECTOR('',#2667,1.);
#2667 = DIRECTION('',(0.,-1.,2.2E-16));
#2668 = ORIENTED_EDGE('',*,*,#1485,.T.);
#2669 = ORIENTED_EDGE('',*,*,#2670,.T.);
#2670 = EDGE_CURVE('',#1476,#2570,#2671,.T.);
#2671 = LINE('',#2672,#2673);
#2672 = CARTESIAN_POINT('',(30.5,118.25,9.75));
#2673 = VECTOR('',#2674,1.);
#2674 = DIRECTION('',(0.,-0.707106781187,0.707106781187));
#2675 = ORIENTED_EDGE('',*,*,#2577,.F.);
#2676 = ORIENTED_EDGE('',*,*,#1389,.T.);
#2677 = FACE_BOUND('',#2678,.T.);
#2678 = EDGE_LOOP('',(#2679));
#2679 = ORIENTED_EDGE('',*,*,#2680,.T.);
#2680 = EDGE_CURVE('',#2681,#2681,#2683,.T.);
#2681 = VERTEX_POINT('',#2682);
#2682 = CARTESIAN_POINT('',(30.5,115.,17.));
#2683 = CIRCLE('',#2684,2.);
#2684 = AXIS2_PLACEMENT_3D('',#2685,#2686,#2687);
#2685 = CARTESIAN_POINT('',(30.5,115.,15.));
#2686 = DIRECTION('',(1.,0.,-0.));
#2687 = DIRECTION('',(0.,0.,1.));
#2688 = PLANE('',#2689);
#2689 = AXIS2_PLACEMENT_3D('',#2690,#2691,#2692);
#2690 = CARTESIAN_POINT('',(30.5,116.18300472782,13.080778145493));
#2691 = DIRECTION('',(-1.,-0.,-0.));
#2692 = DIRECTION('',(0.,0.,-1.));
#2693 = ADVANCED_FACE('',(#2694),#2705,.F.);
#2694 = FACE_BOUND('',#2695,.F.);
#2695 = EDGE_LOOP('',(#2696,#2697,#2698,#2699));
#2696 = ORIENTED_EDGE('',*,*,#1641,.F.);
#2697 = ORIENTED_EDGE('',*,*,#1381,.F.);
#2698 = ORIENTED_EDGE('',*,*,#2591,.T.);
#2699 = ORIENTED_EDGE('',*,*,#2700,.T.);
#2700 = EDGE_CURVE('',#2592,#1634,#2701,.T.);
#2701 = LINE('',#2702,#2703);
#2702 = CARTESIAN_POINT('',(30.5,117.6,6.));
#2703 = VECTOR('',#2704,1.);
#2704 = DIRECTION('',(-1.,0.,0.));
#2705 = PLANE('',#2706);
#2706 = AXIS2_PLACEMENT_3D('',#2707,#2708,#2709);
#2707 = CARTESIAN_POINT('',(30.5,117.6,0.));
#2708 = DIRECTION('',(0.,-1.,0.));
#2709 = DIRECTION('',(-1.,0.,0.));
#2710 = ADVANCED_FACE('',(#2711),#2722,.F.);
#2711 = FACE_BOUND('',#2712,.F.);
#2712 = EDGE_LOOP('',(#2713,#2714,#2715,#2721));
#2713 = ORIENTED_EDGE('',*,*,#1428,.T.);
#2714 = ORIENTED_EDGE('',*,*,#1609,.T.);
#2715 = ORIENTED_EDGE('',*,*,#2716,.T.);
#2716 = EDGE_CURVE('',#1602,#1444,#2717,.T.);
#2717 = LINE('',#2718,#2719);
#2718 = CARTESIAN_POINT('',(10.283333333333,125.21666666666,
    25.816666666667));
#2719 = VECTOR('',#2720,1.);
#2720 = DIRECTION('',(0.57735026919,-0.57735026919,-0.57735026919));
#2721 = ORIENTED_EDGE('',*,*,#1443,.F.);
#2722 = PLANE('',#2723);
#2723 = AXIS2_PLACEMENT_3D('',#2724,#2725,#2726);
#2724 = CARTESIAN_POINT('',(2.,123.2,23.8));
#2725 = DIRECTION('',(0.,0.707106781187,-0.707106781187));
#2726 = DIRECTION('',(1.,0.,0.));
#2727 = ADVANCED_FACE('',(#2728),#2739,.F.);
#2728 = FACE_BOUND('',#2729,.F.);
#2729 = EDGE_LOOP('',(#2730,#2731,#2732,#2733));
#2730 = ORIENTED_EDGE('',*,*,#1532,.T.);
#2731 = ORIENTED_EDGE('',*,*,#1663,.T.);
#2732 = ORIENTED_EDGE('',*,*,#1461,.F.);
#2733 = ORIENTED_EDGE('',*,*,#2734,.F.);
#2734 = EDGE_CURVE('',#1525,#1444,#2735,.T.);
#2735 = LINE('',#2736,#2737);
#2736 = CARTESIAN_POINT('',(12.5,125.,23.6));
#2737 = VECTOR('',#2738,1.);
#2738 = DIRECTION('',(0.,-1.,2.2E-16));
#2739 = PLANE('',#2740);
#2740 = AXIS2_PLACEMENT_3D('',#2741,#2742,#2743);
#2741 = CARTESIAN_POINT('',(12.5,125.,23.6));
#2742 = DIRECTION('',(0.,-2.2E-16,-1.));
#2743 = DIRECTION('',(0.,-1.,2.2E-16));
#2744 = ADVANCED_FACE('',(#2745),#2751,.F.);
#2745 = FACE_BOUND('',#2746,.T.);
#2746 = EDGE_LOOP('',(#2747,#2748,#2749,#2750));
#2747 = ORIENTED_EDGE('',*,*,#2670,.F.);
#2748 = ORIENTED_EDGE('',*,*,#1475,.T.);
#2749 = ORIENTED_EDGE('',*,*,#1656,.T.);
#2750 = ORIENTED_EDGE('',*,*,#2569,.F.);
#2751 = PLANE('',#2752);
#2752 = AXIS2_PLACEMENT_3D('',#2753,#2754,#2755);
#2753 = CARTESIAN_POINT('',(32.5,122.,6.));
#2754 = DIRECTION('',(-3.E-17,-0.707106781187,-0.707106781187));
#2755 = DIRECTION('',(1.,-2.12132034356E-17,-2.12132034356E-17));
#2756 = ADVANCED_FACE('',(#2757),#2775,.T.);
#2757 = FACE_BOUND('',#2758,.T.);
#2758 = EDGE_LOOP('',(#2759,#2760,#2761,#2769));
#2759 = ORIENTED_EDGE('',*,*,#1493,.T.);
#2760 = ORIENTED_EDGE('',*,*,#2663,.T.);
#2761 = ORIENTED_EDGE('',*,*,#2762,.F.);
#2762 = EDGE_CURVE('',#2763,#2656,#2765,.T.);
#2763 = VERTEX_POINT('',#2764);
#2764 = CARTESIAN_POINT('',(32.5,123.,23.6));
#2765 = LINE('',#2766,#2767);
#2766 = CARTESIAN_POINT('',(32.5,123.,23.6));
#2767 = VECTOR('',#2768,1.);
#2768 = DIRECTION('',(-1.,-0.,-0.));
#2769 = ORIENTED_EDGE('',*,*,#2770,.F.);
#2770 = EDGE_CURVE('',#1494,#2763,#2771,.T.);
#2771 = LINE('',#2772,#2773);
#2772 = CARTESIAN_POINT('',(32.5,125.,23.6));
#2773 = VECTOR('',#2774,1.);
#2774 = DIRECTION('',(0.,-1.,2.2E-16));
#2775 = PLANE('',#2776);
#2776 = AXIS2_PLACEMENT_3D('',#2777,#2778,#2779);
#2777 = CARTESIAN_POINT('',(32.5,125.,23.6));
#2778 = DIRECTION('',(0.,2.2E-16,1.));
#2779 = DIRECTION('',(0.,-1.,2.2E-16));
#2780 = ADVANCED_FACE('',(#2781),#2806,.F.);
#2781 = FACE_BOUND('',#2782,.F.);
#2782 = EDGE_LOOP('',(#2783,#2791,#2792,#2800));
#2783 = ORIENTED_EDGE('',*,*,#2784,.F.);
#2784 = EDGE_CURVE('',#1494,#2785,#2787,.T.);
#2785 = VERTEX_POINT('',#2786);
#2786 = CARTESIAN_POINT('',(32.9,124.6,24.));
#2787 = LINE('',#2788,#2789);
#2788 = CARTESIAN_POINT('',(32.633333333333,124.86666666666,
    23.733333333333));
#2789 = VECTOR('',#2790,1.);
#2790 = DIRECTION('',(0.57735026919,-0.57735026919,0.57735026919));
#2791 = ORIENTED_EDGE('',*,*,#1501,.T.);
#2792 = ORIENTED_EDGE('',*,*,#2793,.T.);
#2793 = EDGE_CURVE('',#1502,#2794,#2796,.T.);
#2794 = VERTEX_POINT('',#2795);
#2795 = CARTESIAN_POINT('',(42.6,124.6,24.));
#2796 = LINE('',#2797,#2798);
#2797 = CARTESIAN_POINT('',(42.6,124.9,23.7));
#2798 = VECTOR('',#2799,1.);
#2799 = DIRECTION('',(-1.259E-14,-0.707106781187,0.707106781187));
#2800 = ORIENTED_EDGE('',*,*,#2801,.F.);
#2801 = EDGE_CURVE('',#2785,#2794,#2802,.T.);
#2802 = LINE('',#2803,#2804);
#2803 = CARTESIAN_POINT('',(32.5,124.6,24.));
#2804 = VECTOR('',#2805,1.);
#2805 = DIRECTION('',(1.,0.,0.));
#2806 = PLANE('',#2807);
#2807 = AXIS2_PLACEMENT_3D('',#2808,#2809,#2810);
#2808 = CARTESIAN_POINT('',(32.5,124.8,23.8));
#2809 = DIRECTION('',(-0.,-0.707106781187,-0.707106781187));
#2810 = DIRECTION('',(1.,0.,0.));
#2811 = ADVANCED_FACE('',(#2812),#2823,.F.);
#2812 = FACE_BOUND('',#2813,.F.);
#2813 = EDGE_LOOP('',(#2814,#2815,#2816,#2822));
#2814 = ORIENTED_EDGE('',*,*,#1577,.T.);
#2815 = ORIENTED_EDGE('',*,*,#1524,.T.);
#2816 = ORIENTED_EDGE('',*,*,#2817,.T.);
#2817 = EDGE_CURVE('',#1525,#1594,#2818,.T.);
#2818 = LINE('',#2819,#2820);
#2819 = CARTESIAN_POINT('',(10.616666666667,123.11666666666,
    25.483333333333));
#2820 = VECTOR('',#2821,1.);
#2821 = DIRECTION('',(-0.57735026919,-0.57735026919,0.57735026919));
#2822 = ORIENTED_EDGE('',*,*,#1593,.F.);
#2823 = PLANE('',#2824);
#2824 = AXIS2_PLACEMENT_3D('',#2825,#2826,#2827);
#2825 = CARTESIAN_POINT('',(2.,124.8,23.8));
#2826 = DIRECTION('',(-0.,-0.707106781187,-0.707106781187));
#2827 = DIRECTION('',(1.,0.,0.));
#2828 = ADVANCED_FACE('',(#2829),#2852,.T.);
#2829 = FACE_BOUND('',#2830,.T.);
#2830 = EDGE_LOOP('',(#2831,#2832,#2840,#2846));
#2831 = ORIENTED_EDGE('',*,*,#1509,.T.);
#2832 = ORIENTED_EDGE('',*,*,#2833,.T.);
#2833 = EDGE_CURVE('',#1502,#2834,#2836,.T.);
#2834 = VERTEX_POINT('',#2835);
#2835 = CARTESIAN_POINT('',(43.,124.6,23.6));
#2836 = LINE('',#2837,#2838);
#2837 = CARTESIAN_POINT('',(42.7,124.9,23.6));
#2838 = VECTOR('',#2839,1.);
#2839 = DIRECTION('',(0.707106781187,-0.707106781187,6.14E-15));
#2840 = ORIENTED_EDGE('',*,*,#2841,.F.);
#2841 = EDGE_CURVE('',#2440,#2834,#2842,.T.);
#2842 = LINE('',#2843,#2844);
#2843 = CARTESIAN_POINT('',(43.,124.6,-7.11E-15));
#2844 = VECTOR('',#2845,1.);
#2845 = DIRECTION('',(0.,0.,1.));
#2846 = ORIENTED_EDGE('',*,*,#2847,.T.);
#2847 = EDGE_CURVE('',#2440,#1510,#2848,.T.);
#2848 = LINE('',#2849,#2850);
#2849 = CARTESIAN_POINT('',(42.8,124.8,0.4));
#2850 = VECTOR('',#2851,1.);
#2851 = DIRECTION('',(-0.707106781187,0.707106781187,1.827E-14));
#2852 = PLANE('',#2853);
#2853 = AXIS2_PLACEMENT_3D('',#2854,#2855,#2856);
#2854 = CARTESIAN_POINT('',(42.8,124.8,-7.11E-15));
#2855 = DIRECTION('',(0.707106781187,0.707106781187,0.));
#2856 = DIRECTION('',(0.,0.,1.));
#2857 = ADVANCED_FACE('',(#2858),#2877,.F.);
#2858 = FACE_BOUND('',#2859,.T.);
#2859 = EDGE_LOOP('',(#2860,#2868,#2869,#2870));
#2860 = ORIENTED_EDGE('',*,*,#2861,.F.);
#2861 = EDGE_CURVE('',#1549,#2862,#2864,.T.);
#2862 = VERTEX_POINT('',#2863);
#2863 = CARTESIAN_POINT('',(11.,115.,5.));
#2864 = LINE('',#2865,#2866);
#2865 = CARTESIAN_POINT('',(11.,125.,5.));
#2866 = VECTOR('',#2867,1.);
#2867 = DIRECTION('',(-7.E-17,-1.,0.));
#2868 = ORIENTED_EDGE('',*,*,#1548,.T.);
#2869 = ORIENTED_EDGE('',*,*,#2861,.T.);
#2870 = ORIENTED_EDGE('',*,*,#2871,.F.);
#2871 = EDGE_CURVE('',#2862,#2862,#2872,.T.);
#2872 = CIRCLE('',#2873,2.);
#2873 = AXIS2_PLACEMENT_3D('',#2874,#2875,#2876);
#2874 = CARTESIAN_POINT('',(9.,115.,5.));
#2875 = DIRECTION('',(-0.,1.,0.));
#2876 = DIRECTION('',(1.,0.,0.));
#2877 = CYLINDRICAL_SURFACE('',#2878,2.);
#2878 = AXIS2_PLACEMENT_3D('',#2879,#2880,#2881);
#2879 = CARTESIAN_POINT('',(9.,125.,5.));
#2880 = DIRECTION('',(-0.,-1.,-0.));
#2881 = DIRECTION('',(1.,0.,0.));
#2882 = ADVANCED_FACE('',(#2883),#2902,.F.);
#2883 = FACE_BOUND('',#2884,.T.);
#2884 = EDGE_LOOP('',(#2885,#2893,#2894,#2895));
#2885 = ORIENTED_EDGE('',*,*,#2886,.F.);
#2886 = EDGE_CURVE('',#1560,#2887,#2889,.T.);
#2887 = VERTEX_POINT('',#2888);
#2888 = CARTESIAN_POINT('',(38.,115.,5.));
#2889 = LINE('',#2890,#2891);
#2890 = CARTESIAN_POINT('',(38.,125.,5.));
#2891 = VECTOR('',#2892,1.);
#2892 = DIRECTION('',(-7.E-17,-1.,0.));
#2893 = ORIENTED_EDGE('',*,*,#1559,.T.);
#2894 = ORIENTED_EDGE('',*,*,#2886,.T.);
#2895 = ORIENTED_EDGE('',*,*,#2896,.F.);
#2896 = EDGE_CURVE('',#2887,#2887,#2897,.T.);
#2897 = CIRCLE('',#2898,2.);
#2898 = AXIS2_PLACEMENT_3D('',#2899,#2900,#2901);
#2899 = CARTESIAN_POINT('',(36.,115.,5.));
#2900 = DIRECTION('',(-0.,1.,0.));
#2901 = DIRECTION('',(1.,0.,0.));
#2902 = CYLINDRICAL_SURFACE('',#2903,2.);
#2903 = AXIS2_PLACEMENT_3D('',#2904,#2905,#2906);
#2904 = CARTESIAN_POINT('',(36.,125.,5.));
#2905 = DIRECTION('',(-0.,-1.,-0.));
#2906 = DIRECTION('',(1.,0.,0.));
#2907 = ADVANCED_FACE('',(#2908),#2914,.T.);
#2908 = FACE_BOUND('',#2909,.F.);
#2909 = EDGE_LOOP('',(#2910,#2911,#2912,#2913));
#2910 = ORIENTED_EDGE('',*,*,#2817,.F.);
#2911 = ORIENTED_EDGE('',*,*,#2734,.T.);
#2912 = ORIENTED_EDGE('',*,*,#2716,.F.);
#2913 = ORIENTED_EDGE('',*,*,#1601,.F.);
#2914 = PLANE('',#2915);
#2915 = AXIS2_PLACEMENT_3D('',#2916,#2917,#2918);
#2916 = CARTESIAN_POINT('',(12.3,125.,23.8));
#2917 = DIRECTION('',(0.707106781187,0.,0.707106781187));
#2918 = DIRECTION('',(1.1E-16,1.,-1.1E-16));
#2919 = ADVANCED_FACE('',(#2920),#2936,.F.);
#2920 = FACE_BOUND('',#2921,.F.);
#2921 = EDGE_LOOP('',(#2922,#2923,#2929,#2930));
#2922 = ORIENTED_EDGE('',*,*,#1623,.F.);
#2923 = ORIENTED_EDGE('',*,*,#2924,.F.);
#2924 = EDGE_CURVE('',#2600,#1624,#2925,.T.);
#2925 = LINE('',#2926,#2927);
#2926 = CARTESIAN_POINT('',(30.5,114.6,9.));
#2927 = VECTOR('',#2928,1.);
#2928 = DIRECTION('',(-1.,0.,0.));
#2929 = ORIENTED_EDGE('',*,*,#2607,.T.);
#2930 = ORIENTED_EDGE('',*,*,#2931,.F.);
#2931 = EDGE_CURVE('',#1626,#2608,#2932,.T.);
#2932 = LINE('',#2933,#2934);
#2933 = CARTESIAN_POINT('',(16.25,104.93877422494,9.));
#2934 = VECTOR('',#2935,1.);
#2935 = DIRECTION('',(1.,0.,0.));
#2936 = PLANE('',#2937);
#2937 = AXIS2_PLACEMENT_3D('',#2938,#2939,#2940);
#2938 = CARTESIAN_POINT('',(32.5,125.,9.));
#2939 = DIRECTION('',(-0.,-2.2E-16,-1.));
#2940 = DIRECTION('',(-1.,0.,0.));
#2941 = ADVANCED_FACE('',(#2942),#2948,.T.);
#2942 = FACE_BOUND('',#2943,.T.);
#2943 = EDGE_LOOP('',(#2944,#2945,#2946,#2947));
#2944 = ORIENTED_EDGE('',*,*,#2599,.F.);
#2945 = ORIENTED_EDGE('',*,*,#2700,.T.);
#2946 = ORIENTED_EDGE('',*,*,#1633,.T.);
#2947 = ORIENTED_EDGE('',*,*,#2924,.F.);
#2948 = PLANE('',#2949);
#2949 = AXIS2_PLACEMENT_3D('',#2950,#2951,#2952);
#2950 = CARTESIAN_POINT('',(30.5,116.1,7.5));
#2951 = DIRECTION('',(0.,0.707106781187,0.707106781187));
#2952 = DIRECTION('',(-1.,0.,0.));
#2953 = ADVANCED_FACE('',(#2954),#2967,.T.);
#2954 = FACE_BOUND('',#2955,.T.);
#2955 = EDGE_LOOP('',(#2956,#2957,#2958,#2959,#2960,#2961));
#2956 = ORIENTED_EDGE('',*,*,#2615,.F.);
#2957 = ORIENTED_EDGE('',*,*,#2931,.F.);
#2958 = ORIENTED_EDGE('',*,*,#1679,.F.);
#2959 = ORIENTED_EDGE('',*,*,#2263,.T.);
#2960 = ORIENTED_EDGE('',*,*,#1818,.T.);
#2961 = ORIENTED_EDGE('',*,*,#2962,.T.);
#2962 = EDGE_CURVE('',#1811,#2616,#2963,.T.);
#2963 = LINE('',#2964,#2965);
#2964 = CARTESIAN_POINT('',(0.,104.93877422494,11.297595517488));
#2965 = VECTOR('',#2966,1.);
#2966 = DIRECTION('',(1.,0.,0.));
#2967 = PLANE('',#2968);
#2968 = AXIS2_PLACEMENT_3D('',#2969,#2970,#2971);
#2969 = CARTESIAN_POINT('',(0.,104.93877422494,24.));
#2970 = DIRECTION('',(0.,1.,0.));
#2971 = DIRECTION('',(0.,0.,-1.));
#2972 = ADVANCED_FACE('',(#2973),#2998,.T.);
#2973 = FACE_BOUND('',#2974,.T.);
#2974 = EDGE_LOOP('',(#2975,#2985,#2991,#2992));
#2975 = ORIENTED_EDGE('',*,*,#2976,.F.);
#2976 = EDGE_CURVE('',#2977,#2979,#2981,.T.);
#2977 = VERTEX_POINT('',#2978);
#2978 = CARTESIAN_POINT('',(15.25,97.087362767003,18.670202798373));
#2979 = VERTEX_POINT('',#2980);
#2980 = CARTESIAN_POINT('',(15.25,89.383745452821,15.077949984798));
#2981 = LINE('',#2982,#2983);
#2982 = CARTESIAN_POINT('',(15.25,100.71259444426,20.360674710643));
#2983 = VECTOR('',#2984,1.);
#2984 = DIRECTION('',(0.,-0.906307919316,-0.422617978068));
#2985 = ORIENTED_EDGE('',*,*,#2986,.F.);
#2986 = EDGE_CURVE('',#1716,#2977,#2987,.T.);
#2987 = LINE('',#2988,#2989);
#2988 = CARTESIAN_POINT('',(11.25,97.087362767003,18.670202798373));
#2989 = VECTOR('',#2990,1.);
#2990 = DIRECTION('',(1.,0.,0.));
#2991 = ORIENTED_EDGE('',*,*,#1713,.F.);
#2992 = ORIENTED_EDGE('',*,*,#2993,.F.);
#2993 = EDGE_CURVE('',#2979,#1714,#2994,.T.);
#2994 = LINE('',#2995,#2996);
#2995 = CARTESIAN_POINT('',(15.25,89.383745452821,15.077949984798));
#2996 = VECTOR('',#2997,1.);
#2997 = DIRECTION('',(-1.,0.,0.));
#2998 = PLANE('',#2999);
#2999 = AXIS2_PLACEMENT_3D('',#3000,#3001,#3002);
#3000 = CARTESIAN_POINT('',(22.5,90.743207331794,15.711876951899));
#3001 = DIRECTION('',(0.,-0.422617978068,0.906307919316));
#3002 = DIRECTION('',(0.,0.906307919316,0.422617978068));
#3003 = ADVANCED_FACE('',(#3004),#3015,.T.);
#3004 = FACE_BOUND('',#3005,.T.);
#3005 = EDGE_LOOP('',(#3006,#3007,#3008,#3014));
#3006 = ORIENTED_EDGE('',*,*,#1723,.F.);
#3007 = ORIENTED_EDGE('',*,*,#2986,.T.);
#3008 = ORIENTED_EDGE('',*,*,#3009,.T.);
#3009 = EDGE_CURVE('',#2977,#2250,#3010,.T.);
#3010 = LINE('',#3011,#3012);
#3011 = CARTESIAN_POINT('',(15.25,103.06752930522,16.493598062757));
#3012 = VECTOR('',#3013,1.);
#3013 = DIRECTION('',(0.,0.939692513734,-0.342020437448));
#3014 = ORIENTED_EDGE('',*,*,#2249,.F.);
#3015 = PLANE('',#3016);
#3016 = AXIS2_PLACEMENT_3D('',#3017,#3018,#3019);
#3017 = CARTESIAN_POINT('',(11.25,99.745214561769,17.702822915877));
#3018 = DIRECTION('',(-3.E-17,0.342020437448,0.939692513734));
#3019 = DIRECTION('',(1.,9.4490119887E-18,2.848617435485E-17));
#3020 = ADVANCED_FACE('',(#3021),#3032,.T.);
#3021 = FACE_BOUND('',#3022,.F.);
#3022 = EDGE_LOOP('',(#3023,#3029,#3030,#3031));
#3023 = ORIENTED_EDGE('',*,*,#3024,.F.);
#3024 = EDGE_CURVE('',#1778,#2979,#3025,.T.);
#3025 = LINE('',#3026,#3027);
#3026 = CARTESIAN_POINT('',(15.25,88.537288055637,12.752329664377));
#3027 = VECTOR('',#3028,1.);
#3028 = DIRECTION('',(0.,0.342020437448,0.939692513734));
#3029 = ORIENTED_EDGE('',*,*,#1785,.T.);
#3030 = ORIENTED_EDGE('',*,*,#1746,.T.);
#3031 = ORIENTED_EDGE('',*,*,#2993,.F.);
#3032 = PLANE('',#3033);
#3033 = AXIS2_PLACEMENT_3D('',#3034,#3035,#3036);
#3034 = CARTESIAN_POINT('',(15.25,87.086218231894,8.765551972228));
#3035 = DIRECTION('',(0.,-0.939692513734,0.342020437448));
#3036 = DIRECTION('',(1.,0.,0.));
#3037 = ADVANCED_FACE('',(#3038),#3046,.T.);
#3038 = FACE_BOUND('',#3039,.T.);
#3039 = EDGE_LOOP('',(#3040,#3041,#3042,#3043,#3044,#3045));
#3040 = ORIENTED_EDGE('',*,*,#2976,.T.);
#3041 = ORIENTED_EDGE('',*,*,#3024,.F.);
#3042 = ORIENTED_EDGE('',*,*,#1777,.F.);
#3043 = ORIENTED_EDGE('',*,*,#1801,.F.);
#3044 = ORIENTED_EDGE('',*,*,#2257,.T.);
#3045 = ORIENTED_EDGE('',*,*,#3009,.F.);
#3046 = PLANE('',#3047);
#3047 = AXIS2_PLACEMENT_3D('',#3048,#3049,#3050);
#3048 = CARTESIAN_POINT('',(15.25,104.93877422494,11.297595517488));
#3049 = DIRECTION('',(1.,0.,0.));
#3050 = DIRECTION('',(0.,-0.906307919316,-0.422617978068));
#3051 = ADVANCED_FACE('',(#3052),#3086,.F.);
#3052 = FACE_BOUND('',#3053,.F.);
#3053 = EDGE_LOOP('',(#3054,#3064,#3070,#3071,#3072,#3080));
#3054 = ORIENTED_EDGE('',*,*,#3055,.T.);
#3055 = EDGE_CURVE('',#3056,#3058,#3060,.T.);
#3056 = VERTEX_POINT('',#3057);
#3057 = CARTESIAN_POINT('',(29.75,97.087362767003,18.670202798373));
#3058 = VERTEX_POINT('',#3059);
#3059 = CARTESIAN_POINT('',(29.75,89.383745452821,15.077949984798));
#3060 = LINE('',#3061,#3062);
#3061 = CARTESIAN_POINT('',(29.75,100.71259444426,20.360674710643));
#3062 = VECTOR('',#3063,1.);
#3063 = DIRECTION('',(0.,-0.906307919316,-0.422617978068));
#3064 = ORIENTED_EDGE('',*,*,#3065,.F.);
#3065 = EDGE_CURVE('',#1937,#3058,#3066,.T.);
#3066 = LINE('',#3067,#3068);
#3067 = CARTESIAN_POINT('',(29.75,88.537288055637,12.752329664377));
#3068 = VECTOR('',#3069,1.);
#3069 = DIRECTION('',(0.,0.342020437448,0.939692513734));
#3070 = ORIENTED_EDGE('',*,*,#1936,.F.);
#3071 = ORIENTED_EDGE('',*,*,#1810,.F.);
#3072 = ORIENTED_EDGE('',*,*,#3073,.T.);
#3073 = EDGE_CURVE('',#1811,#3074,#3076,.T.);
#3074 = VERTEX_POINT('',#3075);
#3075 = CARTESIAN_POINT('',(29.75,102.40306635653,16.735443033381));
#3076 = LINE('',#3077,#3078);
#3077 = CARTESIAN_POINT('',(29.75,104.93877422494,11.297595517488));
#3078 = VECTOR('',#3079,1.);
#3079 = DIRECTION('',(0.,-0.422617978068,0.906307919316));
#3080 = ORIENTED_EDGE('',*,*,#3081,.T.);
#3081 = EDGE_CURVE('',#3074,#3056,#3082,.T.);
#3082 = LINE('',#3083,#3084);
#3083 = CARTESIAN_POINT('',(29.75,103.06752930522,16.493598062757));
#3084 = VECTOR('',#3085,1.);
#3085 = DIRECTION('',(0.,-0.939692513734,0.342020437448));
#3086 = PLANE('',#3087);
#3087 = AXIS2_PLACEMENT_3D('',#3088,#3089,#3090);
#3088 = CARTESIAN_POINT('',(29.75,104.93877422494,11.297595517488));
#3089 = DIRECTION('',(1.,0.,0.));
#3090 = DIRECTION('',(0.,-0.906307919316,-0.422617978068));
#3091 = ADVANCED_FACE('',(#3092),#3118,.T.);
#3092 = FACE_BOUND('',#3093,.F.);
#3093 = EDGE_LOOP('',(#3094,#3102,#3111,#3117));
#3094 = ORIENTED_EDGE('',*,*,#3095,.T.);
#3095 = EDGE_CURVE('',#1827,#3096,#3098,.T.);
#3096 = VERTEX_POINT('',#3097);
#3097 = CARTESIAN_POINT('',(24.5,88.246502341995,6.713663165155));
#3098 = LINE('',#3099,#3100);
#3099 = CARTESIAN_POINT('',(24.5,89.472094478391,4.08537019914));
#3100 = VECTOR('',#3101,1.);
#3101 = DIRECTION('',(0.,-0.422617978068,0.906307919316));
#3102 = ORIENTED_EDGE('',*,*,#3103,.T.);
#3103 = EDGE_CURVE('',#3096,#3104,#3106,.T.);
#3104 = VERTEX_POINT('',#3105);
#3105 = CARTESIAN_POINT('',(24.5,93.452844961557,9.141418615718));
#3106 = CIRCLE('',#3107,3.5);
#3107 = AXIS2_PLACEMENT_3D('',#3108,#3109,#3110);
#3108 = CARTESIAN_POINT('',(22.5,90.849673651776,7.927540890436));
#3109 = DIRECTION('',(0.,-0.422617978068,0.906307919316));
#3110 = DIRECTION('',(1.,0.,0.));
#3111 = ORIENTED_EDGE('',*,*,#3112,.F.);
#3112 = EDGE_CURVE('',#1829,#3104,#3113,.T.);
#3113 = LINE('',#3114,#3115);
#3114 = CARTESIAN_POINT('',(24.5,94.678437097953,6.513125649703));
#3115 = VECTOR('',#3116,1.);
#3116 = DIRECTION('',(0.,-0.422617978068,0.906307919316));
#3117 = ORIENTED_EDGE('',*,*,#1826,.F.);
#3118 = CYLINDRICAL_SURFACE('',#3119,3.5);
#3119 = AXIS2_PLACEMENT_3D('',#3120,#3121,#3122);
#3120 = CARTESIAN_POINT('',(22.5,92.075265788172,5.299247924421));
#3121 = DIRECTION('',(0.,0.422617978068,-0.906307919316));
#3122 = DIRECTION('',(1.,0.,0.));
#3123 = ADVANCED_FACE('',(#3124),#3142,.F.);
#3124 = FACE_BOUND('',#3125,.F.);
#3125 = EDGE_LOOP('',(#3126,#3134,#3140,#3141));
#3126 = ORIENTED_EDGE('',*,*,#3127,.T.);
#3127 = EDGE_CURVE('',#1838,#3128,#3130,.T.);
#3128 = VERTEX_POINT('',#3129);
#3129 = CARTESIAN_POINT('',(24.5,87.616328612518,6.419808569264));
#3130 = LINE('',#3131,#3132);
#3131 = CARTESIAN_POINT('',(24.5,88.841920748914,3.791515603249));
#3132 = VECTOR('',#3133,1.);
#3133 = DIRECTION('',(0.,-0.422617978068,0.906307919316));
#3134 = ORIENTED_EDGE('',*,*,#3135,.T.);
#3135 = EDGE_CURVE('',#3128,#3096,#3136,.T.);
#3136 = LINE('',#3137,#3138);
#3137 = CARTESIAN_POINT('',(24.5,87.616328612518,6.419808569264));
#3138 = VECTOR('',#3139,1.);
#3139 = DIRECTION('',(0.,0.906307919316,0.422617978068));
#3140 = ORIENTED_EDGE('',*,*,#3095,.F.);
#3141 = ORIENTED_EDGE('',*,*,#1837,.F.);
#3142 = PLANE('',#3143);
#3143 = AXIS2_PLACEMENT_3D('',#3144,#3145,#3146);
#3144 = CARTESIAN_POINT('',(24.5,88.841920748914,3.791515603249));
#3145 = DIRECTION('',(-1.,0.,0.));
#3146 = DIRECTION('',(0.,0.906307919316,0.422617978068));
#3147 = ADVANCED_FACE('',(#3148),#3166,.F.);
#3148 = FACE_BOUND('',#3149,.F.);
#3149 = EDGE_LOOP('',(#3150,#3151,#3159,#3165));
#3150 = ORIENTED_EDGE('',*,*,#3112,.T.);
#3151 = ORIENTED_EDGE('',*,*,#3152,.T.);
#3152 = EDGE_CURVE('',#3104,#3153,#3155,.T.);
#3153 = VERTEX_POINT('',#3154);
#3154 = CARTESIAN_POINT('',(24.5,93.960484047727,9.378134415738));
#3155 = LINE('',#3156,#3157);
#3156 = CARTESIAN_POINT('',(24.5,93.452844961557,9.141418615718));
#3157 = VECTOR('',#3158,1.);
#3158 = DIRECTION('',(0.,0.906307919316,0.422617978068));
#3159 = ORIENTED_EDGE('',*,*,#3160,.F.);
#3160 = EDGE_CURVE('',#1914,#3153,#3161,.T.);
#3161 = LINE('',#3162,#3163);
#3162 = CARTESIAN_POINT('',(24.5,95.186076184123,6.749841449723));
#3163 = VECTOR('',#3164,1.);
#3164 = DIRECTION('',(0.,-0.422617978068,0.906307919316));
#3165 = ORIENTED_EDGE('',*,*,#1922,.F.);
#3166 = PLANE('',#3167);
#3167 = AXIS2_PLACEMENT_3D('',#3168,#3169,#3170);
#3168 = CARTESIAN_POINT('',(24.5,94.678437097953,6.513125649703));
#3169 = DIRECTION('',(-1.,0.,0.));
#3170 = DIRECTION('',(0.,0.906307919316,0.422617978068));
#3171 = ADVANCED_FACE('',(#3172),#3191,.T.);
#3172 = FACE_BOUND('',#3173,.F.);
#3173 = EDGE_LOOP('',(#3174,#3182,#3189,#3190));
#3174 = ORIENTED_EDGE('',*,*,#3175,.T.);
#3175 = EDGE_CURVE('',#1846,#3176,#3178,.T.);
#3176 = VERTEX_POINT('',#3177);
#3177 = CARTESIAN_POINT('',(23.5,86.710020693203,5.997190591197));
#3178 = LINE('',#3179,#3180);
#3179 = CARTESIAN_POINT('',(23.5,87.935612829599,3.368897625182));
#3180 = VECTOR('',#3181,1.);
#3181 = DIRECTION('',(0.,-0.422617978068,0.906307919316));
#3182 = ORIENTED_EDGE('',*,*,#3183,.T.);
#3183 = EDGE_CURVE('',#3176,#3128,#3184,.T.);
#3184 = CIRCLE('',#3185,1.);
#3185 = AXIS2_PLACEMENT_3D('',#3186,#3187,#3188);
#3186 = CARTESIAN_POINT('',(23.5,87.616328612518,6.419808569264));
#3187 = DIRECTION('',(0.,-0.422617978068,0.906307919316));
#3188 = DIRECTION('',(0.,0.906307919316,0.422617978068));
#3189 = ORIENTED_EDGE('',*,*,#3127,.F.);
#3190 = ORIENTED_EDGE('',*,*,#1845,.F.);
#3191 = CYLINDRICAL_SURFACE('',#3192,1.);
#3192 = AXIS2_PLACEMENT_3D('',#3193,#3194,#3195);
#3193 = CARTESIAN_POINT('',(23.5,88.841920748914,3.791515603249));
#3194 = DIRECTION('',(0.,0.422617978068,-0.906307919316));
#3195 = DIRECTION('',(0.,0.906307919316,0.422617978068));
#3196 = ADVANCED_FACE('',(#3197),#3216,.T.);
#3197 = FACE_BOUND('',#3198,.F.);
#3198 = EDGE_LOOP('',(#3199,#3200,#3209,#3215));
#3199 = ORIENTED_EDGE('',*,*,#3160,.T.);
#3200 = ORIENTED_EDGE('',*,*,#3201,.T.);
#3201 = EDGE_CURVE('',#3153,#3202,#3204,.T.);
#3202 = VERTEX_POINT('',#3203);
#3203 = CARTESIAN_POINT('',(23.5,94.866791967042,9.800752393805));
#3204 = CIRCLE('',#3205,1.);
#3205 = AXIS2_PLACEMENT_3D('',#3206,#3207,#3208);
#3206 = CARTESIAN_POINT('',(23.5,93.960484047727,9.378134415738));
#3207 = DIRECTION('',(0.,-0.422617978068,0.906307919316));
#3208 = DIRECTION('',(-1.,0.,0.));
#3209 = ORIENTED_EDGE('',*,*,#3210,.F.);
#3210 = EDGE_CURVE('',#1906,#3202,#3211,.T.);
#3211 = LINE('',#3212,#3213);
#3212 = CARTESIAN_POINT('',(23.5,96.092384103438,7.17245942779));
#3213 = VECTOR('',#3214,1.);
#3214 = DIRECTION('',(0.,-0.422617978068,0.906307919316));
#3215 = ORIENTED_EDGE('',*,*,#1913,.F.);
#3216 = CYLINDRICAL_SURFACE('',#3217,1.);
#3217 = AXIS2_PLACEMENT_3D('',#3218,#3219,#3220);
#3218 = CARTESIAN_POINT('',(23.5,95.186076184123,6.749841449723));
#3219 = DIRECTION('',(0.,0.422617978068,-0.906307919316));
#3220 = DIRECTION('',(-1.,0.,0.));
#3221 = ADVANCED_FACE('',(#3222),#3240,.F.);
#3222 = FACE_BOUND('',#3223,.F.);
#3223 = EDGE_LOOP('',(#3224,#3232,#3238,#3239));
#3224 = ORIENTED_EDGE('',*,*,#3225,.T.);
#3225 = EDGE_CURVE('',#1855,#3226,#3228,.T.);
#3226 = VERTEX_POINT('',#3227);
#3227 = CARTESIAN_POINT('',(21.5,86.710020693203,5.997190591197));
#3228 = LINE('',#3229,#3230);
#3229 = CARTESIAN_POINT('',(21.5,87.935612829599,3.368897625182));
#3230 = VECTOR('',#3231,1.);
#3231 = DIRECTION('',(0.,-0.422617978068,0.906307919316));
#3232 = ORIENTED_EDGE('',*,*,#3233,.T.);
#3233 = EDGE_CURVE('',#3226,#3176,#3234,.T.);
#3234 = LINE('',#3235,#3236);
#3235 = CARTESIAN_POINT('',(21.5,86.710020693203,5.997190591197));
#3236 = VECTOR('',#3237,1.);
#3237 = DIRECTION('',(1.,0.,0.));
#3238 = ORIENTED_EDGE('',*,*,#3175,.F.);
#3239 = ORIENTED_EDGE('',*,*,#1854,.F.);
#3240 = PLANE('',#3241);
#3241 = AXIS2_PLACEMENT_3D('',#3242,#3243,#3244);
#3242 = CARTESIAN_POINT('',(21.5,87.935612829599,3.368897625182));
#3243 = DIRECTION('',(0.,0.906307919316,0.422617978068));
#3244 = DIRECTION('',(1.,0.,0.));
#3245 = ADVANCED_FACE('',(#3246),#3264,.F.);
#3246 = FACE_BOUND('',#3247,.F.);
#3247 = EDGE_LOOP('',(#3248,#3249,#3257,#3263));
#3248 = ORIENTED_EDGE('',*,*,#3210,.T.);
#3249 = ORIENTED_EDGE('',*,*,#3250,.T.);
#3250 = EDGE_CURVE('',#3202,#3251,#3253,.T.);
#3251 = VERTEX_POINT('',#3252);
#3252 = CARTESIAN_POINT('',(21.5,94.866791967042,9.800752393805));
#3253 = LINE('',#3254,#3255);
#3254 = CARTESIAN_POINT('',(23.5,94.866791967042,9.800752393805));
#3255 = VECTOR('',#3256,1.);
#3256 = DIRECTION('',(-1.,0.,0.));
#3257 = ORIENTED_EDGE('',*,*,#3258,.F.);
#3258 = EDGE_CURVE('',#1897,#3251,#3259,.T.);
#3259 = LINE('',#3260,#3261);
#3260 = CARTESIAN_POINT('',(21.5,96.092384103438,7.17245942779));
#3261 = VECTOR('',#3262,1.);
#3262 = DIRECTION('',(0.,-0.422617978068,0.906307919316));
#3263 = ORIENTED_EDGE('',*,*,#1905,.F.);
#3264 = PLANE('',#3265);
#3265 = AXIS2_PLACEMENT_3D('',#3266,#3267,#3268);
#3266 = CARTESIAN_POINT('',(23.5,96.092384103438,7.17245942779));
#3267 = DIRECTION('',(-0.,-0.906307919316,-0.422617978068));
#3268 = DIRECTION('',(-1.,0.,0.));
#3269 = ADVANCED_FACE('',(#3270),#3289,.T.);
#3270 = FACE_BOUND('',#3271,.F.);
#3271 = EDGE_LOOP('',(#3272,#3280,#3287,#3288));
#3272 = ORIENTED_EDGE('',*,*,#3273,.T.);
#3273 = EDGE_CURVE('',#1863,#3274,#3276,.T.);
#3274 = VERTEX_POINT('',#3275);
#3275 = CARTESIAN_POINT('',(20.5,87.616328612518,6.419808569264));
#3276 = LINE('',#3277,#3278);
#3277 = CARTESIAN_POINT('',(20.5,88.841920748914,3.791515603249));
#3278 = VECTOR('',#3279,1.);
#3279 = DIRECTION('',(0.,-0.422617978068,0.906307919316));
#3280 = ORIENTED_EDGE('',*,*,#3281,.T.);
#3281 = EDGE_CURVE('',#3274,#3226,#3282,.T.);
#3282 = CIRCLE('',#3283,1.);
#3283 = AXIS2_PLACEMENT_3D('',#3284,#3285,#3286);
#3284 = CARTESIAN_POINT('',(21.5,87.616328612518,6.419808569264));
#3285 = DIRECTION('',(0.,-0.422617978068,0.906307919316));
#3286 = DIRECTION('',(1.,0.,0.));
#3287 = ORIENTED_EDGE('',*,*,#3225,.F.);
#3288 = ORIENTED_EDGE('',*,*,#1862,.F.);
#3289 = CYLINDRICAL_SURFACE('',#3290,1.);
#3290 = AXIS2_PLACEMENT_3D('',#3291,#3292,#3293);
#3291 = CARTESIAN_POINT('',(21.5,88.841920748914,3.791515603249));
#3292 = DIRECTION('',(0.,0.422617978068,-0.906307919316));
#3293 = DIRECTION('',(1.,0.,0.));
#3294 = ADVANCED_FACE('',(#3295),#3314,.T.);
#3295 = FACE_BOUND('',#3296,.F.);
#3296 = EDGE_LOOP('',(#3297,#3298,#3307,#3313));
#3297 = ORIENTED_EDGE('',*,*,#3258,.T.);
#3298 = ORIENTED_EDGE('',*,*,#3299,.T.);
#3299 = EDGE_CURVE('',#3251,#3300,#3302,.T.);
#3300 = VERTEX_POINT('',#3301);
#3301 = CARTESIAN_POINT('',(20.5,93.960484047727,9.378134415738));
#3302 = CIRCLE('',#3303,1.);
#3303 = AXIS2_PLACEMENT_3D('',#3304,#3305,#3306);
#3304 = CARTESIAN_POINT('',(21.5,93.960484047727,9.378134415738));
#3305 = DIRECTION('',(0.,-0.422617978068,0.906307919316));
#3306 = DIRECTION('',(0.,-0.906307919316,-0.422617978068));
#3307 = ORIENTED_EDGE('',*,*,#3308,.F.);
#3308 = EDGE_CURVE('',#1889,#3300,#3309,.T.);
#3309 = LINE('',#3310,#3311);
#3310 = CARTESIAN_POINT('',(20.5,95.186076184123,6.749841449723));
#3311 = VECTOR('',#3312,1.);
#3312 = DIRECTION('',(0.,-0.422617978068,0.906307919316));
#3313 = ORIENTED_EDGE('',*,*,#1896,.F.);
#3314 = CYLINDRICAL_SURFACE('',#3315,1.);
#3315 = AXIS2_PLACEMENT_3D('',#3316,#3317,#3318);
#3316 = CARTESIAN_POINT('',(21.5,95.186076184123,6.749841449723));
#3317 = DIRECTION('',(0.,0.422617978068,-0.906307919316));
#3318 = DIRECTION('',(0.,-0.906307919316,-0.422617978068));
#3319 = ADVANCED_FACE('',(#3320),#3338,.F.);
#3320 = FACE_BOUND('',#3321,.F.);
#3321 = EDGE_LOOP('',(#3322,#3330,#3336,#3337));
#3322 = ORIENTED_EDGE('',*,*,#3323,.T.);
#3323 = EDGE_CURVE('',#1872,#3324,#3326,.T.);
#3324 = VERTEX_POINT('',#3325);
#3325 = CARTESIAN_POINT('',(20.5,88.246502341995,6.713663165155));
#3326 = LINE('',#3327,#3328);
#3327 = CARTESIAN_POINT('',(20.5,89.472094478391,4.08537019914));
#3328 = VECTOR('',#3329,1.);
#3329 = DIRECTION('',(0.,-0.422617978068,0.906307919316));
#3330 = ORIENTED_EDGE('',*,*,#3331,.T.);
#3331 = EDGE_CURVE('',#3324,#3274,#3332,.T.);
#3332 = LINE('',#3333,#3334);
#3333 = CARTESIAN_POINT('',(20.5,88.246502341995,6.713663165155));
#3334 = VECTOR('',#3335,1.);
#3335 = DIRECTION('',(0.,-0.906307919316,-0.422617978068));
#3336 = ORIENTED_EDGE('',*,*,#3273,.F.);
#3337 = ORIENTED_EDGE('',*,*,#1871,.F.);
#3338 = PLANE('',#3339);
#3339 = AXIS2_PLACEMENT_3D('',#3340,#3341,#3342);
#3340 = CARTESIAN_POINT('',(20.5,89.472094478391,4.08537019914));
#3341 = DIRECTION('',(1.,0.,0.));
#3342 = DIRECTION('',(0.,-0.906307919316,-0.422617978068));
#3343 = ADVANCED_FACE('',(#3344),#3362,.F.);
#3344 = FACE_BOUND('',#3345,.F.);
#3345 = EDGE_LOOP('',(#3346,#3347,#3355,#3361));
#3346 = ORIENTED_EDGE('',*,*,#3308,.T.);
#3347 = ORIENTED_EDGE('',*,*,#3348,.T.);
#3348 = EDGE_CURVE('',#3300,#3349,#3351,.T.);
#3349 = VERTEX_POINT('',#3350);
#3350 = CARTESIAN_POINT('',(20.5,93.452844961557,9.141418615718));
#3351 = LINE('',#3352,#3353);
#3352 = CARTESIAN_POINT('',(20.5,93.960484047727,9.378134415738));
#3353 = VECTOR('',#3354,1.);
#3354 = DIRECTION('',(0.,-0.906307919316,-0.422617978068));
#3355 = ORIENTED_EDGE('',*,*,#3356,.F.);
#3356 = EDGE_CURVE('',#1880,#3349,#3357,.T.);
#3357 = LINE('',#3358,#3359);
#3358 = CARTESIAN_POINT('',(20.5,94.678437097953,6.513125649703));
#3359 = VECTOR('',#3360,1.);
#3360 = DIRECTION('',(0.,-0.422617978068,0.906307919316));
#3361 = ORIENTED_EDGE('',*,*,#1888,.F.);
#3362 = PLANE('',#3363);
#3363 = AXIS2_PLACEMENT_3D('',#3364,#3365,#3366);
#3364 = CARTESIAN_POINT('',(20.5,95.186076184123,6.749841449723));
#3365 = DIRECTION('',(1.,0.,0.));
#3366 = DIRECTION('',(0.,-0.906307919316,-0.422617978068));
#3367 = ADVANCED_FACE('',(#3368),#3380,.T.);
#3368 = FACE_BOUND('',#3369,.F.);
#3369 = EDGE_LOOP('',(#3370,#3371,#3378,#3379));
#3370 = ORIENTED_EDGE('',*,*,#3356,.T.);
#3371 = ORIENTED_EDGE('',*,*,#3372,.T.);
#3372 = EDGE_CURVE('',#3349,#3324,#3373,.T.);
#3373 = CIRCLE('',#3374,3.5);
#3374 = AXIS2_PLACEMENT_3D('',#3375,#3376,#3377);
#3375 = CARTESIAN_POINT('',(22.5,90.849673651776,7.927540890436));
#3376 = DIRECTION('',(0.,-0.422617978068,0.906307919316));
#3377 = DIRECTION('',(1.,0.,0.));
#3378 = ORIENTED_EDGE('',*,*,#3323,.F.);
#3379 = ORIENTED_EDGE('',*,*,#1879,.F.);
#3380 = CYLINDRICAL_SURFACE('',#3381,3.5);
#3381 = AXIS2_PLACEMENT_3D('',#3382,#3383,#3384);
#3382 = CARTESIAN_POINT('',(22.5,92.075265788172,5.299247924421));
#3383 = DIRECTION('',(0.,0.422617978068,-0.906307919316));
#3384 = DIRECTION('',(1.,0.,0.));
#3385 = ADVANCED_FACE('',(#3386),#3404,.F.);
#3386 = FACE_BOUND('',#3387,.T.);
#3387 = EDGE_LOOP('',(#3388,#3389,#3390,#3398));
#3388 = ORIENTED_EDGE('',*,*,#3065,.F.);
#3389 = ORIENTED_EDGE('',*,*,#1944,.T.);
#3390 = ORIENTED_EDGE('',*,*,#3391,.T.);
#3391 = EDGE_CURVE('',#1945,#3392,#3394,.T.);
#3392 = VERTEX_POINT('',#3393);
#3393 = CARTESIAN_POINT('',(33.75,89.383745452821,15.077949984798));
#3394 = LINE('',#3395,#3396);
#3395 = CARTESIAN_POINT('',(33.75,88.537288055637,12.752329664377));
#3396 = VECTOR('',#3397,1.);
#3397 = DIRECTION('',(0.,0.342020437448,0.939692513734));
#3398 = ORIENTED_EDGE('',*,*,#3399,.F.);
#3399 = EDGE_CURVE('',#3058,#3392,#3400,.T.);
#3400 = LINE('',#3401,#3402);
#3401 = CARTESIAN_POINT('',(29.75,89.383745452821,15.077949984798));
#3402 = VECTOR('',#3403,1.);
#3403 = DIRECTION('',(1.,0.,0.));
#3404 = PLANE('',#3405);
#3405 = AXIS2_PLACEMENT_3D('',#3406,#3407,#3408);
#3406 = CARTESIAN_POINT('',(29.75,87.086218231894,8.765551972228));
#3407 = DIRECTION('',(0.,0.939692513734,-0.342020437448));
#3408 = DIRECTION('',(-1.,-0.,-0.));
#3409 = ADVANCED_FACE('',(#3410),#3437,.T.);
#3410 = FACE_BOUND('',#3411,.T.);
#3411 = EDGE_LOOP('',(#3412,#3420,#3421,#3422,#3423,#3431));
#3412 = ORIENTED_EDGE('',*,*,#3413,.T.);
#3413 = EDGE_CURVE('',#3414,#3392,#3416,.T.);
#3414 = VERTEX_POINT('',#3415);
#3415 = CARTESIAN_POINT('',(33.75,97.087362767003,18.670202798373));
#3416 = LINE('',#3417,#3418);
#3417 = CARTESIAN_POINT('',(33.75,100.71259444426,20.360674710643));
#3418 = VECTOR('',#3419,1.);
#3419 = DIRECTION('',(0.,-0.906307919316,-0.422617978068));
#3420 = ORIENTED_EDGE('',*,*,#3391,.F.);
#3421 = ORIENTED_EDGE('',*,*,#1952,.F.);
#3422 = ORIENTED_EDGE('',*,*,#1977,.F.);
#3423 = ORIENTED_EDGE('',*,*,#3424,.T.);
#3424 = EDGE_CURVE('',#1968,#3425,#3427,.T.);
#3425 = VERTEX_POINT('',#3426);
#3426 = CARTESIAN_POINT('',(33.75,102.40306635653,16.735443033381));
#3427 = LINE('',#3428,#3429);
#3428 = CARTESIAN_POINT('',(33.75,104.93877422494,11.297595517488));
#3429 = VECTOR('',#3430,1.);
#3430 = DIRECTION('',(0.,-0.422617978068,0.906307919316));
#3431 = ORIENTED_EDGE('',*,*,#3432,.T.);
#3432 = EDGE_CURVE('',#3425,#3414,#3433,.T.);
#3433 = LINE('',#3434,#3435);
#3434 = CARTESIAN_POINT('',(33.75,103.06752930522,16.493598062757));
#3435 = VECTOR('',#3436,1.);
#3436 = DIRECTION('',(0.,-0.939692513734,0.342020437448));
#3437 = PLANE('',#3438);
#3438 = AXIS2_PLACEMENT_3D('',#3439,#3440,#3441);
#3439 = CARTESIAN_POINT('',(33.75,104.93877422494,11.297595517488));
#3440 = DIRECTION('',(1.,0.,0.));
#3441 = DIRECTION('',(0.,-0.906307919316,-0.422617978068));
#3442 = ADVANCED_FACE('',(#3443),#3475,.T.);
#3443 = FACE_BOUND('',#3444,.T.);
#3444 = EDGE_LOOP('',(#3445,#3446,#3452,#3453,#3461,#3469));
#3445 = ORIENTED_EDGE('',*,*,#2623,.F.);
#3446 = ORIENTED_EDGE('',*,*,#3447,.T.);
#3447 = EDGE_CURVE('',#2616,#1968,#3448,.T.);
#3448 = LINE('',#3449,#3450);
#3449 = CARTESIAN_POINT('',(0.,104.93877422494,11.297595517488));
#3450 = VECTOR('',#3451,1.);
#3451 = DIRECTION('',(1.,0.,0.));
#3452 = ORIENTED_EDGE('',*,*,#1967,.T.);
#3453 = ORIENTED_EDGE('',*,*,#3454,.F.);
#3454 = EDGE_CURVE('',#3455,#1970,#3457,.T.);
#3455 = VERTEX_POINT('',#3456);
#3456 = CARTESIAN_POINT('',(42.6,104.93877422494,23.6));
#3457 = LINE('',#3458,#3459);
#3458 = CARTESIAN_POINT('',(42.6,104.93877422494,24.));
#3459 = VECTOR('',#3460,1.);
#3460 = DIRECTION('',(0.,0.,-1.));
#3461 = ORIENTED_EDGE('',*,*,#3462,.F.);
#3462 = EDGE_CURVE('',#3463,#3455,#3465,.T.);
#3463 = VERTEX_POINT('',#3464);
#3464 = CARTESIAN_POINT('',(32.5,104.93877422494,23.6));
#3465 = LINE('',#3466,#3467);
#3466 = CARTESIAN_POINT('',(32.5,104.93877422494,23.6));
#3467 = VECTOR('',#3468,1.);
#3468 = DIRECTION('',(1.,0.,0.));
#3469 = ORIENTED_EDGE('',*,*,#3470,.T.);
#3470 = EDGE_CURVE('',#3463,#2624,#3471,.T.);
#3471 = LINE('',#3472,#3473);
#3472 = CARTESIAN_POINT('',(32.5,104.93877422494,23.6));
#3473 = VECTOR('',#3474,1.);
#3474 = DIRECTION('',(-1.,-0.,-0.));
#3475 = PLANE('',#3476);
#3476 = AXIS2_PLACEMENT_3D('',#3477,#3478,#3479);
#3477 = CARTESIAN_POINT('',(36.55,104.93877422494,17.448797758744));
#3478 = DIRECTION('',(-0.,-1.,-0.));
#3479 = DIRECTION('',(0.,0.,-1.));
#3480 = ADVANCED_FACE('',(#3481),#3506,.T.);
#3481 = FACE_BOUND('',#3482,.F.);
#3482 = EDGE_LOOP('',(#3483,#3491,#3492,#3500));
#3483 = ORIENTED_EDGE('',*,*,#3484,.F.);
#3484 = EDGE_CURVE('',#1993,#3485,#3487,.T.);
#3485 = VERTEX_POINT('',#3486);
#3486 = CARTESIAN_POINT('',(43.,93.666712491227,5.6));
#3487 = LINE('',#3488,#3489);
#3488 = CARTESIAN_POINT('',(39.62646530624,92.918818409284,8.97353469376
    ));
#3489 = VECTOR('',#3490,1.);
#3490 = DIRECTION('',(0.698575401433,0.154870323252,-0.698575401433));
#3491 = ORIENTED_EDGE('',*,*,#2000,.T.);
#3492 = ORIENTED_EDGE('',*,*,#3493,.T.);
#3493 = EDGE_CURVE('',#1970,#3494,#3496,.T.);
#3494 = VERTEX_POINT('',#3495);
#3495 = CARTESIAN_POINT('',(43.,105.33877422494,11.042767325158));
#3496 = LINE('',#3497,#3498);
#3497 = CARTESIAN_POINT('',(39.424808514013,101.76358273895,
    13.320416284172));
#3498 = VECTOR('',#3499,1.);
#3499 = DIRECTION('',(0.644710781132,0.644710781132,-0.410726207327));
#3500 = ORIENTED_EDGE('',*,*,#3501,.F.);
#3501 = EDGE_CURVE('',#3485,#3494,#3502,.T.);
#3502 = LINE('',#3503,#3504);
#3503 = CARTESIAN_POINT('',(43.,93.747081883073,5.637476832274));
#3504 = VECTOR('',#3505,1.);
#3505 = DIRECTION('',(0.,0.906307919316,0.422617978068));
#3506 = PLANE('',#3507);
#3507 = AXIS2_PLACEMENT_3D('',#3508,#3509,#3510);
#3508 = CARTESIAN_POINT('',(42.8,93.66255828746,5.818738416137));
#3509 = DIRECTION('',(0.707106781187,-0.298836038143,0.640856475591));
#3510 = DIRECTION('',(1.784419193543E-16,-0.906307919316,-0.422617978068
    ));
#3511 = ADVANCED_FACE('',(#3512),#3523,.T.);
#3512 = FACE_BOUND('',#3513,.T.);
#3513 = EDGE_LOOP('',(#3514,#3515,#3521,#3522));
#3514 = ORIENTED_EDGE('',*,*,#2058,.F.);
#3515 = ORIENTED_EDGE('',*,*,#3516,.T.);
#3516 = EDGE_CURVE('',#2059,#1993,#3517,.T.);
#3517 = LINE('',#3518,#3519);
#3518 = CARTESIAN_POINT('',(42.6,35.,6.));
#3519 = VECTOR('',#3520,1.);
#3520 = DIRECTION('',(0.,1.,-1.2E-16));
#3521 = ORIENTED_EDGE('',*,*,#1992,.T.);
#3522 = ORIENTED_EDGE('',*,*,#2015,.T.);
#3523 = PLANE('',#3524);
#3524 = AXIS2_PLACEMENT_3D('',#3525,#3526,#3527);
#3525 = CARTESIAN_POINT('',(43.5,64.289017345923,6.));
#3526 = DIRECTION('',(0.,0.,1.));
#3527 = DIRECTION('',(1.,0.,0.));
#3528 = ADVANCED_FACE('',(#3529),#3540,.T.);
#3529 = FACE_BOUND('',#3530,.T.);
#3530 = EDGE_LOOP('',(#3531,#3532,#3533,#3534));
#3531 = ORIENTED_EDGE('',*,*,#2040,.F.);
#3532 = ORIENTED_EDGE('',*,*,#2080,.F.);
#3533 = ORIENTED_EDGE('',*,*,#2357,.T.);
#3534 = ORIENTED_EDGE('',*,*,#3535,.F.);
#3535 = EDGE_CURVE('',#2043,#2358,#3536,.T.);
#3536 = LINE('',#3537,#3538);
#3537 = CARTESIAN_POINT('',(42.6,13.,28.));
#3538 = VECTOR('',#3539,1.);
#3539 = DIRECTION('',(0.,0.,1.));
#3540 = PLANE('',#3541);
#3541 = AXIS2_PLACEMENT_3D('',#3542,#3543,#3544);
#3542 = CARTESIAN_POINT('',(0.,13.,30.));
#3543 = DIRECTION('',(0.,1.,0.));
#3544 = DIRECTION('',(0.,0.,-1.));
#3545 = ADVANCED_FACE('',(#3546),#3571,.F.);
#3546 = FACE_BOUND('',#3547,.T.);
#3547 = EDGE_LOOP('',(#3548,#3556,#3557,#3565));
#3548 = ORIENTED_EDGE('',*,*,#3549,.F.);
#3549 = EDGE_CURVE('',#2059,#3550,#3552,.T.);
#3550 = VERTEX_POINT('',#3551);
#3551 = CARTESIAN_POINT('',(43.,34.834314575051,5.6));
#3552 = LINE('',#3553,#3554);
#3553 = CARTESIAN_POINT('',(42.784198285288,34.923702572068,
    5.815801714712));
#3554 = VECTOR('',#3555,1.);
#3555 = DIRECTION('',(0.678598344546,-0.281084637715,-0.678598344546));
#3556 = ORIENTED_EDGE('',*,*,#2066,.T.);
#3557 = ORIENTED_EDGE('',*,*,#3558,.T.);
#3558 = EDGE_CURVE('',#2043,#3559,#3561,.T.);
#3559 = VERTEX_POINT('',#3560);
#3560 = CARTESIAN_POINT('',(43.,12.6,27.834314575051));
#3561 = LINE('',#3562,#3563);
#3562 = CARTESIAN_POINT('',(39.816924708,15.783075292,29.152787531052));
#3563 = VECTOR('',#3564,1.);
#3564 = DIRECTION('',(0.678598344546,-0.678598344546,-0.281084637715));
#3565 = ORIENTED_EDGE('',*,*,#3566,.F.);
#3566 = EDGE_CURVE('',#3550,#3559,#3567,.T.);
#3567 = LINE('',#3568,#3569);
#3568 = CARTESIAN_POINT('',(43.,34.717157287525,5.717157287525));
#3569 = VECTOR('',#3570,1.);
#3570 = DIRECTION('',(0.,-0.707106781187,0.707106781187));
#3571 = PLANE('',#3572);
#3572 = AXIS2_PLACEMENT_3D('',#3573,#3574,#3575);
#3573 = CARTESIAN_POINT('',(42.8,34.858578643763,5.858578643763));
#3574 = DIRECTION('',(-0.707106781187,-0.5,-0.5));
#3575 = DIRECTION('',(8.326672684689E-17,0.707106781187,-0.707106781187)
  );
#3576 = ADVANCED_FACE('',(#3577),#3596,.F.);
#3577 = FACE_BOUND('',#3578,.T.);
#3578 = EDGE_LOOP('',(#3579,#3580,#3588,#3595));
#3579 = ORIENTED_EDGE('',*,*,#2101,.F.);
#3580 = ORIENTED_EDGE('',*,*,#3581,.T.);
#3581 = EDGE_CURVE('',#2102,#3582,#3584,.T.);
#3582 = VERTEX_POINT('',#3583);
#3583 = CARTESIAN_POINT('',(43.,10.,17.));
#3584 = LINE('',#3585,#3586);
#3585 = CARTESIAN_POINT('',(2.,10.,17.));
#3586 = VECTOR('',#3587,1.);
#3587 = DIRECTION('',(1.,0.,-6.E-17));
#3588 = ORIENTED_EDGE('',*,*,#3589,.T.);
#3589 = EDGE_CURVE('',#3582,#3582,#3590,.T.);
#3590 = CIRCLE('',#3591,2.);
#3591 = AXIS2_PLACEMENT_3D('',#3592,#3593,#3594);
#3592 = CARTESIAN_POINT('',(43.,10.,15.));
#3593 = DIRECTION('',(1.,0.,-0.));
#3594 = DIRECTION('',(0.,0.,1.));
#3595 = ORIENTED_EDGE('',*,*,#3581,.F.);
#3596 = CYLINDRICAL_SURFACE('',#3597,2.);
#3597 = AXIS2_PLACEMENT_3D('',#3598,#3599,#3600);
#3598 = CARTESIAN_POINT('',(2.,10.,15.));
#3599 = DIRECTION('',(1.,0.,0.));
#3600 = DIRECTION('',(0.,0.,1.));
#3601 = ADVANCED_FACE('',(#3602),#3621,.F.);
#3602 = FACE_BOUND('',#3603,.T.);
#3603 = EDGE_LOOP('',(#3604,#3612,#3613,#3614));
#3604 = ORIENTED_EDGE('',*,*,#3605,.F.);
#3605 = EDGE_CURVE('',#2113,#3606,#3608,.T.);
#3606 = VERTEX_POINT('',#3607);
#3607 = CARTESIAN_POINT('',(42.6,9.5,30.));
#3608 = LINE('',#3609,#3610);
#3609 = CARTESIAN_POINT('',(0.,9.5,30.));
#3610 = VECTOR('',#3611,1.);
#3611 = DIRECTION('',(1.,0.,0.));
#3612 = ORIENTED_EDGE('',*,*,#2112,.T.);
#3613 = ORIENTED_EDGE('',*,*,#3605,.T.);
#3614 = ORIENTED_EDGE('',*,*,#3615,.T.);
#3615 = EDGE_CURVE('',#3606,#3606,#3616,.T.);
#3616 = CIRCLE('',#3617,1.5);
#3617 = AXIS2_PLACEMENT_3D('',#3618,#3619,#3620);
#3618 = CARTESIAN_POINT('',(42.6,8.,30.));
#3619 = DIRECTION('',(1.,0.,0.));
#3620 = DIRECTION('',(0.,1.,0.));
#3621 = CYLINDRICAL_SURFACE('',#3622,1.5);
#3622 = AXIS2_PLACEMENT_3D('',#3623,#3624,#3625);
#3623 = CARTESIAN_POINT('',(0.,8.,30.));
#3624 = DIRECTION('',(-1.,-0.,-0.));
#3625 = DIRECTION('',(0.,1.,0.));
#3626 = ADVANCED_FACE('',(#3627,#3630),#3641,.F.);
#3627 = FACE_BOUND('',#3628,.T.);
#3628 = EDGE_LOOP('',(#3629));
#3629 = ORIENTED_EDGE('',*,*,#2138,.T.);
#3630 = FACE_BOUND('',#3631,.T.);
#3631 = EDGE_LOOP('',(#3632));
#3632 = ORIENTED_EDGE('',*,*,#3633,.F.);
#3633 = EDGE_CURVE('',#3634,#3634,#3636,.T.);
#3634 = VERTEX_POINT('',#3635);
#3635 = CARTESIAN_POINT('',(9.,46.8829,1.5));
#3636 = CIRCLE('',#3637,1.5);
#3637 = AXIS2_PLACEMENT_3D('',#3638,#3639,#3640);
#3638 = CARTESIAN_POINT('',(7.5,46.8829,1.5));
#3639 = DIRECTION('',(0.,0.,1.));
#3640 = DIRECTION('',(1.,0.,0.));
#3641 = PLANE('',#3642);
#3642 = AXIS2_PLACEMENT_3D('',#3643,#3644,#3645);
#3643 = CARTESIAN_POINT('',(7.5,46.8829,1.5));
#3644 = DIRECTION('',(-0.,-0.,-1.));
#3645 = DIRECTION('',(-1.,-0.,-0.));
#3646 = ADVANCED_FACE('',(#3647,#3650),#3661,.F.);
#3647 = FACE_BOUND('',#3648,.T.);
#3648 = EDGE_LOOP('',(#3649));
#3649 = ORIENTED_EDGE('',*,*,#2164,.T.);
#3650 = FACE_BOUND('',#3651,.T.);
#3651 = EDGE_LOOP('',(#3652));
#3652 = ORIENTED_EDGE('',*,*,#3653,.F.);
#3653 = EDGE_CURVE('',#3654,#3654,#3656,.T.);
#3654 = VERTEX_POINT('',#3655);
#3655 = CARTESIAN_POINT('',(39.,46.8829,1.5));
#3656 = CIRCLE('',#3657,1.5);
#3657 = AXIS2_PLACEMENT_3D('',#3658,#3659,#3660);
#3658 = CARTESIAN_POINT('',(37.5,46.8829,1.5));
#3659 = DIRECTION('',(0.,0.,1.));
#3660 = DIRECTION('',(1.,0.,0.));
#3661 = PLANE('',#3662);
#3662 = AXIS2_PLACEMENT_3D('',#3663,#3664,#3665);
#3663 = CARTESIAN_POINT('',(37.5,46.8829,1.5));
#3664 = DIRECTION('',(-0.,-0.,-1.));
#3665 = DIRECTION('',(-1.,-0.,-0.));
#3666 = ADVANCED_FACE('',(#3667,#3670),#3681,.F.);
#3667 = FACE_BOUND('',#3668,.T.);
#3668 = EDGE_LOOP('',(#3669));
#3669 = ORIENTED_EDGE('',*,*,#2189,.T.);
#3670 = FACE_BOUND('',#3671,.T.);
#3671 = EDGE_LOOP('',(#3672));
#3672 = ORIENTED_EDGE('',*,*,#3673,.F.);
#3673 = EDGE_CURVE('',#3674,#3674,#3676,.T.);
#3674 = VERTEX_POINT('',#3675);
#3675 = CARTESIAN_POINT('',(9.,76.8829,1.5));
#3676 = CIRCLE('',#3677,1.5);
#3677 = AXIS2_PLACEMENT_3D('',#3678,#3679,#3680);
#3678 = CARTESIAN_POINT('',(7.5,76.8829,1.5));
#3679 = DIRECTION('',(0.,0.,1.));
#3680 = DIRECTION('',(1.,0.,0.));
#3681 = PLANE('',#3682);
#3682 = AXIS2_PLACEMENT_3D('',#3683,#3684,#3685);
#3683 = CARTESIAN_POINT('',(7.5,76.8829,1.5));
#3684 = DIRECTION('',(-0.,-0.,-1.));
#3685 = DIRECTION('',(-1.,-0.,-0.));
#3686 = ADVANCED_FACE('',(#3687,#3690),#3701,.F.);
#3687 = FACE_BOUND('',#3688,.T.);
#3688 = EDGE_LOOP('',(#3689));
#3689 = ORIENTED_EDGE('',*,*,#2215,.T.);
#3690 = FACE_BOUND('',#3691,.T.);
#3691 = EDGE_LOOP('',(#3692));
#3692 = ORIENTED_EDGE('',*,*,#3693,.F.);
#3693 = EDGE_CURVE('',#3694,#3694,#3696,.T.);
#3694 = VERTEX_POINT('',#3695);
#3695 = CARTESIAN_POINT('',(39.,76.8829,1.5));
#3696 = CIRCLE('',#3697,1.5);
#3697 = AXIS2_PLACEMENT_3D('',#3698,#3699,#3700);
#3698 = CARTESIAN_POINT('',(37.5,76.8829,1.5));
#3699 = DIRECTION('',(0.,0.,1.));
#3700 = DIRECTION('',(1.,0.,0.));
#3701 = PLANE('',#3702);
#3702 = AXIS2_PLACEMENT_3D('',#3703,#3704,#3705);
#3703 = CARTESIAN_POINT('',(37.5,76.8829,1.5));
#3704 = DIRECTION('',(-0.,-0.,-1.));
#3705 = DIRECTION('',(-1.,-0.,-0.));
#3706 = ADVANCED_FACE('',(#3707),#3726,.T.);
#3707 = FACE_BOUND('',#3708,.T.);
#3708 = EDGE_LOOP('',(#3709,#3717,#3718,#3719));
#3709 = ORIENTED_EDGE('',*,*,#3710,.F.);
#3710 = EDGE_CURVE('',#2358,#3711,#3713,.T.);
#3711 = VERTEX_POINT('',#3712);
#3712 = CARTESIAN_POINT('',(43.,12.6,30.));
#3713 = LINE('',#3714,#3715);
#3714 = CARTESIAN_POINT('',(42.8,12.8,30.));
#3715 = VECTOR('',#3716,1.);
#3716 = DIRECTION('',(0.707106781187,-0.707106781187,0.));
#3717 = ORIENTED_EDGE('',*,*,#2365,.T.);
#3718 = ORIENTED_EDGE('',*,*,#2324,.T.);
#3719 = ORIENTED_EDGE('',*,*,#3720,.F.);
#3720 = EDGE_CURVE('',#3711,#2325,#3721,.T.);
#3721 = CIRCLE('',#3722,4.6);
#3722 = AXIS2_PLACEMENT_3D('',#3723,#3724,#3725);
#3723 = CARTESIAN_POINT('',(43.,8.,30.));
#3724 = DIRECTION('',(1.,0.,0.));
#3725 = DIRECTION('',(0.,1.,0.));
#3726 = CONICAL_SURFACE('',#3727,5.,0.785398163397);
#3727 = AXIS2_PLACEMENT_3D('',#3728,#3729,#3730);
#3728 = CARTESIAN_POINT('',(42.6,8.,30.));
#3729 = DIRECTION('',(-1.,-0.,-0.));
#3730 = DIRECTION('',(0.,1.,0.));
#3731 = ADVANCED_FACE('',(#3732,#3799,#3810,#3813),#3824,.T.);
#3732 = FACE_BOUND('',#3733,.T.);
#3733 = EDGE_LOOP('',(#3734,#3735,#3741,#3742,#3748,#3749,#3750,#3751,
    #3752,#3753,#3761,#3769,#3777,#3785,#3793));
#3734 = ORIENTED_EDGE('',*,*,#3501,.F.);
#3735 = ORIENTED_EDGE('',*,*,#3736,.F.);
#3736 = EDGE_CURVE('',#3550,#3485,#3737,.T.);
#3737 = LINE('',#3738,#3739);
#3738 = CARTESIAN_POINT('',(43.,35.,5.6));
#3739 = VECTOR('',#3740,1.);
#3740 = DIRECTION('',(0.,1.,-1.2E-16));
#3741 = ORIENTED_EDGE('',*,*,#3566,.T.);
#3742 = ORIENTED_EDGE('',*,*,#3743,.T.);
#3743 = EDGE_CURVE('',#3559,#3711,#3744,.T.);
#3744 = LINE('',#3745,#3746);
#3745 = CARTESIAN_POINT('',(43.,12.6,28.));
#3746 = VECTOR('',#3747,1.);
#3747 = DIRECTION('',(0.,0.,1.));
#3748 = ORIENTED_EDGE('',*,*,#3720,.T.);
#3749 = ORIENTED_EDGE('',*,*,#2341,.T.);
#3750 = ORIENTED_EDGE('',*,*,#2407,.F.);
#3751 = ORIENTED_EDGE('',*,*,#2447,.T.);
#3752 = ORIENTED_EDGE('',*,*,#2841,.T.);
#3753 = ORIENTED_EDGE('',*,*,#3754,.T.);
#3754 = EDGE_CURVE('',#2834,#3755,#3757,.T.);
#3755 = VERTEX_POINT('',#3756);
#3756 = CARTESIAN_POINT('',(43.,123.4,23.6));
#3757 = LINE('',#3758,#3759);
#3758 = CARTESIAN_POINT('',(43.,125.,23.6));
#3759 = VECTOR('',#3760,1.);
#3760 = DIRECTION('',(0.,-1.,0.));
#3761 = ORIENTED_EDGE('',*,*,#3762,.T.);
#3762 = EDGE_CURVE('',#3755,#3763,#3765,.T.);
#3763 = VERTEX_POINT('',#3764);
#3764 = CARTESIAN_POINT('',(43.,123.4,18.6));
#3765 = LINE('',#3766,#3767);
#3766 = CARTESIAN_POINT('',(43.,123.4,24.));
#3767 = VECTOR('',#3768,1.);
#3768 = DIRECTION('',(-0.,-0.,-1.));
#3769 = ORIENTED_EDGE('',*,*,#3770,.T.);
#3770 = EDGE_CURVE('',#3763,#3771,#3773,.T.);
#3771 = VERTEX_POINT('',#3772);
#3772 = CARTESIAN_POINT('',(43.,106.53877422494,18.6));
#3773 = LINE('',#3774,#3775);
#3774 = CARTESIAN_POINT('',(43.,123.,18.6));
#3775 = VECTOR('',#3776,1.);
#3776 = DIRECTION('',(0.,-1.,0.));
#3777 = ORIENTED_EDGE('',*,*,#3778,.F.);
#3778 = EDGE_CURVE('',#3779,#3771,#3781,.T.);
#3779 = VERTEX_POINT('',#3780);
#3780 = CARTESIAN_POINT('',(43.,106.53877422494,23.6));
#3781 = LINE('',#3782,#3783);
#3782 = CARTESIAN_POINT('',(43.,106.53877422494,24.));
#3783 = VECTOR('',#3784,1.);
#3784 = DIRECTION('',(-0.,-0.,-1.));
#3785 = ORIENTED_EDGE('',*,*,#3786,.T.);
#3786 = EDGE_CURVE('',#3779,#3787,#3789,.T.);
#3787 = VERTEX_POINT('',#3788);
#3788 = CARTESIAN_POINT('',(43.,105.33877422494,23.6));
#3789 = LINE('',#3790,#3791);
#3790 = CARTESIAN_POINT('',(43.,106.93877422494,23.6));
#3791 = VECTOR('',#3792,1.);
#3792 = DIRECTION('',(0.,-1.,0.));
#3793 = ORIENTED_EDGE('',*,*,#3794,.T.);
#3794 = EDGE_CURVE('',#3787,#3494,#3795,.T.);
#3795 = LINE('',#3796,#3797);
#3796 = CARTESIAN_POINT('',(43.,105.33877422494,24.));
#3797 = VECTOR('',#3798,1.);
#3798 = DIRECTION('',(0.,0.,-1.));
#3799 = FACE_BOUND('',#3800,.T.);
#3800 = EDGE_LOOP('',(#3801));
#3801 = ORIENTED_EDGE('',*,*,#3802,.F.);
#3802 = EDGE_CURVE('',#3803,#3803,#3805,.T.);
#3803 = VERTEX_POINT('',#3804);
#3804 = CARTESIAN_POINT('',(43.,115.,17.));
#3805 = CIRCLE('',#3806,2.);
#3806 = AXIS2_PLACEMENT_3D('',#3807,#3808,#3809);
#3807 = CARTESIAN_POINT('',(43.,115.,15.));
#3808 = DIRECTION('',(1.,0.,-0.));
#3809 = DIRECTION('',(0.,0.,1.));
#3810 = FACE_BOUND('',#3811,.T.);
#3811 = EDGE_LOOP('',(#3812));
#3812 = ORIENTED_EDGE('',*,*,#3589,.F.);
#3813 = FACE_BOUND('',#3814,.T.);
#3814 = EDGE_LOOP('',(#3815));
#3815 = ORIENTED_EDGE('',*,*,#3816,.F.);
#3816 = EDGE_CURVE('',#3817,#3817,#3819,.T.);
#3817 = VERTEX_POINT('',#3818);
#3818 = CARTESIAN_POINT('',(43.,9.9,30.));
#3819 = CIRCLE('',#3820,1.9);
#3820 = AXIS2_PLACEMENT_3D('',#3821,#3822,#3823);
#3821 = CARTESIAN_POINT('',(43.,8.,30.));
#3822 = DIRECTION('',(1.,0.,0.));
#3823 = DIRECTION('',(0.,1.,0.));
#3824 = PLANE('',#3825);
#3825 = AXIS2_PLACEMENT_3D('',#3826,#3827,#3828);
#3826 = CARTESIAN_POINT('',(43.,60.438808963021,9.472891479988));
#3827 = DIRECTION('',(1.,0.,0.));
#3828 = DIRECTION('',(0.,0.,1.));
#3829 = ADVANCED_FACE('',(#3830),#3835,.T.);
#3830 = FACE_BOUND('',#3831,.T.);
#3831 = EDGE_LOOP('',(#3832,#3833,#3834));
#3832 = ORIENTED_EDGE('',*,*,#2397,.F.);
#3833 = ORIENTED_EDGE('',*,*,#2382,.T.);
#3834 = ORIENTED_EDGE('',*,*,#2453,.F.);
#3835 = PLANE('',#3836);
#3836 = AXIS2_PLACEMENT_3D('',#3837,#3838,#3839);
#3837 = CARTESIAN_POINT('',(42.6,-1.27E-15,0.4));
#3838 = DIRECTION('',(0.57735026919,-0.57735026919,-0.57735026919));
#3839 = DIRECTION('',(-0.707106781187,4.394295551109E-15,-0.707106781187
    ));
#3840 = ADVANCED_FACE('',(#3841),#3846,.T.);
#3841 = FACE_BOUND('',#3842,.T.);
#3842 = EDGE_LOOP('',(#3843,#3844,#3845));
#3843 = ORIENTED_EDGE('',*,*,#2439,.F.);
#3844 = ORIENTED_EDGE('',*,*,#2423,.T.);
#3845 = ORIENTED_EDGE('',*,*,#2847,.F.);
#3846 = PLANE('',#3847);
#3847 = AXIS2_PLACEMENT_3D('',#3848,#3849,#3850);
#3848 = CARTESIAN_POINT('',(42.6,124.6,4.77E-15));
#3849 = DIRECTION('',(0.57735026919,0.57735026919,-0.57735026919));
#3850 = DIRECTION('',(-0.707106781187,0.707106781187,1.835023648267E-14)
  );
#3851 = ADVANCED_FACE('',(#3852),#3863,.F.);
#3852 = FACE_BOUND('',#3853,.T.);
#3853 = EDGE_LOOP('',(#3854,#3860,#3861,#3862));
#3854 = ORIENTED_EDGE('',*,*,#3855,.F.);
#3855 = EDGE_CURVE('',#3654,#2468,#3856,.T.);
#3856 = LINE('',#3857,#3858);
#3857 = CARTESIAN_POINT('',(39.,46.8829,1.5));
#3858 = VECTOR('',#3859,1.);
#3859 = DIRECTION('',(-6.E-17,0.,-1.));
#3860 = ORIENTED_EDGE('',*,*,#3653,.T.);
#3861 = ORIENTED_EDGE('',*,*,#3855,.T.);
#3862 = ORIENTED_EDGE('',*,*,#2477,.T.);
#3863 = CYLINDRICAL_SURFACE('',#3864,1.5);
#3864 = AXIS2_PLACEMENT_3D('',#3865,#3866,#3867);
#3865 = CARTESIAN_POINT('',(37.5,46.8829,1.5));
#3866 = DIRECTION('',(-0.,-0.,-1.));
#3867 = DIRECTION('',(1.,0.,0.));
#3868 = ADVANCED_FACE('',(#3869),#3880,.F.);
#3869 = FACE_BOUND('',#3870,.T.);
#3870 = EDGE_LOOP('',(#3871,#3877,#3878,#3879));
#3871 = ORIENTED_EDGE('',*,*,#3872,.F.);
#3872 = EDGE_CURVE('',#3694,#2493,#3873,.T.);
#3873 = LINE('',#3874,#3875);
#3874 = CARTESIAN_POINT('',(39.,76.8829,1.5));
#3875 = VECTOR('',#3876,1.);
#3876 = DIRECTION('',(-6.E-17,0.,-1.));
#3877 = ORIENTED_EDGE('',*,*,#3693,.T.);
#3878 = ORIENTED_EDGE('',*,*,#3872,.T.);
#3879 = ORIENTED_EDGE('',*,*,#2502,.T.);
#3880 = CYLINDRICAL_SURFACE('',#3881,1.5);
#3881 = AXIS2_PLACEMENT_3D('',#3882,#3883,#3884);
#3882 = CARTESIAN_POINT('',(37.5,76.8829,1.5));
#3883 = DIRECTION('',(-0.,-0.,-1.));
#3884 = DIRECTION('',(1.,0.,0.));
#3885 = ADVANCED_FACE('',(#3886),#3897,.F.);
#3886 = FACE_BOUND('',#3887,.T.);
#3887 = EDGE_LOOP('',(#3888,#3894,#3895,#3896));
#3888 = ORIENTED_EDGE('',*,*,#3889,.F.);
#3889 = EDGE_CURVE('',#3634,#2518,#3890,.T.);
#3890 = LINE('',#3891,#3892);
#3891 = CARTESIAN_POINT('',(9.,46.8829,1.5));
#3892 = VECTOR('',#3893,1.);
#3893 = DIRECTION('',(-6.E-17,0.,-1.));
#3894 = ORIENTED_EDGE('',*,*,#3633,.T.);
#3895 = ORIENTED_EDGE('',*,*,#3889,.T.);
#3896 = ORIENTED_EDGE('',*,*,#2527,.T.);
#3897 = CYLINDRICAL_SURFACE('',#3898,1.5);
#3898 = AXIS2_PLACEMENT_3D('',#3899,#3900,#3901);
#3899 = CARTESIAN_POINT('',(7.5,46.8829,1.5));
#3900 = DIRECTION('',(-0.,-0.,-1.));
#3901 = DIRECTION('',(1.,0.,0.));
#3902 = ADVANCED_FACE('',(#3903),#3914,.F.);
#3903 = FACE_BOUND('',#3904,.T.);
#3904 = EDGE_LOOP('',(#3905,#3911,#3912,#3913));
#3905 = ORIENTED_EDGE('',*,*,#3906,.F.);
#3906 = EDGE_CURVE('',#3674,#2543,#3907,.T.);
#3907 = LINE('',#3908,#3909);
#3908 = CARTESIAN_POINT('',(9.,76.8829,1.5));
#3909 = VECTOR('',#3910,1.);
#3910 = DIRECTION('',(-6.E-17,0.,-1.));
#3911 = ORIENTED_EDGE('',*,*,#3673,.T.);
#3912 = ORIENTED_EDGE('',*,*,#3906,.T.);
#3913 = ORIENTED_EDGE('',*,*,#2552,.T.);
#3914 = CYLINDRICAL_SURFACE('',#3915,1.5);
#3915 = AXIS2_PLACEMENT_3D('',#3916,#3917,#3918);
#3916 = CARTESIAN_POINT('',(7.5,76.8829,1.5));
#3917 = DIRECTION('',(-0.,-0.,-1.));
#3918 = DIRECTION('',(1.,0.,0.));
#3919 = ADVANCED_FACE('',(#3920),#3938,.T.);
#3920 = FACE_BOUND('',#3921,.T.);
#3921 = EDGE_LOOP('',(#3922,#3930,#3931,#3932));
#3922 = ORIENTED_EDGE('',*,*,#3923,.T.);
#3923 = EDGE_CURVE('',#3924,#2632,#3926,.T.);
#3924 = VERTEX_POINT('',#3925);
#3925 = CARTESIAN_POINT('',(32.5,106.93877422494,23.6));
#3926 = LINE('',#3927,#3928);
#3927 = CARTESIAN_POINT('',(32.5,106.93877422494,23.6));
#3928 = VECTOR('',#3929,1.);
#3929 = DIRECTION('',(-1.,-0.,-0.));
#3930 = ORIENTED_EDGE('',*,*,#2631,.T.);
#3931 = ORIENTED_EDGE('',*,*,#3470,.F.);
#3932 = ORIENTED_EDGE('',*,*,#3933,.F.);
#3933 = EDGE_CURVE('',#3924,#3463,#3934,.T.);
#3934 = LINE('',#3935,#3936);
#3935 = CARTESIAN_POINT('',(32.5,106.93877422494,23.6));
#3936 = VECTOR('',#3937,1.);
#3937 = DIRECTION('',(0.,-1.,2.2E-16));
#3938 = PLANE('',#3939);
#3939 = AXIS2_PLACEMENT_3D('',#3940,#3941,#3942);
#3940 = CARTESIAN_POINT('',(32.5,106.93877422494,23.6));
#3941 = DIRECTION('',(0.,2.2E-16,1.));
#3942 = DIRECTION('',(0.,-1.,2.2E-16));
#3943 = ADVANCED_FACE('',(#3944),#3970,.T.);
#3944 = FACE_BOUND('',#3945,.T.);
#3945 = EDGE_LOOP('',(#3946,#3947,#3955,#3963,#3969));
#3946 = ORIENTED_EDGE('',*,*,#3923,.F.);
#3947 = ORIENTED_EDGE('',*,*,#3948,.T.);
#3948 = EDGE_CURVE('',#3924,#3949,#3951,.T.);
#3949 = VERTEX_POINT('',#3950);
#3950 = CARTESIAN_POINT('',(42.6,106.93877422494,23.6));
#3951 = LINE('',#3952,#3953);
#3952 = CARTESIAN_POINT('',(32.5,106.93877422494,23.6));
#3953 = VECTOR('',#3954,1.);
#3954 = DIRECTION('',(1.,0.,0.));
#3955 = ORIENTED_EDGE('',*,*,#3956,.T.);
#3956 = EDGE_CURVE('',#3949,#3957,#3959,.T.);
#3957 = VERTEX_POINT('',#3958);
#3958 = CARTESIAN_POINT('',(42.6,106.93877422494,19.));
#3959 = LINE('',#3960,#3961);
#3960 = CARTESIAN_POINT('',(42.6,106.93877422494,24.));
#3961 = VECTOR('',#3962,1.);
#3962 = DIRECTION('',(-0.,-0.,-1.));
#3963 = ORIENTED_EDGE('',*,*,#3964,.F.);
#3964 = EDGE_CURVE('',#2640,#3957,#3965,.T.);
#3965 = LINE('',#3966,#3967);
#3966 = CARTESIAN_POINT('',(2.,106.93877422494,19.));
#3967 = VECTOR('',#3968,1.);
#3968 = DIRECTION('',(1.,0.,0.));
#3969 = ORIENTED_EDGE('',*,*,#2639,.T.);
#3970 = PLANE('',#3971);
#3971 = AXIS2_PLACEMENT_3D('',#3972,#3973,#3974);
#3972 = CARTESIAN_POINT('',(36.55,106.93877422494,21.3));
#3973 = DIRECTION('',(0.,1.,0.));
#3974 = DIRECTION('',(0.,0.,1.));
#3975 = ADVANCED_FACE('',(#3976),#4002,.T.);
#3976 = FACE_BOUND('',#3977,.T.);
#3977 = EDGE_LOOP('',(#3978,#3979,#3980,#3988,#3996));
#3978 = ORIENTED_EDGE('',*,*,#2762,.T.);
#3979 = ORIENTED_EDGE('',*,*,#2655,.F.);
#3980 = ORIENTED_EDGE('',*,*,#3981,.F.);
#3981 = EDGE_CURVE('',#3982,#2648,#3984,.T.);
#3982 = VERTEX_POINT('',#3983);
#3983 = CARTESIAN_POINT('',(42.6,123.,19.));
#3984 = LINE('',#3985,#3986);
#3985 = CARTESIAN_POINT('',(32.5,123.,19.));
#3986 = VECTOR('',#3987,1.);
#3987 = DIRECTION('',(-1.,-0.,-0.));
#3988 = ORIENTED_EDGE('',*,*,#3989,.F.);
#3989 = EDGE_CURVE('',#3990,#3982,#3992,.T.);
#3990 = VERTEX_POINT('',#3991);
#3991 = CARTESIAN_POINT('',(42.6,123.,23.6));
#3992 = LINE('',#3993,#3994);
#3993 = CARTESIAN_POINT('',(42.6,123.,24.));
#3994 = VECTOR('',#3995,1.);
#3995 = DIRECTION('',(-0.,-0.,-1.));
#3996 = ORIENTED_EDGE('',*,*,#3997,.F.);
#3997 = EDGE_CURVE('',#2763,#3990,#3998,.T.);
#3998 = LINE('',#3999,#4000);
#3999 = CARTESIAN_POINT('',(32.5,123.,23.6));
#4000 = VECTOR('',#4001,1.);
#4001 = DIRECTION('',(1.,0.,0.));
#4002 = PLANE('',#4003);
#4003 = AXIS2_PLACEMENT_3D('',#4004,#4005,#4006);
#4004 = CARTESIAN_POINT('',(36.55,123.,21.3));
#4005 = DIRECTION('',(-0.,-1.,-0.));
#4006 = DIRECTION('',(0.,0.,-1.));
#4007 = ADVANCED_FACE('',(#4008),#4019,.T.);
#4008 = FACE_BOUND('',#4009,.T.);
#4009 = EDGE_LOOP('',(#4010,#4011,#4017,#4018));
#4010 = ORIENTED_EDGE('',*,*,#3964,.T.);
#4011 = ORIENTED_EDGE('',*,*,#4012,.F.);
#4012 = EDGE_CURVE('',#3982,#3957,#4013,.T.);
#4013 = LINE('',#4014,#4015);
#4014 = CARTESIAN_POINT('',(42.6,123.,19.));
#4015 = VECTOR('',#4016,1.);
#4016 = DIRECTION('',(0.,-1.,0.));
#4017 = ORIENTED_EDGE('',*,*,#3981,.T.);
#4018 = ORIENTED_EDGE('',*,*,#2647,.F.);
#4019 = PLANE('',#4020);
#4020 = AXIS2_PLACEMENT_3D('',#4021,#4022,#4023);
#4021 = CARTESIAN_POINT('',(36.55,114.96938711247,19.));
#4022 = DIRECTION('',(0.,0.,1.));
#4023 = DIRECTION('',(1.,0.,0.));
#4024 = ADVANCED_FACE('',(#4025),#4036,.F.);
#4025 = FACE_BOUND('',#4026,.T.);
#4026 = EDGE_LOOP('',(#4027,#4028,#4034,#4035));
#4027 = ORIENTED_EDGE('',*,*,#2680,.F.);
#4028 = ORIENTED_EDGE('',*,*,#4029,.T.);
#4029 = EDGE_CURVE('',#2681,#3803,#4030,.T.);
#4030 = LINE('',#4031,#4032);
#4031 = CARTESIAN_POINT('',(2.,115.,17.));
#4032 = VECTOR('',#4033,1.);
#4033 = DIRECTION('',(1.,0.,-6.E-17));
#4034 = ORIENTED_EDGE('',*,*,#3802,.T.);
#4035 = ORIENTED_EDGE('',*,*,#4029,.F.);
#4036 = CYLINDRICAL_SURFACE('',#4037,2.);
#4037 = AXIS2_PLACEMENT_3D('',#4038,#4039,#4040);
#4038 = CARTESIAN_POINT('',(2.,115.,15.));
#4039 = DIRECTION('',(1.,0.,0.));
#4040 = DIRECTION('',(0.,0.,1.));
#4041 = ADVANCED_FACE('',(#4042),#4060,.T.);
#4042 = FACE_BOUND('',#4043,.T.);
#4043 = EDGE_LOOP('',(#4044,#4045,#4046,#4054));
#4044 = ORIENTED_EDGE('',*,*,#2784,.F.);
#4045 = ORIENTED_EDGE('',*,*,#2770,.T.);
#4046 = ORIENTED_EDGE('',*,*,#4047,.T.);
#4047 = EDGE_CURVE('',#2763,#4048,#4050,.T.);
#4048 = VERTEX_POINT('',#4049);
#4049 = CARTESIAN_POINT('',(32.9,123.4,24.));
#4050 = LINE('',#4051,#4052);
#4051 = CARTESIAN_POINT('',(32.966666666667,123.46666666666,
    24.066666666667));
#4052 = VECTOR('',#4053,1.);
#4053 = DIRECTION('',(0.57735026919,0.57735026919,0.57735026919));
#4054 = ORIENTED_EDGE('',*,*,#4055,.F.);
#4055 = EDGE_CURVE('',#2785,#4048,#4056,.T.);
#4056 = LINE('',#4057,#4058);
#4057 = CARTESIAN_POINT('',(32.9,125.,24.));
#4058 = VECTOR('',#4059,1.);
#4059 = DIRECTION('',(0.,-1.,2.2E-16));
#4060 = PLANE('',#4061);
#4061 = AXIS2_PLACEMENT_3D('',#4062,#4063,#4064);
#4062 = CARTESIAN_POINT('',(32.7,125.,23.8));
#4063 = DIRECTION('',(-0.707106781187,0.,0.707106781187));
#4064 = DIRECTION('',(1.1E-16,-1.,1.1E-16));
#4065 = ADVANCED_FACE('',(#4066),#4084,.F.);
#4066 = FACE_BOUND('',#4067,.F.);
#4067 = EDGE_LOOP('',(#4068,#4076,#4082,#4083));
#4068 = ORIENTED_EDGE('',*,*,#4069,.T.);
#4069 = EDGE_CURVE('',#2794,#4070,#4072,.T.);
#4070 = VERTEX_POINT('',#4071);
#4071 = CARTESIAN_POINT('',(42.6,123.4,24.));
#4072 = LINE('',#4073,#4074);
#4073 = CARTESIAN_POINT('',(42.6,125.,24.));
#4074 = VECTOR('',#4075,1.);
#4075 = DIRECTION('',(0.,-1.,0.));
#4076 = ORIENTED_EDGE('',*,*,#4077,.F.);
#4077 = EDGE_CURVE('',#4048,#4070,#4078,.T.);
#4078 = LINE('',#4079,#4080);
#4079 = CARTESIAN_POINT('',(32.5,123.4,24.));
#4080 = VECTOR('',#4081,1.);
#4081 = DIRECTION('',(1.,0.,0.));
#4082 = ORIENTED_EDGE('',*,*,#4055,.F.);
#4083 = ORIENTED_EDGE('',*,*,#2801,.T.);
#4084 = PLANE('',#4085);
#4085 = AXIS2_PLACEMENT_3D('',#4086,#4087,#4088);
#4086 = CARTESIAN_POINT('',(0.,125.,24.));
#4087 = DIRECTION('',(0.,0.,-1.));
#4088 = DIRECTION('',(0.,-1.,0.));
#4089 = ADVANCED_FACE('',(#4090),#4100,.T.);
#4090 = FACE_BOUND('',#4091,.T.);
#4091 = EDGE_LOOP('',(#4092,#4093,#4094));
#4092 = ORIENTED_EDGE('',*,*,#2833,.F.);
#4093 = ORIENTED_EDGE('',*,*,#2793,.T.);
#4094 = ORIENTED_EDGE('',*,*,#4095,.F.);
#4095 = EDGE_CURVE('',#2834,#2794,#4096,.T.);
#4096 = LINE('',#4097,#4098);
#4097 = CARTESIAN_POINT('',(42.8,124.6,23.8));
#4098 = VECTOR('',#4099,1.);
#4099 = DIRECTION('',(-0.707106781187,-1.88E-14,0.707106781187));
#4100 = PLANE('',#4101);
#4101 = AXIS2_PLACEMENT_3D('',#4102,#4103,#4104);
#4102 = CARTESIAN_POINT('',(42.6,125.,23.6));
#4103 = DIRECTION('',(0.57735026919,0.57735026919,0.57735026919));
#4104 = DIRECTION('',(-0.707106781187,-2.507550512499E-14,0.707106781187
    ));
#4105 = ADVANCED_FACE('',(#4106),#4118,.F.);
#4106 = FACE_BOUND('',#4107,.T.);
#4107 = EDGE_LOOP('',(#4108,#4109,#4117));
#4108 = ORIENTED_EDGE('',*,*,#2871,.T.);
#4109 = ORIENTED_EDGE('',*,*,#4110,.T.);
#4110 = EDGE_CURVE('',#2862,#4111,#4113,.T.);
#4111 = VERTEX_POINT('',#4112);
#4112 = CARTESIAN_POINT('',(9.,113.79827876194,5.));
#4113 = LINE('',#4114,#4115);
#4114 = CARTESIAN_POINT('',(11.,115.,5.));
#4115 = VECTOR('',#4116,1.);
#4116 = DIRECTION('',(-0.857167300702,-0.51503807491,-0.));
#4117 = ORIENTED_EDGE('',*,*,#4110,.F.);
#4118 = CONICAL_SURFACE('',#4119,2.,1.029744258677);
#4119 = AXIS2_PLACEMENT_3D('',#4120,#4121,#4122);
#4120 = CARTESIAN_POINT('',(9.,115.,5.));
#4121 = DIRECTION('',(0.,1.,0.));
#4122 = DIRECTION('',(1.,0.,0.));
#4123 = ADVANCED_FACE('',(#4124),#4136,.F.);
#4124 = FACE_BOUND('',#4125,.T.);
#4125 = EDGE_LOOP('',(#4126,#4127,#4135));
#4126 = ORIENTED_EDGE('',*,*,#2896,.T.);
#4127 = ORIENTED_EDGE('',*,*,#4128,.T.);
#4128 = EDGE_CURVE('',#2887,#4129,#4131,.T.);
#4129 = VERTEX_POINT('',#4130);
#4130 = CARTESIAN_POINT('',(36.,113.79827876194,5.));
#4131 = LINE('',#4132,#4133);
#4132 = CARTESIAN_POINT('',(38.,115.,5.));
#4133 = VECTOR('',#4134,1.);
#4134 = DIRECTION('',(-0.857167300702,-0.51503807491,-0.));
#4135 = ORIENTED_EDGE('',*,*,#4128,.F.);
#4136 = CONICAL_SURFACE('',#4137,2.,1.029744258677);
#4137 = AXIS2_PLACEMENT_3D('',#4138,#4139,#4140);
#4138 = CARTESIAN_POINT('',(36.,115.,5.));
#4139 = DIRECTION('',(0.,1.,0.));
#4140 = DIRECTION('',(1.,0.,0.));
#4141 = ADVANCED_FACE('',(#4142),#4154,.T.);
#4142 = FACE_BOUND('',#4143,.T.);
#4143 = EDGE_LOOP('',(#4144,#4145,#4151,#4152,#4153));
#4144 = ORIENTED_EDGE('',*,*,#3073,.T.);
#4145 = ORIENTED_EDGE('',*,*,#4146,.T.);
#4146 = EDGE_CURVE('',#3074,#3425,#4147,.T.);
#4147 = LINE('',#4148,#4149);
#4148 = CARTESIAN_POINT('',(29.75,102.40306635653,16.735443033381));
#4149 = VECTOR('',#4150,1.);
#4150 = DIRECTION('',(1.,0.,0.));
#4151 = ORIENTED_EDGE('',*,*,#3424,.F.);
#4152 = ORIENTED_EDGE('',*,*,#3447,.F.);
#4153 = ORIENTED_EDGE('',*,*,#2962,.F.);
#4154 = PLANE('',#4155);
#4155 = AXIS2_PLACEMENT_3D('',#4156,#4157,#4158);
#4156 = CARTESIAN_POINT('',(29.75,104.93877422494,11.297595517488));
#4157 = DIRECTION('',(0.,0.906307919316,0.422617978068));
#4158 = DIRECTION('',(1.,0.,0.));
#4159 = ADVANCED_FACE('',(#4160),#4171,.T.);
#4160 = FACE_BOUND('',#4161,.T.);
#4161 = EDGE_LOOP('',(#4162,#4163,#4164,#4165));
#4162 = ORIENTED_EDGE('',*,*,#3055,.T.);
#4163 = ORIENTED_EDGE('',*,*,#3399,.T.);
#4164 = ORIENTED_EDGE('',*,*,#3413,.F.);
#4165 = ORIENTED_EDGE('',*,*,#4166,.F.);
#4166 = EDGE_CURVE('',#3056,#3414,#4167,.T.);
#4167 = LINE('',#4168,#4169);
#4168 = CARTESIAN_POINT('',(29.75,97.087362767003,18.670202798373));
#4169 = VECTOR('',#4170,1.);
#4170 = DIRECTION('',(1.,0.,0.));
#4171 = PLANE('',#4172);
#4172 = AXIS2_PLACEMENT_3D('',#4173,#4174,#4175);
#4173 = CARTESIAN_POINT('',(22.5,90.743207331794,15.711876951899));
#4174 = DIRECTION('',(0.,-0.422617978068,0.906307919316));
#4175 = DIRECTION('',(0.,0.906307919316,0.422617978068));
#4176 = ADVANCED_FACE('',(#4177),#4183,.T.);
#4177 = FACE_BOUND('',#4178,.F.);
#4178 = EDGE_LOOP('',(#4179,#4180,#4181,#4182));
#4179 = ORIENTED_EDGE('',*,*,#3081,.F.);
#4180 = ORIENTED_EDGE('',*,*,#4146,.T.);
#4181 = ORIENTED_EDGE('',*,*,#3432,.T.);
#4182 = ORIENTED_EDGE('',*,*,#4166,.F.);
#4183 = PLANE('',#4184);
#4184 = AXIS2_PLACEMENT_3D('',#4185,#4186,#4187);
#4185 = CARTESIAN_POINT('',(29.75,99.745214561769,17.702822915877));
#4186 = DIRECTION('',(-1.E-17,0.342020437448,0.939692513734));
#4187 = DIRECTION('',(-1.,-2.062639283408E-19,-1.056670493366E-17));
#4188 = ADVANCED_FACE('',(#4189,#4203),#4271,.T.);
#4189 = FACE_BOUND('',#4190,.T.);
#4190 = EDGE_LOOP('',(#4191,#4192,#4193,#4194,#4195,#4196,#4197,#4198,
    #4199,#4200,#4201,#4202));
#4191 = ORIENTED_EDGE('',*,*,#3103,.T.);
#4192 = ORIENTED_EDGE('',*,*,#3152,.T.);
#4193 = ORIENTED_EDGE('',*,*,#3201,.T.);
#4194 = ORIENTED_EDGE('',*,*,#3250,.T.);
#4195 = ORIENTED_EDGE('',*,*,#3299,.T.);
#4196 = ORIENTED_EDGE('',*,*,#3348,.T.);
#4197 = ORIENTED_EDGE('',*,*,#3372,.T.);
#4198 = ORIENTED_EDGE('',*,*,#3331,.T.);
#4199 = ORIENTED_EDGE('',*,*,#3281,.T.);
#4200 = ORIENTED_EDGE('',*,*,#3233,.T.);
#4201 = ORIENTED_EDGE('',*,*,#3183,.T.);
#4202 = ORIENTED_EDGE('',*,*,#3135,.T.);
#4203 = FACE_BOUND('',#4204,.F.);
#4204 = EDGE_LOOP('',(#4205,#4216,#4224,#4232,#4240,#4249,#4257,#4265));
#4205 = ORIENTED_EDGE('',*,*,#4206,.T.);
#4206 = EDGE_CURVE('',#4207,#4209,#4211,.T.);
#4207 = VERTEX_POINT('',#4208);
#4208 = CARTESIAN_POINT('',(23.5,88.773061330175,6.959201453164));
#4209 = VERTEX_POINT('',#4210);
#4210 = CARTESIAN_POINT('',(23.5,92.926285973377,8.895880327708));
#4211 = CIRCLE('',#4212,2.5);
#4212 = AXIS2_PLACEMENT_3D('',#4213,#4214,#4215);
#4213 = CARTESIAN_POINT('',(22.5,90.849673651776,7.927540890436));
#4214 = DIRECTION('',(0.,-0.422617978068,0.906307919316));
#4215 = DIRECTION('',(1.,0.,0.));
#4216 = ORIENTED_EDGE('',*,*,#4217,.T.);
#4217 = EDGE_CURVE('',#4209,#4218,#4220,.T.);
#4218 = VERTEX_POINT('',#4219);
#4219 = CARTESIAN_POINT('',(23.5,93.960484047727,9.378134415738));
#4220 = LINE('',#4221,#4222);
#4221 = CARTESIAN_POINT('',(23.5,92.926285973377,8.895880327708));
#4222 = VECTOR('',#4223,1.);
#4223 = DIRECTION('',(0.,0.906307919316,0.422617978068));
#4224 = ORIENTED_EDGE('',*,*,#4225,.T.);
#4225 = EDGE_CURVE('',#4218,#4226,#4228,.T.);
#4226 = VERTEX_POINT('',#4227);
#4227 = CARTESIAN_POINT('',(21.5,93.960484047727,9.378134415738));
#4228 = LINE('',#4229,#4230);
#4229 = CARTESIAN_POINT('',(23.5,93.960484047727,9.378134415738));
#4230 = VECTOR('',#4231,1.);
#4231 = DIRECTION('',(-1.,0.,0.));
#4232 = ORIENTED_EDGE('',*,*,#4233,.T.);
#4233 = EDGE_CURVE('',#4226,#4234,#4236,.T.);
#4234 = VERTEX_POINT('',#4235);
#4235 = CARTESIAN_POINT('',(21.5,92.926285973377,8.895880327708));
#4236 = LINE('',#4237,#4238);
#4237 = CARTESIAN_POINT('',(21.5,93.960484047727,9.378134415738));
#4238 = VECTOR('',#4239,1.);
#4239 = DIRECTION('',(0.,-0.906307919316,-0.422617978068));
#4240 = ORIENTED_EDGE('',*,*,#4241,.T.);
#4241 = EDGE_CURVE('',#4234,#4242,#4244,.T.);
#4242 = VERTEX_POINT('',#4243);
#4243 = CARTESIAN_POINT('',(21.5,88.773061330175,6.959201453164));
#4244 = CIRCLE('',#4245,2.5);
#4245 = AXIS2_PLACEMENT_3D('',#4246,#4247,#4248);
#4246 = CARTESIAN_POINT('',(22.5,90.849673651776,7.927540890436));
#4247 = DIRECTION('',(0.,-0.422617978068,0.906307919316));
#4248 = DIRECTION('',(1.,0.,0.));
#4249 = ORIENTED_EDGE('',*,*,#4250,.T.);
#4250 = EDGE_CURVE('',#4242,#4251,#4253,.T.);
#4251 = VERTEX_POINT('',#4252);
#4252 = CARTESIAN_POINT('',(21.5,87.616328612518,6.419808569264));
#4253 = LINE('',#4254,#4255);
#4254 = CARTESIAN_POINT('',(21.5,88.773061330175,6.959201453164));
#4255 = VECTOR('',#4256,1.);
#4256 = DIRECTION('',(0.,-0.906307919316,-0.422617978068));
#4257 = ORIENTED_EDGE('',*,*,#4258,.T.);
#4258 = EDGE_CURVE('',#4251,#4259,#4261,.T.);
#4259 = VERTEX_POINT('',#4260);
#4260 = CARTESIAN_POINT('',(23.5,87.616328612518,6.419808569264));
#4261 = LINE('',#4262,#4263);
#4262 = CARTESIAN_POINT('',(21.5,87.616328612518,6.419808569264));
#4263 = VECTOR('',#4264,1.);
#4264 = DIRECTION('',(1.,0.,0.));
#4265 = ORIENTED_EDGE('',*,*,#4266,.T.);
#4266 = EDGE_CURVE('',#4259,#4207,#4267,.T.);
#4267 = LINE('',#4268,#4269);
#4268 = CARTESIAN_POINT('',(23.5,87.616328612518,6.419808569264));
#4269 = VECTOR('',#4270,1.);
#4270 = DIRECTION('',(0.,0.906307919316,0.422617978068));
#4271 = PLANE('',#4272);
#4272 = AXIS2_PLACEMENT_3D('',#4273,#4274,#4275);
#4273 = CARTESIAN_POINT('',(22.5,90.793585523923,7.90138658826));
#4274 = DIRECTION('',(0.,-0.422617978068,0.906307919316));
#4275 = DIRECTION('',(0.,0.906307919316,0.422617978068));
#4276 = ADVANCED_FACE('',(#4277),#4288,.F.);
#4277 = FACE_BOUND('',#4278,.T.);
#4278 = EDGE_LOOP('',(#4279,#4280,#4281,#4282));
#4279 = ORIENTED_EDGE('',*,*,#3454,.T.);
#4280 = ORIENTED_EDGE('',*,*,#3493,.T.);
#4281 = ORIENTED_EDGE('',*,*,#3794,.F.);
#4282 = ORIENTED_EDGE('',*,*,#4283,.T.);
#4283 = EDGE_CURVE('',#3787,#3455,#4284,.T.);
#4284 = LINE('',#4285,#4286);
#4285 = CARTESIAN_POINT('',(42.8,105.13877422494,23.6));
#4286 = VECTOR('',#4287,1.);
#4287 = DIRECTION('',(-0.707106781187,-0.707106781187,6.2E-15));
#4288 = PLANE('',#4289);
#4289 = AXIS2_PLACEMENT_3D('',#4290,#4291,#4292);
#4290 = CARTESIAN_POINT('',(42.8,105.13877422494,24.));
#4291 = DIRECTION('',(-0.707106781187,0.707106781187,0.));
#4292 = DIRECTION('',(0.,0.,1.));
#4293 = ADVANCED_FACE('',(#4294),#4319,.T.);
#4294 = FACE_BOUND('',#4295,.T.);
#4295 = EDGE_LOOP('',(#4296,#4304,#4305,#4313));
#4296 = ORIENTED_EDGE('',*,*,#4297,.F.);
#4297 = EDGE_CURVE('',#3463,#4298,#4300,.T.);
#4298 = VERTEX_POINT('',#4299);
#4299 = CARTESIAN_POINT('',(32.9,105.33877422494,24.));
#4300 = LINE('',#4301,#4302);
#4301 = CARTESIAN_POINT('',(32.966666666667,105.4054408916,
    24.066666666667));
#4302 = VECTOR('',#4303,1.);
#4303 = DIRECTION('',(0.57735026919,0.57735026919,0.57735026919));
#4304 = ORIENTED_EDGE('',*,*,#3462,.T.);
#4305 = ORIENTED_EDGE('',*,*,#4306,.F.);
#4306 = EDGE_CURVE('',#4307,#3455,#4309,.T.);
#4307 = VERTEX_POINT('',#4308);
#4308 = CARTESIAN_POINT('',(42.6,105.33877422494,24.));
#4309 = LINE('',#4310,#4311);
#4310 = CARTESIAN_POINT('',(42.6,105.23877422494,23.9));
#4311 = VECTOR('',#4312,1.);
#4312 = DIRECTION('',(2.508E-14,-0.707106781187,-0.707106781187));
#4313 = ORIENTED_EDGE('',*,*,#4314,.F.);
#4314 = EDGE_CURVE('',#4298,#4307,#4315,.T.);
#4315 = LINE('',#4316,#4317);
#4316 = CARTESIAN_POINT('',(32.5,105.33877422494,24.));
#4317 = VECTOR('',#4318,1.);
#4318 = DIRECTION('',(1.,0.,0.));
#4319 = PLANE('',#4320);
#4320 = AXIS2_PLACEMENT_3D('',#4321,#4322,#4323);
#4321 = CARTESIAN_POINT('',(32.5,105.13877422494,23.8));
#4322 = DIRECTION('',(0.,-0.707106781187,0.707106781187));
#4323 = DIRECTION('',(1.,0.,0.));
#4324 = ADVANCED_FACE('',(#4325),#4331,.T.);
#4325 = FACE_BOUND('',#4326,.T.);
#4326 = EDGE_LOOP('',(#4327,#4328,#4329,#4330));
#4327 = ORIENTED_EDGE('',*,*,#3549,.T.);
#4328 = ORIENTED_EDGE('',*,*,#3736,.T.);
#4329 = ORIENTED_EDGE('',*,*,#3484,.F.);
#4330 = ORIENTED_EDGE('',*,*,#3516,.F.);
#4331 = PLANE('',#4332);
#4332 = AXIS2_PLACEMENT_3D('',#4333,#4334,#4335);
#4333 = CARTESIAN_POINT('',(42.8,35.,5.8));
#4334 = DIRECTION('',(0.707106781187,0.,0.707106781187));
#4335 = DIRECTION('',(6.E-17,1.,-6.E-17));
#4336 = ADVANCED_FACE('',(#4337),#4343,.T.);
#4337 = FACE_BOUND('',#4338,.T.);
#4338 = EDGE_LOOP('',(#4339,#4340,#4341,#4342));
#4339 = ORIENTED_EDGE('',*,*,#3558,.F.);
#4340 = ORIENTED_EDGE('',*,*,#3535,.T.);
#4341 = ORIENTED_EDGE('',*,*,#3710,.T.);
#4342 = ORIENTED_EDGE('',*,*,#3743,.F.);
#4343 = PLANE('',#4344);
#4344 = AXIS2_PLACEMENT_3D('',#4345,#4346,#4347);
#4345 = CARTESIAN_POINT('',(42.8,12.8,28.));
#4346 = DIRECTION('',(0.707106781187,0.707106781187,0.));
#4347 = DIRECTION('',(0.,0.,1.));
#4348 = ADVANCED_FACE('',(#4349),#4360,.F.);
#4349 = FACE_BOUND('',#4350,.T.);
#4350 = EDGE_LOOP('',(#4351,#4357,#4358,#4359));
#4351 = ORIENTED_EDGE('',*,*,#4352,.F.);
#4352 = EDGE_CURVE('',#3817,#3606,#4353,.T.);
#4353 = LINE('',#4354,#4355);
#4354 = CARTESIAN_POINT('',(42.6,9.5,30.));
#4355 = VECTOR('',#4356,1.);
#4356 = DIRECTION('',(-0.707106781187,-0.707106781187,0.));
#4357 = ORIENTED_EDGE('',*,*,#3816,.T.);
#4358 = ORIENTED_EDGE('',*,*,#4352,.T.);
#4359 = ORIENTED_EDGE('',*,*,#3615,.F.);
#4360 = CONICAL_SURFACE('',#4361,1.5,0.785398163397);
#4361 = AXIS2_PLACEMENT_3D('',#4362,#4363,#4364);
#4362 = CARTESIAN_POINT('',(42.6,8.,30.));
#4363 = DIRECTION('',(1.,0.,0.));
#4364 = DIRECTION('',(0.,1.,0.));
#4365 = ADVANCED_FACE('',(#4366),#4389,.F.);
#4366 = FACE_BOUND('',#4367,.T.);
#4367 = EDGE_LOOP('',(#4368,#4376,#4382,#4383));
#4368 = ORIENTED_EDGE('',*,*,#4369,.T.);
#4369 = EDGE_CURVE('',#4370,#4307,#4372,.T.);
#4370 = VERTEX_POINT('',#4371);
#4371 = CARTESIAN_POINT('',(42.6,106.53877422494,24.));
#4372 = LINE('',#4373,#4374);
#4373 = CARTESIAN_POINT('',(42.6,106.93877422494,24.));
#4374 = VECTOR('',#4375,1.);
#4375 = DIRECTION('',(0.,-1.,0.));
#4376 = ORIENTED_EDGE('',*,*,#4377,.T.);
#4377 = EDGE_CURVE('',#4307,#3787,#4378,.T.);
#4378 = LINE('',#4379,#4380);
#4379 = CARTESIAN_POINT('',(42.7,105.33877422494,23.9));
#4380 = VECTOR('',#4381,1.);
#4381 = DIRECTION('',(0.707106781187,-1.885E-14,-0.707106781187));
#4382 = ORIENTED_EDGE('',*,*,#3786,.F.);
#4383 = ORIENTED_EDGE('',*,*,#4384,.T.);
#4384 = EDGE_CURVE('',#3779,#4370,#4385,.T.);
#4385 = LINE('',#4386,#4387);
#4386 = CARTESIAN_POINT('',(42.8,106.53877422494,23.8));
#4387 = VECTOR('',#4388,1.);
#4388 = DIRECTION('',(-0.707106781187,-2.E-17,0.707106781187));
#4389 = PLANE('',#4390);
#4390 = AXIS2_PLACEMENT_3D('',#4391,#4392,#4393);
#4391 = CARTESIAN_POINT('',(42.8,106.93877422494,23.8));
#4392 = DIRECTION('',(-0.707106781187,-0.,-0.707106781187));
#4393 = DIRECTION('',(0.,1.,0.));
#4394 = ADVANCED_FACE('',(#4395),#4411,.F.);
#4395 = FACE_BOUND('',#4396,.F.);
#4396 = EDGE_LOOP('',(#4397,#4403,#4404,#4410));
#4397 = ORIENTED_EDGE('',*,*,#4398,.F.);
#4398 = EDGE_CURVE('',#3949,#3779,#4399,.T.);
#4399 = LINE('',#4400,#4401);
#4400 = CARTESIAN_POINT('',(42.7,106.83877422494,23.6));
#4401 = VECTOR('',#4402,1.);
#4402 = DIRECTION('',(0.707106781187,-0.707106781187,-1.885E-14));
#4403 = ORIENTED_EDGE('',*,*,#3956,.T.);
#4404 = ORIENTED_EDGE('',*,*,#4405,.T.);
#4405 = EDGE_CURVE('',#3957,#3771,#4406,.T.);
#4406 = LINE('',#4407,#4408);
#4407 = CARTESIAN_POINT('',(39.22312903749,110.31564518745,
    22.37687096251));
#4408 = VECTOR('',#4409,1.);
#4409 = DIRECTION('',(0.57735026919,-0.57735026919,-0.57735026919));
#4410 = ORIENTED_EDGE('',*,*,#3778,.F.);
#4411 = PLANE('',#4412);
#4412 = AXIS2_PLACEMENT_3D('',#4413,#4414,#4415);
#4413 = CARTESIAN_POINT('',(42.8,106.73877422494,24.));
#4414 = DIRECTION('',(-0.707106781187,-0.707106781187,0.));
#4415 = DIRECTION('',(0.,0.,-1.));
#4416 = ADVANCED_FACE('',(#4417),#4428,.T.);
#4417 = FACE_BOUND('',#4418,.T.);
#4418 = EDGE_LOOP('',(#4419,#4425,#4426,#4427));
#4419 = ORIENTED_EDGE('',*,*,#4420,.F.);
#4420 = EDGE_CURVE('',#3982,#3763,#4421,.T.);
#4421 = LINE('',#4422,#4423);
#4422 = CARTESIAN_POINT('',(41.9,122.3,19.7));
#4423 = VECTOR('',#4424,1.);
#4424 = DIRECTION('',(0.57735026919,0.57735026919,-0.57735026919));
#4425 = ORIENTED_EDGE('',*,*,#4012,.T.);
#4426 = ORIENTED_EDGE('',*,*,#4405,.T.);
#4427 = ORIENTED_EDGE('',*,*,#3770,.F.);
#4428 = PLANE('',#4429);
#4429 = AXIS2_PLACEMENT_3D('',#4430,#4431,#4432);
#4430 = CARTESIAN_POINT('',(42.8,123.,18.8));
#4431 = DIRECTION('',(0.707106781187,0.,0.707106781187));
#4432 = DIRECTION('',(0.,-1.,0.));
#4433 = ADVANCED_FACE('',(#4434),#4445,.T.);
#4434 = FACE_BOUND('',#4435,.T.);
#4435 = EDGE_LOOP('',(#4436,#4437,#4438,#4439));
#4436 = ORIENTED_EDGE('',*,*,#3989,.T.);
#4437 = ORIENTED_EDGE('',*,*,#4420,.T.);
#4438 = ORIENTED_EDGE('',*,*,#3762,.F.);
#4439 = ORIENTED_EDGE('',*,*,#4440,.T.);
#4440 = EDGE_CURVE('',#3755,#3990,#4441,.T.);
#4441 = LINE('',#4442,#4443);
#4442 = CARTESIAN_POINT('',(42.8,123.2,23.6));
#4443 = VECTOR('',#4444,1.);
#4444 = DIRECTION('',(-0.707106781187,-0.707106781187,-3.146E-14));
#4445 = PLANE('',#4446);
#4446 = AXIS2_PLACEMENT_3D('',#4447,#4448,#4449);
#4447 = CARTESIAN_POINT('',(42.8,123.2,24.));
#4448 = DIRECTION('',(0.707106781187,-0.707106781187,0.));
#4449 = DIRECTION('',(0.,0.,-1.));
#4450 = ADVANCED_FACE('',(#4451),#4462,.F.);
#4451 = FACE_BOUND('',#4452,.T.);
#4452 = EDGE_LOOP('',(#4453,#4454,#4460,#4461));
#4453 = ORIENTED_EDGE('',*,*,#4069,.T.);
#4454 = ORIENTED_EDGE('',*,*,#4455,.T.);
#4455 = EDGE_CURVE('',#4070,#3755,#4456,.T.);
#4456 = LINE('',#4457,#4458);
#4457 = CARTESIAN_POINT('',(42.7,123.4,23.9));
#4458 = VECTOR('',#4459,1.);
#4459 = DIRECTION('',(0.707106781187,-1.886E-14,-0.707106781187));
#4460 = ORIENTED_EDGE('',*,*,#3754,.F.);
#4461 = ORIENTED_EDGE('',*,*,#4095,.T.);
#4462 = PLANE('',#4463);
#4463 = AXIS2_PLACEMENT_3D('',#4464,#4465,#4466);
#4464 = CARTESIAN_POINT('',(42.8,125.,23.8));
#4465 = DIRECTION('',(-0.707106781187,-0.,-0.707106781187));
#4466 = DIRECTION('',(0.,1.,0.));
#4467 = ADVANCED_FACE('',(#4468),#4486,.T.);
#4468 = FACE_BOUND('',#4469,.T.);
#4469 = EDGE_LOOP('',(#4470,#4478,#4479,#4480));
#4470 = ORIENTED_EDGE('',*,*,#4471,.T.);
#4471 = EDGE_CURVE('',#4472,#3924,#4474,.T.);
#4472 = VERTEX_POINT('',#4473);
#4473 = CARTESIAN_POINT('',(32.9,106.53877422494,24.));
#4474 = LINE('',#4475,#4476);
#4475 = CARTESIAN_POINT('',(32.633333333333,106.8054408916,
    23.733333333333));
#4476 = VECTOR('',#4477,1.);
#4477 = DIRECTION('',(-0.57735026919,0.57735026919,-0.57735026919));
#4478 = ORIENTED_EDGE('',*,*,#3933,.T.);
#4479 = ORIENTED_EDGE('',*,*,#4297,.T.);
#4480 = ORIENTED_EDGE('',*,*,#4481,.F.);
#4481 = EDGE_CURVE('',#4472,#4298,#4482,.T.);
#4482 = LINE('',#4483,#4484);
#4483 = CARTESIAN_POINT('',(32.9,106.93877422494,24.));
#4484 = VECTOR('',#4485,1.);
#4485 = DIRECTION('',(0.,-1.,2.2E-16));
#4486 = PLANE('',#4487);
#4487 = AXIS2_PLACEMENT_3D('',#4488,#4489,#4490);
#4488 = CARTESIAN_POINT('',(32.7,106.93877422494,23.8));
#4489 = DIRECTION('',(-0.707106781187,0.,0.707106781187));
#4490 = DIRECTION('',(1.1E-16,-1.,1.1E-16));
#4491 = ADVANCED_FACE('',(#4492),#4508,.T.);
#4492 = FACE_BOUND('',#4493,.T.);
#4493 = EDGE_LOOP('',(#4494,#4495,#4501,#4507));
#4494 = ORIENTED_EDGE('',*,*,#4471,.F.);
#4495 = ORIENTED_EDGE('',*,*,#4496,.T.);
#4496 = EDGE_CURVE('',#4472,#4370,#4497,.T.);
#4497 = LINE('',#4498,#4499);
#4498 = CARTESIAN_POINT('',(32.5,106.53877422494,24.));
#4499 = VECTOR('',#4500,1.);
#4500 = DIRECTION('',(1.,0.,0.));
#4501 = ORIENTED_EDGE('',*,*,#4502,.F.);
#4502 = EDGE_CURVE('',#3949,#4370,#4503,.T.);
#4503 = LINE('',#4504,#4505);
#4504 = CARTESIAN_POINT('',(42.6,106.83877422494,23.7));
#4505 = VECTOR('',#4506,1.);
#4506 = DIRECTION('',(-1.886E-14,-0.707106781187,0.707106781187));
#4507 = ORIENTED_EDGE('',*,*,#3948,.F.);
#4508 = PLANE('',#4509);
#4509 = AXIS2_PLACEMENT_3D('',#4510,#4511,#4512);
#4510 = CARTESIAN_POINT('',(32.5,106.73877422494,23.8));
#4511 = DIRECTION('',(0.,0.707106781187,0.707106781187));
#4512 = DIRECTION('',(1.,0.,0.));
#4513 = ADVANCED_FACE('',(#4514),#4525,.F.);
#4514 = FACE_BOUND('',#4515,.T.);
#4515 = EDGE_LOOP('',(#4516,#4517,#4518,#4524));
#4516 = ORIENTED_EDGE('',*,*,#4047,.F.);
#4517 = ORIENTED_EDGE('',*,*,#3997,.T.);
#4518 = ORIENTED_EDGE('',*,*,#4519,.F.);
#4519 = EDGE_CURVE('',#4070,#3990,#4520,.T.);
#4520 = LINE('',#4521,#4522);
#4521 = CARTESIAN_POINT('',(42.6,123.3,23.9));
#4522 = VECTOR('',#4523,1.);
#4523 = DIRECTION('',(-1.253E-14,-0.707106781187,-0.707106781187));
#4524 = ORIENTED_EDGE('',*,*,#4077,.F.);
#4525 = PLANE('',#4526);
#4526 = AXIS2_PLACEMENT_3D('',#4527,#4528,#4529);
#4527 = CARTESIAN_POINT('',(32.5,123.2,23.8));
#4528 = DIRECTION('',(0.,0.707106781187,-0.707106781187));
#4529 = DIRECTION('',(-1.,-0.,-0.));
#4530 = ADVANCED_FACE('',(#4531),#4557,.T.);
#4531 = FACE_BOUND('',#4532,.F.);
#4532 = EDGE_LOOP('',(#4533,#4534,#4542,#4551));
#4533 = ORIENTED_EDGE('',*,*,#4206,.F.);
#4534 = ORIENTED_EDGE('',*,*,#4535,.T.);
#4535 = EDGE_CURVE('',#4207,#4536,#4538,.T.);
#4536 = VERTEX_POINT('',#4537);
#4537 = CARTESIAN_POINT('',(23.5,86.61770964203,11.581371841673));
#4538 = LINE('',#4539,#4540);
#4539 = CARTESIAN_POINT('',(23.5,89.998653466571,4.330908487149));
#4540 = VECTOR('',#4541,1.);
#4541 = DIRECTION('',(0.,-0.422617978068,0.906307919316));
#4542 = ORIENTED_EDGE('',*,*,#4543,.T.);
#4543 = EDGE_CURVE('',#4536,#4544,#4546,.T.);
#4544 = VERTEX_POINT('',#4545);
#4545 = CARTESIAN_POINT('',(23.5,90.770934285232,13.518050716218));
#4546 = CIRCLE('',#4547,2.5);
#4547 = AXIS2_PLACEMENT_3D('',#4548,#4549,#4550);
#4548 = CARTESIAN_POINT('',(22.5,88.694321963631,12.549711278946));
#4549 = DIRECTION('',(0.,-0.422617978068,0.906307919316));
#4550 = DIRECTION('',(1.,0.,0.));
#4551 = ORIENTED_EDGE('',*,*,#4552,.F.);
#4552 = EDGE_CURVE('',#4209,#4544,#4553,.T.);
#4553 = LINE('',#4554,#4555);
#4554 = CARTESIAN_POINT('',(23.5,94.151878109773,6.267587361693));
#4555 = VECTOR('',#4556,1.);
#4556 = DIRECTION('',(0.,-0.422617978068,0.906307919316));
#4557 = CYLINDRICAL_SURFACE('',#4558,2.5);
#4558 = AXIS2_PLACEMENT_3D('',#4559,#4560,#4561);
#4559 = CARTESIAN_POINT('',(22.5,92.075265788172,5.299247924421));
#4560 = DIRECTION('',(0.,0.422617978068,-0.906307919316));
#4561 = DIRECTION('',(1.,0.,0.));
#4562 = ADVANCED_FACE('',(#4563),#4581,.F.);
#4563 = FACE_BOUND('',#4564,.F.);
#4564 = EDGE_LOOP('',(#4565,#4566,#4567,#4575));
#4565 = ORIENTED_EDGE('',*,*,#4217,.F.);
#4566 = ORIENTED_EDGE('',*,*,#4552,.T.);
#4567 = ORIENTED_EDGE('',*,*,#4568,.T.);
#4568 = EDGE_CURVE('',#4544,#4569,#4571,.T.);
#4569 = VERTEX_POINT('',#4570);
#4570 = CARTESIAN_POINT('',(23.5,91.805132359582,14.000304804247));
#4571 = LINE('',#4572,#4573);
#4572 = CARTESIAN_POINT('',(23.5,90.770934285232,13.518050716218));
#4573 = VECTOR('',#4574,1.);
#4574 = DIRECTION('',(0.,0.906307919316,0.422617978068));
#4575 = ORIENTED_EDGE('',*,*,#4576,.F.);
#4576 = EDGE_CURVE('',#4218,#4569,#4577,.T.);
#4577 = LINE('',#4578,#4579);
#4578 = CARTESIAN_POINT('',(23.5,95.186076184123,6.749841449723));
#4579 = VECTOR('',#4580,1.);
#4580 = DIRECTION('',(0.,-0.422617978068,0.906307919316));
#4581 = PLANE('',#4582);
#4582 = AXIS2_PLACEMENT_3D('',#4583,#4584,#4585);
#4583 = CARTESIAN_POINT('',(23.5,94.151878109773,6.267587361693));
#4584 = DIRECTION('',(-1.,0.,0.));
#4585 = DIRECTION('',(0.,0.906307919316,0.422617978068));
#4586 = ADVANCED_FACE('',(#4587),#4605,.F.);
#4587 = FACE_BOUND('',#4588,.F.);
#4588 = EDGE_LOOP('',(#4589,#4590,#4591,#4599));
#4589 = ORIENTED_EDGE('',*,*,#4225,.F.);
#4590 = ORIENTED_EDGE('',*,*,#4576,.T.);
#4591 = ORIENTED_EDGE('',*,*,#4592,.T.);
#4592 = EDGE_CURVE('',#4569,#4593,#4595,.T.);
#4593 = VERTEX_POINT('',#4594);
#4594 = CARTESIAN_POINT('',(21.5,91.805132359582,14.000304804247));
#4595 = LINE('',#4596,#4597);
#4596 = CARTESIAN_POINT('',(23.5,91.805132359582,14.000304804247));
#4597 = VECTOR('',#4598,1.);
#4598 = DIRECTION('',(-1.,0.,0.));
#4599 = ORIENTED_EDGE('',*,*,#4600,.F.);
#4600 = EDGE_CURVE('',#4226,#4593,#4601,.T.);
#4601 = LINE('',#4602,#4603);
#4602 = CARTESIAN_POINT('',(21.5,95.186076184123,6.749841449723));
#4603 = VECTOR('',#4604,1.);
#4604 = DIRECTION('',(0.,-0.422617978068,0.906307919316));
#4605 = PLANE('',#4606);
#4606 = AXIS2_PLACEMENT_3D('',#4607,#4608,#4609);
#4607 = CARTESIAN_POINT('',(23.5,95.186076184123,6.749841449723));
#4608 = DIRECTION('',(-0.,-0.906307919316,-0.422617978068));
#4609 = DIRECTION('',(-1.,0.,0.));
#4610 = ADVANCED_FACE('',(#4611),#4629,.F.);
#4611 = FACE_BOUND('',#4612,.F.);
#4612 = EDGE_LOOP('',(#4613,#4614,#4615,#4623));
#4613 = ORIENTED_EDGE('',*,*,#4233,.F.);
#4614 = ORIENTED_EDGE('',*,*,#4600,.T.);
#4615 = ORIENTED_EDGE('',*,*,#4616,.T.);
#4616 = EDGE_CURVE('',#4593,#4617,#4619,.T.);
#4617 = VERTEX_POINT('',#4618);
#4618 = CARTESIAN_POINT('',(21.5,90.770934285232,13.518050716218));
#4619 = LINE('',#4620,#4621);
#4620 = CARTESIAN_POINT('',(21.5,91.805132359582,14.000304804247));
#4621 = VECTOR('',#4622,1.);
#4622 = DIRECTION('',(0.,-0.906307919316,-0.422617978068));
#4623 = ORIENTED_EDGE('',*,*,#4624,.F.);
#4624 = EDGE_CURVE('',#4234,#4617,#4625,.T.);
#4625 = LINE('',#4626,#4627);
#4626 = CARTESIAN_POINT('',(21.5,94.151878109773,6.267587361693));
#4627 = VECTOR('',#4628,1.);
#4628 = DIRECTION('',(0.,-0.422617978068,0.906307919316));
#4629 = PLANE('',#4630);
#4630 = AXIS2_PLACEMENT_3D('',#4631,#4632,#4633);
#4631 = CARTESIAN_POINT('',(21.5,95.186076184123,6.749841449723));
#4632 = DIRECTION('',(1.,0.,0.));
#4633 = DIRECTION('',(0.,-0.906307919316,-0.422617978068));
#4634 = ADVANCED_FACE('',(#4635),#4654,.T.);
#4635 = FACE_BOUND('',#4636,.F.);
#4636 = EDGE_LOOP('',(#4637,#4638,#4639,#4648));
#4637 = ORIENTED_EDGE('',*,*,#4241,.F.);
#4638 = ORIENTED_EDGE('',*,*,#4624,.T.);
#4639 = ORIENTED_EDGE('',*,*,#4640,.T.);
#4640 = EDGE_CURVE('',#4617,#4641,#4643,.T.);
#4641 = VERTEX_POINT('',#4642);
#4642 = CARTESIAN_POINT('',(21.5,86.61770964203,11.581371841673));
#4643 = CIRCLE('',#4644,2.5);
#4644 = AXIS2_PLACEMENT_3D('',#4645,#4646,#4647);
#4645 = CARTESIAN_POINT('',(22.5,88.694321963631,12.549711278946));
#4646 = DIRECTION('',(0.,-0.422617978068,0.906307919316));
#4647 = DIRECTION('',(1.,0.,0.));
#4648 = ORIENTED_EDGE('',*,*,#4649,.F.);
#4649 = EDGE_CURVE('',#4242,#4641,#4650,.T.);
#4650 = LINE('',#4651,#4652);
#4651 = CARTESIAN_POINT('',(21.5,89.998653466571,4.330908487149));
#4652 = VECTOR('',#4653,1.);
#4653 = DIRECTION('',(0.,-0.422617978068,0.906307919316));
#4654 = CYLINDRICAL_SURFACE('',#4655,2.5);
#4655 = AXIS2_PLACEMENT_3D('',#4656,#4657,#4658);
#4656 = CARTESIAN_POINT('',(22.5,92.075265788172,5.299247924421));
#4657 = DIRECTION('',(0.,0.422617978068,-0.906307919316));
#4658 = DIRECTION('',(1.,0.,0.));
#4659 = ADVANCED_FACE('',(#4660),#4678,.F.);
#4660 = FACE_BOUND('',#4661,.F.);
#4661 = EDGE_LOOP('',(#4662,#4663,#4664,#4672));
#4662 = ORIENTED_EDGE('',*,*,#4250,.F.);
#4663 = ORIENTED_EDGE('',*,*,#4649,.T.);
#4664 = ORIENTED_EDGE('',*,*,#4665,.T.);
#4665 = EDGE_CURVE('',#4641,#4666,#4668,.T.);
#4666 = VERTEX_POINT('',#4667);
#4667 = CARTESIAN_POINT('',(21.5,85.460976924373,11.041978957773));
#4668 = LINE('',#4669,#4670);
#4669 = CARTESIAN_POINT('',(21.5,86.61770964203,11.581371841673));
#4670 = VECTOR('',#4671,1.);
#4671 = DIRECTION('',(0.,-0.906307919316,-0.422617978068));
#4672 = ORIENTED_EDGE('',*,*,#4673,.F.);
#4673 = EDGE_CURVE('',#4251,#4666,#4674,.T.);
#4674 = LINE('',#4675,#4676);
#4675 = CARTESIAN_POINT('',(21.5,88.841920748914,3.791515603249));
#4676 = VECTOR('',#4677,1.);
#4677 = DIRECTION('',(0.,-0.422617978068,0.906307919316));
#4678 = PLANE('',#4679);
#4679 = AXIS2_PLACEMENT_3D('',#4680,#4681,#4682);
#4680 = CARTESIAN_POINT('',(21.5,89.998653466571,4.330908487149));
#4681 = DIRECTION('',(1.,0.,0.));
#4682 = DIRECTION('',(0.,-0.906307919316,-0.422617978068));
#4683 = ADVANCED_FACE('',(#4684),#4702,.F.);
#4684 = FACE_BOUND('',#4685,.F.);
#4685 = EDGE_LOOP('',(#4686,#4687,#4688,#4696));
#4686 = ORIENTED_EDGE('',*,*,#4258,.F.);
#4687 = ORIENTED_EDGE('',*,*,#4673,.T.);
#4688 = ORIENTED_EDGE('',*,*,#4689,.T.);
#4689 = EDGE_CURVE('',#4666,#4690,#4692,.T.);
#4690 = VERTEX_POINT('',#4691);
#4691 = CARTESIAN_POINT('',(23.5,85.460976924373,11.041978957773));
#4692 = LINE('',#4693,#4694);
#4693 = CARTESIAN_POINT('',(21.5,85.460976924373,11.041978957773));
#4694 = VECTOR('',#4695,1.);
#4695 = DIRECTION('',(1.,0.,0.));
#4696 = ORIENTED_EDGE('',*,*,#4697,.F.);
#4697 = EDGE_CURVE('',#4259,#4690,#4698,.T.);
#4698 = LINE('',#4699,#4700);
#4699 = CARTESIAN_POINT('',(23.5,88.841920748914,3.791515603249));
#4700 = VECTOR('',#4701,1.);
#4701 = DIRECTION('',(0.,-0.422617978068,0.906307919316));
#4702 = PLANE('',#4703);
#4703 = AXIS2_PLACEMENT_3D('',#4704,#4705,#4706);
#4704 = CARTESIAN_POINT('',(21.5,88.841920748914,3.791515603249));
#4705 = DIRECTION('',(0.,0.906307919316,0.422617978068));
#4706 = DIRECTION('',(1.,0.,0.));
#4707 = ADVANCED_FACE('',(#4708),#4719,.F.);
#4708 = FACE_BOUND('',#4709,.F.);
#4709 = EDGE_LOOP('',(#4710,#4711,#4712,#4718));
#4710 = ORIENTED_EDGE('',*,*,#4266,.F.);
#4711 = ORIENTED_EDGE('',*,*,#4697,.T.);
#4712 = ORIENTED_EDGE('',*,*,#4713,.T.);
#4713 = EDGE_CURVE('',#4690,#4536,#4714,.T.);
#4714 = LINE('',#4715,#4716);
#4715 = CARTESIAN_POINT('',(23.5,85.460976924373,11.041978957773));
#4716 = VECTOR('',#4717,1.);
#4717 = DIRECTION('',(0.,0.906307919316,0.422617978068));
#4718 = ORIENTED_EDGE('',*,*,#4535,.F.);
#4719 = PLANE('',#4720);
#4720 = AXIS2_PLACEMENT_3D('',#4721,#4722,#4723);
#4721 = CARTESIAN_POINT('',(23.5,88.841920748914,3.791515603249));
#4722 = DIRECTION('',(-1.,0.,0.));
#4723 = DIRECTION('',(0.,0.906307919316,0.422617978068));
#4724 = ADVANCED_FACE('',(#4725),#4730,.T.);
#4725 = FACE_BOUND('',#4726,.T.);
#4726 = EDGE_LOOP('',(#4727,#4728,#4729));
#4727 = ORIENTED_EDGE('',*,*,#4377,.F.);
#4728 = ORIENTED_EDGE('',*,*,#4306,.T.);
#4729 = ORIENTED_EDGE('',*,*,#4283,.F.);
#4730 = PLANE('',#4731);
#4731 = AXIS2_PLACEMENT_3D('',#4732,#4733,#4734);
#4732 = CARTESIAN_POINT('',(42.6,105.33877422494,24.));
#4733 = DIRECTION('',(0.57735026919,-0.57735026919,0.57735026919));
#4734 = DIRECTION('',(-0.707106781187,-0.707106781187,
    -6.311281393224E-15));
#4735 = ADVANCED_FACE('',(#4736),#4742,.F.);
#4736 = FACE_BOUND('',#4737,.F.);
#4737 = EDGE_LOOP('',(#4738,#4739,#4740,#4741));
#4738 = ORIENTED_EDGE('',*,*,#4369,.T.);
#4739 = ORIENTED_EDGE('',*,*,#4314,.F.);
#4740 = ORIENTED_EDGE('',*,*,#4481,.F.);
#4741 = ORIENTED_EDGE('',*,*,#4496,.T.);
#4742 = PLANE('',#4743);
#4743 = AXIS2_PLACEMENT_3D('',#4744,#4745,#4746);
#4744 = CARTESIAN_POINT('',(0.,125.,24.));
#4745 = DIRECTION('',(0.,0.,-1.));
#4746 = DIRECTION('',(0.,-1.,0.));
#4747 = ADVANCED_FACE('',(#4748),#4753,.T.);
#4748 = FACE_BOUND('',#4749,.T.);
#4749 = EDGE_LOOP('',(#4750,#4751,#4752));
#4750 = ORIENTED_EDGE('',*,*,#4398,.F.);
#4751 = ORIENTED_EDGE('',*,*,#4502,.T.);
#4752 = ORIENTED_EDGE('',*,*,#4384,.F.);
#4753 = PLANE('',#4754);
#4754 = AXIS2_PLACEMENT_3D('',#4755,#4756,#4757);
#4755 = CARTESIAN_POINT('',(42.6,106.93877422494,23.6));
#4756 = DIRECTION('',(0.57735026919,0.57735026919,0.57735026919));
#4757 = DIRECTION('',(-0.707106781187,1.192729002358E-17,0.707106781187)
  );
#4758 = ADVANCED_FACE('',(#4759),#4764,.T.);
#4759 = FACE_BOUND('',#4760,.T.);
#4760 = EDGE_LOOP('',(#4761,#4762,#4763));
#4761 = ORIENTED_EDGE('',*,*,#4455,.F.);
#4762 = ORIENTED_EDGE('',*,*,#4519,.T.);
#4763 = ORIENTED_EDGE('',*,*,#4440,.F.);
#4764 = PLANE('',#4765);
#4765 = AXIS2_PLACEMENT_3D('',#4766,#4767,#4768);
#4766 = CARTESIAN_POINT('',(42.6,123.4,24.));
#4767 = DIRECTION('',(0.57735026919,-0.57735026919,0.57735026919));
#4768 = DIRECTION('',(-0.707106781187,-0.707106781187,
    -6.367490190776E-15));
#4769 = ADVANCED_FACE('',(#4770,#4780),#4791,.T.);
#4770 = FACE_BOUND('',#4771,.T.);
#4771 = EDGE_LOOP('',(#4772,#4773,#4774,#4775,#4776,#4777,#4778,#4779));
#4772 = ORIENTED_EDGE('',*,*,#4543,.T.);
#4773 = ORIENTED_EDGE('',*,*,#4568,.T.);
#4774 = ORIENTED_EDGE('',*,*,#4592,.T.);
#4775 = ORIENTED_EDGE('',*,*,#4616,.T.);
#4776 = ORIENTED_EDGE('',*,*,#4640,.T.);
#4777 = ORIENTED_EDGE('',*,*,#4665,.T.);
#4778 = ORIENTED_EDGE('',*,*,#4689,.T.);
#4779 = ORIENTED_EDGE('',*,*,#4713,.T.);
#4780 = FACE_BOUND('',#4781,.F.);
#4781 = EDGE_LOOP('',(#4782));
#4782 = ORIENTED_EDGE('',*,*,#4783,.T.);
#4783 = EDGE_CURVE('',#4784,#4784,#4786,.T.);
#4784 = VERTEX_POINT('',#4785);
#4785 = CARTESIAN_POINT('',(24.,88.694321963631,12.549711278946));
#4786 = CIRCLE('',#4787,1.5);
#4787 = AXIS2_PLACEMENT_3D('',#4788,#4789,#4790);
#4788 = CARTESIAN_POINT('',(22.5,88.694321963631,12.549711278946));
#4789 = DIRECTION('',(0.,-0.422617978068,0.906307919316));
#4790 = DIRECTION('',(1.,0.,0.));
#4791 = PLANE('',#4792);
#4792 = AXIS2_PLACEMENT_3D('',#4793,#4794,#4795);
#4793 = CARTESIAN_POINT('',(22.5,88.654844892892,12.531302833582));
#4794 = DIRECTION('',(-1.9E-16,-0.422617978068,0.906307919316));
#4795 = DIRECTION('',(-7.237358180861E-34,0.906307919316,0.422617978068)
  );
#4796 = ADVANCED_FACE('',(#4797),#4815,.F.);
#4797 = FACE_BOUND('',#4798,.T.);
#4798 = EDGE_LOOP('',(#4799,#4808,#4813,#4814));
#4799 = ORIENTED_EDGE('',*,*,#4800,.F.);
#4800 = EDGE_CURVE('',#4801,#4801,#4803,.T.);
#4801 = VERTEX_POINT('',#4802);
#4802 = CARTESIAN_POINT('',(24.,94.18835567851,0.767708327844));
#4803 = CIRCLE('',#4804,1.5);
#4804 = AXIS2_PLACEMENT_3D('',#4805,#4806,#4807);
#4805 = CARTESIAN_POINT('',(22.5,94.18835567851,0.767708327844));
#4806 = DIRECTION('',(0.,-0.422617978068,0.906307919316));
#4807 = DIRECTION('',(1.,0.,0.));
#4808 = ORIENTED_EDGE('',*,*,#4809,.F.);
#4809 = EDGE_CURVE('',#4784,#4801,#4810,.T.);
#4810 = B_SPLINE_CURVE_WITH_KNOTS('',1,(#4811,#4812),.UNSPECIFIED.,.F.,
  .F.,(2,2),(-8.,5.),.PIECEWISE_BEZIER_KNOTS.);
#4811 = CARTESIAN_POINT('',(24.,88.694321963631,12.549711278946));
#4812 = CARTESIAN_POINT('',(24.,94.18835567851,0.767708327844));
#4813 = ORIENTED_EDGE('',*,*,#4783,.T.);
#4814 = ORIENTED_EDGE('',*,*,#4809,.T.);
#4815 = CYLINDRICAL_SURFACE('',#4816,1.5);
#4816 = AXIS2_PLACEMENT_3D('',#4817,#4818,#4819);
#4817 = CARTESIAN_POINT('',(22.5,92.075265788172,5.299247924421));
#4818 = DIRECTION('',(0.,0.422617978068,-0.906307919316));
#4819 = DIRECTION('',(1.,0.,0.));
#4820 = ADVANCED_FACE('',(#4821),#4824,.T.);
#4821 = FACE_BOUND('',#4822,.T.);
#4822 = EDGE_LOOP('',(#4823));
#4823 = ORIENTED_EDGE('',*,*,#4800,.T.);
#4824 = PLANE('',#4825);
#4825 = AXIS2_PLACEMENT_3D('',#4826,#4827,#4828);
#4826 = CARTESIAN_POINT('',(0.,87.113089890338,-2.531539596578));
#4827 = DIRECTION('',(0.,-0.422617978068,0.906307919316));
#4828 = DIRECTION('',(0.,0.906307919316,0.422617978068));
#4829 = ORIENTED_CLOSED_SHELL('',*,#4830,.F.);
#4830 = CLOSED_SHELL('',(#4831,#4864,#4873));
#4831 = ADVANCED_FACE('',(#4832),#4859,.T.);
#4832 = FACE_BOUND('',#4833,.T.);
#4833 = EDGE_LOOP('',(#4834,#4844,#4851,#4852));
#4834 = ORIENTED_EDGE('',*,*,#4835,.F.);
#4835 = EDGE_CURVE('',#4836,#4838,#4840,.T.);
#4836 = VERTEX_POINT('',#4837);
#4837 = CARTESIAN_POINT('',(33.,116.5,5.));
#4838 = VERTEX_POINT('',#4839);
#4839 = CARTESIAN_POINT('',(12.,116.5,5.));
#4840 = LINE('',#4841,#4842);
#4841 = CARTESIAN_POINT('',(45.,116.5,5.));
#4842 = VECTOR('',#4843,1.);
#4843 = DIRECTION('',(-1.,-0.,-0.));
#4844 = ORIENTED_EDGE('',*,*,#4845,.F.);
#4845 = EDGE_CURVE('',#4836,#4836,#4846,.T.);
#4846 = CIRCLE('',#4847,1.5);
#4847 = AXIS2_PLACEMENT_3D('',#4848,#4849,#4850);
#4848 = CARTESIAN_POINT('',(33.,115.,5.));
#4849 = DIRECTION('',(1.,0.,0.));
#4850 = DIRECTION('',(0.,1.,0.));
#4851 = ORIENTED_EDGE('',*,*,#4835,.T.);
#4852 = ORIENTED_EDGE('',*,*,#4853,.T.);
#4853 = EDGE_CURVE('',#4838,#4838,#4854,.T.);
#4854 = CIRCLE('',#4855,1.5);
#4855 = AXIS2_PLACEMENT_3D('',#4856,#4857,#4858);
#4856 = CARTESIAN_POINT('',(12.,115.,5.));
#4857 = DIRECTION('',(1.,0.,0.));
#4858 = DIRECTION('',(0.,1.,0.));
#4859 = CYLINDRICAL_SURFACE('',#4860,1.5);
#4860 = AXIS2_PLACEMENT_3D('',#4861,#4862,#4863);
#4861 = CARTESIAN_POINT('',(45.,115.,5.));
#4862 = DIRECTION('',(1.,0.,0.));
#4863 = DIRECTION('',(0.,1.,0.));
#4864 = ADVANCED_FACE('',(#4865),#4868,.F.);
#4865 = FACE_BOUND('',#4866,.F.);
#4866 = EDGE_LOOP('',(#4867));
#4867 = ORIENTED_EDGE('',*,*,#4853,.T.);
#4868 = PLANE('',#4869);
#4869 = AXIS2_PLACEMENT_3D('',#4870,#4871,#4872);
#4870 = CARTESIAN_POINT('',(12.,62.5,5.));
#4871 = DIRECTION('',(1.,0.,0.));
#4872 = DIRECTION('',(0.,0.,1.));
#4873 = ADVANCED_FACE('',(#4874),#4877,.T.);
#4874 = FACE_BOUND('',#4875,.T.);
#4875 = EDGE_LOOP('',(#4876));
#4876 = ORIENTED_EDGE('',*,*,#4845,.T.);
#4877 = PLANE('',#4878);
#4878 = AXIS2_PLACEMENT_3D('',#4879,#4880,#4881);
#4879 = CARTESIAN_POINT('',(33.,62.5,5.));
#4880 = DIRECTION('',(1.,0.,0.));
#4881 = DIRECTION('',(0.,0.,1.));
#4882 = ( GEOMETRIC_REPRESENTATION_CONTEXT(3) 
GLOBAL_UNCERTAINTY_ASSIGNED_CONTEXT((#4886)) 
GLOBAL_UNIT_ASSIGNED_CONTEXT((#4883,#4884,#4885)) REPRESENTATION_CONTEXT
('Context #1','3D Context with UNIT and UNCERTAINTY') );
#4883 = ( LENGTH_UNIT() NAMED_UNIT(*) SI_UNIT(.MILLI.,.METRE.) );
#4884 = ( NAMED_UNIT(*) PLANE_ANGLE_UNIT() SI_UNIT($,.RADIAN.) );
#4885 = ( NAMED_UNIT(*) SI_UNIT($,.STERADIAN.) SOLID_ANGLE_UNIT() );
#4886 = UNCERTAINTY_MEASURE_WITH_UNIT(LENGTH_MEASURE(5.E-05),#4883,
  'distance_accuracy_value','confusion accuracy');
#4887 = PRODUCT_RELATED_PRODUCT_CATEGORY('part',$,(#7));
#4888 = MECHANICAL_DESIGN_GEOMETRIC_PRESENTATION_REPRESENTATION('',(
    #4889),#4882);
#4889 = STYLED_ITEM('color',(#4890),#15);
#4890 = PRESENTATION_STYLE_ASSIGNMENT((#4891,#4897));
#4891 = SURFACE_STYLE_USAGE(.BOTH.,#4892);
#4892 = SURFACE_SIDE_STYLE('',(#4893));
#4893 = SURFACE_STYLE_FILL_AREA(#4894);
#4894 = FILL_AREA_STYLE('',(#4895));
#4895 = FILL_AREA_STYLE_COLOUR('',#4896);
#4896 = COLOUR_RGB('',0.678431390124,0.709803936702,0.741176476869);
#4897 = CURVE_STYLE('',#4898,POSITIVE_LENGTH_MEASURE(0.1),#4899);
#4898 = DRAUGHTING_PRE_DEFINED_CURVE_FONT('continuous');
#4899 = COLOUR_RGB('',9.803921802644E-02,9.803921802644E-02,
  9.803921802644E-02);
ENDSEC;
END-ISO-10303-21;
