ISO-10303-21;
HEADER;
FILE_DESCRIPTION(('FreeCAD Model'),'2;1');
FILE_NAME('Open CASCADE Shape Model','2026-06-12T10:11:28',(''),(''),
  'Open CASCADE STEP processor 7.8','FreeCAD','Unknown');
FILE_SCHEMA(('AUTOMOTIVE_DESIGN { 1 0 10303 214 1 1 1 1 }'));
ENDSEC;
DATA;
#1 = APPLICATION_PROTOCOL_DEFINITION('international standard',
  'automotive_design',2000,#2);
#2 = APPLICATION_CONTEXT(
  'core data for automotive mechanical design processes');
#3 = SHAPE_DEFINITION_REPRESENTATION(#4,#10);
#4 = PRODUCT_DEFINITION_SHAPE('','',#5);
#5 = PRODUCT_DEFINITION('design','',#6,#9);
#6 = PRODUCT_DEFINITION_FORMATION('','',#7);
#7 = PRODUCT('Body','Body','',(#8));
#8 = PRODUCT_CONTEXT('',#2,'mechanical');
#9 = PRODUCT_DEFINITION_CONTEXT('part definition',#2,'design');
#10 = ADVANCED_BREP_SHAPE_REPRESENTATION('',(#11,#15),#4422);
#11 = AXIS2_PLACEMENT_3D('',#12,#13,#14);
#12 = CARTESIAN_POINT('',(0.,0.,0.));
#13 = DIRECTION('',(0.,0.,1.));
#14 = DIRECTION('',(1.,0.,-0.));
#15 = MANIFOLD_SOLID_BREP('',#16);
#16 = CLOSED_SHELL('',(#17,#57,#96,#127,#269,#294,#318,#349,#373,#698,
    #715,#739,#764,#788,#820,#844,#868,#892,#934,#958,#1000,#1024,#1041,
    #1058,#1097,#1530,#1662,#1686,#1710,#1734,#1758,#1782,#1806,#1830,
    #1854,#1876,#1900,#1917,#1942,#1959,#1983,#2000,#2025,#2037,#2061,
    #2085,#2109,#2133,#2155,#2167,#2191,#2215,#2237,#2254,#2271,#2283,
    #2299,#2323,#2347,#2364,#2376,#2388,#2476,#2516,#2533,#2564,#2588,
    #2612,#2636,#2660,#2708,#2732,#2773,#2821,#2845,#2886,#2934,#2958,
    #2999,#3047,#3071,#3112,#3143,#3167,#3191,#3215,#3239,#3261,#3292,
    #3316,#3340,#3382,#3406,#3448,#3472,#3503,#3520,#3546,#3570,#3594,
    #3673,#3685,#3710,#3727,#3752,#3769,#3786,#3803,#3827,#3845,#3869,
    #3887,#3912,#3936,#3961,#3985,#4010,#4027,#4039,#4051,#4070,#4087,
    #4104,#4121,#4138,#4155,#4172,#4184,#4200,#4217,#4234,#4246,#4263,
    #4280,#4292,#4309,#4326,#4338,#4355,#4372,#4384,#4400));
#17 = ADVANCED_FACE('',(#18),#52,.T.);
#18 = FACE_BOUND('',#19,.T.);
#19 = EDGE_LOOP('',(#20,#30,#38,#46));
#20 = ORIENTED_EDGE('',*,*,#21,.F.);
#21 = EDGE_CURVE('',#22,#24,#26,.T.);
#22 = VERTEX_POINT('',#23);
#23 = CARTESIAN_POINT('',(173.62,-20.,9.61));
#24 = VERTEX_POINT('',#25);
#25 = CARTESIAN_POINT('',(173.62,-20.,1.51));
#26 = LINE('',#27,#28);
#27 = CARTESIAN_POINT('',(173.62,-20.,7.51));
#28 = VECTOR('',#29,1.);
#29 = DIRECTION('',(0.,0.,-1.));
#30 = ORIENTED_EDGE('',*,*,#31,.T.);
#31 = EDGE_CURVE('',#22,#32,#34,.T.);
#32 = VERTEX_POINT('',#33);
#33 = CARTESIAN_POINT('',(187.5,-20.,9.61));
#34 = LINE('',#35,#36);
#35 = CARTESIAN_POINT('',(173.62,-20.,9.61));
#36 = VECTOR('',#37,1.);
#37 = DIRECTION('',(1.,0.,0.));
#38 = ORIENTED_EDGE('',*,*,#39,.F.);
#39 = EDGE_CURVE('',#40,#32,#42,.T.);
#40 = VERTEX_POINT('',#41);
#41 = CARTESIAN_POINT('',(187.5,-20.,1.51));
#42 = LINE('',#43,#44);
#43 = CARTESIAN_POINT('',(187.5,-20.,9.11));
#44 = VECTOR('',#45,1.);
#45 = DIRECTION('',(0.,0.,1.));
#46 = ORIENTED_EDGE('',*,*,#47,.F.);
#47 = EDGE_CURVE('',#24,#40,#48,.T.);
#48 = LINE('',#49,#50);
#49 = CARTESIAN_POINT('',(173.62,-20.,1.51));
#50 = VECTOR('',#51,1.);
#51 = DIRECTION('',(1.,0.,0.));
#52 = PLANE('',#53);
#53 = AXIS2_PLACEMENT_3D('',#54,#55,#56);
#54 = CARTESIAN_POINT('',(180.56,-20.,5.81));
#55 = DIRECTION('',(0.,1.,0.));
#56 = DIRECTION('',(0.,0.,1.));
#57 = ADVANCED_FACE('',(#58),#91,.T.);
#58 = FACE_BOUND('',#59,.T.);
#59 = EDGE_LOOP('',(#60,#61,#69,#77,#85));
#60 = ORIENTED_EDGE('',*,*,#21,.T.);
#61 = ORIENTED_EDGE('',*,*,#62,.T.);
#62 = EDGE_CURVE('',#24,#63,#65,.T.);
#63 = VERTEX_POINT('',#64);
#64 = CARTESIAN_POINT('',(173.62,-44.16,1.51));
#65 = LINE('',#66,#67);
#66 = CARTESIAN_POINT('',(173.62,-20.,1.51));
#67 = VECTOR('',#68,1.);
#68 = DIRECTION('',(0.,-1.,0.));
#69 = ORIENTED_EDGE('',*,*,#70,.F.);
#70 = EDGE_CURVE('',#71,#63,#73,.T.);
#71 = VERTEX_POINT('',#72);
#72 = CARTESIAN_POINT('',(173.62,-44.16,7.51));
#73 = LINE('',#74,#75);
#74 = CARTESIAN_POINT('',(173.62,-44.16,7.51));
#75 = VECTOR('',#76,1.);
#76 = DIRECTION('',(0.,0.,-1.));
#77 = ORIENTED_EDGE('',*,*,#78,.T.);
#78 = EDGE_CURVE('',#71,#79,#81,.T.);
#79 = VERTEX_POINT('',#80);
#80 = CARTESIAN_POINT('',(173.62,-44.16,9.61));
#81 = LINE('',#82,#83);
#82 = CARTESIAN_POINT('',(173.62,-44.16,9.11));
#83 = VECTOR('',#84,1.);
#84 = DIRECTION('',(0.,0.,1.));
#85 = ORIENTED_EDGE('',*,*,#86,.F.);
#86 = EDGE_CURVE('',#22,#79,#87,.T.);
#87 = LINE('',#88,#89);
#88 = CARTESIAN_POINT('',(173.62,-20.,9.61));
#89 = VECTOR('',#90,1.);
#90 = DIRECTION('',(0.,-1.,0.));
#91 = PLANE('',#92);
#92 = AXIS2_PLACEMENT_3D('',#93,#94,#95);
#93 = CARTESIAN_POINT('',(173.62,-32.08,5.81));
#94 = DIRECTION('',(-1.,-0.,-0.));
#95 = DIRECTION('',(0.,0.,-1.));
#96 = ADVANCED_FACE('',(#97),#122,.T.);
#97 = FACE_BOUND('',#98,.F.);
#98 = EDGE_LOOP('',(#99,#107,#108,#116));
#99 = ORIENTED_EDGE('',*,*,#100,.F.);
#100 = EDGE_CURVE('',#22,#101,#103,.T.);
#101 = VERTEX_POINT('',#102);
#102 = CARTESIAN_POINT('',(174.12,-20.5,10.11));
#103 = LINE('',#104,#105);
#104 = CARTESIAN_POINT('',(173.78666666666,-20.16666666666,
    9.776666666667));
#105 = VECTOR('',#106,1.);
#106 = DIRECTION('',(0.57735026919,-0.57735026919,0.57735026919));
#107 = ORIENTED_EDGE('',*,*,#31,.T.);
#108 = ORIENTED_EDGE('',*,*,#109,.T.);
#109 = EDGE_CURVE('',#32,#110,#112,.T.);
#110 = VERTEX_POINT('',#111);
#111 = CARTESIAN_POINT('',(187.5,-20.5,10.11));
#112 = LINE('',#113,#114);
#113 = CARTESIAN_POINT('',(187.5,-20.25,9.86));
#114 = VECTOR('',#115,1.);
#115 = DIRECTION('',(2.90882763039E-35,-0.707106781187,0.707106781187));
#116 = ORIENTED_EDGE('',*,*,#117,.F.);
#117 = EDGE_CURVE('',#101,#110,#118,.T.);
#118 = LINE('',#119,#120);
#119 = CARTESIAN_POINT('',(173.62,-20.5,10.11));
#120 = VECTOR('',#121,1.);
#121 = DIRECTION('',(1.,0.,0.));
#122 = PLANE('',#123);
#123 = AXIS2_PLACEMENT_3D('',#124,#125,#126);
#124 = CARTESIAN_POINT('',(173.62,-20.25,9.86));
#125 = DIRECTION('',(-1.889513820523E-18,0.707106781187,0.707106781187)
  );
#126 = DIRECTION('',(-1.,-1.336088035637E-18,-1.336088035637E-18));
#127 = ADVANCED_FACE('',(#128),#264,.F.);
#128 = FACE_BOUND('',#129,.F.);
#129 = EDGE_LOOP('',(#130,#131,#132,#140,#148,#156,#165,#174,#182,#191,
    #200,#208,#216,#224,#232,#240,#249,#257));
#130 = ORIENTED_EDGE('',*,*,#47,.F.);
#131 = ORIENTED_EDGE('',*,*,#62,.T.);
#132 = ORIENTED_EDGE('',*,*,#133,.T.);
#133 = EDGE_CURVE('',#63,#134,#136,.T.);
#134 = VERTEX_POINT('',#135);
#135 = CARTESIAN_POINT('',(174.62,-44.16,1.51));
#136 = LINE('',#137,#138);
#137 = CARTESIAN_POINT('',(173.62,-44.16,1.51));
#138 = VECTOR('',#139,1.);
#139 = DIRECTION('',(1.,0.,0.));
#140 = ORIENTED_EDGE('',*,*,#141,.T.);
#141 = EDGE_CURVE('',#134,#142,#144,.T.);
#142 = VERTEX_POINT('',#143);
#143 = CARTESIAN_POINT('',(174.62,-21.,1.51));
#144 = LINE('',#145,#146);
#145 = CARTESIAN_POINT('',(174.62,-44.16,1.51));
#146 = VECTOR('',#147,1.);
#147 = DIRECTION('',(0.,1.,0.));
#148 = ORIENTED_EDGE('',*,*,#149,.T.);
#149 = EDGE_CURVE('',#142,#150,#152,.T.);
#150 = VERTEX_POINT('',#151);
#151 = CARTESIAN_POINT('',(185.13160678166,-21.,1.51));
#152 = LINE('',#153,#154);
#153 = CARTESIAN_POINT('',(174.62,-21.,1.51));
#154 = VECTOR('',#155,1.);
#155 = DIRECTION('',(1.,0.,0.));
#156 = ORIENTED_EDGE('',*,*,#157,.F.);
#157 = EDGE_CURVE('',#158,#150,#160,.T.);
#158 = VERTEX_POINT('',#159);
#159 = CARTESIAN_POINT('',(189.35,-23.5,1.51));
#160 = CIRCLE('',#161,2.85);
#161 = AXIS2_PLACEMENT_3D('',#162,#163,#164);
#162 = CARTESIAN_POINT('',(186.5,-23.5,1.51));
#163 = DIRECTION('',(0.,0.,1.));
#164 = DIRECTION('',(1.,0.,0.));
#165 = ORIENTED_EDGE('',*,*,#166,.F.);
#166 = EDGE_CURVE('',#167,#158,#169,.T.);
#167 = VERTEX_POINT('',#168);
#168 = CARTESIAN_POINT('',(188.5,-25.53039405042,1.51));
#169 = CIRCLE('',#170,2.85);
#170 = AXIS2_PLACEMENT_3D('',#171,#172,#173);
#171 = CARTESIAN_POINT('',(186.5,-23.5,1.51));
#172 = DIRECTION('',(0.,0.,1.));
#173 = DIRECTION('',(1.,0.,0.));
#174 = ORIENTED_EDGE('',*,*,#175,.T.);
#175 = EDGE_CURVE('',#167,#176,#178,.T.);
#176 = VERTEX_POINT('',#177);
#177 = CARTESIAN_POINT('',(188.5,-74.46960594957,1.51));
#178 = LINE('',#179,#180);
#179 = CARTESIAN_POINT('',(188.5,-22.,1.51));
#180 = VECTOR('',#181,1.);
#181 = DIRECTION('',(0.,-1.,0.));
#182 = ORIENTED_EDGE('',*,*,#183,.F.);
#183 = EDGE_CURVE('',#184,#176,#186,.T.);
#184 = VERTEX_POINT('',#185);
#185 = CARTESIAN_POINT('',(189.35,-76.5,1.51));
#186 = CIRCLE('',#187,2.85);
#187 = AXIS2_PLACEMENT_3D('',#188,#189,#190);
#188 = CARTESIAN_POINT('',(186.5,-76.5,1.51));
#189 = DIRECTION('',(0.,0.,1.));
#190 = DIRECTION('',(1.,0.,0.));
#191 = ORIENTED_EDGE('',*,*,#192,.F.);
#192 = EDGE_CURVE('',#193,#184,#195,.T.);
#193 = VERTEX_POINT('',#194);
#194 = CARTESIAN_POINT('',(185.13160678166,-79.,1.51));
#195 = CIRCLE('',#196,2.85);
#196 = AXIS2_PLACEMENT_3D('',#197,#198,#199);
#197 = CARTESIAN_POINT('',(186.5,-76.5,1.51));
#198 = DIRECTION('',(0.,0.,1.));
#199 = DIRECTION('',(1.,0.,0.));
#200 = ORIENTED_EDGE('',*,*,#201,.T.);
#201 = EDGE_CURVE('',#193,#202,#204,.T.);
#202 = VERTEX_POINT('',#203);
#203 = CARTESIAN_POINT('',(183.3325,-79.,1.51));
#204 = LINE('',#205,#206);
#205 = CARTESIAN_POINT('',(187.5,-79.,1.51));
#206 = VECTOR('',#207,1.);
#207 = DIRECTION('',(-1.,0.,0.));
#208 = ORIENTED_EDGE('',*,*,#209,.T.);
#209 = EDGE_CURVE('',#202,#210,#212,.T.);
#210 = VERTEX_POINT('',#211);
#211 = CARTESIAN_POINT('',(183.3325,-62.,1.51));
#212 = LINE('',#213,#214);
#213 = CARTESIAN_POINT('',(183.3325,-79.,1.51));
#214 = VECTOR('',#215,1.);
#215 = DIRECTION('',(0.,1.,0.));
#216 = ORIENTED_EDGE('',*,*,#217,.T.);
#217 = EDGE_CURVE('',#210,#218,#220,.T.);
#218 = VERTEX_POINT('',#219);
#219 = CARTESIAN_POINT('',(182.3325,-62.,1.51));
#220 = LINE('',#221,#222);
#221 = CARTESIAN_POINT('',(183.3325,-62.,1.51));
#222 = VECTOR('',#223,1.);
#223 = DIRECTION('',(-1.,0.,0.));
#224 = ORIENTED_EDGE('',*,*,#225,.T.);
#225 = EDGE_CURVE('',#218,#226,#228,.T.);
#226 = VERTEX_POINT('',#227);
#227 = CARTESIAN_POINT('',(182.3325,-80.,1.51));
#228 = LINE('',#229,#230);
#229 = CARTESIAN_POINT('',(182.3325,-62.,1.51));
#230 = VECTOR('',#231,1.);
#231 = DIRECTION('',(0.,-1.,0.));
#232 = ORIENTED_EDGE('',*,*,#233,.F.);
#233 = EDGE_CURVE('',#234,#226,#236,.T.);
#234 = VERTEX_POINT('',#235);
#235 = CARTESIAN_POINT('',(187.5,-80.,1.51));
#236 = LINE('',#237,#238);
#237 = CARTESIAN_POINT('',(187.5,-80.,1.51));
#238 = VECTOR('',#239,1.);
#239 = DIRECTION('',(-1.,0.,0.));
#240 = ORIENTED_EDGE('',*,*,#241,.F.);
#241 = EDGE_CURVE('',#242,#234,#244,.T.);
#242 = VERTEX_POINT('',#243);
#243 = CARTESIAN_POINT('',(189.5,-78.,1.51));
#244 = CIRCLE('',#245,2.);
#245 = AXIS2_PLACEMENT_3D('',#246,#247,#248);
#246 = CARTESIAN_POINT('',(187.5,-78.,1.51));
#247 = DIRECTION('',(-0.,-0.,-1.));
#248 = DIRECTION('',(0.,-1.,0.));
#249 = ORIENTED_EDGE('',*,*,#250,.F.);
#250 = EDGE_CURVE('',#251,#242,#253,.T.);
#251 = VERTEX_POINT('',#252);
#252 = CARTESIAN_POINT('',(189.5,-22.,1.51));
#253 = LINE('',#254,#255);
#254 = CARTESIAN_POINT('',(189.5,-22.,1.51));
#255 = VECTOR('',#256,1.);
#256 = DIRECTION('',(0.,-1.,0.));
#257 = ORIENTED_EDGE('',*,*,#258,.F.);
#258 = EDGE_CURVE('',#40,#251,#259,.T.);
#259 = CIRCLE('',#260,2.);
#260 = AXIS2_PLACEMENT_3D('',#261,#262,#263);
#261 = CARTESIAN_POINT('',(187.5,-22.,1.51));
#262 = DIRECTION('',(-0.,-0.,-1.));
#263 = DIRECTION('',(0.,-1.,0.));
#264 = PLANE('',#265);
#265 = AXIS2_PLACEMENT_3D('',#266,#267,#268);
#266 = CARTESIAN_POINT('',(123.77378027669,-48.12034709783,1.51));
#267 = DIRECTION('',(0.,0.,1.));
#268 = DIRECTION('',(1.,0.,0.));
#269 = ADVANCED_FACE('',(#270),#289,.T.);
#270 = FACE_BOUND('',#271,.F.);
#271 = EDGE_LOOP('',(#272,#273,#274,#282));
#272 = ORIENTED_EDGE('',*,*,#39,.F.);
#273 = ORIENTED_EDGE('',*,*,#258,.T.);
#274 = ORIENTED_EDGE('',*,*,#275,.F.);
#275 = EDGE_CURVE('',#276,#251,#278,.T.);
#276 = VERTEX_POINT('',#277);
#277 = CARTESIAN_POINT('',(189.5,-22.,9.61));
#278 = LINE('',#279,#280);
#279 = CARTESIAN_POINT('',(189.5,-22.,7.51));
#280 = VECTOR('',#281,1.);
#281 = DIRECTION('',(0.,0.,-1.));
#282 = ORIENTED_EDGE('',*,*,#283,.F.);
#283 = EDGE_CURVE('',#32,#276,#284,.T.);
#284 = CIRCLE('',#285,2.);
#285 = AXIS2_PLACEMENT_3D('',#286,#287,#288);
#286 = CARTESIAN_POINT('',(187.5,-22.,9.61));
#287 = DIRECTION('',(0.,0.,-1.));
#288 = DIRECTION('',(0.,1.,0.));
#289 = CYLINDRICAL_SURFACE('',#290,2.);
#290 = AXIS2_PLACEMENT_3D('',#291,#292,#293);
#291 = CARTESIAN_POINT('',(187.5,-22.,7.51));
#292 = DIRECTION('',(0.,0.,1.));
#293 = DIRECTION('',(0.,1.,0.));
#294 = ADVANCED_FACE('',(#295),#313,.T.);
#295 = FACE_BOUND('',#296,.T.);
#296 = EDGE_LOOP('',(#297,#298,#299,#307));
#297 = ORIENTED_EDGE('',*,*,#100,.F.);
#298 = ORIENTED_EDGE('',*,*,#86,.T.);
#299 = ORIENTED_EDGE('',*,*,#300,.F.);
#300 = EDGE_CURVE('',#301,#79,#303,.T.);
#301 = VERTEX_POINT('',#302);
#302 = CARTESIAN_POINT('',(174.12,-44.66,10.11));
#303 = LINE('',#304,#305);
#304 = CARTESIAN_POINT('',(166.55333333333,-37.09333333333,
    2.543333333333));
#305 = VECTOR('',#306,1.);
#306 = DIRECTION('',(-0.57735026919,0.57735026919,-0.57735026919));
#307 = ORIENTED_EDGE('',*,*,#308,.F.);
#308 = EDGE_CURVE('',#101,#301,#309,.T.);
#309 = LINE('',#310,#311);
#310 = CARTESIAN_POINT('',(174.12,-20.,10.11));
#311 = VECTOR('',#312,1.);
#312 = DIRECTION('',(0.,-1.,0.));
#313 = PLANE('',#314);
#314 = AXIS2_PLACEMENT_3D('',#315,#316,#317);
#315 = CARTESIAN_POINT('',(173.87,-20.,9.86));
#316 = DIRECTION('',(-0.707106781187,1.889513820523E-18,0.707106781187)
  );
#317 = DIRECTION('',(-1.336088035637E-18,-1.,1.336088035637E-18));
#318 = ADVANCED_FACE('',(#319),#344,.T.);
#319 = FACE_BOUND('',#320,.T.);
#320 = EDGE_LOOP('',(#321,#331,#337,#338));
#321 = ORIENTED_EDGE('',*,*,#322,.T.);
#322 = EDGE_CURVE('',#323,#325,#327,.T.);
#323 = VERTEX_POINT('',#324);
#324 = CARTESIAN_POINT('',(154.38,-44.16,7.51));
#325 = VERTEX_POINT('',#326);
#326 = CARTESIAN_POINT('',(154.38,-44.16,9.61));
#327 = LINE('',#328,#329);
#328 = CARTESIAN_POINT('',(154.38,-44.16,7.51));
#329 = VECTOR('',#330,1.);
#330 = DIRECTION('',(0.,0.,1.));
#331 = ORIENTED_EDGE('',*,*,#332,.T.);
#332 = EDGE_CURVE('',#325,#79,#333,.T.);
#333 = LINE('',#334,#335);
#334 = CARTESIAN_POINT('',(154.38,-44.16,9.61));
#335 = VECTOR('',#336,1.);
#336 = DIRECTION('',(1.,0.,0.));
#337 = ORIENTED_EDGE('',*,*,#78,.F.);
#338 = ORIENTED_EDGE('',*,*,#339,.F.);
#339 = EDGE_CURVE('',#323,#71,#340,.T.);
#340 = LINE('',#341,#342);
#341 = CARTESIAN_POINT('',(154.38,-44.16,7.51));
#342 = VECTOR('',#343,1.);
#343 = DIRECTION('',(1.,0.,0.));
#344 = PLANE('',#345);
#345 = AXIS2_PLACEMENT_3D('',#346,#347,#348);
#346 = CARTESIAN_POINT('',(164.,-44.16,8.81));
#347 = DIRECTION('',(0.,1.,0.));
#348 = DIRECTION('',(0.,0.,1.));
#349 = ADVANCED_FACE('',(#350),#368,.T.);
#350 = FACE_BOUND('',#351,.T.);
#351 = EDGE_LOOP('',(#352,#353,#354,#362));
#352 = ORIENTED_EDGE('',*,*,#70,.T.);
#353 = ORIENTED_EDGE('',*,*,#133,.T.);
#354 = ORIENTED_EDGE('',*,*,#355,.F.);
#355 = EDGE_CURVE('',#356,#134,#358,.T.);
#356 = VERTEX_POINT('',#357);
#357 = CARTESIAN_POINT('',(174.62,-44.16,7.51));
#358 = LINE('',#359,#360);
#359 = CARTESIAN_POINT('',(174.62,-44.16,7.51));
#360 = VECTOR('',#361,1.);
#361 = DIRECTION('',(0.,0.,-1.));
#362 = ORIENTED_EDGE('',*,*,#363,.F.);
#363 = EDGE_CURVE('',#71,#356,#364,.T.);
#364 = LINE('',#365,#366);
#365 = CARTESIAN_POINT('',(173.62,-44.16,7.51));
#366 = VECTOR('',#367,1.);
#367 = DIRECTION('',(1.,0.,0.));
#368 = PLANE('',#369);
#369 = AXIS2_PLACEMENT_3D('',#370,#371,#372);
#370 = CARTESIAN_POINT('',(173.62,-44.16,7.51));
#371 = DIRECTION('',(0.,-1.,0.));
#372 = DIRECTION('',(1.,0.,0.));
#373 = ADVANCED_FACE('',(#374,#604,#615,#626,#660,#671,#682),#693,.T.);
#374 = FACE_BOUND('',#375,.T.);
#375 = EDGE_LOOP('',(#376,#386,#394,#402,#410,#418,#426,#434,#442,#450,
    #459,#467,#474,#475,#476,#484,#492,#500,#508,#516,#524,#532,#541,
    #549,#558,#566,#574,#582,#590,#598));
#376 = ORIENTED_EDGE('',*,*,#377,.F.);
#377 = EDGE_CURVE('',#378,#380,#382,.T.);
#378 = VERTEX_POINT('',#379);
#379 = CARTESIAN_POINT('',(89.5,-68.,10.11));
#380 = VERTEX_POINT('',#381);
#381 = CARTESIAN_POINT('',(89.,-68.,10.11));
#382 = LINE('',#383,#384);
#383 = CARTESIAN_POINT('',(117.15864443896,-68.,10.11));
#384 = VECTOR('',#385,1.);
#385 = DIRECTION('',(-1.,-0.,-0.));
#386 = ORIENTED_EDGE('',*,*,#387,.F.);
#387 = EDGE_CURVE('',#388,#378,#390,.T.);
#388 = VERTEX_POINT('',#389);
#389 = CARTESIAN_POINT('',(150.5,-68.,10.11));
#390 = LINE('',#391,#392);
#391 = CARTESIAN_POINT('',(90.5,-68.,10.11));
#392 = VECTOR('',#393,1.);
#393 = DIRECTION('',(-1.,0.,0.));
#394 = ORIENTED_EDGE('',*,*,#395,.T.);
#395 = EDGE_CURVE('',#388,#396,#398,.T.);
#396 = VERTEX_POINT('',#397);
#397 = CARTESIAN_POINT('',(151.,-68.,10.11));
#398 = LINE('',#399,#400);
#399 = CARTESIAN_POINT('',(117.15864443896,-68.,10.11));
#400 = VECTOR('',#401,1.);
#401 = DIRECTION('',(1.,0.,0.));
#402 = ORIENTED_EDGE('',*,*,#403,.F.);
#403 = EDGE_CURVE('',#404,#396,#406,.T.);
#404 = VERTEX_POINT('',#405);
#405 = CARTESIAN_POINT('',(151.,-79.5,10.11));
#406 = LINE('',#407,#408);
#407 = CARTESIAN_POINT('',(151.,-80.,10.11));
#408 = VECTOR('',#409,1.);
#409 = DIRECTION('',(0.,1.,0.));
#410 = ORIENTED_EDGE('',*,*,#411,.F.);
#411 = EDGE_CURVE('',#412,#404,#414,.T.);
#412 = VERTEX_POINT('',#413);
#413 = CARTESIAN_POINT('',(163.4025,-79.5,10.11));
#414 = LINE('',#415,#416);
#415 = CARTESIAN_POINT('',(163.9025,-79.5,10.11));
#416 = VECTOR('',#417,1.);
#417 = DIRECTION('',(-1.,0.,0.));
#418 = ORIENTED_EDGE('',*,*,#419,.T.);
#419 = EDGE_CURVE('',#412,#420,#422,.T.);
#420 = VERTEX_POINT('',#421);
#421 = CARTESIAN_POINT('',(163.4025,-61.5,10.11));
#422 = LINE('',#423,#424);
#423 = CARTESIAN_POINT('',(163.4025,-80.,10.11));
#424 = VECTOR('',#425,1.);
#425 = DIRECTION('',(0.,1.,0.));
#426 = ORIENTED_EDGE('',*,*,#427,.T.);
#427 = EDGE_CURVE('',#420,#428,#430,.T.);
#428 = VERTEX_POINT('',#429);
#429 = CARTESIAN_POINT('',(182.8325,-61.5,10.11));
#430 = LINE('',#431,#432);
#431 = CARTESIAN_POINT('',(163.9025,-61.5,10.11));
#432 = VECTOR('',#433,1.);
#433 = DIRECTION('',(1.,0.,0.));
#434 = ORIENTED_EDGE('',*,*,#435,.T.);
#435 = EDGE_CURVE('',#428,#436,#438,.T.);
#436 = VERTEX_POINT('',#437);
#437 = CARTESIAN_POINT('',(182.8325,-79.5,10.11));
#438 = LINE('',#439,#440);
#439 = CARTESIAN_POINT('',(182.8325,-62.,10.11));
#440 = VECTOR('',#441,1.);
#441 = DIRECTION('',(0.,-1.,0.));
#442 = ORIENTED_EDGE('',*,*,#443,.F.);
#443 = EDGE_CURVE('',#444,#436,#446,.T.);
#444 = VERTEX_POINT('',#445);
#445 = CARTESIAN_POINT('',(187.5,-79.5,10.11));
#446 = LINE('',#447,#448);
#447 = CARTESIAN_POINT('',(187.5,-79.5,10.11));
#448 = VECTOR('',#449,1.);
#449 = DIRECTION('',(-1.,0.,0.));
#450 = ORIENTED_EDGE('',*,*,#451,.F.);
#451 = EDGE_CURVE('',#452,#444,#454,.T.);
#452 = VERTEX_POINT('',#453);
#453 = CARTESIAN_POINT('',(189.,-78.,10.11));
#454 = CIRCLE('',#455,1.5);
#455 = AXIS2_PLACEMENT_3D('',#456,#457,#458);
#456 = CARTESIAN_POINT('',(187.5,-78.,10.11));
#457 = DIRECTION('',(0.,0.,-1.));
#458 = DIRECTION('',(1.,0.,0.));
#459 = ORIENTED_EDGE('',*,*,#460,.F.);
#460 = EDGE_CURVE('',#461,#452,#463,.T.);
#461 = VERTEX_POINT('',#462);
#462 = CARTESIAN_POINT('',(189.,-22.,10.11));
#463 = LINE('',#464,#465);
#464 = CARTESIAN_POINT('',(189.,-22.,10.11));
#465 = VECTOR('',#466,1.);
#466 = DIRECTION('',(0.,-1.,0.));
#467 = ORIENTED_EDGE('',*,*,#468,.F.);
#468 = EDGE_CURVE('',#110,#461,#469,.T.);
#469 = CIRCLE('',#470,1.5);
#470 = AXIS2_PLACEMENT_3D('',#471,#472,#473);
#471 = CARTESIAN_POINT('',(187.5,-22.,10.11));
#472 = DIRECTION('',(0.,0.,-1.));
#473 = DIRECTION('',(0.,1.,0.));
#474 = ORIENTED_EDGE('',*,*,#117,.F.);
#475 = ORIENTED_EDGE('',*,*,#308,.T.);
#476 = ORIENTED_EDGE('',*,*,#477,.F.);
#477 = EDGE_CURVE('',#478,#301,#480,.T.);
#478 = VERTEX_POINT('',#479);
#479 = CARTESIAN_POINT('',(153.88,-44.66,10.11));
#480 = LINE('',#481,#482);
#481 = CARTESIAN_POINT('',(154.38,-44.66,10.11));
#482 = VECTOR('',#483,1.);
#483 = DIRECTION('',(1.,0.,0.));
#484 = ORIENTED_EDGE('',*,*,#485,.F.);
#485 = EDGE_CURVE('',#486,#478,#488,.T.);
#486 = VERTEX_POINT('',#487);
#487 = CARTESIAN_POINT('',(153.88,-20.5,10.11));
#488 = LINE('',#489,#490);
#489 = CARTESIAN_POINT('',(153.88,-20.,10.11));
#490 = VECTOR('',#491,1.);
#491 = DIRECTION('',(0.,-1.,0.));
#492 = ORIENTED_EDGE('',*,*,#493,.F.);
#493 = EDGE_CURVE('',#494,#486,#496,.T.);
#494 = VERTEX_POINT('',#495);
#495 = CARTESIAN_POINT('',(109.22,-20.5,10.11));
#496 = LINE('',#497,#498);
#497 = CARTESIAN_POINT('',(108.72,-20.5,10.11));
#498 = VECTOR('',#499,1.);
#499 = DIRECTION('',(1.,0.,0.));
#500 = ORIENTED_EDGE('',*,*,#501,.F.);
#501 = EDGE_CURVE('',#502,#494,#504,.T.);
#502 = VERTEX_POINT('',#503);
#503 = CARTESIAN_POINT('',(109.22,-37.,10.11));
#504 = LINE('',#505,#506);
#505 = CARTESIAN_POINT('',(109.22,-36.5,10.11));
#506 = VECTOR('',#507,1.);
#507 = DIRECTION('',(0.,1.,0.));
#508 = ORIENTED_EDGE('',*,*,#509,.F.);
#509 = EDGE_CURVE('',#510,#502,#512,.T.);
#510 = VERTEX_POINT('',#511);
#511 = CARTESIAN_POINT('',(92.78,-37.,10.11));
#512 = LINE('',#513,#514);
#513 = CARTESIAN_POINT('',(93.28,-37.,10.11));
#514 = VECTOR('',#515,1.);
#515 = DIRECTION('',(1.,0.,0.));
#516 = ORIENTED_EDGE('',*,*,#517,.F.);
#517 = EDGE_CURVE('',#518,#510,#520,.T.);
#518 = VERTEX_POINT('',#519);
#519 = CARTESIAN_POINT('',(92.78,-20.5,10.11));
#520 = LINE('',#521,#522);
#521 = CARTESIAN_POINT('',(92.78,-20.,10.11));
#522 = VECTOR('',#523,1.);
#523 = DIRECTION('',(0.,-1.,0.));
#524 = ORIENTED_EDGE('',*,*,#525,.F.);
#525 = EDGE_CURVE('',#526,#518,#528,.T.);
#526 = VERTEX_POINT('',#527);
#527 = CARTESIAN_POINT('',(52.5,-20.5,10.11));
#528 = LINE('',#529,#530);
#529 = CARTESIAN_POINT('',(52.5,-20.5,10.11));
#530 = VECTOR('',#531,1.);
#531 = DIRECTION('',(1.,0.,0.));
#532 = ORIENTED_EDGE('',*,*,#533,.F.);
#533 = EDGE_CURVE('',#534,#526,#536,.T.);
#534 = VERTEX_POINT('',#535);
#535 = CARTESIAN_POINT('',(51.,-22.,10.11));
#536 = CIRCLE('',#537,1.5);
#537 = AXIS2_PLACEMENT_3D('',#538,#539,#540);
#538 = CARTESIAN_POINT('',(52.5,-22.,10.11));
#539 = DIRECTION('',(0.,0.,-1.));
#540 = DIRECTION('',(-1.,0.,0.));
#541 = ORIENTED_EDGE('',*,*,#542,.F.);
#542 = EDGE_CURVE('',#543,#534,#545,.T.);
#543 = VERTEX_POINT('',#544);
#544 = CARTESIAN_POINT('',(51.,-78.,10.11));
#545 = LINE('',#546,#547);
#546 = CARTESIAN_POINT('',(51.,-78.,10.11));
#547 = VECTOR('',#548,1.);
#548 = DIRECTION('',(0.,1.,0.));
#549 = ORIENTED_EDGE('',*,*,#550,.F.);
#550 = EDGE_CURVE('',#551,#543,#553,.T.);
#551 = VERTEX_POINT('',#552);
#552 = CARTESIAN_POINT('',(52.5,-79.5,10.11));
#553 = CIRCLE('',#554,1.5);
#554 = AXIS2_PLACEMENT_3D('',#555,#556,#557);
#555 = CARTESIAN_POINT('',(52.5,-78.,10.11));
#556 = DIRECTION('',(-0.,-0.,-1.));
#557 = DIRECTION('',(0.,-1.,0.));
#558 = ORIENTED_EDGE('',*,*,#559,.F.);
#559 = EDGE_CURVE('',#560,#551,#562,.T.);
#560 = VERTEX_POINT('',#561);
#561 = CARTESIAN_POINT('',(57.1675,-79.5,10.11));
#562 = LINE('',#563,#564);
#563 = CARTESIAN_POINT('',(57.6675,-79.5,10.11));
#564 = VECTOR('',#565,1.);
#565 = DIRECTION('',(-1.,0.,0.));
#566 = ORIENTED_EDGE('',*,*,#567,.T.);
#567 = EDGE_CURVE('',#560,#568,#570,.T.);
#568 = VERTEX_POINT('',#569);
#569 = CARTESIAN_POINT('',(57.1675,-61.5,10.11));
#570 = LINE('',#571,#572);
#571 = CARTESIAN_POINT('',(57.1675,-80.,10.11));
#572 = VECTOR('',#573,1.);
#573 = DIRECTION('',(0.,1.,0.));
#574 = ORIENTED_EDGE('',*,*,#575,.T.);
#575 = EDGE_CURVE('',#568,#576,#578,.T.);
#576 = VERTEX_POINT('',#577);
#577 = CARTESIAN_POINT('',(76.5975,-61.5,10.11));
#578 = LINE('',#579,#580);
#579 = CARTESIAN_POINT('',(57.6675,-61.5,10.11));
#580 = VECTOR('',#581,1.);
#581 = DIRECTION('',(1.,0.,0.));
#582 = ORIENTED_EDGE('',*,*,#583,.T.);
#583 = EDGE_CURVE('',#576,#584,#586,.T.);
#584 = VERTEX_POINT('',#585);
#585 = CARTESIAN_POINT('',(76.5975,-79.5,10.11));
#586 = LINE('',#587,#588);
#587 = CARTESIAN_POINT('',(76.5975,-62.,10.11));
#588 = VECTOR('',#589,1.);
#589 = DIRECTION('',(0.,-1.,0.));
#590 = ORIENTED_EDGE('',*,*,#591,.F.);
#591 = EDGE_CURVE('',#592,#584,#594,.T.);
#592 = VERTEX_POINT('',#593);
#593 = CARTESIAN_POINT('',(89.,-79.5,10.11));
#594 = LINE('',#595,#596);
#595 = CARTESIAN_POINT('',(89.5,-79.5,10.11));
#596 = VECTOR('',#597,1.);
#597 = DIRECTION('',(-1.,0.,0.));
#598 = ORIENTED_EDGE('',*,*,#599,.F.);
#599 = EDGE_CURVE('',#380,#592,#600,.T.);
#600 = LINE('',#601,#602);
#601 = CARTESIAN_POINT('',(89.,-68.,10.11));
#602 = VECTOR('',#603,1.);
#603 = DIRECTION('',(0.,-1.,0.));
#604 = FACE_BOUND('',#605,.T.);
#605 = EDGE_LOOP('',(#606));
#606 = ORIENTED_EDGE('',*,*,#607,.F.);
#607 = EDGE_CURVE('',#608,#608,#610,.T.);
#608 = VERTEX_POINT('',#609);
#609 = CARTESIAN_POINT('',(55.1,-76.5,10.11));
#610 = CIRCLE('',#611,1.6);
#611 = AXIS2_PLACEMENT_3D('',#612,#613,#614);
#612 = CARTESIAN_POINT('',(53.5,-76.5,10.11));
#613 = DIRECTION('',(0.,0.,1.));
#614 = DIRECTION('',(1.,0.,0.));
#615 = FACE_BOUND('',#616,.T.);
#616 = EDGE_LOOP('',(#617));
#617 = ORIENTED_EDGE('',*,*,#618,.F.);
#618 = EDGE_CURVE('',#619,#619,#621,.T.);
#619 = VERTEX_POINT('',#620);
#620 = CARTESIAN_POINT('',(188.1,-76.5,10.11));
#621 = CIRCLE('',#622,1.6);
#622 = AXIS2_PLACEMENT_3D('',#623,#624,#625);
#623 = CARTESIAN_POINT('',(186.5,-76.5,10.11));
#624 = DIRECTION('',(0.,0.,1.));
#625 = DIRECTION('',(1.,0.,0.));
#626 = FACE_BOUND('',#627,.T.);
#627 = EDGE_LOOP('',(#628,#638,#646,#654));
#628 = ORIENTED_EDGE('',*,*,#629,.F.);
#629 = EDGE_CURVE('',#630,#632,#634,.T.);
#630 = VERTEX_POINT('',#631);
#631 = CARTESIAN_POINT('',(91.23,-59.25,10.11));
#632 = VERTEX_POINT('',#633);
#633 = CARTESIAN_POINT('',(91.23,-28.25,10.11));
#634 = LINE('',#635,#636);
#635 = CARTESIAN_POINT('',(91.23,-30.25,10.11));
#636 = VECTOR('',#637,1.);
#637 = DIRECTION('',(0.,1.,0.));
#638 = ORIENTED_EDGE('',*,*,#639,.F.);
#639 = EDGE_CURVE('',#640,#630,#642,.T.);
#640 = VERTEX_POINT('',#641);
#641 = CARTESIAN_POINT('',(59.23,-59.25,10.11));
#642 = LINE('',#643,#644);
#643 = CARTESIAN_POINT('',(62.23,-59.25,10.11));
#644 = VECTOR('',#645,1.);
#645 = DIRECTION('',(1.,0.,0.));
#646 = ORIENTED_EDGE('',*,*,#647,.F.);
#647 = EDGE_CURVE('',#648,#640,#650,.T.);
#648 = VERTEX_POINT('',#649);
#649 = CARTESIAN_POINT('',(59.23,-28.25,10.11));
#650 = LINE('',#651,#652);
#651 = CARTESIAN_POINT('',(59.23,-31.25,10.11));
#652 = VECTOR('',#653,1.);
#653 = DIRECTION('',(0.,-1.,0.));
#654 = ORIENTED_EDGE('',*,*,#655,.F.);
#655 = EDGE_CURVE('',#632,#648,#656,.T.);
#656 = LINE('',#657,#658);
#657 = CARTESIAN_POINT('',(62.23,-28.25,10.11));
#658 = VECTOR('',#659,1.);
#659 = DIRECTION('',(-1.,-0.,-0.));
#660 = FACE_BOUND('',#661,.T.);
#661 = EDGE_LOOP('',(#662));
#662 = ORIENTED_EDGE('',*,*,#663,.F.);
#663 = EDGE_CURVE('',#664,#664,#666,.T.);
#664 = VERTEX_POINT('',#665);
#665 = CARTESIAN_POINT('',(114.,-49.,10.11));
#666 = CIRCLE('',#667,10.);
#667 = AXIS2_PLACEMENT_3D('',#668,#669,#670);
#668 = CARTESIAN_POINT('',(104.,-49.,10.11));
#669 = DIRECTION('',(0.,0.,1.));
#670 = DIRECTION('',(1.,0.,0.));
#671 = FACE_BOUND('',#672,.T.);
#672 = EDGE_LOOP('',(#673));
#673 = ORIENTED_EDGE('',*,*,#674,.F.);
#674 = EDGE_CURVE('',#675,#675,#677,.T.);
#675 = VERTEX_POINT('',#676);
#676 = CARTESIAN_POINT('',(55.1,-23.5,10.11));
#677 = CIRCLE('',#678,1.6);
#678 = AXIS2_PLACEMENT_3D('',#679,#680,#681);
#679 = CARTESIAN_POINT('',(53.5,-23.5,10.11));
#680 = DIRECTION('',(0.,0.,1.));
#681 = DIRECTION('',(1.,0.,0.));
#682 = FACE_BOUND('',#683,.T.);
#683 = EDGE_LOOP('',(#684));
#684 = ORIENTED_EDGE('',*,*,#685,.F.);
#685 = EDGE_CURVE('',#686,#686,#688,.T.);
#686 = VERTEX_POINT('',#687);
#687 = CARTESIAN_POINT('',(188.1,-23.5,10.11));
#688 = CIRCLE('',#689,1.6);
#689 = AXIS2_PLACEMENT_3D('',#690,#691,#692);
#690 = CARTESIAN_POINT('',(186.5,-23.5,10.11));
#691 = DIRECTION('',(0.,0.,1.));
#692 = DIRECTION('',(1.,0.,0.));
#693 = PLANE('',#694);
#694 = AXIS2_PLACEMENT_3D('',#695,#696,#697);
#695 = CARTESIAN_POINT('',(114.31728887793,-49.18859749008,10.11));
#696 = DIRECTION('',(0.,0.,1.));
#697 = DIRECTION('',(1.,0.,0.));
#698 = ADVANCED_FACE('',(#699),#710,.T.);
#699 = FACE_BOUND('',#700,.F.);
#700 = EDGE_LOOP('',(#701,#702,#703,#709));
#701 = ORIENTED_EDGE('',*,*,#109,.F.);
#702 = ORIENTED_EDGE('',*,*,#283,.T.);
#703 = ORIENTED_EDGE('',*,*,#704,.T.);
#704 = EDGE_CURVE('',#276,#461,#705,.T.);
#705 = LINE('',#706,#707);
#706 = CARTESIAN_POINT('',(189.5,-22.,9.61));
#707 = VECTOR('',#708,1.);
#708 = DIRECTION('',(-0.707106781187,-4.329780281177E-17,0.707106781187)
  );
#709 = ORIENTED_EDGE('',*,*,#468,.F.);
#710 = CONICAL_SURFACE('',#711,2.,0.785398163397);
#711 = AXIS2_PLACEMENT_3D('',#712,#713,#714);
#712 = CARTESIAN_POINT('',(187.5,-22.,9.61));
#713 = DIRECTION('',(-0.,-0.,-1.));
#714 = DIRECTION('',(0.,1.,0.));
#715 = ADVANCED_FACE('',(#716),#734,.T.);
#716 = FACE_BOUND('',#717,.T.);
#717 = EDGE_LOOP('',(#718,#719,#727,#733));
#718 = ORIENTED_EDGE('',*,*,#275,.F.);
#719 = ORIENTED_EDGE('',*,*,#720,.T.);
#720 = EDGE_CURVE('',#276,#721,#723,.T.);
#721 = VERTEX_POINT('',#722);
#722 = CARTESIAN_POINT('',(189.5,-78.,9.61));
#723 = LINE('',#724,#725);
#724 = CARTESIAN_POINT('',(189.5,-22.,9.61));
#725 = VECTOR('',#726,1.);
#726 = DIRECTION('',(0.,-1.,0.));
#727 = ORIENTED_EDGE('',*,*,#728,.F.);
#728 = EDGE_CURVE('',#242,#721,#729,.T.);
#729 = LINE('',#730,#731);
#730 = CARTESIAN_POINT('',(189.5,-78.,9.11));
#731 = VECTOR('',#732,1.);
#732 = DIRECTION('',(0.,0.,1.));
#733 = ORIENTED_EDGE('',*,*,#250,.F.);
#734 = PLANE('',#735);
#735 = AXIS2_PLACEMENT_3D('',#736,#737,#738);
#736 = CARTESIAN_POINT('',(189.5,-50.,5.81));
#737 = DIRECTION('',(1.,0.,0.));
#738 = DIRECTION('',(0.,0.,1.));
#739 = ADVANCED_FACE('',(#740),#759,.T.);
#740 = FACE_BOUND('',#741,.F.);
#741 = EDGE_LOOP('',(#742,#743,#744,#752));
#742 = ORIENTED_EDGE('',*,*,#728,.F.);
#743 = ORIENTED_EDGE('',*,*,#241,.T.);
#744 = ORIENTED_EDGE('',*,*,#745,.F.);
#745 = EDGE_CURVE('',#746,#234,#748,.T.);
#746 = VERTEX_POINT('',#747);
#747 = CARTESIAN_POINT('',(187.5,-80.,9.61));
#748 = LINE('',#749,#750);
#749 = CARTESIAN_POINT('',(187.5,-80.,7.51));
#750 = VECTOR('',#751,1.);
#751 = DIRECTION('',(0.,0.,-1.));
#752 = ORIENTED_EDGE('',*,*,#753,.F.);
#753 = EDGE_CURVE('',#721,#746,#754,.T.);
#754 = CIRCLE('',#755,2.);
#755 = AXIS2_PLACEMENT_3D('',#756,#757,#758);
#756 = CARTESIAN_POINT('',(187.5,-78.,9.61));
#757 = DIRECTION('',(0.,0.,-1.));
#758 = DIRECTION('',(1.,0.,0.));
#759 = CYLINDRICAL_SURFACE('',#760,2.);
#760 = AXIS2_PLACEMENT_3D('',#761,#762,#763);
#761 = CARTESIAN_POINT('',(187.5,-78.,7.51));
#762 = DIRECTION('',(0.,0.,1.));
#763 = DIRECTION('',(1.,0.,0.));
#764 = ADVANCED_FACE('',(#765),#783,.T.);
#765 = FACE_BOUND('',#766,.T.);
#766 = EDGE_LOOP('',(#767,#768,#776,#782));
#767 = ORIENTED_EDGE('',*,*,#745,.F.);
#768 = ORIENTED_EDGE('',*,*,#769,.T.);
#769 = EDGE_CURVE('',#746,#770,#772,.T.);
#770 = VERTEX_POINT('',#771);
#771 = CARTESIAN_POINT('',(182.3325,-80.,9.61));
#772 = LINE('',#773,#774);
#773 = CARTESIAN_POINT('',(187.5,-80.,9.61));
#774 = VECTOR('',#775,1.);
#775 = DIRECTION('',(-1.,0.,0.));
#776 = ORIENTED_EDGE('',*,*,#777,.F.);
#777 = EDGE_CURVE('',#226,#770,#778,.T.);
#778 = LINE('',#779,#780);
#779 = CARTESIAN_POINT('',(182.3325,-80.,9.11));
#780 = VECTOR('',#781,1.);
#781 = DIRECTION('',(0.,0.,1.));
#782 = ORIENTED_EDGE('',*,*,#233,.F.);
#783 = PLANE('',#784);
#784 = AXIS2_PLACEMENT_3D('',#785,#786,#787);
#785 = CARTESIAN_POINT('',(184.91625,-80.,5.81));
#786 = DIRECTION('',(-0.,-1.,-0.));
#787 = DIRECTION('',(0.,0.,-1.));
#788 = ADVANCED_FACE('',(#789),#815,.T.);
#789 = FACE_BOUND('',#790,.T.);
#790 = EDGE_LOOP('',(#791,#792,#800,#808,#814));
#791 = ORIENTED_EDGE('',*,*,#777,.T.);
#792 = ORIENTED_EDGE('',*,*,#793,.F.);
#793 = EDGE_CURVE('',#794,#770,#796,.T.);
#794 = VERTEX_POINT('',#795);
#795 = CARTESIAN_POINT('',(182.3325,-62.,9.61));
#796 = LINE('',#797,#798);
#797 = CARTESIAN_POINT('',(182.3325,-62.,9.61));
#798 = VECTOR('',#799,1.);
#799 = DIRECTION('',(0.,-1.,0.));
#800 = ORIENTED_EDGE('',*,*,#801,.F.);
#801 = EDGE_CURVE('',#802,#794,#804,.T.);
#802 = VERTEX_POINT('',#803);
#803 = CARTESIAN_POINT('',(182.3325,-62.,7.51));
#804 = LINE('',#805,#806);
#805 = CARTESIAN_POINT('',(182.3325,-62.,9.11));
#806 = VECTOR('',#807,1.);
#807 = DIRECTION('',(0.,0.,1.));
#808 = ORIENTED_EDGE('',*,*,#809,.T.);
#809 = EDGE_CURVE('',#802,#218,#810,.T.);
#810 = LINE('',#811,#812);
#811 = CARTESIAN_POINT('',(182.3325,-62.,7.51));
#812 = VECTOR('',#813,1.);
#813 = DIRECTION('',(0.,0.,-1.));
#814 = ORIENTED_EDGE('',*,*,#225,.T.);
#815 = PLANE('',#816);
#816 = AXIS2_PLACEMENT_3D('',#817,#818,#819);
#817 = CARTESIAN_POINT('',(182.3325,-71.,5.81));
#818 = DIRECTION('',(-1.,-0.,-0.));
#819 = DIRECTION('',(0.,0.,-1.));
#820 = ADVANCED_FACE('',(#821),#839,.T.);
#821 = FACE_BOUND('',#822,.T.);
#822 = EDGE_LOOP('',(#823,#831,#832,#833));
#823 = ORIENTED_EDGE('',*,*,#824,.T.);
#824 = EDGE_CURVE('',#825,#210,#827,.T.);
#825 = VERTEX_POINT('',#826);
#826 = CARTESIAN_POINT('',(183.3325,-62.,7.51));
#827 = LINE('',#828,#829);
#828 = CARTESIAN_POINT('',(183.3325,-62.,7.51));
#829 = VECTOR('',#830,1.);
#830 = DIRECTION('',(0.,0.,-1.));
#831 = ORIENTED_EDGE('',*,*,#217,.T.);
#832 = ORIENTED_EDGE('',*,*,#809,.F.);
#833 = ORIENTED_EDGE('',*,*,#834,.F.);
#834 = EDGE_CURVE('',#825,#802,#835,.T.);
#835 = LINE('',#836,#837);
#836 = CARTESIAN_POINT('',(183.3325,-62.,7.51));
#837 = VECTOR('',#838,1.);
#838 = DIRECTION('',(-1.,0.,0.));
#839 = PLANE('',#840);
#840 = AXIS2_PLACEMENT_3D('',#841,#842,#843);
#841 = CARTESIAN_POINT('',(183.3325,-62.,7.51));
#842 = DIRECTION('',(0.,1.,0.));
#843 = DIRECTION('',(-1.,0.,0.));
#844 = ADVANCED_FACE('',(#845),#863,.T.);
#845 = FACE_BOUND('',#846,.T.);
#846 = EDGE_LOOP('',(#847,#855,#856,#857));
#847 = ORIENTED_EDGE('',*,*,#848,.T.);
#848 = EDGE_CURVE('',#849,#202,#851,.T.);
#849 = VERTEX_POINT('',#850);
#850 = CARTESIAN_POINT('',(183.3325,-79.,7.51));
#851 = LINE('',#852,#853);
#852 = CARTESIAN_POINT('',(183.3325,-79.,7.51));
#853 = VECTOR('',#854,1.);
#854 = DIRECTION('',(0.,0.,-1.));
#855 = ORIENTED_EDGE('',*,*,#209,.T.);
#856 = ORIENTED_EDGE('',*,*,#824,.F.);
#857 = ORIENTED_EDGE('',*,*,#858,.F.);
#858 = EDGE_CURVE('',#849,#825,#859,.T.);
#859 = LINE('',#860,#861);
#860 = CARTESIAN_POINT('',(183.3325,-79.,7.51));
#861 = VECTOR('',#862,1.);
#862 = DIRECTION('',(0.,1.,0.));
#863 = PLANE('',#864);
#864 = AXIS2_PLACEMENT_3D('',#865,#866,#867);
#865 = CARTESIAN_POINT('',(183.3325,-79.,7.51));
#866 = DIRECTION('',(1.,0.,0.));
#867 = DIRECTION('',(0.,1.,0.));
#868 = ADVANCED_FACE('',(#869),#887,.T.);
#869 = FACE_BOUND('',#870,.T.);
#870 = EDGE_LOOP('',(#871,#879,#885,#886));
#871 = ORIENTED_EDGE('',*,*,#872,.F.);
#872 = EDGE_CURVE('',#873,#849,#875,.T.);
#873 = VERTEX_POINT('',#874);
#874 = CARTESIAN_POINT('',(185.13160678165,-79.,7.51));
#875 = LINE('',#876,#877);
#876 = CARTESIAN_POINT('',(187.5,-79.,7.51));
#877 = VECTOR('',#878,1.);
#878 = DIRECTION('',(-1.,0.,0.));
#879 = ORIENTED_EDGE('',*,*,#880,.F.);
#880 = EDGE_CURVE('',#193,#873,#881,.T.);
#881 = LINE('',#882,#883);
#882 = CARTESIAN_POINT('',(185.13160678166,-79.,7.51));
#883 = VECTOR('',#884,1.);
#884 = DIRECTION('',(0.,0.,1.));
#885 = ORIENTED_EDGE('',*,*,#201,.T.);
#886 = ORIENTED_EDGE('',*,*,#848,.F.);
#887 = PLANE('',#888);
#888 = AXIS2_PLACEMENT_3D('',#889,#890,#891);
#889 = CARTESIAN_POINT('',(187.5,-79.,7.51));
#890 = DIRECTION('',(0.,1.,0.));
#891 = DIRECTION('',(-1.,0.,0.));
#892 = ADVANCED_FACE('',(#893),#929,.T.);
#893 = FACE_BOUND('',#894,.F.);
#894 = EDGE_LOOP('',(#895,#896,#904,#911,#912,#913,#921,#928));
#895 = ORIENTED_EDGE('',*,*,#192,.T.);
#896 = ORIENTED_EDGE('',*,*,#897,.T.);
#897 = EDGE_CURVE('',#184,#898,#900,.T.);
#898 = VERTEX_POINT('',#899);
#899 = CARTESIAN_POINT('',(189.35,-76.5,1.31));
#900 = LINE('',#901,#902);
#901 = CARTESIAN_POINT('',(189.35,-76.5,7.51));
#902 = VECTOR('',#903,1.);
#903 = DIRECTION('',(0.,0.,-1.));
#904 = ORIENTED_EDGE('',*,*,#905,.T.);
#905 = EDGE_CURVE('',#898,#898,#906,.T.);
#906 = CIRCLE('',#907,2.85);
#907 = AXIS2_PLACEMENT_3D('',#908,#909,#910);
#908 = CARTESIAN_POINT('',(186.5,-76.5,1.31));
#909 = DIRECTION('',(0.,0.,-1.));
#910 = DIRECTION('',(1.,0.,0.));
#911 = ORIENTED_EDGE('',*,*,#897,.F.);
#912 = ORIENTED_EDGE('',*,*,#183,.T.);
#913 = ORIENTED_EDGE('',*,*,#914,.T.);
#914 = EDGE_CURVE('',#176,#915,#917,.T.);
#915 = VERTEX_POINT('',#916);
#916 = CARTESIAN_POINT('',(188.5,-74.46960594957,7.51));
#917 = LINE('',#918,#919);
#918 = CARTESIAN_POINT('',(188.5,-74.46960594957,7.51));
#919 = VECTOR('',#920,1.);
#920 = DIRECTION('',(0.,0.,1.));
#921 = ORIENTED_EDGE('',*,*,#922,.F.);
#922 = EDGE_CURVE('',#873,#915,#923,.T.);
#923 = CIRCLE('',#924,2.85);
#924 = AXIS2_PLACEMENT_3D('',#925,#926,#927);
#925 = CARTESIAN_POINT('',(186.5,-76.5,7.51));
#926 = DIRECTION('',(0.,0.,-1.));
#927 = DIRECTION('',(1.,0.,0.));
#928 = ORIENTED_EDGE('',*,*,#880,.F.);
#929 = CYLINDRICAL_SURFACE('',#930,2.85);
#930 = AXIS2_PLACEMENT_3D('',#931,#932,#933);
#931 = CARTESIAN_POINT('',(186.5,-76.5,7.51));
#932 = DIRECTION('',(0.,0.,1.));
#933 = DIRECTION('',(1.,0.,0.));
#934 = ADVANCED_FACE('',(#935),#953,.T.);
#935 = FACE_BOUND('',#936,.T.);
#936 = EDGE_LOOP('',(#937,#945,#951,#952));
#937 = ORIENTED_EDGE('',*,*,#938,.F.);
#938 = EDGE_CURVE('',#939,#915,#941,.T.);
#939 = VERTEX_POINT('',#940);
#940 = CARTESIAN_POINT('',(188.5,-25.53039405042,7.51));
#941 = LINE('',#942,#943);
#942 = CARTESIAN_POINT('',(188.5,-22.,7.51));
#943 = VECTOR('',#944,1.);
#944 = DIRECTION('',(0.,-1.,0.));
#945 = ORIENTED_EDGE('',*,*,#946,.F.);
#946 = EDGE_CURVE('',#167,#939,#947,.T.);
#947 = LINE('',#948,#949);
#948 = CARTESIAN_POINT('',(188.5,-25.53039405042,7.51));
#949 = VECTOR('',#950,1.);
#950 = DIRECTION('',(0.,0.,1.));
#951 = ORIENTED_EDGE('',*,*,#175,.T.);
#952 = ORIENTED_EDGE('',*,*,#914,.T.);
#953 = PLANE('',#954);
#954 = AXIS2_PLACEMENT_3D('',#955,#956,#957);
#955 = CARTESIAN_POINT('',(188.5,-22.,7.51));
#956 = DIRECTION('',(-1.,-0.,-0.));
#957 = DIRECTION('',(0.,-1.,0.));
#958 = ADVANCED_FACE('',(#959),#995,.T.);
#959 = FACE_BOUND('',#960,.F.);
#960 = EDGE_LOOP('',(#961,#962,#970,#977,#978,#979,#987,#994));
#961 = ORIENTED_EDGE('',*,*,#166,.T.);
#962 = ORIENTED_EDGE('',*,*,#963,.T.);
#963 = EDGE_CURVE('',#158,#964,#966,.T.);
#964 = VERTEX_POINT('',#965);
#965 = CARTESIAN_POINT('',(189.35,-23.5,1.31));
#966 = LINE('',#967,#968);
#967 = CARTESIAN_POINT('',(189.35,-23.5,7.51));
#968 = VECTOR('',#969,1.);
#969 = DIRECTION('',(0.,0.,-1.));
#970 = ORIENTED_EDGE('',*,*,#971,.T.);
#971 = EDGE_CURVE('',#964,#964,#972,.T.);
#972 = CIRCLE('',#973,2.85);
#973 = AXIS2_PLACEMENT_3D('',#974,#975,#976);
#974 = CARTESIAN_POINT('',(186.5,-23.5,1.31));
#975 = DIRECTION('',(0.,0.,-1.));
#976 = DIRECTION('',(1.,0.,0.));
#977 = ORIENTED_EDGE('',*,*,#963,.F.);
#978 = ORIENTED_EDGE('',*,*,#157,.T.);
#979 = ORIENTED_EDGE('',*,*,#980,.T.);
#980 = EDGE_CURVE('',#150,#981,#983,.T.);
#981 = VERTEX_POINT('',#982);
#982 = CARTESIAN_POINT('',(185.13160678165,-21.,7.51));
#983 = LINE('',#984,#985);
#984 = CARTESIAN_POINT('',(185.13160678166,-21.,7.51));
#985 = VECTOR('',#986,1.);
#986 = DIRECTION('',(0.,0.,1.));
#987 = ORIENTED_EDGE('',*,*,#988,.F.);
#988 = EDGE_CURVE('',#939,#981,#989,.T.);
#989 = CIRCLE('',#990,2.85);
#990 = AXIS2_PLACEMENT_3D('',#991,#992,#993);
#991 = CARTESIAN_POINT('',(186.5,-23.5,7.51));
#992 = DIRECTION('',(0.,0.,-1.));
#993 = DIRECTION('',(1.,0.,0.));
#994 = ORIENTED_EDGE('',*,*,#946,.F.);
#995 = CYLINDRICAL_SURFACE('',#996,2.85);
#996 = AXIS2_PLACEMENT_3D('',#997,#998,#999);
#997 = CARTESIAN_POINT('',(186.5,-23.5,7.51));
#998 = DIRECTION('',(0.,0.,1.));
#999 = DIRECTION('',(1.,0.,0.));
#1000 = ADVANCED_FACE('',(#1001),#1019,.T.);
#1001 = FACE_BOUND('',#1002,.T.);
#1002 = EDGE_LOOP('',(#1003,#1011,#1017,#1018));
#1003 = ORIENTED_EDGE('',*,*,#1004,.F.);
#1004 = EDGE_CURVE('',#1005,#981,#1007,.T.);
#1005 = VERTEX_POINT('',#1006);
#1006 = CARTESIAN_POINT('',(174.62,-21.,7.51));
#1007 = LINE('',#1008,#1009);
#1008 = CARTESIAN_POINT('',(174.62,-21.,7.51));
#1009 = VECTOR('',#1010,1.);
#1010 = DIRECTION('',(1.,0.,0.));
#1011 = ORIENTED_EDGE('',*,*,#1012,.T.);
#1012 = EDGE_CURVE('',#1005,#142,#1013,.T.);
#1013 = LINE('',#1014,#1015);
#1014 = CARTESIAN_POINT('',(174.62,-21.,7.51));
#1015 = VECTOR('',#1016,1.);
#1016 = DIRECTION('',(0.,0.,-1.));
#1017 = ORIENTED_EDGE('',*,*,#149,.T.);
#1018 = ORIENTED_EDGE('',*,*,#980,.T.);
#1019 = PLANE('',#1020);
#1020 = AXIS2_PLACEMENT_3D('',#1021,#1022,#1023);
#1021 = CARTESIAN_POINT('',(174.62,-21.,7.51));
#1022 = DIRECTION('',(0.,-1.,0.));
#1023 = DIRECTION('',(1.,0.,0.));
#1024 = ADVANCED_FACE('',(#1025),#1036,.T.);
#1025 = FACE_BOUND('',#1026,.T.);
#1026 = EDGE_LOOP('',(#1027,#1028,#1029,#1030));
#1027 = ORIENTED_EDGE('',*,*,#355,.T.);
#1028 = ORIENTED_EDGE('',*,*,#141,.T.);
#1029 = ORIENTED_EDGE('',*,*,#1012,.F.);
#1030 = ORIENTED_EDGE('',*,*,#1031,.F.);
#1031 = EDGE_CURVE('',#356,#1005,#1032,.T.);
#1032 = LINE('',#1033,#1034);
#1033 = CARTESIAN_POINT('',(174.62,-44.16,7.51));
#1034 = VECTOR('',#1035,1.);
#1035 = DIRECTION('',(0.,1.,0.));
#1036 = PLANE('',#1037);
#1037 = AXIS2_PLACEMENT_3D('',#1038,#1039,#1040);
#1038 = CARTESIAN_POINT('',(174.62,-44.16,7.51));
#1039 = DIRECTION('',(1.,0.,0.));
#1040 = DIRECTION('',(0.,1.,0.));
#1041 = ADVANCED_FACE('',(#1042),#1053,.T.);
#1042 = FACE_BOUND('',#1043,.T.);
#1043 = EDGE_LOOP('',(#1044,#1050,#1051,#1052));
#1044 = ORIENTED_EDGE('',*,*,#1045,.F.);
#1045 = EDGE_CURVE('',#478,#325,#1046,.T.);
#1046 = LINE('',#1047,#1048);
#1047 = CARTESIAN_POINT('',(158.24,-40.3,5.75));
#1048 = VECTOR('',#1049,1.);
#1049 = DIRECTION('',(0.57735026919,0.57735026919,-0.57735026919));
#1050 = ORIENTED_EDGE('',*,*,#477,.T.);
#1051 = ORIENTED_EDGE('',*,*,#300,.T.);
#1052 = ORIENTED_EDGE('',*,*,#332,.F.);
#1053 = PLANE('',#1054);
#1054 = AXIS2_PLACEMENT_3D('',#1055,#1056,#1057);
#1055 = CARTESIAN_POINT('',(154.38,-44.41,9.86));
#1056 = DIRECTION('',(-1.889513820523E-18,0.707106781187,0.707106781187)
  );
#1057 = DIRECTION('',(1.,1.336088035637E-18,1.336088035637E-18));
#1058 = ADVANCED_FACE('',(#1059),#1092,.T.);
#1059 = FACE_BOUND('',#1060,.T.);
#1060 = EDGE_LOOP('',(#1061,#1071,#1077,#1078,#1086));
#1061 = ORIENTED_EDGE('',*,*,#1062,.T.);
#1062 = EDGE_CURVE('',#1063,#1065,#1067,.T.);
#1063 = VERTEX_POINT('',#1064);
#1064 = CARTESIAN_POINT('',(154.38,-20.,1.51));
#1065 = VERTEX_POINT('',#1066);
#1066 = CARTESIAN_POINT('',(154.38,-20.,9.61));
#1067 = LINE('',#1068,#1069);
#1068 = CARTESIAN_POINT('',(154.38,-20.,9.11));
#1069 = VECTOR('',#1070,1.);
#1070 = DIRECTION('',(0.,0.,1.));
#1071 = ORIENTED_EDGE('',*,*,#1072,.T.);
#1072 = EDGE_CURVE('',#1065,#325,#1073,.T.);
#1073 = LINE('',#1074,#1075);
#1074 = CARTESIAN_POINT('',(154.38,-20.,9.61));
#1075 = VECTOR('',#1076,1.);
#1076 = DIRECTION('',(0.,-1.,0.));
#1077 = ORIENTED_EDGE('',*,*,#322,.F.);
#1078 = ORIENTED_EDGE('',*,*,#1079,.T.);
#1079 = EDGE_CURVE('',#323,#1080,#1082,.T.);
#1080 = VERTEX_POINT('',#1081);
#1081 = CARTESIAN_POINT('',(154.38,-44.16,1.51));
#1082 = LINE('',#1083,#1084);
#1083 = CARTESIAN_POINT('',(154.38,-44.16,7.51));
#1084 = VECTOR('',#1085,1.);
#1085 = DIRECTION('',(0.,0.,-1.));
#1086 = ORIENTED_EDGE('',*,*,#1087,.F.);
#1087 = EDGE_CURVE('',#1063,#1080,#1088,.T.);
#1088 = LINE('',#1089,#1090);
#1089 = CARTESIAN_POINT('',(154.38,-20.,1.51));
#1090 = VECTOR('',#1091,1.);
#1091 = DIRECTION('',(0.,-1.,0.));
#1092 = PLANE('',#1093);
#1093 = AXIS2_PLACEMENT_3D('',#1094,#1095,#1096);
#1094 = CARTESIAN_POINT('',(154.38,-32.08,5.81));
#1095 = DIRECTION('',(1.,0.,0.));
#1096 = DIRECTION('',(0.,0.,1.));
#1097 = ADVANCED_FACE('',(#1098,#1480,#1491),#1525,.F.);
#1098 = FACE_BOUND('',#1099,.F.);
#1099 = EDGE_LOOP('',(#1100,#1101,#1102,#1110,#1118,#1126,#1134,#1142,
    #1150,#1158,#1166,#1174,#1183,#1192,#1200,#1209,#1218,#1226,#1234,
    #1242,#1250,#1258,#1266,#1274,#1282,#1290,#1298,#1306,#1314,#1322,
    #1330,#1338,#1346,#1354,#1362,#1370,#1378,#1386,#1394,#1402,#1410,
    #1418,#1426,#1434,#1442,#1450,#1458,#1466,#1472,#1473,#1474,#1475,
    #1476,#1477,#1478,#1479));
#1100 = ORIENTED_EDGE('',*,*,#363,.F.);
#1101 = ORIENTED_EDGE('',*,*,#339,.F.);
#1102 = ORIENTED_EDGE('',*,*,#1103,.T.);
#1103 = EDGE_CURVE('',#323,#1104,#1106,.T.);
#1104 = VERTEX_POINT('',#1105);
#1105 = CARTESIAN_POINT('',(153.38,-44.16,7.51));
#1106 = LINE('',#1107,#1108);
#1107 = CARTESIAN_POINT('',(154.38,-44.16,7.51));
#1108 = VECTOR('',#1109,1.);
#1109 = DIRECTION('',(-1.,0.,0.));
#1110 = ORIENTED_EDGE('',*,*,#1111,.T.);
#1111 = EDGE_CURVE('',#1104,#1112,#1114,.T.);
#1112 = VERTEX_POINT('',#1113);
#1113 = CARTESIAN_POINT('',(153.38,-28.,7.51));
#1114 = LINE('',#1115,#1116);
#1115 = CARTESIAN_POINT('',(153.38,-44.16,7.51));
#1116 = VECTOR('',#1117,1.);
#1117 = DIRECTION('',(0.,1.,0.));
#1118 = ORIENTED_EDGE('',*,*,#1119,.F.);
#1119 = EDGE_CURVE('',#1120,#1112,#1122,.T.);
#1120 = VERTEX_POINT('',#1121);
#1121 = CARTESIAN_POINT('',(126.9899995,-28.,7.51));
#1122 = LINE('',#1123,#1124);
#1123 = CARTESIAN_POINT('',(126.9899995,-28.,7.51));
#1124 = VECTOR('',#1125,1.);
#1125 = DIRECTION('',(1.,0.,0.));
#1126 = ORIENTED_EDGE('',*,*,#1127,.F.);
#1127 = EDGE_CURVE('',#1128,#1120,#1130,.T.);
#1128 = VERTEX_POINT('',#1129);
#1129 = CARTESIAN_POINT('',(126.9899995,-21.,7.51));
#1130 = LINE('',#1131,#1132);
#1131 = CARTESIAN_POINT('',(126.9899995,-21.,7.51));
#1132 = VECTOR('',#1133,1.);
#1133 = DIRECTION('',(0.,-1.,2.2E-16));
#1134 = ORIENTED_EDGE('',*,*,#1135,.F.);
#1135 = EDGE_CURVE('',#1136,#1128,#1138,.T.);
#1136 = VERTEX_POINT('',#1137);
#1137 = CARTESIAN_POINT('',(108.72,-21.,7.51));
#1138 = LINE('',#1139,#1140);
#1139 = CARTESIAN_POINT('',(108.72,-21.,7.51));
#1140 = VECTOR('',#1141,1.);
#1141 = DIRECTION('',(1.,0.,0.));
#1142 = ORIENTED_EDGE('',*,*,#1143,.F.);
#1143 = EDGE_CURVE('',#1144,#1136,#1146,.T.);
#1144 = VERTEX_POINT('',#1145);
#1145 = CARTESIAN_POINT('',(108.72,-36.5,7.51));
#1146 = LINE('',#1147,#1148);
#1147 = CARTESIAN_POINT('',(108.72,-36.5,7.51));
#1148 = VECTOR('',#1149,1.);
#1149 = DIRECTION('',(0.,1.,0.));
#1150 = ORIENTED_EDGE('',*,*,#1151,.F.);
#1151 = EDGE_CURVE('',#1152,#1144,#1154,.T.);
#1152 = VERTEX_POINT('',#1153);
#1153 = CARTESIAN_POINT('',(93.28,-36.5,7.51));
#1154 = LINE('',#1155,#1156);
#1155 = CARTESIAN_POINT('',(93.28,-36.5,7.51));
#1156 = VECTOR('',#1157,1.);
#1157 = DIRECTION('',(1.,0.,0.));
#1158 = ORIENTED_EDGE('',*,*,#1159,.F.);
#1159 = EDGE_CURVE('',#1160,#1152,#1162,.T.);
#1160 = VERTEX_POINT('',#1161);
#1161 = CARTESIAN_POINT('',(93.28,-21.,7.51));
#1162 = LINE('',#1163,#1164);
#1163 = CARTESIAN_POINT('',(93.28,-20.,7.51));
#1164 = VECTOR('',#1165,1.);
#1165 = DIRECTION('',(0.,-1.,0.));
#1166 = ORIENTED_EDGE('',*,*,#1167,.F.);
#1167 = EDGE_CURVE('',#1168,#1160,#1170,.T.);
#1168 = VERTEX_POINT('',#1169);
#1169 = CARTESIAN_POINT('',(54.86839321834,-21.,7.51));
#1170 = LINE('',#1171,#1172);
#1171 = CARTESIAN_POINT('',(52.5,-21.,7.51));
#1172 = VECTOR('',#1173,1.);
#1173 = DIRECTION('',(1.,0.,0.));
#1174 = ORIENTED_EDGE('',*,*,#1175,.T.);
#1175 = EDGE_CURVE('',#1168,#1176,#1178,.T.);
#1176 = VERTEX_POINT('',#1177);
#1177 = CARTESIAN_POINT('',(56.35,-23.5,7.51));
#1178 = CIRCLE('',#1179,2.85);
#1179 = AXIS2_PLACEMENT_3D('',#1180,#1181,#1182);
#1180 = CARTESIAN_POINT('',(53.5,-23.5,7.51));
#1181 = DIRECTION('',(0.,0.,-1.));
#1182 = DIRECTION('',(1.,0.,0.));
#1183 = ORIENTED_EDGE('',*,*,#1184,.T.);
#1184 = EDGE_CURVE('',#1176,#1185,#1187,.T.);
#1185 = VERTEX_POINT('',#1186);
#1186 = CARTESIAN_POINT('',(51.5,-25.53039405042,7.51));
#1187 = CIRCLE('',#1188,2.85);
#1188 = AXIS2_PLACEMENT_3D('',#1189,#1190,#1191);
#1189 = CARTESIAN_POINT('',(53.5,-23.5,7.51));
#1190 = DIRECTION('',(0.,0.,-1.));
#1191 = DIRECTION('',(1.,0.,0.));
#1192 = ORIENTED_EDGE('',*,*,#1193,.F.);
#1193 = EDGE_CURVE('',#1194,#1185,#1196,.T.);
#1194 = VERTEX_POINT('',#1195);
#1195 = CARTESIAN_POINT('',(51.5,-74.46960594957,7.51));
#1196 = LINE('',#1197,#1198);
#1197 = CARTESIAN_POINT('',(51.5,-78.,7.51));
#1198 = VECTOR('',#1199,1.);
#1199 = DIRECTION('',(0.,1.,0.));
#1200 = ORIENTED_EDGE('',*,*,#1201,.T.);
#1201 = EDGE_CURVE('',#1194,#1202,#1204,.T.);
#1202 = VERTEX_POINT('',#1203);
#1203 = CARTESIAN_POINT('',(56.35,-76.5,7.51));
#1204 = CIRCLE('',#1205,2.85);
#1205 = AXIS2_PLACEMENT_3D('',#1206,#1207,#1208);
#1206 = CARTESIAN_POINT('',(53.5,-76.5,7.51));
#1207 = DIRECTION('',(0.,0.,-1.));
#1208 = DIRECTION('',(1.,0.,0.));
#1209 = ORIENTED_EDGE('',*,*,#1210,.T.);
#1210 = EDGE_CURVE('',#1202,#1211,#1213,.T.);
#1211 = VERTEX_POINT('',#1212);
#1212 = CARTESIAN_POINT('',(54.86839321834,-79.,7.51));
#1213 = CIRCLE('',#1214,2.85);
#1214 = AXIS2_PLACEMENT_3D('',#1215,#1216,#1217);
#1215 = CARTESIAN_POINT('',(53.5,-76.5,7.51));
#1216 = DIRECTION('',(0.,0.,-1.));
#1217 = DIRECTION('',(1.,0.,0.));
#1218 = ORIENTED_EDGE('',*,*,#1219,.F.);
#1219 = EDGE_CURVE('',#1220,#1211,#1222,.T.);
#1220 = VERTEX_POINT('',#1221);
#1221 = CARTESIAN_POINT('',(56.6675,-79.,7.51));
#1222 = LINE('',#1223,#1224);
#1223 = CARTESIAN_POINT('',(56.6675,-79.,7.51));
#1224 = VECTOR('',#1225,1.);
#1225 = DIRECTION('',(-1.,0.,0.));
#1226 = ORIENTED_EDGE('',*,*,#1227,.T.);
#1227 = EDGE_CURVE('',#1220,#1228,#1230,.T.);
#1228 = VERTEX_POINT('',#1229);
#1229 = CARTESIAN_POINT('',(56.6675,-62.,7.51));
#1230 = LINE('',#1231,#1232);
#1231 = CARTESIAN_POINT('',(56.6675,-79.,7.51));
#1232 = VECTOR('',#1233,1.);
#1233 = DIRECTION('',(0.,1.,0.));
#1234 = ORIENTED_EDGE('',*,*,#1235,.F.);
#1235 = EDGE_CURVE('',#1236,#1228,#1238,.T.);
#1236 = VERTEX_POINT('',#1237);
#1237 = CARTESIAN_POINT('',(57.6675,-62.,7.51));
#1238 = LINE('',#1239,#1240);
#1239 = CARTESIAN_POINT('',(57.6675,-62.,7.51));
#1240 = VECTOR('',#1241,1.);
#1241 = DIRECTION('',(-1.,0.,0.));
#1242 = ORIENTED_EDGE('',*,*,#1243,.T.);
#1243 = EDGE_CURVE('',#1236,#1244,#1246,.T.);
#1244 = VERTEX_POINT('',#1245);
#1245 = CARTESIAN_POINT('',(76.0975,-62.,7.51));
#1246 = LINE('',#1247,#1248);
#1247 = CARTESIAN_POINT('',(57.6675,-62.,7.51));
#1248 = VECTOR('',#1249,1.);
#1249 = DIRECTION('',(1.,0.,0.));
#1250 = ORIENTED_EDGE('',*,*,#1251,.T.);
#1251 = EDGE_CURVE('',#1244,#1252,#1254,.T.);
#1252 = VERTEX_POINT('',#1253);
#1253 = CARTESIAN_POINT('',(77.0975,-62.,7.51));
#1254 = LINE('',#1255,#1256);
#1255 = CARTESIAN_POINT('',(76.0975,-62.,7.51));
#1256 = VECTOR('',#1257,1.);
#1257 = DIRECTION('',(1.,0.,0.));
#1258 = ORIENTED_EDGE('',*,*,#1259,.T.);
#1259 = EDGE_CURVE('',#1252,#1260,#1262,.T.);
#1260 = VERTEX_POINT('',#1261);
#1261 = CARTESIAN_POINT('',(77.0975,-79.,7.51));
#1262 = LINE('',#1263,#1264);
#1263 = CARTESIAN_POINT('',(77.0975,-62.,7.51));
#1264 = VECTOR('',#1265,1.);
#1265 = DIRECTION('',(0.,-1.,0.));
#1266 = ORIENTED_EDGE('',*,*,#1267,.T.);
#1267 = EDGE_CURVE('',#1260,#1268,#1270,.T.);
#1268 = VERTEX_POINT('',#1269);
#1269 = CARTESIAN_POINT('',(88.5,-79.,7.51));
#1270 = LINE('',#1271,#1272);
#1271 = CARTESIAN_POINT('',(77.0975,-79.,7.51));
#1272 = VECTOR('',#1273,1.);
#1273 = DIRECTION('',(1.,0.,0.));
#1274 = ORIENTED_EDGE('',*,*,#1275,.F.);
#1275 = EDGE_CURVE('',#1276,#1268,#1278,.T.);
#1276 = VERTEX_POINT('',#1277);
#1277 = CARTESIAN_POINT('',(88.5,-68.,7.51));
#1278 = LINE('',#1279,#1280);
#1279 = CARTESIAN_POINT('',(88.5,-68.,7.51));
#1280 = VECTOR('',#1281,1.);
#1281 = DIRECTION('',(0.,-1.,0.));
#1282 = ORIENTED_EDGE('',*,*,#1283,.F.);
#1283 = EDGE_CURVE('',#1284,#1276,#1286,.T.);
#1284 = VERTEX_POINT('',#1285);
#1285 = CARTESIAN_POINT('',(89.5,-68.,7.51));
#1286 = LINE('',#1287,#1288);
#1287 = CARTESIAN_POINT('',(89.5,-68.,7.51));
#1288 = VECTOR('',#1289,1.);
#1289 = DIRECTION('',(-1.,0.,0.));
#1290 = ORIENTED_EDGE('',*,*,#1291,.F.);
#1291 = EDGE_CURVE('',#1292,#1284,#1294,.T.);
#1292 = VERTEX_POINT('',#1293);
#1293 = CARTESIAN_POINT('',(90.5,-68.,7.51));
#1294 = LINE('',#1295,#1296);
#1295 = CARTESIAN_POINT('',(102.40864443896,-68.,7.51));
#1296 = VECTOR('',#1297,1.);
#1297 = DIRECTION('',(-1.,0.,0.));
#1298 = ORIENTED_EDGE('',*,*,#1299,.F.);
#1299 = EDGE_CURVE('',#1300,#1292,#1302,.T.);
#1300 = VERTEX_POINT('',#1301);
#1301 = CARTESIAN_POINT('',(90.5,-80.,7.51));
#1302 = LINE('',#1303,#1304);
#1303 = CARTESIAN_POINT('',(90.5,-64.59429874504,7.51));
#1304 = VECTOR('',#1305,1.);
#1305 = DIRECTION('',(0.,1.,0.));
#1306 = ORIENTED_EDGE('',*,*,#1307,.F.);
#1307 = EDGE_CURVE('',#1308,#1300,#1310,.T.);
#1308 = VERTEX_POINT('',#1309);
#1309 = CARTESIAN_POINT('',(104.5,-80.,7.51));
#1310 = LINE('',#1311,#1312);
#1311 = CARTESIAN_POINT('',(163.9025,-80.,7.51));
#1312 = VECTOR('',#1313,1.);
#1313 = DIRECTION('',(-1.,0.,0.));
#1314 = ORIENTED_EDGE('',*,*,#1315,.F.);
#1315 = EDGE_CURVE('',#1316,#1308,#1318,.T.);
#1316 = VERTEX_POINT('',#1317);
#1317 = CARTESIAN_POINT('',(104.5,-68.,7.51));
#1318 = LINE('',#1319,#1320);
#1319 = CARTESIAN_POINT('',(104.5,-58.59429874504,7.51));
#1320 = VECTOR('',#1321,1.);
#1321 = DIRECTION('',(0.,-1.,0.));
#1322 = ORIENTED_EDGE('',*,*,#1323,.F.);
#1323 = EDGE_CURVE('',#1324,#1316,#1326,.T.);
#1324 = VERTEX_POINT('',#1325);
#1325 = CARTESIAN_POINT('',(105.5,-68.,7.51));
#1326 = LINE('',#1327,#1328);
#1327 = CARTESIAN_POINT('',(109.90864443896,-68.,7.51));
#1328 = VECTOR('',#1329,1.);
#1329 = DIRECTION('',(-1.,0.,0.));
#1330 = ORIENTED_EDGE('',*,*,#1331,.F.);
#1331 = EDGE_CURVE('',#1332,#1324,#1334,.T.);
#1332 = VERTEX_POINT('',#1333);
#1333 = CARTESIAN_POINT('',(105.5,-80.,7.51));
#1334 = LINE('',#1335,#1336);
#1335 = CARTESIAN_POINT('',(105.5,-64.59429874504,7.51));
#1336 = VECTOR('',#1337,1.);
#1337 = DIRECTION('',(0.,1.,0.));
#1338 = ORIENTED_EDGE('',*,*,#1339,.F.);
#1339 = EDGE_CURVE('',#1340,#1332,#1342,.T.);
#1340 = VERTEX_POINT('',#1341);
#1341 = CARTESIAN_POINT('',(119.5,-80.,7.51));
#1342 = LINE('',#1343,#1344);
#1343 = CARTESIAN_POINT('',(163.9025,-80.,7.51));
#1344 = VECTOR('',#1345,1.);
#1345 = DIRECTION('',(-1.,0.,0.));
#1346 = ORIENTED_EDGE('',*,*,#1347,.F.);
#1347 = EDGE_CURVE('',#1348,#1340,#1350,.T.);
#1348 = VERTEX_POINT('',#1349);
#1349 = CARTESIAN_POINT('',(119.5,-68.,7.51));
#1350 = LINE('',#1351,#1352);
#1351 = CARTESIAN_POINT('',(119.5,-58.59429874504,7.51));
#1352 = VECTOR('',#1353,1.);
#1353 = DIRECTION('',(0.,-1.,0.));
#1354 = ORIENTED_EDGE('',*,*,#1355,.F.);
#1355 = EDGE_CURVE('',#1356,#1348,#1358,.T.);
#1356 = VERTEX_POINT('',#1357);
#1357 = CARTESIAN_POINT('',(120.5,-68.,7.51));
#1358 = LINE('',#1359,#1360);
#1359 = CARTESIAN_POINT('',(117.40864443896,-68.,7.51));
#1360 = VECTOR('',#1361,1.);
#1361 = DIRECTION('',(-1.,0.,0.));
#1362 = ORIENTED_EDGE('',*,*,#1363,.F.);
#1363 = EDGE_CURVE('',#1364,#1356,#1366,.T.);
#1364 = VERTEX_POINT('',#1365);
#1365 = CARTESIAN_POINT('',(120.5,-80.,7.51));
#1366 = LINE('',#1367,#1368);
#1367 = CARTESIAN_POINT('',(120.5,-64.59429874504,7.51));
#1368 = VECTOR('',#1369,1.);
#1369 = DIRECTION('',(0.,1.,0.));
#1370 = ORIENTED_EDGE('',*,*,#1371,.F.);
#1371 = EDGE_CURVE('',#1372,#1364,#1374,.T.);
#1372 = VERTEX_POINT('',#1373);
#1373 = CARTESIAN_POINT('',(134.5,-80.,7.51));
#1374 = LINE('',#1375,#1376);
#1375 = CARTESIAN_POINT('',(163.9025,-80.,7.51));
#1376 = VECTOR('',#1377,1.);
#1377 = DIRECTION('',(-1.,0.,0.));
#1378 = ORIENTED_EDGE('',*,*,#1379,.F.);
#1379 = EDGE_CURVE('',#1380,#1372,#1382,.T.);
#1380 = VERTEX_POINT('',#1381);
#1381 = CARTESIAN_POINT('',(134.5,-68.,7.51));
#1382 = LINE('',#1383,#1384);
#1383 = CARTESIAN_POINT('',(134.5,-58.59429874504,7.51));
#1384 = VECTOR('',#1385,1.);
#1385 = DIRECTION('',(0.,-1.,0.));
#1386 = ORIENTED_EDGE('',*,*,#1387,.F.);
#1387 = EDGE_CURVE('',#1388,#1380,#1390,.T.);
#1388 = VERTEX_POINT('',#1389);
#1389 = CARTESIAN_POINT('',(135.5,-68.,7.51));
#1390 = LINE('',#1391,#1392);
#1391 = CARTESIAN_POINT('',(124.90864443896,-68.,7.51));
#1392 = VECTOR('',#1393,1.);
#1393 = DIRECTION('',(-1.,0.,0.));
#1394 = ORIENTED_EDGE('',*,*,#1395,.F.);
#1395 = EDGE_CURVE('',#1396,#1388,#1398,.T.);
#1396 = VERTEX_POINT('',#1397);
#1397 = CARTESIAN_POINT('',(135.5,-80.,7.51));
#1398 = LINE('',#1399,#1400);
#1399 = CARTESIAN_POINT('',(135.5,-64.59429874504,7.51));
#1400 = VECTOR('',#1401,1.);
#1401 = DIRECTION('',(0.,1.,0.));
#1402 = ORIENTED_EDGE('',*,*,#1403,.F.);
#1403 = EDGE_CURVE('',#1404,#1396,#1406,.T.);
#1404 = VERTEX_POINT('',#1405);
#1405 = CARTESIAN_POINT('',(149.5,-80.,7.51));
#1406 = LINE('',#1407,#1408);
#1407 = CARTESIAN_POINT('',(163.9025,-80.,7.51));
#1408 = VECTOR('',#1409,1.);
#1409 = DIRECTION('',(-1.,0.,0.));
#1410 = ORIENTED_EDGE('',*,*,#1411,.F.);
#1411 = EDGE_CURVE('',#1412,#1404,#1414,.T.);
#1412 = VERTEX_POINT('',#1413);
#1413 = CARTESIAN_POINT('',(149.5,-68.,7.51));
#1414 = LINE('',#1415,#1416);
#1415 = CARTESIAN_POINT('',(149.5,-58.59429874504,7.51));
#1416 = VECTOR('',#1417,1.);
#1417 = DIRECTION('',(0.,-1.,0.));
#1418 = ORIENTED_EDGE('',*,*,#1419,.F.);
#1419 = EDGE_CURVE('',#1420,#1412,#1422,.T.);
#1420 = VERTEX_POINT('',#1421);
#1421 = CARTESIAN_POINT('',(150.5,-68.,7.51));
#1422 = LINE('',#1423,#1424);
#1423 = CARTESIAN_POINT('',(132.40864443896,-68.,7.51));
#1424 = VECTOR('',#1425,1.);
#1425 = DIRECTION('',(-1.,0.,0.));
#1426 = ORIENTED_EDGE('',*,*,#1427,.T.);
#1427 = EDGE_CURVE('',#1420,#1428,#1430,.T.);
#1428 = VERTEX_POINT('',#1429);
#1429 = CARTESIAN_POINT('',(151.5,-68.,7.51));
#1430 = LINE('',#1431,#1432);
#1431 = CARTESIAN_POINT('',(150.5,-68.,7.51));
#1432 = VECTOR('',#1433,1.);
#1433 = DIRECTION('',(1.,0.,0.));
#1434 = ORIENTED_EDGE('',*,*,#1435,.T.);
#1435 = EDGE_CURVE('',#1428,#1436,#1438,.T.);
#1436 = VERTEX_POINT('',#1437);
#1437 = CARTESIAN_POINT('',(151.5,-79.,7.51));
#1438 = LINE('',#1439,#1440);
#1439 = CARTESIAN_POINT('',(151.5,-68.,7.51));
#1440 = VECTOR('',#1441,1.);
#1441 = DIRECTION('',(0.,-1.,0.));
#1442 = ORIENTED_EDGE('',*,*,#1443,.T.);
#1443 = EDGE_CURVE('',#1436,#1444,#1446,.T.);
#1444 = VERTEX_POINT('',#1445);
#1445 = CARTESIAN_POINT('',(162.9025,-79.,7.51));
#1446 = LINE('',#1447,#1448);
#1447 = CARTESIAN_POINT('',(151.5,-79.,7.51));
#1448 = VECTOR('',#1449,1.);
#1449 = DIRECTION('',(1.,0.,0.));
#1450 = ORIENTED_EDGE('',*,*,#1451,.T.);
#1451 = EDGE_CURVE('',#1444,#1452,#1454,.T.);
#1452 = VERTEX_POINT('',#1453);
#1453 = CARTESIAN_POINT('',(162.9025,-62.,7.51));
#1454 = LINE('',#1455,#1456);
#1455 = CARTESIAN_POINT('',(162.9025,-79.,7.51));
#1456 = VECTOR('',#1457,1.);
#1457 = DIRECTION('',(0.,1.,0.));
#1458 = ORIENTED_EDGE('',*,*,#1459,.F.);
#1459 = EDGE_CURVE('',#1460,#1452,#1462,.T.);
#1460 = VERTEX_POINT('',#1461);
#1461 = CARTESIAN_POINT('',(163.9025,-62.,7.51));
#1462 = LINE('',#1463,#1464);
#1463 = CARTESIAN_POINT('',(163.9025,-62.,7.51));
#1464 = VECTOR('',#1465,1.);
#1465 = DIRECTION('',(-1.,0.,0.));
#1466 = ORIENTED_EDGE('',*,*,#1467,.T.);
#1467 = EDGE_CURVE('',#1460,#802,#1468,.T.);
#1468 = LINE('',#1469,#1470);
#1469 = CARTESIAN_POINT('',(163.9025,-62.,7.51));
#1470 = VECTOR('',#1471,1.);
#1471 = DIRECTION('',(1.,0.,0.));
#1472 = ORIENTED_EDGE('',*,*,#834,.F.);
#1473 = ORIENTED_EDGE('',*,*,#858,.F.);
#1474 = ORIENTED_EDGE('',*,*,#872,.F.);
#1475 = ORIENTED_EDGE('',*,*,#922,.T.);
#1476 = ORIENTED_EDGE('',*,*,#938,.F.);
#1477 = ORIENTED_EDGE('',*,*,#988,.T.);
#1478 = ORIENTED_EDGE('',*,*,#1004,.F.);
#1479 = ORIENTED_EDGE('',*,*,#1031,.F.);
#1480 = FACE_BOUND('',#1481,.F.);
#1481 = EDGE_LOOP('',(#1482));
#1482 = ORIENTED_EDGE('',*,*,#1483,.F.);
#1483 = EDGE_CURVE('',#1484,#1484,#1486,.T.);
#1484 = VERTEX_POINT('',#1485);
#1485 = CARTESIAN_POINT('',(114.,-49.,7.51));
#1486 = CIRCLE('',#1487,10.);
#1487 = AXIS2_PLACEMENT_3D('',#1488,#1489,#1490);
#1488 = CARTESIAN_POINT('',(104.,-49.,7.51));
#1489 = DIRECTION('',(0.,0.,1.));
#1490 = DIRECTION('',(1.,0.,0.));
#1491 = FACE_BOUND('',#1492,.F.);
#1492 = EDGE_LOOP('',(#1493,#1503,#1511,#1519));
#1493 = ORIENTED_EDGE('',*,*,#1494,.F.);
#1494 = EDGE_CURVE('',#1495,#1497,#1499,.T.);
#1495 = VERTEX_POINT('',#1496);
#1496 = CARTESIAN_POINT('',(91.23,-59.25,7.51));
#1497 = VERTEX_POINT('',#1498);
#1498 = CARTESIAN_POINT('',(91.23,-28.25,7.51));
#1499 = LINE('',#1500,#1501);
#1500 = CARTESIAN_POINT('',(91.23,-59.25,7.51));
#1501 = VECTOR('',#1502,1.);
#1502 = DIRECTION('',(0.,1.,0.));
#1503 = ORIENTED_EDGE('',*,*,#1504,.T.);
#1504 = EDGE_CURVE('',#1495,#1505,#1507,.T.);
#1505 = VERTEX_POINT('',#1506);
#1506 = CARTESIAN_POINT('',(59.23,-59.25,7.51));
#1507 = LINE('',#1508,#1509);
#1508 = CARTESIAN_POINT('',(62.23,-59.25,7.51));
#1509 = VECTOR('',#1510,1.);
#1510 = DIRECTION('',(-1.,-0.,-0.));
#1511 = ORIENTED_EDGE('',*,*,#1512,.T.);
#1512 = EDGE_CURVE('',#1505,#1513,#1515,.T.);
#1513 = VERTEX_POINT('',#1514);
#1514 = CARTESIAN_POINT('',(59.23,-28.25,7.51));
#1515 = LINE('',#1516,#1517);
#1516 = CARTESIAN_POINT('',(59.23,-30.25,7.51));
#1517 = VECTOR('',#1518,1.);
#1518 = DIRECTION('',(0.,1.,0.));
#1519 = ORIENTED_EDGE('',*,*,#1520,.F.);
#1520 = EDGE_CURVE('',#1497,#1513,#1521,.T.);
#1521 = LINE('',#1522,#1523);
#1522 = CARTESIAN_POINT('',(91.23,-28.25,7.51));
#1523 = VECTOR('',#1524,1.);
#1524 = DIRECTION('',(-1.,0.,0.));
#1525 = PLANE('',#1526);
#1526 = AXIS2_PLACEMENT_3D('',#1527,#1528,#1529);
#1527 = CARTESIAN_POINT('',(114.31728887793,-49.18859749008,7.51));
#1528 = DIRECTION('',(0.,0.,1.));
#1529 = DIRECTION('',(1.,0.,0.));
#1530 = ADVANCED_FACE('',(#1531),#1657,.T.);
#1531 = FACE_BOUND('',#1532,.T.);
#1532 = EDGE_LOOP('',(#1533,#1541,#1547,#1548,#1549,#1550,#1558,#1564,
    #1565,#1573,#1581,#1587,#1588,#1596,#1604,#1610,#1611,#1619,#1627,
    #1633,#1634,#1642,#1650,#1656));
#1533 = ORIENTED_EDGE('',*,*,#1534,.F.);
#1534 = EDGE_CURVE('',#1535,#1420,#1537,.T.);
#1535 = VERTEX_POINT('',#1536);
#1536 = CARTESIAN_POINT('',(150.5,-68.,9.61));
#1537 = LINE('',#1538,#1539);
#1538 = CARTESIAN_POINT('',(150.5,-68.,9.11));
#1539 = VECTOR('',#1540,1.);
#1540 = DIRECTION('',(-0.,-0.,-1.));
#1541 = ORIENTED_EDGE('',*,*,#1542,.F.);
#1542 = EDGE_CURVE('',#396,#1535,#1543,.T.);
#1543 = LINE('',#1544,#1545);
#1544 = CARTESIAN_POINT('',(142.85454545454,-68.,1.964545454545));
#1545 = VECTOR('',#1546,1.);
#1546 = DIRECTION('',(-0.707106781187,0.,-0.707106781187));
#1547 = ORIENTED_EDGE('',*,*,#395,.F.);
#1548 = ORIENTED_EDGE('',*,*,#387,.T.);
#1549 = ORIENTED_EDGE('',*,*,#377,.T.);
#1550 = ORIENTED_EDGE('',*,*,#1551,.T.);
#1551 = EDGE_CURVE('',#380,#1552,#1554,.T.);
#1552 = VERTEX_POINT('',#1553);
#1553 = CARTESIAN_POINT('',(89.5,-68.,9.61));
#1554 = LINE('',#1555,#1556);
#1555 = CARTESIAN_POINT('',(97.145454545455,-68.,1.964545454545));
#1556 = VECTOR('',#1557,1.);
#1557 = DIRECTION('',(0.707106781187,0.,-0.707106781187));
#1558 = ORIENTED_EDGE('',*,*,#1559,.F.);
#1559 = EDGE_CURVE('',#1284,#1552,#1560,.T.);
#1560 = LINE('',#1561,#1562);
#1561 = CARTESIAN_POINT('',(89.5,-68.,9.11));
#1562 = VECTOR('',#1563,1.);
#1563 = DIRECTION('',(0.,0.,1.));
#1564 = ORIENTED_EDGE('',*,*,#1291,.F.);
#1565 = ORIENTED_EDGE('',*,*,#1566,.F.);
#1566 = EDGE_CURVE('',#1567,#1292,#1569,.T.);
#1567 = VERTEX_POINT('',#1568);
#1568 = CARTESIAN_POINT('',(90.5,-68.,8.11));
#1569 = LINE('',#1570,#1571);
#1570 = CARTESIAN_POINT('',(90.5,-68.,9.11));
#1571 = VECTOR('',#1572,1.);
#1572 = DIRECTION('',(-0.,-0.,-1.));
#1573 = ORIENTED_EDGE('',*,*,#1574,.F.);
#1574 = EDGE_CURVE('',#1575,#1567,#1577,.T.);
#1575 = VERTEX_POINT('',#1576);
#1576 = CARTESIAN_POINT('',(104.5,-68.,8.11));
#1577 = LINE('',#1578,#1579);
#1578 = CARTESIAN_POINT('',(149.5,-68.,8.11));
#1579 = VECTOR('',#1580,1.);
#1580 = DIRECTION('',(-1.,0.,0.));
#1581 = ORIENTED_EDGE('',*,*,#1582,.T.);
#1582 = EDGE_CURVE('',#1575,#1316,#1583,.T.);
#1583 = LINE('',#1584,#1585);
#1584 = CARTESIAN_POINT('',(104.5,-68.,9.11));
#1585 = VECTOR('',#1586,1.);
#1586 = DIRECTION('',(-0.,-0.,-1.));
#1587 = ORIENTED_EDGE('',*,*,#1323,.F.);
#1588 = ORIENTED_EDGE('',*,*,#1589,.F.);
#1589 = EDGE_CURVE('',#1590,#1324,#1592,.T.);
#1590 = VERTEX_POINT('',#1591);
#1591 = CARTESIAN_POINT('',(105.5,-68.,8.11));
#1592 = LINE('',#1593,#1594);
#1593 = CARTESIAN_POINT('',(105.5,-68.,9.11));
#1594 = VECTOR('',#1595,1.);
#1595 = DIRECTION('',(-0.,-0.,-1.));
#1596 = ORIENTED_EDGE('',*,*,#1597,.F.);
#1597 = EDGE_CURVE('',#1598,#1590,#1600,.T.);
#1598 = VERTEX_POINT('',#1599);
#1599 = CARTESIAN_POINT('',(119.5,-68.,8.11));
#1600 = LINE('',#1601,#1602);
#1601 = CARTESIAN_POINT('',(149.5,-68.,8.11));
#1602 = VECTOR('',#1603,1.);
#1603 = DIRECTION('',(-1.,0.,0.));
#1604 = ORIENTED_EDGE('',*,*,#1605,.T.);
#1605 = EDGE_CURVE('',#1598,#1348,#1606,.T.);
#1606 = LINE('',#1607,#1608);
#1607 = CARTESIAN_POINT('',(119.5,-68.,9.11));
#1608 = VECTOR('',#1609,1.);
#1609 = DIRECTION('',(-0.,-0.,-1.));
#1610 = ORIENTED_EDGE('',*,*,#1355,.F.);
#1611 = ORIENTED_EDGE('',*,*,#1612,.F.);
#1612 = EDGE_CURVE('',#1613,#1356,#1615,.T.);
#1613 = VERTEX_POINT('',#1614);
#1614 = CARTESIAN_POINT('',(120.5,-68.,8.11));
#1615 = LINE('',#1616,#1617);
#1616 = CARTESIAN_POINT('',(120.5,-68.,9.11));
#1617 = VECTOR('',#1618,1.);
#1618 = DIRECTION('',(-0.,-0.,-1.));
#1619 = ORIENTED_EDGE('',*,*,#1620,.F.);
#1620 = EDGE_CURVE('',#1621,#1613,#1623,.T.);
#1621 = VERTEX_POINT('',#1622);
#1622 = CARTESIAN_POINT('',(134.5,-68.,8.11));
#1623 = LINE('',#1624,#1625);
#1624 = CARTESIAN_POINT('',(149.5,-68.,8.11));
#1625 = VECTOR('',#1626,1.);
#1626 = DIRECTION('',(-1.,0.,0.));
#1627 = ORIENTED_EDGE('',*,*,#1628,.T.);
#1628 = EDGE_CURVE('',#1621,#1380,#1629,.T.);
#1629 = LINE('',#1630,#1631);
#1630 = CARTESIAN_POINT('',(134.5,-68.,9.11));
#1631 = VECTOR('',#1632,1.);
#1632 = DIRECTION('',(-0.,-0.,-1.));
#1633 = ORIENTED_EDGE('',*,*,#1387,.F.);
#1634 = ORIENTED_EDGE('',*,*,#1635,.F.);
#1635 = EDGE_CURVE('',#1636,#1388,#1638,.T.);
#1636 = VERTEX_POINT('',#1637);
#1637 = CARTESIAN_POINT('',(135.5,-68.,8.11));
#1638 = LINE('',#1639,#1640);
#1639 = CARTESIAN_POINT('',(135.5,-68.,9.11));
#1640 = VECTOR('',#1641,1.);
#1641 = DIRECTION('',(-0.,-0.,-1.));
#1642 = ORIENTED_EDGE('',*,*,#1643,.F.);
#1643 = EDGE_CURVE('',#1644,#1636,#1646,.T.);
#1644 = VERTEX_POINT('',#1645);
#1645 = CARTESIAN_POINT('',(149.5,-68.,8.11));
#1646 = LINE('',#1647,#1648);
#1647 = CARTESIAN_POINT('',(149.5,-68.,8.11));
#1648 = VECTOR('',#1649,1.);
#1649 = DIRECTION('',(-1.,0.,0.));
#1650 = ORIENTED_EDGE('',*,*,#1651,.T.);
#1651 = EDGE_CURVE('',#1644,#1412,#1652,.T.);
#1652 = LINE('',#1653,#1654);
#1653 = CARTESIAN_POINT('',(149.5,-68.,9.11));
#1654 = VECTOR('',#1655,1.);
#1655 = DIRECTION('',(-0.,-0.,-1.));
#1656 = ORIENTED_EDGE('',*,*,#1419,.F.);
#1657 = PLANE('',#1658);
#1658 = AXIS2_PLACEMENT_3D('',#1659,#1660,#1661);
#1659 = CARTESIAN_POINT('',(120.,-68.,9.028181818182));
#1660 = DIRECTION('',(-0.,-1.,-0.));
#1661 = DIRECTION('',(0.,0.,-1.));
#1662 = ADVANCED_FACE('',(#1663),#1681,.T.);
#1663 = FACE_BOUND('',#1664,.T.);
#1664 = EDGE_LOOP('',(#1665,#1666,#1667,#1675));
#1665 = ORIENTED_EDGE('',*,*,#1551,.F.);
#1666 = ORIENTED_EDGE('',*,*,#599,.T.);
#1667 = ORIENTED_EDGE('',*,*,#1668,.T.);
#1668 = EDGE_CURVE('',#592,#1669,#1671,.T.);
#1669 = VERTEX_POINT('',#1670);
#1670 = CARTESIAN_POINT('',(89.5,-80.,9.61));
#1671 = LINE('',#1672,#1673);
#1672 = CARTESIAN_POINT('',(87.333333333333,-77.83333333333,
    11.776666666667));
#1673 = VECTOR('',#1674,1.);
#1674 = DIRECTION('',(0.57735026919,-0.57735026919,-0.57735026919));
#1675 = ORIENTED_EDGE('',*,*,#1676,.F.);
#1676 = EDGE_CURVE('',#1552,#1669,#1677,.T.);
#1677 = LINE('',#1678,#1679);
#1678 = CARTESIAN_POINT('',(89.5,-68.,9.61));
#1679 = VECTOR('',#1680,1.);
#1680 = DIRECTION('',(0.,-1.,0.));
#1681 = PLANE('',#1682);
#1682 = AXIS2_PLACEMENT_3D('',#1683,#1684,#1685);
#1683 = CARTESIAN_POINT('',(89.25,-68.,9.86));
#1684 = DIRECTION('',(0.707106781187,-1.889513820523E-18,0.707106781187)
  );
#1685 = DIRECTION('',(-1.336088035637E-18,-1.,-1.336088035637E-18));
#1686 = ADVANCED_FACE('',(#1687),#1705,.T.);
#1687 = FACE_BOUND('',#1688,.T.);
#1688 = EDGE_LOOP('',(#1689,#1690,#1691,#1699));
#1689 = ORIENTED_EDGE('',*,*,#1668,.F.);
#1690 = ORIENTED_EDGE('',*,*,#591,.T.);
#1691 = ORIENTED_EDGE('',*,*,#1692,.T.);
#1692 = EDGE_CURVE('',#584,#1693,#1695,.T.);
#1693 = VERTEX_POINT('',#1694);
#1694 = CARTESIAN_POINT('',(76.0975,-80.,9.61));
#1695 = LINE('',#1696,#1697);
#1696 = CARTESIAN_POINT('',(81.497916666667,-74.59958333333,
    15.010416666667));
#1697 = VECTOR('',#1698,1.);
#1698 = DIRECTION('',(-0.57735026919,-0.57735026919,-0.57735026919));
#1699 = ORIENTED_EDGE('',*,*,#1700,.F.);
#1700 = EDGE_CURVE('',#1669,#1693,#1701,.T.);
#1701 = LINE('',#1702,#1703);
#1702 = CARTESIAN_POINT('',(89.5,-80.,9.61));
#1703 = VECTOR('',#1704,1.);
#1704 = DIRECTION('',(-1.,0.,0.));
#1705 = PLANE('',#1706);
#1706 = AXIS2_PLACEMENT_3D('',#1707,#1708,#1709);
#1707 = CARTESIAN_POINT('',(89.5,-79.75,9.86));
#1708 = DIRECTION('',(1.889513820523E-18,-0.707106781187,0.707106781187)
  );
#1709 = DIRECTION('',(-1.,-1.336088035637E-18,1.336088035637E-18));
#1710 = ADVANCED_FACE('',(#1711),#1729,.T.);
#1711 = FACE_BOUND('',#1712,.T.);
#1712 = EDGE_LOOP('',(#1713,#1721,#1722,#1723));
#1713 = ORIENTED_EDGE('',*,*,#1714,.F.);
#1714 = EDGE_CURVE('',#404,#1715,#1717,.T.);
#1715 = VERTEX_POINT('',#1716);
#1716 = CARTESIAN_POINT('',(150.5,-80.,9.61));
#1717 = LINE('',#1718,#1719);
#1718 = CARTESIAN_POINT('',(152.90041666666,-77.59958333333,
    12.010416666667));
#1719 = VECTOR('',#1720,1.);
#1720 = DIRECTION('',(-0.57735026919,-0.57735026919,-0.57735026919));
#1721 = ORIENTED_EDGE('',*,*,#403,.T.);
#1722 = ORIENTED_EDGE('',*,*,#1542,.T.);
#1723 = ORIENTED_EDGE('',*,*,#1724,.F.);
#1724 = EDGE_CURVE('',#1715,#1535,#1725,.T.);
#1725 = LINE('',#1726,#1727);
#1726 = CARTESIAN_POINT('',(150.5,-80.,9.61));
#1727 = VECTOR('',#1728,1.);
#1728 = DIRECTION('',(0.,1.,0.));
#1729 = PLANE('',#1730);
#1730 = AXIS2_PLACEMENT_3D('',#1731,#1732,#1733);
#1731 = CARTESIAN_POINT('',(150.75,-80.,9.86));
#1732 = DIRECTION('',(-0.707106781187,1.889513820523E-18,0.707106781187)
  );
#1733 = DIRECTION('',(1.336088035637E-18,1.,-1.336088035637E-18));
#1734 = ADVANCED_FACE('',(#1735),#1753,.T.);
#1735 = FACE_BOUND('',#1736,.F.);
#1736 = EDGE_LOOP('',(#1737,#1745,#1746,#1747));
#1737 = ORIENTED_EDGE('',*,*,#1738,.F.);
#1738 = EDGE_CURVE('',#576,#1739,#1741,.T.);
#1739 = VERTEX_POINT('',#1740);
#1740 = CARTESIAN_POINT('',(76.0975,-62.,9.61));
#1741 = LINE('',#1742,#1743);
#1742 = CARTESIAN_POINT('',(73.1925,-64.905,6.705));
#1743 = VECTOR('',#1744,1.);
#1744 = DIRECTION('',(-0.57735026919,-0.57735026919,-0.57735026919));
#1745 = ORIENTED_EDGE('',*,*,#583,.T.);
#1746 = ORIENTED_EDGE('',*,*,#1692,.T.);
#1747 = ORIENTED_EDGE('',*,*,#1748,.F.);
#1748 = EDGE_CURVE('',#1739,#1693,#1749,.T.);
#1749 = LINE('',#1750,#1751);
#1750 = CARTESIAN_POINT('',(76.0975,-62.,9.61));
#1751 = VECTOR('',#1752,1.);
#1752 = DIRECTION('',(0.,-1.,0.));
#1753 = PLANE('',#1754);
#1754 = AXIS2_PLACEMENT_3D('',#1755,#1756,#1757);
#1755 = CARTESIAN_POINT('',(76.3475,-62.,9.86));
#1756 = DIRECTION('',(-0.707106781187,-1.835777583478E-18,0.707106781187
    ));
#1757 = DIRECTION('',(-1.298090778028E-18,1.,1.298090778028E-18));
#1758 = ADVANCED_FACE('',(#1759),#1777,.T.);
#1759 = FACE_BOUND('',#1760,.T.);
#1760 = EDGE_LOOP('',(#1761,#1769,#1770,#1771));
#1761 = ORIENTED_EDGE('',*,*,#1762,.F.);
#1762 = EDGE_CURVE('',#412,#1763,#1765,.T.);
#1763 = VERTEX_POINT('',#1764);
#1764 = CARTESIAN_POINT('',(163.9025,-80.,9.61));
#1765 = LINE('',#1766,#1767);
#1766 = CARTESIAN_POINT('',(163.73583333333,-79.83333333333,
    9.776666666667));
#1767 = VECTOR('',#1768,1.);
#1768 = DIRECTION('',(0.57735026919,-0.57735026919,-0.57735026919));
#1769 = ORIENTED_EDGE('',*,*,#411,.T.);
#1770 = ORIENTED_EDGE('',*,*,#1714,.T.);
#1771 = ORIENTED_EDGE('',*,*,#1772,.F.);
#1772 = EDGE_CURVE('',#1763,#1715,#1773,.T.);
#1773 = LINE('',#1774,#1775);
#1774 = CARTESIAN_POINT('',(163.9025,-80.,9.61));
#1775 = VECTOR('',#1776,1.);
#1776 = DIRECTION('',(-1.,0.,0.));
#1777 = PLANE('',#1778);
#1778 = AXIS2_PLACEMENT_3D('',#1779,#1780,#1781);
#1779 = CARTESIAN_POINT('',(163.9025,-79.75,9.86));
#1780 = DIRECTION('',(1.889513820523E-18,-0.707106781187,0.707106781187)
  );
#1781 = DIRECTION('',(-1.,-1.336088035637E-18,1.336088035637E-18));
#1782 = ADVANCED_FACE('',(#1783),#1801,.T.);
#1783 = FACE_BOUND('',#1784,.F.);
#1784 = EDGE_LOOP('',(#1785,#1793,#1794,#1795));
#1785 = ORIENTED_EDGE('',*,*,#1786,.F.);
#1786 = EDGE_CURVE('',#568,#1787,#1789,.T.);
#1787 = VERTEX_POINT('',#1788);
#1788 = CARTESIAN_POINT('',(57.6675,-62.,9.61));
#1789 = LINE('',#1790,#1791);
#1790 = CARTESIAN_POINT('',(60.500833333333,-64.83333333333,
    6.776666666667));
#1791 = VECTOR('',#1792,1.);
#1792 = DIRECTION('',(0.57735026919,-0.57735026919,-0.57735026919));
#1793 = ORIENTED_EDGE('',*,*,#575,.T.);
#1794 = ORIENTED_EDGE('',*,*,#1738,.T.);
#1795 = ORIENTED_EDGE('',*,*,#1796,.F.);
#1796 = EDGE_CURVE('',#1787,#1739,#1797,.T.);
#1797 = LINE('',#1798,#1799);
#1798 = CARTESIAN_POINT('',(57.6675,-62.,9.61));
#1799 = VECTOR('',#1800,1.);
#1800 = DIRECTION('',(1.,0.,0.));
#1801 = PLANE('',#1802);
#1802 = AXIS2_PLACEMENT_3D('',#1803,#1804,#1805);
#1803 = CARTESIAN_POINT('',(57.6675,-61.75,9.86));
#1804 = DIRECTION('',(-1.835777583478E-18,-0.707106781187,0.707106781187
    ));
#1805 = DIRECTION('',(-1.,1.298090778028E-18,-1.298090778028E-18));
#1806 = ADVANCED_FACE('',(#1807),#1825,.T.);
#1807 = FACE_BOUND('',#1808,.F.);
#1808 = EDGE_LOOP('',(#1809,#1810,#1811,#1819));
#1809 = ORIENTED_EDGE('',*,*,#1762,.F.);
#1810 = ORIENTED_EDGE('',*,*,#419,.T.);
#1811 = ORIENTED_EDGE('',*,*,#1812,.T.);
#1812 = EDGE_CURVE('',#420,#1813,#1815,.T.);
#1813 = VERTEX_POINT('',#1814);
#1814 = CARTESIAN_POINT('',(163.9025,-62.,9.61));
#1815 = LINE('',#1816,#1817);
#1816 = CARTESIAN_POINT('',(166.73583333333,-64.83333333333,
    6.776666666667));
#1817 = VECTOR('',#1818,1.);
#1818 = DIRECTION('',(0.57735026919,-0.57735026919,-0.57735026919));
#1819 = ORIENTED_EDGE('',*,*,#1820,.F.);
#1820 = EDGE_CURVE('',#1763,#1813,#1821,.T.);
#1821 = LINE('',#1822,#1823);
#1822 = CARTESIAN_POINT('',(163.9025,-80.,9.61));
#1823 = VECTOR('',#1824,1.);
#1824 = DIRECTION('',(0.,1.,0.));
#1825 = PLANE('',#1826);
#1826 = AXIS2_PLACEMENT_3D('',#1827,#1828,#1829);
#1827 = CARTESIAN_POINT('',(163.6525,-80.,9.86));
#1828 = DIRECTION('',(0.707106781187,-1.889513820523E-18,0.707106781187)
  );
#1829 = DIRECTION('',(-1.336088035637E-18,-1.,-1.336088035637E-18));
#1830 = ADVANCED_FACE('',(#1831),#1849,.T.);
#1831 = FACE_BOUND('',#1832,.F.);
#1832 = EDGE_LOOP('',(#1833,#1841,#1842,#1843));
#1833 = ORIENTED_EDGE('',*,*,#1834,.F.);
#1834 = EDGE_CURVE('',#560,#1835,#1837,.T.);
#1835 = VERTEX_POINT('',#1836);
#1836 = CARTESIAN_POINT('',(57.6675,-80.,9.61));
#1837 = LINE('',#1838,#1839);
#1838 = CARTESIAN_POINT('',(57.500833333333,-79.83333333333,
    9.776666666667));
#1839 = VECTOR('',#1840,1.);
#1840 = DIRECTION('',(0.57735026919,-0.57735026919,-0.57735026919));
#1841 = ORIENTED_EDGE('',*,*,#567,.T.);
#1842 = ORIENTED_EDGE('',*,*,#1786,.T.);
#1843 = ORIENTED_EDGE('',*,*,#1844,.F.);
#1844 = EDGE_CURVE('',#1835,#1787,#1845,.T.);
#1845 = LINE('',#1846,#1847);
#1846 = CARTESIAN_POINT('',(57.6675,-80.,9.61));
#1847 = VECTOR('',#1848,1.);
#1848 = DIRECTION('',(0.,1.,0.));
#1849 = PLANE('',#1850);
#1850 = AXIS2_PLACEMENT_3D('',#1851,#1852,#1853);
#1851 = CARTESIAN_POINT('',(57.4175,-80.,9.86));
#1852 = DIRECTION('',(0.707106781187,-1.889513820523E-18,0.707106781187)
  );
#1853 = DIRECTION('',(-1.336088035637E-18,-1.,-1.336088035637E-18));
#1854 = ADVANCED_FACE('',(#1855),#1871,.T.);
#1855 = FACE_BOUND('',#1856,.F.);
#1856 = EDGE_LOOP('',(#1857,#1858,#1859,#1865));
#1857 = ORIENTED_EDGE('',*,*,#1812,.F.);
#1858 = ORIENTED_EDGE('',*,*,#427,.T.);
#1859 = ORIENTED_EDGE('',*,*,#1860,.T.);
#1860 = EDGE_CURVE('',#428,#794,#1861,.T.);
#1861 = LINE('',#1862,#1863);
#1862 = CARTESIAN_POINT('',(179.4275,-64.905,6.705));
#1863 = VECTOR('',#1864,1.);
#1864 = DIRECTION('',(-0.57735026919,-0.57735026919,-0.57735026919));
#1865 = ORIENTED_EDGE('',*,*,#1866,.F.);
#1866 = EDGE_CURVE('',#1813,#794,#1867,.T.);
#1867 = LINE('',#1868,#1869);
#1868 = CARTESIAN_POINT('',(163.9025,-62.,9.61));
#1869 = VECTOR('',#1870,1.);
#1870 = DIRECTION('',(1.,0.,0.));
#1871 = PLANE('',#1872);
#1872 = AXIS2_PLACEMENT_3D('',#1873,#1874,#1875);
#1873 = CARTESIAN_POINT('',(163.9025,-61.75,9.86));
#1874 = DIRECTION('',(1.889513820523E-18,-0.707106781187,0.707106781187)
  );
#1875 = DIRECTION('',(-1.,-1.336088035637E-18,1.336088035637E-18));
#1876 = ADVANCED_FACE('',(#1877),#1895,.T.);
#1877 = FACE_BOUND('',#1878,.T.);
#1878 = EDGE_LOOP('',(#1879,#1880,#1881,#1889));
#1879 = ORIENTED_EDGE('',*,*,#1834,.F.);
#1880 = ORIENTED_EDGE('',*,*,#559,.T.);
#1881 = ORIENTED_EDGE('',*,*,#1882,.T.);
#1882 = EDGE_CURVE('',#551,#1883,#1885,.T.);
#1883 = VERTEX_POINT('',#1884);
#1884 = CARTESIAN_POINT('',(52.5,-80.,9.61));
#1885 = LINE('',#1886,#1887);
#1886 = CARTESIAN_POINT('',(52.5,-79.75,9.86));
#1887 = VECTOR('',#1888,1.);
#1888 = DIRECTION('',(-8.730282937638E-35,-0.707106781187,
    -0.707106781187));
#1889 = ORIENTED_EDGE('',*,*,#1890,.F.);
#1890 = EDGE_CURVE('',#1835,#1883,#1891,.T.);
#1891 = LINE('',#1892,#1893);
#1892 = CARTESIAN_POINT('',(57.6675,-80.,9.61));
#1893 = VECTOR('',#1894,1.);
#1894 = DIRECTION('',(-1.,0.,0.));
#1895 = PLANE('',#1896);
#1896 = AXIS2_PLACEMENT_3D('',#1897,#1898,#1899);
#1897 = CARTESIAN_POINT('',(57.6675,-79.75,9.86));
#1898 = DIRECTION('',(-1.835777583478E-18,-0.707106781187,0.707106781187
    ));
#1899 = DIRECTION('',(-1.,1.298090778028E-18,-1.298090778028E-18));
#1900 = ADVANCED_FACE('',(#1901),#1912,.T.);
#1901 = FACE_BOUND('',#1902,.T.);
#1902 = EDGE_LOOP('',(#1903,#1904,#1905,#1911));
#1903 = ORIENTED_EDGE('',*,*,#1860,.T.);
#1904 = ORIENTED_EDGE('',*,*,#793,.T.);
#1905 = ORIENTED_EDGE('',*,*,#1906,.T.);
#1906 = EDGE_CURVE('',#770,#436,#1907,.T.);
#1907 = LINE('',#1908,#1909);
#1908 = CARTESIAN_POINT('',(186.36041666666,-75.97208333333,
    13.637916666667));
#1909 = VECTOR('',#1910,1.);
#1910 = DIRECTION('',(0.57735026919,0.57735026919,0.57735026919));
#1911 = ORIENTED_EDGE('',*,*,#435,.F.);
#1912 = PLANE('',#1913);
#1913 = AXIS2_PLACEMENT_3D('',#1914,#1915,#1916);
#1914 = CARTESIAN_POINT('',(182.5825,-62.,9.86));
#1915 = DIRECTION('',(-0.707106781187,1.889513820523E-18,0.707106781187)
  );
#1916 = DIRECTION('',(-1.336088035637E-18,-1.,1.336088035637E-18));
#1917 = ADVANCED_FACE('',(#1918),#1937,.T.);
#1918 = FACE_BOUND('',#1919,.T.);
#1919 = EDGE_LOOP('',(#1920,#1921,#1922,#1930));
#1920 = ORIENTED_EDGE('',*,*,#1882,.F.);
#1921 = ORIENTED_EDGE('',*,*,#550,.T.);
#1922 = ORIENTED_EDGE('',*,*,#1923,.T.);
#1923 = EDGE_CURVE('',#543,#1924,#1926,.T.);
#1924 = VERTEX_POINT('',#1925);
#1925 = CARTESIAN_POINT('',(50.5,-78.,9.61));
#1926 = LINE('',#1927,#1928);
#1927 = CARTESIAN_POINT('',(50.5,-78.,9.61));
#1928 = VECTOR('',#1929,1.);
#1929 = DIRECTION('',(-0.707106781187,-4.329780281177E-17,
    -0.707106781187));
#1930 = ORIENTED_EDGE('',*,*,#1931,.F.);
#1931 = EDGE_CURVE('',#1883,#1924,#1932,.T.);
#1932 = CIRCLE('',#1933,2.);
#1933 = AXIS2_PLACEMENT_3D('',#1934,#1935,#1936);
#1934 = CARTESIAN_POINT('',(52.5,-78.,9.61));
#1935 = DIRECTION('',(-0.,-0.,-1.));
#1936 = DIRECTION('',(0.,-1.,0.));
#1937 = CONICAL_SURFACE('',#1938,2.,0.785398163397);
#1938 = AXIS2_PLACEMENT_3D('',#1939,#1940,#1941);
#1939 = CARTESIAN_POINT('',(52.5,-78.,9.61));
#1940 = DIRECTION('',(-0.,-0.,-1.));
#1941 = DIRECTION('',(0.,-1.,0.));
#1942 = ADVANCED_FACE('',(#1943),#1954,.T.);
#1943 = FACE_BOUND('',#1944,.F.);
#1944 = EDGE_LOOP('',(#1945,#1951,#1952,#1953));
#1945 = ORIENTED_EDGE('',*,*,#1946,.F.);
#1946 = EDGE_CURVE('',#746,#444,#1947,.T.);
#1947 = LINE('',#1948,#1949);
#1948 = CARTESIAN_POINT('',(187.5,-80.,9.61));
#1949 = VECTOR('',#1950,1.);
#1950 = DIRECTION('',(-4.329780281177E-17,0.707106781187,0.707106781187)
  );
#1951 = ORIENTED_EDGE('',*,*,#769,.T.);
#1952 = ORIENTED_EDGE('',*,*,#1906,.T.);
#1953 = ORIENTED_EDGE('',*,*,#443,.F.);
#1954 = PLANE('',#1955);
#1955 = AXIS2_PLACEMENT_3D('',#1956,#1957,#1958);
#1956 = CARTESIAN_POINT('',(187.5,-79.75,9.86));
#1957 = DIRECTION('',(1.889513820523E-18,-0.707106781187,0.707106781187)
  );
#1958 = DIRECTION('',(1.,1.336088035637E-18,-1.336088035637E-18));
#1959 = ADVANCED_FACE('',(#1960),#1978,.T.);
#1960 = FACE_BOUND('',#1961,.T.);
#1961 = EDGE_LOOP('',(#1962,#1963,#1964,#1972));
#1962 = ORIENTED_EDGE('',*,*,#1923,.F.);
#1963 = ORIENTED_EDGE('',*,*,#542,.T.);
#1964 = ORIENTED_EDGE('',*,*,#1965,.T.);
#1965 = EDGE_CURVE('',#534,#1966,#1968,.T.);
#1966 = VERTEX_POINT('',#1967);
#1967 = CARTESIAN_POINT('',(50.5,-22.,9.61));
#1968 = LINE('',#1969,#1970);
#1969 = CARTESIAN_POINT('',(50.75,-22.,9.86));
#1970 = VECTOR('',#1971,1.);
#1971 = DIRECTION('',(-0.707106781187,-2.90882763039E-35,-0.707106781187
    ));
#1972 = ORIENTED_EDGE('',*,*,#1973,.F.);
#1973 = EDGE_CURVE('',#1924,#1966,#1974,.T.);
#1974 = LINE('',#1975,#1976);
#1975 = CARTESIAN_POINT('',(50.5,-78.,9.61));
#1976 = VECTOR('',#1977,1.);
#1977 = DIRECTION('',(0.,1.,0.));
#1978 = PLANE('',#1979);
#1979 = AXIS2_PLACEMENT_3D('',#1980,#1981,#1982);
#1980 = CARTESIAN_POINT('',(50.75,-78.,9.86));
#1981 = DIRECTION('',(-0.707106781187,1.889513820523E-18,0.707106781187)
  );
#1982 = DIRECTION('',(1.336088035637E-18,1.,-1.336088035637E-18));
#1983 = ADVANCED_FACE('',(#1984),#1995,.T.);
#1984 = FACE_BOUND('',#1985,.F.);
#1985 = EDGE_LOOP('',(#1986,#1992,#1993,#1994));
#1986 = ORIENTED_EDGE('',*,*,#1987,.F.);
#1987 = EDGE_CURVE('',#721,#452,#1988,.T.);
#1988 = LINE('',#1989,#1990);
#1989 = CARTESIAN_POINT('',(189.25,-78.,9.86));
#1990 = VECTOR('',#1991,1.);
#1991 = DIRECTION('',(-0.707106781187,-2.90882763039E-35,0.707106781187)
  );
#1992 = ORIENTED_EDGE('',*,*,#753,.T.);
#1993 = ORIENTED_EDGE('',*,*,#1946,.T.);
#1994 = ORIENTED_EDGE('',*,*,#451,.F.);
#1995 = CONICAL_SURFACE('',#1996,2.,0.785398163397);
#1996 = AXIS2_PLACEMENT_3D('',#1997,#1998,#1999);
#1997 = CARTESIAN_POINT('',(187.5,-78.,9.61));
#1998 = DIRECTION('',(-0.,-0.,-1.));
#1999 = DIRECTION('',(1.,0.,0.));
#2000 = ADVANCED_FACE('',(#2001),#2020,.T.);
#2001 = FACE_BOUND('',#2002,.T.);
#2002 = EDGE_LOOP('',(#2003,#2004,#2005,#2013));
#2003 = ORIENTED_EDGE('',*,*,#1965,.F.);
#2004 = ORIENTED_EDGE('',*,*,#533,.T.);
#2005 = ORIENTED_EDGE('',*,*,#2006,.T.);
#2006 = EDGE_CURVE('',#526,#2007,#2009,.T.);
#2007 = VERTEX_POINT('',#2008);
#2008 = CARTESIAN_POINT('',(52.5,-20.,9.61));
#2009 = LINE('',#2010,#2011);
#2010 = CARTESIAN_POINT('',(52.5,-20.,9.61));
#2011 = VECTOR('',#2012,1.);
#2012 = DIRECTION('',(-4.329780281177E-17,0.707106781187,-0.707106781187
    ));
#2013 = ORIENTED_EDGE('',*,*,#2014,.F.);
#2014 = EDGE_CURVE('',#1966,#2007,#2015,.T.);
#2015 = CIRCLE('',#2016,2.);
#2016 = AXIS2_PLACEMENT_3D('',#2017,#2018,#2019);
#2017 = CARTESIAN_POINT('',(52.5,-22.,9.61));
#2018 = DIRECTION('',(0.,0.,-1.));
#2019 = DIRECTION('',(-1.,0.,0.));
#2020 = CONICAL_SURFACE('',#2021,2.,0.785398163397);
#2021 = AXIS2_PLACEMENT_3D('',#2022,#2023,#2024);
#2022 = CARTESIAN_POINT('',(52.5,-22.,9.61));
#2023 = DIRECTION('',(-0.,-0.,-1.));
#2024 = DIRECTION('',(-1.,0.,0.));
#2025 = ADVANCED_FACE('',(#2026),#2032,.T.);
#2026 = FACE_BOUND('',#2027,.F.);
#2027 = EDGE_LOOP('',(#2028,#2029,#2030,#2031));
#2028 = ORIENTED_EDGE('',*,*,#704,.F.);
#2029 = ORIENTED_EDGE('',*,*,#720,.T.);
#2030 = ORIENTED_EDGE('',*,*,#1987,.T.);
#2031 = ORIENTED_EDGE('',*,*,#460,.F.);
#2032 = PLANE('',#2033);
#2033 = AXIS2_PLACEMENT_3D('',#2034,#2035,#2036);
#2034 = CARTESIAN_POINT('',(189.25,-22.,9.86));
#2035 = DIRECTION('',(0.707106781187,-1.889513820523E-18,0.707106781187)
  );
#2036 = DIRECTION('',(1.336088035637E-18,1.,1.336088035637E-18));
#2037 = ADVANCED_FACE('',(#2038),#2056,.T.);
#2038 = FACE_BOUND('',#2039,.T.);
#2039 = EDGE_LOOP('',(#2040,#2041,#2042,#2050));
#2040 = ORIENTED_EDGE('',*,*,#2006,.F.);
#2041 = ORIENTED_EDGE('',*,*,#525,.T.);
#2042 = ORIENTED_EDGE('',*,*,#2043,.T.);
#2043 = EDGE_CURVE('',#518,#2044,#2046,.T.);
#2044 = VERTEX_POINT('',#2045);
#2045 = CARTESIAN_POINT('',(93.28,-20.,9.61));
#2046 = LINE('',#2047,#2048);
#2047 = CARTESIAN_POINT('',(86.316666666667,-26.96333333333,
    16.573333333333));
#2048 = VECTOR('',#2049,1.);
#2049 = DIRECTION('',(0.57735026919,0.57735026919,-0.57735026919));
#2050 = ORIENTED_EDGE('',*,*,#2051,.F.);
#2051 = EDGE_CURVE('',#2007,#2044,#2052,.T.);
#2052 = LINE('',#2053,#2054);
#2053 = CARTESIAN_POINT('',(52.5,-20.,9.61));
#2054 = VECTOR('',#2055,1.);
#2055 = DIRECTION('',(1.,0.,0.));
#2056 = PLANE('',#2057);
#2057 = AXIS2_PLACEMENT_3D('',#2058,#2059,#2060);
#2058 = CARTESIAN_POINT('',(52.5,-20.25,9.86));
#2059 = DIRECTION('',(-1.889513820523E-18,0.707106781187,0.707106781187)
  );
#2060 = DIRECTION('',(1.,1.336088035637E-18,1.336088035637E-18));
#2061 = ADVANCED_FACE('',(#2062),#2080,.T.);
#2062 = FACE_BOUND('',#2063,.T.);
#2063 = EDGE_LOOP('',(#2064,#2065,#2066,#2074));
#2064 = ORIENTED_EDGE('',*,*,#2043,.F.);
#2065 = ORIENTED_EDGE('',*,*,#517,.T.);
#2066 = ORIENTED_EDGE('',*,*,#2067,.T.);
#2067 = EDGE_CURVE('',#510,#2068,#2070,.T.);
#2068 = VERTEX_POINT('',#2069);
#2069 = CARTESIAN_POINT('',(93.28,-36.5,9.61));
#2070 = LINE('',#2071,#2072);
#2071 = CARTESIAN_POINT('',(95.863333333333,-33.91666666666,
    7.026666666667));
#2072 = VECTOR('',#2073,1.);
#2073 = DIRECTION('',(0.57735026919,0.57735026919,-0.57735026919));
#2074 = ORIENTED_EDGE('',*,*,#2075,.F.);
#2075 = EDGE_CURVE('',#2044,#2068,#2076,.T.);
#2076 = LINE('',#2077,#2078);
#2077 = CARTESIAN_POINT('',(93.28,-20.,9.61));
#2078 = VECTOR('',#2079,1.);
#2079 = DIRECTION('',(0.,-1.,0.));
#2080 = PLANE('',#2081);
#2081 = AXIS2_PLACEMENT_3D('',#2082,#2083,#2084);
#2082 = CARTESIAN_POINT('',(93.03,-20.,9.86));
#2083 = DIRECTION('',(0.707106781187,-1.889513820523E-18,0.707106781187)
  );
#2084 = DIRECTION('',(-1.336088035637E-18,-1.,-1.336088035637E-18));
#2085 = ADVANCED_FACE('',(#2086),#2104,.T.);
#2086 = FACE_BOUND('',#2087,.T.);
#2087 = EDGE_LOOP('',(#2088,#2089,#2090,#2098));
#2088 = ORIENTED_EDGE('',*,*,#2067,.F.);
#2089 = ORIENTED_EDGE('',*,*,#509,.T.);
#2090 = ORIENTED_EDGE('',*,*,#2091,.T.);
#2091 = EDGE_CURVE('',#502,#2092,#2094,.T.);
#2092 = VERTEX_POINT('',#2093);
#2093 = CARTESIAN_POINT('',(108.72,-36.5,9.61));
#2094 = LINE('',#2095,#2096);
#2095 = CARTESIAN_POINT('',(106.31333333333,-34.09333333333,
    7.203333333333));
#2096 = VECTOR('',#2097,1.);
#2097 = DIRECTION('',(-0.57735026919,0.57735026919,-0.57735026919));
#2098 = ORIENTED_EDGE('',*,*,#2099,.F.);
#2099 = EDGE_CURVE('',#2068,#2092,#2100,.T.);
#2100 = LINE('',#2101,#2102);
#2101 = CARTESIAN_POINT('',(93.28,-36.5,9.61));
#2102 = VECTOR('',#2103,1.);
#2103 = DIRECTION('',(1.,0.,0.));
#2104 = PLANE('',#2105);
#2105 = AXIS2_PLACEMENT_3D('',#2106,#2107,#2108);
#2106 = CARTESIAN_POINT('',(93.28,-36.75,9.86));
#2107 = DIRECTION('',(-1.889513820523E-18,0.707106781187,0.707106781187)
  );
#2108 = DIRECTION('',(1.,1.336088035637E-18,1.336088035637E-18));
#2109 = ADVANCED_FACE('',(#2110),#2128,.T.);
#2110 = FACE_BOUND('',#2111,.T.);
#2111 = EDGE_LOOP('',(#2112,#2113,#2114,#2122));
#2112 = ORIENTED_EDGE('',*,*,#2091,.F.);
#2113 = ORIENTED_EDGE('',*,*,#501,.T.);
#2114 = ORIENTED_EDGE('',*,*,#2115,.T.);
#2115 = EDGE_CURVE('',#494,#2116,#2118,.T.);
#2116 = VERTEX_POINT('',#2117);
#2117 = CARTESIAN_POINT('',(108.72,-20.,9.61));
#2118 = LINE('',#2119,#2120);
#2119 = CARTESIAN_POINT('',(111.63666666666,-22.91666666666,
    12.526666666667));
#2120 = VECTOR('',#2121,1.);
#2121 = DIRECTION('',(-0.57735026919,0.57735026919,-0.57735026919));
#2122 = ORIENTED_EDGE('',*,*,#2123,.F.);
#2123 = EDGE_CURVE('',#2092,#2116,#2124,.T.);
#2124 = LINE('',#2125,#2126);
#2125 = CARTESIAN_POINT('',(108.72,-36.5,9.61));
#2126 = VECTOR('',#2127,1.);
#2127 = DIRECTION('',(0.,1.,0.));
#2128 = PLANE('',#2129);
#2129 = AXIS2_PLACEMENT_3D('',#2130,#2131,#2132);
#2130 = CARTESIAN_POINT('',(108.97,-36.5,9.86));
#2131 = DIRECTION('',(-0.707106781187,1.889513820523E-18,0.707106781187)
  );
#2132 = DIRECTION('',(1.336088035637E-18,1.,-1.336088035637E-18));
#2133 = ADVANCED_FACE('',(#2134),#2150,.T.);
#2134 = FACE_BOUND('',#2135,.T.);
#2135 = EDGE_LOOP('',(#2136,#2137,#2138,#2144));
#2136 = ORIENTED_EDGE('',*,*,#2115,.F.);
#2137 = ORIENTED_EDGE('',*,*,#493,.T.);
#2138 = ORIENTED_EDGE('',*,*,#2139,.T.);
#2139 = EDGE_CURVE('',#486,#1065,#2140,.T.);
#2140 = LINE('',#2141,#2142);
#2141 = CARTESIAN_POINT('',(146.60333333333,-27.77666666666,
    17.386666666667));
#2142 = VECTOR('',#2143,1.);
#2143 = DIRECTION('',(0.57735026919,0.57735026919,-0.57735026919));
#2144 = ORIENTED_EDGE('',*,*,#2145,.F.);
#2145 = EDGE_CURVE('',#2116,#1065,#2146,.T.);
#2146 = LINE('',#2147,#2148);
#2147 = CARTESIAN_POINT('',(108.72,-20.,9.61));
#2148 = VECTOR('',#2149,1.);
#2149 = DIRECTION('',(1.,0.,0.));
#2150 = PLANE('',#2151);
#2151 = AXIS2_PLACEMENT_3D('',#2152,#2153,#2154);
#2152 = CARTESIAN_POINT('',(108.72,-20.25,9.86));
#2153 = DIRECTION('',(-1.889513820523E-18,0.707106781187,0.707106781187)
  );
#2154 = DIRECTION('',(1.,1.336088035637E-18,1.336088035637E-18));
#2155 = ADVANCED_FACE('',(#2156),#2162,.T.);
#2156 = FACE_BOUND('',#2157,.T.);
#2157 = EDGE_LOOP('',(#2158,#2159,#2160,#2161));
#2158 = ORIENTED_EDGE('',*,*,#2139,.F.);
#2159 = ORIENTED_EDGE('',*,*,#485,.T.);
#2160 = ORIENTED_EDGE('',*,*,#1045,.T.);
#2161 = ORIENTED_EDGE('',*,*,#1072,.F.);
#2162 = PLANE('',#2163);
#2163 = AXIS2_PLACEMENT_3D('',#2164,#2165,#2166);
#2164 = CARTESIAN_POINT('',(154.13,-20.,9.86));
#2165 = DIRECTION('',(0.707106781187,-1.889513820523E-18,0.707106781187)
  );
#2166 = DIRECTION('',(-1.336088035637E-18,-1.,-1.336088035637E-18));
#2167 = ADVANCED_FACE('',(#2168),#2186,.F.);
#2168 = FACE_BOUND('',#2169,.T.);
#2169 = EDGE_LOOP('',(#2170,#2171,#2178,#2185));
#2170 = ORIENTED_EDGE('',*,*,#607,.T.);
#2171 = ORIENTED_EDGE('',*,*,#2172,.T.);
#2172 = EDGE_CURVE('',#608,#2173,#2175,.T.);
#2173 = VERTEX_POINT('',#2174);
#2174 = CARTESIAN_POINT('',(55.1,-76.5,1.31));
#2175 = B_SPLINE_CURVE_WITH_KNOTS('',1,(#2176,#2177),.UNSPECIFIED.,.F.,
  .F.,(2,2),(-1.,7.8),.PIECEWISE_BEZIER_KNOTS.);
#2176 = CARTESIAN_POINT('',(55.1,-76.5,10.11));
#2177 = CARTESIAN_POINT('',(55.1,-76.5,1.31));
#2178 = ORIENTED_EDGE('',*,*,#2179,.T.);
#2179 = EDGE_CURVE('',#2173,#2173,#2180,.T.);
#2180 = CIRCLE('',#2181,1.6);
#2181 = AXIS2_PLACEMENT_3D('',#2182,#2183,#2184);
#2182 = CARTESIAN_POINT('',(53.5,-76.5,1.31));
#2183 = DIRECTION('',(0.,0.,-1.));
#2184 = DIRECTION('',(1.,0.,0.));
#2185 = ORIENTED_EDGE('',*,*,#2172,.F.);
#2186 = CYLINDRICAL_SURFACE('',#2187,1.6);
#2187 = AXIS2_PLACEMENT_3D('',#2188,#2189,#2190);
#2188 = CARTESIAN_POINT('',(53.5,-76.5,9.11));
#2189 = DIRECTION('',(-0.,-0.,-1.));
#2190 = DIRECTION('',(1.,0.,0.));
#2191 = ADVANCED_FACE('',(#2192),#2210,.F.);
#2192 = FACE_BOUND('',#2193,.T.);
#2193 = EDGE_LOOP('',(#2194,#2195,#2202,#2209));
#2194 = ORIENTED_EDGE('',*,*,#618,.T.);
#2195 = ORIENTED_EDGE('',*,*,#2196,.T.);
#2196 = EDGE_CURVE('',#619,#2197,#2199,.T.);
#2197 = VERTEX_POINT('',#2198);
#2198 = CARTESIAN_POINT('',(188.1,-76.5,1.31));
#2199 = B_SPLINE_CURVE_WITH_KNOTS('',1,(#2200,#2201),.UNSPECIFIED.,.F.,
  .F.,(2,2),(-2.6,6.2),.PIECEWISE_BEZIER_KNOTS.);
#2200 = CARTESIAN_POINT('',(188.1,-76.5,10.11));
#2201 = CARTESIAN_POINT('',(188.1,-76.5,1.31));
#2202 = ORIENTED_EDGE('',*,*,#2203,.T.);
#2203 = EDGE_CURVE('',#2197,#2197,#2204,.T.);
#2204 = CIRCLE('',#2205,1.6);
#2205 = AXIS2_PLACEMENT_3D('',#2206,#2207,#2208);
#2206 = CARTESIAN_POINT('',(186.5,-76.5,1.31));
#2207 = DIRECTION('',(0.,0.,-1.));
#2208 = DIRECTION('',(1.,0.,0.));
#2209 = ORIENTED_EDGE('',*,*,#2196,.F.);
#2210 = CYLINDRICAL_SURFACE('',#2211,1.6);
#2211 = AXIS2_PLACEMENT_3D('',#2212,#2213,#2214);
#2212 = CARTESIAN_POINT('',(186.5,-76.5,7.51));
#2213 = DIRECTION('',(-0.,-0.,-1.));
#2214 = DIRECTION('',(1.,0.,0.));
#2215 = ADVANCED_FACE('',(#2216),#2232,.T.);
#2216 = FACE_BOUND('',#2217,.T.);
#2217 = EDGE_LOOP('',(#2218,#2219,#2225,#2226));
#2218 = ORIENTED_EDGE('',*,*,#1494,.F.);
#2219 = ORIENTED_EDGE('',*,*,#2220,.T.);
#2220 = EDGE_CURVE('',#1495,#630,#2221,.T.);
#2221 = LINE('',#2222,#2223);
#2222 = CARTESIAN_POINT('',(91.23,-59.25,9.11));
#2223 = VECTOR('',#2224,1.);
#2224 = DIRECTION('',(0.,0.,1.));
#2225 = ORIENTED_EDGE('',*,*,#629,.T.);
#2226 = ORIENTED_EDGE('',*,*,#2227,.F.);
#2227 = EDGE_CURVE('',#1497,#632,#2228,.T.);
#2228 = LINE('',#2229,#2230);
#2229 = CARTESIAN_POINT('',(91.23,-28.25,9.11));
#2230 = VECTOR('',#2231,1.);
#2231 = DIRECTION('',(0.,0.,1.));
#2232 = PLANE('',#2233);
#2233 = AXIS2_PLACEMENT_3D('',#2234,#2235,#2236);
#2234 = CARTESIAN_POINT('',(91.23,-43.75,8.81));
#2235 = DIRECTION('',(-1.,-0.,-0.));
#2236 = DIRECTION('',(0.,0.,-1.));
#2237 = ADVANCED_FACE('',(#2238),#2249,.T.);
#2238 = FACE_BOUND('',#2239,.T.);
#2239 = EDGE_LOOP('',(#2240,#2241,#2242,#2243));
#2240 = ORIENTED_EDGE('',*,*,#1520,.F.);
#2241 = ORIENTED_EDGE('',*,*,#2227,.T.);
#2242 = ORIENTED_EDGE('',*,*,#655,.T.);
#2243 = ORIENTED_EDGE('',*,*,#2244,.F.);
#2244 = EDGE_CURVE('',#1513,#648,#2245,.T.);
#2245 = LINE('',#2246,#2247);
#2246 = CARTESIAN_POINT('',(59.23,-28.25,9.11));
#2247 = VECTOR('',#2248,1.);
#2248 = DIRECTION('',(0.,0.,1.));
#2249 = PLANE('',#2250);
#2250 = AXIS2_PLACEMENT_3D('',#2251,#2252,#2253);
#2251 = CARTESIAN_POINT('',(75.23,-28.25,8.81));
#2252 = DIRECTION('',(-0.,-1.,-0.));
#2253 = DIRECTION('',(0.,0.,-1.));
#2254 = ADVANCED_FACE('',(#2255),#2266,.T.);
#2255 = FACE_BOUND('',#2256,.T.);
#2256 = EDGE_LOOP('',(#2257,#2258,#2259,#2260));
#2257 = ORIENTED_EDGE('',*,*,#1512,.T.);
#2258 = ORIENTED_EDGE('',*,*,#2244,.T.);
#2259 = ORIENTED_EDGE('',*,*,#647,.T.);
#2260 = ORIENTED_EDGE('',*,*,#2261,.F.);
#2261 = EDGE_CURVE('',#1505,#640,#2262,.T.);
#2262 = LINE('',#2263,#2264);
#2263 = CARTESIAN_POINT('',(59.23,-59.25,7.51));
#2264 = VECTOR('',#2265,1.);
#2265 = DIRECTION('',(0.,0.,1.));
#2266 = PLANE('',#2267);
#2267 = AXIS2_PLACEMENT_3D('',#2268,#2269,#2270);
#2268 = CARTESIAN_POINT('',(59.23,-43.75,8.81));
#2269 = DIRECTION('',(1.,0.,0.));
#2270 = DIRECTION('',(0.,0.,1.));
#2271 = ADVANCED_FACE('',(#2272),#2278,.T.);
#2272 = FACE_BOUND('',#2273,.T.);
#2273 = EDGE_LOOP('',(#2274,#2275,#2276,#2277));
#2274 = ORIENTED_EDGE('',*,*,#1504,.T.);
#2275 = ORIENTED_EDGE('',*,*,#2261,.T.);
#2276 = ORIENTED_EDGE('',*,*,#639,.T.);
#2277 = ORIENTED_EDGE('',*,*,#2220,.F.);
#2278 = PLANE('',#2279);
#2279 = AXIS2_PLACEMENT_3D('',#2280,#2281,#2282);
#2280 = CARTESIAN_POINT('',(75.23,-59.25,8.81));
#2281 = DIRECTION('',(0.,1.,0.));
#2282 = DIRECTION('',(0.,0.,1.));
#2283 = ADVANCED_FACE('',(#2284),#2294,.F.);
#2284 = FACE_BOUND('',#2285,.T.);
#2285 = EDGE_LOOP('',(#2286,#2287,#2292,#2293));
#2286 = ORIENTED_EDGE('',*,*,#663,.T.);
#2287 = ORIENTED_EDGE('',*,*,#2288,.T.);
#2288 = EDGE_CURVE('',#664,#1484,#2289,.T.);
#2289 = B_SPLINE_CURVE_WITH_KNOTS('',1,(#2290,#2291),.UNSPECIFIED.,.F.,
  .F.,(2,2),(-2.6,0.),.PIECEWISE_BEZIER_KNOTS.);
#2290 = CARTESIAN_POINT('',(114.,-49.,10.11));
#2291 = CARTESIAN_POINT('',(114.,-49.,7.51));
#2292 = ORIENTED_EDGE('',*,*,#1483,.F.);
#2293 = ORIENTED_EDGE('',*,*,#2288,.F.);
#2294 = CYLINDRICAL_SURFACE('',#2295,10.);
#2295 = AXIS2_PLACEMENT_3D('',#2296,#2297,#2298);
#2296 = CARTESIAN_POINT('',(104.,-49.,7.51));
#2297 = DIRECTION('',(-0.,-0.,-1.));
#2298 = DIRECTION('',(1.,0.,0.));
#2299 = ADVANCED_FACE('',(#2300),#2318,.F.);
#2300 = FACE_BOUND('',#2301,.T.);
#2301 = EDGE_LOOP('',(#2302,#2303,#2310,#2317));
#2302 = ORIENTED_EDGE('',*,*,#674,.T.);
#2303 = ORIENTED_EDGE('',*,*,#2304,.T.);
#2304 = EDGE_CURVE('',#675,#2305,#2307,.T.);
#2305 = VERTEX_POINT('',#2306);
#2306 = CARTESIAN_POINT('',(55.1,-23.5,1.31));
#2307 = B_SPLINE_CURVE_WITH_KNOTS('',1,(#2308,#2309),.UNSPECIFIED.,.F.,
  .F.,(2,2),(-1.,7.8),.PIECEWISE_BEZIER_KNOTS.);
#2308 = CARTESIAN_POINT('',(55.1,-23.5,10.11));
#2309 = CARTESIAN_POINT('',(55.1,-23.5,1.31));
#2310 = ORIENTED_EDGE('',*,*,#2311,.T.);
#2311 = EDGE_CURVE('',#2305,#2305,#2312,.T.);
#2312 = CIRCLE('',#2313,1.6);
#2313 = AXIS2_PLACEMENT_3D('',#2314,#2315,#2316);
#2314 = CARTESIAN_POINT('',(53.5,-23.5,1.31));
#2315 = DIRECTION('',(0.,0.,-1.));
#2316 = DIRECTION('',(1.,0.,0.));
#2317 = ORIENTED_EDGE('',*,*,#2304,.F.);
#2318 = CYLINDRICAL_SURFACE('',#2319,1.6);
#2319 = AXIS2_PLACEMENT_3D('',#2320,#2321,#2322);
#2320 = CARTESIAN_POINT('',(53.5,-23.5,9.11));
#2321 = DIRECTION('',(-0.,-0.,-1.));
#2322 = DIRECTION('',(1.,0.,0.));
#2323 = ADVANCED_FACE('',(#2324),#2342,.F.);
#2324 = FACE_BOUND('',#2325,.T.);
#2325 = EDGE_LOOP('',(#2326,#2327,#2334,#2341));
#2326 = ORIENTED_EDGE('',*,*,#685,.T.);
#2327 = ORIENTED_EDGE('',*,*,#2328,.T.);
#2328 = EDGE_CURVE('',#686,#2329,#2331,.T.);
#2329 = VERTEX_POINT('',#2330);
#2330 = CARTESIAN_POINT('',(188.1,-23.5,1.31));
#2331 = B_SPLINE_CURVE_WITH_KNOTS('',1,(#2332,#2333),.UNSPECIFIED.,.F.,
  .F.,(2,2),(-2.6,6.2),.PIECEWISE_BEZIER_KNOTS.);
#2332 = CARTESIAN_POINT('',(188.1,-23.5,10.11));
#2333 = CARTESIAN_POINT('',(188.1,-23.5,1.31));
#2334 = ORIENTED_EDGE('',*,*,#2335,.T.);
#2335 = EDGE_CURVE('',#2329,#2329,#2336,.T.);
#2336 = CIRCLE('',#2337,1.6);
#2337 = AXIS2_PLACEMENT_3D('',#2338,#2339,#2340);
#2338 = CARTESIAN_POINT('',(186.5,-23.5,1.31));
#2339 = DIRECTION('',(0.,0.,-1.));
#2340 = DIRECTION('',(1.,0.,0.));
#2341 = ORIENTED_EDGE('',*,*,#2328,.F.);
#2342 = CYLINDRICAL_SURFACE('',#2343,1.6);
#2343 = AXIS2_PLACEMENT_3D('',#2344,#2345,#2346);
#2344 = CARTESIAN_POINT('',(186.5,-23.5,7.51));
#2345 = DIRECTION('',(-0.,-0.,-1.));
#2346 = DIRECTION('',(1.,0.,0.));
#2347 = ADVANCED_FACE('',(#2348),#2359,.T.);
#2348 = FACE_BOUND('',#2349,.T.);
#2349 = EDGE_LOOP('',(#2350,#2351,#2352,#2358));
#2350 = ORIENTED_EDGE('',*,*,#801,.T.);
#2351 = ORIENTED_EDGE('',*,*,#1866,.F.);
#2352 = ORIENTED_EDGE('',*,*,#2353,.F.);
#2353 = EDGE_CURVE('',#1460,#1813,#2354,.T.);
#2354 = LINE('',#2355,#2356);
#2355 = CARTESIAN_POINT('',(163.9025,-62.,9.11));
#2356 = VECTOR('',#2357,1.);
#2357 = DIRECTION('',(0.,0.,1.));
#2358 = ORIENTED_EDGE('',*,*,#1467,.T.);
#2359 = PLANE('',#2360);
#2360 = AXIS2_PLACEMENT_3D('',#2361,#2362,#2363);
#2361 = CARTESIAN_POINT('',(173.1175,-62.,8.81));
#2362 = DIRECTION('',(-0.,-1.,-0.));
#2363 = DIRECTION('',(0.,0.,-1.));
#2364 = ADVANCED_FACE('',(#2365,#2368),#2371,.F.);
#2365 = FACE_BOUND('',#2366,.T.);
#2366 = EDGE_LOOP('',(#2367));
#2367 = ORIENTED_EDGE('',*,*,#905,.T.);
#2368 = FACE_BOUND('',#2369,.F.);
#2369 = EDGE_LOOP('',(#2370));
#2370 = ORIENTED_EDGE('',*,*,#2203,.T.);
#2371 = PLANE('',#2372);
#2372 = AXIS2_PLACEMENT_3D('',#2373,#2374,#2375);
#2373 = CARTESIAN_POINT('',(120.,-50.,1.31));
#2374 = DIRECTION('',(0.,0.,1.));
#2375 = DIRECTION('',(1.,0.,0.));
#2376 = ADVANCED_FACE('',(#2377,#2380),#2383,.F.);
#2377 = FACE_BOUND('',#2378,.T.);
#2378 = EDGE_LOOP('',(#2379));
#2379 = ORIENTED_EDGE('',*,*,#971,.T.);
#2380 = FACE_BOUND('',#2381,.F.);
#2381 = EDGE_LOOP('',(#2382));
#2382 = ORIENTED_EDGE('',*,*,#2335,.T.);
#2383 = PLANE('',#2384);
#2384 = AXIS2_PLACEMENT_3D('',#2385,#2386,#2387);
#2385 = CARTESIAN_POINT('',(120.,-50.,1.31));
#2386 = DIRECTION('',(0.,0.,1.));
#2387 = DIRECTION('',(1.,0.,0.));
#2388 = ADVANCED_FACE('',(#2389),#2471,.T.);
#2389 = FACE_BOUND('',#2390,.T.);
#2390 = EDGE_LOOP('',(#2391,#2399,#2400,#2401,#2409,#2417,#2425,#2433,
    #2441,#2449,#2457,#2465));
#2391 = ORIENTED_EDGE('',*,*,#2392,.F.);
#2392 = EDGE_CURVE('',#2116,#2393,#2395,.T.);
#2393 = VERTEX_POINT('',#2394);
#2394 = CARTESIAN_POINT('',(108.72,-20.,1.51));
#2395 = LINE('',#2396,#2397);
#2396 = CARTESIAN_POINT('',(108.72,-20.,7.51));
#2397 = VECTOR('',#2398,1.);
#2398 = DIRECTION('',(0.,0.,-1.));
#2399 = ORIENTED_EDGE('',*,*,#2145,.T.);
#2400 = ORIENTED_EDGE('',*,*,#1062,.F.);
#2401 = ORIENTED_EDGE('',*,*,#2402,.F.);
#2402 = EDGE_CURVE('',#2403,#1063,#2405,.T.);
#2403 = VERTEX_POINT('',#2404);
#2404 = CARTESIAN_POINT('',(142.1899995,-20.,1.51));
#2405 = LINE('',#2406,#2407);
#2406 = CARTESIAN_POINT('',(108.72,-20.,1.51));
#2407 = VECTOR('',#2408,1.);
#2408 = DIRECTION('',(1.,0.,0.));
#2409 = ORIENTED_EDGE('',*,*,#2410,.F.);
#2410 = EDGE_CURVE('',#2411,#2403,#2413,.T.);
#2411 = VERTEX_POINT('',#2412);
#2412 = CARTESIAN_POINT('',(142.1899995,-20.,5.155));
#2413 = LINE('',#2414,#2415);
#2414 = CARTESIAN_POINT('',(142.1899995,-20.,3.3575));
#2415 = VECTOR('',#2416,1.);
#2416 = DIRECTION('',(0.,0.,-1.));
#2417 = ORIENTED_EDGE('',*,*,#2418,.F.);
#2418 = EDGE_CURVE('',#2419,#2411,#2421,.T.);
#2419 = VERTEX_POINT('',#2420);
#2420 = CARTESIAN_POINT('',(138.2899995,-20.,5.155));
#2421 = LINE('',#2422,#2423);
#2422 = CARTESIAN_POINT('',(134.86999975,-20.,5.155));
#2423 = VECTOR('',#2424,1.);
#2424 = DIRECTION('',(1.,0.,0.));
#2425 = ORIENTED_EDGE('',*,*,#2426,.F.);
#2426 = EDGE_CURVE('',#2427,#2419,#2429,.T.);
#2427 = VERTEX_POINT('',#2428);
#2428 = CARTESIAN_POINT('',(138.2899995,-20.,3.855));
#2429 = LINE('',#2430,#2431);
#2430 = CARTESIAN_POINT('',(138.2899995,-20.,4.5825));
#2431 = VECTOR('',#2432,1.);
#2432 = DIRECTION('',(0.,0.,1.));
#2433 = ORIENTED_EDGE('',*,*,#2434,.F.);
#2434 = EDGE_CURVE('',#2435,#2427,#2437,.T.);
#2435 = VERTEX_POINT('',#2436);
#2436 = CARTESIAN_POINT('',(133.8899995,-20.,3.855));
#2437 = LINE('',#2438,#2439);
#2438 = CARTESIAN_POINT('',(138.1899995,-20.,3.855));
#2439 = VECTOR('',#2440,1.);
#2440 = DIRECTION('',(1.,0.,0.));
#2441 = ORIENTED_EDGE('',*,*,#2442,.F.);
#2442 = EDGE_CURVE('',#2443,#2435,#2445,.T.);
#2443 = VERTEX_POINT('',#2444);
#2444 = CARTESIAN_POINT('',(133.8899995,-20.,5.155000000002));
#2445 = LINE('',#2446,#2447);
#2446 = CARTESIAN_POINT('',(133.8899995,-20.,3.855));
#2447 = VECTOR('',#2448,1.);
#2448 = DIRECTION('',(0.,3.2E-16,-1.));
#2449 = ORIENTED_EDGE('',*,*,#2450,.F.);
#2450 = EDGE_CURVE('',#2451,#2443,#2453,.T.);
#2451 = VERTEX_POINT('',#2452);
#2452 = CARTESIAN_POINT('',(129.9899995,-20.,5.155000000002));
#2453 = LINE('',#2454,#2455);
#2454 = CARTESIAN_POINT('',(130.76999975,-20.,5.155000000002));
#2455 = VECTOR('',#2456,1.);
#2456 = DIRECTION('',(1.,0.,0.));
#2457 = ORIENTED_EDGE('',*,*,#2458,.F.);
#2458 = EDGE_CURVE('',#2459,#2451,#2461,.T.);
#2459 = VERTEX_POINT('',#2460);
#2460 = CARTESIAN_POINT('',(129.9899995,-20.,1.51));
#2461 = LINE('',#2462,#2463);
#2462 = CARTESIAN_POINT('',(129.9899995,-20.,3.357500000001));
#2463 = VECTOR('',#2464,1.);
#2464 = DIRECTION('',(0.,0.,1.));
#2465 = ORIENTED_EDGE('',*,*,#2466,.F.);
#2466 = EDGE_CURVE('',#2393,#2459,#2467,.T.);
#2467 = LINE('',#2468,#2469);
#2468 = CARTESIAN_POINT('',(108.72,-20.,1.51));
#2469 = VECTOR('',#2470,1.);
#2470 = DIRECTION('',(1.,0.,0.));
#2471 = PLANE('',#2472);
#2472 = AXIS2_PLACEMENT_3D('',#2473,#2474,#2475);
#2473 = CARTESIAN_POINT('',(131.92919597208,-20.,5.956060510092));
#2474 = DIRECTION('',(0.,1.,0.));
#2475 = DIRECTION('',(0.,0.,1.));
#2476 = ADVANCED_FACE('',(#2477),#2511,.T.);
#2477 = FACE_BOUND('',#2478,.T.);
#2478 = EDGE_LOOP('',(#2479,#2480,#2481,#2489,#2497,#2505));
#2479 = ORIENTED_EDGE('',*,*,#2402,.T.);
#2480 = ORIENTED_EDGE('',*,*,#1087,.T.);
#2481 = ORIENTED_EDGE('',*,*,#2482,.T.);
#2482 = EDGE_CURVE('',#1080,#2483,#2485,.T.);
#2483 = VERTEX_POINT('',#2484);
#2484 = CARTESIAN_POINT('',(153.38,-44.16,1.51));
#2485 = LINE('',#2486,#2487);
#2486 = CARTESIAN_POINT('',(154.38,-44.16,1.51));
#2487 = VECTOR('',#2488,1.);
#2488 = DIRECTION('',(-1.,0.,0.));
#2489 = ORIENTED_EDGE('',*,*,#2490,.T.);
#2490 = EDGE_CURVE('',#2483,#2491,#2493,.T.);
#2491 = VERTEX_POINT('',#2492);
#2492 = CARTESIAN_POINT('',(153.38,-28.,1.51));
#2493 = LINE('',#2494,#2495);
#2494 = CARTESIAN_POINT('',(153.38,-44.16,1.51));
#2495 = VECTOR('',#2496,1.);
#2496 = DIRECTION('',(0.,1.,0.));
#2497 = ORIENTED_EDGE('',*,*,#2498,.F.);
#2498 = EDGE_CURVE('',#2499,#2491,#2501,.T.);
#2499 = VERTEX_POINT('',#2500);
#2500 = CARTESIAN_POINT('',(142.1899995,-28.,1.51));
#2501 = LINE('',#2502,#2503);
#2502 = CARTESIAN_POINT('',(142.1899995,-28.,1.51));
#2503 = VECTOR('',#2504,1.);
#2504 = DIRECTION('',(1.,0.,0.));
#2505 = ORIENTED_EDGE('',*,*,#2506,.F.);
#2506 = EDGE_CURVE('',#2403,#2499,#2507,.T.);
#2507 = LINE('',#2508,#2509);
#2508 = CARTESIAN_POINT('',(142.1899995,-21.,1.51));
#2509 = VECTOR('',#2510,1.);
#2510 = DIRECTION('',(0.,-1.,2.2E-16));
#2511 = PLANE('',#2512);
#2512 = AXIS2_PLACEMENT_3D('',#2513,#2514,#2515);
#2513 = CARTESIAN_POINT('',(150.77235058346,-29.59264916653,1.51));
#2514 = DIRECTION('',(-0.,-0.,-1.));
#2515 = DIRECTION('',(-1.,0.,0.));
#2516 = ADVANCED_FACE('',(#2517),#2528,.F.);
#2517 = FACE_BOUND('',#2518,.F.);
#2518 = EDGE_LOOP('',(#2519,#2520,#2521,#2527));
#2519 = ORIENTED_EDGE('',*,*,#1079,.T.);
#2520 = ORIENTED_EDGE('',*,*,#2482,.T.);
#2521 = ORIENTED_EDGE('',*,*,#2522,.F.);
#2522 = EDGE_CURVE('',#1104,#2483,#2523,.T.);
#2523 = LINE('',#2524,#2525);
#2524 = CARTESIAN_POINT('',(153.38,-44.16,7.51));
#2525 = VECTOR('',#2526,1.);
#2526 = DIRECTION('',(0.,0.,-1.));
#2527 = ORIENTED_EDGE('',*,*,#1103,.F.);
#2528 = PLANE('',#2529);
#2529 = AXIS2_PLACEMENT_3D('',#2530,#2531,#2532);
#2530 = CARTESIAN_POINT('',(154.38,-44.16,7.51));
#2531 = DIRECTION('',(0.,1.,0.));
#2532 = DIRECTION('',(-1.,0.,0.));
#2533 = ADVANCED_FACE('',(#2534),#2559,.T.);
#2534 = FACE_BOUND('',#2535,.T.);
#2535 = EDGE_LOOP('',(#2536,#2544,#2552,#2558));
#2536 = ORIENTED_EDGE('',*,*,#2537,.T.);
#2537 = EDGE_CURVE('',#1460,#2538,#2540,.T.);
#2538 = VERTEX_POINT('',#2539);
#2539 = CARTESIAN_POINT('',(163.9025,-62.,1.51));
#2540 = LINE('',#2541,#2542);
#2541 = CARTESIAN_POINT('',(163.9025,-62.,7.51));
#2542 = VECTOR('',#2543,1.);
#2543 = DIRECTION('',(0.,0.,-1.));
#2544 = ORIENTED_EDGE('',*,*,#2545,.T.);
#2545 = EDGE_CURVE('',#2538,#2546,#2548,.T.);
#2546 = VERTEX_POINT('',#2547);
#2547 = CARTESIAN_POINT('',(162.9025,-62.,1.51));
#2548 = LINE('',#2549,#2550);
#2549 = CARTESIAN_POINT('',(163.9025,-62.,1.51));
#2550 = VECTOR('',#2551,1.);
#2551 = DIRECTION('',(-1.,0.,0.));
#2552 = ORIENTED_EDGE('',*,*,#2553,.F.);
#2553 = EDGE_CURVE('',#1452,#2546,#2554,.T.);
#2554 = LINE('',#2555,#2556);
#2555 = CARTESIAN_POINT('',(162.9025,-62.,7.51));
#2556 = VECTOR('',#2557,1.);
#2557 = DIRECTION('',(0.,0.,-1.));
#2558 = ORIENTED_EDGE('',*,*,#1459,.F.);
#2559 = PLANE('',#2560);
#2560 = AXIS2_PLACEMENT_3D('',#2561,#2562,#2563);
#2561 = CARTESIAN_POINT('',(163.9025,-62.,7.51));
#2562 = DIRECTION('',(0.,1.,0.));
#2563 = DIRECTION('',(-1.,0.,0.));
#2564 = ADVANCED_FACE('',(#2565),#2583,.F.);
#2565 = FACE_BOUND('',#2566,.F.);
#2566 = EDGE_LOOP('',(#2567,#2575,#2581,#2582));
#2567 = ORIENTED_EDGE('',*,*,#2568,.T.);
#2568 = EDGE_CURVE('',#1444,#2569,#2571,.T.);
#2569 = VERTEX_POINT('',#2570);
#2570 = CARTESIAN_POINT('',(162.9025,-79.,1.51));
#2571 = LINE('',#2572,#2573);
#2572 = CARTESIAN_POINT('',(162.9025,-79.,7.51));
#2573 = VECTOR('',#2574,1.);
#2574 = DIRECTION('',(0.,0.,-1.));
#2575 = ORIENTED_EDGE('',*,*,#2576,.T.);
#2576 = EDGE_CURVE('',#2569,#2546,#2577,.T.);
#2577 = LINE('',#2578,#2579);
#2578 = CARTESIAN_POINT('',(162.9025,-79.,1.51));
#2579 = VECTOR('',#2580,1.);
#2580 = DIRECTION('',(0.,1.,0.));
#2581 = ORIENTED_EDGE('',*,*,#2553,.F.);
#2582 = ORIENTED_EDGE('',*,*,#1451,.F.);
#2583 = PLANE('',#2584);
#2584 = AXIS2_PLACEMENT_3D('',#2585,#2586,#2587);
#2585 = CARTESIAN_POINT('',(162.9025,-79.,7.51));
#2586 = DIRECTION('',(1.,0.,0.));
#2587 = DIRECTION('',(0.,1.,0.));
#2588 = ADVANCED_FACE('',(#2589),#2607,.F.);
#2589 = FACE_BOUND('',#2590,.F.);
#2590 = EDGE_LOOP('',(#2591,#2599,#2605,#2606));
#2591 = ORIENTED_EDGE('',*,*,#2592,.T.);
#2592 = EDGE_CURVE('',#1436,#2593,#2595,.T.);
#2593 = VERTEX_POINT('',#2594);
#2594 = CARTESIAN_POINT('',(151.5,-79.,1.51));
#2595 = LINE('',#2596,#2597);
#2596 = CARTESIAN_POINT('',(151.5,-79.,7.51));
#2597 = VECTOR('',#2598,1.);
#2598 = DIRECTION('',(0.,0.,-1.));
#2599 = ORIENTED_EDGE('',*,*,#2600,.T.);
#2600 = EDGE_CURVE('',#2593,#2569,#2601,.T.);
#2601 = LINE('',#2602,#2603);
#2602 = CARTESIAN_POINT('',(151.5,-79.,1.51));
#2603 = VECTOR('',#2604,1.);
#2604 = DIRECTION('',(1.,0.,0.));
#2605 = ORIENTED_EDGE('',*,*,#2568,.F.);
#2606 = ORIENTED_EDGE('',*,*,#1443,.F.);
#2607 = PLANE('',#2608);
#2608 = AXIS2_PLACEMENT_3D('',#2609,#2610,#2611);
#2609 = CARTESIAN_POINT('',(151.5,-79.,7.51));
#2610 = DIRECTION('',(0.,-1.,0.));
#2611 = DIRECTION('',(1.,0.,0.));
#2612 = ADVANCED_FACE('',(#2613),#2631,.F.);
#2613 = FACE_BOUND('',#2614,.F.);
#2614 = EDGE_LOOP('',(#2615,#2623,#2629,#2630));
#2615 = ORIENTED_EDGE('',*,*,#2616,.T.);
#2616 = EDGE_CURVE('',#1428,#2617,#2619,.T.);
#2617 = VERTEX_POINT('',#2618);
#2618 = CARTESIAN_POINT('',(151.5,-68.,1.51));
#2619 = LINE('',#2620,#2621);
#2620 = CARTESIAN_POINT('',(151.5,-68.,7.51));
#2621 = VECTOR('',#2622,1.);
#2622 = DIRECTION('',(0.,0.,-1.));
#2623 = ORIENTED_EDGE('',*,*,#2624,.T.);
#2624 = EDGE_CURVE('',#2617,#2593,#2625,.T.);
#2625 = LINE('',#2626,#2627);
#2626 = CARTESIAN_POINT('',(151.5,-68.,1.51));
#2627 = VECTOR('',#2628,1.);
#2628 = DIRECTION('',(0.,-1.,0.));
#2629 = ORIENTED_EDGE('',*,*,#2592,.F.);
#2630 = ORIENTED_EDGE('',*,*,#1435,.F.);
#2631 = PLANE('',#2632);
#2632 = AXIS2_PLACEMENT_3D('',#2633,#2634,#2635);
#2633 = CARTESIAN_POINT('',(151.5,-68.,7.51));
#2634 = DIRECTION('',(-1.,-0.,-0.));
#2635 = DIRECTION('',(0.,-1.,0.));
#2636 = ADVANCED_FACE('',(#2637),#2655,.F.);
#2637 = FACE_BOUND('',#2638,.F.);
#2638 = EDGE_LOOP('',(#2639,#2647,#2653,#2654));
#2639 = ORIENTED_EDGE('',*,*,#2640,.T.);
#2640 = EDGE_CURVE('',#1420,#2641,#2643,.T.);
#2641 = VERTEX_POINT('',#2642);
#2642 = CARTESIAN_POINT('',(150.5,-68.,1.51));
#2643 = LINE('',#2644,#2645);
#2644 = CARTESIAN_POINT('',(150.5,-68.,7.51));
#2645 = VECTOR('',#2646,1.);
#2646 = DIRECTION('',(0.,0.,-1.));
#2647 = ORIENTED_EDGE('',*,*,#2648,.T.);
#2648 = EDGE_CURVE('',#2641,#2617,#2649,.T.);
#2649 = LINE('',#2650,#2651);
#2650 = CARTESIAN_POINT('',(150.5,-68.,1.51));
#2651 = VECTOR('',#2652,1.);
#2652 = DIRECTION('',(1.,0.,0.));
#2653 = ORIENTED_EDGE('',*,*,#2616,.F.);
#2654 = ORIENTED_EDGE('',*,*,#1427,.F.);
#2655 = PLANE('',#2656);
#2656 = AXIS2_PLACEMENT_3D('',#2657,#2658,#2659);
#2657 = CARTESIAN_POINT('',(150.5,-68.,7.51));
#2658 = DIRECTION('',(0.,-1.,0.));
#2659 = DIRECTION('',(1.,0.,0.));
#2660 = ADVANCED_FACE('',(#2661),#2703,.T.);
#2661 = FACE_BOUND('',#2662,.T.);
#2662 = EDGE_LOOP('',(#2663,#2671,#2672,#2673,#2681,#2689,#2697));
#2663 = ORIENTED_EDGE('',*,*,#2664,.T.);
#2664 = EDGE_CURVE('',#2665,#1404,#2667,.T.);
#2665 = VERTEX_POINT('',#2666);
#2666 = CARTESIAN_POINT('',(149.5,-80.,9.61));
#2667 = LINE('',#2668,#2669);
#2668 = CARTESIAN_POINT('',(149.5,-80.,9.11));
#2669 = VECTOR('',#2670,1.);
#2670 = DIRECTION('',(-0.,-0.,-1.));
#2671 = ORIENTED_EDGE('',*,*,#1411,.F.);
#2672 = ORIENTED_EDGE('',*,*,#1651,.F.);
#2673 = ORIENTED_EDGE('',*,*,#2674,.F.);
#2674 = EDGE_CURVE('',#2675,#1644,#2677,.T.);
#2675 = VERTEX_POINT('',#2676);
#2676 = CARTESIAN_POINT('',(149.5,-69.,8.11));
#2677 = LINE('',#2678,#2679);
#2678 = CARTESIAN_POINT('',(149.5,-69.,8.11));
#2679 = VECTOR('',#2680,1.);
#2680 = DIRECTION('',(0.,1.,0.));
#2681 = ORIENTED_EDGE('',*,*,#2682,.F.);
#2682 = EDGE_CURVE('',#2683,#2675,#2685,.T.);
#2683 = VERTEX_POINT('',#2684);
#2684 = CARTESIAN_POINT('',(149.5,-69.,10.11));
#2685 = LINE('',#2686,#2687);
#2686 = CARTESIAN_POINT('',(149.5,-69.,9.11));
#2687 = VECTOR('',#2688,1.);
#2688 = DIRECTION('',(-0.,-0.,-1.));
#2689 = ORIENTED_EDGE('',*,*,#2690,.T.);
#2690 = EDGE_CURVE('',#2683,#2691,#2693,.T.);
#2691 = VERTEX_POINT('',#2692);
#2692 = CARTESIAN_POINT('',(149.5,-79.5,10.11));
#2693 = LINE('',#2694,#2695);
#2694 = CARTESIAN_POINT('',(149.5,-68.,10.11));
#2695 = VECTOR('',#2696,1.);
#2696 = DIRECTION('',(0.,-1.,0.));
#2697 = ORIENTED_EDGE('',*,*,#2698,.F.);
#2698 = EDGE_CURVE('',#2665,#2691,#2699,.T.);
#2699 = LINE('',#2700,#2701);
#2700 = CARTESIAN_POINT('',(149.5,-78.60924657534,11.000753424658));
#2701 = VECTOR('',#2702,1.);
#2702 = DIRECTION('',(0.,0.707106781187,0.707106781187));
#2703 = PLANE('',#2704);
#2704 = AXIS2_PLACEMENT_3D('',#2705,#2706,#2707);
#2705 = CARTESIAN_POINT('',(149.5,-74.06849315068,8.741506849315));
#2706 = DIRECTION('',(1.,0.,0.));
#2707 = DIRECTION('',(0.,0.,1.));
#2708 = ADVANCED_FACE('',(#2709),#2727,.T.);
#2709 = FACE_BOUND('',#2710,.T.);
#2710 = EDGE_LOOP('',(#2711,#2712,#2720,#2726));
#2711 = ORIENTED_EDGE('',*,*,#2664,.F.);
#2712 = ORIENTED_EDGE('',*,*,#2713,.T.);
#2713 = EDGE_CURVE('',#2665,#2714,#2716,.T.);
#2714 = VERTEX_POINT('',#2715);
#2715 = CARTESIAN_POINT('',(135.5,-80.,9.61));
#2716 = LINE('',#2717,#2718);
#2717 = CARTESIAN_POINT('',(149.5,-80.,9.61));
#2718 = VECTOR('',#2719,1.);
#2719 = DIRECTION('',(-1.,0.,0.));
#2720 = ORIENTED_EDGE('',*,*,#2721,.F.);
#2721 = EDGE_CURVE('',#1396,#2714,#2722,.T.);
#2722 = LINE('',#2723,#2724);
#2723 = CARTESIAN_POINT('',(135.5,-80.,9.11));
#2724 = VECTOR('',#2725,1.);
#2725 = DIRECTION('',(0.,0.,1.));
#2726 = ORIENTED_EDGE('',*,*,#1403,.F.);
#2727 = PLANE('',#2728);
#2728 = AXIS2_PLACEMENT_3D('',#2729,#2730,#2731);
#2729 = CARTESIAN_POINT('',(142.5,-80.,8.81));
#2730 = DIRECTION('',(-0.,-1.,-0.));
#2731 = DIRECTION('',(0.,0.,-1.));
#2732 = ADVANCED_FACE('',(#2733),#2768,.T.);
#2733 = FACE_BOUND('',#2734,.T.);
#2734 = EDGE_LOOP('',(#2735,#2736,#2744,#2752,#2760,#2766,#2767));
#2735 = ORIENTED_EDGE('',*,*,#2721,.T.);
#2736 = ORIENTED_EDGE('',*,*,#2737,.T.);
#2737 = EDGE_CURVE('',#2714,#2738,#2740,.T.);
#2738 = VERTEX_POINT('',#2739);
#2739 = CARTESIAN_POINT('',(135.5,-79.5,10.11));
#2740 = LINE('',#2741,#2742);
#2741 = CARTESIAN_POINT('',(135.5,-78.60924657534,11.000753424658));
#2742 = VECTOR('',#2743,1.);
#2743 = DIRECTION('',(0.,0.707106781187,0.707106781187));
#2744 = ORIENTED_EDGE('',*,*,#2745,.T.);
#2745 = EDGE_CURVE('',#2738,#2746,#2748,.T.);
#2746 = VERTEX_POINT('',#2747);
#2747 = CARTESIAN_POINT('',(135.5,-69.,10.11));
#2748 = LINE('',#2749,#2750);
#2749 = CARTESIAN_POINT('',(135.5,-80.,10.11));
#2750 = VECTOR('',#2751,1.);
#2751 = DIRECTION('',(0.,1.,0.));
#2752 = ORIENTED_EDGE('',*,*,#2753,.F.);
#2753 = EDGE_CURVE('',#2754,#2746,#2756,.T.);
#2754 = VERTEX_POINT('',#2755);
#2755 = CARTESIAN_POINT('',(135.5,-69.,8.11));
#2756 = LINE('',#2757,#2758);
#2757 = CARTESIAN_POINT('',(135.5,-69.,9.11));
#2758 = VECTOR('',#2759,1.);
#2759 = DIRECTION('',(0.,0.,1.));
#2760 = ORIENTED_EDGE('',*,*,#2761,.F.);
#2761 = EDGE_CURVE('',#1636,#2754,#2762,.T.);
#2762 = LINE('',#2763,#2764);
#2763 = CARTESIAN_POINT('',(135.5,-74.25,8.11));
#2764 = VECTOR('',#2765,1.);
#2765 = DIRECTION('',(0.,-1.,0.));
#2766 = ORIENTED_EDGE('',*,*,#1635,.T.);
#2767 = ORIENTED_EDGE('',*,*,#1395,.F.);
#2768 = PLANE('',#2769);
#2769 = AXIS2_PLACEMENT_3D('',#2770,#2771,#2772);
#2770 = CARTESIAN_POINT('',(135.5,-74.06849315068,8.741506849315));
#2771 = DIRECTION('',(-1.,-0.,-0.));
#2772 = DIRECTION('',(0.,0.,-1.));
#2773 = ADVANCED_FACE('',(#2774),#2816,.T.);
#2774 = FACE_BOUND('',#2775,.T.);
#2775 = EDGE_LOOP('',(#2776,#2784,#2785,#2786,#2794,#2802,#2810));
#2776 = ORIENTED_EDGE('',*,*,#2777,.T.);
#2777 = EDGE_CURVE('',#2778,#1372,#2780,.T.);
#2778 = VERTEX_POINT('',#2779);
#2779 = CARTESIAN_POINT('',(134.5,-80.,9.61));
#2780 = LINE('',#2781,#2782);
#2781 = CARTESIAN_POINT('',(134.5,-80.,9.11));
#2782 = VECTOR('',#2783,1.);
#2783 = DIRECTION('',(-0.,-0.,-1.));
#2784 = ORIENTED_EDGE('',*,*,#1379,.F.);
#2785 = ORIENTED_EDGE('',*,*,#1628,.F.);
#2786 = ORIENTED_EDGE('',*,*,#2787,.F.);
#2787 = EDGE_CURVE('',#2788,#1621,#2790,.T.);
#2788 = VERTEX_POINT('',#2789);
#2789 = CARTESIAN_POINT('',(134.5,-69.,8.11));
#2790 = LINE('',#2791,#2792);
#2791 = CARTESIAN_POINT('',(134.5,-68.25,8.11));
#2792 = VECTOR('',#2793,1.);
#2793 = DIRECTION('',(0.,1.,0.));
#2794 = ORIENTED_EDGE('',*,*,#2795,.T.);
#2795 = EDGE_CURVE('',#2788,#2796,#2798,.T.);
#2796 = VERTEX_POINT('',#2797);
#2797 = CARTESIAN_POINT('',(134.5,-69.,10.11));
#2798 = LINE('',#2799,#2800);
#2799 = CARTESIAN_POINT('',(134.5,-69.,9.11));
#2800 = VECTOR('',#2801,1.);
#2801 = DIRECTION('',(0.,0.,1.));
#2802 = ORIENTED_EDGE('',*,*,#2803,.T.);
#2803 = EDGE_CURVE('',#2796,#2804,#2806,.T.);
#2804 = VERTEX_POINT('',#2805);
#2805 = CARTESIAN_POINT('',(134.5,-79.5,10.11));
#2806 = LINE('',#2807,#2808);
#2807 = CARTESIAN_POINT('',(134.5,-68.,10.11));
#2808 = VECTOR('',#2809,1.);
#2809 = DIRECTION('',(0.,-1.,0.));
#2810 = ORIENTED_EDGE('',*,*,#2811,.F.);
#2811 = EDGE_CURVE('',#2778,#2804,#2812,.T.);
#2812 = LINE('',#2813,#2814);
#2813 = CARTESIAN_POINT('',(134.5,-78.60924657534,11.000753424658));
#2814 = VECTOR('',#2815,1.);
#2815 = DIRECTION('',(0.,0.707106781187,0.707106781187));
#2816 = PLANE('',#2817);
#2817 = AXIS2_PLACEMENT_3D('',#2818,#2819,#2820);
#2818 = CARTESIAN_POINT('',(134.5,-74.06849315068,8.741506849315));
#2819 = DIRECTION('',(1.,0.,0.));
#2820 = DIRECTION('',(0.,0.,1.));
#2821 = ADVANCED_FACE('',(#2822),#2840,.T.);
#2822 = FACE_BOUND('',#2823,.T.);
#2823 = EDGE_LOOP('',(#2824,#2825,#2833,#2839));
#2824 = ORIENTED_EDGE('',*,*,#2777,.F.);
#2825 = ORIENTED_EDGE('',*,*,#2826,.T.);
#2826 = EDGE_CURVE('',#2778,#2827,#2829,.T.);
#2827 = VERTEX_POINT('',#2828);
#2828 = CARTESIAN_POINT('',(120.5,-80.,9.61));
#2829 = LINE('',#2830,#2831);
#2830 = CARTESIAN_POINT('',(134.5,-80.,9.61));
#2831 = VECTOR('',#2832,1.);
#2832 = DIRECTION('',(-1.,0.,0.));
#2833 = ORIENTED_EDGE('',*,*,#2834,.F.);
#2834 = EDGE_CURVE('',#1364,#2827,#2835,.T.);
#2835 = LINE('',#2836,#2837);
#2836 = CARTESIAN_POINT('',(120.5,-80.,9.11));
#2837 = VECTOR('',#2838,1.);
#2838 = DIRECTION('',(0.,0.,1.));
#2839 = ORIENTED_EDGE('',*,*,#1371,.F.);
#2840 = PLANE('',#2841);
#2841 = AXIS2_PLACEMENT_3D('',#2842,#2843,#2844);
#2842 = CARTESIAN_POINT('',(127.5,-80.,8.81));
#2843 = DIRECTION('',(-0.,-1.,-0.));
#2844 = DIRECTION('',(0.,0.,-1.));
#2845 = ADVANCED_FACE('',(#2846),#2881,.T.);
#2846 = FACE_BOUND('',#2847,.T.);
#2847 = EDGE_LOOP('',(#2848,#2849,#2857,#2865,#2873,#2879,#2880));
#2848 = ORIENTED_EDGE('',*,*,#2834,.T.);
#2849 = ORIENTED_EDGE('',*,*,#2850,.T.);
#2850 = EDGE_CURVE('',#2827,#2851,#2853,.T.);
#2851 = VERTEX_POINT('',#2852);
#2852 = CARTESIAN_POINT('',(120.5,-79.5,10.11));
#2853 = LINE('',#2854,#2855);
#2854 = CARTESIAN_POINT('',(120.5,-78.60924657534,11.000753424658));
#2855 = VECTOR('',#2856,1.);
#2856 = DIRECTION('',(0.,0.707106781187,0.707106781187));
#2857 = ORIENTED_EDGE('',*,*,#2858,.T.);
#2858 = EDGE_CURVE('',#2851,#2859,#2861,.T.);
#2859 = VERTEX_POINT('',#2860);
#2860 = CARTESIAN_POINT('',(120.5,-69.,10.11));
#2861 = LINE('',#2862,#2863);
#2862 = CARTESIAN_POINT('',(120.5,-80.,10.11));
#2863 = VECTOR('',#2864,1.);
#2864 = DIRECTION('',(0.,1.,0.));
#2865 = ORIENTED_EDGE('',*,*,#2866,.F.);
#2866 = EDGE_CURVE('',#2867,#2859,#2869,.T.);
#2867 = VERTEX_POINT('',#2868);
#2868 = CARTESIAN_POINT('',(120.5,-69.,8.11));
#2869 = LINE('',#2870,#2871);
#2870 = CARTESIAN_POINT('',(120.5,-69.,9.11));
#2871 = VECTOR('',#2872,1.);
#2872 = DIRECTION('',(0.,0.,1.));
#2873 = ORIENTED_EDGE('',*,*,#2874,.F.);
#2874 = EDGE_CURVE('',#1613,#2867,#2875,.T.);
#2875 = LINE('',#2876,#2877);
#2876 = CARTESIAN_POINT('',(120.5,-74.25,8.11));
#2877 = VECTOR('',#2878,1.);
#2878 = DIRECTION('',(0.,-1.,0.));
#2879 = ORIENTED_EDGE('',*,*,#1612,.T.);
#2880 = ORIENTED_EDGE('',*,*,#1363,.F.);
#2881 = PLANE('',#2882);
#2882 = AXIS2_PLACEMENT_3D('',#2883,#2884,#2885);
#2883 = CARTESIAN_POINT('',(120.5,-74.06849315068,8.741506849315));
#2884 = DIRECTION('',(-1.,-0.,-0.));
#2885 = DIRECTION('',(0.,0.,-1.));
#2886 = ADVANCED_FACE('',(#2887),#2929,.T.);
#2887 = FACE_BOUND('',#2888,.T.);
#2888 = EDGE_LOOP('',(#2889,#2897,#2898,#2899,#2907,#2915,#2923));
#2889 = ORIENTED_EDGE('',*,*,#2890,.T.);
#2890 = EDGE_CURVE('',#2891,#1340,#2893,.T.);
#2891 = VERTEX_POINT('',#2892);
#2892 = CARTESIAN_POINT('',(119.5,-80.,9.61));
#2893 = LINE('',#2894,#2895);
#2894 = CARTESIAN_POINT('',(119.5,-80.,9.11));
#2895 = VECTOR('',#2896,1.);
#2896 = DIRECTION('',(-0.,-0.,-1.));
#2897 = ORIENTED_EDGE('',*,*,#1347,.F.);
#2898 = ORIENTED_EDGE('',*,*,#1605,.F.);
#2899 = ORIENTED_EDGE('',*,*,#2900,.F.);
#2900 = EDGE_CURVE('',#2901,#1598,#2903,.T.);
#2901 = VERTEX_POINT('',#2902);
#2902 = CARTESIAN_POINT('',(119.5,-69.,8.11));
#2903 = LINE('',#2904,#2905);
#2904 = CARTESIAN_POINT('',(119.5,-68.25,8.11));
#2905 = VECTOR('',#2906,1.);
#2906 = DIRECTION('',(0.,1.,0.));
#2907 = ORIENTED_EDGE('',*,*,#2908,.T.);
#2908 = EDGE_CURVE('',#2901,#2909,#2911,.T.);
#2909 = VERTEX_POINT('',#2910);
#2910 = CARTESIAN_POINT('',(119.5,-69.,10.11));
#2911 = LINE('',#2912,#2913);
#2912 = CARTESIAN_POINT('',(119.5,-69.,9.11));
#2913 = VECTOR('',#2914,1.);
#2914 = DIRECTION('',(0.,0.,1.));
#2915 = ORIENTED_EDGE('',*,*,#2916,.T.);
#2916 = EDGE_CURVE('',#2909,#2917,#2919,.T.);
#2917 = VERTEX_POINT('',#2918);
#2918 = CARTESIAN_POINT('',(119.5,-79.5,10.11));
#2919 = LINE('',#2920,#2921);
#2920 = CARTESIAN_POINT('',(119.5,-68.,10.11));
#2921 = VECTOR('',#2922,1.);
#2922 = DIRECTION('',(0.,-1.,0.));
#2923 = ORIENTED_EDGE('',*,*,#2924,.F.);
#2924 = EDGE_CURVE('',#2891,#2917,#2925,.T.);
#2925 = LINE('',#2926,#2927);
#2926 = CARTESIAN_POINT('',(119.5,-78.60924657534,11.000753424658));
#2927 = VECTOR('',#2928,1.);
#2928 = DIRECTION('',(0.,0.707106781187,0.707106781187));
#2929 = PLANE('',#2930);
#2930 = AXIS2_PLACEMENT_3D('',#2931,#2932,#2933);
#2931 = CARTESIAN_POINT('',(119.5,-74.06849315068,8.741506849315));
#2932 = DIRECTION('',(1.,0.,0.));
#2933 = DIRECTION('',(0.,0.,1.));
#2934 = ADVANCED_FACE('',(#2935),#2953,.T.);
#2935 = FACE_BOUND('',#2936,.T.);
#2936 = EDGE_LOOP('',(#2937,#2938,#2946,#2952));
#2937 = ORIENTED_EDGE('',*,*,#2890,.F.);
#2938 = ORIENTED_EDGE('',*,*,#2939,.T.);
#2939 = EDGE_CURVE('',#2891,#2940,#2942,.T.);
#2940 = VERTEX_POINT('',#2941);
#2941 = CARTESIAN_POINT('',(105.5,-80.,9.61));
#2942 = LINE('',#2943,#2944);
#2943 = CARTESIAN_POINT('',(119.5,-80.,9.61));
#2944 = VECTOR('',#2945,1.);
#2945 = DIRECTION('',(-1.,0.,0.));
#2946 = ORIENTED_EDGE('',*,*,#2947,.F.);
#2947 = EDGE_CURVE('',#1332,#2940,#2948,.T.);
#2948 = LINE('',#2949,#2950);
#2949 = CARTESIAN_POINT('',(105.5,-80.,9.11));
#2950 = VECTOR('',#2951,1.);
#2951 = DIRECTION('',(0.,0.,1.));
#2952 = ORIENTED_EDGE('',*,*,#1339,.F.);
#2953 = PLANE('',#2954);
#2954 = AXIS2_PLACEMENT_3D('',#2955,#2956,#2957);
#2955 = CARTESIAN_POINT('',(112.5,-80.,8.81));
#2956 = DIRECTION('',(-0.,-1.,-0.));
#2957 = DIRECTION('',(0.,0.,-1.));
#2958 = ADVANCED_FACE('',(#2959),#2994,.T.);
#2959 = FACE_BOUND('',#2960,.T.);
#2960 = EDGE_LOOP('',(#2961,#2962,#2970,#2978,#2986,#2992,#2993));
#2961 = ORIENTED_EDGE('',*,*,#2947,.T.);
#2962 = ORIENTED_EDGE('',*,*,#2963,.T.);
#2963 = EDGE_CURVE('',#2940,#2964,#2966,.T.);
#2964 = VERTEX_POINT('',#2965);
#2965 = CARTESIAN_POINT('',(105.5,-79.5,10.11));
#2966 = LINE('',#2967,#2968);
#2967 = CARTESIAN_POINT('',(105.5,-78.60924657534,11.000753424658));
#2968 = VECTOR('',#2969,1.);
#2969 = DIRECTION('',(0.,0.707106781187,0.707106781187));
#2970 = ORIENTED_EDGE('',*,*,#2971,.T.);
#2971 = EDGE_CURVE('',#2964,#2972,#2974,.T.);
#2972 = VERTEX_POINT('',#2973);
#2973 = CARTESIAN_POINT('',(105.5,-69.,10.11));
#2974 = LINE('',#2975,#2976);
#2975 = CARTESIAN_POINT('',(105.5,-80.,10.11));
#2976 = VECTOR('',#2977,1.);
#2977 = DIRECTION('',(0.,1.,0.));
#2978 = ORIENTED_EDGE('',*,*,#2979,.F.);
#2979 = EDGE_CURVE('',#2980,#2972,#2982,.T.);
#2980 = VERTEX_POINT('',#2981);
#2981 = CARTESIAN_POINT('',(105.5,-69.,8.11));
#2982 = LINE('',#2983,#2984);
#2983 = CARTESIAN_POINT('',(105.5,-69.,9.11));
#2984 = VECTOR('',#2985,1.);
#2985 = DIRECTION('',(0.,0.,1.));
#2986 = ORIENTED_EDGE('',*,*,#2987,.F.);
#2987 = EDGE_CURVE('',#1590,#2980,#2988,.T.);
#2988 = LINE('',#2989,#2990);
#2989 = CARTESIAN_POINT('',(105.5,-74.25,8.11));
#2990 = VECTOR('',#2991,1.);
#2991 = DIRECTION('',(0.,-1.,0.));
#2992 = ORIENTED_EDGE('',*,*,#1589,.T.);
#2993 = ORIENTED_EDGE('',*,*,#1331,.F.);
#2994 = PLANE('',#2995);
#2995 = AXIS2_PLACEMENT_3D('',#2996,#2997,#2998);
#2996 = CARTESIAN_POINT('',(105.5,-74.06849315068,8.741506849315));
#2997 = DIRECTION('',(-1.,-0.,-0.));
#2998 = DIRECTION('',(0.,0.,-1.));
#2999 = ADVANCED_FACE('',(#3000),#3042,.T.);
#3000 = FACE_BOUND('',#3001,.T.);
#3001 = EDGE_LOOP('',(#3002,#3010,#3011,#3012,#3020,#3028,#3036));
#3002 = ORIENTED_EDGE('',*,*,#3003,.T.);
#3003 = EDGE_CURVE('',#3004,#1308,#3006,.T.);
#3004 = VERTEX_POINT('',#3005);
#3005 = CARTESIAN_POINT('',(104.5,-80.,9.61));
#3006 = LINE('',#3007,#3008);
#3007 = CARTESIAN_POINT('',(104.5,-80.,9.11));
#3008 = VECTOR('',#3009,1.);
#3009 = DIRECTION('',(-0.,-0.,-1.));
#3010 = ORIENTED_EDGE('',*,*,#1315,.F.);
#3011 = ORIENTED_EDGE('',*,*,#1582,.F.);
#3012 = ORIENTED_EDGE('',*,*,#3013,.F.);
#3013 = EDGE_CURVE('',#3014,#1575,#3016,.T.);
#3014 = VERTEX_POINT('',#3015);
#3015 = CARTESIAN_POINT('',(104.5,-69.,8.11));
#3016 = LINE('',#3017,#3018);
#3017 = CARTESIAN_POINT('',(104.5,-68.25,8.11));
#3018 = VECTOR('',#3019,1.);
#3019 = DIRECTION('',(0.,1.,0.));
#3020 = ORIENTED_EDGE('',*,*,#3021,.T.);
#3021 = EDGE_CURVE('',#3014,#3022,#3024,.T.);
#3022 = VERTEX_POINT('',#3023);
#3023 = CARTESIAN_POINT('',(104.5,-69.,10.11));
#3024 = LINE('',#3025,#3026);
#3025 = CARTESIAN_POINT('',(104.5,-69.,9.11));
#3026 = VECTOR('',#3027,1.);
#3027 = DIRECTION('',(0.,0.,1.));
#3028 = ORIENTED_EDGE('',*,*,#3029,.T.);
#3029 = EDGE_CURVE('',#3022,#3030,#3032,.T.);
#3030 = VERTEX_POINT('',#3031);
#3031 = CARTESIAN_POINT('',(104.5,-79.5,10.11));
#3032 = LINE('',#3033,#3034);
#3033 = CARTESIAN_POINT('',(104.5,-68.,10.11));
#3034 = VECTOR('',#3035,1.);
#3035 = DIRECTION('',(0.,-1.,0.));
#3036 = ORIENTED_EDGE('',*,*,#3037,.F.);
#3037 = EDGE_CURVE('',#3004,#3030,#3038,.T.);
#3038 = LINE('',#3039,#3040);
#3039 = CARTESIAN_POINT('',(104.5,-78.60924657534,11.000753424658));
#3040 = VECTOR('',#3041,1.);
#3041 = DIRECTION('',(0.,0.707106781187,0.707106781187));
#3042 = PLANE('',#3043);
#3043 = AXIS2_PLACEMENT_3D('',#3044,#3045,#3046);
#3044 = CARTESIAN_POINT('',(104.5,-74.06849315068,8.741506849315));
#3045 = DIRECTION('',(1.,0.,0.));
#3046 = DIRECTION('',(0.,0.,1.));
#3047 = ADVANCED_FACE('',(#3048),#3066,.T.);
#3048 = FACE_BOUND('',#3049,.T.);
#3049 = EDGE_LOOP('',(#3050,#3051,#3059,#3065));
#3050 = ORIENTED_EDGE('',*,*,#3003,.F.);
#3051 = ORIENTED_EDGE('',*,*,#3052,.T.);
#3052 = EDGE_CURVE('',#3004,#3053,#3055,.T.);
#3053 = VERTEX_POINT('',#3054);
#3054 = CARTESIAN_POINT('',(90.5,-80.,9.61));
#3055 = LINE('',#3056,#3057);
#3056 = CARTESIAN_POINT('',(104.5,-80.,9.61));
#3057 = VECTOR('',#3058,1.);
#3058 = DIRECTION('',(-1.,0.,0.));
#3059 = ORIENTED_EDGE('',*,*,#3060,.F.);
#3060 = EDGE_CURVE('',#1300,#3053,#3061,.T.);
#3061 = LINE('',#3062,#3063);
#3062 = CARTESIAN_POINT('',(90.5,-80.,9.11));
#3063 = VECTOR('',#3064,1.);
#3064 = DIRECTION('',(0.,0.,1.));
#3065 = ORIENTED_EDGE('',*,*,#1307,.F.);
#3066 = PLANE('',#3067);
#3067 = AXIS2_PLACEMENT_3D('',#3068,#3069,#3070);
#3068 = CARTESIAN_POINT('',(97.5,-80.,8.81));
#3069 = DIRECTION('',(-0.,-1.,-0.));
#3070 = DIRECTION('',(0.,0.,-1.));
#3071 = ADVANCED_FACE('',(#3072),#3107,.T.);
#3072 = FACE_BOUND('',#3073,.T.);
#3073 = EDGE_LOOP('',(#3074,#3075,#3083,#3091,#3099,#3105,#3106));
#3074 = ORIENTED_EDGE('',*,*,#3060,.T.);
#3075 = ORIENTED_EDGE('',*,*,#3076,.T.);
#3076 = EDGE_CURVE('',#3053,#3077,#3079,.T.);
#3077 = VERTEX_POINT('',#3078);
#3078 = CARTESIAN_POINT('',(90.5,-79.5,10.11));
#3079 = LINE('',#3080,#3081);
#3080 = CARTESIAN_POINT('',(90.5,-78.60924657534,11.000753424658));
#3081 = VECTOR('',#3082,1.);
#3082 = DIRECTION('',(0.,0.707106781187,0.707106781187));
#3083 = ORIENTED_EDGE('',*,*,#3084,.T.);
#3084 = EDGE_CURVE('',#3077,#3085,#3087,.T.);
#3085 = VERTEX_POINT('',#3086);
#3086 = CARTESIAN_POINT('',(90.5,-69.,10.11));
#3087 = LINE('',#3088,#3089);
#3088 = CARTESIAN_POINT('',(90.5,-80.,10.11));
#3089 = VECTOR('',#3090,1.);
#3090 = DIRECTION('',(0.,1.,0.));
#3091 = ORIENTED_EDGE('',*,*,#3092,.F.);
#3092 = EDGE_CURVE('',#3093,#3085,#3095,.T.);
#3093 = VERTEX_POINT('',#3094);
#3094 = CARTESIAN_POINT('',(90.5,-69.,8.11));
#3095 = LINE('',#3096,#3097);
#3096 = CARTESIAN_POINT('',(90.5,-69.,9.11));
#3097 = VECTOR('',#3098,1.);
#3098 = DIRECTION('',(0.,0.,1.));
#3099 = ORIENTED_EDGE('',*,*,#3100,.F.);
#3100 = EDGE_CURVE('',#1567,#3093,#3101,.T.);
#3101 = LINE('',#3102,#3103);
#3102 = CARTESIAN_POINT('',(90.5,-68.,8.11));
#3103 = VECTOR('',#3104,1.);
#3104 = DIRECTION('',(0.,-1.,0.));
#3105 = ORIENTED_EDGE('',*,*,#1566,.T.);
#3106 = ORIENTED_EDGE('',*,*,#1299,.F.);
#3107 = PLANE('',#3108);
#3108 = AXIS2_PLACEMENT_3D('',#3109,#3110,#3111);
#3109 = CARTESIAN_POINT('',(90.5,-74.06849315068,8.741506849315));
#3110 = DIRECTION('',(-1.,-0.,-0.));
#3111 = DIRECTION('',(0.,0.,-1.));
#3112 = ADVANCED_FACE('',(#3113),#3138,.T.);
#3113 = FACE_BOUND('',#3114,.T.);
#3114 = EDGE_LOOP('',(#3115,#3123,#3131,#3137));
#3115 = ORIENTED_EDGE('',*,*,#3116,.T.);
#3116 = EDGE_CURVE('',#1284,#3117,#3119,.T.);
#3117 = VERTEX_POINT('',#3118);
#3118 = CARTESIAN_POINT('',(89.5,-68.,1.51));
#3119 = LINE('',#3120,#3121);
#3120 = CARTESIAN_POINT('',(89.5,-68.,7.51));
#3121 = VECTOR('',#3122,1.);
#3122 = DIRECTION('',(0.,0.,-1.));
#3123 = ORIENTED_EDGE('',*,*,#3124,.T.);
#3124 = EDGE_CURVE('',#3117,#3125,#3127,.T.);
#3125 = VERTEX_POINT('',#3126);
#3126 = CARTESIAN_POINT('',(88.5,-68.,1.51));
#3127 = LINE('',#3128,#3129);
#3128 = CARTESIAN_POINT('',(89.5,-68.,1.51));
#3129 = VECTOR('',#3130,1.);
#3130 = DIRECTION('',(-1.,0.,0.));
#3131 = ORIENTED_EDGE('',*,*,#3132,.F.);
#3132 = EDGE_CURVE('',#1276,#3125,#3133,.T.);
#3133 = LINE('',#3134,#3135);
#3134 = CARTESIAN_POINT('',(88.5,-68.,7.51));
#3135 = VECTOR('',#3136,1.);
#3136 = DIRECTION('',(0.,0.,-1.));
#3137 = ORIENTED_EDGE('',*,*,#1283,.F.);
#3138 = PLANE('',#3139);
#3139 = AXIS2_PLACEMENT_3D('',#3140,#3141,#3142);
#3140 = CARTESIAN_POINT('',(89.5,-68.,7.51));
#3141 = DIRECTION('',(0.,1.,0.));
#3142 = DIRECTION('',(-1.,0.,0.));
#3143 = ADVANCED_FACE('',(#3144),#3162,.T.);
#3144 = FACE_BOUND('',#3145,.T.);
#3145 = EDGE_LOOP('',(#3146,#3147,#3155,#3161));
#3146 = ORIENTED_EDGE('',*,*,#3132,.T.);
#3147 = ORIENTED_EDGE('',*,*,#3148,.T.);
#3148 = EDGE_CURVE('',#3125,#3149,#3151,.T.);
#3149 = VERTEX_POINT('',#3150);
#3150 = CARTESIAN_POINT('',(88.5,-79.,1.51));
#3151 = LINE('',#3152,#3153);
#3152 = CARTESIAN_POINT('',(88.5,-68.,1.51));
#3153 = VECTOR('',#3154,1.);
#3154 = DIRECTION('',(0.,-1.,0.));
#3155 = ORIENTED_EDGE('',*,*,#3156,.F.);
#3156 = EDGE_CURVE('',#1268,#3149,#3157,.T.);
#3157 = LINE('',#3158,#3159);
#3158 = CARTESIAN_POINT('',(88.5,-79.,7.51));
#3159 = VECTOR('',#3160,1.);
#3160 = DIRECTION('',(0.,0.,-1.));
#3161 = ORIENTED_EDGE('',*,*,#1275,.F.);
#3162 = PLANE('',#3163);
#3163 = AXIS2_PLACEMENT_3D('',#3164,#3165,#3166);
#3164 = CARTESIAN_POINT('',(88.5,-68.,7.51));
#3165 = DIRECTION('',(-1.,-0.,-0.));
#3166 = DIRECTION('',(0.,-1.,0.));
#3167 = ADVANCED_FACE('',(#3168),#3186,.F.);
#3168 = FACE_BOUND('',#3169,.F.);
#3169 = EDGE_LOOP('',(#3170,#3178,#3184,#3185));
#3170 = ORIENTED_EDGE('',*,*,#3171,.T.);
#3171 = EDGE_CURVE('',#1260,#3172,#3174,.T.);
#3172 = VERTEX_POINT('',#3173);
#3173 = CARTESIAN_POINT('',(77.0975,-79.,1.51));
#3174 = LINE('',#3175,#3176);
#3175 = CARTESIAN_POINT('',(77.0975,-79.,7.51));
#3176 = VECTOR('',#3177,1.);
#3177 = DIRECTION('',(0.,0.,-1.));
#3178 = ORIENTED_EDGE('',*,*,#3179,.T.);
#3179 = EDGE_CURVE('',#3172,#3149,#3180,.T.);
#3180 = LINE('',#3181,#3182);
#3181 = CARTESIAN_POINT('',(77.0975,-79.,1.51));
#3182 = VECTOR('',#3183,1.);
#3183 = DIRECTION('',(1.,0.,0.));
#3184 = ORIENTED_EDGE('',*,*,#3156,.F.);
#3185 = ORIENTED_EDGE('',*,*,#1267,.F.);
#3186 = PLANE('',#3187);
#3187 = AXIS2_PLACEMENT_3D('',#3188,#3189,#3190);
#3188 = CARTESIAN_POINT('',(77.0975,-79.,7.51));
#3189 = DIRECTION('',(0.,-1.,0.));
#3190 = DIRECTION('',(1.,0.,0.));
#3191 = ADVANCED_FACE('',(#3192),#3210,.F.);
#3192 = FACE_BOUND('',#3193,.F.);
#3193 = EDGE_LOOP('',(#3194,#3202,#3208,#3209));
#3194 = ORIENTED_EDGE('',*,*,#3195,.T.);
#3195 = EDGE_CURVE('',#1252,#3196,#3198,.T.);
#3196 = VERTEX_POINT('',#3197);
#3197 = CARTESIAN_POINT('',(77.0975,-62.,1.51));
#3198 = LINE('',#3199,#3200);
#3199 = CARTESIAN_POINT('',(77.0975,-62.,7.51));
#3200 = VECTOR('',#3201,1.);
#3201 = DIRECTION('',(0.,0.,-1.));
#3202 = ORIENTED_EDGE('',*,*,#3203,.T.);
#3203 = EDGE_CURVE('',#3196,#3172,#3204,.T.);
#3204 = LINE('',#3205,#3206);
#3205 = CARTESIAN_POINT('',(77.0975,-62.,1.51));
#3206 = VECTOR('',#3207,1.);
#3207 = DIRECTION('',(0.,-1.,0.));
#3208 = ORIENTED_EDGE('',*,*,#3171,.F.);
#3209 = ORIENTED_EDGE('',*,*,#1259,.F.);
#3210 = PLANE('',#3211);
#3211 = AXIS2_PLACEMENT_3D('',#3212,#3213,#3214);
#3212 = CARTESIAN_POINT('',(77.0975,-62.,7.51));
#3213 = DIRECTION('',(-1.,-0.,-0.));
#3214 = DIRECTION('',(0.,-1.,0.));
#3215 = ADVANCED_FACE('',(#3216),#3234,.F.);
#3216 = FACE_BOUND('',#3217,.F.);
#3217 = EDGE_LOOP('',(#3218,#3226,#3232,#3233));
#3218 = ORIENTED_EDGE('',*,*,#3219,.T.);
#3219 = EDGE_CURVE('',#1244,#3220,#3222,.T.);
#3220 = VERTEX_POINT('',#3221);
#3221 = CARTESIAN_POINT('',(76.0975,-62.,1.51));
#3222 = LINE('',#3223,#3224);
#3223 = CARTESIAN_POINT('',(76.0975,-62.,7.51));
#3224 = VECTOR('',#3225,1.);
#3225 = DIRECTION('',(0.,0.,-1.));
#3226 = ORIENTED_EDGE('',*,*,#3227,.T.);
#3227 = EDGE_CURVE('',#3220,#3196,#3228,.T.);
#3228 = LINE('',#3229,#3230);
#3229 = CARTESIAN_POINT('',(76.0975,-62.,1.51));
#3230 = VECTOR('',#3231,1.);
#3231 = DIRECTION('',(1.,0.,0.));
#3232 = ORIENTED_EDGE('',*,*,#3195,.F.);
#3233 = ORIENTED_EDGE('',*,*,#1251,.F.);
#3234 = PLANE('',#3235);
#3235 = AXIS2_PLACEMENT_3D('',#3236,#3237,#3238);
#3236 = CARTESIAN_POINT('',(76.0975,-62.,7.51));
#3237 = DIRECTION('',(0.,-1.,0.));
#3238 = DIRECTION('',(1.,0.,0.));
#3239 = ADVANCED_FACE('',(#3240),#3256,.T.);
#3240 = FACE_BOUND('',#3241,.T.);
#3241 = EDGE_LOOP('',(#3242,#3248,#3249,#3255));
#3242 = ORIENTED_EDGE('',*,*,#3243,.T.);
#3243 = EDGE_CURVE('',#1244,#1739,#3244,.T.);
#3244 = LINE('',#3245,#3246);
#3245 = CARTESIAN_POINT('',(76.0975,-62.,7.51));
#3246 = VECTOR('',#3247,1.);
#3247 = DIRECTION('',(0.,0.,1.));
#3248 = ORIENTED_EDGE('',*,*,#1796,.F.);
#3249 = ORIENTED_EDGE('',*,*,#3250,.F.);
#3250 = EDGE_CURVE('',#1236,#1787,#3251,.T.);
#3251 = LINE('',#3252,#3253);
#3252 = CARTESIAN_POINT('',(57.6675,-62.,9.11));
#3253 = VECTOR('',#3254,1.);
#3254 = DIRECTION('',(0.,0.,1.));
#3255 = ORIENTED_EDGE('',*,*,#1243,.T.);
#3256 = PLANE('',#3257);
#3257 = AXIS2_PLACEMENT_3D('',#3258,#3259,#3260);
#3258 = CARTESIAN_POINT('',(66.8825,-62.,8.81));
#3259 = DIRECTION('',(-0.,-1.,-0.));
#3260 = DIRECTION('',(0.,0.,-1.));
#3261 = ADVANCED_FACE('',(#3262),#3287,.T.);
#3262 = FACE_BOUND('',#3263,.T.);
#3263 = EDGE_LOOP('',(#3264,#3272,#3280,#3286));
#3264 = ORIENTED_EDGE('',*,*,#3265,.T.);
#3265 = EDGE_CURVE('',#1236,#3266,#3268,.T.);
#3266 = VERTEX_POINT('',#3267);
#3267 = CARTESIAN_POINT('',(57.6675,-62.,1.51));
#3268 = LINE('',#3269,#3270);
#3269 = CARTESIAN_POINT('',(57.6675,-62.,7.51));
#3270 = VECTOR('',#3271,1.);
#3271 = DIRECTION('',(0.,0.,-1.));
#3272 = ORIENTED_EDGE('',*,*,#3273,.T.);
#3273 = EDGE_CURVE('',#3266,#3274,#3276,.T.);
#3274 = VERTEX_POINT('',#3275);
#3275 = CARTESIAN_POINT('',(56.6675,-62.,1.51));
#3276 = LINE('',#3277,#3278);
#3277 = CARTESIAN_POINT('',(57.6675,-62.,1.51));
#3278 = VECTOR('',#3279,1.);
#3279 = DIRECTION('',(-1.,0.,0.));
#3280 = ORIENTED_EDGE('',*,*,#3281,.F.);
#3281 = EDGE_CURVE('',#1228,#3274,#3282,.T.);
#3282 = LINE('',#3283,#3284);
#3283 = CARTESIAN_POINT('',(56.6675,-62.,7.51));
#3284 = VECTOR('',#3285,1.);
#3285 = DIRECTION('',(0.,0.,-1.));
#3286 = ORIENTED_EDGE('',*,*,#1235,.F.);
#3287 = PLANE('',#3288);
#3288 = AXIS2_PLACEMENT_3D('',#3289,#3290,#3291);
#3289 = CARTESIAN_POINT('',(57.6675,-62.,7.51));
#3290 = DIRECTION('',(0.,1.,0.));
#3291 = DIRECTION('',(-1.,0.,0.));
#3292 = ADVANCED_FACE('',(#3293),#3311,.F.);
#3293 = FACE_BOUND('',#3294,.F.);
#3294 = EDGE_LOOP('',(#3295,#3303,#3309,#3310));
#3295 = ORIENTED_EDGE('',*,*,#3296,.T.);
#3296 = EDGE_CURVE('',#1220,#3297,#3299,.T.);
#3297 = VERTEX_POINT('',#3298);
#3298 = CARTESIAN_POINT('',(56.6675,-79.,1.51));
#3299 = LINE('',#3300,#3301);
#3300 = CARTESIAN_POINT('',(56.6675,-79.,7.51));
#3301 = VECTOR('',#3302,1.);
#3302 = DIRECTION('',(0.,0.,-1.));
#3303 = ORIENTED_EDGE('',*,*,#3304,.T.);
#3304 = EDGE_CURVE('',#3297,#3274,#3305,.T.);
#3305 = LINE('',#3306,#3307);
#3306 = CARTESIAN_POINT('',(56.6675,-79.,1.51));
#3307 = VECTOR('',#3308,1.);
#3308 = DIRECTION('',(0.,1.,0.));
#3309 = ORIENTED_EDGE('',*,*,#3281,.F.);
#3310 = ORIENTED_EDGE('',*,*,#1227,.F.);
#3311 = PLANE('',#3312);
#3312 = AXIS2_PLACEMENT_3D('',#3313,#3314,#3315);
#3313 = CARTESIAN_POINT('',(56.6675,-79.,7.51));
#3314 = DIRECTION('',(1.,0.,0.));
#3315 = DIRECTION('',(0.,1.,0.));
#3316 = ADVANCED_FACE('',(#3317),#3335,.T.);
#3317 = FACE_BOUND('',#3318,.T.);
#3318 = EDGE_LOOP('',(#3319,#3320,#3321,#3329));
#3319 = ORIENTED_EDGE('',*,*,#1219,.F.);
#3320 = ORIENTED_EDGE('',*,*,#3296,.T.);
#3321 = ORIENTED_EDGE('',*,*,#3322,.T.);
#3322 = EDGE_CURVE('',#3297,#3323,#3325,.T.);
#3323 = VERTEX_POINT('',#3324);
#3324 = CARTESIAN_POINT('',(54.868393218339,-79.,1.51));
#3325 = LINE('',#3326,#3327);
#3326 = CARTESIAN_POINT('',(56.6675,-79.,1.51));
#3327 = VECTOR('',#3328,1.);
#3328 = DIRECTION('',(-1.,0.,0.));
#3329 = ORIENTED_EDGE('',*,*,#3330,.T.);
#3330 = EDGE_CURVE('',#3323,#1211,#3331,.T.);
#3331 = LINE('',#3332,#3333);
#3332 = CARTESIAN_POINT('',(54.86839321834,-79.,7.51));
#3333 = VECTOR('',#3334,1.);
#3334 = DIRECTION('',(0.,0.,1.));
#3335 = PLANE('',#3336);
#3336 = AXIS2_PLACEMENT_3D('',#3337,#3338,#3339);
#3337 = CARTESIAN_POINT('',(56.6675,-79.,7.51));
#3338 = DIRECTION('',(0.,1.,0.));
#3339 = DIRECTION('',(-1.,0.,0.));
#3340 = ADVANCED_FACE('',(#3341),#3377,.T.);
#3341 = FACE_BOUND('',#3342,.F.);
#3342 = EDGE_LOOP('',(#3343,#3344,#3352,#3359,#3360,#3361,#3369,#3376));
#3343 = ORIENTED_EDGE('',*,*,#1210,.F.);
#3344 = ORIENTED_EDGE('',*,*,#3345,.T.);
#3345 = EDGE_CURVE('',#1202,#3346,#3348,.T.);
#3346 = VERTEX_POINT('',#3347);
#3347 = CARTESIAN_POINT('',(56.35,-76.5,1.31));
#3348 = LINE('',#3349,#3350);
#3349 = CARTESIAN_POINT('',(56.35,-76.5,7.51));
#3350 = VECTOR('',#3351,1.);
#3351 = DIRECTION('',(0.,0.,-1.));
#3352 = ORIENTED_EDGE('',*,*,#3353,.T.);
#3353 = EDGE_CURVE('',#3346,#3346,#3354,.T.);
#3354 = CIRCLE('',#3355,2.85);
#3355 = AXIS2_PLACEMENT_3D('',#3356,#3357,#3358);
#3356 = CARTESIAN_POINT('',(53.5,-76.5,1.31));
#3357 = DIRECTION('',(0.,0.,-1.));
#3358 = DIRECTION('',(1.,0.,0.));
#3359 = ORIENTED_EDGE('',*,*,#3345,.F.);
#3360 = ORIENTED_EDGE('',*,*,#1201,.F.);
#3361 = ORIENTED_EDGE('',*,*,#3362,.F.);
#3362 = EDGE_CURVE('',#3363,#1194,#3365,.T.);
#3363 = VERTEX_POINT('',#3364);
#3364 = CARTESIAN_POINT('',(51.5,-74.46960594957,1.51));
#3365 = LINE('',#3366,#3367);
#3366 = CARTESIAN_POINT('',(51.5,-74.46960594957,7.51));
#3367 = VECTOR('',#3368,1.);
#3368 = DIRECTION('',(0.,0.,1.));
#3369 = ORIENTED_EDGE('',*,*,#3370,.T.);
#3370 = EDGE_CURVE('',#3363,#3323,#3371,.T.);
#3371 = CIRCLE('',#3372,2.85);
#3372 = AXIS2_PLACEMENT_3D('',#3373,#3374,#3375);
#3373 = CARTESIAN_POINT('',(53.5,-76.5,1.51));
#3374 = DIRECTION('',(0.,0.,1.));
#3375 = DIRECTION('',(1.,0.,0.));
#3376 = ORIENTED_EDGE('',*,*,#3330,.T.);
#3377 = CYLINDRICAL_SURFACE('',#3378,2.85);
#3378 = AXIS2_PLACEMENT_3D('',#3379,#3380,#3381);
#3379 = CARTESIAN_POINT('',(53.5,-76.5,7.51));
#3380 = DIRECTION('',(0.,0.,1.));
#3381 = DIRECTION('',(1.,0.,0.));
#3382 = ADVANCED_FACE('',(#3383),#3401,.T.);
#3383 = FACE_BOUND('',#3384,.T.);
#3384 = EDGE_LOOP('',(#3385,#3386,#3387,#3395));
#3385 = ORIENTED_EDGE('',*,*,#1193,.F.);
#3386 = ORIENTED_EDGE('',*,*,#3362,.F.);
#3387 = ORIENTED_EDGE('',*,*,#3388,.T.);
#3388 = EDGE_CURVE('',#3363,#3389,#3391,.T.);
#3389 = VERTEX_POINT('',#3390);
#3390 = CARTESIAN_POINT('',(51.5,-25.53039405042,1.51));
#3391 = LINE('',#3392,#3393);
#3392 = CARTESIAN_POINT('',(51.5,-78.,1.51));
#3393 = VECTOR('',#3394,1.);
#3394 = DIRECTION('',(0.,1.,0.));
#3395 = ORIENTED_EDGE('',*,*,#3396,.T.);
#3396 = EDGE_CURVE('',#3389,#1185,#3397,.T.);
#3397 = LINE('',#3398,#3399);
#3398 = CARTESIAN_POINT('',(51.5,-25.53039405042,7.51));
#3399 = VECTOR('',#3400,1.);
#3400 = DIRECTION('',(0.,0.,1.));
#3401 = PLANE('',#3402);
#3402 = AXIS2_PLACEMENT_3D('',#3403,#3404,#3405);
#3403 = CARTESIAN_POINT('',(51.5,-78.,7.51));
#3404 = DIRECTION('',(1.,0.,0.));
#3405 = DIRECTION('',(0.,1.,0.));
#3406 = ADVANCED_FACE('',(#3407),#3443,.T.);
#3407 = FACE_BOUND('',#3408,.F.);
#3408 = EDGE_LOOP('',(#3409,#3410,#3418,#3425,#3426,#3427,#3435,#3442));
#3409 = ORIENTED_EDGE('',*,*,#1184,.F.);
#3410 = ORIENTED_EDGE('',*,*,#3411,.T.);
#3411 = EDGE_CURVE('',#1176,#3412,#3414,.T.);
#3412 = VERTEX_POINT('',#3413);
#3413 = CARTESIAN_POINT('',(56.35,-23.5,1.31));
#3414 = LINE('',#3415,#3416);
#3415 = CARTESIAN_POINT('',(56.35,-23.5,7.51));
#3416 = VECTOR('',#3417,1.);
#3417 = DIRECTION('',(0.,0.,-1.));
#3418 = ORIENTED_EDGE('',*,*,#3419,.T.);
#3419 = EDGE_CURVE('',#3412,#3412,#3420,.T.);
#3420 = CIRCLE('',#3421,2.85);
#3421 = AXIS2_PLACEMENT_3D('',#3422,#3423,#3424);
#3422 = CARTESIAN_POINT('',(53.5,-23.5,1.31));
#3423 = DIRECTION('',(0.,0.,-1.));
#3424 = DIRECTION('',(1.,0.,0.));
#3425 = ORIENTED_EDGE('',*,*,#3411,.F.);
#3426 = ORIENTED_EDGE('',*,*,#1175,.F.);
#3427 = ORIENTED_EDGE('',*,*,#3428,.F.);
#3428 = EDGE_CURVE('',#3429,#1168,#3431,.T.);
#3429 = VERTEX_POINT('',#3430);
#3430 = CARTESIAN_POINT('',(54.86839321834,-21.,1.51));
#3431 = LINE('',#3432,#3433);
#3432 = CARTESIAN_POINT('',(54.86839321834,-21.,7.51));
#3433 = VECTOR('',#3434,1.);
#3434 = DIRECTION('',(0.,0.,1.));
#3435 = ORIENTED_EDGE('',*,*,#3436,.T.);
#3436 = EDGE_CURVE('',#3429,#3389,#3437,.T.);
#3437 = CIRCLE('',#3438,2.85);
#3438 = AXIS2_PLACEMENT_3D('',#3439,#3440,#3441);
#3439 = CARTESIAN_POINT('',(53.5,-23.5,1.51));
#3440 = DIRECTION('',(0.,0.,1.));
#3441 = DIRECTION('',(1.,0.,0.));
#3442 = ORIENTED_EDGE('',*,*,#3396,.T.);
#3443 = CYLINDRICAL_SURFACE('',#3444,2.85);
#3444 = AXIS2_PLACEMENT_3D('',#3445,#3446,#3447);
#3445 = CARTESIAN_POINT('',(53.5,-23.5,7.51));
#3446 = DIRECTION('',(0.,0.,1.));
#3447 = DIRECTION('',(1.,0.,0.));
#3448 = ADVANCED_FACE('',(#3449),#3467,.T.);
#3449 = FACE_BOUND('',#3450,.T.);
#3450 = EDGE_LOOP('',(#3451,#3452,#3453,#3461));
#3451 = ORIENTED_EDGE('',*,*,#1167,.F.);
#3452 = ORIENTED_EDGE('',*,*,#3428,.F.);
#3453 = ORIENTED_EDGE('',*,*,#3454,.T.);
#3454 = EDGE_CURVE('',#3429,#3455,#3457,.T.);
#3455 = VERTEX_POINT('',#3456);
#3456 = CARTESIAN_POINT('',(93.28,-21.,1.51));
#3457 = LINE('',#3458,#3459);
#3458 = CARTESIAN_POINT('',(52.5,-21.,1.51));
#3459 = VECTOR('',#3460,1.);
#3460 = DIRECTION('',(1.,0.,0.));
#3461 = ORIENTED_EDGE('',*,*,#3462,.F.);
#3462 = EDGE_CURVE('',#1160,#3455,#3463,.T.);
#3463 = LINE('',#3464,#3465);
#3464 = CARTESIAN_POINT('',(93.28,-21.,7.51));
#3465 = VECTOR('',#3466,1.);
#3466 = DIRECTION('',(0.,0.,-1.));
#3467 = PLANE('',#3468);
#3468 = AXIS2_PLACEMENT_3D('',#3469,#3470,#3471);
#3469 = CARTESIAN_POINT('',(52.5,-21.,7.51));
#3470 = DIRECTION('',(0.,-1.,0.));
#3471 = DIRECTION('',(1.,0.,0.));
#3472 = ADVANCED_FACE('',(#3473),#3498,.T.);
#3473 = FACE_BOUND('',#3474,.T.);
#3474 = EDGE_LOOP('',(#3475,#3483,#3484,#3490,#3491,#3492));
#3475 = ORIENTED_EDGE('',*,*,#3476,.T.);
#3476 = EDGE_CURVE('',#3477,#2044,#3479,.T.);
#3477 = VERTEX_POINT('',#3478);
#3478 = CARTESIAN_POINT('',(93.28,-20.,1.51));
#3479 = LINE('',#3480,#3481);
#3480 = CARTESIAN_POINT('',(93.28,-20.,9.11));
#3481 = VECTOR('',#3482,1.);
#3482 = DIRECTION('',(0.,0.,1.));
#3483 = ORIENTED_EDGE('',*,*,#2075,.T.);
#3484 = ORIENTED_EDGE('',*,*,#3485,.F.);
#3485 = EDGE_CURVE('',#1152,#2068,#3486,.T.);
#3486 = LINE('',#3487,#3488);
#3487 = CARTESIAN_POINT('',(93.28,-36.5,7.51));
#3488 = VECTOR('',#3489,1.);
#3489 = DIRECTION('',(0.,0.,1.));
#3490 = ORIENTED_EDGE('',*,*,#1159,.F.);
#3491 = ORIENTED_EDGE('',*,*,#3462,.T.);
#3492 = ORIENTED_EDGE('',*,*,#3493,.T.);
#3493 = EDGE_CURVE('',#3455,#3477,#3494,.T.);
#3494 = LINE('',#3495,#3496);
#3495 = CARTESIAN_POINT('',(93.28,-21.,1.51));
#3496 = VECTOR('',#3497,1.);
#3497 = DIRECTION('',(0.,1.,0.));
#3498 = PLANE('',#3499);
#3499 = AXIS2_PLACEMENT_3D('',#3500,#3501,#3502);
#3500 = CARTESIAN_POINT('',(93.28,-26.39741035856,7.662589641434));
#3501 = DIRECTION('',(1.,0.,0.));
#3502 = DIRECTION('',(0.,0.,1.));
#3503 = ADVANCED_FACE('',(#3504),#3515,.T.);
#3504 = FACE_BOUND('',#3505,.T.);
#3505 = EDGE_LOOP('',(#3506,#3507,#3508,#3514));
#3506 = ORIENTED_EDGE('',*,*,#3485,.T.);
#3507 = ORIENTED_EDGE('',*,*,#2099,.T.);
#3508 = ORIENTED_EDGE('',*,*,#3509,.F.);
#3509 = EDGE_CURVE('',#1144,#2092,#3510,.T.);
#3510 = LINE('',#3511,#3512);
#3511 = CARTESIAN_POINT('',(108.72,-36.5,7.51));
#3512 = VECTOR('',#3513,1.);
#3513 = DIRECTION('',(0.,0.,1.));
#3514 = ORIENTED_EDGE('',*,*,#1151,.F.);
#3515 = PLANE('',#3516);
#3516 = AXIS2_PLACEMENT_3D('',#3517,#3518,#3519);
#3517 = CARTESIAN_POINT('',(101.,-36.5,8.81));
#3518 = DIRECTION('',(0.,1.,0.));
#3519 = DIRECTION('',(0.,0.,1.));
#3520 = ADVANCED_FACE('',(#3521),#3541,.T.);
#3521 = FACE_BOUND('',#3522,.T.);
#3522 = EDGE_LOOP('',(#3523,#3524,#3525,#3526,#3534,#3540));
#3523 = ORIENTED_EDGE('',*,*,#3509,.T.);
#3524 = ORIENTED_EDGE('',*,*,#2123,.T.);
#3525 = ORIENTED_EDGE('',*,*,#2392,.T.);
#3526 = ORIENTED_EDGE('',*,*,#3527,.F.);
#3527 = EDGE_CURVE('',#3528,#2393,#3530,.T.);
#3528 = VERTEX_POINT('',#3529);
#3529 = CARTESIAN_POINT('',(108.72,-21.,1.51));
#3530 = LINE('',#3531,#3532);
#3531 = CARTESIAN_POINT('',(108.72,-21.,1.51));
#3532 = VECTOR('',#3533,1.);
#3533 = DIRECTION('',(0.,1.,0.));
#3534 = ORIENTED_EDGE('',*,*,#3535,.F.);
#3535 = EDGE_CURVE('',#1136,#3528,#3536,.T.);
#3536 = LINE('',#3537,#3538);
#3537 = CARTESIAN_POINT('',(108.72,-21.,7.51));
#3538 = VECTOR('',#3539,1.);
#3539 = DIRECTION('',(0.,0.,-1.));
#3540 = ORIENTED_EDGE('',*,*,#1143,.F.);
#3541 = PLANE('',#3542);
#3542 = AXIS2_PLACEMENT_3D('',#3543,#3544,#3545);
#3543 = CARTESIAN_POINT('',(108.72,-26.39741035856,7.662589641434));
#3544 = DIRECTION('',(-1.,-0.,-0.));
#3545 = DIRECTION('',(0.,0.,-1.));
#3546 = ADVANCED_FACE('',(#3547),#3565,.T.);
#3547 = FACE_BOUND('',#3548,.T.);
#3548 = EDGE_LOOP('',(#3549,#3550,#3551,#3559));
#3549 = ORIENTED_EDGE('',*,*,#1135,.F.);
#3550 = ORIENTED_EDGE('',*,*,#3535,.T.);
#3551 = ORIENTED_EDGE('',*,*,#3552,.T.);
#3552 = EDGE_CURVE('',#3528,#3553,#3555,.T.);
#3553 = VERTEX_POINT('',#3554);
#3554 = CARTESIAN_POINT('',(126.9899995,-21.,1.51));
#3555 = LINE('',#3556,#3557);
#3556 = CARTESIAN_POINT('',(108.72,-21.,1.51));
#3557 = VECTOR('',#3558,1.);
#3558 = DIRECTION('',(1.,0.,0.));
#3559 = ORIENTED_EDGE('',*,*,#3560,.T.);
#3560 = EDGE_CURVE('',#3553,#1128,#3561,.T.);
#3561 = LINE('',#3562,#3563);
#3562 = CARTESIAN_POINT('',(126.9899995,-21.,1.51));
#3563 = VECTOR('',#3564,1.);
#3564 = DIRECTION('',(0.,0.,1.));
#3565 = PLANE('',#3566);
#3566 = AXIS2_PLACEMENT_3D('',#3567,#3568,#3569);
#3567 = CARTESIAN_POINT('',(108.72,-21.,7.51));
#3568 = DIRECTION('',(0.,-1.,0.));
#3569 = DIRECTION('',(1.,0.,0.));
#3570 = ADVANCED_FACE('',(#3571),#3589,.T.);
#3571 = FACE_BOUND('',#3572,.T.);
#3572 = EDGE_LOOP('',(#3573,#3581,#3587,#3588));
#3573 = ORIENTED_EDGE('',*,*,#3574,.T.);
#3574 = EDGE_CURVE('',#3553,#3575,#3577,.T.);
#3575 = VERTEX_POINT('',#3576);
#3576 = CARTESIAN_POINT('',(126.9899995,-28.,1.51));
#3577 = LINE('',#3578,#3579);
#3578 = CARTESIAN_POINT('',(126.9899995,-21.,1.51));
#3579 = VECTOR('',#3580,1.);
#3580 = DIRECTION('',(0.,-1.,2.2E-16));
#3581 = ORIENTED_EDGE('',*,*,#3582,.T.);
#3582 = EDGE_CURVE('',#3575,#1120,#3583,.T.);
#3583 = LINE('',#3584,#3585);
#3584 = CARTESIAN_POINT('',(126.9899995,-28.,1.51));
#3585 = VECTOR('',#3586,1.);
#3586 = DIRECTION('',(0.,0.,1.));
#3587 = ORIENTED_EDGE('',*,*,#1127,.F.);
#3588 = ORIENTED_EDGE('',*,*,#3560,.F.);
#3589 = PLANE('',#3590);
#3590 = AXIS2_PLACEMENT_3D('',#3591,#3592,#3593);
#3591 = CARTESIAN_POINT('',(126.9899995,-21.,1.51));
#3592 = DIRECTION('',(-1.,0.,0.));
#3593 = DIRECTION('',(0.,2.2E-16,1.));
#3594 = ADVANCED_FACE('',(#3595),#3668,.T.);
#3595 = FACE_BOUND('',#3596,.T.);
#3596 = EDGE_LOOP('',(#3597,#3607,#3615,#3623,#3631,#3639,#3645,#3646,
    #3652,#3653,#3654,#3662));
#3597 = ORIENTED_EDGE('',*,*,#3598,.T.);
#3598 = EDGE_CURVE('',#3599,#3601,#3603,.T.);
#3599 = VERTEX_POINT('',#3600);
#3600 = CARTESIAN_POINT('',(129.9899995,-28.,5.155000000001));
#3601 = VERTEX_POINT('',#3602);
#3602 = CARTESIAN_POINT('',(133.8899995,-28.,5.155));
#3603 = LINE('',#3604,#3605);
#3604 = CARTESIAN_POINT('',(129.9899995,-28.,5.155));
#3605 = VECTOR('',#3606,1.);
#3606 = DIRECTION('',(1.,0.,0.));
#3607 = ORIENTED_EDGE('',*,*,#3608,.F.);
#3608 = EDGE_CURVE('',#3609,#3601,#3611,.T.);
#3609 = VERTEX_POINT('',#3610);
#3610 = CARTESIAN_POINT('',(133.8899995,-28.,3.855));
#3611 = LINE('',#3612,#3613);
#3612 = CARTESIAN_POINT('',(133.8899995,-28.,3.855));
#3613 = VECTOR('',#3614,1.);
#3614 = DIRECTION('',(0.,2.2E-16,1.));
#3615 = ORIENTED_EDGE('',*,*,#3616,.F.);
#3616 = EDGE_CURVE('',#3617,#3609,#3619,.T.);
#3617 = VERTEX_POINT('',#3618);
#3618 = CARTESIAN_POINT('',(138.2899995,-28.,3.855));
#3619 = LINE('',#3620,#3621);
#3620 = CARTESIAN_POINT('',(133.9899995,-28.,3.855));
#3621 = VECTOR('',#3622,1.);
#3622 = DIRECTION('',(-1.,-0.,-0.));
#3623 = ORIENTED_EDGE('',*,*,#3624,.F.);
#3624 = EDGE_CURVE('',#3625,#3617,#3627,.T.);
#3625 = VERTEX_POINT('',#3626);
#3626 = CARTESIAN_POINT('',(138.2899995,-28.,5.155));
#3627 = LINE('',#3628,#3629);
#3628 = CARTESIAN_POINT('',(138.2899995,-28.,7.51));
#3629 = VECTOR('',#3630,1.);
#3630 = DIRECTION('',(0.,-2.2E-16,-1.));
#3631 = ORIENTED_EDGE('',*,*,#3632,.T.);
#3632 = EDGE_CURVE('',#3625,#3633,#3635,.T.);
#3633 = VERTEX_POINT('',#3634);
#3634 = CARTESIAN_POINT('',(142.1899995,-28.,5.155));
#3635 = LINE('',#3636,#3637);
#3636 = CARTESIAN_POINT('',(129.9899995,-28.,5.155));
#3637 = VECTOR('',#3638,1.);
#3638 = DIRECTION('',(1.,0.,0.));
#3639 = ORIENTED_EDGE('',*,*,#3640,.F.);
#3640 = EDGE_CURVE('',#2499,#3633,#3641,.T.);
#3641 = LINE('',#3642,#3643);
#3642 = CARTESIAN_POINT('',(142.1899995,-28.,1.51));
#3643 = VECTOR('',#3644,1.);
#3644 = DIRECTION('',(0.,0.,1.));
#3645 = ORIENTED_EDGE('',*,*,#2498,.T.);
#3646 = ORIENTED_EDGE('',*,*,#3647,.T.);
#3647 = EDGE_CURVE('',#2491,#1112,#3648,.T.);
#3648 = LINE('',#3649,#3650);
#3649 = CARTESIAN_POINT('',(153.38,-28.,6.253486395712));
#3650 = VECTOR('',#3651,1.);
#3651 = DIRECTION('',(0.,0.,1.));
#3652 = ORIENTED_EDGE('',*,*,#1119,.F.);
#3653 = ORIENTED_EDGE('',*,*,#3582,.F.);
#3654 = ORIENTED_EDGE('',*,*,#3655,.F.);
#3655 = EDGE_CURVE('',#3656,#3575,#3658,.T.);
#3656 = VERTEX_POINT('',#3657);
#3657 = CARTESIAN_POINT('',(129.9899995,-28.,1.51));
#3658 = LINE('',#3659,#3660);
#3659 = CARTESIAN_POINT('',(129.9899995,-28.,1.51));
#3660 = VECTOR('',#3661,1.);
#3661 = DIRECTION('',(-1.,0.,0.));
#3662 = ORIENTED_EDGE('',*,*,#3663,.F.);
#3663 = EDGE_CURVE('',#3599,#3656,#3664,.T.);
#3664 = LINE('',#3665,#3666);
#3665 = CARTESIAN_POINT('',(129.9899995,-28.,5.155000000002));
#3666 = VECTOR('',#3667,1.);
#3667 = DIRECTION('',(0.,0.,-1.));
#3668 = PLANE('',#3669);
#3669 = AXIS2_PLACEMENT_3D('',#3670,#3671,#3672);
#3670 = CARTESIAN_POINT('',(139.64261925006,-28.,4.913803731033));
#3671 = DIRECTION('',(-0.,-1.,-0.));
#3672 = DIRECTION('',(0.,0.,-1.));
#3673 = ADVANCED_FACE('',(#3674),#3680,.F.);
#3674 = FACE_BOUND('',#3675,.F.);
#3675 = EDGE_LOOP('',(#3676,#3677,#3678,#3679));
#3676 = ORIENTED_EDGE('',*,*,#1111,.F.);
#3677 = ORIENTED_EDGE('',*,*,#2522,.T.);
#3678 = ORIENTED_EDGE('',*,*,#2490,.T.);
#3679 = ORIENTED_EDGE('',*,*,#3647,.T.);
#3680 = PLANE('',#3681);
#3681 = AXIS2_PLACEMENT_3D('',#3682,#3683,#3684);
#3682 = CARTESIAN_POINT('',(153.38,-44.16,7.51));
#3683 = DIRECTION('',(1.,0.,0.));
#3684 = DIRECTION('',(0.,1.,0.));
#3685 = ADVANCED_FACE('',(#3686),#3705,.T.);
#3686 = FACE_BOUND('',#3687,.T.);
#3687 = EDGE_LOOP('',(#3688,#3696,#3697,#3698,#3699));
#3688 = ORIENTED_EDGE('',*,*,#3689,.T.);
#3689 = EDGE_CURVE('',#3690,#1715,#3692,.T.);
#3690 = VERTEX_POINT('',#3691);
#3691 = CARTESIAN_POINT('',(150.5,-80.,1.51));
#3692 = LINE('',#3693,#3694);
#3693 = CARTESIAN_POINT('',(150.5,-80.,9.11));
#3694 = VECTOR('',#3695,1.);
#3695 = DIRECTION('',(0.,0.,1.));
#3696 = ORIENTED_EDGE('',*,*,#1724,.T.);
#3697 = ORIENTED_EDGE('',*,*,#1534,.T.);
#3698 = ORIENTED_EDGE('',*,*,#2640,.T.);
#3699 = ORIENTED_EDGE('',*,*,#3700,.F.);
#3700 = EDGE_CURVE('',#3690,#2641,#3701,.T.);
#3701 = LINE('',#3702,#3703);
#3702 = CARTESIAN_POINT('',(150.5,-80.,1.51));
#3703 = VECTOR('',#3704,1.);
#3704 = DIRECTION('',(0.,1.,0.));
#3705 = PLANE('',#3706);
#3706 = AXIS2_PLACEMENT_3D('',#3707,#3708,#3709);
#3707 = CARTESIAN_POINT('',(150.5,-74.,5.81));
#3708 = DIRECTION('',(-1.,-0.,-0.));
#3709 = DIRECTION('',(0.,0.,-1.));
#3710 = ADVANCED_FACE('',(#3711),#3722,.T.);
#3711 = FACE_BOUND('',#3712,.T.);
#3712 = EDGE_LOOP('',(#3713,#3714,#3715,#3721));
#3713 = ORIENTED_EDGE('',*,*,#1643,.T.);
#3714 = ORIENTED_EDGE('',*,*,#2761,.T.);
#3715 = ORIENTED_EDGE('',*,*,#3716,.T.);
#3716 = EDGE_CURVE('',#2754,#2675,#3717,.T.);
#3717 = LINE('',#3718,#3719);
#3718 = CARTESIAN_POINT('',(90.5,-69.,8.11));
#3719 = VECTOR('',#3720,1.);
#3720 = DIRECTION('',(1.,0.,0.));
#3721 = ORIENTED_EDGE('',*,*,#2674,.T.);
#3722 = PLANE('',#3723);
#3723 = AXIS2_PLACEMENT_3D('',#3724,#3725,#3726);
#3724 = CARTESIAN_POINT('',(120.,-68.5,8.11));
#3725 = DIRECTION('',(0.,0.,1.));
#3726 = DIRECTION('',(1.,0.,0.));
#3727 = ADVANCED_FACE('',(#3728),#3747,.T.);
#3728 = FACE_BOUND('',#3729,.T.);
#3729 = EDGE_LOOP('',(#3730,#3731,#3732,#3740,#3746));
#3730 = ORIENTED_EDGE('',*,*,#1559,.T.);
#3731 = ORIENTED_EDGE('',*,*,#1676,.T.);
#3732 = ORIENTED_EDGE('',*,*,#3733,.T.);
#3733 = EDGE_CURVE('',#1669,#3734,#3736,.T.);
#3734 = VERTEX_POINT('',#3735);
#3735 = CARTESIAN_POINT('',(89.5,-80.,1.51));
#3736 = LINE('',#3737,#3738);
#3737 = CARTESIAN_POINT('',(89.5,-80.,7.51));
#3738 = VECTOR('',#3739,1.);
#3739 = DIRECTION('',(0.,0.,-1.));
#3740 = ORIENTED_EDGE('',*,*,#3741,.F.);
#3741 = EDGE_CURVE('',#3117,#3734,#3742,.T.);
#3742 = LINE('',#3743,#3744);
#3743 = CARTESIAN_POINT('',(89.5,-68.,1.51));
#3744 = VECTOR('',#3745,1.);
#3745 = DIRECTION('',(0.,-1.,0.));
#3746 = ORIENTED_EDGE('',*,*,#3116,.F.);
#3747 = PLANE('',#3748);
#3748 = AXIS2_PLACEMENT_3D('',#3749,#3750,#3751);
#3749 = CARTESIAN_POINT('',(89.5,-74.,5.81));
#3750 = DIRECTION('',(1.,0.,0.));
#3751 = DIRECTION('',(0.,0.,1.));
#3752 = ADVANCED_FACE('',(#3753),#3764,.T.);
#3753 = FACE_BOUND('',#3754,.T.);
#3754 = EDGE_LOOP('',(#3755,#3756,#3757,#3763));
#3755 = ORIENTED_EDGE('',*,*,#1620,.T.);
#3756 = ORIENTED_EDGE('',*,*,#2874,.T.);
#3757 = ORIENTED_EDGE('',*,*,#3758,.T.);
#3758 = EDGE_CURVE('',#2867,#2788,#3759,.T.);
#3759 = LINE('',#3760,#3761);
#3760 = CARTESIAN_POINT('',(90.5,-69.,8.11));
#3761 = VECTOR('',#3762,1.);
#3762 = DIRECTION('',(1.,0.,0.));
#3763 = ORIENTED_EDGE('',*,*,#2787,.T.);
#3764 = PLANE('',#3765);
#3765 = AXIS2_PLACEMENT_3D('',#3766,#3767,#3768);
#3766 = CARTESIAN_POINT('',(120.,-68.5,8.11));
#3767 = DIRECTION('',(0.,0.,1.));
#3768 = DIRECTION('',(1.,0.,0.));
#3769 = ADVANCED_FACE('',(#3770),#3781,.T.);
#3770 = FACE_BOUND('',#3771,.T.);
#3771 = EDGE_LOOP('',(#3772,#3773,#3774,#3780));
#3772 = ORIENTED_EDGE('',*,*,#1574,.T.);
#3773 = ORIENTED_EDGE('',*,*,#3100,.T.);
#3774 = ORIENTED_EDGE('',*,*,#3775,.T.);
#3775 = EDGE_CURVE('',#3093,#3014,#3776,.T.);
#3776 = LINE('',#3777,#3778);
#3777 = CARTESIAN_POINT('',(90.5,-69.,8.11));
#3778 = VECTOR('',#3779,1.);
#3779 = DIRECTION('',(1.,0.,0.));
#3780 = ORIENTED_EDGE('',*,*,#3013,.T.);
#3781 = PLANE('',#3782);
#3782 = AXIS2_PLACEMENT_3D('',#3783,#3784,#3785);
#3783 = CARTESIAN_POINT('',(120.,-68.5,8.11));
#3784 = DIRECTION('',(0.,0.,1.));
#3785 = DIRECTION('',(1.,0.,0.));
#3786 = ADVANCED_FACE('',(#3787),#3798,.T.);
#3787 = FACE_BOUND('',#3788,.T.);
#3788 = EDGE_LOOP('',(#3789,#3790,#3791,#3797));
#3789 = ORIENTED_EDGE('',*,*,#1597,.T.);
#3790 = ORIENTED_EDGE('',*,*,#2987,.T.);
#3791 = ORIENTED_EDGE('',*,*,#3792,.T.);
#3792 = EDGE_CURVE('',#2980,#2901,#3793,.T.);
#3793 = LINE('',#3794,#3795);
#3794 = CARTESIAN_POINT('',(90.5,-69.,8.11));
#3795 = VECTOR('',#3796,1.);
#3796 = DIRECTION('',(1.,0.,0.));
#3797 = ORIENTED_EDGE('',*,*,#2900,.T.);
#3798 = PLANE('',#3799);
#3799 = AXIS2_PLACEMENT_3D('',#3800,#3801,#3802);
#3800 = CARTESIAN_POINT('',(120.,-68.5,8.11));
#3801 = DIRECTION('',(0.,0.,1.));
#3802 = DIRECTION('',(1.,0.,0.));
#3803 = ADVANCED_FACE('',(#3804),#3822,.T.);
#3804 = FACE_BOUND('',#3805,.T.);
#3805 = EDGE_LOOP('',(#3806,#3814,#3820,#3821));
#3806 = ORIENTED_EDGE('',*,*,#3807,.F.);
#3807 = EDGE_CURVE('',#3808,#1693,#3810,.T.);
#3808 = VERTEX_POINT('',#3809);
#3809 = CARTESIAN_POINT('',(76.0975,-80.,1.51));
#3810 = LINE('',#3811,#3812);
#3811 = CARTESIAN_POINT('',(76.0975,-80.,9.11));
#3812 = VECTOR('',#3813,1.);
#3813 = DIRECTION('',(0.,0.,1.));
#3814 = ORIENTED_EDGE('',*,*,#3815,.F.);
#3815 = EDGE_CURVE('',#3734,#3808,#3816,.T.);
#3816 = LINE('',#3817,#3818);
#3817 = CARTESIAN_POINT('',(89.5,-80.,1.51));
#3818 = VECTOR('',#3819,1.);
#3819 = DIRECTION('',(-1.,0.,0.));
#3820 = ORIENTED_EDGE('',*,*,#3733,.F.);
#3821 = ORIENTED_EDGE('',*,*,#1700,.T.);
#3822 = PLANE('',#3823);
#3823 = AXIS2_PLACEMENT_3D('',#3824,#3825,#3826);
#3824 = CARTESIAN_POINT('',(82.79875,-80.,5.81));
#3825 = DIRECTION('',(-0.,-1.,-0.));
#3826 = DIRECTION('',(0.,0.,-1.));
#3827 = ADVANCED_FACE('',(#3828),#3840,.T.);
#3828 = FACE_BOUND('',#3829,.T.);
#3829 = EDGE_LOOP('',(#3830,#3831,#3832,#3838,#3839));
#3830 = ORIENTED_EDGE('',*,*,#3243,.F.);
#3831 = ORIENTED_EDGE('',*,*,#3219,.T.);
#3832 = ORIENTED_EDGE('',*,*,#3833,.T.);
#3833 = EDGE_CURVE('',#3220,#3808,#3834,.T.);
#3834 = LINE('',#3835,#3836);
#3835 = CARTESIAN_POINT('',(76.0975,-62.,1.51));
#3836 = VECTOR('',#3837,1.);
#3837 = DIRECTION('',(0.,-1.,0.));
#3838 = ORIENTED_EDGE('',*,*,#3807,.T.);
#3839 = ORIENTED_EDGE('',*,*,#1748,.F.);
#3840 = PLANE('',#3841);
#3841 = AXIS2_PLACEMENT_3D('',#3842,#3843,#3844);
#3842 = CARTESIAN_POINT('',(76.0975,-71.,5.81));
#3843 = DIRECTION('',(-1.,-0.,-0.));
#3844 = DIRECTION('',(0.,0.,-1.));
#3845 = ADVANCED_FACE('',(#3846),#3864,.T.);
#3846 = FACE_BOUND('',#3847,.T.);
#3847 = EDGE_LOOP('',(#3848,#3849,#3857,#3863));
#3848 = ORIENTED_EDGE('',*,*,#3689,.F.);
#3849 = ORIENTED_EDGE('',*,*,#3850,.F.);
#3850 = EDGE_CURVE('',#3851,#3690,#3853,.T.);
#3851 = VERTEX_POINT('',#3852);
#3852 = CARTESIAN_POINT('',(163.9025,-80.,1.51));
#3853 = LINE('',#3854,#3855);
#3854 = CARTESIAN_POINT('',(163.9025,-80.,1.51));
#3855 = VECTOR('',#3856,1.);
#3856 = DIRECTION('',(-1.,0.,0.));
#3857 = ORIENTED_EDGE('',*,*,#3858,.F.);
#3858 = EDGE_CURVE('',#1763,#3851,#3859,.T.);
#3859 = LINE('',#3860,#3861);
#3860 = CARTESIAN_POINT('',(163.9025,-80.,7.51));
#3861 = VECTOR('',#3862,1.);
#3862 = DIRECTION('',(0.,0.,-1.));
#3863 = ORIENTED_EDGE('',*,*,#1772,.T.);
#3864 = PLANE('',#3865);
#3865 = AXIS2_PLACEMENT_3D('',#3866,#3867,#3868);
#3866 = CARTESIAN_POINT('',(157.20125,-80.,5.81));
#3867 = DIRECTION('',(-0.,-1.,-0.));
#3868 = DIRECTION('',(0.,0.,-1.));
#3869 = ADVANCED_FACE('',(#3870),#3882,.T.);
#3870 = FACE_BOUND('',#3871,.T.);
#3871 = EDGE_LOOP('',(#3872,#3873,#3879,#3880,#3881));
#3872 = ORIENTED_EDGE('',*,*,#3858,.T.);
#3873 = ORIENTED_EDGE('',*,*,#3874,.T.);
#3874 = EDGE_CURVE('',#3851,#2538,#3875,.T.);
#3875 = LINE('',#3876,#3877);
#3876 = CARTESIAN_POINT('',(163.9025,-80.,1.51));
#3877 = VECTOR('',#3878,1.);
#3878 = DIRECTION('',(0.,1.,0.));
#3879 = ORIENTED_EDGE('',*,*,#2537,.F.);
#3880 = ORIENTED_EDGE('',*,*,#2353,.T.);
#3881 = ORIENTED_EDGE('',*,*,#1820,.F.);
#3882 = PLANE('',#3883);
#3883 = AXIS2_PLACEMENT_3D('',#3884,#3885,#3886);
#3884 = CARTESIAN_POINT('',(163.9025,-71.,5.81));
#3885 = DIRECTION('',(1.,0.,0.));
#3886 = DIRECTION('',(0.,0.,1.));
#3887 = ADVANCED_FACE('',(#3888),#3907,.T.);
#3888 = FACE_BOUND('',#3889,.T.);
#3889 = EDGE_LOOP('',(#3890,#3898,#3904,#3905,#3906));
#3890 = ORIENTED_EDGE('',*,*,#3891,.T.);
#3891 = EDGE_CURVE('',#1835,#3892,#3894,.T.);
#3892 = VERTEX_POINT('',#3893);
#3893 = CARTESIAN_POINT('',(57.6675,-80.,1.51));
#3894 = LINE('',#3895,#3896);
#3895 = CARTESIAN_POINT('',(57.6675,-80.,7.51));
#3896 = VECTOR('',#3897,1.);
#3897 = DIRECTION('',(0.,0.,-1.));
#3898 = ORIENTED_EDGE('',*,*,#3899,.T.);
#3899 = EDGE_CURVE('',#3892,#3266,#3900,.T.);
#3900 = LINE('',#3901,#3902);
#3901 = CARTESIAN_POINT('',(57.6675,-80.,1.51));
#3902 = VECTOR('',#3903,1.);
#3903 = DIRECTION('',(0.,1.,0.));
#3904 = ORIENTED_EDGE('',*,*,#3265,.F.);
#3905 = ORIENTED_EDGE('',*,*,#3250,.T.);
#3906 = ORIENTED_EDGE('',*,*,#1844,.F.);
#3907 = PLANE('',#3908);
#3908 = AXIS2_PLACEMENT_3D('',#3909,#3910,#3911);
#3909 = CARTESIAN_POINT('',(57.6675,-71.,5.81));
#3910 = DIRECTION('',(1.,0.,0.));
#3911 = DIRECTION('',(0.,0.,1.));
#3912 = ADVANCED_FACE('',(#3913),#3931,.T.);
#3913 = FACE_BOUND('',#3914,.T.);
#3914 = EDGE_LOOP('',(#3915,#3923,#3929,#3930));
#3915 = ORIENTED_EDGE('',*,*,#3916,.F.);
#3916 = EDGE_CURVE('',#3917,#1883,#3919,.T.);
#3917 = VERTEX_POINT('',#3918);
#3918 = CARTESIAN_POINT('',(52.5,-80.,1.51));
#3919 = LINE('',#3920,#3921);
#3920 = CARTESIAN_POINT('',(52.5,-80.,9.11));
#3921 = VECTOR('',#3922,1.);
#3922 = DIRECTION('',(0.,0.,1.));
#3923 = ORIENTED_EDGE('',*,*,#3924,.F.);
#3924 = EDGE_CURVE('',#3892,#3917,#3925,.T.);
#3925 = LINE('',#3926,#3927);
#3926 = CARTESIAN_POINT('',(57.6675,-80.,1.51));
#3927 = VECTOR('',#3928,1.);
#3928 = DIRECTION('',(-1.,0.,0.));
#3929 = ORIENTED_EDGE('',*,*,#3891,.F.);
#3930 = ORIENTED_EDGE('',*,*,#1890,.T.);
#3931 = PLANE('',#3932);
#3932 = AXIS2_PLACEMENT_3D('',#3933,#3934,#3935);
#3933 = CARTESIAN_POINT('',(55.08375,-80.,5.81));
#3934 = DIRECTION('',(-0.,-1.,-0.));
#3935 = DIRECTION('',(0.,0.,-1.));
#3936 = ADVANCED_FACE('',(#3937),#3956,.T.);
#3937 = FACE_BOUND('',#3938,.F.);
#3938 = EDGE_LOOP('',(#3939,#3940,#3949,#3955));
#3939 = ORIENTED_EDGE('',*,*,#3916,.F.);
#3940 = ORIENTED_EDGE('',*,*,#3941,.F.);
#3941 = EDGE_CURVE('',#3942,#3917,#3944,.T.);
#3942 = VERTEX_POINT('',#3943);
#3943 = CARTESIAN_POINT('',(50.5,-78.,1.51));
#3944 = CIRCLE('',#3945,2.);
#3945 = AXIS2_PLACEMENT_3D('',#3946,#3947,#3948);
#3946 = CARTESIAN_POINT('',(52.5,-78.,1.51));
#3947 = DIRECTION('',(-0.,0.,1.));
#3948 = DIRECTION('',(0.,-1.,0.));
#3949 = ORIENTED_EDGE('',*,*,#3950,.F.);
#3950 = EDGE_CURVE('',#1924,#3942,#3951,.T.);
#3951 = LINE('',#3952,#3953);
#3952 = CARTESIAN_POINT('',(50.5,-78.,7.51));
#3953 = VECTOR('',#3954,1.);
#3954 = DIRECTION('',(0.,0.,-1.));
#3955 = ORIENTED_EDGE('',*,*,#1931,.F.);
#3956 = CYLINDRICAL_SURFACE('',#3957,2.);
#3957 = AXIS2_PLACEMENT_3D('',#3958,#3959,#3960);
#3958 = CARTESIAN_POINT('',(52.5,-78.,9.11));
#3959 = DIRECTION('',(0.,0.,-1.));
#3960 = DIRECTION('',(0.,-1.,0.));
#3961 = ADVANCED_FACE('',(#3962),#3980,.T.);
#3962 = FACE_BOUND('',#3963,.T.);
#3963 = EDGE_LOOP('',(#3964,#3972,#3978,#3979));
#3964 = ORIENTED_EDGE('',*,*,#3965,.F.);
#3965 = EDGE_CURVE('',#3966,#1966,#3968,.T.);
#3966 = VERTEX_POINT('',#3967);
#3967 = CARTESIAN_POINT('',(50.5,-22.,1.51));
#3968 = LINE('',#3969,#3970);
#3969 = CARTESIAN_POINT('',(50.5,-22.,9.11));
#3970 = VECTOR('',#3971,1.);
#3971 = DIRECTION('',(0.,0.,1.));
#3972 = ORIENTED_EDGE('',*,*,#3973,.F.);
#3973 = EDGE_CURVE('',#3942,#3966,#3974,.T.);
#3974 = LINE('',#3975,#3976);
#3975 = CARTESIAN_POINT('',(50.5,-78.,1.51));
#3976 = VECTOR('',#3977,1.);
#3977 = DIRECTION('',(0.,1.,0.));
#3978 = ORIENTED_EDGE('',*,*,#3950,.F.);
#3979 = ORIENTED_EDGE('',*,*,#1973,.T.);
#3980 = PLANE('',#3981);
#3981 = AXIS2_PLACEMENT_3D('',#3982,#3983,#3984);
#3982 = CARTESIAN_POINT('',(50.5,-50.,5.81));
#3983 = DIRECTION('',(-1.,-0.,-0.));
#3984 = DIRECTION('',(0.,0.,-1.));
#3985 = ADVANCED_FACE('',(#3986),#4005,.T.);
#3986 = FACE_BOUND('',#3987,.F.);
#3987 = EDGE_LOOP('',(#3988,#3989,#3998,#4004));
#3988 = ORIENTED_EDGE('',*,*,#3965,.F.);
#3989 = ORIENTED_EDGE('',*,*,#3990,.F.);
#3990 = EDGE_CURVE('',#3991,#3966,#3993,.T.);
#3991 = VERTEX_POINT('',#3992);
#3992 = CARTESIAN_POINT('',(52.5,-20.,1.51));
#3993 = CIRCLE('',#3994,2.);
#3994 = AXIS2_PLACEMENT_3D('',#3995,#3996,#3997);
#3995 = CARTESIAN_POINT('',(52.5,-22.,1.51));
#3996 = DIRECTION('',(-0.,0.,1.));
#3997 = DIRECTION('',(0.,-1.,0.));
#3998 = ORIENTED_EDGE('',*,*,#3999,.F.);
#3999 = EDGE_CURVE('',#2007,#3991,#4000,.T.);
#4000 = LINE('',#4001,#4002);
#4001 = CARTESIAN_POINT('',(52.5,-20.,7.51));
#4002 = VECTOR('',#4003,1.);
#4003 = DIRECTION('',(0.,0.,-1.));
#4004 = ORIENTED_EDGE('',*,*,#2014,.F.);
#4005 = CYLINDRICAL_SURFACE('',#4006,2.);
#4006 = AXIS2_PLACEMENT_3D('',#4007,#4008,#4009);
#4007 = CARTESIAN_POINT('',(52.5,-22.,9.11));
#4008 = DIRECTION('',(0.,0.,-1.));
#4009 = DIRECTION('',(0.,-1.,0.));
#4010 = ADVANCED_FACE('',(#4011),#4022,.T.);
#4011 = FACE_BOUND('',#4012,.T.);
#4012 = EDGE_LOOP('',(#4013,#4014,#4020,#4021));
#4013 = ORIENTED_EDGE('',*,*,#3476,.F.);
#4014 = ORIENTED_EDGE('',*,*,#4015,.F.);
#4015 = EDGE_CURVE('',#3991,#3477,#4016,.T.);
#4016 = LINE('',#4017,#4018);
#4017 = CARTESIAN_POINT('',(52.5,-20.,1.51));
#4018 = VECTOR('',#4019,1.);
#4019 = DIRECTION('',(1.,0.,0.));
#4020 = ORIENTED_EDGE('',*,*,#3999,.F.);
#4021 = ORIENTED_EDGE('',*,*,#2051,.T.);
#4022 = PLANE('',#4023);
#4023 = AXIS2_PLACEMENT_3D('',#4024,#4025,#4026);
#4024 = CARTESIAN_POINT('',(72.89,-20.,5.81));
#4025 = DIRECTION('',(0.,1.,0.));
#4026 = DIRECTION('',(0.,0.,1.));
#4027 = ADVANCED_FACE('',(#4028,#4031),#4034,.F.);
#4028 = FACE_BOUND('',#4029,.T.);
#4029 = EDGE_LOOP('',(#4030));
#4030 = ORIENTED_EDGE('',*,*,#3353,.T.);
#4031 = FACE_BOUND('',#4032,.F.);
#4032 = EDGE_LOOP('',(#4033));
#4033 = ORIENTED_EDGE('',*,*,#2179,.T.);
#4034 = PLANE('',#4035);
#4035 = AXIS2_PLACEMENT_3D('',#4036,#4037,#4038);
#4036 = CARTESIAN_POINT('',(120.,-50.,1.31));
#4037 = DIRECTION('',(0.,0.,1.));
#4038 = DIRECTION('',(1.,0.,0.));
#4039 = ADVANCED_FACE('',(#4040,#4043),#4046,.F.);
#4040 = FACE_BOUND('',#4041,.T.);
#4041 = EDGE_LOOP('',(#4042));
#4042 = ORIENTED_EDGE('',*,*,#3419,.T.);
#4043 = FACE_BOUND('',#4044,.F.);
#4044 = EDGE_LOOP('',(#4045));
#4045 = ORIENTED_EDGE('',*,*,#2311,.T.);
#4046 = PLANE('',#4047);
#4047 = AXIS2_PLACEMENT_3D('',#4048,#4049,#4050);
#4048 = CARTESIAN_POINT('',(120.,-50.,1.31));
#4049 = DIRECTION('',(0.,0.,1.));
#4050 = DIRECTION('',(1.,0.,0.));
#4051 = ADVANCED_FACE('',(#4052),#4065,.T.);
#4052 = FACE_BOUND('',#4053,.T.);
#4053 = EDGE_LOOP('',(#4054,#4055,#4056,#4062,#4063,#4064));
#4054 = ORIENTED_EDGE('',*,*,#3527,.T.);
#4055 = ORIENTED_EDGE('',*,*,#2466,.T.);
#4056 = ORIENTED_EDGE('',*,*,#4057,.T.);
#4057 = EDGE_CURVE('',#2459,#3656,#4058,.T.);
#4058 = LINE('',#4059,#4060);
#4059 = CARTESIAN_POINT('',(129.9899995,-34.45677354891,1.51));
#4060 = VECTOR('',#4061,1.);
#4061 = DIRECTION('',(0.,-1.,0.));
#4062 = ORIENTED_EDGE('',*,*,#3655,.T.);
#4063 = ORIENTED_EDGE('',*,*,#3574,.F.);
#4064 = ORIENTED_EDGE('',*,*,#3552,.F.);
#4065 = PLANE('',#4066);
#4066 = AXIS2_PLACEMENT_3D('',#4067,#4068,#4069);
#4067 = CARTESIAN_POINT('',(121.53965978902,-21.81533996097,1.51));
#4068 = DIRECTION('',(-0.,-0.,-1.));
#4069 = DIRECTION('',(-1.,0.,0.));
#4070 = ADVANCED_FACE('',(#4071),#4082,.T.);
#4071 = FACE_BOUND('',#4072,.T.);
#4072 = EDGE_LOOP('',(#4073,#4079,#4080,#4081));
#4073 = ORIENTED_EDGE('',*,*,#4074,.T.);
#4074 = EDGE_CURVE('',#2451,#3599,#4075,.T.);
#4075 = LINE('',#4076,#4077);
#4076 = CARTESIAN_POINT('',(129.9899995,-21.,5.155000000001));
#4077 = VECTOR('',#4078,1.);
#4078 = DIRECTION('',(0.,-1.,2.2E-16));
#4079 = ORIENTED_EDGE('',*,*,#3663,.T.);
#4080 = ORIENTED_EDGE('',*,*,#4057,.F.);
#4081 = ORIENTED_EDGE('',*,*,#2458,.T.);
#4082 = PLANE('',#4083);
#4083 = AXIS2_PLACEMENT_3D('',#4084,#4085,#4086);
#4084 = CARTESIAN_POINT('',(129.9899995,-24.,3.332500000001));
#4085 = DIRECTION('',(1.,3.1E-16,6.7E-16));
#4086 = DIRECTION('',(-6.7E-16,-1.264194615609E-47,1.));
#4087 = ADVANCED_FACE('',(#4088),#4099,.T.);
#4088 = FACE_BOUND('',#4089,.T.);
#4089 = EDGE_LOOP('',(#4090,#4096,#4097,#4098));
#4090 = ORIENTED_EDGE('',*,*,#4091,.T.);
#4091 = EDGE_CURVE('',#2443,#3601,#4092,.T.);
#4092 = LINE('',#4093,#4094);
#4093 = CARTESIAN_POINT('',(133.8899995,-24.05277902286,5.155));
#4094 = VECTOR('',#4095,1.);
#4095 = DIRECTION('',(0.,-1.,2.5E-16));
#4096 = ORIENTED_EDGE('',*,*,#3598,.F.);
#4097 = ORIENTED_EDGE('',*,*,#4074,.F.);
#4098 = ORIENTED_EDGE('',*,*,#2450,.T.);
#4099 = PLANE('',#4100);
#4100 = AXIS2_PLACEMENT_3D('',#4101,#4102,#4103);
#4101 = CARTESIAN_POINT('',(136.0899995,-24.4375,5.155000000001));
#4102 = DIRECTION('',(-8.978E-14,8.834E-14,-1.));
#4103 = DIRECTION('',(-1.,0.,8.978E-14));
#4104 = ADVANCED_FACE('',(#4105),#4116,.T.);
#4105 = FACE_BOUND('',#4106,.T.);
#4106 = EDGE_LOOP('',(#4107,#4108,#4109,#4110));
#4107 = ORIENTED_EDGE('',*,*,#2410,.T.);
#4108 = ORIENTED_EDGE('',*,*,#2506,.T.);
#4109 = ORIENTED_EDGE('',*,*,#3640,.T.);
#4110 = ORIENTED_EDGE('',*,*,#4111,.F.);
#4111 = EDGE_CURVE('',#2411,#3633,#4112,.T.);
#4112 = LINE('',#4113,#4114);
#4113 = CARTESIAN_POINT('',(142.1899995,-21.,5.155));
#4114 = VECTOR('',#4115,1.);
#4115 = DIRECTION('',(0.,-1.,2.2E-16));
#4116 = PLANE('',#4117);
#4117 = AXIS2_PLACEMENT_3D('',#4118,#4119,#4120);
#4118 = CARTESIAN_POINT('',(142.1899995,-24.,3.3325));
#4119 = DIRECTION('',(-1.,-0.,-5.36E-15));
#4120 = DIRECTION('',(5.36E-15,0.,-1.));
#4121 = ADVANCED_FACE('',(#4122),#4133,.T.);
#4122 = FACE_BOUND('',#4123,.T.);
#4123 = EDGE_LOOP('',(#4124,#4125,#4131,#4132));
#4124 = ORIENTED_EDGE('',*,*,#2442,.T.);
#4125 = ORIENTED_EDGE('',*,*,#4126,.T.);
#4126 = EDGE_CURVE('',#2435,#3609,#4127,.T.);
#4127 = LINE('',#4128,#4129);
#4128 = CARTESIAN_POINT('',(133.8899995,-27.,3.855));
#4129 = VECTOR('',#4130,1.);
#4130 = DIRECTION('',(0.,-1.,0.));
#4131 = ORIENTED_EDGE('',*,*,#3608,.T.);
#4132 = ORIENTED_EDGE('',*,*,#4091,.F.);
#4133 = PLANE('',#4134);
#4134 = AXIS2_PLACEMENT_3D('',#4135,#4136,#4137);
#4135 = CARTESIAN_POINT('',(133.8899995,-24.,4.505));
#4136 = DIRECTION('',(-1.,-0.,-0.));
#4137 = DIRECTION('',(0.,0.,-1.));
#4138 = ADVANCED_FACE('',(#4139),#4150,.T.);
#4139 = FACE_BOUND('',#4140,.T.);
#4140 = EDGE_LOOP('',(#4141,#4147,#4148,#4149));
#4141 = ORIENTED_EDGE('',*,*,#4142,.F.);
#4142 = EDGE_CURVE('',#2419,#3625,#4143,.T.);
#4143 = LINE('',#4144,#4145);
#4144 = CARTESIAN_POINT('',(138.2899995,-27.,5.155));
#4145 = VECTOR('',#4146,1.);
#4146 = DIRECTION('',(0.,-1.,0.));
#4147 = ORIENTED_EDGE('',*,*,#2418,.T.);
#4148 = ORIENTED_EDGE('',*,*,#4111,.T.);
#4149 = ORIENTED_EDGE('',*,*,#3632,.F.);
#4150 = PLANE('',#4151);
#4151 = AXIS2_PLACEMENT_3D('',#4152,#4153,#4154);
#4152 = CARTESIAN_POINT('',(136.0899995,-24.4375,5.155000000001));
#4153 = DIRECTION('',(-8.978E-14,8.834E-14,-1.));
#4154 = DIRECTION('',(-1.,0.,8.978E-14));
#4155 = ADVANCED_FACE('',(#4156),#4167,.T.);
#4156 = FACE_BOUND('',#4157,.T.);
#4157 = EDGE_LOOP('',(#4158,#4159,#4165,#4166));
#4158 = ORIENTED_EDGE('',*,*,#2434,.T.);
#4159 = ORIENTED_EDGE('',*,*,#4160,.T.);
#4160 = EDGE_CURVE('',#2427,#3617,#4161,.T.);
#4161 = LINE('',#4162,#4163);
#4162 = CARTESIAN_POINT('',(138.2899995,-27.,3.855));
#4163 = VECTOR('',#4164,1.);
#4164 = DIRECTION('',(0.,-1.,0.));
#4165 = ORIENTED_EDGE('',*,*,#3616,.T.);
#4166 = ORIENTED_EDGE('',*,*,#4126,.F.);
#4167 = PLANE('',#4168);
#4168 = AXIS2_PLACEMENT_3D('',#4169,#4170,#4171);
#4169 = CARTESIAN_POINT('',(136.0899995,-24.,3.855));
#4170 = DIRECTION('',(-8.3E-16,-0.,-1.));
#4171 = DIRECTION('',(-1.,0.,8.3E-16));
#4172 = ADVANCED_FACE('',(#4173),#4179,.T.);
#4173 = FACE_BOUND('',#4174,.T.);
#4174 = EDGE_LOOP('',(#4175,#4176,#4177,#4178));
#4175 = ORIENTED_EDGE('',*,*,#4142,.T.);
#4176 = ORIENTED_EDGE('',*,*,#3624,.T.);
#4177 = ORIENTED_EDGE('',*,*,#4160,.F.);
#4178 = ORIENTED_EDGE('',*,*,#2426,.T.);
#4179 = PLANE('',#4180);
#4180 = AXIS2_PLACEMENT_3D('',#4181,#4182,#4183);
#4181 = CARTESIAN_POINT('',(138.2899995,-24.,4.505));
#4182 = DIRECTION('',(1.,0.,0.));
#4183 = DIRECTION('',(0.,0.,1.));
#4184 = ADVANCED_FACE('',(#4185),#4195,.F.);
#4185 = FACE_BOUND('',#4186,.T.);
#4186 = EDGE_LOOP('',(#4187,#4188,#4189,#4190,#4191,#4192,#4193,#4194));
#4187 = ORIENTED_EDGE('',*,*,#3850,.T.);
#4188 = ORIENTED_EDGE('',*,*,#3700,.T.);
#4189 = ORIENTED_EDGE('',*,*,#2648,.T.);
#4190 = ORIENTED_EDGE('',*,*,#2624,.T.);
#4191 = ORIENTED_EDGE('',*,*,#2600,.T.);
#4192 = ORIENTED_EDGE('',*,*,#2576,.T.);
#4193 = ORIENTED_EDGE('',*,*,#2545,.F.);
#4194 = ORIENTED_EDGE('',*,*,#3874,.F.);
#4195 = PLANE('',#4196);
#4196 = AXIS2_PLACEMENT_3D('',#4197,#4198,#4199);
#4197 = CARTESIAN_POINT('',(123.77378027669,-48.12034709783,1.51));
#4198 = DIRECTION('',(0.,0.,1.));
#4199 = DIRECTION('',(1.,0.,0.));
#4200 = ADVANCED_FACE('',(#4201),#4212,.T.);
#4201 = FACE_BOUND('',#4202,.F.);
#4202 = EDGE_LOOP('',(#4203,#4204,#4205,#4206));
#4203 = ORIENTED_EDGE('',*,*,#2698,.F.);
#4204 = ORIENTED_EDGE('',*,*,#2713,.T.);
#4205 = ORIENTED_EDGE('',*,*,#2737,.T.);
#4206 = ORIENTED_EDGE('',*,*,#4207,.F.);
#4207 = EDGE_CURVE('',#2691,#2738,#4208,.T.);
#4208 = LINE('',#4209,#4210);
#4209 = CARTESIAN_POINT('',(149.5,-79.5,10.11));
#4210 = VECTOR('',#4211,1.);
#4211 = DIRECTION('',(-1.,0.,0.));
#4212 = PLANE('',#4213);
#4213 = AXIS2_PLACEMENT_3D('',#4214,#4215,#4216);
#4214 = CARTESIAN_POINT('',(149.5,-79.75,9.86));
#4215 = DIRECTION('',(1.889513820523E-18,-0.707106781187,0.707106781187)
  );
#4216 = DIRECTION('',(1.,1.336088035637E-18,-1.336088035637E-18));
#4217 = ADVANCED_FACE('',(#4218),#4229,.T.);
#4218 = FACE_BOUND('',#4219,.T.);
#4219 = EDGE_LOOP('',(#4220,#4221,#4227,#4228));
#4220 = ORIENTED_EDGE('',*,*,#2690,.F.);
#4221 = ORIENTED_EDGE('',*,*,#4222,.F.);
#4222 = EDGE_CURVE('',#2746,#2683,#4223,.T.);
#4223 = LINE('',#4224,#4225);
#4224 = CARTESIAN_POINT('',(90.5,-69.,10.11));
#4225 = VECTOR('',#4226,1.);
#4226 = DIRECTION('',(1.,0.,0.));
#4227 = ORIENTED_EDGE('',*,*,#2745,.F.);
#4228 = ORIENTED_EDGE('',*,*,#4207,.F.);
#4229 = PLANE('',#4230);
#4230 = AXIS2_PLACEMENT_3D('',#4231,#4232,#4233);
#4231 = CARTESIAN_POINT('',(114.31728887793,-49.18859749008,10.11));
#4232 = DIRECTION('',(0.,0.,1.));
#4233 = DIRECTION('',(1.,0.,0.));
#4234 = ADVANCED_FACE('',(#4235),#4241,.T.);
#4235 = FACE_BOUND('',#4236,.T.);
#4236 = EDGE_LOOP('',(#4237,#4238,#4239,#4240));
#4237 = ORIENTED_EDGE('',*,*,#2682,.T.);
#4238 = ORIENTED_EDGE('',*,*,#3716,.F.);
#4239 = ORIENTED_EDGE('',*,*,#2753,.T.);
#4240 = ORIENTED_EDGE('',*,*,#4222,.T.);
#4241 = PLANE('',#4242);
#4242 = AXIS2_PLACEMENT_3D('',#4243,#4244,#4245);
#4243 = CARTESIAN_POINT('',(142.5,-69.,9.11));
#4244 = DIRECTION('',(0.,1.,0.));
#4245 = DIRECTION('',(0.,0.,1.));
#4246 = ADVANCED_FACE('',(#4247),#4258,.T.);
#4247 = FACE_BOUND('',#4248,.F.);
#4248 = EDGE_LOOP('',(#4249,#4250,#4251,#4252));
#4249 = ORIENTED_EDGE('',*,*,#2811,.F.);
#4250 = ORIENTED_EDGE('',*,*,#2826,.T.);
#4251 = ORIENTED_EDGE('',*,*,#2850,.T.);
#4252 = ORIENTED_EDGE('',*,*,#4253,.F.);
#4253 = EDGE_CURVE('',#2804,#2851,#4254,.T.);
#4254 = LINE('',#4255,#4256);
#4255 = CARTESIAN_POINT('',(134.5,-79.5,10.11));
#4256 = VECTOR('',#4257,1.);
#4257 = DIRECTION('',(-1.,0.,0.));
#4258 = PLANE('',#4259);
#4259 = AXIS2_PLACEMENT_3D('',#4260,#4261,#4262);
#4260 = CARTESIAN_POINT('',(134.5,-79.75,9.86));
#4261 = DIRECTION('',(1.889513820523E-18,-0.707106781187,0.707106781187)
  );
#4262 = DIRECTION('',(1.,1.336088035637E-18,-1.336088035637E-18));
#4263 = ADVANCED_FACE('',(#4264),#4275,.T.);
#4264 = FACE_BOUND('',#4265,.T.);
#4265 = EDGE_LOOP('',(#4266,#4267,#4273,#4274));
#4266 = ORIENTED_EDGE('',*,*,#2803,.F.);
#4267 = ORIENTED_EDGE('',*,*,#4268,.F.);
#4268 = EDGE_CURVE('',#2859,#2796,#4269,.T.);
#4269 = LINE('',#4270,#4271);
#4270 = CARTESIAN_POINT('',(90.5,-69.,10.11));
#4271 = VECTOR('',#4272,1.);
#4272 = DIRECTION('',(1.,0.,0.));
#4273 = ORIENTED_EDGE('',*,*,#2858,.F.);
#4274 = ORIENTED_EDGE('',*,*,#4253,.F.);
#4275 = PLANE('',#4276);
#4276 = AXIS2_PLACEMENT_3D('',#4277,#4278,#4279);
#4277 = CARTESIAN_POINT('',(114.31728887793,-49.18859749008,10.11));
#4278 = DIRECTION('',(0.,0.,1.));
#4279 = DIRECTION('',(1.,0.,0.));
#4280 = ADVANCED_FACE('',(#4281),#4287,.T.);
#4281 = FACE_BOUND('',#4282,.T.);
#4282 = EDGE_LOOP('',(#4283,#4284,#4285,#4286));
#4283 = ORIENTED_EDGE('',*,*,#2795,.F.);
#4284 = ORIENTED_EDGE('',*,*,#3758,.F.);
#4285 = ORIENTED_EDGE('',*,*,#2866,.T.);
#4286 = ORIENTED_EDGE('',*,*,#4268,.T.);
#4287 = PLANE('',#4288);
#4288 = AXIS2_PLACEMENT_3D('',#4289,#4290,#4291);
#4289 = CARTESIAN_POINT('',(127.5,-69.,9.11));
#4290 = DIRECTION('',(0.,1.,0.));
#4291 = DIRECTION('',(0.,0.,1.));
#4292 = ADVANCED_FACE('',(#4293),#4304,.T.);
#4293 = FACE_BOUND('',#4294,.F.);
#4294 = EDGE_LOOP('',(#4295,#4296,#4297,#4298));
#4295 = ORIENTED_EDGE('',*,*,#2924,.F.);
#4296 = ORIENTED_EDGE('',*,*,#2939,.T.);
#4297 = ORIENTED_EDGE('',*,*,#2963,.T.);
#4298 = ORIENTED_EDGE('',*,*,#4299,.F.);
#4299 = EDGE_CURVE('',#2917,#2964,#4300,.T.);
#4300 = LINE('',#4301,#4302);
#4301 = CARTESIAN_POINT('',(119.5,-79.5,10.11));
#4302 = VECTOR('',#4303,1.);
#4303 = DIRECTION('',(-1.,0.,0.));
#4304 = PLANE('',#4305);
#4305 = AXIS2_PLACEMENT_3D('',#4306,#4307,#4308);
#4306 = CARTESIAN_POINT('',(119.5,-79.75,9.86));
#4307 = DIRECTION('',(1.889513820523E-18,-0.707106781187,0.707106781187)
  );
#4308 = DIRECTION('',(1.,1.336088035637E-18,-1.336088035637E-18));
#4309 = ADVANCED_FACE('',(#4310),#4321,.T.);
#4310 = FACE_BOUND('',#4311,.T.);
#4311 = EDGE_LOOP('',(#4312,#4313,#4319,#4320));
#4312 = ORIENTED_EDGE('',*,*,#2916,.F.);
#4313 = ORIENTED_EDGE('',*,*,#4314,.F.);
#4314 = EDGE_CURVE('',#2972,#2909,#4315,.T.);
#4315 = LINE('',#4316,#4317);
#4316 = CARTESIAN_POINT('',(90.5,-69.,10.11));
#4317 = VECTOR('',#4318,1.);
#4318 = DIRECTION('',(1.,0.,0.));
#4319 = ORIENTED_EDGE('',*,*,#2971,.F.);
#4320 = ORIENTED_EDGE('',*,*,#4299,.F.);
#4321 = PLANE('',#4322);
#4322 = AXIS2_PLACEMENT_3D('',#4323,#4324,#4325);
#4323 = CARTESIAN_POINT('',(114.31728887793,-49.18859749008,10.11));
#4324 = DIRECTION('',(0.,0.,1.));
#4325 = DIRECTION('',(1.,0.,0.));
#4326 = ADVANCED_FACE('',(#4327),#4333,.T.);
#4327 = FACE_BOUND('',#4328,.T.);
#4328 = EDGE_LOOP('',(#4329,#4330,#4331,#4332));
#4329 = ORIENTED_EDGE('',*,*,#2908,.F.);
#4330 = ORIENTED_EDGE('',*,*,#3792,.F.);
#4331 = ORIENTED_EDGE('',*,*,#2979,.T.);
#4332 = ORIENTED_EDGE('',*,*,#4314,.T.);
#4333 = PLANE('',#4334);
#4334 = AXIS2_PLACEMENT_3D('',#4335,#4336,#4337);
#4335 = CARTESIAN_POINT('',(112.5,-69.,9.11));
#4336 = DIRECTION('',(0.,1.,0.));
#4337 = DIRECTION('',(0.,0.,1.));
#4338 = ADVANCED_FACE('',(#4339),#4350,.T.);
#4339 = FACE_BOUND('',#4340,.F.);
#4340 = EDGE_LOOP('',(#4341,#4342,#4343,#4344));
#4341 = ORIENTED_EDGE('',*,*,#3037,.F.);
#4342 = ORIENTED_EDGE('',*,*,#3052,.T.);
#4343 = ORIENTED_EDGE('',*,*,#3076,.T.);
#4344 = ORIENTED_EDGE('',*,*,#4345,.F.);
#4345 = EDGE_CURVE('',#3030,#3077,#4346,.T.);
#4346 = LINE('',#4347,#4348);
#4347 = CARTESIAN_POINT('',(104.5,-79.5,10.11));
#4348 = VECTOR('',#4349,1.);
#4349 = DIRECTION('',(-1.,0.,0.));
#4350 = PLANE('',#4351);
#4351 = AXIS2_PLACEMENT_3D('',#4352,#4353,#4354);
#4352 = CARTESIAN_POINT('',(104.5,-79.75,9.86));
#4353 = DIRECTION('',(1.889513820523E-18,-0.707106781187,0.707106781187)
  );
#4354 = DIRECTION('',(1.,1.336088035637E-18,-1.336088035637E-18));
#4355 = ADVANCED_FACE('',(#4356),#4367,.T.);
#4356 = FACE_BOUND('',#4357,.T.);
#4357 = EDGE_LOOP('',(#4358,#4359,#4365,#4366));
#4358 = ORIENTED_EDGE('',*,*,#3029,.F.);
#4359 = ORIENTED_EDGE('',*,*,#4360,.F.);
#4360 = EDGE_CURVE('',#3085,#3022,#4361,.T.);
#4361 = LINE('',#4362,#4363);
#4362 = CARTESIAN_POINT('',(90.5,-69.,10.11));
#4363 = VECTOR('',#4364,1.);
#4364 = DIRECTION('',(1.,0.,0.));
#4365 = ORIENTED_EDGE('',*,*,#3084,.F.);
#4366 = ORIENTED_EDGE('',*,*,#4345,.F.);
#4367 = PLANE('',#4368);
#4368 = AXIS2_PLACEMENT_3D('',#4369,#4370,#4371);
#4369 = CARTESIAN_POINT('',(114.31728887793,-49.18859749008,10.11));
#4370 = DIRECTION('',(0.,0.,1.));
#4371 = DIRECTION('',(1.,0.,0.));
#4372 = ADVANCED_FACE('',(#4373),#4379,.T.);
#4373 = FACE_BOUND('',#4374,.T.);
#4374 = EDGE_LOOP('',(#4375,#4376,#4377,#4378));
#4375 = ORIENTED_EDGE('',*,*,#3021,.F.);
#4376 = ORIENTED_EDGE('',*,*,#3775,.F.);
#4377 = ORIENTED_EDGE('',*,*,#3092,.T.);
#4378 = ORIENTED_EDGE('',*,*,#4360,.T.);
#4379 = PLANE('',#4380);
#4380 = AXIS2_PLACEMENT_3D('',#4381,#4382,#4383);
#4381 = CARTESIAN_POINT('',(97.5,-69.,9.11));
#4382 = DIRECTION('',(0.,1.,0.));
#4383 = DIRECTION('',(0.,0.,1.));
#4384 = ADVANCED_FACE('',(#4385),#4395,.F.);
#4385 = FACE_BOUND('',#4386,.T.);
#4386 = EDGE_LOOP('',(#4387,#4388,#4389,#4390,#4391,#4392,#4393,#4394));
#4387 = ORIENTED_EDGE('',*,*,#3227,.T.);
#4388 = ORIENTED_EDGE('',*,*,#3203,.T.);
#4389 = ORIENTED_EDGE('',*,*,#3179,.T.);
#4390 = ORIENTED_EDGE('',*,*,#3148,.F.);
#4391 = ORIENTED_EDGE('',*,*,#3124,.F.);
#4392 = ORIENTED_EDGE('',*,*,#3741,.T.);
#4393 = ORIENTED_EDGE('',*,*,#3815,.T.);
#4394 = ORIENTED_EDGE('',*,*,#3833,.F.);
#4395 = PLANE('',#4396);
#4396 = AXIS2_PLACEMENT_3D('',#4397,#4398,#4399);
#4397 = CARTESIAN_POINT('',(123.77378027669,-48.12034709783,1.51));
#4398 = DIRECTION('',(0.,0.,1.));
#4399 = DIRECTION('',(1.,0.,0.));
#4400 = ADVANCED_FACE('',(#4401),#4417,.F.);
#4401 = FACE_BOUND('',#4402,.F.);
#4402 = EDGE_LOOP('',(#4403,#4404,#4405,#4406,#4407,#4408,#4409,#4410,
    #4411,#4412,#4413,#4414,#4415,#4416));
#4403 = ORIENTED_EDGE('',*,*,#3924,.F.);
#4404 = ORIENTED_EDGE('',*,*,#3899,.T.);
#4405 = ORIENTED_EDGE('',*,*,#3273,.T.);
#4406 = ORIENTED_EDGE('',*,*,#3304,.F.);
#4407 = ORIENTED_EDGE('',*,*,#3322,.T.);
#4408 = ORIENTED_EDGE('',*,*,#3370,.F.);
#4409 = ORIENTED_EDGE('',*,*,#3388,.T.);
#4410 = ORIENTED_EDGE('',*,*,#3436,.F.);
#4411 = ORIENTED_EDGE('',*,*,#3454,.T.);
#4412 = ORIENTED_EDGE('',*,*,#3493,.T.);
#4413 = ORIENTED_EDGE('',*,*,#4015,.F.);
#4414 = ORIENTED_EDGE('',*,*,#3990,.T.);
#4415 = ORIENTED_EDGE('',*,*,#3973,.F.);
#4416 = ORIENTED_EDGE('',*,*,#3941,.T.);
#4417 = PLANE('',#4418);
#4418 = AXIS2_PLACEMENT_3D('',#4419,#4420,#4421);
#4419 = CARTESIAN_POINT('',(123.77378027669,-48.12034709783,1.51));
#4420 = DIRECTION('',(0.,0.,1.));
#4421 = DIRECTION('',(1.,0.,0.));
#4422 = ( GEOMETRIC_REPRESENTATION_CONTEXT(3) 
GLOBAL_UNCERTAINTY_ASSIGNED_CONTEXT((#4426)) 
GLOBAL_UNIT_ASSIGNED_CONTEXT((#4423,#4424,#4425)) REPRESENTATION_CONTEXT
('Context #1','3D Context with UNIT and UNCERTAINTY') );
#4423 = ( LENGTH_UNIT() NAMED_UNIT(*) SI_UNIT(.MILLI.,.METRE.) );
#4424 = ( NAMED_UNIT(*) PLANE_ANGLE_UNIT() SI_UNIT($,.RADIAN.) );
#4425 = ( NAMED_UNIT(*) SI_UNIT($,.STERADIAN.) SOLID_ANGLE_UNIT() );
#4426 = UNCERTAINTY_MEASURE_WITH_UNIT(LENGTH_MEASURE(1.E-04),#4423,
  'distance_accuracy_value','confusion accuracy');
#4427 = PRODUCT_RELATED_PRODUCT_CATEGORY('part',$,(#7));
#4428 = MECHANICAL_DESIGN_GEOMETRIC_PRESENTATION_REPRESENTATION('',(
    #4429),#4422);
#4429 = STYLED_ITEM('color',(#4430),#15);
#4430 = PRESENTATION_STYLE_ASSIGNMENT((#4431,#4437));
#4431 = SURFACE_STYLE_USAGE(.BOTH.,#4432);
#4432 = SURFACE_SIDE_STYLE('',(#4433));
#4433 = SURFACE_STYLE_FILL_AREA(#4434);
#4434 = FILL_AREA_STYLE('',(#4435));
#4435 = FILL_AREA_STYLE_COLOUR('',#4436);
#4436 = COLOUR_RGB('',0.800000010877,0.800000010877,0.901960800373);
#4437 = CURVE_STYLE('',#4438,POSITIVE_LENGTH_MEASURE(0.1),#4439);
#4438 = DRAUGHTING_PRE_DEFINED_CURVE_FONT('continuous');
#4439 = COLOUR_RGB('',9.803921802644E-02,9.803921802644E-02,
  9.803921802644E-02);
ENDSEC;
END-ISO-10303-21;
