ISO-10303-21;
HEADER;
FILE_DESCRIPTION(('FreeCAD Model'),'2;1');
FILE_NAME('Open CASCADE Shape Model','2026-06-12T10:12:23',(''),(''),
  'Open CASCADE STEP processor 7.8','FreeCAD','Unknown');
FILE_SCHEMA(('AUTOMOTIVE_DESIGN { 1 0 10303 214 1 1 1 1 }'));
ENDSEC;
DATA;
#1 = APPLICATION_PROTOCOL_DEFINITION('international standard',
  'automotive_design',2000,#2);
#2 = APPLICATION_CONTEXT(
  'core data for automotive mechanical design processes');
#3 = SHAPE_DEFINITION_REPRESENTATION(#4,#10);
#4 = PRODUCT_DEFINITION_SHAPE('','',#5);
#5 = PRODUCT_DEFINITION('design','',#6,#9);
#6 = PRODUCT_DEFINITION_FORMATION('','',#7);
#7 = PRODUCT('BasePlate','BasePlate','',(#8));
#8 = PRODUCT_CONTEXT('',#2,'mechanical');
#9 = PRODUCT_DEFINITION_CONTEXT('part definition',#2,'design');
#10 = ADVANCED_BREP_SHAPE_REPRESENTATION('',(#11,#15),#2645);
#11 = AXIS2_PLACEMENT_3D('',#12,#13,#14);
#12 = CARTESIAN_POINT('',(0.,0.,0.));
#13 = DIRECTION('',(0.,0.,1.));
#14 = DIRECTION('',(1.,0.,-0.));
#15 = MANIFOLD_SOLID_BREP('',#16);
#16 = CLOSED_SHELL('',(#17,#66,#105,#137,#168,#670,#694,#720,#744,#840,
    #865,#912,#936,#983,#1007,#1031,#1055,#1079,#1103,#1127,#1152,#1176,
    #1201,#1225,#1250,#1274,#1299,#1323,#1348,#1372,#1397,#1421,#1446,
    #1470,#1495,#1519,#1554,#1578,#1613,#1637,#1662,#1686,#1711,#1735,
    #1752,#1769,#1794,#1811,#1836,#1861,#1886,#1911,#1936,#1961,#1986,
    #2011,#2036,#2061,#2086,#2111,#2128,#2145,#2162,#2179,#2191,#2216,
    #2241,#2266,#2291,#2303,#2389,#2398,#2407,#2416,#2425,#2434,#2443,
    #2452,#2461,#2470,#2479,#2488,#2497,#2517,#2537,#2557,#2577,#2594,
    #2611,#2628));
#17 = ADVANCED_FACE('',(#18),#61,.T.);
#18 = FACE_BOUND('',#19,.F.);
#19 = EDGE_LOOP('',(#20,#30,#39,#47,#56));
#20 = ORIENTED_EDGE('',*,*,#21,.T.);
#21 = EDGE_CURVE('',#22,#24,#26,.T.);
#22 = VERTEX_POINT('',#23);
#23 = CARTESIAN_POINT('',(220.,-76.5,-5.));
#24 = VERTEX_POINT('',#25);
#25 = CARTESIAN_POINT('',(220.,-76.5,-7.5));
#26 = LINE('',#27,#28);
#27 = CARTESIAN_POINT('',(220.,-76.5,-5.));
#28 = VECTOR('',#29,1.);
#29 = DIRECTION('',(0.,0.,-1.));
#30 = ORIENTED_EDGE('',*,*,#31,.F.);
#31 = EDGE_CURVE('',#32,#24,#34,.T.);
#32 = VERTEX_POINT('',#33);
#33 = CARTESIAN_POINT('',(216.500001,-80.,-7.5));
#34 = CIRCLE('',#35,3.5);
#35 = AXIS2_PLACEMENT_3D('',#36,#37,#38);
#36 = CARTESIAN_POINT('',(216.5,-76.5,-7.5));
#37 = DIRECTION('',(-0.,0.,1.));
#38 = DIRECTION('',(2.857142849929E-07,-1.,0.));
#39 = ORIENTED_EDGE('',*,*,#40,.T.);
#40 = EDGE_CURVE('',#32,#41,#43,.T.);
#41 = VERTEX_POINT('',#42);
#42 = CARTESIAN_POINT('',(216.500001,-80.,4.E-15));
#43 = LINE('',#44,#45);
#44 = CARTESIAN_POINT('',(216.500001,-80.,-8.));
#45 = VECTOR('',#46,1.);
#46 = DIRECTION('',(0.,0.,1.));
#47 = ORIENTED_EDGE('',*,*,#48,.F.);
#48 = EDGE_CURVE('',#49,#41,#51,.T.);
#49 = VERTEX_POINT('',#50);
#50 = CARTESIAN_POINT('',(220.,-76.5,0.));
#51 = CIRCLE('',#52,3.5);
#52 = AXIS2_PLACEMENT_3D('',#53,#54,#55);
#53 = CARTESIAN_POINT('',(216.5,-76.5,0.));
#54 = DIRECTION('',(0.,0.,-1.));
#55 = DIRECTION('',(1.,0.,0.));
#56 = ORIENTED_EDGE('',*,*,#57,.F.);
#57 = EDGE_CURVE('',#22,#49,#58,.T.);
#58 = B_SPLINE_CURVE_WITH_KNOTS('',1,(#59,#60),.UNSPECIFIED.,.F.,.F.,(2,
    2),(-5.,0.),.PIECEWISE_BEZIER_KNOTS.);
#59 = CARTESIAN_POINT('',(220.,-76.5,-5.));
#60 = CARTESIAN_POINT('',(220.,-76.5,0.));
#61 = CYLINDRICAL_SURFACE('',#62,3.5);
#62 = AXIS2_PLACEMENT_3D('',#63,#64,#65);
#63 = CARTESIAN_POINT('',(216.5,-76.5,0.));
#64 = DIRECTION('',(0.,0.,1.));
#65 = DIRECTION('',(1.,0.,0.));
#66 = ADVANCED_FACE('',(#67),#100,.T.);
#67 = FACE_BOUND('',#68,.T.);
#68 = EDGE_LOOP('',(#69,#70,#78,#86,#93,#99));
#69 = ORIENTED_EDGE('',*,*,#21,.T.);
#70 = ORIENTED_EDGE('',*,*,#71,.T.);
#71 = EDGE_CURVE('',#24,#72,#74,.T.);
#72 = VERTEX_POINT('',#73);
#73 = CARTESIAN_POINT('',(220.,-23.5,-7.5));
#74 = LINE('',#75,#76);
#75 = CARTESIAN_POINT('',(220.,-76.5,-7.5));
#76 = VECTOR('',#77,1.);
#77 = DIRECTION('',(-5.36E-15,1.,0.));
#78 = ORIENTED_EDGE('',*,*,#79,.F.);
#79 = EDGE_CURVE('',#80,#72,#82,.T.);
#80 = VERTEX_POINT('',#81);
#81 = CARTESIAN_POINT('',(220.,-23.5,-5.));
#82 = LINE('',#83,#84);
#83 = CARTESIAN_POINT('',(220.,-23.5,-5.));
#84 = VECTOR('',#85,1.);
#85 = DIRECTION('',(0.,0.,-1.));
#86 = ORIENTED_EDGE('',*,*,#87,.T.);
#87 = EDGE_CURVE('',#80,#88,#90,.T.);
#88 = VERTEX_POINT('',#89);
#89 = CARTESIAN_POINT('',(220.,-23.5,0.));
#90 = B_SPLINE_CURVE_WITH_KNOTS('',1,(#91,#92),.UNSPECIFIED.,.F.,.F.,(2,
    2),(-5.,0.),.PIECEWISE_BEZIER_KNOTS.);
#91 = CARTESIAN_POINT('',(220.,-23.5,-5.));
#92 = CARTESIAN_POINT('',(220.,-23.5,0.));
#93 = ORIENTED_EDGE('',*,*,#94,.F.);
#94 = EDGE_CURVE('',#49,#88,#95,.T.);
#95 = LINE('',#96,#97);
#96 = CARTESIAN_POINT('',(220.,-76.5,4.440892098501E-15));
#97 = VECTOR('',#98,1.);
#98 = DIRECTION('',(-5.36E-15,1.,-0.));
#99 = ORIENTED_EDGE('',*,*,#57,.F.);
#100 = PLANE('',#101);
#101 = AXIS2_PLACEMENT_3D('',#102,#103,#104);
#102 = CARTESIAN_POINT('',(220.,-50.,-4.));
#103 = DIRECTION('',(1.,4.92E-15,0.));
#104 = DIRECTION('',(-4.92E-15,1.,0.));
#105 = ADVANCED_FACE('',(#106),#132,.T.);
#106 = FACE_BOUND('',#107,.T.);
#107 = EDGE_LOOP('',(#108,#116,#125,#131));
#108 = ORIENTED_EDGE('',*,*,#109,.F.);
#109 = EDGE_CURVE('',#110,#32,#112,.T.);
#110 = VERTEX_POINT('',#111);
#111 = CARTESIAN_POINT('',(216.500001,-79.5,-8.));
#112 = LINE('',#113,#114);
#113 = CARTESIAN_POINT('',(216.500001,-79.75,-7.75));
#114 = VECTOR('',#115,1.);
#115 = DIRECTION('',(-2.90882763039E-35,-0.707106781187,0.707106781187)
  );
#116 = ORIENTED_EDGE('',*,*,#117,.T.);
#117 = EDGE_CURVE('',#110,#118,#120,.T.);
#118 = VERTEX_POINT('',#119);
#119 = CARTESIAN_POINT('',(219.5,-76.5,-8.));
#120 = CIRCLE('',#121,3.);
#121 = AXIS2_PLACEMENT_3D('',#122,#123,#124);
#122 = CARTESIAN_POINT('',(216.5,-76.5,-8.));
#123 = DIRECTION('',(-0.,0.,1.));
#124 = DIRECTION('',(2.857142849929E-07,-1.,0.));
#125 = ORIENTED_EDGE('',*,*,#126,.T.);
#126 = EDGE_CURVE('',#118,#24,#127,.T.);
#127 = LINE('',#128,#129);
#128 = CARTESIAN_POINT('',(220.,-76.5,-7.5));
#129 = VECTOR('',#130,1.);
#130 = DIRECTION('',(0.707106781187,2.398638454845E-17,0.707106781187));
#131 = ORIENTED_EDGE('',*,*,#31,.F.);
#132 = CONICAL_SURFACE('',#133,3.5,0.785398163397);
#133 = AXIS2_PLACEMENT_3D('',#134,#135,#136);
#134 = CARTESIAN_POINT('',(216.5,-76.5,-7.5));
#135 = DIRECTION('',(0.,0.,1.));
#136 = DIRECTION('',(2.857142849929E-07,-1.,0.));
#137 = ADVANCED_FACE('',(#138),#163,.T.);
#138 = FACE_BOUND('',#139,.T.);
#139 = EDGE_LOOP('',(#140,#150,#156,#157));
#140 = ORIENTED_EDGE('',*,*,#141,.T.);
#141 = EDGE_CURVE('',#142,#144,#146,.T.);
#142 = VERTEX_POINT('',#143);
#143 = CARTESIAN_POINT('',(23.5,-80.,4.E-15));
#144 = VERTEX_POINT('',#145);
#145 = CARTESIAN_POINT('',(23.5,-80.,-7.5));
#146 = LINE('',#147,#148);
#147 = CARTESIAN_POINT('',(23.5,-80.,-5.));
#148 = VECTOR('',#149,1.);
#149 = DIRECTION('',(0.,0.,-1.));
#150 = ORIENTED_EDGE('',*,*,#151,.T.);
#151 = EDGE_CURVE('',#144,#32,#152,.T.);
#152 = LINE('',#153,#154);
#153 = CARTESIAN_POINT('',(23.5,-80.,-7.5));
#154 = VECTOR('',#155,1.);
#155 = DIRECTION('',(1.,0.,0.));
#156 = ORIENTED_EDGE('',*,*,#40,.T.);
#157 = ORIENTED_EDGE('',*,*,#158,.F.);
#158 = EDGE_CURVE('',#142,#41,#159,.T.);
#159 = LINE('',#160,#161);
#160 = CARTESIAN_POINT('',(23.5,-80.,3.55E-15));
#161 = VECTOR('',#162,1.);
#162 = DIRECTION('',(1.,0.,0.));
#163 = PLANE('',#164);
#164 = AXIS2_PLACEMENT_3D('',#165,#166,#167);
#165 = CARTESIAN_POINT('',(120.0000005,-80.,-4.));
#166 = DIRECTION('',(-0.,-1.,-0.));
#167 = DIRECTION('',(0.,0.,-1.));
#168 = ADVANCED_FACE('',(#169,#533,#544,#555,#566,#577,#588,#599,#610,
    #621,#632,#643,#654),#665,.T.);
#169 = FACE_BOUND('',#170,.T.);
#170 = EDGE_LOOP('',(#171,#172,#173,#182,#190,#198,#206,#214,#222,#230,
    #238,#246,#254,#263,#271,#280,#288,#297,#305,#314,#322,#331,#339,
    #348,#356,#365,#373,#382,#390,#399,#408,#416,#425,#434,#442,#451,
    #459,#468,#476,#484,#492,#500,#508,#517,#525,#532));
#171 = ORIENTED_EDGE('',*,*,#48,.F.);
#172 = ORIENTED_EDGE('',*,*,#94,.T.);
#173 = ORIENTED_EDGE('',*,*,#174,.F.);
#174 = EDGE_CURVE('',#175,#88,#177,.T.);
#175 = VERTEX_POINT('',#176);
#176 = CARTESIAN_POINT('',(216.5,-20.,4.E-15));
#177 = CIRCLE('',#178,3.5);
#178 = AXIS2_PLACEMENT_3D('',#179,#180,#181);
#179 = CARTESIAN_POINT('',(216.5,-23.5,0.));
#180 = DIRECTION('',(0.,0.,-1.));
#181 = DIRECTION('',(1.,0.,0.));
#182 = ORIENTED_EDGE('',*,*,#183,.T.);
#183 = EDGE_CURVE('',#175,#184,#186,.T.);
#184 = VERTEX_POINT('',#185);
#185 = CARTESIAN_POINT('',(142.1899995,-20.,3.5513568394E-15));
#186 = LINE('',#187,#188);
#187 = CARTESIAN_POINT('',(216.5,-20.,3.55E-15));
#188 = VECTOR('',#189,1.);
#189 = DIRECTION('',(-1.,0.,0.));
#190 = ORIENTED_EDGE('',*,*,#191,.F.);
#191 = EDGE_CURVE('',#192,#184,#194,.T.);
#192 = VERTEX_POINT('',#193);
#193 = CARTESIAN_POINT('',(142.1899995,-28.2,3.330669073875E-15));
#194 = LINE('',#195,#196);
#195 = CARTESIAN_POINT('',(142.1899995,-35.00000000122,
    3.159312234475E-15));
#196 = VECTOR('',#197,1.);
#197 = DIRECTION('',(0.,1.,0.));
#198 = ORIENTED_EDGE('',*,*,#199,.F.);
#199 = EDGE_CURVE('',#200,#192,#202,.T.);
#200 = VERTEX_POINT('',#201);
#201 = CARTESIAN_POINT('',(154.1899995,-28.2,1.554312234475E-15));
#202 = LINE('',#203,#204);
#203 = CARTESIAN_POINT('',(154.1899995,-28.2,1.554312234475E-15));
#204 = VECTOR('',#205,1.);
#205 = DIRECTION('',(-1.,0.,0.));
#206 = ORIENTED_EDGE('',*,*,#207,.F.);
#207 = EDGE_CURVE('',#208,#200,#210,.T.);
#208 = VERTEX_POINT('',#209);
#209 = CARTESIAN_POINT('',(154.1899995,-21.2,0.));
#210 = LINE('',#211,#212);
#211 = CARTESIAN_POINT('',(154.1899995,-21.2,0.));
#212 = VECTOR('',#213,1.);
#213 = DIRECTION('',(0.,-1.,2.22044604925E-16));
#214 = ORIENTED_EDGE('',*,*,#215,.F.);
#215 = EDGE_CURVE('',#216,#208,#218,.T.);
#216 = VERTEX_POINT('',#217);
#217 = CARTESIAN_POINT('',(154.382339,-21.2,4.440892098501E-15));
#218 = LINE('',#219,#220);
#219 = CARTESIAN_POINT('',(154.382339,-21.2,4.440892098501E-15));
#220 = VECTOR('',#221,1.);
#221 = DIRECTION('',(-1.,0.,0.));
#222 = ORIENTED_EDGE('',*,*,#223,.T.);
#223 = EDGE_CURVE('',#216,#224,#226,.T.);
#224 = VERTEX_POINT('',#225);
#225 = CARTESIAN_POINT('',(154.382339,-20.8,4.440892098501E-15));
#226 = LINE('',#227,#228);
#227 = CARTESIAN_POINT('',(154.382339,-21.2,4.440892098501E-15));
#228 = VECTOR('',#229,1.);
#229 = DIRECTION('',(0.,1.,0.));
#230 = ORIENTED_EDGE('',*,*,#231,.T.);
#231 = EDGE_CURVE('',#224,#232,#234,.T.);
#232 = VERTEX_POINT('',#233);
#233 = CARTESIAN_POINT('',(173.67363,-20.8,4.440892098501E-15));
#234 = LINE('',#235,#236);
#235 = CARTESIAN_POINT('',(154.382339,-20.8,4.440892098501E-15));
#236 = VECTOR('',#237,1.);
#237 = DIRECTION('',(1.,0.,0.));
#238 = ORIENTED_EDGE('',*,*,#239,.T.);
#239 = EDGE_CURVE('',#232,#240,#242,.T.);
#240 = VERTEX_POINT('',#241);
#241 = CARTESIAN_POINT('',(173.67363,-21.2,4.440892098501E-15));
#242 = LINE('',#243,#244);
#243 = CARTESIAN_POINT('',(173.67363,-20.8,4.440892098501E-15));
#244 = VECTOR('',#245,1.);
#245 = DIRECTION('',(0.,-1.,0.));
#246 = ORIENTED_EDGE('',*,*,#247,.F.);
#247 = EDGE_CURVE('',#248,#240,#250,.T.);
#248 = VERTEX_POINT('',#249);
#249 = CARTESIAN_POINT('',(183.86181880834,-21.2,2.E-15));
#250 = LINE('',#251,#252);
#251 = CARTESIAN_POINT('',(216.8,-21.2,4.440892098501E-15));
#252 = VECTOR('',#253,1.);
#253 = DIRECTION('',(-1.,0.,0.));
#254 = ORIENTED_EDGE('',*,*,#255,.F.);
#255 = EDGE_CURVE('',#256,#248,#258,.T.);
#256 = VERTEX_POINT('',#257);
#257 = CARTESIAN_POINT('',(186.5,-27.,0.));
#258 = CIRCLE('',#259,3.5);
#259 = AXIS2_PLACEMENT_3D('',#260,#261,#262);
#260 = CARTESIAN_POINT('',(186.5,-23.5,0.));
#261 = DIRECTION('',(0.,0.,-1.));
#262 = DIRECTION('',(1.,0.,0.));
#263 = ORIENTED_EDGE('',*,*,#264,.F.);
#264 = EDGE_CURVE('',#265,#256,#267,.T.);
#265 = VERTEX_POINT('',#266);
#266 = CARTESIAN_POINT('',(193.5,-27.,0.));
#267 = LINE('',#268,#269);
#268 = CARTESIAN_POINT('',(193.5,-27.,0.));
#269 = VECTOR('',#270,1.);
#270 = DIRECTION('',(-1.,0.,0.));
#271 = ORIENTED_EDGE('',*,*,#272,.F.);
#272 = EDGE_CURVE('',#273,#265,#275,.T.);
#273 = VERTEX_POINT('',#274);
#274 = CARTESIAN_POINT('',(196.13818119165,-21.2,2.E-15));
#275 = CIRCLE('',#276,3.5);
#276 = AXIS2_PLACEMENT_3D('',#277,#278,#279);
#277 = CARTESIAN_POINT('',(193.5,-23.5,0.));
#278 = DIRECTION('',(0.,0.,-1.));
#279 = DIRECTION('',(1.,0.,0.));
#280 = ORIENTED_EDGE('',*,*,#281,.F.);
#281 = EDGE_CURVE('',#282,#273,#284,.T.);
#282 = VERTEX_POINT('',#283);
#283 = CARTESIAN_POINT('',(213.86181880834,-21.2,2.E-15));
#284 = LINE('',#285,#286);
#285 = CARTESIAN_POINT('',(216.8,-21.2,4.440892098501E-15));
#286 = VECTOR('',#287,1.);
#287 = DIRECTION('',(-1.,0.,0.));
#288 = ORIENTED_EDGE('',*,*,#289,.F.);
#289 = EDGE_CURVE('',#290,#282,#292,.T.);
#290 = VERTEX_POINT('',#291);
#291 = CARTESIAN_POINT('',(218.8,-26.13818119165,2.E-15));
#292 = CIRCLE('',#293,3.5);
#293 = AXIS2_PLACEMENT_3D('',#294,#295,#296);
#294 = CARTESIAN_POINT('',(216.5,-23.5,0.));
#295 = DIRECTION('',(0.,0.,-1.));
#296 = DIRECTION('',(1.,0.,0.));
#297 = ORIENTED_EDGE('',*,*,#298,.F.);
#298 = EDGE_CURVE('',#299,#290,#301,.T.);
#299 = VERTEX_POINT('',#300);
#300 = CARTESIAN_POINT('',(218.8,-73.86181880834,2.E-15));
#301 = LINE('',#302,#303);
#302 = CARTESIAN_POINT('',(218.8,-76.8,4.440892098501E-15));
#303 = VECTOR('',#304,1.);
#304 = DIRECTION('',(0.,1.,0.));
#305 = ORIENTED_EDGE('',*,*,#306,.F.);
#306 = EDGE_CURVE('',#307,#299,#309,.T.);
#307 = VERTEX_POINT('',#308);
#308 = CARTESIAN_POINT('',(213.86181880834,-78.8,2.E-15));
#309 = CIRCLE('',#310,3.5);
#310 = AXIS2_PLACEMENT_3D('',#311,#312,#313);
#311 = CARTESIAN_POINT('',(216.5,-76.5,0.));
#312 = DIRECTION('',(0.,0.,-1.));
#313 = DIRECTION('',(1.,0.,0.));
#314 = ORIENTED_EDGE('',*,*,#315,.F.);
#315 = EDGE_CURVE('',#316,#307,#318,.T.);
#316 = VERTEX_POINT('',#317);
#317 = CARTESIAN_POINT('',(196.13818119165,-78.8,2.E-15));
#318 = LINE('',#319,#320);
#319 = CARTESIAN_POINT('',(23.2,-78.8,4.440892098501E-15));
#320 = VECTOR('',#321,1.);
#321 = DIRECTION('',(1.,0.,0.));
#322 = ORIENTED_EDGE('',*,*,#323,.F.);
#323 = EDGE_CURVE('',#324,#316,#326,.T.);
#324 = VERTEX_POINT('',#325);
#325 = CARTESIAN_POINT('',(193.5,-73.,0.));
#326 = CIRCLE('',#327,3.5);
#327 = AXIS2_PLACEMENT_3D('',#328,#329,#330);
#328 = CARTESIAN_POINT('',(193.5,-76.5,0.));
#329 = DIRECTION('',(0.,0.,-1.));
#330 = DIRECTION('',(1.,0.,0.));
#331 = ORIENTED_EDGE('',*,*,#332,.T.);
#332 = EDGE_CURVE('',#324,#333,#335,.T.);
#333 = VERTEX_POINT('',#334);
#334 = CARTESIAN_POINT('',(186.5,-73.,0.));
#335 = LINE('',#336,#337);
#336 = CARTESIAN_POINT('',(193.5,-73.,0.));
#337 = VECTOR('',#338,1.);
#338 = DIRECTION('',(-1.,0.,0.));
#339 = ORIENTED_EDGE('',*,*,#340,.F.);
#340 = EDGE_CURVE('',#341,#333,#343,.T.);
#341 = VERTEX_POINT('',#342);
#342 = CARTESIAN_POINT('',(183.86181880834,-78.8,2.E-15));
#343 = CIRCLE('',#344,3.5);
#344 = AXIS2_PLACEMENT_3D('',#345,#346,#347);
#345 = CARTESIAN_POINT('',(186.5,-76.5,0.));
#346 = DIRECTION('',(0.,0.,-1.));
#347 = DIRECTION('',(1.,0.,0.));
#348 = ORIENTED_EDGE('',*,*,#349,.F.);
#349 = EDGE_CURVE('',#350,#341,#352,.T.);
#350 = VERTEX_POINT('',#351);
#351 = CARTESIAN_POINT('',(56.138181191655,-78.8,2.E-15));
#352 = LINE('',#353,#354);
#353 = CARTESIAN_POINT('',(23.2,-78.8,4.440892098501E-15));
#354 = VECTOR('',#355,1.);
#355 = DIRECTION('',(1.,0.,0.));
#356 = ORIENTED_EDGE('',*,*,#357,.F.);
#357 = EDGE_CURVE('',#358,#350,#360,.T.);
#358 = VERTEX_POINT('',#359);
#359 = CARTESIAN_POINT('',(53.5,-73.,0.));
#360 = CIRCLE('',#361,3.5);
#361 = AXIS2_PLACEMENT_3D('',#362,#363,#364);
#362 = CARTESIAN_POINT('',(53.5,-76.5,0.));
#363 = DIRECTION('',(0.,0.,-1.));
#364 = DIRECTION('',(1.,0.,0.));
#365 = ORIENTED_EDGE('',*,*,#366,.F.);
#366 = EDGE_CURVE('',#367,#358,#369,.T.);
#367 = VERTEX_POINT('',#368);
#368 = CARTESIAN_POINT('',(46.5,-73.,0.));
#369 = LINE('',#370,#371);
#370 = CARTESIAN_POINT('',(46.5,-73.,0.));
#371 = VECTOR('',#372,1.);
#372 = DIRECTION('',(1.,0.,0.));
#373 = ORIENTED_EDGE('',*,*,#374,.F.);
#374 = EDGE_CURVE('',#375,#367,#377,.T.);
#375 = VERTEX_POINT('',#376);
#376 = CARTESIAN_POINT('',(43.861818808345,-78.8,2.E-15));
#377 = CIRCLE('',#378,3.5);
#378 = AXIS2_PLACEMENT_3D('',#379,#380,#381);
#379 = CARTESIAN_POINT('',(46.5,-76.5,0.));
#380 = DIRECTION('',(0.,0.,-1.));
#381 = DIRECTION('',(1.,0.,0.));
#382 = ORIENTED_EDGE('',*,*,#383,.F.);
#383 = EDGE_CURVE('',#384,#375,#386,.T.);
#384 = VERTEX_POINT('',#385);
#385 = CARTESIAN_POINT('',(26.138181191655,-78.8,2.E-15));
#386 = LINE('',#387,#388);
#387 = CARTESIAN_POINT('',(23.2,-78.8,4.440892098501E-15));
#388 = VECTOR('',#389,1.);
#389 = DIRECTION('',(1.,0.,0.));
#390 = ORIENTED_EDGE('',*,*,#391,.F.);
#391 = EDGE_CURVE('',#392,#384,#394,.T.);
#392 = VERTEX_POINT('',#393);
#393 = CARTESIAN_POINT('',(27.,-76.5,0.));
#394 = CIRCLE('',#395,3.5);
#395 = AXIS2_PLACEMENT_3D('',#396,#397,#398);
#396 = CARTESIAN_POINT('',(23.5,-76.5,0.));
#397 = DIRECTION('',(0.,0.,-1.));
#398 = DIRECTION('',(1.,0.,0.));
#399 = ORIENTED_EDGE('',*,*,#400,.F.);
#400 = EDGE_CURVE('',#401,#392,#403,.T.);
#401 = VERTEX_POINT('',#402);
#402 = CARTESIAN_POINT('',(21.2,-73.86181880834,2.E-15));
#403 = CIRCLE('',#404,3.5);
#404 = AXIS2_PLACEMENT_3D('',#405,#406,#407);
#405 = CARTESIAN_POINT('',(23.5,-76.5,0.));
#406 = DIRECTION('',(0.,0.,-1.));
#407 = DIRECTION('',(1.,0.,0.));
#408 = ORIENTED_EDGE('',*,*,#409,.F.);
#409 = EDGE_CURVE('',#410,#401,#412,.T.);
#410 = VERTEX_POINT('',#411);
#411 = CARTESIAN_POINT('',(21.2,-26.13818119165,2.E-15));
#412 = LINE('',#413,#414);
#413 = CARTESIAN_POINT('',(21.2,-23.2,4.440892098501E-15));
#414 = VECTOR('',#415,1.);
#415 = DIRECTION('',(0.,-1.,0.));
#416 = ORIENTED_EDGE('',*,*,#417,.F.);
#417 = EDGE_CURVE('',#418,#410,#420,.T.);
#418 = VERTEX_POINT('',#419);
#419 = CARTESIAN_POINT('',(27.,-23.5,0.));
#420 = CIRCLE('',#421,3.5);
#421 = AXIS2_PLACEMENT_3D('',#422,#423,#424);
#422 = CARTESIAN_POINT('',(23.5,-23.5,0.));
#423 = DIRECTION('',(0.,0.,-1.));
#424 = DIRECTION('',(1.,0.,0.));
#425 = ORIENTED_EDGE('',*,*,#426,.F.);
#426 = EDGE_CURVE('',#427,#418,#429,.T.);
#427 = VERTEX_POINT('',#428);
#428 = CARTESIAN_POINT('',(26.138181191655,-21.2,2.E-15));
#429 = CIRCLE('',#430,3.5);
#430 = AXIS2_PLACEMENT_3D('',#431,#432,#433);
#431 = CARTESIAN_POINT('',(23.5,-23.5,0.));
#432 = DIRECTION('',(0.,0.,-1.));
#433 = DIRECTION('',(1.,0.,0.));
#434 = ORIENTED_EDGE('',*,*,#435,.F.);
#435 = EDGE_CURVE('',#436,#427,#438,.T.);
#436 = VERTEX_POINT('',#437);
#437 = CARTESIAN_POINT('',(43.861818808345,-21.2,2.E-15));
#438 = LINE('',#439,#440);
#439 = CARTESIAN_POINT('',(154.382339,-21.2,4.440892098501E-15));
#440 = VECTOR('',#441,1.);
#441 = DIRECTION('',(-1.,0.,0.));
#442 = ORIENTED_EDGE('',*,*,#443,.F.);
#443 = EDGE_CURVE('',#444,#436,#446,.T.);
#444 = VERTEX_POINT('',#445);
#445 = CARTESIAN_POINT('',(46.5,-27.,0.));
#446 = CIRCLE('',#447,3.5);
#447 = AXIS2_PLACEMENT_3D('',#448,#449,#450);
#448 = CARTESIAN_POINT('',(46.5,-23.5,0.));
#449 = DIRECTION('',(0.,0.,-1.));
#450 = DIRECTION('',(1.,0.,0.));
#451 = ORIENTED_EDGE('',*,*,#452,.T.);
#452 = EDGE_CURVE('',#444,#453,#455,.T.);
#453 = VERTEX_POINT('',#454);
#454 = CARTESIAN_POINT('',(53.5,-27.,0.));
#455 = LINE('',#456,#457);
#456 = CARTESIAN_POINT('',(46.5,-27.,0.));
#457 = VECTOR('',#458,1.);
#458 = DIRECTION('',(1.,0.,0.));
#459 = ORIENTED_EDGE('',*,*,#460,.F.);
#460 = EDGE_CURVE('',#461,#453,#463,.T.);
#461 = VERTEX_POINT('',#462);
#462 = CARTESIAN_POINT('',(56.138181191655,-21.2,2.E-15));
#463 = CIRCLE('',#464,3.5);
#464 = AXIS2_PLACEMENT_3D('',#465,#466,#467);
#465 = CARTESIAN_POINT('',(53.5,-23.5,0.));
#466 = DIRECTION('',(0.,0.,-1.));
#467 = DIRECTION('',(1.,0.,0.));
#468 = ORIENTED_EDGE('',*,*,#469,.F.);
#469 = EDGE_CURVE('',#470,#461,#472,.T.);
#470 = VERTEX_POINT('',#471);
#471 = CARTESIAN_POINT('',(126.9899995,-21.2,1.972152263053E-31));
#472 = LINE('',#473,#474);
#473 = CARTESIAN_POINT('',(154.382339,-21.2,4.440892098501E-15));
#474 = VECTOR('',#475,1.);
#475 = DIRECTION('',(-1.,0.,0.));
#476 = ORIENTED_EDGE('',*,*,#477,.T.);
#477 = EDGE_CURVE('',#470,#478,#480,.T.);
#478 = VERTEX_POINT('',#479);
#479 = CARTESIAN_POINT('',(126.9899995,-28.2,1.554312234475E-15));
#480 = LINE('',#481,#482);
#481 = CARTESIAN_POINT('',(126.9899995,-21.2,1.972152263053E-31));
#482 = VECTOR('',#483,1.);
#483 = DIRECTION('',(0.,-1.,2.22044604925E-16));
#484 = ORIENTED_EDGE('',*,*,#485,.F.);
#485 = EDGE_CURVE('',#486,#478,#488,.T.);
#486 = VERTEX_POINT('',#487);
#487 = CARTESIAN_POINT('',(129.9899995,-28.2,5.130669077758E-15));
#488 = LINE('',#489,#490);
#489 = CARTESIAN_POINT('',(129.9899995,-28.2,5.154312234475E-15));
#490 = VECTOR('',#491,1.);
#491 = DIRECTION('',(-1.,-2.6645352591E-31,-1.2E-15));
#492 = ORIENTED_EDGE('',*,*,#493,.F.);
#493 = EDGE_CURVE('',#494,#486,#496,.T.);
#494 = VERTEX_POINT('',#495);
#495 = CARTESIAN_POINT('',(129.9899995,-20.,3.5513568394E-15));
#496 = LINE('',#497,#498);
#497 = CARTESIAN_POINT('',(129.9899995,-21.2,3.576356843283E-15));
#498 = VECTOR('',#499,1.);
#499 = DIRECTION('',(0.,-1.,2.22044604925E-16));
#500 = ORIENTED_EDGE('',*,*,#501,.T.);
#501 = EDGE_CURVE('',#494,#502,#504,.T.);
#502 = VERTEX_POINT('',#503);
#503 = CARTESIAN_POINT('',(23.500000068654,-20.,4.E-15));
#504 = LINE('',#505,#506);
#505 = CARTESIAN_POINT('',(216.5,-20.,3.55E-15));
#506 = VECTOR('',#507,1.);
#507 = DIRECTION('',(-1.,0.,0.));
#508 = ORIENTED_EDGE('',*,*,#509,.F.);
#509 = EDGE_CURVE('',#510,#502,#512,.T.);
#510 = VERTEX_POINT('',#511);
#511 = CARTESIAN_POINT('',(20.,-23.5,4.E-15));
#512 = CIRCLE('',#513,3.5);
#513 = AXIS2_PLACEMENT_3D('',#514,#515,#516);
#514 = CARTESIAN_POINT('',(23.5,-23.5,0.));
#515 = DIRECTION('',(0.,0.,-1.));
#516 = DIRECTION('',(1.,0.,0.));
#517 = ORIENTED_EDGE('',*,*,#518,.T.);
#518 = EDGE_CURVE('',#510,#519,#521,.T.);
#519 = VERTEX_POINT('',#520);
#520 = CARTESIAN_POINT('',(20.,-76.5,4.E-15));
#521 = LINE('',#522,#523);
#522 = CARTESIAN_POINT('',(20.,-23.5,4.440892098501E-15));
#523 = VECTOR('',#524,1.);
#524 = DIRECTION('',(0.,-1.,0.));
#525 = ORIENTED_EDGE('',*,*,#526,.F.);
#526 = EDGE_CURVE('',#142,#519,#527,.T.);
#527 = CIRCLE('',#528,3.5);
#528 = AXIS2_PLACEMENT_3D('',#529,#530,#531);
#529 = CARTESIAN_POINT('',(23.5,-76.5,0.));
#530 = DIRECTION('',(0.,0.,-1.));
#531 = DIRECTION('',(1.,0.,0.));
#532 = ORIENTED_EDGE('',*,*,#158,.T.);
#533 = FACE_BOUND('',#534,.T.);
#534 = EDGE_LOOP('',(#535));
#535 = ORIENTED_EDGE('',*,*,#536,.T.);
#536 = EDGE_CURVE('',#537,#537,#539,.T.);
#537 = VERTEX_POINT('',#538);
#538 = CARTESIAN_POINT('',(25.5,-76.5,0.));
#539 = CIRCLE('',#540,2.);
#540 = AXIS2_PLACEMENT_3D('',#541,#542,#543);
#541 = CARTESIAN_POINT('',(23.5,-76.5,0.));
#542 = DIRECTION('',(0.,0.,-1.));
#543 = DIRECTION('',(1.,0.,0.));
#544 = FACE_BOUND('',#545,.T.);
#545 = EDGE_LOOP('',(#546));
#546 = ORIENTED_EDGE('',*,*,#547,.T.);
#547 = EDGE_CURVE('',#548,#548,#550,.T.);
#548 = VERTEX_POINT('',#549);
#549 = CARTESIAN_POINT('',(48.5,-76.5,0.));
#550 = CIRCLE('',#551,2.);
#551 = AXIS2_PLACEMENT_3D('',#552,#553,#554);
#552 = CARTESIAN_POINT('',(46.5,-76.5,0.));
#553 = DIRECTION('',(0.,0.,-1.));
#554 = DIRECTION('',(1.,0.,0.));
#555 = FACE_BOUND('',#556,.T.);
#556 = EDGE_LOOP('',(#557));
#557 = ORIENTED_EDGE('',*,*,#558,.T.);
#558 = EDGE_CURVE('',#559,#559,#561,.T.);
#559 = VERTEX_POINT('',#560);
#560 = CARTESIAN_POINT('',(55.5,-76.5,0.));
#561 = CIRCLE('',#562,2.);
#562 = AXIS2_PLACEMENT_3D('',#563,#564,#565);
#563 = CARTESIAN_POINT('',(53.5,-76.5,0.));
#564 = DIRECTION('',(0.,0.,-1.));
#565 = DIRECTION('',(1.,0.,0.));
#566 = FACE_BOUND('',#567,.T.);
#567 = EDGE_LOOP('',(#568));
#568 = ORIENTED_EDGE('',*,*,#569,.T.);
#569 = EDGE_CURVE('',#570,#570,#572,.T.);
#570 = VERTEX_POINT('',#571);
#571 = CARTESIAN_POINT('',(188.5,-76.5,0.));
#572 = CIRCLE('',#573,2.);
#573 = AXIS2_PLACEMENT_3D('',#574,#575,#576);
#574 = CARTESIAN_POINT('',(186.5,-76.5,0.));
#575 = DIRECTION('',(0.,0.,-1.));
#576 = DIRECTION('',(1.,0.,0.));
#577 = FACE_BOUND('',#578,.T.);
#578 = EDGE_LOOP('',(#579));
#579 = ORIENTED_EDGE('',*,*,#580,.T.);
#580 = EDGE_CURVE('',#581,#581,#583,.T.);
#581 = VERTEX_POINT('',#582);
#582 = CARTESIAN_POINT('',(195.5,-76.5,0.));
#583 = CIRCLE('',#584,2.);
#584 = AXIS2_PLACEMENT_3D('',#585,#586,#587);
#585 = CARTESIAN_POINT('',(193.5,-76.5,0.));
#586 = DIRECTION('',(0.,0.,-1.));
#587 = DIRECTION('',(1.,0.,0.));
#588 = FACE_BOUND('',#589,.T.);
#589 = EDGE_LOOP('',(#590));
#590 = ORIENTED_EDGE('',*,*,#591,.T.);
#591 = EDGE_CURVE('',#592,#592,#594,.T.);
#592 = VERTEX_POINT('',#593);
#593 = CARTESIAN_POINT('',(218.5,-76.5,0.));
#594 = CIRCLE('',#595,2.);
#595 = AXIS2_PLACEMENT_3D('',#596,#597,#598);
#596 = CARTESIAN_POINT('',(216.5,-76.5,0.));
#597 = DIRECTION('',(0.,0.,-1.));
#598 = DIRECTION('',(1.,0.,0.));
#599 = FACE_BOUND('',#600,.T.);
#600 = EDGE_LOOP('',(#601));
#601 = ORIENTED_EDGE('',*,*,#602,.T.);
#602 = EDGE_CURVE('',#603,#603,#605,.T.);
#603 = VERTEX_POINT('',#604);
#604 = CARTESIAN_POINT('',(25.5,-23.5,0.));
#605 = CIRCLE('',#606,2.);
#606 = AXIS2_PLACEMENT_3D('',#607,#608,#609);
#607 = CARTESIAN_POINT('',(23.5,-23.5,0.));
#608 = DIRECTION('',(0.,0.,-1.));
#609 = DIRECTION('',(1.,0.,0.));
#610 = FACE_BOUND('',#611,.T.);
#611 = EDGE_LOOP('',(#612));
#612 = ORIENTED_EDGE('',*,*,#613,.T.);
#613 = EDGE_CURVE('',#614,#614,#616,.T.);
#614 = VERTEX_POINT('',#615);
#615 = CARTESIAN_POINT('',(48.5,-23.5,0.));
#616 = CIRCLE('',#617,2.);
#617 = AXIS2_PLACEMENT_3D('',#618,#619,#620);
#618 = CARTESIAN_POINT('',(46.5,-23.5,0.));
#619 = DIRECTION('',(0.,0.,-1.));
#620 = DIRECTION('',(1.,0.,0.));
#621 = FACE_BOUND('',#622,.T.);
#622 = EDGE_LOOP('',(#623));
#623 = ORIENTED_EDGE('',*,*,#624,.T.);
#624 = EDGE_CURVE('',#625,#625,#627,.T.);
#625 = VERTEX_POINT('',#626);
#626 = CARTESIAN_POINT('',(55.5,-23.5,0.));
#627 = CIRCLE('',#628,2.);
#628 = AXIS2_PLACEMENT_3D('',#629,#630,#631);
#629 = CARTESIAN_POINT('',(53.5,-23.5,0.));
#630 = DIRECTION('',(0.,0.,-1.));
#631 = DIRECTION('',(1.,0.,0.));
#632 = FACE_BOUND('',#633,.T.);
#633 = EDGE_LOOP('',(#634));
#634 = ORIENTED_EDGE('',*,*,#635,.T.);
#635 = EDGE_CURVE('',#636,#636,#638,.T.);
#636 = VERTEX_POINT('',#637);
#637 = CARTESIAN_POINT('',(188.5,-23.5,0.));
#638 = CIRCLE('',#639,2.);
#639 = AXIS2_PLACEMENT_3D('',#640,#641,#642);
#640 = CARTESIAN_POINT('',(186.5,-23.5,0.));
#641 = DIRECTION('',(0.,0.,-1.));
#642 = DIRECTION('',(1.,0.,0.));
#643 = FACE_BOUND('',#644,.T.);
#644 = EDGE_LOOP('',(#645));
#645 = ORIENTED_EDGE('',*,*,#646,.T.);
#646 = EDGE_CURVE('',#647,#647,#649,.T.);
#647 = VERTEX_POINT('',#648);
#648 = CARTESIAN_POINT('',(195.5,-23.5,0.));
#649 = CIRCLE('',#650,2.);
#650 = AXIS2_PLACEMENT_3D('',#651,#652,#653);
#651 = CARTESIAN_POINT('',(193.5,-23.5,0.));
#652 = DIRECTION('',(0.,0.,-1.));
#653 = DIRECTION('',(1.,0.,0.));
#654 = FACE_BOUND('',#655,.T.);
#655 = EDGE_LOOP('',(#656));
#656 = ORIENTED_EDGE('',*,*,#657,.T.);
#657 = EDGE_CURVE('',#658,#658,#660,.T.);
#658 = VERTEX_POINT('',#659);
#659 = CARTESIAN_POINT('',(218.5,-23.5,0.));
#660 = CIRCLE('',#661,2.);
#661 = AXIS2_PLACEMENT_3D('',#662,#663,#664);
#662 = CARTESIAN_POINT('',(216.5,-23.5,0.));
#663 = DIRECTION('',(0.,0.,-1.));
#664 = DIRECTION('',(1.,0.,0.));
#665 = PLANE('',#666);
#666 = AXIS2_PLACEMENT_3D('',#667,#668,#669);
#667 = CARTESIAN_POINT('',(120.14167228528,-50.01162714482,
    3.398808795284E-15));
#668 = DIRECTION('',(0.,0.,1.));
#669 = DIRECTION('',(1.,0.,0.));
#670 = ADVANCED_FACE('',(#671),#689,.T.);
#671 = FACE_BOUND('',#672,.T.);
#672 = EDGE_LOOP('',(#673,#674,#682,#688));
#673 = ORIENTED_EDGE('',*,*,#126,.F.);
#674 = ORIENTED_EDGE('',*,*,#675,.T.);
#675 = EDGE_CURVE('',#118,#676,#678,.T.);
#676 = VERTEX_POINT('',#677);
#677 = CARTESIAN_POINT('',(219.5,-23.5,-8.));
#678 = LINE('',#679,#680);
#679 = CARTESIAN_POINT('',(219.5,-76.5,-8.));
#680 = VECTOR('',#681,1.);
#681 = DIRECTION('',(-5.36E-15,1.,0.));
#682 = ORIENTED_EDGE('',*,*,#683,.T.);
#683 = EDGE_CURVE('',#676,#72,#684,.T.);
#684 = LINE('',#685,#686);
#685 = CARTESIAN_POINT('',(219.75,-23.5,-7.75));
#686 = VECTOR('',#687,1.);
#687 = DIRECTION('',(0.707106781187,3.79009234716E-15,0.707106781187));
#688 = ORIENTED_EDGE('',*,*,#71,.F.);
#689 = PLANE('',#690);
#690 = AXIS2_PLACEMENT_3D('',#691,#692,#693);
#691 = CARTESIAN_POINT('',(219.75,-76.5,-7.75));
#692 = DIRECTION('',(0.707106781187,2.003837038122E-15,-0.707106781187)
  );
#693 = DIRECTION('',(-4.096926758049E-15,1.,-1.263073241951E-15));
#694 = ADVANCED_FACE('',(#695),#715,.T.);
#695 = FACE_BOUND('',#696,.F.);
#696 = EDGE_LOOP('',(#697,#698,#699,#700,#708));
#697 = ORIENTED_EDGE('',*,*,#79,.F.);
#698 = ORIENTED_EDGE('',*,*,#87,.T.);
#699 = ORIENTED_EDGE('',*,*,#174,.F.);
#700 = ORIENTED_EDGE('',*,*,#701,.T.);
#701 = EDGE_CURVE('',#175,#702,#704,.T.);
#702 = VERTEX_POINT('',#703);
#703 = CARTESIAN_POINT('',(216.5,-20.,-7.5));
#704 = LINE('',#705,#706);
#705 = CARTESIAN_POINT('',(216.5,-20.,-5.));
#706 = VECTOR('',#707,1.);
#707 = DIRECTION('',(0.,0.,-1.));
#708 = ORIENTED_EDGE('',*,*,#709,.F.);
#709 = EDGE_CURVE('',#72,#702,#710,.T.);
#710 = CIRCLE('',#711,3.5);
#711 = AXIS2_PLACEMENT_3D('',#712,#713,#714);
#712 = CARTESIAN_POINT('',(216.5,-23.5,-7.5));
#713 = DIRECTION('',(0.,0.,1.));
#714 = DIRECTION('',(1.,0.,0.));
#715 = CYLINDRICAL_SURFACE('',#716,3.5);
#716 = AXIS2_PLACEMENT_3D('',#717,#718,#719);
#717 = CARTESIAN_POINT('',(216.5,-23.5,0.));
#718 = DIRECTION('',(0.,0.,1.));
#719 = DIRECTION('',(1.,0.,0.));
#720 = ADVANCED_FACE('',(#721),#739,.T.);
#721 = FACE_BOUND('',#722,.T.);
#722 = EDGE_LOOP('',(#723,#731,#737,#738));
#723 = ORIENTED_EDGE('',*,*,#724,.F.);
#724 = EDGE_CURVE('',#725,#144,#727,.T.);
#725 = VERTEX_POINT('',#726);
#726 = CARTESIAN_POINT('',(23.5,-79.5,-8.));
#727 = LINE('',#728,#729);
#728 = CARTESIAN_POINT('',(23.5,-80.,-7.5));
#729 = VECTOR('',#730,1.);
#730 = DIRECTION('',(-8.815758734589E-17,-0.707106781187,0.707106781187)
  );
#731 = ORIENTED_EDGE('',*,*,#732,.T.);
#732 = EDGE_CURVE('',#725,#110,#733,.T.);
#733 = LINE('',#734,#735);
#734 = CARTESIAN_POINT('',(23.5,-79.5,-8.));
#735 = VECTOR('',#736,1.);
#736 = DIRECTION('',(1.,0.,0.));
#737 = ORIENTED_EDGE('',*,*,#109,.T.);
#738 = ORIENTED_EDGE('',*,*,#151,.F.);
#739 = PLANE('',#740);
#740 = AXIS2_PLACEMENT_3D('',#741,#742,#743);
#741 = CARTESIAN_POINT('',(23.5,-79.75,-7.75));
#742 = DIRECTION('',(-1.889513820523E-18,-0.707106781187,-0.707106781187
    ));
#743 = DIRECTION('',(1.,-1.336088035637E-18,-1.336088035637E-18));
#744 = ADVANCED_FACE('',(#745,#791,#802,#813,#824),#835,.T.);
#745 = FACE_BOUND('',#746,.T.);
#746 = EDGE_LOOP('',(#747,#757,#764,#765,#766,#767,#776,#784));
#747 = ORIENTED_EDGE('',*,*,#748,.F.);
#748 = EDGE_CURVE('',#749,#751,#753,.T.);
#749 = VERTEX_POINT('',#750);
#750 = CARTESIAN_POINT('',(216.5,-20.5,-8.));
#751 = VERTEX_POINT('',#752);
#752 = CARTESIAN_POINT('',(23.500000068654,-20.5,-8.));
#753 = LINE('',#754,#755);
#754 = CARTESIAN_POINT('',(216.5,-20.5,-8.));
#755 = VECTOR('',#756,1.);
#756 = DIRECTION('',(-1.,0.,0.));
#757 = ORIENTED_EDGE('',*,*,#758,.F.);
#758 = EDGE_CURVE('',#676,#749,#759,.T.);
#759 = CIRCLE('',#760,3.);
#760 = AXIS2_PLACEMENT_3D('',#761,#762,#763);
#761 = CARTESIAN_POINT('',(216.5,-23.5,-8.));
#762 = DIRECTION('',(0.,0.,1.));
#763 = DIRECTION('',(1.,0.,0.));
#764 = ORIENTED_EDGE('',*,*,#675,.F.);
#765 = ORIENTED_EDGE('',*,*,#117,.F.);
#766 = ORIENTED_EDGE('',*,*,#732,.F.);
#767 = ORIENTED_EDGE('',*,*,#768,.F.);
#768 = EDGE_CURVE('',#769,#725,#771,.T.);
#769 = VERTEX_POINT('',#770);
#770 = CARTESIAN_POINT('',(20.5,-76.5,-8.));
#771 = CIRCLE('',#772,3.);
#772 = AXIS2_PLACEMENT_3D('',#773,#774,#775);
#773 = CARTESIAN_POINT('',(23.5,-76.5,-8.));
#774 = DIRECTION('',(0.,-0.,1.));
#775 = DIRECTION('',(-1.,4.060244204344E-15,0.));
#776 = ORIENTED_EDGE('',*,*,#777,.F.);
#777 = EDGE_CURVE('',#778,#769,#780,.T.);
#778 = VERTEX_POINT('',#779);
#779 = CARTESIAN_POINT('',(20.5,-23.5,-8.));
#780 = LINE('',#781,#782);
#781 = CARTESIAN_POINT('',(20.5,-23.5,-8.));
#782 = VECTOR('',#783,1.);
#783 = DIRECTION('',(0.,-1.,0.));
#784 = ORIENTED_EDGE('',*,*,#785,.F.);
#785 = EDGE_CURVE('',#751,#778,#786,.T.);
#786 = CIRCLE('',#787,3.);
#787 = AXIS2_PLACEMENT_3D('',#788,#789,#790);
#788 = CARTESIAN_POINT('',(23.5,-23.5,-8.));
#789 = DIRECTION('',(0.,-0.,1.));
#790 = DIRECTION('',(1.961530874236E-08,1.,0.));
#791 = FACE_BOUND('',#792,.T.);
#792 = EDGE_LOOP('',(#793));
#793 = ORIENTED_EDGE('',*,*,#794,.F.);
#794 = EDGE_CURVE('',#795,#795,#797,.T.);
#795 = VERTEX_POINT('',#796);
#796 = CARTESIAN_POINT('',(106.5,-65.,-8.));
#797 = CIRCLE('',#798,1.5);
#798 = AXIS2_PLACEMENT_3D('',#799,#800,#801);
#799 = CARTESIAN_POINT('',(105.,-65.,-8.));
#800 = DIRECTION('',(0.,0.,-1.));
#801 = DIRECTION('',(1.,0.,0.));
#802 = FACE_BOUND('',#803,.T.);
#803 = EDGE_LOOP('',(#804));
#804 = ORIENTED_EDGE('',*,*,#805,.F.);
#805 = EDGE_CURVE('',#806,#806,#808,.T.);
#806 = VERTEX_POINT('',#807);
#807 = CARTESIAN_POINT('',(136.5,-65.,-8.));
#808 = CIRCLE('',#809,1.5);
#809 = AXIS2_PLACEMENT_3D('',#810,#811,#812);
#810 = CARTESIAN_POINT('',(135.,-65.,-8.));
#811 = DIRECTION('',(0.,0.,-1.));
#812 = DIRECTION('',(1.,0.,0.));
#813 = FACE_BOUND('',#814,.T.);
#814 = EDGE_LOOP('',(#815));
#815 = ORIENTED_EDGE('',*,*,#816,.F.);
#816 = EDGE_CURVE('',#817,#817,#819,.T.);
#817 = VERTEX_POINT('',#818);
#818 = CARTESIAN_POINT('',(106.5,-35.,-8.));
#819 = CIRCLE('',#820,1.5);
#820 = AXIS2_PLACEMENT_3D('',#821,#822,#823);
#821 = CARTESIAN_POINT('',(105.,-35.,-8.));
#822 = DIRECTION('',(0.,0.,-1.));
#823 = DIRECTION('',(1.,0.,0.));
#824 = FACE_BOUND('',#825,.T.);
#825 = EDGE_LOOP('',(#826));
#826 = ORIENTED_EDGE('',*,*,#827,.F.);
#827 = EDGE_CURVE('',#828,#828,#830,.T.);
#828 = VERTEX_POINT('',#829);
#829 = CARTESIAN_POINT('',(136.5,-35.,-8.));
#830 = CIRCLE('',#831,1.5);
#831 = AXIS2_PLACEMENT_3D('',#832,#833,#834);
#832 = CARTESIAN_POINT('',(135.,-35.,-8.));
#833 = DIRECTION('',(0.,0.,-1.));
#834 = DIRECTION('',(1.,0.,0.));
#835 = PLANE('',#836);
#836 = AXIS2_PLACEMENT_3D('',#837,#838,#839);
#837 = CARTESIAN_POINT('',(120.00000000715,-50.00000000244,-8.));
#838 = DIRECTION('',(-0.,-0.,-1.));
#839 = DIRECTION('',(-1.,0.,0.));
#840 = ADVANCED_FACE('',(#841),#860,.T.);
#841 = FACE_BOUND('',#842,.F.);
#842 = EDGE_LOOP('',(#843,#844,#853,#859));
#843 = ORIENTED_EDGE('',*,*,#141,.T.);
#844 = ORIENTED_EDGE('',*,*,#845,.F.);
#845 = EDGE_CURVE('',#846,#144,#848,.T.);
#846 = VERTEX_POINT('',#847);
#847 = CARTESIAN_POINT('',(20.,-76.5,-7.5));
#848 = CIRCLE('',#849,3.5);
#849 = AXIS2_PLACEMENT_3D('',#850,#851,#852);
#850 = CARTESIAN_POINT('',(23.5,-76.5,-7.5));
#851 = DIRECTION('',(0.,-0.,1.));
#852 = DIRECTION('',(-1.,4.060244204344E-15,0.));
#853 = ORIENTED_EDGE('',*,*,#854,.T.);
#854 = EDGE_CURVE('',#846,#519,#855,.T.);
#855 = LINE('',#856,#857);
#856 = CARTESIAN_POINT('',(20.,-76.5,-8.));
#857 = VECTOR('',#858,1.);
#858 = DIRECTION('',(0.,0.,1.));
#859 = ORIENTED_EDGE('',*,*,#526,.F.);
#860 = CYLINDRICAL_SURFACE('',#861,3.5);
#861 = AXIS2_PLACEMENT_3D('',#862,#863,#864);
#862 = CARTESIAN_POINT('',(23.5,-76.5,0.));
#863 = DIRECTION('',(0.,0.,1.));
#864 = DIRECTION('',(1.,0.,0.));
#865 = ADVANCED_FACE('',(#866),#907,.T.);
#866 = FACE_BOUND('',#867,.T.);
#867 = EDGE_LOOP('',(#868,#876,#877,#885,#893,#899,#900,#901));
#868 = ORIENTED_EDGE('',*,*,#869,.T.);
#869 = EDGE_CURVE('',#870,#502,#872,.T.);
#870 = VERTEX_POINT('',#871);
#871 = CARTESIAN_POINT('',(23.500000068654,-20.,-7.5));
#872 = LINE('',#873,#874);
#873 = CARTESIAN_POINT('',(23.500000068654,-20.,-8.));
#874 = VECTOR('',#875,1.);
#875 = DIRECTION('',(0.,0.,1.));
#876 = ORIENTED_EDGE('',*,*,#501,.F.);
#877 = ORIENTED_EDGE('',*,*,#878,.F.);
#878 = EDGE_CURVE('',#879,#494,#881,.T.);
#879 = VERTEX_POINT('',#880);
#880 = CARTESIAN_POINT('',(129.9899995,-20.,-2.29));
#881 = LINE('',#882,#883);
#882 = CARTESIAN_POINT('',(129.9899995,-20.,-2.29));
#883 = VECTOR('',#884,1.);
#884 = DIRECTION('',(0.,1.443289932013E-15,1.));
#885 = ORIENTED_EDGE('',*,*,#886,.F.);
#886 = EDGE_CURVE('',#887,#879,#889,.T.);
#887 = VERTEX_POINT('',#888);
#888 = CARTESIAN_POINT('',(142.1899995,-20.,-2.29));
#889 = LINE('',#890,#891);
#890 = CARTESIAN_POINT('',(142.1899995,-20.,-2.29));
#891 = VECTOR('',#892,1.);
#892 = DIRECTION('',(-1.,0.,0.));
#893 = ORIENTED_EDGE('',*,*,#894,.F.);
#894 = EDGE_CURVE('',#184,#887,#895,.T.);
#895 = LINE('',#896,#897);
#896 = CARTESIAN_POINT('',(142.1899995,-20.,1.51));
#897 = VECTOR('',#898,1.);
#898 = DIRECTION('',(0.,-1.443289932013E-15,-1.));
#899 = ORIENTED_EDGE('',*,*,#183,.F.);
#900 = ORIENTED_EDGE('',*,*,#701,.T.);
#901 = ORIENTED_EDGE('',*,*,#902,.T.);
#902 = EDGE_CURVE('',#702,#870,#903,.T.);
#903 = LINE('',#904,#905);
#904 = CARTESIAN_POINT('',(216.5,-20.,-7.5));
#905 = VECTOR('',#906,1.);
#906 = DIRECTION('',(-1.,0.,0.));
#907 = PLANE('',#908);
#908 = AXIS2_PLACEMENT_3D('',#909,#910,#911);
#909 = CARTESIAN_POINT('',(120.00000003432,-20.,-4.));
#910 = DIRECTION('',(0.,1.,-1.23E-15));
#911 = DIRECTION('',(0.,1.23E-15,1.));
#912 = ADVANCED_FACE('',(#913),#931,.T.);
#913 = FACE_BOUND('',#914,.T.);
#914 = EDGE_LOOP('',(#915,#916,#924,#930));
#915 = ORIENTED_EDGE('',*,*,#894,.T.);
#916 = ORIENTED_EDGE('',*,*,#917,.T.);
#917 = EDGE_CURVE('',#887,#918,#920,.T.);
#918 = VERTEX_POINT('',#919);
#919 = CARTESIAN_POINT('',(142.1899995,-28.2,-2.29));
#920 = LINE('',#921,#922);
#921 = CARTESIAN_POINT('',(142.1899995,-20.,-2.29));
#922 = VECTOR('',#923,1.);
#923 = DIRECTION('',(0.,-1.,1.387778780781E-15));
#924 = ORIENTED_EDGE('',*,*,#925,.T.);
#925 = EDGE_CURVE('',#918,#192,#926,.T.);
#926 = LINE('',#927,#928);
#927 = CARTESIAN_POINT('',(142.1899995,-28.2,-2.29));
#928 = VECTOR('',#929,1.);
#929 = DIRECTION('',(0.,2.22044604925E-16,1.));
#930 = ORIENTED_EDGE('',*,*,#191,.T.);
#931 = PLANE('',#932);
#932 = AXIS2_PLACEMENT_3D('',#933,#934,#935);
#933 = CARTESIAN_POINT('',(142.1899995,-24.1,-1.145));
#934 = DIRECTION('',(-1.,-0.,-0.));
#935 = DIRECTION('',(0.,0.,-1.));
#936 = ADVANCED_FACE('',(#937),#978,.F.);
#937 = FACE_BOUND('',#938,.T.);
#938 = EDGE_LOOP('',(#939,#947,#948,#956,#964,#970,#971,#972));
#939 = ORIENTED_EDGE('',*,*,#940,.F.);
#940 = EDGE_CURVE('',#486,#941,#943,.T.);
#941 = VERTEX_POINT('',#942);
#942 = CARTESIAN_POINT('',(129.9899995,-28.2,-2.29));
#943 = LINE('',#944,#945);
#944 = CARTESIAN_POINT('',(129.9899995,-28.2,5.107025913276E-15));
#945 = VECTOR('',#946,1.);
#946 = DIRECTION('',(0.,-2.22044604925E-16,-1.));
#947 = ORIENTED_EDGE('',*,*,#485,.T.);
#948 = ORIENTED_EDGE('',*,*,#949,.T.);
#949 = EDGE_CURVE('',#478,#950,#952,.T.);
#950 = VERTEX_POINT('',#951);
#951 = CARTESIAN_POINT('',(126.9899995,-28.2,-5.));
#952 = LINE('',#953,#954);
#953 = CARTESIAN_POINT('',(126.9899995,-28.2,1.554312234475E-15));
#954 = VECTOR('',#955,1.);
#955 = DIRECTION('',(0.,-2.22044604925E-16,-1.));
#956 = ORIENTED_EDGE('',*,*,#957,.T.);
#957 = EDGE_CURVE('',#950,#958,#960,.T.);
#958 = VERTEX_POINT('',#959);
#959 = CARTESIAN_POINT('',(154.1899995,-28.2,-5.));
#960 = LINE('',#961,#962);
#961 = CARTESIAN_POINT('',(126.9899995,-28.2,-5.));
#962 = VECTOR('',#963,1.);
#963 = DIRECTION('',(1.,0.,0.));
#964 = ORIENTED_EDGE('',*,*,#965,.T.);
#965 = EDGE_CURVE('',#958,#200,#966,.T.);
#966 = LINE('',#967,#968);
#967 = CARTESIAN_POINT('',(154.1899995,-28.2,-5.));
#968 = VECTOR('',#969,1.);
#969 = DIRECTION('',(0.,2.22044604925E-16,1.));
#970 = ORIENTED_EDGE('',*,*,#199,.T.);
#971 = ORIENTED_EDGE('',*,*,#925,.F.);
#972 = ORIENTED_EDGE('',*,*,#973,.F.);
#973 = EDGE_CURVE('',#941,#918,#974,.T.);
#974 = LINE('',#975,#976);
#975 = CARTESIAN_POINT('',(129.9899995,-28.2,-2.29));
#976 = VECTOR('',#977,1.);
#977 = DIRECTION('',(1.,0.,0.));
#978 = PLANE('',#979);
#979 = AXIS2_PLACEMENT_3D('',#980,#981,#982);
#980 = CARTESIAN_POINT('',(140.29121724427,-28.2,-2.815049289649));
#981 = DIRECTION('',(0.,1.,0.));
#982 = DIRECTION('',(0.,0.,1.));
#983 = ADVANCED_FACE('',(#984),#1002,.F.);
#984 = FACE_BOUND('',#985,.F.);
#985 = EDGE_LOOP('',(#986,#994,#995,#996));
#986 = ORIENTED_EDGE('',*,*,#987,.T.);
#987 = EDGE_CURVE('',#988,#958,#990,.T.);
#988 = VERTEX_POINT('',#989);
#989 = CARTESIAN_POINT('',(154.1899995,-21.2,-5.));
#990 = LINE('',#991,#992);
#991 = CARTESIAN_POINT('',(154.1899995,-21.2,-5.));
#992 = VECTOR('',#993,1.);
#993 = DIRECTION('',(0.,-1.,2.22044604925E-16));
#994 = ORIENTED_EDGE('',*,*,#965,.T.);
#995 = ORIENTED_EDGE('',*,*,#207,.F.);
#996 = ORIENTED_EDGE('',*,*,#997,.F.);
#997 = EDGE_CURVE('',#988,#208,#998,.T.);
#998 = LINE('',#999,#1000);
#999 = CARTESIAN_POINT('',(154.1899995,-21.2,-5.));
#1000 = VECTOR('',#1001,1.);
#1001 = DIRECTION('',(0.,2.22044604925E-16,1.));
#1002 = PLANE('',#1003);
#1003 = AXIS2_PLACEMENT_3D('',#1004,#1005,#1006);
#1004 = CARTESIAN_POINT('',(154.1899995,-21.2,-5.));
#1005 = DIRECTION('',(-1.,0.,0.));
#1006 = DIRECTION('',(0.,2.22044604925E-16,1.));
#1007 = ADVANCED_FACE('',(#1008),#1026,.T.);
#1008 = FACE_BOUND('',#1009,.T.);
#1009 = EDGE_LOOP('',(#1010,#1011,#1019,#1025));
#1010 = ORIENTED_EDGE('',*,*,#997,.F.);
#1011 = ORIENTED_EDGE('',*,*,#1012,.T.);
#1012 = EDGE_CURVE('',#988,#1013,#1015,.T.);
#1013 = VERTEX_POINT('',#1014);
#1014 = CARTESIAN_POINT('',(154.382339,-21.2,-5.));
#1015 = LINE('',#1016,#1017);
#1016 = CARTESIAN_POINT('',(137.19116950337,-21.2,-5.));
#1017 = VECTOR('',#1018,1.);
#1018 = DIRECTION('',(1.,0.,0.));
#1019 = ORIENTED_EDGE('',*,*,#1020,.T.);
#1020 = EDGE_CURVE('',#1013,#216,#1021,.T.);
#1021 = LINE('',#1022,#1023);
#1022 = CARTESIAN_POINT('',(154.382339,-21.2,-8.));
#1023 = VECTOR('',#1024,1.);
#1024 = DIRECTION('',(0.,0.,1.));
#1025 = ORIENTED_EDGE('',*,*,#215,.T.);
#1026 = PLANE('',#1027);
#1027 = AXIS2_PLACEMENT_3D('',#1028,#1029,#1030);
#1028 = CARTESIAN_POINT('',(154.382339,-21.2,-8.));
#1029 = DIRECTION('',(-0.,-1.,-0.));
#1030 = DIRECTION('',(-1.,0.,0.));
#1031 = ADVANCED_FACE('',(#1032),#1050,.F.);
#1032 = FACE_BOUND('',#1033,.F.);
#1033 = EDGE_LOOP('',(#1034,#1042,#1043,#1044));
#1034 = ORIENTED_EDGE('',*,*,#1035,.T.);
#1035 = EDGE_CURVE('',#1036,#1013,#1038,.T.);
#1036 = VERTEX_POINT('',#1037);
#1037 = CARTESIAN_POINT('',(154.382339,-20.8,-5.));
#1038 = LINE('',#1039,#1040);
#1039 = CARTESIAN_POINT('',(154.382339,-35.60000000115,-5.));
#1040 = VECTOR('',#1041,1.);
#1041 = DIRECTION('',(0.,-1.,0.));
#1042 = ORIENTED_EDGE('',*,*,#1020,.T.);
#1043 = ORIENTED_EDGE('',*,*,#223,.T.);
#1044 = ORIENTED_EDGE('',*,*,#1045,.F.);
#1045 = EDGE_CURVE('',#1036,#224,#1046,.T.);
#1046 = LINE('',#1047,#1048);
#1047 = CARTESIAN_POINT('',(154.382339,-20.8,-8.));
#1048 = VECTOR('',#1049,1.);
#1049 = DIRECTION('',(0.,0.,1.));
#1050 = PLANE('',#1051);
#1051 = AXIS2_PLACEMENT_3D('',#1052,#1053,#1054);
#1052 = CARTESIAN_POINT('',(154.382339,-21.2,-8.));
#1053 = DIRECTION('',(-1.,0.,0.));
#1054 = DIRECTION('',(0.,1.,0.));
#1055 = ADVANCED_FACE('',(#1056),#1074,.F.);
#1056 = FACE_BOUND('',#1057,.F.);
#1057 = EDGE_LOOP('',(#1058,#1066,#1067,#1068));
#1058 = ORIENTED_EDGE('',*,*,#1059,.T.);
#1059 = EDGE_CURVE('',#1060,#1036,#1062,.T.);
#1060 = VERTEX_POINT('',#1061);
#1061 = CARTESIAN_POINT('',(173.67363,-20.8,-5.));
#1062 = LINE('',#1063,#1064);
#1063 = CARTESIAN_POINT('',(137.19116950337,-20.8,-5.));
#1064 = VECTOR('',#1065,1.);
#1065 = DIRECTION('',(-1.,0.,0.));
#1066 = ORIENTED_EDGE('',*,*,#1045,.T.);
#1067 = ORIENTED_EDGE('',*,*,#231,.T.);
#1068 = ORIENTED_EDGE('',*,*,#1069,.F.);
#1069 = EDGE_CURVE('',#1060,#232,#1070,.T.);
#1070 = LINE('',#1071,#1072);
#1071 = CARTESIAN_POINT('',(173.67363,-20.8,-8.));
#1072 = VECTOR('',#1073,1.);
#1073 = DIRECTION('',(0.,0.,1.));
#1074 = PLANE('',#1075);
#1075 = AXIS2_PLACEMENT_3D('',#1076,#1077,#1078);
#1076 = CARTESIAN_POINT('',(154.382339,-20.8,-8.));
#1077 = DIRECTION('',(0.,1.,0.));
#1078 = DIRECTION('',(1.,0.,0.));
#1079 = ADVANCED_FACE('',(#1080),#1098,.F.);
#1080 = FACE_BOUND('',#1081,.F.);
#1081 = EDGE_LOOP('',(#1082,#1090,#1091,#1092));
#1082 = ORIENTED_EDGE('',*,*,#1083,.T.);
#1083 = EDGE_CURVE('',#1084,#1060,#1086,.T.);
#1084 = VERTEX_POINT('',#1085);
#1085 = CARTESIAN_POINT('',(173.67363,-21.2,-5.));
#1086 = LINE('',#1087,#1088);
#1087 = CARTESIAN_POINT('',(173.67363,-35.40000000115,-5.));
#1088 = VECTOR('',#1089,1.);
#1089 = DIRECTION('',(0.,1.,0.));
#1090 = ORIENTED_EDGE('',*,*,#1069,.T.);
#1091 = ORIENTED_EDGE('',*,*,#239,.T.);
#1092 = ORIENTED_EDGE('',*,*,#1093,.F.);
#1093 = EDGE_CURVE('',#1084,#240,#1094,.T.);
#1094 = LINE('',#1095,#1096);
#1095 = CARTESIAN_POINT('',(173.67363,-21.2,-8.));
#1096 = VECTOR('',#1097,1.);
#1097 = DIRECTION('',(0.,0.,1.));
#1098 = PLANE('',#1099);
#1099 = AXIS2_PLACEMENT_3D('',#1100,#1101,#1102);
#1100 = CARTESIAN_POINT('',(173.67363,-20.8,-8.));
#1101 = DIRECTION('',(1.,0.,0.));
#1102 = DIRECTION('',(0.,-1.,0.));
#1103 = ADVANCED_FACE('',(#1104),#1122,.T.);
#1104 = FACE_BOUND('',#1105,.T.);
#1105 = EDGE_LOOP('',(#1106,#1107,#1115,#1121));
#1106 = ORIENTED_EDGE('',*,*,#1093,.F.);
#1107 = ORIENTED_EDGE('',*,*,#1108,.T.);
#1108 = EDGE_CURVE('',#1084,#1109,#1111,.T.);
#1109 = VERTEX_POINT('',#1110);
#1110 = CARTESIAN_POINT('',(183.86181880834,-21.2,-5.));
#1111 = LINE('',#1112,#1113);
#1112 = CARTESIAN_POINT('',(168.40000000337,-21.2,-5.));
#1113 = VECTOR('',#1114,1.);
#1114 = DIRECTION('',(1.,0.,0.));
#1115 = ORIENTED_EDGE('',*,*,#1116,.T.);
#1116 = EDGE_CURVE('',#1109,#248,#1117,.T.);
#1117 = LINE('',#1118,#1119);
#1118 = CARTESIAN_POINT('',(183.86181880834,-21.2,0.));
#1119 = VECTOR('',#1120,1.);
#1120 = DIRECTION('',(0.,0.,1.));
#1121 = ORIENTED_EDGE('',*,*,#247,.T.);
#1122 = PLANE('',#1123);
#1123 = AXIS2_PLACEMENT_3D('',#1124,#1125,#1126);
#1124 = CARTESIAN_POINT('',(216.8,-21.2,-8.));
#1125 = DIRECTION('',(-0.,-1.,-0.));
#1126 = DIRECTION('',(-1.,0.,0.));
#1127 = ADVANCED_FACE('',(#1128),#1147,.T.);
#1128 = FACE_BOUND('',#1129,.F.);
#1129 = EDGE_LOOP('',(#1130,#1131,#1139,#1146));
#1130 = ORIENTED_EDGE('',*,*,#255,.F.);
#1131 = ORIENTED_EDGE('',*,*,#1132,.T.);
#1132 = EDGE_CURVE('',#256,#1133,#1135,.T.);
#1133 = VERTEX_POINT('',#1134);
#1134 = CARTESIAN_POINT('',(186.5,-27.,-5.));
#1135 = LINE('',#1136,#1137);
#1136 = CARTESIAN_POINT('',(186.5,-27.,0.));
#1137 = VECTOR('',#1138,1.);
#1138 = DIRECTION('',(0.,0.,-1.));
#1139 = ORIENTED_EDGE('',*,*,#1140,.T.);
#1140 = EDGE_CURVE('',#1133,#1109,#1141,.T.);
#1141 = CIRCLE('',#1142,3.5);
#1142 = AXIS2_PLACEMENT_3D('',#1143,#1144,#1145);
#1143 = CARTESIAN_POINT('',(186.5,-23.5,-5.));
#1144 = DIRECTION('',(0.,0.,-1.));
#1145 = DIRECTION('',(1.,0.,0.));
#1146 = ORIENTED_EDGE('',*,*,#1116,.T.);
#1147 = CYLINDRICAL_SURFACE('',#1148,3.5);
#1148 = AXIS2_PLACEMENT_3D('',#1149,#1150,#1151);
#1149 = CARTESIAN_POINT('',(186.5,-23.5,0.));
#1150 = DIRECTION('',(0.,0.,1.));
#1151 = DIRECTION('',(1.,0.,0.));
#1152 = ADVANCED_FACE('',(#1153),#1171,.F.);
#1153 = FACE_BOUND('',#1154,.F.);
#1154 = EDGE_LOOP('',(#1155,#1163,#1169,#1170));
#1155 = ORIENTED_EDGE('',*,*,#1156,.T.);
#1156 = EDGE_CURVE('',#265,#1157,#1159,.T.);
#1157 = VERTEX_POINT('',#1158);
#1158 = CARTESIAN_POINT('',(193.5,-27.,-5.));
#1159 = LINE('',#1160,#1161);
#1160 = CARTESIAN_POINT('',(193.5,-27.,0.));
#1161 = VECTOR('',#1162,1.);
#1162 = DIRECTION('',(0.,0.,-1.));
#1163 = ORIENTED_EDGE('',*,*,#1164,.T.);
#1164 = EDGE_CURVE('',#1157,#1133,#1165,.T.);
#1165 = LINE('',#1166,#1167);
#1166 = CARTESIAN_POINT('',(193.5,-27.,-5.));
#1167 = VECTOR('',#1168,1.);
#1168 = DIRECTION('',(-1.,0.,0.));
#1169 = ORIENTED_EDGE('',*,*,#1132,.F.);
#1170 = ORIENTED_EDGE('',*,*,#264,.F.);
#1171 = PLANE('',#1172);
#1172 = AXIS2_PLACEMENT_3D('',#1173,#1174,#1175);
#1173 = CARTESIAN_POINT('',(193.5,-27.,0.));
#1174 = DIRECTION('',(0.,1.,0.));
#1175 = DIRECTION('',(-1.,0.,0.));
#1176 = ADVANCED_FACE('',(#1177),#1196,.T.);
#1177 = FACE_BOUND('',#1178,.F.);
#1178 = EDGE_LOOP('',(#1179,#1180,#1188,#1195));
#1179 = ORIENTED_EDGE('',*,*,#272,.F.);
#1180 = ORIENTED_EDGE('',*,*,#1181,.F.);
#1181 = EDGE_CURVE('',#1182,#273,#1184,.T.);
#1182 = VERTEX_POINT('',#1183);
#1183 = CARTESIAN_POINT('',(196.13818119165,-21.2,-5.));
#1184 = LINE('',#1185,#1186);
#1185 = CARTESIAN_POINT('',(196.13818119165,-21.2,0.));
#1186 = VECTOR('',#1187,1.);
#1187 = DIRECTION('',(0.,0.,1.));
#1188 = ORIENTED_EDGE('',*,*,#1189,.T.);
#1189 = EDGE_CURVE('',#1182,#1157,#1190,.T.);
#1190 = CIRCLE('',#1191,3.5);
#1191 = AXIS2_PLACEMENT_3D('',#1192,#1193,#1194);
#1192 = CARTESIAN_POINT('',(193.5,-23.5,-5.));
#1193 = DIRECTION('',(0.,0.,-1.));
#1194 = DIRECTION('',(1.,0.,0.));
#1195 = ORIENTED_EDGE('',*,*,#1156,.F.);
#1196 = CYLINDRICAL_SURFACE('',#1197,3.5);
#1197 = AXIS2_PLACEMENT_3D('',#1198,#1199,#1200);
#1198 = CARTESIAN_POINT('',(193.5,-23.5,0.));
#1199 = DIRECTION('',(0.,0.,1.));
#1200 = DIRECTION('',(1.,0.,0.));
#1201 = ADVANCED_FACE('',(#1202),#1220,.T.);
#1202 = FACE_BOUND('',#1203,.T.);
#1203 = EDGE_LOOP('',(#1204,#1212,#1213,#1214));
#1204 = ORIENTED_EDGE('',*,*,#1205,.T.);
#1205 = EDGE_CURVE('',#1206,#282,#1208,.T.);
#1206 = VERTEX_POINT('',#1207);
#1207 = CARTESIAN_POINT('',(213.86181880834,-21.2,-5.));
#1208 = LINE('',#1209,#1210);
#1209 = CARTESIAN_POINT('',(213.86181880834,-21.2,0.));
#1210 = VECTOR('',#1211,1.);
#1211 = DIRECTION('',(0.,0.,1.));
#1212 = ORIENTED_EDGE('',*,*,#281,.T.);
#1213 = ORIENTED_EDGE('',*,*,#1181,.F.);
#1214 = ORIENTED_EDGE('',*,*,#1215,.T.);
#1215 = EDGE_CURVE('',#1182,#1206,#1216,.T.);
#1216 = LINE('',#1217,#1218);
#1217 = CARTESIAN_POINT('',(168.40000000337,-21.2,-5.));
#1218 = VECTOR('',#1219,1.);
#1219 = DIRECTION('',(1.,0.,0.));
#1220 = PLANE('',#1221);
#1221 = AXIS2_PLACEMENT_3D('',#1222,#1223,#1224);
#1222 = CARTESIAN_POINT('',(216.8,-21.2,-8.));
#1223 = DIRECTION('',(-0.,-1.,-0.));
#1224 = DIRECTION('',(-1.,0.,0.));
#1225 = ADVANCED_FACE('',(#1226),#1245,.T.);
#1226 = FACE_BOUND('',#1227,.F.);
#1227 = EDGE_LOOP('',(#1228,#1236,#1243,#1244));
#1228 = ORIENTED_EDGE('',*,*,#1229,.F.);
#1229 = EDGE_CURVE('',#1230,#290,#1232,.T.);
#1230 = VERTEX_POINT('',#1231);
#1231 = CARTESIAN_POINT('',(218.8,-26.13818119165,-5.));
#1232 = LINE('',#1233,#1234);
#1233 = CARTESIAN_POINT('',(218.8,-26.13818119165,0.));
#1234 = VECTOR('',#1235,1.);
#1235 = DIRECTION('',(0.,0.,1.));
#1236 = ORIENTED_EDGE('',*,*,#1237,.T.);
#1237 = EDGE_CURVE('',#1230,#1206,#1238,.T.);
#1238 = CIRCLE('',#1239,3.5);
#1239 = AXIS2_PLACEMENT_3D('',#1240,#1241,#1242);
#1240 = CARTESIAN_POINT('',(216.5,-23.5,-5.));
#1241 = DIRECTION('',(0.,0.,-1.));
#1242 = DIRECTION('',(1.,0.,0.));
#1243 = ORIENTED_EDGE('',*,*,#1205,.T.);
#1244 = ORIENTED_EDGE('',*,*,#289,.F.);
#1245 = CYLINDRICAL_SURFACE('',#1246,3.5);
#1246 = AXIS2_PLACEMENT_3D('',#1247,#1248,#1249);
#1247 = CARTESIAN_POINT('',(216.5,-23.5,0.));
#1248 = DIRECTION('',(0.,0.,1.));
#1249 = DIRECTION('',(1.,0.,0.));
#1250 = ADVANCED_FACE('',(#1251),#1269,.T.);
#1251 = FACE_BOUND('',#1252,.T.);
#1252 = EDGE_LOOP('',(#1253,#1261,#1262,#1263));
#1253 = ORIENTED_EDGE('',*,*,#1254,.T.);
#1254 = EDGE_CURVE('',#1255,#299,#1257,.T.);
#1255 = VERTEX_POINT('',#1256);
#1256 = CARTESIAN_POINT('',(218.8,-73.86181880834,-5.));
#1257 = LINE('',#1258,#1259);
#1258 = CARTESIAN_POINT('',(218.8,-73.86181880834,0.));
#1259 = VECTOR('',#1260,1.);
#1260 = DIRECTION('',(0.,0.,1.));
#1261 = ORIENTED_EDGE('',*,*,#298,.T.);
#1262 = ORIENTED_EDGE('',*,*,#1229,.F.);
#1263 = ORIENTED_EDGE('',*,*,#1264,.T.);
#1264 = EDGE_CURVE('',#1230,#1255,#1265,.T.);
#1265 = LINE('',#1266,#1267);
#1266 = CARTESIAN_POINT('',(218.8,-63.40000000115,-5.));
#1267 = VECTOR('',#1268,1.);
#1268 = DIRECTION('',(0.,-1.,0.));
#1269 = PLANE('',#1270);
#1270 = AXIS2_PLACEMENT_3D('',#1271,#1272,#1273);
#1271 = CARTESIAN_POINT('',(218.8,-76.8,-8.));
#1272 = DIRECTION('',(-1.,0.,0.));
#1273 = DIRECTION('',(0.,1.,0.));
#1274 = ADVANCED_FACE('',(#1275),#1294,.T.);
#1275 = FACE_BOUND('',#1276,.F.);
#1276 = EDGE_LOOP('',(#1277,#1285,#1292,#1293));
#1277 = ORIENTED_EDGE('',*,*,#1278,.F.);
#1278 = EDGE_CURVE('',#1279,#307,#1281,.T.);
#1279 = VERTEX_POINT('',#1280);
#1280 = CARTESIAN_POINT('',(213.86181880834,-78.8,-5.));
#1281 = LINE('',#1282,#1283);
#1282 = CARTESIAN_POINT('',(213.86181880834,-78.8,0.));
#1283 = VECTOR('',#1284,1.);
#1284 = DIRECTION('',(0.,0.,1.));
#1285 = ORIENTED_EDGE('',*,*,#1286,.T.);
#1286 = EDGE_CURVE('',#1279,#1255,#1287,.T.);
#1287 = CIRCLE('',#1288,3.5);
#1288 = AXIS2_PLACEMENT_3D('',#1289,#1290,#1291);
#1289 = CARTESIAN_POINT('',(216.5,-76.5,-5.));
#1290 = DIRECTION('',(0.,0.,-1.));
#1291 = DIRECTION('',(1.,0.,0.));
#1292 = ORIENTED_EDGE('',*,*,#1254,.T.);
#1293 = ORIENTED_EDGE('',*,*,#306,.F.);
#1294 = CYLINDRICAL_SURFACE('',#1295,3.5);
#1295 = AXIS2_PLACEMENT_3D('',#1296,#1297,#1298);
#1296 = CARTESIAN_POINT('',(216.5,-76.5,0.));
#1297 = DIRECTION('',(0.,0.,1.));
#1298 = DIRECTION('',(1.,0.,0.));
#1299 = ADVANCED_FACE('',(#1300),#1318,.T.);
#1300 = FACE_BOUND('',#1301,.T.);
#1301 = EDGE_LOOP('',(#1302,#1303,#1304,#1312));
#1302 = ORIENTED_EDGE('',*,*,#315,.T.);
#1303 = ORIENTED_EDGE('',*,*,#1278,.F.);
#1304 = ORIENTED_EDGE('',*,*,#1305,.T.);
#1305 = EDGE_CURVE('',#1279,#1306,#1308,.T.);
#1306 = VERTEX_POINT('',#1307);
#1307 = CARTESIAN_POINT('',(196.13818119165,-78.8,-5.));
#1308 = LINE('',#1309,#1310);
#1309 = CARTESIAN_POINT('',(71.600000003373,-78.8,-5.));
#1310 = VECTOR('',#1311,1.);
#1311 = DIRECTION('',(-1.,0.,0.));
#1312 = ORIENTED_EDGE('',*,*,#1313,.T.);
#1313 = EDGE_CURVE('',#1306,#316,#1314,.T.);
#1314 = LINE('',#1315,#1316);
#1315 = CARTESIAN_POINT('',(196.13818119165,-78.8,0.));
#1316 = VECTOR('',#1317,1.);
#1317 = DIRECTION('',(0.,0.,1.));
#1318 = PLANE('',#1319);
#1319 = AXIS2_PLACEMENT_3D('',#1320,#1321,#1322);
#1320 = CARTESIAN_POINT('',(23.2,-78.8,-8.));
#1321 = DIRECTION('',(0.,1.,0.));
#1322 = DIRECTION('',(1.,0.,0.));
#1323 = ADVANCED_FACE('',(#1324),#1343,.T.);
#1324 = FACE_BOUND('',#1325,.F.);
#1325 = EDGE_LOOP('',(#1326,#1327,#1335,#1342));
#1326 = ORIENTED_EDGE('',*,*,#323,.F.);
#1327 = ORIENTED_EDGE('',*,*,#1328,.T.);
#1328 = EDGE_CURVE('',#324,#1329,#1331,.T.);
#1329 = VERTEX_POINT('',#1330);
#1330 = CARTESIAN_POINT('',(193.5,-73.,-5.));
#1331 = LINE('',#1332,#1333);
#1332 = CARTESIAN_POINT('',(193.5,-73.,0.));
#1333 = VECTOR('',#1334,1.);
#1334 = DIRECTION('',(0.,0.,-1.));
#1335 = ORIENTED_EDGE('',*,*,#1336,.T.);
#1336 = EDGE_CURVE('',#1329,#1306,#1337,.T.);
#1337 = CIRCLE('',#1338,3.5);
#1338 = AXIS2_PLACEMENT_3D('',#1339,#1340,#1341);
#1339 = CARTESIAN_POINT('',(193.5,-76.5,-5.));
#1340 = DIRECTION('',(0.,0.,-1.));
#1341 = DIRECTION('',(1.,0.,0.));
#1342 = ORIENTED_EDGE('',*,*,#1313,.T.);
#1343 = CYLINDRICAL_SURFACE('',#1344,3.5);
#1344 = AXIS2_PLACEMENT_3D('',#1345,#1346,#1347);
#1345 = CARTESIAN_POINT('',(193.5,-76.5,0.));
#1346 = DIRECTION('',(0.,0.,1.));
#1347 = DIRECTION('',(1.,0.,0.));
#1348 = ADVANCED_FACE('',(#1349),#1367,.T.);
#1349 = FACE_BOUND('',#1350,.T.);
#1350 = EDGE_LOOP('',(#1351,#1352,#1360,#1366));
#1351 = ORIENTED_EDGE('',*,*,#1328,.T.);
#1352 = ORIENTED_EDGE('',*,*,#1353,.T.);
#1353 = EDGE_CURVE('',#1329,#1354,#1356,.T.);
#1354 = VERTEX_POINT('',#1355);
#1355 = CARTESIAN_POINT('',(186.5,-73.,-5.));
#1356 = LINE('',#1357,#1358);
#1357 = CARTESIAN_POINT('',(193.5,-73.,-5.));
#1358 = VECTOR('',#1359,1.);
#1359 = DIRECTION('',(-1.,0.,0.));
#1360 = ORIENTED_EDGE('',*,*,#1361,.F.);
#1361 = EDGE_CURVE('',#333,#1354,#1362,.T.);
#1362 = LINE('',#1363,#1364);
#1363 = CARTESIAN_POINT('',(186.5,-73.,0.));
#1364 = VECTOR('',#1365,1.);
#1365 = DIRECTION('',(0.,0.,-1.));
#1366 = ORIENTED_EDGE('',*,*,#332,.F.);
#1367 = PLANE('',#1368);
#1368 = AXIS2_PLACEMENT_3D('',#1369,#1370,#1371);
#1369 = CARTESIAN_POINT('',(193.5,-73.,0.));
#1370 = DIRECTION('',(0.,1.,0.));
#1371 = DIRECTION('',(-1.,0.,0.));
#1372 = ADVANCED_FACE('',(#1373),#1392,.T.);
#1373 = FACE_BOUND('',#1374,.F.);
#1374 = EDGE_LOOP('',(#1375,#1376,#1384,#1391));
#1375 = ORIENTED_EDGE('',*,*,#340,.F.);
#1376 = ORIENTED_EDGE('',*,*,#1377,.F.);
#1377 = EDGE_CURVE('',#1378,#341,#1380,.T.);
#1378 = VERTEX_POINT('',#1379);
#1379 = CARTESIAN_POINT('',(183.86181880834,-78.8,-5.));
#1380 = LINE('',#1381,#1382);
#1381 = CARTESIAN_POINT('',(183.86181880834,-78.8,0.));
#1382 = VECTOR('',#1383,1.);
#1383 = DIRECTION('',(0.,0.,1.));
#1384 = ORIENTED_EDGE('',*,*,#1385,.T.);
#1385 = EDGE_CURVE('',#1378,#1354,#1386,.T.);
#1386 = CIRCLE('',#1387,3.5);
#1387 = AXIS2_PLACEMENT_3D('',#1388,#1389,#1390);
#1388 = CARTESIAN_POINT('',(186.5,-76.5,-5.));
#1389 = DIRECTION('',(0.,0.,-1.));
#1390 = DIRECTION('',(1.,0.,0.));
#1391 = ORIENTED_EDGE('',*,*,#1361,.F.);
#1392 = CYLINDRICAL_SURFACE('',#1393,3.5);
#1393 = AXIS2_PLACEMENT_3D('',#1394,#1395,#1396);
#1394 = CARTESIAN_POINT('',(186.5,-76.5,0.));
#1395 = DIRECTION('',(0.,0.,1.));
#1396 = DIRECTION('',(1.,0.,0.));
#1397 = ADVANCED_FACE('',(#1398),#1416,.T.);
#1398 = FACE_BOUND('',#1399,.T.);
#1399 = EDGE_LOOP('',(#1400,#1408,#1409,#1410));
#1400 = ORIENTED_EDGE('',*,*,#1401,.T.);
#1401 = EDGE_CURVE('',#1402,#350,#1404,.T.);
#1402 = VERTEX_POINT('',#1403);
#1403 = CARTESIAN_POINT('',(56.138181191655,-78.8,-5.));
#1404 = LINE('',#1405,#1406);
#1405 = CARTESIAN_POINT('',(56.138181191655,-78.8,0.));
#1406 = VECTOR('',#1407,1.);
#1407 = DIRECTION('',(0.,0.,1.));
#1408 = ORIENTED_EDGE('',*,*,#349,.T.);
#1409 = ORIENTED_EDGE('',*,*,#1377,.F.);
#1410 = ORIENTED_EDGE('',*,*,#1411,.T.);
#1411 = EDGE_CURVE('',#1378,#1402,#1412,.T.);
#1412 = LINE('',#1413,#1414);
#1413 = CARTESIAN_POINT('',(71.600000003373,-78.8,-5.));
#1414 = VECTOR('',#1415,1.);
#1415 = DIRECTION('',(-1.,0.,0.));
#1416 = PLANE('',#1417);
#1417 = AXIS2_PLACEMENT_3D('',#1418,#1419,#1420);
#1418 = CARTESIAN_POINT('',(23.2,-78.8,-8.));
#1419 = DIRECTION('',(0.,1.,0.));
#1420 = DIRECTION('',(1.,0.,0.));
#1421 = ADVANCED_FACE('',(#1422),#1441,.T.);
#1422 = FACE_BOUND('',#1423,.F.);
#1423 = EDGE_LOOP('',(#1424,#1425,#1433,#1440));
#1424 = ORIENTED_EDGE('',*,*,#357,.F.);
#1425 = ORIENTED_EDGE('',*,*,#1426,.T.);
#1426 = EDGE_CURVE('',#358,#1427,#1429,.T.);
#1427 = VERTEX_POINT('',#1428);
#1428 = CARTESIAN_POINT('',(53.5,-73.,-5.));
#1429 = LINE('',#1430,#1431);
#1430 = CARTESIAN_POINT('',(53.5,-73.,0.));
#1431 = VECTOR('',#1432,1.);
#1432 = DIRECTION('',(0.,0.,-1.));
#1433 = ORIENTED_EDGE('',*,*,#1434,.T.);
#1434 = EDGE_CURVE('',#1427,#1402,#1435,.T.);
#1435 = CIRCLE('',#1436,3.5);
#1436 = AXIS2_PLACEMENT_3D('',#1437,#1438,#1439);
#1437 = CARTESIAN_POINT('',(53.5,-76.5,-5.));
#1438 = DIRECTION('',(0.,0.,-1.));
#1439 = DIRECTION('',(1.,0.,0.));
#1440 = ORIENTED_EDGE('',*,*,#1401,.T.);
#1441 = CYLINDRICAL_SURFACE('',#1442,3.5);
#1442 = AXIS2_PLACEMENT_3D('',#1443,#1444,#1445);
#1443 = CARTESIAN_POINT('',(53.5,-76.5,0.));
#1444 = DIRECTION('',(0.,0.,1.));
#1445 = DIRECTION('',(1.,0.,0.));
#1446 = ADVANCED_FACE('',(#1447),#1465,.F.);
#1447 = FACE_BOUND('',#1448,.F.);
#1448 = EDGE_LOOP('',(#1449,#1457,#1463,#1464));
#1449 = ORIENTED_EDGE('',*,*,#1450,.T.);
#1450 = EDGE_CURVE('',#367,#1451,#1453,.T.);
#1451 = VERTEX_POINT('',#1452);
#1452 = CARTESIAN_POINT('',(46.5,-73.,-5.));
#1453 = LINE('',#1454,#1455);
#1454 = CARTESIAN_POINT('',(46.5,-73.,0.));
#1455 = VECTOR('',#1456,1.);
#1456 = DIRECTION('',(0.,0.,-1.));
#1457 = ORIENTED_EDGE('',*,*,#1458,.T.);
#1458 = EDGE_CURVE('',#1451,#1427,#1459,.T.);
#1459 = LINE('',#1460,#1461);
#1460 = CARTESIAN_POINT('',(46.5,-73.,-5.));
#1461 = VECTOR('',#1462,1.);
#1462 = DIRECTION('',(1.,0.,0.));
#1463 = ORIENTED_EDGE('',*,*,#1426,.F.);
#1464 = ORIENTED_EDGE('',*,*,#366,.F.);
#1465 = PLANE('',#1466);
#1466 = AXIS2_PLACEMENT_3D('',#1467,#1468,#1469);
#1467 = CARTESIAN_POINT('',(46.5,-73.,0.));
#1468 = DIRECTION('',(0.,-1.,0.));
#1469 = DIRECTION('',(1.,0.,0.));
#1470 = ADVANCED_FACE('',(#1471),#1490,.T.);
#1471 = FACE_BOUND('',#1472,.F.);
#1472 = EDGE_LOOP('',(#1473,#1474,#1482,#1489));
#1473 = ORIENTED_EDGE('',*,*,#374,.F.);
#1474 = ORIENTED_EDGE('',*,*,#1475,.F.);
#1475 = EDGE_CURVE('',#1476,#375,#1478,.T.);
#1476 = VERTEX_POINT('',#1477);
#1477 = CARTESIAN_POINT('',(43.861818808345,-78.8,-5.));
#1478 = LINE('',#1479,#1480);
#1479 = CARTESIAN_POINT('',(43.861818808345,-78.8,0.));
#1480 = VECTOR('',#1481,1.);
#1481 = DIRECTION('',(0.,0.,1.));
#1482 = ORIENTED_EDGE('',*,*,#1483,.T.);
#1483 = EDGE_CURVE('',#1476,#1451,#1484,.T.);
#1484 = CIRCLE('',#1485,3.5);
#1485 = AXIS2_PLACEMENT_3D('',#1486,#1487,#1488);
#1486 = CARTESIAN_POINT('',(46.5,-76.5,-5.));
#1487 = DIRECTION('',(0.,0.,-1.));
#1488 = DIRECTION('',(1.,0.,0.));
#1489 = ORIENTED_EDGE('',*,*,#1450,.F.);
#1490 = CYLINDRICAL_SURFACE('',#1491,3.5);
#1491 = AXIS2_PLACEMENT_3D('',#1492,#1493,#1494);
#1492 = CARTESIAN_POINT('',(46.5,-76.5,0.));
#1493 = DIRECTION('',(0.,0.,1.));
#1494 = DIRECTION('',(1.,0.,0.));
#1495 = ADVANCED_FACE('',(#1496),#1514,.T.);
#1496 = FACE_BOUND('',#1497,.T.);
#1497 = EDGE_LOOP('',(#1498,#1506,#1507,#1508));
#1498 = ORIENTED_EDGE('',*,*,#1499,.T.);
#1499 = EDGE_CURVE('',#1500,#384,#1502,.T.);
#1500 = VERTEX_POINT('',#1501);
#1501 = CARTESIAN_POINT('',(26.138181191655,-78.8,-5.));
#1502 = LINE('',#1503,#1504);
#1503 = CARTESIAN_POINT('',(26.138181191655,-78.8,0.));
#1504 = VECTOR('',#1505,1.);
#1505 = DIRECTION('',(0.,0.,1.));
#1506 = ORIENTED_EDGE('',*,*,#383,.T.);
#1507 = ORIENTED_EDGE('',*,*,#1475,.F.);
#1508 = ORIENTED_EDGE('',*,*,#1509,.T.);
#1509 = EDGE_CURVE('',#1476,#1500,#1510,.T.);
#1510 = LINE('',#1511,#1512);
#1511 = CARTESIAN_POINT('',(71.600000003373,-78.8,-5.));
#1512 = VECTOR('',#1513,1.);
#1513 = DIRECTION('',(-1.,0.,0.));
#1514 = PLANE('',#1515);
#1515 = AXIS2_PLACEMENT_3D('',#1516,#1517,#1518);
#1516 = CARTESIAN_POINT('',(23.2,-78.8,-8.));
#1517 = DIRECTION('',(0.,1.,0.));
#1518 = DIRECTION('',(1.,0.,0.));
#1519 = ADVANCED_FACE('',(#1520),#1549,.T.);
#1520 = FACE_BOUND('',#1521,.F.);
#1521 = EDGE_LOOP('',(#1522,#1531,#1532,#1533,#1534,#1542));
#1522 = ORIENTED_EDGE('',*,*,#1523,.T.);
#1523 = EDGE_CURVE('',#1524,#1500,#1526,.T.);
#1524 = VERTEX_POINT('',#1525);
#1525 = CARTESIAN_POINT('',(27.,-76.5,-5.));
#1526 = CIRCLE('',#1527,3.5);
#1527 = AXIS2_PLACEMENT_3D('',#1528,#1529,#1530);
#1528 = CARTESIAN_POINT('',(23.5,-76.5,-5.));
#1529 = DIRECTION('',(0.,0.,-1.));
#1530 = DIRECTION('',(1.,0.,0.));
#1531 = ORIENTED_EDGE('',*,*,#1499,.T.);
#1532 = ORIENTED_EDGE('',*,*,#391,.F.);
#1533 = ORIENTED_EDGE('',*,*,#400,.F.);
#1534 = ORIENTED_EDGE('',*,*,#1535,.F.);
#1535 = EDGE_CURVE('',#1536,#401,#1538,.T.);
#1536 = VERTEX_POINT('',#1537);
#1537 = CARTESIAN_POINT('',(21.2,-73.86181880834,-5.));
#1538 = LINE('',#1539,#1540);
#1539 = CARTESIAN_POINT('',(21.2,-73.86181880834,0.));
#1540 = VECTOR('',#1541,1.);
#1541 = DIRECTION('',(0.,0.,1.));
#1542 = ORIENTED_EDGE('',*,*,#1543,.T.);
#1543 = EDGE_CURVE('',#1536,#1524,#1544,.T.);
#1544 = CIRCLE('',#1545,3.5);
#1545 = AXIS2_PLACEMENT_3D('',#1546,#1547,#1548);
#1546 = CARTESIAN_POINT('',(23.5,-76.5,-5.));
#1547 = DIRECTION('',(0.,0.,-1.));
#1548 = DIRECTION('',(1.,0.,0.));
#1549 = CYLINDRICAL_SURFACE('',#1550,3.5);
#1550 = AXIS2_PLACEMENT_3D('',#1551,#1552,#1553);
#1551 = CARTESIAN_POINT('',(23.5,-76.5,0.));
#1552 = DIRECTION('',(0.,0.,1.));
#1553 = DIRECTION('',(1.,0.,0.));
#1554 = ADVANCED_FACE('',(#1555),#1573,.T.);
#1555 = FACE_BOUND('',#1556,.T.);
#1556 = EDGE_LOOP('',(#1557,#1565,#1566,#1567));
#1557 = ORIENTED_EDGE('',*,*,#1558,.T.);
#1558 = EDGE_CURVE('',#1559,#410,#1561,.T.);
#1559 = VERTEX_POINT('',#1560);
#1560 = CARTESIAN_POINT('',(21.2,-26.13818119165,-5.));
#1561 = LINE('',#1562,#1563);
#1562 = CARTESIAN_POINT('',(21.2,-26.13818119165,0.));
#1563 = VECTOR('',#1564,1.);
#1564 = DIRECTION('',(0.,0.,1.));
#1565 = ORIENTED_EDGE('',*,*,#409,.T.);
#1566 = ORIENTED_EDGE('',*,*,#1535,.F.);
#1567 = ORIENTED_EDGE('',*,*,#1568,.T.);
#1568 = EDGE_CURVE('',#1536,#1559,#1569,.T.);
#1569 = LINE('',#1570,#1571);
#1570 = CARTESIAN_POINT('',(21.2,-36.60000000115,-5.));
#1571 = VECTOR('',#1572,1.);
#1572 = DIRECTION('',(0.,1.,0.));
#1573 = PLANE('',#1574);
#1574 = AXIS2_PLACEMENT_3D('',#1575,#1576,#1577);
#1575 = CARTESIAN_POINT('',(21.2,-23.2,-8.));
#1576 = DIRECTION('',(1.,0.,0.));
#1577 = DIRECTION('',(0.,-1.,0.));
#1578 = ADVANCED_FACE('',(#1579),#1608,.T.);
#1579 = FACE_BOUND('',#1580,.F.);
#1580 = EDGE_LOOP('',(#1581,#1590,#1591,#1592,#1593,#1601));
#1581 = ORIENTED_EDGE('',*,*,#1582,.T.);
#1582 = EDGE_CURVE('',#1583,#1559,#1585,.T.);
#1583 = VERTEX_POINT('',#1584);
#1584 = CARTESIAN_POINT('',(27.,-23.5,-5.));
#1585 = CIRCLE('',#1586,3.5);
#1586 = AXIS2_PLACEMENT_3D('',#1587,#1588,#1589);
#1587 = CARTESIAN_POINT('',(23.5,-23.5,-5.));
#1588 = DIRECTION('',(0.,0.,-1.));
#1589 = DIRECTION('',(1.,0.,0.));
#1590 = ORIENTED_EDGE('',*,*,#1558,.T.);
#1591 = ORIENTED_EDGE('',*,*,#417,.F.);
#1592 = ORIENTED_EDGE('',*,*,#426,.F.);
#1593 = ORIENTED_EDGE('',*,*,#1594,.F.);
#1594 = EDGE_CURVE('',#1595,#427,#1597,.T.);
#1595 = VERTEX_POINT('',#1596);
#1596 = CARTESIAN_POINT('',(26.138181191655,-21.2,-5.));
#1597 = LINE('',#1598,#1599);
#1598 = CARTESIAN_POINT('',(26.138181191655,-21.2,0.));
#1599 = VECTOR('',#1600,1.);
#1600 = DIRECTION('',(0.,0.,1.));
#1601 = ORIENTED_EDGE('',*,*,#1602,.T.);
#1602 = EDGE_CURVE('',#1595,#1583,#1603,.T.);
#1603 = CIRCLE('',#1604,3.5);
#1604 = AXIS2_PLACEMENT_3D('',#1605,#1606,#1607);
#1605 = CARTESIAN_POINT('',(23.5,-23.5,-5.));
#1606 = DIRECTION('',(0.,0.,-1.));
#1607 = DIRECTION('',(1.,0.,0.));
#1608 = CYLINDRICAL_SURFACE('',#1609,3.5);
#1609 = AXIS2_PLACEMENT_3D('',#1610,#1611,#1612);
#1610 = CARTESIAN_POINT('',(23.5,-23.5,0.));
#1611 = DIRECTION('',(0.,0.,1.));
#1612 = DIRECTION('',(1.,0.,0.));
#1613 = ADVANCED_FACE('',(#1614),#1632,.T.);
#1614 = FACE_BOUND('',#1615,.T.);
#1615 = EDGE_LOOP('',(#1616,#1617,#1618,#1626));
#1616 = ORIENTED_EDGE('',*,*,#435,.T.);
#1617 = ORIENTED_EDGE('',*,*,#1594,.F.);
#1618 = ORIENTED_EDGE('',*,*,#1619,.T.);
#1619 = EDGE_CURVE('',#1595,#1620,#1622,.T.);
#1620 = VERTEX_POINT('',#1621);
#1621 = CARTESIAN_POINT('',(43.861818808345,-21.2,-5.));
#1622 = LINE('',#1623,#1624);
#1623 = CARTESIAN_POINT('',(137.19116950337,-21.2,-5.));
#1624 = VECTOR('',#1625,1.);
#1625 = DIRECTION('',(1.,0.,0.));
#1626 = ORIENTED_EDGE('',*,*,#1627,.T.);
#1627 = EDGE_CURVE('',#1620,#436,#1628,.T.);
#1628 = LINE('',#1629,#1630);
#1629 = CARTESIAN_POINT('',(43.861818808345,-21.2,0.));
#1630 = VECTOR('',#1631,1.);
#1631 = DIRECTION('',(0.,0.,1.));
#1632 = PLANE('',#1633);
#1633 = AXIS2_PLACEMENT_3D('',#1634,#1635,#1636);
#1634 = CARTESIAN_POINT('',(154.382339,-21.2,-8.));
#1635 = DIRECTION('',(-0.,-1.,-0.));
#1636 = DIRECTION('',(-1.,0.,0.));
#1637 = ADVANCED_FACE('',(#1638),#1657,.T.);
#1638 = FACE_BOUND('',#1639,.F.);
#1639 = EDGE_LOOP('',(#1640,#1641,#1649,#1656));
#1640 = ORIENTED_EDGE('',*,*,#443,.F.);
#1641 = ORIENTED_EDGE('',*,*,#1642,.T.);
#1642 = EDGE_CURVE('',#444,#1643,#1645,.T.);
#1643 = VERTEX_POINT('',#1644);
#1644 = CARTESIAN_POINT('',(46.5,-27.,-5.));
#1645 = LINE('',#1646,#1647);
#1646 = CARTESIAN_POINT('',(46.5,-27.,0.));
#1647 = VECTOR('',#1648,1.);
#1648 = DIRECTION('',(0.,0.,-1.));
#1649 = ORIENTED_EDGE('',*,*,#1650,.T.);
#1650 = EDGE_CURVE('',#1643,#1620,#1651,.T.);
#1651 = CIRCLE('',#1652,3.5);
#1652 = AXIS2_PLACEMENT_3D('',#1653,#1654,#1655);
#1653 = CARTESIAN_POINT('',(46.5,-23.5,-5.));
#1654 = DIRECTION('',(0.,0.,-1.));
#1655 = DIRECTION('',(1.,0.,0.));
#1656 = ORIENTED_EDGE('',*,*,#1627,.T.);
#1657 = CYLINDRICAL_SURFACE('',#1658,3.5);
#1658 = AXIS2_PLACEMENT_3D('',#1659,#1660,#1661);
#1659 = CARTESIAN_POINT('',(46.5,-23.5,0.));
#1660 = DIRECTION('',(0.,0.,1.));
#1661 = DIRECTION('',(1.,0.,0.));
#1662 = ADVANCED_FACE('',(#1663),#1681,.T.);
#1663 = FACE_BOUND('',#1664,.T.);
#1664 = EDGE_LOOP('',(#1665,#1666,#1674,#1680));
#1665 = ORIENTED_EDGE('',*,*,#1642,.T.);
#1666 = ORIENTED_EDGE('',*,*,#1667,.T.);
#1667 = EDGE_CURVE('',#1643,#1668,#1670,.T.);
#1668 = VERTEX_POINT('',#1669);
#1669 = CARTESIAN_POINT('',(53.5,-27.,-5.));
#1670 = LINE('',#1671,#1672);
#1671 = CARTESIAN_POINT('',(46.5,-27.,-5.));
#1672 = VECTOR('',#1673,1.);
#1673 = DIRECTION('',(1.,0.,0.));
#1674 = ORIENTED_EDGE('',*,*,#1675,.F.);
#1675 = EDGE_CURVE('',#453,#1668,#1676,.T.);
#1676 = LINE('',#1677,#1678);
#1677 = CARTESIAN_POINT('',(53.5,-27.,0.));
#1678 = VECTOR('',#1679,1.);
#1679 = DIRECTION('',(0.,0.,-1.));
#1680 = ORIENTED_EDGE('',*,*,#452,.F.);
#1681 = PLANE('',#1682);
#1682 = AXIS2_PLACEMENT_3D('',#1683,#1684,#1685);
#1683 = CARTESIAN_POINT('',(46.5,-27.,0.));
#1684 = DIRECTION('',(0.,-1.,0.));
#1685 = DIRECTION('',(1.,0.,0.));
#1686 = ADVANCED_FACE('',(#1687),#1706,.T.);
#1687 = FACE_BOUND('',#1688,.F.);
#1688 = EDGE_LOOP('',(#1689,#1690,#1698,#1705));
#1689 = ORIENTED_EDGE('',*,*,#460,.F.);
#1690 = ORIENTED_EDGE('',*,*,#1691,.F.);
#1691 = EDGE_CURVE('',#1692,#461,#1694,.T.);
#1692 = VERTEX_POINT('',#1693);
#1693 = CARTESIAN_POINT('',(56.138181191655,-21.2,-5.));
#1694 = LINE('',#1695,#1696);
#1695 = CARTESIAN_POINT('',(56.138181191655,-21.2,0.));
#1696 = VECTOR('',#1697,1.);
#1697 = DIRECTION('',(0.,0.,1.));
#1698 = ORIENTED_EDGE('',*,*,#1699,.T.);
#1699 = EDGE_CURVE('',#1692,#1668,#1700,.T.);
#1700 = CIRCLE('',#1701,3.5);
#1701 = AXIS2_PLACEMENT_3D('',#1702,#1703,#1704);
#1702 = CARTESIAN_POINT('',(53.5,-23.5,-5.));
#1703 = DIRECTION('',(0.,0.,-1.));
#1704 = DIRECTION('',(1.,0.,0.));
#1705 = ORIENTED_EDGE('',*,*,#1675,.F.);
#1706 = CYLINDRICAL_SURFACE('',#1707,3.5);
#1707 = AXIS2_PLACEMENT_3D('',#1708,#1709,#1710);
#1708 = CARTESIAN_POINT('',(53.5,-23.5,0.));
#1709 = DIRECTION('',(0.,0.,1.));
#1710 = DIRECTION('',(1.,0.,0.));
#1711 = ADVANCED_FACE('',(#1712),#1730,.T.);
#1712 = FACE_BOUND('',#1713,.T.);
#1713 = EDGE_LOOP('',(#1714,#1715,#1723,#1729));
#1714 = ORIENTED_EDGE('',*,*,#1691,.F.);
#1715 = ORIENTED_EDGE('',*,*,#1716,.T.);
#1716 = EDGE_CURVE('',#1692,#1717,#1719,.T.);
#1717 = VERTEX_POINT('',#1718);
#1718 = CARTESIAN_POINT('',(126.9899995,-21.2,-5.));
#1719 = LINE('',#1720,#1721);
#1720 = CARTESIAN_POINT('',(137.19116950337,-21.2,-5.));
#1721 = VECTOR('',#1722,1.);
#1722 = DIRECTION('',(1.,0.,0.));
#1723 = ORIENTED_EDGE('',*,*,#1724,.F.);
#1724 = EDGE_CURVE('',#470,#1717,#1725,.T.);
#1725 = LINE('',#1726,#1727);
#1726 = CARTESIAN_POINT('',(126.9899995,-21.2,1.972152263053E-31));
#1727 = VECTOR('',#1728,1.);
#1728 = DIRECTION('',(0.,-2.22044604925E-16,-1.));
#1729 = ORIENTED_EDGE('',*,*,#469,.T.);
#1730 = PLANE('',#1731);
#1731 = AXIS2_PLACEMENT_3D('',#1732,#1733,#1734);
#1732 = CARTESIAN_POINT('',(154.382339,-21.2,-8.));
#1733 = DIRECTION('',(-0.,-1.,-0.));
#1734 = DIRECTION('',(-1.,0.,0.));
#1735 = ADVANCED_FACE('',(#1736),#1747,.F.);
#1736 = FACE_BOUND('',#1737,.F.);
#1737 = EDGE_LOOP('',(#1738,#1739,#1740,#1746));
#1738 = ORIENTED_EDGE('',*,*,#477,.T.);
#1739 = ORIENTED_EDGE('',*,*,#949,.T.);
#1740 = ORIENTED_EDGE('',*,*,#1741,.F.);
#1741 = EDGE_CURVE('',#1717,#950,#1742,.T.);
#1742 = LINE('',#1743,#1744);
#1743 = CARTESIAN_POINT('',(126.9899995,-21.2,-5.));
#1744 = VECTOR('',#1745,1.);
#1745 = DIRECTION('',(0.,-1.,2.22044604925E-16));
#1746 = ORIENTED_EDGE('',*,*,#1724,.F.);
#1747 = PLANE('',#1748);
#1748 = AXIS2_PLACEMENT_3D('',#1749,#1750,#1751);
#1749 = CARTESIAN_POINT('',(126.9899995,-21.2,1.972152263053E-31));
#1750 = DIRECTION('',(1.,0.,0.));
#1751 = DIRECTION('',(0.,-2.22044604925E-16,-1.));
#1752 = ADVANCED_FACE('',(#1753),#1764,.T.);
#1753 = FACE_BOUND('',#1754,.T.);
#1754 = EDGE_LOOP('',(#1755,#1756,#1757,#1758));
#1755 = ORIENTED_EDGE('',*,*,#878,.T.);
#1756 = ORIENTED_EDGE('',*,*,#493,.T.);
#1757 = ORIENTED_EDGE('',*,*,#940,.T.);
#1758 = ORIENTED_EDGE('',*,*,#1759,.F.);
#1759 = EDGE_CURVE('',#879,#941,#1760,.T.);
#1760 = LINE('',#1761,#1762);
#1761 = CARTESIAN_POINT('',(129.9899995,-21.2,-2.29));
#1762 = VECTOR('',#1763,1.);
#1763 = DIRECTION('',(0.,-1.,2.22044604925E-16));
#1764 = PLANE('',#1765);
#1765 = AXIS2_PLACEMENT_3D('',#1766,#1767,#1768);
#1766 = CARTESIAN_POINT('',(129.9899995,-24.1,-1.145));
#1767 = DIRECTION('',(1.,0.,0.));
#1768 = DIRECTION('',(0.,0.,1.));
#1769 = ADVANCED_FACE('',(#1770),#1789,.T.);
#1770 = FACE_BOUND('',#1771,.F.);
#1771 = EDGE_LOOP('',(#1772,#1780,#1787,#1788));
#1772 = ORIENTED_EDGE('',*,*,#1773,.T.);
#1773 = EDGE_CURVE('',#510,#1774,#1776,.T.);
#1774 = VERTEX_POINT('',#1775);
#1775 = CARTESIAN_POINT('',(20.,-23.5,-7.5));
#1776 = LINE('',#1777,#1778);
#1777 = CARTESIAN_POINT('',(20.,-23.5,-5.));
#1778 = VECTOR('',#1779,1.);
#1779 = DIRECTION('',(0.,0.,-1.));
#1780 = ORIENTED_EDGE('',*,*,#1781,.F.);
#1781 = EDGE_CURVE('',#870,#1774,#1782,.T.);
#1782 = CIRCLE('',#1783,3.5);
#1783 = AXIS2_PLACEMENT_3D('',#1784,#1785,#1786);
#1784 = CARTESIAN_POINT('',(23.5,-23.5,-7.5));
#1785 = DIRECTION('',(0.,-0.,1.));
#1786 = DIRECTION('',(1.961530874236E-08,1.,0.));
#1787 = ORIENTED_EDGE('',*,*,#869,.T.);
#1788 = ORIENTED_EDGE('',*,*,#509,.F.);
#1789 = CYLINDRICAL_SURFACE('',#1790,3.5);
#1790 = AXIS2_PLACEMENT_3D('',#1791,#1792,#1793);
#1791 = CARTESIAN_POINT('',(23.5,-23.5,0.));
#1792 = DIRECTION('',(0.,0.,1.));
#1793 = DIRECTION('',(1.,0.,0.));
#1794 = ADVANCED_FACE('',(#1795),#1806,.T.);
#1795 = FACE_BOUND('',#1796,.T.);
#1796 = EDGE_LOOP('',(#1797,#1798,#1804,#1805));
#1797 = ORIENTED_EDGE('',*,*,#1773,.T.);
#1798 = ORIENTED_EDGE('',*,*,#1799,.T.);
#1799 = EDGE_CURVE('',#1774,#846,#1800,.T.);
#1800 = LINE('',#1801,#1802);
#1801 = CARTESIAN_POINT('',(20.,-23.5,-7.5));
#1802 = VECTOR('',#1803,1.);
#1803 = DIRECTION('',(0.,-1.,0.));
#1804 = ORIENTED_EDGE('',*,*,#854,.T.);
#1805 = ORIENTED_EDGE('',*,*,#518,.F.);
#1806 = PLANE('',#1807);
#1807 = AXIS2_PLACEMENT_3D('',#1808,#1809,#1810);
#1808 = CARTESIAN_POINT('',(20.,-50.,-4.));
#1809 = DIRECTION('',(-1.,-0.,-0.));
#1810 = DIRECTION('',(0.,0.,-1.));
#1811 = ADVANCED_FACE('',(#1812),#1831,.F.);
#1812 = FACE_BOUND('',#1813,.T.);
#1813 = EDGE_LOOP('',(#1814,#1822,#1829,#1830));
#1814 = ORIENTED_EDGE('',*,*,#1815,.T.);
#1815 = EDGE_CURVE('',#537,#1816,#1818,.T.);
#1816 = VERTEX_POINT('',#1817);
#1817 = CARTESIAN_POINT('',(25.5,-76.5,-5.));
#1818 = LINE('',#1819,#1820);
#1819 = CARTESIAN_POINT('',(25.5,-76.5,0.));
#1820 = VECTOR('',#1821,1.);
#1821 = DIRECTION('',(0.,0.,-1.));
#1822 = ORIENTED_EDGE('',*,*,#1823,.T.);
#1823 = EDGE_CURVE('',#1816,#1816,#1824,.T.);
#1824 = CIRCLE('',#1825,2.);
#1825 = AXIS2_PLACEMENT_3D('',#1826,#1827,#1828);
#1826 = CARTESIAN_POINT('',(23.5,-76.5,-5.));
#1827 = DIRECTION('',(0.,0.,-1.));
#1828 = DIRECTION('',(1.,0.,0.));
#1829 = ORIENTED_EDGE('',*,*,#1815,.F.);
#1830 = ORIENTED_EDGE('',*,*,#536,.F.);
#1831 = CYLINDRICAL_SURFACE('',#1832,2.);
#1832 = AXIS2_PLACEMENT_3D('',#1833,#1834,#1835);
#1833 = CARTESIAN_POINT('',(23.5,-76.5,0.));
#1834 = DIRECTION('',(0.,0.,1.));
#1835 = DIRECTION('',(1.,0.,0.));
#1836 = ADVANCED_FACE('',(#1837),#1856,.F.);
#1837 = FACE_BOUND('',#1838,.T.);
#1838 = EDGE_LOOP('',(#1839,#1847,#1854,#1855));
#1839 = ORIENTED_EDGE('',*,*,#1840,.T.);
#1840 = EDGE_CURVE('',#548,#1841,#1843,.T.);
#1841 = VERTEX_POINT('',#1842);
#1842 = CARTESIAN_POINT('',(48.5,-76.5,-5.));
#1843 = LINE('',#1844,#1845);
#1844 = CARTESIAN_POINT('',(48.5,-76.5,0.));
#1845 = VECTOR('',#1846,1.);
#1846 = DIRECTION('',(0.,0.,-1.));
#1847 = ORIENTED_EDGE('',*,*,#1848,.T.);
#1848 = EDGE_CURVE('',#1841,#1841,#1849,.T.);
#1849 = CIRCLE('',#1850,2.);
#1850 = AXIS2_PLACEMENT_3D('',#1851,#1852,#1853);
#1851 = CARTESIAN_POINT('',(46.5,-76.5,-5.));
#1852 = DIRECTION('',(0.,0.,-1.));
#1853 = DIRECTION('',(1.,0.,0.));
#1854 = ORIENTED_EDGE('',*,*,#1840,.F.);
#1855 = ORIENTED_EDGE('',*,*,#547,.F.);
#1856 = CYLINDRICAL_SURFACE('',#1857,2.);
#1857 = AXIS2_PLACEMENT_3D('',#1858,#1859,#1860);
#1858 = CARTESIAN_POINT('',(46.5,-76.5,0.));
#1859 = DIRECTION('',(0.,0.,1.));
#1860 = DIRECTION('',(1.,0.,0.));
#1861 = ADVANCED_FACE('',(#1862),#1881,.F.);
#1862 = FACE_BOUND('',#1863,.T.);
#1863 = EDGE_LOOP('',(#1864,#1872,#1879,#1880));
#1864 = ORIENTED_EDGE('',*,*,#1865,.T.);
#1865 = EDGE_CURVE('',#559,#1866,#1868,.T.);
#1866 = VERTEX_POINT('',#1867);
#1867 = CARTESIAN_POINT('',(55.5,-76.5,-5.));
#1868 = LINE('',#1869,#1870);
#1869 = CARTESIAN_POINT('',(55.5,-76.5,0.));
#1870 = VECTOR('',#1871,1.);
#1871 = DIRECTION('',(0.,0.,-1.));
#1872 = ORIENTED_EDGE('',*,*,#1873,.T.);
#1873 = EDGE_CURVE('',#1866,#1866,#1874,.T.);
#1874 = CIRCLE('',#1875,2.);
#1875 = AXIS2_PLACEMENT_3D('',#1876,#1877,#1878);
#1876 = CARTESIAN_POINT('',(53.5,-76.5,-5.));
#1877 = DIRECTION('',(0.,0.,-1.));
#1878 = DIRECTION('',(1.,0.,0.));
#1879 = ORIENTED_EDGE('',*,*,#1865,.F.);
#1880 = ORIENTED_EDGE('',*,*,#558,.F.);
#1881 = CYLINDRICAL_SURFACE('',#1882,2.);
#1882 = AXIS2_PLACEMENT_3D('',#1883,#1884,#1885);
#1883 = CARTESIAN_POINT('',(53.5,-76.5,0.));
#1884 = DIRECTION('',(0.,0.,1.));
#1885 = DIRECTION('',(1.,0.,0.));
#1886 = ADVANCED_FACE('',(#1887),#1906,.F.);
#1887 = FACE_BOUND('',#1888,.T.);
#1888 = EDGE_LOOP('',(#1889,#1897,#1904,#1905));
#1889 = ORIENTED_EDGE('',*,*,#1890,.T.);
#1890 = EDGE_CURVE('',#570,#1891,#1893,.T.);
#1891 = VERTEX_POINT('',#1892);
#1892 = CARTESIAN_POINT('',(188.5,-76.5,-5.));
#1893 = LINE('',#1894,#1895);
#1894 = CARTESIAN_POINT('',(188.5,-76.5,0.));
#1895 = VECTOR('',#1896,1.);
#1896 = DIRECTION('',(0.,0.,-1.));
#1897 = ORIENTED_EDGE('',*,*,#1898,.T.);
#1898 = EDGE_CURVE('',#1891,#1891,#1899,.T.);
#1899 = CIRCLE('',#1900,2.);
#1900 = AXIS2_PLACEMENT_3D('',#1901,#1902,#1903);
#1901 = CARTESIAN_POINT('',(186.5,-76.5,-5.));
#1902 = DIRECTION('',(0.,0.,-1.));
#1903 = DIRECTION('',(1.,0.,0.));
#1904 = ORIENTED_EDGE('',*,*,#1890,.F.);
#1905 = ORIENTED_EDGE('',*,*,#569,.F.);
#1906 = CYLINDRICAL_SURFACE('',#1907,2.);
#1907 = AXIS2_PLACEMENT_3D('',#1908,#1909,#1910);
#1908 = CARTESIAN_POINT('',(186.5,-76.5,0.));
#1909 = DIRECTION('',(0.,0.,1.));
#1910 = DIRECTION('',(1.,0.,0.));
#1911 = ADVANCED_FACE('',(#1912),#1931,.F.);
#1912 = FACE_BOUND('',#1913,.T.);
#1913 = EDGE_LOOP('',(#1914,#1922,#1929,#1930));
#1914 = ORIENTED_EDGE('',*,*,#1915,.T.);
#1915 = EDGE_CURVE('',#581,#1916,#1918,.T.);
#1916 = VERTEX_POINT('',#1917);
#1917 = CARTESIAN_POINT('',(195.5,-76.5,-5.));
#1918 = LINE('',#1919,#1920);
#1919 = CARTESIAN_POINT('',(195.5,-76.5,0.));
#1920 = VECTOR('',#1921,1.);
#1921 = DIRECTION('',(0.,0.,-1.));
#1922 = ORIENTED_EDGE('',*,*,#1923,.T.);
#1923 = EDGE_CURVE('',#1916,#1916,#1924,.T.);
#1924 = CIRCLE('',#1925,2.);
#1925 = AXIS2_PLACEMENT_3D('',#1926,#1927,#1928);
#1926 = CARTESIAN_POINT('',(193.5,-76.5,-5.));
#1927 = DIRECTION('',(0.,0.,-1.));
#1928 = DIRECTION('',(1.,0.,0.));
#1929 = ORIENTED_EDGE('',*,*,#1915,.F.);
#1930 = ORIENTED_EDGE('',*,*,#580,.F.);
#1931 = CYLINDRICAL_SURFACE('',#1932,2.);
#1932 = AXIS2_PLACEMENT_3D('',#1933,#1934,#1935);
#1933 = CARTESIAN_POINT('',(193.5,-76.5,0.));
#1934 = DIRECTION('',(0.,0.,1.));
#1935 = DIRECTION('',(1.,0.,0.));
#1936 = ADVANCED_FACE('',(#1937),#1956,.F.);
#1937 = FACE_BOUND('',#1938,.T.);
#1938 = EDGE_LOOP('',(#1939,#1947,#1954,#1955));
#1939 = ORIENTED_EDGE('',*,*,#1940,.T.);
#1940 = EDGE_CURVE('',#592,#1941,#1943,.T.);
#1941 = VERTEX_POINT('',#1942);
#1942 = CARTESIAN_POINT('',(218.5,-76.5,-5.));
#1943 = LINE('',#1944,#1945);
#1944 = CARTESIAN_POINT('',(218.5,-76.5,0.));
#1945 = VECTOR('',#1946,1.);
#1946 = DIRECTION('',(0.,0.,-1.));
#1947 = ORIENTED_EDGE('',*,*,#1948,.T.);
#1948 = EDGE_CURVE('',#1941,#1941,#1949,.T.);
#1949 = CIRCLE('',#1950,2.);
#1950 = AXIS2_PLACEMENT_3D('',#1951,#1952,#1953);
#1951 = CARTESIAN_POINT('',(216.5,-76.5,-5.));
#1952 = DIRECTION('',(0.,0.,-1.));
#1953 = DIRECTION('',(1.,0.,0.));
#1954 = ORIENTED_EDGE('',*,*,#1940,.F.);
#1955 = ORIENTED_EDGE('',*,*,#591,.F.);
#1956 = CYLINDRICAL_SURFACE('',#1957,2.);
#1957 = AXIS2_PLACEMENT_3D('',#1958,#1959,#1960);
#1958 = CARTESIAN_POINT('',(216.5,-76.5,0.));
#1959 = DIRECTION('',(0.,0.,1.));
#1960 = DIRECTION('',(1.,0.,0.));
#1961 = ADVANCED_FACE('',(#1962),#1981,.F.);
#1962 = FACE_BOUND('',#1963,.T.);
#1963 = EDGE_LOOP('',(#1964,#1972,#1979,#1980));
#1964 = ORIENTED_EDGE('',*,*,#1965,.T.);
#1965 = EDGE_CURVE('',#603,#1966,#1968,.T.);
#1966 = VERTEX_POINT('',#1967);
#1967 = CARTESIAN_POINT('',(25.5,-23.5,-5.));
#1968 = LINE('',#1969,#1970);
#1969 = CARTESIAN_POINT('',(25.5,-23.5,0.));
#1970 = VECTOR('',#1971,1.);
#1971 = DIRECTION('',(0.,0.,-1.));
#1972 = ORIENTED_EDGE('',*,*,#1973,.T.);
#1973 = EDGE_CURVE('',#1966,#1966,#1974,.T.);
#1974 = CIRCLE('',#1975,2.);
#1975 = AXIS2_PLACEMENT_3D('',#1976,#1977,#1978);
#1976 = CARTESIAN_POINT('',(23.5,-23.5,-5.));
#1977 = DIRECTION('',(0.,0.,-1.));
#1978 = DIRECTION('',(1.,0.,0.));
#1979 = ORIENTED_EDGE('',*,*,#1965,.F.);
#1980 = ORIENTED_EDGE('',*,*,#602,.F.);
#1981 = CYLINDRICAL_SURFACE('',#1982,2.);
#1982 = AXIS2_PLACEMENT_3D('',#1983,#1984,#1985);
#1983 = CARTESIAN_POINT('',(23.5,-23.5,0.));
#1984 = DIRECTION('',(0.,0.,1.));
#1985 = DIRECTION('',(1.,0.,0.));
#1986 = ADVANCED_FACE('',(#1987),#2006,.F.);
#1987 = FACE_BOUND('',#1988,.T.);
#1988 = EDGE_LOOP('',(#1989,#1997,#2004,#2005));
#1989 = ORIENTED_EDGE('',*,*,#1990,.T.);
#1990 = EDGE_CURVE('',#614,#1991,#1993,.T.);
#1991 = VERTEX_POINT('',#1992);
#1992 = CARTESIAN_POINT('',(48.5,-23.5,-5.));
#1993 = LINE('',#1994,#1995);
#1994 = CARTESIAN_POINT('',(48.5,-23.5,0.));
#1995 = VECTOR('',#1996,1.);
#1996 = DIRECTION('',(0.,0.,-1.));
#1997 = ORIENTED_EDGE('',*,*,#1998,.T.);
#1998 = EDGE_CURVE('',#1991,#1991,#1999,.T.);
#1999 = CIRCLE('',#2000,2.);
#2000 = AXIS2_PLACEMENT_3D('',#2001,#2002,#2003);
#2001 = CARTESIAN_POINT('',(46.5,-23.5,-5.));
#2002 = DIRECTION('',(0.,0.,-1.));
#2003 = DIRECTION('',(1.,0.,0.));
#2004 = ORIENTED_EDGE('',*,*,#1990,.F.);
#2005 = ORIENTED_EDGE('',*,*,#613,.F.);
#2006 = CYLINDRICAL_SURFACE('',#2007,2.);
#2007 = AXIS2_PLACEMENT_3D('',#2008,#2009,#2010);
#2008 = CARTESIAN_POINT('',(46.5,-23.5,0.));
#2009 = DIRECTION('',(0.,0.,1.));
#2010 = DIRECTION('',(1.,0.,0.));
#2011 = ADVANCED_FACE('',(#2012),#2031,.F.);
#2012 = FACE_BOUND('',#2013,.T.);
#2013 = EDGE_LOOP('',(#2014,#2022,#2029,#2030));
#2014 = ORIENTED_EDGE('',*,*,#2015,.T.);
#2015 = EDGE_CURVE('',#625,#2016,#2018,.T.);
#2016 = VERTEX_POINT('',#2017);
#2017 = CARTESIAN_POINT('',(55.5,-23.5,-5.));
#2018 = LINE('',#2019,#2020);
#2019 = CARTESIAN_POINT('',(55.5,-23.5,0.));
#2020 = VECTOR('',#2021,1.);
#2021 = DIRECTION('',(0.,0.,-1.));
#2022 = ORIENTED_EDGE('',*,*,#2023,.T.);
#2023 = EDGE_CURVE('',#2016,#2016,#2024,.T.);
#2024 = CIRCLE('',#2025,2.);
#2025 = AXIS2_PLACEMENT_3D('',#2026,#2027,#2028);
#2026 = CARTESIAN_POINT('',(53.5,-23.5,-5.));
#2027 = DIRECTION('',(0.,0.,-1.));
#2028 = DIRECTION('',(1.,0.,0.));
#2029 = ORIENTED_EDGE('',*,*,#2015,.F.);
#2030 = ORIENTED_EDGE('',*,*,#624,.F.);
#2031 = CYLINDRICAL_SURFACE('',#2032,2.);
#2032 = AXIS2_PLACEMENT_3D('',#2033,#2034,#2035);
#2033 = CARTESIAN_POINT('',(53.5,-23.5,0.));
#2034 = DIRECTION('',(0.,0.,1.));
#2035 = DIRECTION('',(1.,0.,0.));
#2036 = ADVANCED_FACE('',(#2037),#2056,.F.);
#2037 = FACE_BOUND('',#2038,.T.);
#2038 = EDGE_LOOP('',(#2039,#2047,#2054,#2055));
#2039 = ORIENTED_EDGE('',*,*,#2040,.T.);
#2040 = EDGE_CURVE('',#636,#2041,#2043,.T.);
#2041 = VERTEX_POINT('',#2042);
#2042 = CARTESIAN_POINT('',(188.5,-23.5,-5.));
#2043 = LINE('',#2044,#2045);
#2044 = CARTESIAN_POINT('',(188.5,-23.5,0.));
#2045 = VECTOR('',#2046,1.);
#2046 = DIRECTION('',(0.,0.,-1.));
#2047 = ORIENTED_EDGE('',*,*,#2048,.T.);
#2048 = EDGE_CURVE('',#2041,#2041,#2049,.T.);
#2049 = CIRCLE('',#2050,2.);
#2050 = AXIS2_PLACEMENT_3D('',#2051,#2052,#2053);
#2051 = CARTESIAN_POINT('',(186.5,-23.5,-5.));
#2052 = DIRECTION('',(0.,0.,-1.));
#2053 = DIRECTION('',(1.,0.,0.));
#2054 = ORIENTED_EDGE('',*,*,#2040,.F.);
#2055 = ORIENTED_EDGE('',*,*,#635,.F.);
#2056 = CYLINDRICAL_SURFACE('',#2057,2.);
#2057 = AXIS2_PLACEMENT_3D('',#2058,#2059,#2060);
#2058 = CARTESIAN_POINT('',(186.5,-23.5,0.));
#2059 = DIRECTION('',(0.,0.,1.));
#2060 = DIRECTION('',(1.,0.,0.));
#2061 = ADVANCED_FACE('',(#2062),#2081,.F.);
#2062 = FACE_BOUND('',#2063,.T.);
#2063 = EDGE_LOOP('',(#2064,#2072,#2079,#2080));
#2064 = ORIENTED_EDGE('',*,*,#2065,.T.);
#2065 = EDGE_CURVE('',#647,#2066,#2068,.T.);
#2066 = VERTEX_POINT('',#2067);
#2067 = CARTESIAN_POINT('',(195.5,-23.5,-5.));
#2068 = LINE('',#2069,#2070);
#2069 = CARTESIAN_POINT('',(195.5,-23.5,0.));
#2070 = VECTOR('',#2071,1.);
#2071 = DIRECTION('',(0.,0.,-1.));
#2072 = ORIENTED_EDGE('',*,*,#2073,.T.);
#2073 = EDGE_CURVE('',#2066,#2066,#2074,.T.);
#2074 = CIRCLE('',#2075,2.);
#2075 = AXIS2_PLACEMENT_3D('',#2076,#2077,#2078);
#2076 = CARTESIAN_POINT('',(193.5,-23.5,-5.));
#2077 = DIRECTION('',(0.,0.,-1.));
#2078 = DIRECTION('',(1.,0.,0.));
#2079 = ORIENTED_EDGE('',*,*,#2065,.F.);
#2080 = ORIENTED_EDGE('',*,*,#646,.F.);
#2081 = CYLINDRICAL_SURFACE('',#2082,2.);
#2082 = AXIS2_PLACEMENT_3D('',#2083,#2084,#2085);
#2083 = CARTESIAN_POINT('',(193.5,-23.5,0.));
#2084 = DIRECTION('',(0.,0.,1.));
#2085 = DIRECTION('',(1.,0.,0.));
#2086 = ADVANCED_FACE('',(#2087),#2106,.F.);
#2087 = FACE_BOUND('',#2088,.T.);
#2088 = EDGE_LOOP('',(#2089,#2097,#2104,#2105));
#2089 = ORIENTED_EDGE('',*,*,#2090,.T.);
#2090 = EDGE_CURVE('',#658,#2091,#2093,.T.);
#2091 = VERTEX_POINT('',#2092);
#2092 = CARTESIAN_POINT('',(218.5,-23.5,-5.));
#2093 = LINE('',#2094,#2095);
#2094 = CARTESIAN_POINT('',(218.5,-23.5,0.));
#2095 = VECTOR('',#2096,1.);
#2096 = DIRECTION('',(0.,0.,-1.));
#2097 = ORIENTED_EDGE('',*,*,#2098,.T.);
#2098 = EDGE_CURVE('',#2091,#2091,#2099,.T.);
#2099 = CIRCLE('',#2100,2.);
#2100 = AXIS2_PLACEMENT_3D('',#2101,#2102,#2103);
#2101 = CARTESIAN_POINT('',(216.5,-23.5,-5.));
#2102 = DIRECTION('',(0.,0.,-1.));
#2103 = DIRECTION('',(1.,0.,0.));
#2104 = ORIENTED_EDGE('',*,*,#2090,.F.);
#2105 = ORIENTED_EDGE('',*,*,#657,.F.);
#2106 = CYLINDRICAL_SURFACE('',#2107,2.);
#2107 = AXIS2_PLACEMENT_3D('',#2108,#2109,#2110);
#2108 = CARTESIAN_POINT('',(216.5,-23.5,0.));
#2109 = DIRECTION('',(0.,0.,1.));
#2110 = DIRECTION('',(1.,0.,0.));
#2111 = ADVANCED_FACE('',(#2112),#2123,.T.);
#2112 = FACE_BOUND('',#2113,.T.);
#2113 = EDGE_LOOP('',(#2114,#2115,#2116,#2122));
#2114 = ORIENTED_EDGE('',*,*,#683,.F.);
#2115 = ORIENTED_EDGE('',*,*,#758,.T.);
#2116 = ORIENTED_EDGE('',*,*,#2117,.T.);
#2117 = EDGE_CURVE('',#749,#702,#2118,.T.);
#2118 = LINE('',#2119,#2120);
#2119 = CARTESIAN_POINT('',(216.5,-20.25,-7.75));
#2120 = VECTOR('',#2121,1.);
#2121 = DIRECTION('',(2.90882763039E-35,0.707106781187,0.707106781187));
#2122 = ORIENTED_EDGE('',*,*,#709,.F.);
#2123 = CONICAL_SURFACE('',#2124,3.5,0.785398163397);
#2124 = AXIS2_PLACEMENT_3D('',#2125,#2126,#2127);
#2125 = CARTESIAN_POINT('',(216.5,-23.5,-7.5));
#2126 = DIRECTION('',(0.,0.,1.));
#2127 = DIRECTION('',(1.,0.,0.));
#2128 = ADVANCED_FACE('',(#2129),#2140,.T.);
#2129 = FACE_BOUND('',#2130,.T.);
#2130 = EDGE_LOOP('',(#2131,#2137,#2138,#2139));
#2131 = ORIENTED_EDGE('',*,*,#2132,.F.);
#2132 = EDGE_CURVE('',#769,#846,#2133,.T.);
#2133 = LINE('',#2134,#2135);
#2134 = CARTESIAN_POINT('',(20.25,-76.5,-7.75));
#2135 = VECTOR('',#2136,1.);
#2136 = DIRECTION('',(-0.707106781187,2.90882763039E-35,0.707106781187)
  );
#2137 = ORIENTED_EDGE('',*,*,#768,.T.);
#2138 = ORIENTED_EDGE('',*,*,#724,.T.);
#2139 = ORIENTED_EDGE('',*,*,#845,.F.);
#2140 = CONICAL_SURFACE('',#2141,3.5,0.785398163397);
#2141 = AXIS2_PLACEMENT_3D('',#2142,#2143,#2144);
#2142 = CARTESIAN_POINT('',(23.5,-76.5,-7.5));
#2143 = DIRECTION('',(0.,0.,1.));
#2144 = DIRECTION('',(-1.,4.060244204344E-15,0.));
#2145 = ADVANCED_FACE('',(#2146),#2157,.T.);
#2146 = FACE_BOUND('',#2147,.T.);
#2147 = EDGE_LOOP('',(#2148,#2149,#2150,#2156));
#2148 = ORIENTED_EDGE('',*,*,#2117,.F.);
#2149 = ORIENTED_EDGE('',*,*,#748,.T.);
#2150 = ORIENTED_EDGE('',*,*,#2151,.T.);
#2151 = EDGE_CURVE('',#751,#870,#2152,.T.);
#2152 = LINE('',#2153,#2154);
#2153 = CARTESIAN_POINT('',(23.500000068654,-20.25,-7.75));
#2154 = VECTOR('',#2155,1.);
#2155 = DIRECTION('',(2.90882763039E-35,0.707106781187,0.707106781187));
#2156 = ORIENTED_EDGE('',*,*,#902,.F.);
#2157 = PLANE('',#2158);
#2158 = AXIS2_PLACEMENT_3D('',#2159,#2160,#2161);
#2159 = CARTESIAN_POINT('',(216.5,-20.25,-7.75));
#2160 = DIRECTION('',(1.889513820523E-18,0.707106781187,-0.707106781187)
  );
#2161 = DIRECTION('',(-1.,1.336088035637E-18,-1.336088035637E-18));
#2162 = ADVANCED_FACE('',(#2163),#2174,.T.);
#2163 = FACE_BOUND('',#2164,.T.);
#2164 = EDGE_LOOP('',(#2165,#2166,#2167,#2173));
#2165 = ORIENTED_EDGE('',*,*,#2151,.F.);
#2166 = ORIENTED_EDGE('',*,*,#785,.T.);
#2167 = ORIENTED_EDGE('',*,*,#2168,.T.);
#2168 = EDGE_CURVE('',#778,#1774,#2169,.T.);
#2169 = LINE('',#2170,#2171);
#2170 = CARTESIAN_POINT('',(20.,-23.5,-7.5));
#2171 = VECTOR('',#2172,1.);
#2172 = DIRECTION('',(-0.707106781187,2.227374761071E-16,0.707106781187)
  );
#2173 = ORIENTED_EDGE('',*,*,#1781,.F.);
#2174 = CONICAL_SURFACE('',#2175,3.5,0.785398163397);
#2175 = AXIS2_PLACEMENT_3D('',#2176,#2177,#2178);
#2176 = CARTESIAN_POINT('',(23.5,-23.5,-7.5));
#2177 = DIRECTION('',(0.,0.,1.));
#2178 = DIRECTION('',(1.961530874236E-08,1.,0.));
#2179 = ADVANCED_FACE('',(#2180),#2186,.T.);
#2180 = FACE_BOUND('',#2181,.T.);
#2181 = EDGE_LOOP('',(#2182,#2183,#2184,#2185));
#2182 = ORIENTED_EDGE('',*,*,#2168,.F.);
#2183 = ORIENTED_EDGE('',*,*,#777,.T.);
#2184 = ORIENTED_EDGE('',*,*,#2132,.T.);
#2185 = ORIENTED_EDGE('',*,*,#1799,.F.);
#2186 = PLANE('',#2187);
#2187 = AXIS2_PLACEMENT_3D('',#2188,#2189,#2190);
#2188 = CARTESIAN_POINT('',(20.25,-23.5,-7.75));
#2189 = DIRECTION('',(-0.707106781187,-1.889513820523E-18,
    -0.707106781187));
#2190 = DIRECTION('',(1.336088035637E-18,-1.,1.336088035637E-18));
#2191 = ADVANCED_FACE('',(#2192),#2211,.F.);
#2192 = FACE_BOUND('',#2193,.T.);
#2193 = EDGE_LOOP('',(#2194,#2203,#2209,#2210));
#2194 = ORIENTED_EDGE('',*,*,#2195,.T.);
#2195 = EDGE_CURVE('',#2196,#2196,#2198,.T.);
#2196 = VERTEX_POINT('',#2197);
#2197 = CARTESIAN_POINT('',(106.5,-65.,-6.));
#2198 = CIRCLE('',#2199,1.5);
#2199 = AXIS2_PLACEMENT_3D('',#2200,#2201,#2202);
#2200 = CARTESIAN_POINT('',(105.,-65.,-6.));
#2201 = DIRECTION('',(0.,0.,1.));
#2202 = DIRECTION('',(1.,0.,0.));
#2203 = ORIENTED_EDGE('',*,*,#2204,.T.);
#2204 = EDGE_CURVE('',#2196,#795,#2205,.T.);
#2205 = LINE('',#2206,#2207);
#2206 = CARTESIAN_POINT('',(106.5,-65.,-5.));
#2207 = VECTOR('',#2208,1.);
#2208 = DIRECTION('',(0.,0.,-1.));
#2209 = ORIENTED_EDGE('',*,*,#794,.T.);
#2210 = ORIENTED_EDGE('',*,*,#2204,.F.);
#2211 = CYLINDRICAL_SURFACE('',#2212,1.5);
#2212 = AXIS2_PLACEMENT_3D('',#2213,#2214,#2215);
#2213 = CARTESIAN_POINT('',(105.,-65.,-5.));
#2214 = DIRECTION('',(0.,0.,1.));
#2215 = DIRECTION('',(1.,0.,0.));
#2216 = ADVANCED_FACE('',(#2217),#2236,.F.);
#2217 = FACE_BOUND('',#2218,.T.);
#2218 = EDGE_LOOP('',(#2219,#2228,#2234,#2235));
#2219 = ORIENTED_EDGE('',*,*,#2220,.T.);
#2220 = EDGE_CURVE('',#2221,#2221,#2223,.T.);
#2221 = VERTEX_POINT('',#2222);
#2222 = CARTESIAN_POINT('',(136.5,-65.,-6.));
#2223 = CIRCLE('',#2224,1.5);
#2224 = AXIS2_PLACEMENT_3D('',#2225,#2226,#2227);
#2225 = CARTESIAN_POINT('',(135.,-65.,-6.));
#2226 = DIRECTION('',(0.,0.,1.));
#2227 = DIRECTION('',(1.,0.,0.));
#2228 = ORIENTED_EDGE('',*,*,#2229,.T.);
#2229 = EDGE_CURVE('',#2221,#806,#2230,.T.);
#2230 = LINE('',#2231,#2232);
#2231 = CARTESIAN_POINT('',(136.5,-65.,-5.));
#2232 = VECTOR('',#2233,1.);
#2233 = DIRECTION('',(0.,0.,-1.));
#2234 = ORIENTED_EDGE('',*,*,#805,.T.);
#2235 = ORIENTED_EDGE('',*,*,#2229,.F.);
#2236 = CYLINDRICAL_SURFACE('',#2237,1.5);
#2237 = AXIS2_PLACEMENT_3D('',#2238,#2239,#2240);
#2238 = CARTESIAN_POINT('',(135.,-65.,-5.));
#2239 = DIRECTION('',(0.,0.,1.));
#2240 = DIRECTION('',(1.,0.,0.));
#2241 = ADVANCED_FACE('',(#2242),#2261,.F.);
#2242 = FACE_BOUND('',#2243,.T.);
#2243 = EDGE_LOOP('',(#2244,#2253,#2259,#2260));
#2244 = ORIENTED_EDGE('',*,*,#2245,.T.);
#2245 = EDGE_CURVE('',#2246,#2246,#2248,.T.);
#2246 = VERTEX_POINT('',#2247);
#2247 = CARTESIAN_POINT('',(106.5,-35.,-6.));
#2248 = CIRCLE('',#2249,1.5);
#2249 = AXIS2_PLACEMENT_3D('',#2250,#2251,#2252);
#2250 = CARTESIAN_POINT('',(105.,-35.,-6.));
#2251 = DIRECTION('',(0.,0.,1.));
#2252 = DIRECTION('',(1.,0.,0.));
#2253 = ORIENTED_EDGE('',*,*,#2254,.T.);
#2254 = EDGE_CURVE('',#2246,#817,#2255,.T.);
#2255 = LINE('',#2256,#2257);
#2256 = CARTESIAN_POINT('',(106.5,-35.,-5.));
#2257 = VECTOR('',#2258,1.);
#2258 = DIRECTION('',(0.,0.,-1.));
#2259 = ORIENTED_EDGE('',*,*,#816,.T.);
#2260 = ORIENTED_EDGE('',*,*,#2254,.F.);
#2261 = CYLINDRICAL_SURFACE('',#2262,1.5);
#2262 = AXIS2_PLACEMENT_3D('',#2263,#2264,#2265);
#2263 = CARTESIAN_POINT('',(105.,-35.,-5.));
#2264 = DIRECTION('',(0.,0.,1.));
#2265 = DIRECTION('',(1.,0.,0.));
#2266 = ADVANCED_FACE('',(#2267),#2286,.F.);
#2267 = FACE_BOUND('',#2268,.T.);
#2268 = EDGE_LOOP('',(#2269,#2278,#2284,#2285));
#2269 = ORIENTED_EDGE('',*,*,#2270,.T.);
#2270 = EDGE_CURVE('',#2271,#2271,#2273,.T.);
#2271 = VERTEX_POINT('',#2272);
#2272 = CARTESIAN_POINT('',(136.5,-35.,-6.));
#2273 = CIRCLE('',#2274,1.5);
#2274 = AXIS2_PLACEMENT_3D('',#2275,#2276,#2277);
#2275 = CARTESIAN_POINT('',(135.,-35.,-6.));
#2276 = DIRECTION('',(0.,0.,1.));
#2277 = DIRECTION('',(1.,0.,0.));
#2278 = ORIENTED_EDGE('',*,*,#2279,.T.);
#2279 = EDGE_CURVE('',#2271,#828,#2280,.T.);
#2280 = LINE('',#2281,#2282);
#2281 = CARTESIAN_POINT('',(136.5,-35.,-5.));
#2282 = VECTOR('',#2283,1.);
#2283 = DIRECTION('',(0.,0.,-1.));
#2284 = ORIENTED_EDGE('',*,*,#827,.T.);
#2285 = ORIENTED_EDGE('',*,*,#2279,.F.);
#2286 = CYLINDRICAL_SURFACE('',#2287,1.5);
#2287 = AXIS2_PLACEMENT_3D('',#2288,#2289,#2290);
#2288 = CARTESIAN_POINT('',(135.,-35.,-5.));
#2289 = DIRECTION('',(0.,0.,1.));
#2290 = DIRECTION('',(1.,0.,0.));
#2291 = ADVANCED_FACE('',(#2292),#2298,.T.);
#2292 = FACE_BOUND('',#2293,.T.);
#2293 = EDGE_LOOP('',(#2294,#2295,#2296,#2297));
#2294 = ORIENTED_EDGE('',*,*,#886,.T.);
#2295 = ORIENTED_EDGE('',*,*,#1759,.T.);
#2296 = ORIENTED_EDGE('',*,*,#973,.T.);
#2297 = ORIENTED_EDGE('',*,*,#917,.F.);
#2298 = PLANE('',#2299);
#2299 = AXIS2_PLACEMENT_3D('',#2300,#2301,#2302);
#2300 = CARTESIAN_POINT('',(136.0899995,-24.1,-2.29));
#2301 = DIRECTION('',(0.,4.135282412556E-16,1.));
#2302 = DIRECTION('',(0.,1.,-4.135282412556E-16));
#2303 = ADVANCED_FACE('',(#2304,#2340,#2351,#2362,#2373),#2384,.T.);
#2304 = FACE_BOUND('',#2305,.T.);
#2305 = EDGE_LOOP('',(#2306,#2307,#2308,#2309,#2310,#2311,#2312,#2313,
    #2314,#2315,#2316,#2317,#2318,#2319,#2320,#2321,#2322,#2323,#2324,
    #2325,#2326,#2327,#2328,#2329,#2330,#2331,#2332,#2333,#2334,#2335,
    #2336,#2337,#2338,#2339));
#2306 = ORIENTED_EDGE('',*,*,#1568,.F.);
#2307 = ORIENTED_EDGE('',*,*,#1543,.T.);
#2308 = ORIENTED_EDGE('',*,*,#1523,.T.);
#2309 = ORIENTED_EDGE('',*,*,#1509,.F.);
#2310 = ORIENTED_EDGE('',*,*,#1483,.T.);
#2311 = ORIENTED_EDGE('',*,*,#1458,.T.);
#2312 = ORIENTED_EDGE('',*,*,#1434,.T.);
#2313 = ORIENTED_EDGE('',*,*,#1411,.F.);
#2314 = ORIENTED_EDGE('',*,*,#1385,.T.);
#2315 = ORIENTED_EDGE('',*,*,#1353,.F.);
#2316 = ORIENTED_EDGE('',*,*,#1336,.T.);
#2317 = ORIENTED_EDGE('',*,*,#1305,.F.);
#2318 = ORIENTED_EDGE('',*,*,#1286,.T.);
#2319 = ORIENTED_EDGE('',*,*,#1264,.F.);
#2320 = ORIENTED_EDGE('',*,*,#1237,.T.);
#2321 = ORIENTED_EDGE('',*,*,#1215,.F.);
#2322 = ORIENTED_EDGE('',*,*,#1189,.T.);
#2323 = ORIENTED_EDGE('',*,*,#1164,.T.);
#2324 = ORIENTED_EDGE('',*,*,#1140,.T.);
#2325 = ORIENTED_EDGE('',*,*,#1108,.F.);
#2326 = ORIENTED_EDGE('',*,*,#1083,.T.);
#2327 = ORIENTED_EDGE('',*,*,#1059,.T.);
#2328 = ORIENTED_EDGE('',*,*,#1035,.T.);
#2329 = ORIENTED_EDGE('',*,*,#1012,.F.);
#2330 = ORIENTED_EDGE('',*,*,#987,.T.);
#2331 = ORIENTED_EDGE('',*,*,#957,.F.);
#2332 = ORIENTED_EDGE('',*,*,#1741,.F.);
#2333 = ORIENTED_EDGE('',*,*,#1716,.F.);
#2334 = ORIENTED_EDGE('',*,*,#1699,.T.);
#2335 = ORIENTED_EDGE('',*,*,#1667,.F.);
#2336 = ORIENTED_EDGE('',*,*,#1650,.T.);
#2337 = ORIENTED_EDGE('',*,*,#1619,.F.);
#2338 = ORIENTED_EDGE('',*,*,#1602,.T.);
#2339 = ORIENTED_EDGE('',*,*,#1582,.T.);
#2340 = FACE_BOUND('',#2341,.T.);
#2341 = EDGE_LOOP('',(#2342));
#2342 = ORIENTED_EDGE('',*,*,#2343,.F.);
#2343 = EDGE_CURVE('',#2344,#2344,#2346,.T.);
#2344 = VERTEX_POINT('',#2345);
#2345 = CARTESIAN_POINT('',(108.5,-65.,-5.));
#2346 = CIRCLE('',#2347,3.5);
#2347 = AXIS2_PLACEMENT_3D('',#2348,#2349,#2350);
#2348 = CARTESIAN_POINT('',(105.,-65.,-5.));
#2349 = DIRECTION('',(0.,0.,1.));
#2350 = DIRECTION('',(1.,0.,0.));
#2351 = FACE_BOUND('',#2352,.T.);
#2352 = EDGE_LOOP('',(#2353));
#2353 = ORIENTED_EDGE('',*,*,#2354,.F.);
#2354 = EDGE_CURVE('',#2355,#2355,#2357,.T.);
#2355 = VERTEX_POINT('',#2356);
#2356 = CARTESIAN_POINT('',(138.5,-65.,-5.));
#2357 = CIRCLE('',#2358,3.5);
#2358 = AXIS2_PLACEMENT_3D('',#2359,#2360,#2361);
#2359 = CARTESIAN_POINT('',(135.,-65.,-5.));
#2360 = DIRECTION('',(0.,0.,1.));
#2361 = DIRECTION('',(1.,0.,0.));
#2362 = FACE_BOUND('',#2363,.T.);
#2363 = EDGE_LOOP('',(#2364));
#2364 = ORIENTED_EDGE('',*,*,#2365,.F.);
#2365 = EDGE_CURVE('',#2366,#2366,#2368,.T.);
#2366 = VERTEX_POINT('',#2367);
#2367 = CARTESIAN_POINT('',(108.5,-35.,-5.));
#2368 = CIRCLE('',#2369,3.5);
#2369 = AXIS2_PLACEMENT_3D('',#2370,#2371,#2372);
#2370 = CARTESIAN_POINT('',(105.,-35.,-5.));
#2371 = DIRECTION('',(0.,0.,1.));
#2372 = DIRECTION('',(1.,0.,0.));
#2373 = FACE_BOUND('',#2374,.T.);
#2374 = EDGE_LOOP('',(#2375));
#2375 = ORIENTED_EDGE('',*,*,#2376,.F.);
#2376 = EDGE_CURVE('',#2377,#2377,#2379,.T.);
#2377 = VERTEX_POINT('',#2378);
#2378 = CARTESIAN_POINT('',(138.5,-35.,-5.));
#2379 = CIRCLE('',#2380,3.5);
#2380 = AXIS2_PLACEMENT_3D('',#2381,#2382,#2383);
#2381 = CARTESIAN_POINT('',(135.,-35.,-5.));
#2382 = DIRECTION('',(0.,0.,1.));
#2383 = DIRECTION('',(1.,0.,0.));
#2384 = PLANE('',#2385);
#2385 = AXIS2_PLACEMENT_3D('',#2386,#2387,#2388);
#2386 = CARTESIAN_POINT('',(120.00000000674,-50.0000000023,-5.));
#2387 = DIRECTION('',(0.,0.,1.));
#2388 = DIRECTION('',(1.,0.,0.));
#2389 = ADVANCED_FACE('',(#2390),#2393,.T.);
#2390 = FACE_BOUND('',#2391,.T.);
#2391 = EDGE_LOOP('',(#2392));
#2392 = ORIENTED_EDGE('',*,*,#1823,.F.);
#2393 = PLANE('',#2394);
#2394 = AXIS2_PLACEMENT_3D('',#2395,#2396,#2397);
#2395 = CARTESIAN_POINT('',(120.00000000674,-50.0000000023,-5.));
#2396 = DIRECTION('',(0.,0.,1.));
#2397 = DIRECTION('',(1.,0.,0.));
#2398 = ADVANCED_FACE('',(#2399),#2402,.T.);
#2399 = FACE_BOUND('',#2400,.T.);
#2400 = EDGE_LOOP('',(#2401));
#2401 = ORIENTED_EDGE('',*,*,#1848,.F.);
#2402 = PLANE('',#2403);
#2403 = AXIS2_PLACEMENT_3D('',#2404,#2405,#2406);
#2404 = CARTESIAN_POINT('',(120.00000000674,-50.0000000023,-5.));
#2405 = DIRECTION('',(0.,0.,1.));
#2406 = DIRECTION('',(1.,0.,0.));
#2407 = ADVANCED_FACE('',(#2408),#2411,.T.);
#2408 = FACE_BOUND('',#2409,.T.);
#2409 = EDGE_LOOP('',(#2410));
#2410 = ORIENTED_EDGE('',*,*,#1873,.F.);
#2411 = PLANE('',#2412);
#2412 = AXIS2_PLACEMENT_3D('',#2413,#2414,#2415);
#2413 = CARTESIAN_POINT('',(120.00000000674,-50.0000000023,-5.));
#2414 = DIRECTION('',(0.,0.,1.));
#2415 = DIRECTION('',(1.,0.,0.));
#2416 = ADVANCED_FACE('',(#2417),#2420,.T.);
#2417 = FACE_BOUND('',#2418,.T.);
#2418 = EDGE_LOOP('',(#2419));
#2419 = ORIENTED_EDGE('',*,*,#1898,.F.);
#2420 = PLANE('',#2421);
#2421 = AXIS2_PLACEMENT_3D('',#2422,#2423,#2424);
#2422 = CARTESIAN_POINT('',(120.00000000674,-50.0000000023,-5.));
#2423 = DIRECTION('',(0.,0.,1.));
#2424 = DIRECTION('',(1.,0.,0.));
#2425 = ADVANCED_FACE('',(#2426),#2429,.T.);
#2426 = FACE_BOUND('',#2427,.T.);
#2427 = EDGE_LOOP('',(#2428));
#2428 = ORIENTED_EDGE('',*,*,#1923,.F.);
#2429 = PLANE('',#2430);
#2430 = AXIS2_PLACEMENT_3D('',#2431,#2432,#2433);
#2431 = CARTESIAN_POINT('',(120.00000000674,-50.0000000023,-5.));
#2432 = DIRECTION('',(0.,0.,1.));
#2433 = DIRECTION('',(1.,0.,0.));
#2434 = ADVANCED_FACE('',(#2435),#2438,.T.);
#2435 = FACE_BOUND('',#2436,.T.);
#2436 = EDGE_LOOP('',(#2437));
#2437 = ORIENTED_EDGE('',*,*,#1948,.F.);
#2438 = PLANE('',#2439);
#2439 = AXIS2_PLACEMENT_3D('',#2440,#2441,#2442);
#2440 = CARTESIAN_POINT('',(120.00000000674,-50.0000000023,-5.));
#2441 = DIRECTION('',(0.,0.,1.));
#2442 = DIRECTION('',(1.,0.,0.));
#2443 = ADVANCED_FACE('',(#2444),#2447,.T.);
#2444 = FACE_BOUND('',#2445,.T.);
#2445 = EDGE_LOOP('',(#2446));
#2446 = ORIENTED_EDGE('',*,*,#1973,.F.);
#2447 = PLANE('',#2448);
#2448 = AXIS2_PLACEMENT_3D('',#2449,#2450,#2451);
#2449 = CARTESIAN_POINT('',(120.00000000674,-50.0000000023,-5.));
#2450 = DIRECTION('',(0.,0.,1.));
#2451 = DIRECTION('',(1.,0.,0.));
#2452 = ADVANCED_FACE('',(#2453),#2456,.T.);
#2453 = FACE_BOUND('',#2454,.T.);
#2454 = EDGE_LOOP('',(#2455));
#2455 = ORIENTED_EDGE('',*,*,#1998,.F.);
#2456 = PLANE('',#2457);
#2457 = AXIS2_PLACEMENT_3D('',#2458,#2459,#2460);
#2458 = CARTESIAN_POINT('',(120.00000000674,-50.0000000023,-5.));
#2459 = DIRECTION('',(0.,0.,1.));
#2460 = DIRECTION('',(1.,0.,0.));
#2461 = ADVANCED_FACE('',(#2462),#2465,.T.);
#2462 = FACE_BOUND('',#2463,.T.);
#2463 = EDGE_LOOP('',(#2464));
#2464 = ORIENTED_EDGE('',*,*,#2023,.F.);
#2465 = PLANE('',#2466);
#2466 = AXIS2_PLACEMENT_3D('',#2467,#2468,#2469);
#2467 = CARTESIAN_POINT('',(120.00000000674,-50.0000000023,-5.));
#2468 = DIRECTION('',(0.,0.,1.));
#2469 = DIRECTION('',(1.,0.,0.));
#2470 = ADVANCED_FACE('',(#2471),#2474,.T.);
#2471 = FACE_BOUND('',#2472,.T.);
#2472 = EDGE_LOOP('',(#2473));
#2473 = ORIENTED_EDGE('',*,*,#2048,.F.);
#2474 = PLANE('',#2475);
#2475 = AXIS2_PLACEMENT_3D('',#2476,#2477,#2478);
#2476 = CARTESIAN_POINT('',(120.00000000674,-50.0000000023,-5.));
#2477 = DIRECTION('',(0.,0.,1.));
#2478 = DIRECTION('',(1.,0.,0.));
#2479 = ADVANCED_FACE('',(#2480),#2483,.T.);
#2480 = FACE_BOUND('',#2481,.T.);
#2481 = EDGE_LOOP('',(#2482));
#2482 = ORIENTED_EDGE('',*,*,#2073,.F.);
#2483 = PLANE('',#2484);
#2484 = AXIS2_PLACEMENT_3D('',#2485,#2486,#2487);
#2485 = CARTESIAN_POINT('',(120.00000000674,-50.0000000023,-5.));
#2486 = DIRECTION('',(0.,0.,1.));
#2487 = DIRECTION('',(1.,0.,0.));
#2488 = ADVANCED_FACE('',(#2489),#2492,.T.);
#2489 = FACE_BOUND('',#2490,.T.);
#2490 = EDGE_LOOP('',(#2491));
#2491 = ORIENTED_EDGE('',*,*,#2098,.F.);
#2492 = PLANE('',#2493);
#2493 = AXIS2_PLACEMENT_3D('',#2494,#2495,#2496);
#2494 = CARTESIAN_POINT('',(120.00000000674,-50.0000000023,-5.));
#2495 = DIRECTION('',(0.,0.,1.));
#2496 = DIRECTION('',(1.,0.,0.));
#2497 = ADVANCED_FACE('',(#2498,#2509),#2512,.T.);
#2498 = FACE_BOUND('',#2499,.T.);
#2499 = EDGE_LOOP('',(#2500));
#2500 = ORIENTED_EDGE('',*,*,#2501,.T.);
#2501 = EDGE_CURVE('',#2502,#2502,#2504,.T.);
#2502 = VERTEX_POINT('',#2503);
#2503 = CARTESIAN_POINT('',(108.5,-65.,-6.));
#2504 = CIRCLE('',#2505,3.5);
#2505 = AXIS2_PLACEMENT_3D('',#2506,#2507,#2508);
#2506 = CARTESIAN_POINT('',(105.,-65.,-6.));
#2507 = DIRECTION('',(0.,0.,1.));
#2508 = DIRECTION('',(1.,0.,0.));
#2509 = FACE_BOUND('',#2510,.T.);
#2510 = EDGE_LOOP('',(#2511));
#2511 = ORIENTED_EDGE('',*,*,#2195,.F.);
#2512 = PLANE('',#2513);
#2513 = AXIS2_PLACEMENT_3D('',#2514,#2515,#2516);
#2514 = CARTESIAN_POINT('',(105.,-65.,-6.));
#2515 = DIRECTION('',(0.,0.,1.));
#2516 = DIRECTION('',(1.,0.,0.));
#2517 = ADVANCED_FACE('',(#2518,#2529),#2532,.T.);
#2518 = FACE_BOUND('',#2519,.T.);
#2519 = EDGE_LOOP('',(#2520));
#2520 = ORIENTED_EDGE('',*,*,#2521,.T.);
#2521 = EDGE_CURVE('',#2522,#2522,#2524,.T.);
#2522 = VERTEX_POINT('',#2523);
#2523 = CARTESIAN_POINT('',(138.5,-65.,-6.));
#2524 = CIRCLE('',#2525,3.5);
#2525 = AXIS2_PLACEMENT_3D('',#2526,#2527,#2528);
#2526 = CARTESIAN_POINT('',(135.,-65.,-6.));
#2527 = DIRECTION('',(0.,0.,1.));
#2528 = DIRECTION('',(1.,0.,0.));
#2529 = FACE_BOUND('',#2530,.T.);
#2530 = EDGE_LOOP('',(#2531));
#2531 = ORIENTED_EDGE('',*,*,#2220,.F.);
#2532 = PLANE('',#2533);
#2533 = AXIS2_PLACEMENT_3D('',#2534,#2535,#2536);
#2534 = CARTESIAN_POINT('',(135.,-65.,-6.));
#2535 = DIRECTION('',(0.,0.,1.));
#2536 = DIRECTION('',(1.,0.,0.));
#2537 = ADVANCED_FACE('',(#2538,#2549),#2552,.T.);
#2538 = FACE_BOUND('',#2539,.T.);
#2539 = EDGE_LOOP('',(#2540));
#2540 = ORIENTED_EDGE('',*,*,#2541,.T.);
#2541 = EDGE_CURVE('',#2542,#2542,#2544,.T.);
#2542 = VERTEX_POINT('',#2543);
#2543 = CARTESIAN_POINT('',(108.5,-35.,-6.));
#2544 = CIRCLE('',#2545,3.5);
#2545 = AXIS2_PLACEMENT_3D('',#2546,#2547,#2548);
#2546 = CARTESIAN_POINT('',(105.,-35.,-6.));
#2547 = DIRECTION('',(0.,0.,1.));
#2548 = DIRECTION('',(1.,0.,0.));
#2549 = FACE_BOUND('',#2550,.T.);
#2550 = EDGE_LOOP('',(#2551));
#2551 = ORIENTED_EDGE('',*,*,#2245,.F.);
#2552 = PLANE('',#2553);
#2553 = AXIS2_PLACEMENT_3D('',#2554,#2555,#2556);
#2554 = CARTESIAN_POINT('',(105.,-35.,-6.));
#2555 = DIRECTION('',(0.,0.,1.));
#2556 = DIRECTION('',(1.,0.,0.));
#2557 = ADVANCED_FACE('',(#2558,#2569),#2572,.T.);
#2558 = FACE_BOUND('',#2559,.T.);
#2559 = EDGE_LOOP('',(#2560));
#2560 = ORIENTED_EDGE('',*,*,#2561,.T.);
#2561 = EDGE_CURVE('',#2562,#2562,#2564,.T.);
#2562 = VERTEX_POINT('',#2563);
#2563 = CARTESIAN_POINT('',(138.5,-35.,-6.));
#2564 = CIRCLE('',#2565,3.5);
#2565 = AXIS2_PLACEMENT_3D('',#2566,#2567,#2568);
#2566 = CARTESIAN_POINT('',(135.,-35.,-6.));
#2567 = DIRECTION('',(0.,0.,1.));
#2568 = DIRECTION('',(1.,0.,0.));
#2569 = FACE_BOUND('',#2570,.T.);
#2570 = EDGE_LOOP('',(#2571));
#2571 = ORIENTED_EDGE('',*,*,#2270,.F.);
#2572 = PLANE('',#2573);
#2573 = AXIS2_PLACEMENT_3D('',#2574,#2575,#2576);
#2574 = CARTESIAN_POINT('',(135.,-35.,-6.));
#2575 = DIRECTION('',(0.,0.,1.));
#2576 = DIRECTION('',(1.,0.,0.));
#2577 = ADVANCED_FACE('',(#2578),#2589,.F.);
#2578 = FACE_BOUND('',#2579,.T.);
#2579 = EDGE_LOOP('',(#2580,#2586,#2587,#2588));
#2580 = ORIENTED_EDGE('',*,*,#2581,.F.);
#2581 = EDGE_CURVE('',#2344,#2502,#2582,.T.);
#2582 = LINE('',#2583,#2584);
#2583 = CARTESIAN_POINT('',(108.5,-65.,-5.));
#2584 = VECTOR('',#2585,1.);
#2585 = DIRECTION('',(0.,0.,-1.));
#2586 = ORIENTED_EDGE('',*,*,#2343,.T.);
#2587 = ORIENTED_EDGE('',*,*,#2581,.T.);
#2588 = ORIENTED_EDGE('',*,*,#2501,.F.);
#2589 = CYLINDRICAL_SURFACE('',#2590,3.5);
#2590 = AXIS2_PLACEMENT_3D('',#2591,#2592,#2593);
#2591 = CARTESIAN_POINT('',(105.,-65.,-5.));
#2592 = DIRECTION('',(-0.,-0.,-1.));
#2593 = DIRECTION('',(1.,0.,0.));
#2594 = ADVANCED_FACE('',(#2595),#2606,.F.);
#2595 = FACE_BOUND('',#2596,.T.);
#2596 = EDGE_LOOP('',(#2597,#2603,#2604,#2605));
#2597 = ORIENTED_EDGE('',*,*,#2598,.F.);
#2598 = EDGE_CURVE('',#2355,#2522,#2599,.T.);
#2599 = LINE('',#2600,#2601);
#2600 = CARTESIAN_POINT('',(138.5,-65.,-5.));
#2601 = VECTOR('',#2602,1.);
#2602 = DIRECTION('',(0.,0.,-1.));
#2603 = ORIENTED_EDGE('',*,*,#2354,.T.);
#2604 = ORIENTED_EDGE('',*,*,#2598,.T.);
#2605 = ORIENTED_EDGE('',*,*,#2521,.F.);
#2606 = CYLINDRICAL_SURFACE('',#2607,3.5);
#2607 = AXIS2_PLACEMENT_3D('',#2608,#2609,#2610);
#2608 = CARTESIAN_POINT('',(135.,-65.,-5.));
#2609 = DIRECTION('',(-0.,-0.,-1.));
#2610 = DIRECTION('',(1.,0.,0.));
#2611 = ADVANCED_FACE('',(#2612),#2623,.F.);
#2612 = FACE_BOUND('',#2613,.T.);
#2613 = EDGE_LOOP('',(#2614,#2620,#2621,#2622));
#2614 = ORIENTED_EDGE('',*,*,#2615,.F.);
#2615 = EDGE_CURVE('',#2366,#2542,#2616,.T.);
#2616 = LINE('',#2617,#2618);
#2617 = CARTESIAN_POINT('',(108.5,-35.,-5.));
#2618 = VECTOR('',#2619,1.);
#2619 = DIRECTION('',(0.,0.,-1.));
#2620 = ORIENTED_EDGE('',*,*,#2365,.T.);
#2621 = ORIENTED_EDGE('',*,*,#2615,.T.);
#2622 = ORIENTED_EDGE('',*,*,#2541,.F.);
#2623 = CYLINDRICAL_SURFACE('',#2624,3.5);
#2624 = AXIS2_PLACEMENT_3D('',#2625,#2626,#2627);
#2625 = CARTESIAN_POINT('',(105.,-35.,-5.));
#2626 = DIRECTION('',(-0.,-0.,-1.));
#2627 = DIRECTION('',(1.,0.,0.));
#2628 = ADVANCED_FACE('',(#2629),#2640,.F.);
#2629 = FACE_BOUND('',#2630,.T.);
#2630 = EDGE_LOOP('',(#2631,#2637,#2638,#2639));
#2631 = ORIENTED_EDGE('',*,*,#2632,.F.);
#2632 = EDGE_CURVE('',#2377,#2562,#2633,.T.);
#2633 = LINE('',#2634,#2635);
#2634 = CARTESIAN_POINT('',(138.5,-35.,-5.));
#2635 = VECTOR('',#2636,1.);
#2636 = DIRECTION('',(0.,0.,-1.));
#2637 = ORIENTED_EDGE('',*,*,#2376,.T.);
#2638 = ORIENTED_EDGE('',*,*,#2632,.T.);
#2639 = ORIENTED_EDGE('',*,*,#2561,.F.);
#2640 = CYLINDRICAL_SURFACE('',#2641,3.5);
#2641 = AXIS2_PLACEMENT_3D('',#2642,#2643,#2644);
#2642 = CARTESIAN_POINT('',(135.,-35.,-5.));
#2643 = DIRECTION('',(-0.,-0.,-1.));
#2644 = DIRECTION('',(1.,0.,0.));
#2645 = ( GEOMETRIC_REPRESENTATION_CONTEXT(3) 
GLOBAL_UNCERTAINTY_ASSIGNED_CONTEXT((#2649)) 
GLOBAL_UNIT_ASSIGNED_CONTEXT((#2646,#2647,#2648)) REPRESENTATION_CONTEXT
('Context #1','3D Context with UNIT and UNCERTAINTY') );
#2646 = ( LENGTH_UNIT() NAMED_UNIT(*) SI_UNIT(.MILLI.,.METRE.) );
#2647 = ( NAMED_UNIT(*) PLANE_ANGLE_UNIT() SI_UNIT($,.RADIAN.) );
#2648 = ( NAMED_UNIT(*) SI_UNIT($,.STERADIAN.) SOLID_ANGLE_UNIT() );
#2649 = UNCERTAINTY_MEASURE_WITH_UNIT(LENGTH_MEASURE(5.E-05),#2646,
  'distance_accuracy_value','confusion accuracy');
#2650 = PRODUCT_RELATED_PRODUCT_CATEGORY('part',$,(#7));
#2651 = MECHANICAL_DESIGN_GEOMETRIC_PRESENTATION_REPRESENTATION('',(
    #2652),#2645);
#2652 = STYLED_ITEM('color',(#2653),#15);
#2653 = PRESENTATION_STYLE_ASSIGNMENT((#2654,#2660));
#2654 = SURFACE_STYLE_USAGE(.BOTH.,#2655);
#2655 = SURFACE_SIDE_STYLE('',(#2656));
#2656 = SURFACE_STYLE_FILL_AREA(#2657);
#2657 = FILL_AREA_STYLE('',(#2658));
#2658 = FILL_AREA_STYLE_COLOUR('',#2659);
#2659 = COLOUR_RGB('',0.800000010877,0.800000010877,0.901960800373);
#2660 = CURVE_STYLE('',#2661,POSITIVE_LENGTH_MEASURE(0.1),#2662);
#2661 = DRAUGHTING_PRE_DEFINED_CURVE_FONT('continuous');
#2662 = COLOUR_RGB('',9.803921802644E-02,9.803921802644E-02,
  9.803921802644E-02);
ENDSEC;
END-ISO-10303-21;
