ISO-10303-21;
HEADER;
FILE_DESCRIPTION(('FreeCAD Model'),'2;1');
FILE_NAME('Open CASCADE Shape Model','2026-06-12T10:13:14',(''),(''),
  'Open CASCADE STEP processor 7.8','FreeCAD','Unknown');
FILE_SCHEMA(('AUTOMOTIVE_DESIGN { 1 0 10303 214 1 1 1 1 }'));
ENDSEC;
DATA;
#1 = APPLICATION_PROTOCOL_DEFINITION('international standard',
  'automotive_design',2000,#2);
#2 = APPLICATION_CONTEXT(
  'core data for automotive mechanical design processes');
#3 = SHAPE_DEFINITION_REPRESENTATION(#4,#10);
#4 = PRODUCT_DEFINITION_SHAPE('','',#5);
#5 = PRODUCT_DEFINITION('design','',#6,#9);
#6 = PRODUCT_DEFINITION_FORMATION('','',#7);
#7 = PRODUCT('newflap','newflap','',(#8));
#8 = PRODUCT_CONTEXT('',#2,'mechanical');
#9 = PRODUCT_DEFINITION_CONTEXT('part definition',#2,'design');
#10 = ADVANCED_BREP_SHAPE_REPRESENTATION('',(#11,#15),#2297);
#11 = AXIS2_PLACEMENT_3D('',#12,#13,#14);
#12 = CARTESIAN_POINT('',(0.,0.,0.));
#13 = DIRECTION('',(0.,0.,1.));
#14 = DIRECTION('',(1.,0.,-0.));
#15 = MANIFOLD_SOLID_BREP('',#16);
#16 = CLOSED_SHELL('',(#17,#91,#124,#155,#186,#249,#280,#304,#328,#345,
    #370,#395,#428,#452,#590,#708,#725,#768,#820,#844,#868,#939,#951,
    #968,#985,#1126,#1150,#1247,#1271,#1317,#1338,#1355,#1390,#1407,
    #1444,#1461,#1478,#1502,#1548,#1649,#1674,#1695,#1721,#1741,#1753,
    #1770,#1786,#1803,#1844,#1881,#1905,#1929,#1952,#1975,#1987,#2012,
    #2037,#2054,#2071,#2108,#2125,#2155,#2196,#2213,#2230,#2256,#2273,
    #2285));
#17 = ADVANCED_FACE('',(#18,#52),#86,.F.);
#18 = FACE_BOUND('',#19,.F.);
#19 = EDGE_LOOP('',(#20,#30,#38,#46));
#20 = ORIENTED_EDGE('',*,*,#21,.F.);
#21 = EDGE_CURVE('',#22,#24,#26,.T.);
#22 = VERTEX_POINT('',#23);
#23 = CARTESIAN_POINT('',(42.5,-80.15153077165,17.51));
#24 = VERTEX_POINT('',#25);
#25 = CARTESIAN_POINT('',(27.5,-80.15153077165,17.51));
#26 = LINE('',#27,#28);
#27 = CARTESIAN_POINT('',(43.,-80.15153077165,17.51));
#28 = VECTOR('',#29,1.);
#29 = DIRECTION('',(-1.,-0.,-0.));
#30 = ORIENTED_EDGE('',*,*,#31,.F.);
#31 = EDGE_CURVE('',#32,#22,#34,.T.);
#32 = VERTEX_POINT('',#33);
#33 = CARTESIAN_POINT('',(42.5,-25.367762,17.51));
#34 = LINE('',#35,#36);
#35 = CARTESIAN_POINT('',(42.5,-25.367762,17.51));
#36 = VECTOR('',#37,1.);
#37 = DIRECTION('',(0.,-1.,0.));
#38 = ORIENTED_EDGE('',*,*,#39,.F.);
#39 = EDGE_CURVE('',#40,#32,#42,.T.);
#40 = VERTEX_POINT('',#41);
#41 = CARTESIAN_POINT('',(27.5,-25.367762,17.51));
#42 = LINE('',#43,#44);
#43 = CARTESIAN_POINT('',(27.,-25.367762,17.51));
#44 = VECTOR('',#45,1.);
#45 = DIRECTION('',(1.,0.,0.));
#46 = ORIENTED_EDGE('',*,*,#47,.F.);
#47 = EDGE_CURVE('',#24,#40,#48,.T.);
#48 = LINE('',#49,#50);
#49 = CARTESIAN_POINT('',(27.5,-80.15153077165,17.51));
#50 = VECTOR('',#51,1.);
#51 = DIRECTION('',(0.,1.,0.));
#52 = FACE_BOUND('',#53,.F.);
#53 = EDGE_LOOP('',(#54,#64,#72,#80));
#54 = ORIENTED_EDGE('',*,*,#55,.T.);
#55 = EDGE_CURVE('',#56,#58,#60,.T.);
#56 = VERTEX_POINT('',#57);
#57 = CARTESIAN_POINT('',(41.,-78.15153077165,17.51));
#58 = VERTEX_POINT('',#59);
#59 = CARTESIAN_POINT('',(29.,-78.15153077165,17.51));
#60 = LINE('',#61,#62);
#61 = CARTESIAN_POINT('',(41.,-78.15153077165,17.51));
#62 = VECTOR('',#63,1.);
#63 = DIRECTION('',(-1.,0.,0.));
#64 = ORIENTED_EDGE('',*,*,#65,.T.);
#65 = EDGE_CURVE('',#58,#66,#68,.T.);
#66 = VERTEX_POINT('',#67);
#67 = CARTESIAN_POINT('',(29.,-27.367762,17.51));
#68 = LINE('',#69,#70);
#69 = CARTESIAN_POINT('',(29.,-78.15153077165,17.51));
#70 = VECTOR('',#71,1.);
#71 = DIRECTION('',(0.,1.,0.));
#72 = ORIENTED_EDGE('',*,*,#73,.T.);
#73 = EDGE_CURVE('',#66,#74,#76,.T.);
#74 = VERTEX_POINT('',#75);
#75 = CARTESIAN_POINT('',(41.,-27.367762,17.51));
#76 = LINE('',#77,#78);
#77 = CARTESIAN_POINT('',(29.,-27.367762,17.51));
#78 = VECTOR('',#79,1.);
#79 = DIRECTION('',(1.,5.9E-16,0.));
#80 = ORIENTED_EDGE('',*,*,#81,.T.);
#81 = EDGE_CURVE('',#74,#56,#82,.T.);
#82 = LINE('',#83,#84);
#83 = CARTESIAN_POINT('',(41.,-27.367762,17.51));
#84 = VECTOR('',#85,1.);
#85 = DIRECTION('',(0.,-1.,0.));
#86 = PLANE('',#87);
#87 = AXIS2_PLACEMENT_3D('',#88,#89,#90);
#88 = CARTESIAN_POINT('',(35.,-40.75,17.51));
#89 = DIRECTION('',(0.,0.,1.));
#90 = DIRECTION('',(1.,0.,0.));
#91 = ADVANCED_FACE('',(#92),#119,.F.);
#92 = FACE_BOUND('',#93,.T.);
#93 = EDGE_LOOP('',(#94,#95,#104,#112));
#94 = ORIENTED_EDGE('',*,*,#21,.F.);
#95 = ORIENTED_EDGE('',*,*,#96,.T.);
#96 = EDGE_CURVE('',#22,#97,#99,.T.);
#97 = VERTEX_POINT('',#98);
#98 = CARTESIAN_POINT('',(42.5,-82.25109340832,16.652857142857));
#99 = CIRCLE('',#100,3.);
#100 = AXIS2_PLACEMENT_3D('',#101,#102,#103);
#101 = CARTESIAN_POINT('',(42.5,-80.15153077165,14.51));
#102 = DIRECTION('',(1.,0.,-0.));
#103 = DIRECTION('',(0.,0.,1.));
#104 = ORIENTED_EDGE('',*,*,#105,.T.);
#105 = EDGE_CURVE('',#97,#106,#108,.T.);
#106 = VERTEX_POINT('',#107);
#107 = CARTESIAN_POINT('',(27.5,-82.25109340832,16.652857142857));
#108 = LINE('',#109,#110);
#109 = CARTESIAN_POINT('',(43.,-82.25109340832,16.652857142857));
#110 = VECTOR('',#111,1.);
#111 = DIRECTION('',(-1.,-0.,-0.));
#112 = ORIENTED_EDGE('',*,*,#113,.T.);
#113 = EDGE_CURVE('',#106,#24,#114,.T.);
#114 = CIRCLE('',#115,3.);
#115 = AXIS2_PLACEMENT_3D('',#116,#117,#118);
#116 = CARTESIAN_POINT('',(27.5,-80.15153077165,14.51));
#117 = DIRECTION('',(-1.,7.93129037051E-33,5.5E-16));
#118 = DIRECTION('',(3.928571428571E-16,-0.699854212224,0.714285714286)
  );
#119 = CYLINDRICAL_SURFACE('',#120,3.);
#120 = AXIS2_PLACEMENT_3D('',#121,#122,#123);
#121 = CARTESIAN_POINT('',(43.,-80.15153077165,14.51));
#122 = DIRECTION('',(-1.,-0.,-0.));
#123 = DIRECTION('',(0.,0.,1.));
#124 = ADVANCED_FACE('',(#125),#150,.F.);
#125 = FACE_BOUND('',#126,.F.);
#126 = EDGE_LOOP('',(#127,#135,#136,#144));
#127 = ORIENTED_EDGE('',*,*,#128,.F.);
#128 = EDGE_CURVE('',#32,#129,#131,.T.);
#129 = VERTEX_POINT('',#130);
#130 = CARTESIAN_POINT('',(43.,-25.52026779283,18.01));
#131 = LINE('',#132,#133);
#132 = CARTESIAN_POINT('',(42.738887883176,-25.44062557204,
    17.748887883176));
#133 = VECTOR('',#134,1.);
#134 = DIRECTION('',(0.691213256783,-0.210828051489,0.691213256783));
#135 = ORIENTED_EDGE('',*,*,#31,.T.);
#136 = ORIENTED_EDGE('',*,*,#137,.T.);
#137 = EDGE_CURVE('',#22,#138,#140,.T.);
#138 = VERTEX_POINT('',#139);
#139 = CARTESIAN_POINT('',(43.,-80.15153077165,18.01));
#140 = LINE('',#141,#142);
#141 = CARTESIAN_POINT('',(42.75,-80.15153077165,17.76));
#142 = VECTOR('',#143,1.);
#143 = DIRECTION('',(0.707106781187,2.90882763039E-35,0.707106781187));
#144 = ORIENTED_EDGE('',*,*,#145,.F.);
#145 = EDGE_CURVE('',#129,#138,#146,.T.);
#146 = LINE('',#147,#148);
#147 = CARTESIAN_POINT('',(43.,-25.367762,18.01));
#148 = VECTOR('',#149,1.);
#149 = DIRECTION('',(0.,-1.,0.));
#150 = PLANE('',#151);
#151 = AXIS2_PLACEMENT_3D('',#152,#153,#154);
#152 = CARTESIAN_POINT('',(42.75,-25.367762,17.76));
#153 = DIRECTION('',(-0.707106781187,1.889513820523E-18,0.707106781187)
  );
#154 = DIRECTION('',(-1.336088035637E-18,-1.,1.336088035637E-18));
#155 = ADVANCED_FACE('',(#156),#181,.F.);
#156 = FACE_BOUND('',#157,.F.);
#157 = EDGE_LOOP('',(#158,#166,#167,#175));
#158 = ORIENTED_EDGE('',*,*,#159,.F.);
#159 = EDGE_CURVE('',#24,#160,#162,.T.);
#160 = VERTEX_POINT('',#161);
#161 = CARTESIAN_POINT('',(27.,-80.15153077165,18.01));
#162 = LINE('',#163,#164);
#163 = CARTESIAN_POINT('',(27.5,-80.15153077165,17.51));
#164 = VECTOR('',#165,1.);
#165 = DIRECTION('',(-0.707106781187,-2.621995645058E-15,0.707106781187)
  );
#166 = ORIENTED_EDGE('',*,*,#47,.T.);
#167 = ORIENTED_EDGE('',*,*,#168,.T.);
#168 = EDGE_CURVE('',#40,#169,#171,.T.);
#169 = VERTEX_POINT('',#170);
#170 = CARTESIAN_POINT('',(27.,-25.52026779283,18.01));
#171 = LINE('',#172,#173);
#172 = CARTESIAN_POINT('',(22.094366508293,-27.01654284287,
    22.915633491707));
#173 = VECTOR('',#174,1.);
#174 = DIRECTION('',(-0.691213256783,-0.210828051489,0.691213256783));
#175 = ORIENTED_EDGE('',*,*,#176,.F.);
#176 = EDGE_CURVE('',#160,#169,#177,.T.);
#177 = LINE('',#178,#179);
#178 = CARTESIAN_POINT('',(27.,-80.15153077165,18.01));
#179 = VECTOR('',#180,1.);
#180 = DIRECTION('',(0.,1.,0.));
#181 = PLANE('',#182);
#182 = AXIS2_PLACEMENT_3D('',#183,#184,#185);
#183 = CARTESIAN_POINT('',(27.25,-80.15153077165,17.76));
#184 = DIRECTION('',(0.707106781187,-1.889513820523E-18,0.707106781187)
  );
#185 = DIRECTION('',(1.336088035637E-18,1.,1.336088035637E-18));
#186 = ADVANCED_FACE('',(#187),#244,.T.);
#187 = FACE_BOUND('',#188,.T.);
#188 = EDGE_LOOP('',(#189,#190,#198,#206,#214,#222,#230,#238));
#189 = ORIENTED_EDGE('',*,*,#39,.F.);
#190 = ORIENTED_EDGE('',*,*,#191,.F.);
#191 = EDGE_CURVE('',#192,#40,#194,.T.);
#192 = VERTEX_POINT('',#193);
#193 = CARTESIAN_POINT('',(27.5,-11.9867762,26.51));
#194 = LINE('',#195,#196);
#195 = CARTESIAN_POINT('',(27.5,-11.9867762,26.51));
#196 = VECTOR('',#197,1.);
#197 = DIRECTION('',(0.,-0.829772483041,-0.558101806473));
#198 = ORIENTED_EDGE('',*,*,#199,.T.);
#199 = EDGE_CURVE('',#192,#200,#202,.T.);
#200 = VERTEX_POINT('',#201);
#201 = CARTESIAN_POINT('',(29.,-11.9867762,26.51));
#202 = LINE('',#203,#204);
#203 = CARTESIAN_POINT('',(27.,-11.9867762,26.51));
#204 = VECTOR('',#205,1.);
#205 = DIRECTION('',(1.,0.,0.));
#206 = ORIENTED_EDGE('',*,*,#207,.F.);
#207 = EDGE_CURVE('',#208,#200,#210,.T.);
#208 = VERTEX_POINT('',#209);
#209 = CARTESIAN_POINT('',(29.,-10.5,27.51));
#210 = LINE('',#211,#212);
#211 = CARTESIAN_POINT('',(29.,-10.5,27.51));
#212 = VECTOR('',#213,1.);
#213 = DIRECTION('',(7.4E-16,-0.829772483041,-0.558101806473));
#214 = ORIENTED_EDGE('',*,*,#215,.T.);
#215 = EDGE_CURVE('',#208,#216,#218,.T.);
#216 = VERTEX_POINT('',#217);
#217 = CARTESIAN_POINT('',(41.,-10.5,27.51));
#218 = LINE('',#219,#220);
#219 = CARTESIAN_POINT('',(27.,-10.5,27.51));
#220 = VECTOR('',#221,1.);
#221 = DIRECTION('',(1.,0.,0.));
#222 = ORIENTED_EDGE('',*,*,#223,.T.);
#223 = EDGE_CURVE('',#216,#224,#226,.T.);
#224 = VERTEX_POINT('',#225);
#225 = CARTESIAN_POINT('',(41.,-11.9867762,26.51));
#226 = LINE('',#227,#228);
#227 = CARTESIAN_POINT('',(41.,-10.5,27.51));
#228 = VECTOR('',#229,1.);
#229 = DIRECTION('',(7.4E-16,-0.829772483041,-0.558101806473));
#230 = ORIENTED_EDGE('',*,*,#231,.F.);
#231 = EDGE_CURVE('',#232,#224,#234,.T.);
#232 = VERTEX_POINT('',#233);
#233 = CARTESIAN_POINT('',(42.5,-11.9867762,26.51));
#234 = LINE('',#235,#236);
#235 = CARTESIAN_POINT('',(35.,-11.9867762,26.51));
#236 = VECTOR('',#237,1.);
#237 = DIRECTION('',(-1.,0.,0.));
#238 = ORIENTED_EDGE('',*,*,#239,.F.);
#239 = EDGE_CURVE('',#32,#232,#240,.T.);
#240 = LINE('',#241,#242);
#241 = CARTESIAN_POINT('',(42.5,-25.367762,17.51));
#242 = VECTOR('',#243,1.);
#243 = DIRECTION('',(0.,0.829772483041,0.558101806473));
#244 = PLANE('',#245);
#245 = AXIS2_PLACEMENT_3D('',#246,#247,#248);
#246 = CARTESIAN_POINT('',(27.,-10.5,27.51));
#247 = DIRECTION('',(0.,0.558101806473,-0.829772483041));
#248 = DIRECTION('',(0.,-0.829772483041,-0.558101806473));
#249 = ADVANCED_FACE('',(#250),#275,.F.);
#250 = FACE_BOUND('',#251,.F.);
#251 = EDGE_LOOP('',(#252,#260,#268,#274));
#252 = ORIENTED_EDGE('',*,*,#253,.T.);
#253 = EDGE_CURVE('',#56,#254,#256,.T.);
#254 = VERTEX_POINT('',#255);
#255 = CARTESIAN_POINT('',(41.,-78.15153077165,20.51));
#256 = LINE('',#257,#258);
#257 = CARTESIAN_POINT('',(41.,-78.15153077165,17.51));
#258 = VECTOR('',#259,1.);
#259 = DIRECTION('',(0.,0.,1.));
#260 = ORIENTED_EDGE('',*,*,#261,.T.);
#261 = EDGE_CURVE('',#254,#262,#264,.T.);
#262 = VERTEX_POINT('',#263);
#263 = CARTESIAN_POINT('',(29.,-78.15153077165,20.51));
#264 = LINE('',#265,#266);
#265 = CARTESIAN_POINT('',(41.,-78.15153077165,20.51));
#266 = VECTOR('',#267,1.);
#267 = DIRECTION('',(-1.,0.,0.));
#268 = ORIENTED_EDGE('',*,*,#269,.F.);
#269 = EDGE_CURVE('',#58,#262,#270,.T.);
#270 = LINE('',#271,#272);
#271 = CARTESIAN_POINT('',(29.,-78.15153077165,17.51));
#272 = VECTOR('',#273,1.);
#273 = DIRECTION('',(0.,0.,1.));
#274 = ORIENTED_EDGE('',*,*,#55,.F.);
#275 = PLANE('',#276);
#276 = AXIS2_PLACEMENT_3D('',#277,#278,#279);
#277 = CARTESIAN_POINT('',(41.,-78.15153077165,17.51));
#278 = DIRECTION('',(0.,-1.,0.));
#279 = DIRECTION('',(-1.,0.,0.));
#280 = ADVANCED_FACE('',(#281),#299,.F.);
#281 = FACE_BOUND('',#282,.F.);
#282 = EDGE_LOOP('',(#283,#291,#297,#298));
#283 = ORIENTED_EDGE('',*,*,#284,.T.);
#284 = EDGE_CURVE('',#74,#285,#287,.T.);
#285 = VERTEX_POINT('',#286);
#286 = CARTESIAN_POINT('',(41.,-27.367762,20.51));
#287 = LINE('',#288,#289);
#288 = CARTESIAN_POINT('',(41.,-27.367762,17.51));
#289 = VECTOR('',#290,1.);
#290 = DIRECTION('',(0.,0.,1.));
#291 = ORIENTED_EDGE('',*,*,#292,.T.);
#292 = EDGE_CURVE('',#285,#254,#293,.T.);
#293 = LINE('',#294,#295);
#294 = CARTESIAN_POINT('',(41.,-27.367762,20.51));
#295 = VECTOR('',#296,1.);
#296 = DIRECTION('',(0.,-1.,0.));
#297 = ORIENTED_EDGE('',*,*,#253,.F.);
#298 = ORIENTED_EDGE('',*,*,#81,.F.);
#299 = PLANE('',#300);
#300 = AXIS2_PLACEMENT_3D('',#301,#302,#303);
#301 = CARTESIAN_POINT('',(41.,-27.367762,17.51));
#302 = DIRECTION('',(1.,0.,0.));
#303 = DIRECTION('',(0.,-1.,0.));
#304 = ADVANCED_FACE('',(#305),#323,.F.);
#305 = FACE_BOUND('',#306,.F.);
#306 = EDGE_LOOP('',(#307,#315,#321,#322));
#307 = ORIENTED_EDGE('',*,*,#308,.T.);
#308 = EDGE_CURVE('',#66,#309,#311,.T.);
#309 = VERTEX_POINT('',#310);
#310 = CARTESIAN_POINT('',(29.,-27.367762,20.51));
#311 = LINE('',#312,#313);
#312 = CARTESIAN_POINT('',(29.,-27.367762,17.51));
#313 = VECTOR('',#314,1.);
#314 = DIRECTION('',(0.,0.,1.));
#315 = ORIENTED_EDGE('',*,*,#316,.T.);
#316 = EDGE_CURVE('',#309,#285,#317,.T.);
#317 = LINE('',#318,#319);
#318 = CARTESIAN_POINT('',(29.,-27.367762,20.51));
#319 = VECTOR('',#320,1.);
#320 = DIRECTION('',(1.,5.9E-16,0.));
#321 = ORIENTED_EDGE('',*,*,#284,.F.);
#322 = ORIENTED_EDGE('',*,*,#73,.F.);
#323 = PLANE('',#324);
#324 = AXIS2_PLACEMENT_3D('',#325,#326,#327);
#325 = CARTESIAN_POINT('',(29.,-27.367762,17.51));
#326 = DIRECTION('',(-5.9E-16,1.,0.));
#327 = DIRECTION('',(1.,5.9E-16,0.));
#328 = ADVANCED_FACE('',(#329),#340,.F.);
#329 = FACE_BOUND('',#330,.F.);
#330 = EDGE_LOOP('',(#331,#332,#338,#339));
#331 = ORIENTED_EDGE('',*,*,#269,.T.);
#332 = ORIENTED_EDGE('',*,*,#333,.T.);
#333 = EDGE_CURVE('',#262,#309,#334,.T.);
#334 = LINE('',#335,#336);
#335 = CARTESIAN_POINT('',(29.,-78.15153077165,20.51));
#336 = VECTOR('',#337,1.);
#337 = DIRECTION('',(0.,1.,0.));
#338 = ORIENTED_EDGE('',*,*,#308,.F.);
#339 = ORIENTED_EDGE('',*,*,#65,.F.);
#340 = PLANE('',#341);
#341 = AXIS2_PLACEMENT_3D('',#342,#343,#344);
#342 = CARTESIAN_POINT('',(29.,-78.15153077165,17.51));
#343 = DIRECTION('',(-1.,0.,0.));
#344 = DIRECTION('',(0.,1.,0.));
#345 = ADVANCED_FACE('',(#346),#365,.F.);
#346 = FACE_BOUND('',#347,.F.);
#347 = EDGE_LOOP('',(#348,#349,#350,#358));
#348 = ORIENTED_EDGE('',*,*,#137,.F.);
#349 = ORIENTED_EDGE('',*,*,#96,.T.);
#350 = ORIENTED_EDGE('',*,*,#351,.T.);
#351 = EDGE_CURVE('',#97,#352,#354,.T.);
#352 = VERTEX_POINT('',#353);
#353 = CARTESIAN_POINT('',(43.,-82.60102051443,17.01));
#354 = LINE('',#355,#356);
#355 = CARTESIAN_POINT('',(42.5,-82.25109340832,16.652857142857));
#356 = VECTOR('',#357,1.);
#357 = DIRECTION('',(0.707106781187,-0.494871659305,0.505076272276));
#358 = ORIENTED_EDGE('',*,*,#359,.F.);
#359 = EDGE_CURVE('',#138,#352,#360,.T.);
#360 = CIRCLE('',#361,3.5);
#361 = AXIS2_PLACEMENT_3D('',#362,#363,#364);
#362 = CARTESIAN_POINT('',(43.,-80.15153077165,14.51));
#363 = DIRECTION('',(1.,0.,-0.));
#364 = DIRECTION('',(0.,0.,1.));
#365 = CONICAL_SURFACE('',#366,3.,0.785398163397);
#366 = AXIS2_PLACEMENT_3D('',#367,#368,#369);
#367 = CARTESIAN_POINT('',(42.5,-80.15153077165,14.51));
#368 = DIRECTION('',(1.,0.,0.));
#369 = DIRECTION('',(0.,0.,1.));
#370 = ADVANCED_FACE('',(#371),#390,.F.);
#371 = FACE_BOUND('',#372,.F.);
#372 = EDGE_LOOP('',(#373,#381,#382,#383));
#373 = ORIENTED_EDGE('',*,*,#374,.F.);
#374 = EDGE_CURVE('',#106,#375,#377,.T.);
#375 = VERTEX_POINT('',#376);
#376 = CARTESIAN_POINT('',(27.,-82.60102051443,17.01));
#377 = LINE('',#378,#379);
#378 = CARTESIAN_POINT('',(27.5,-82.25109340832,16.652857142857));
#379 = VECTOR('',#380,1.);
#380 = DIRECTION('',(-0.707106781187,-0.494871659305,0.505076272276));
#381 = ORIENTED_EDGE('',*,*,#113,.T.);
#382 = ORIENTED_EDGE('',*,*,#159,.T.);
#383 = ORIENTED_EDGE('',*,*,#384,.F.);
#384 = EDGE_CURVE('',#375,#160,#385,.T.);
#385 = CIRCLE('',#386,3.5);
#386 = AXIS2_PLACEMENT_3D('',#387,#388,#389);
#387 = CARTESIAN_POINT('',(27.,-80.15153077165,14.51));
#388 = DIRECTION('',(-1.,7.93129037051E-33,5.5E-16));
#389 = DIRECTION('',(3.928571428571E-16,-0.699854212224,0.714285714286)
  );
#390 = CONICAL_SURFACE('',#391,3.,0.785398163397);
#391 = AXIS2_PLACEMENT_3D('',#392,#393,#394);
#392 = CARTESIAN_POINT('',(27.5,-80.15153077165,14.51));
#393 = DIRECTION('',(-1.,0.,5.5E-16));
#394 = DIRECTION('',(3.928571428571E-16,-0.699854212224,0.714285714286)
  );
#395 = ADVANCED_FACE('',(#396),#423,.T.);
#396 = FACE_BOUND('',#397,.F.);
#397 = EDGE_LOOP('',(#398,#399,#408,#416));
#398 = ORIENTED_EDGE('',*,*,#105,.T.);
#399 = ORIENTED_EDGE('',*,*,#400,.F.);
#400 = EDGE_CURVE('',#401,#106,#403,.T.);
#401 = VERTEX_POINT('',#402);
#402 = CARTESIAN_POINT('',(27.5,-87.5,29.51));
#403 = CIRCLE('',#404,7.5);
#404 = AXIS2_PLACEMENT_3D('',#405,#406,#407);
#405 = CARTESIAN_POINT('',(27.5,-87.5,22.01));
#406 = DIRECTION('',(1.,0.,-5.5E-16));
#407 = DIRECTION('',(5.5E-16,0.,1.));
#408 = ORIENTED_EDGE('',*,*,#409,.T.);
#409 = EDGE_CURVE('',#401,#410,#412,.T.);
#410 = VERTEX_POINT('',#411);
#411 = CARTESIAN_POINT('',(42.5,-87.5,29.51));
#412 = LINE('',#413,#414);
#413 = CARTESIAN_POINT('',(27.,-87.5,29.51));
#414 = VECTOR('',#415,1.);
#415 = DIRECTION('',(1.,0.,0.));
#416 = ORIENTED_EDGE('',*,*,#417,.F.);
#417 = EDGE_CURVE('',#97,#410,#418,.T.);
#418 = CIRCLE('',#419,7.5);
#419 = AXIS2_PLACEMENT_3D('',#420,#421,#422);
#420 = CARTESIAN_POINT('',(42.5,-87.5,22.01));
#421 = DIRECTION('',(-1.,0.,-0.));
#422 = DIRECTION('',(0.,0.699854212224,-0.714285714286));
#423 = CYLINDRICAL_SURFACE('',#424,7.5);
#424 = AXIS2_PLACEMENT_3D('',#425,#426,#427);
#425 = CARTESIAN_POINT('',(27.,-87.5,22.01));
#426 = DIRECTION('',(-1.,-0.,-0.));
#427 = DIRECTION('',(0.,1.,0.));
#428 = ADVANCED_FACE('',(#429),#447,.T.);
#429 = FACE_BOUND('',#430,.T.);
#430 = EDGE_LOOP('',(#431,#432,#433,#441));
#431 = ORIENTED_EDGE('',*,*,#128,.F.);
#432 = ORIENTED_EDGE('',*,*,#239,.T.);
#433 = ORIENTED_EDGE('',*,*,#434,.T.);
#434 = EDGE_CURVE('',#232,#435,#437,.T.);
#435 = VERTEX_POINT('',#436);
#436 = CARTESIAN_POINT('',(43.,-12.88267009283,26.51));
#437 = LINE('',#438,#439);
#438 = CARTESIAN_POINT('',(42.210113550749,-11.46736120099,26.51));
#439 = VECTOR('',#440,1.);
#440 = DIRECTION('',(0.487341039432,-0.873211721912,0.));
#441 = ORIENTED_EDGE('',*,*,#442,.F.);
#442 = EDGE_CURVE('',#129,#435,#443,.T.);
#443 = LINE('',#444,#445);
#444 = CARTESIAN_POINT('',(43.,-25.64681290323,17.92488624152));
#445 = VECTOR('',#446,1.);
#446 = DIRECTION('',(0.,0.829772483041,0.558101806473));
#447 = PLANE('',#448);
#448 = AXIS2_PLACEMENT_3D('',#449,#450,#451);
#449 = CARTESIAN_POINT('',(42.75,-25.50728745161,17.71744312076));
#450 = DIRECTION('',(0.707106781187,0.394637571949,-0.5867377496));
#451 = DIRECTION('',(-2.018637920179E-16,0.829772483041,0.558101806473)
  );
#452 = ADVANCED_FACE('',(#453,#574),#585,.T.);
#453 = FACE_BOUND('',#454,.T.);
#454 = EDGE_LOOP('',(#455,#465,#473,#481,#489,#497,#505,#532,#542,#550,
    #558,#565,#566,#567,#568));
#455 = ORIENTED_EDGE('',*,*,#456,.F.);
#456 = EDGE_CURVE('',#457,#459,#461,.T.);
#457 = VERTEX_POINT('',#458);
#458 = CARTESIAN_POINT('',(43.,17.,26.51));
#459 = VERTEX_POINT('',#460);
#460 = CARTESIAN_POINT('',(43.,-11.9867762,26.51));
#461 = LINE('',#462,#463);
#462 = CARTESIAN_POINT('',(43.,-10.5,26.51));
#463 = VECTOR('',#464,1.);
#464 = DIRECTION('',(8.9E-16,-1.,0.));
#465 = ORIENTED_EDGE('',*,*,#466,.F.);
#466 = EDGE_CURVE('',#467,#457,#469,.T.);
#467 = VERTEX_POINT('',#468);
#468 = CARTESIAN_POINT('',(43.,17.5,27.01));
#469 = LINE('',#470,#471);
#470 = CARTESIAN_POINT('',(43.,2.155084337037,11.665084337037));
#471 = VECTOR('',#472,1.);
#472 = DIRECTION('',(0.,-0.707106781187,-0.707106781187));
#473 = ORIENTED_EDGE('',*,*,#474,.F.);
#474 = EDGE_CURVE('',#475,#467,#477,.T.);
#475 = VERTEX_POINT('',#476);
#476 = CARTESIAN_POINT('',(43.,17.5,27.51));
#477 = LINE('',#478,#479);
#478 = CARTESIAN_POINT('',(43.,17.5,27.51));
#479 = VECTOR('',#480,1.);
#480 = DIRECTION('',(0.,0.,-1.));
#481 = ORIENTED_EDGE('',*,*,#482,.T.);
#482 = EDGE_CURVE('',#475,#483,#485,.T.);
#483 = VERTEX_POINT('',#484);
#484 = CARTESIAN_POINT('',(43.,17.5,28.01));
#485 = LINE('',#486,#487);
#486 = CARTESIAN_POINT('',(43.,17.5,26.111641307498));
#487 = VECTOR('',#488,1.);
#488 = DIRECTION('',(0.,0.,1.));
#489 = ORIENTED_EDGE('',*,*,#490,.F.);
#490 = EDGE_CURVE('',#491,#483,#493,.T.);
#491 = VERTEX_POINT('',#492);
#492 = CARTESIAN_POINT('',(43.,17.,27.51));
#493 = LINE('',#494,#495);
#494 = CARTESIAN_POINT('',(43.,1.905084337037,12.415084337037));
#495 = VECTOR('',#496,1.);
#496 = DIRECTION('',(0.,0.707106781187,0.707106781187));
#497 = ORIENTED_EDGE('',*,*,#498,.T.);
#498 = EDGE_CURVE('',#491,#499,#501,.T.);
#499 = VERTEX_POINT('',#500);
#500 = CARTESIAN_POINT('',(43.,-79.43844718719,27.51));
#501 = LINE('',#502,#503);
#502 = CARTESIAN_POINT('',(43.,0.,27.51));
#503 = VECTOR('',#504,1.);
#504 = DIRECTION('',(0.,-1.,0.));
#505 = ORIENTED_EDGE('',*,*,#506,.T.);
#506 = EDGE_CURVE('',#499,#507,#509,.T.);
#507 = VERTEX_POINT('',#508);
#508 = CARTESIAN_POINT('',(43.,-81.5,28.01));
#509 = B_SPLINE_CURVE_WITH_KNOTS('',6,(#510,#511,#512,#513,#514,#515,
    #516,#517,#518,#519,#520,#521,#522,#523,#524,#525,#526,#527,#528,
    #529,#530,#531),.UNSPECIFIED.,.F.,.F.,(7,5,5,5,7),(0.,0.277775182569
    ,0.606391171596,0.813000175706,1.),.UNSPECIFIED.);
#510 = CARTESIAN_POINT('',(43.,-79.43844718719,27.51));
#511 = CARTESIAN_POINT('',(43.,-79.51309065204,27.544195876652));
#512 = CARTESIAN_POINT('',(43.,-79.58926395696,27.577918681947));
#513 = CARTESIAN_POINT('',(43.,-79.66711802525,27.611106261704));
#514 = CARTESIAN_POINT('',(43.,-79.7468094887,27.643674847892));
#515 = CARTESIAN_POINT('',(43.,-79.82851918181,27.675514278617));
#516 = CARTESIAN_POINT('',(43.,-80.01178760847,27.743120359628));
#517 = CARTESIAN_POINT('',(43.,-80.11419234709,27.778520561965));
#518 = CARTESIAN_POINT('',(43.,-80.22011747197,27.812475120549));
#519 = CARTESIAN_POINT('',(43.,-80.32992931892,27.844643570463));
#520 = CARTESIAN_POINT('',(43.,-80.44395518227,27.874554723384));
#521 = CARTESIAN_POINT('',(43.,-80.63704925574,27.918616583219));
#522 = CARTESIAN_POINT('',(43.,-80.71335076516,27.934489356542));
#523 = CARTESIAN_POINT('',(43.,-80.79146426841,27.949071918965));
#524 = CARTESIAN_POINT('',(43.,-80.87136816039,27.962179561403));
#525 = CARTESIAN_POINT('',(43.,-80.95296174726,27.973609251905));
#526 = CARTESIAN_POINT('',(43.,-81.11118710898,27.991840427646));
#527 = CARTESIAN_POINT('',(43.,-81.18756845665,27.998979714415));
#528 = CARTESIAN_POINT('',(43.,-81.26494070459,28.004455751588));
#529 = CARTESIAN_POINT('',(43.,-81.34303703998,28.008152194172));
#530 = CARTESIAN_POINT('',(43.,-81.42152690714,28.01));
#531 = CARTESIAN_POINT('',(43.,-81.5,28.01));
#532 = ORIENTED_EDGE('',*,*,#533,.T.);
#533 = EDGE_CURVE('',#507,#534,#536,.T.);
#534 = VERTEX_POINT('',#535);
#535 = CARTESIAN_POINT('',(43.444444444444,-79.66750861083,28.01));
#536 = B_SPLINE_CURVE_WITH_KNOTS('',4,(#537,#538,#539,#540,#541),
  .UNSPECIFIED.,.F.,.F.,(5,5),(-2.77139014386E-13,1.903528998642),
  .PIECEWISE_BEZIER_KNOTS.);
#537 = CARTESIAN_POINT('',(43.,-81.5,28.01));
#538 = CARTESIAN_POINT('',(43.,-81.02411775204,28.01));
#539 = CARTESIAN_POINT('',(43.075501525683,-80.54816925747,28.01));
#540 = CARTESIAN_POINT('',(43.226431914045,-80.09051505344,28.01));
#541 = CARTESIAN_POINT('',(43.444444444444,-79.66750861083,28.01));
#542 = ORIENTED_EDGE('',*,*,#543,.F.);
#543 = EDGE_CURVE('',#544,#507,#546,.T.);
#544 = VERTEX_POINT('',#545);
#545 = CARTESIAN_POINT('',(43.,-81.5,29.01));
#546 = LINE('',#547,#548);
#547 = CARTESIAN_POINT('',(43.,-81.5,29.51));
#548 = VECTOR('',#549,1.);
#549 = DIRECTION('',(0.,0.,-1.));
#550 = ORIENTED_EDGE('',*,*,#551,.F.);
#551 = EDGE_CURVE('',#552,#544,#554,.T.);
#552 = VERTEX_POINT('',#553);
#553 = CARTESIAN_POINT('',(43.,-87.5,29.01));
#554 = LINE('',#555,#556);
#555 = CARTESIAN_POINT('',(43.,-87.5,29.01));
#556 = VECTOR('',#557,1.);
#557 = DIRECTION('',(0.,1.,0.));
#558 = ORIENTED_EDGE('',*,*,#559,.F.);
#559 = EDGE_CURVE('',#352,#552,#560,.T.);
#560 = CIRCLE('',#561,7.);
#561 = AXIS2_PLACEMENT_3D('',#562,#563,#564);
#562 = CARTESIAN_POINT('',(43.,-87.5,22.01));
#563 = DIRECTION('',(-1.,0.,-0.));
#564 = DIRECTION('',(0.,0.699854212224,-0.714285714286));
#565 = ORIENTED_EDGE('',*,*,#359,.F.);
#566 = ORIENTED_EDGE('',*,*,#145,.F.);
#567 = ORIENTED_EDGE('',*,*,#442,.T.);
#568 = ORIENTED_EDGE('',*,*,#569,.F.);
#569 = EDGE_CURVE('',#459,#435,#570,.T.);
#570 = LINE('',#571,#572);
#571 = CARTESIAN_POINT('',(43.,-18.75932052957,26.51));
#572 = VECTOR('',#573,1.);
#573 = DIRECTION('',(-0.,-1.,-0.));
#574 = FACE_BOUND('',#575,.T.);
#575 = EDGE_LOOP('',(#576));
#576 = ORIENTED_EDGE('',*,*,#577,.F.);
#577 = EDGE_CURVE('',#578,#578,#580,.T.);
#578 = VERTEX_POINT('',#579);
#579 = CARTESIAN_POINT('',(43.,-86.,22.01));
#580 = CIRCLE('',#581,1.5);
#581 = AXIS2_PLACEMENT_3D('',#582,#583,#584);
#582 = CARTESIAN_POINT('',(43.,-87.5,22.01));
#583 = DIRECTION('',(1.,0.,0.));
#584 = DIRECTION('',(0.,1.,0.));
#585 = PLANE('',#586);
#586 = AXIS2_PLACEMENT_3D('',#587,#588,#589);
#587 = CARTESIAN_POINT('',(43.,-40.27525295915,23.905590307303));
#588 = DIRECTION('',(1.,0.,0.));
#589 = DIRECTION('',(0.,0.,1.));
#590 = ADVANCED_FACE('',(#591,#692),#703,.T.);
#591 = FACE_BOUND('',#592,.T.);
#592 = EDGE_LOOP('',(#593,#603,#611,#619,#627,#635,#643,#651,#659,#665,
    #666,#667,#676,#684));
#593 = ORIENTED_EDGE('',*,*,#594,.T.);
#594 = EDGE_CURVE('',#595,#597,#599,.T.);
#595 = VERTEX_POINT('',#596);
#596 = CARTESIAN_POINT('',(27.,-81.5,29.571552812809));
#597 = VERTEX_POINT('',#598);
#598 = CARTESIAN_POINT('',(27.,-79.43844718719,27.51));
#599 = LINE('',#600,#601);
#600 = CARTESIAN_POINT('',(27.,-81.5,29.571552812809));
#601 = VECTOR('',#602,1.);
#602 = DIRECTION('',(-3.889087296526E-16,0.707106781187,-0.707106781187)
  );
#603 = ORIENTED_EDGE('',*,*,#604,.T.);
#604 = EDGE_CURVE('',#597,#605,#607,.T.);
#605 = VERTEX_POINT('',#606);
#606 = CARTESIAN_POINT('',(27.,17.,27.51));
#607 = LINE('',#608,#609);
#608 = CARTESIAN_POINT('',(27.,-10.5,27.51));
#609 = VECTOR('',#610,1.);
#610 = DIRECTION('',(0.,1.,0.));
#611 = ORIENTED_EDGE('',*,*,#612,.T.);
#612 = EDGE_CURVE('',#605,#613,#615,.T.);
#613 = VERTEX_POINT('',#614);
#614 = CARTESIAN_POINT('',(27.,17.5,28.01));
#615 = LINE('',#616,#617);
#616 = CARTESIAN_POINT('',(27.,1.905084337037,12.415084337037));
#617 = VECTOR('',#618,1.);
#618 = DIRECTION('',(3.889087296526E-16,0.707106781187,0.707106781187));
#619 = ORIENTED_EDGE('',*,*,#620,.F.);
#620 = EDGE_CURVE('',#621,#613,#623,.T.);
#621 = VERTEX_POINT('',#622);
#622 = CARTESIAN_POINT('',(27.,17.5,27.51));
#623 = LINE('',#624,#625);
#624 = CARTESIAN_POINT('',(27.,17.5,26.111641307498));
#625 = VECTOR('',#626,1.);
#626 = DIRECTION('',(5.5E-16,0.,1.));
#627 = ORIENTED_EDGE('',*,*,#628,.T.);
#628 = EDGE_CURVE('',#621,#629,#631,.T.);
#629 = VERTEX_POINT('',#630);
#630 = CARTESIAN_POINT('',(27.,17.5,27.01));
#631 = LINE('',#632,#633);
#632 = CARTESIAN_POINT('',(27.,17.5,27.51));
#633 = VECTOR('',#634,1.);
#634 = DIRECTION('',(0.,0.,-1.));
#635 = ORIENTED_EDGE('',*,*,#636,.T.);
#636 = EDGE_CURVE('',#629,#637,#639,.T.);
#637 = VERTEX_POINT('',#638);
#638 = CARTESIAN_POINT('',(27.,17.,26.51));
#639 = LINE('',#640,#641);
#640 = CARTESIAN_POINT('',(27.,2.155084337037,11.665084337037));
#641 = VECTOR('',#642,1.);
#642 = DIRECTION('',(-3.889087296526E-16,-0.707106781187,-0.707106781187
    ));
#643 = ORIENTED_EDGE('',*,*,#644,.F.);
#644 = EDGE_CURVE('',#645,#637,#647,.T.);
#645 = VERTEX_POINT('',#646);
#646 = CARTESIAN_POINT('',(27.,-11.9867762,26.51));
#647 = LINE('',#648,#649);
#648 = CARTESIAN_POINT('',(27.,-10.5,26.51));
#649 = VECTOR('',#650,1.);
#650 = DIRECTION('',(0.,1.,0.));
#651 = ORIENTED_EDGE('',*,*,#652,.T.);
#652 = EDGE_CURVE('',#645,#653,#655,.T.);
#653 = VERTEX_POINT('',#654);
#654 = CARTESIAN_POINT('',(27.,-12.88267009283,26.51));
#655 = LINE('',#656,#657);
#656 = CARTESIAN_POINT('',(27.,-18.75932052957,26.51));
#657 = VECTOR('',#658,1.);
#658 = DIRECTION('',(0.,-1.,0.));
#659 = ORIENTED_EDGE('',*,*,#660,.T.);
#660 = EDGE_CURVE('',#653,#169,#661,.T.);
#661 = LINE('',#662,#663);
#662 = CARTESIAN_POINT('',(27.,-12.26582710323,26.92488624152));
#663 = VECTOR('',#664,1.);
#664 = DIRECTION('',(0.,-0.829772483041,-0.558101806473));
#665 = ORIENTED_EDGE('',*,*,#176,.F.);
#666 = ORIENTED_EDGE('',*,*,#384,.F.);
#667 = ORIENTED_EDGE('',*,*,#668,.F.);
#668 = EDGE_CURVE('',#669,#375,#671,.T.);
#669 = VERTEX_POINT('',#670);
#670 = CARTESIAN_POINT('',(27.,-87.5,29.01));
#671 = CIRCLE('',#672,7.);
#672 = AXIS2_PLACEMENT_3D('',#673,#674,#675);
#673 = CARTESIAN_POINT('',(27.,-87.5,22.01));
#674 = DIRECTION('',(1.,0.,-5.5E-16));
#675 = DIRECTION('',(5.5E-16,0.,1.));
#676 = ORIENTED_EDGE('',*,*,#677,.F.);
#677 = EDGE_CURVE('',#678,#669,#680,.T.);
#678 = VERTEX_POINT('',#679);
#679 = CARTESIAN_POINT('',(27.,-81.5,29.01));
#680 = LINE('',#681,#682);
#681 = CARTESIAN_POINT('',(27.,-81.5,29.01));
#682 = VECTOR('',#683,1.);
#683 = DIRECTION('',(-0.,-1.,-0.));
#684 = ORIENTED_EDGE('',*,*,#685,.T.);
#685 = EDGE_CURVE('',#678,#686,#688,.T.);
#686 = VERTEX_POINT('',#687);
#687 = CARTESIAN_POINT('',(27.,-81.5,27.51));
#688 = LINE('',#689,#690);
#689 = CARTESIAN_POINT('',(27.,-81.5,29.51));
#690 = VECTOR('',#691,1.);
#691 = DIRECTION('',(0.,0.,-1.));
#692 = FACE_BOUND('',#693,.T.);
#693 = EDGE_LOOP('',(#694));
#694 = ORIENTED_EDGE('',*,*,#695,.T.);
#695 = EDGE_CURVE('',#696,#696,#698,.T.);
#696 = VERTEX_POINT('',#697);
#697 = CARTESIAN_POINT('',(27.,-86.,22.01));
#698 = CIRCLE('',#699,1.5);
#699 = AXIS2_PLACEMENT_3D('',#700,#701,#702);
#700 = CARTESIAN_POINT('',(27.,-87.5,22.01));
#701 = DIRECTION('',(1.,0.,0.));
#702 = DIRECTION('',(0.,1.,0.));
#703 = PLANE('',#704);
#704 = AXIS2_PLACEMENT_3D('',#705,#706,#707);
#705 = CARTESIAN_POINT('',(27.,-40.27525295915,23.905590307303));
#706 = DIRECTION('',(-1.,0.,5.5E-16));
#707 = DIRECTION('',(-5.5E-16,0.,-1.));
#708 = ADVANCED_FACE('',(#709),#720,.T.);
#709 = FACE_BOUND('',#710,.F.);
#710 = EDGE_LOOP('',(#711,#717,#718,#719));
#711 = ORIENTED_EDGE('',*,*,#712,.F.);
#712 = EDGE_CURVE('',#653,#192,#713,.T.);
#713 = LINE('',#714,#715);
#714 = CARTESIAN_POINT('',(30.637038469654,-6.365868986889,26.51));
#715 = VECTOR('',#716,1.);
#716 = DIRECTION('',(0.487341039432,0.873211721912,0.));
#717 = ORIENTED_EDGE('',*,*,#660,.T.);
#718 = ORIENTED_EDGE('',*,*,#168,.F.);
#719 = ORIENTED_EDGE('',*,*,#191,.F.);
#720 = PLANE('',#721);
#721 = AXIS2_PLACEMENT_3D('',#722,#723,#724);
#722 = CARTESIAN_POINT('',(27.25,-12.12630165161,26.71744312076));
#723 = DIRECTION('',(-0.707106781187,0.394637571949,-0.5867377496));
#724 = DIRECTION('',(2.107893482957E-16,0.829772483041,0.558101806473));
#725 = ADVANCED_FACE('',(#726),#763,.T.);
#726 = FACE_BOUND('',#727,.T.);
#727 = EDGE_LOOP('',(#728,#729,#737,#745,#754,#760,#761,#762));
#728 = ORIENTED_EDGE('',*,*,#644,.T.);
#729 = ORIENTED_EDGE('',*,*,#730,.T.);
#730 = EDGE_CURVE('',#637,#731,#733,.T.);
#731 = VERTEX_POINT('',#732);
#732 = CARTESIAN_POINT('',(29.,17.,26.51));
#733 = LINE('',#734,#735);
#734 = CARTESIAN_POINT('',(27.,17.,26.51));
#735 = VECTOR('',#736,1.);
#736 = DIRECTION('',(1.,0.,0.));
#737 = ORIENTED_EDGE('',*,*,#738,.T.);
#738 = EDGE_CURVE('',#731,#739,#741,.T.);
#739 = VERTEX_POINT('',#740);
#740 = CARTESIAN_POINT('',(29.,1.11803398875,26.51));
#741 = LINE('',#742,#743);
#742 = CARTESIAN_POINT('',(29.,-10.5,26.51));
#743 = VECTOR('',#744,1.);
#744 = DIRECTION('',(8.9E-16,-1.,0.));
#745 = ORIENTED_EDGE('',*,*,#746,.T.);
#746 = EDGE_CURVE('',#739,#747,#749,.T.);
#747 = VERTEX_POINT('',#748);
#748 = CARTESIAN_POINT('',(29.,-1.11803398875,26.51));
#749 = CIRCLE('',#750,1.5);
#750 = AXIS2_PLACEMENT_3D('',#751,#752,#753);
#751 = CARTESIAN_POINT('',(30.,0.,26.51));
#752 = DIRECTION('',(0.,0.,1.));
#753 = DIRECTION('',(1.,0.,0.));
#754 = ORIENTED_EDGE('',*,*,#755,.T.);
#755 = EDGE_CURVE('',#747,#200,#756,.T.);
#756 = LINE('',#757,#758);
#757 = CARTESIAN_POINT('',(29.,-10.5,26.51));
#758 = VECTOR('',#759,1.);
#759 = DIRECTION('',(8.9E-16,-1.,0.));
#760 = ORIENTED_EDGE('',*,*,#199,.F.);
#761 = ORIENTED_EDGE('',*,*,#712,.F.);
#762 = ORIENTED_EDGE('',*,*,#652,.F.);
#763 = PLANE('',#764);
#764 = AXIS2_PLACEMENT_3D('',#765,#766,#767);
#765 = CARTESIAN_POINT('',(28.,2.7566119,26.51));
#766 = DIRECTION('',(-0.,-0.,-1.));
#767 = DIRECTION('',(-1.,0.,0.));
#768 = ADVANCED_FACE('',(#769),#815,.T.);
#769 = FACE_BOUND('',#770,.T.);
#770 = EDGE_LOOP('',(#771,#772,#780,#789,#798,#806,#812,#813,#814));
#771 = ORIENTED_EDGE('',*,*,#231,.T.);
#772 = ORIENTED_EDGE('',*,*,#773,.T.);
#773 = EDGE_CURVE('',#224,#774,#776,.T.);
#774 = VERTEX_POINT('',#775);
#775 = CARTESIAN_POINT('',(41.,-1.11803398875,26.51));
#776 = LINE('',#777,#778);
#777 = CARTESIAN_POINT('',(41.,-10.5,26.51));
#778 = VECTOR('',#779,1.);
#779 = DIRECTION('',(0.,1.,0.));
#780 = ORIENTED_EDGE('',*,*,#781,.T.);
#781 = EDGE_CURVE('',#774,#782,#784,.T.);
#782 = VERTEX_POINT('',#783);
#783 = CARTESIAN_POINT('',(41.5,0.,26.51));
#784 = CIRCLE('',#785,1.5);
#785 = AXIS2_PLACEMENT_3D('',#786,#787,#788);
#786 = CARTESIAN_POINT('',(40.,0.,26.51));
#787 = DIRECTION('',(0.,0.,1.));
#788 = DIRECTION('',(1.,0.,0.));
#789 = ORIENTED_EDGE('',*,*,#790,.T.);
#790 = EDGE_CURVE('',#782,#791,#793,.T.);
#791 = VERTEX_POINT('',#792);
#792 = CARTESIAN_POINT('',(41.,1.11803398875,26.51));
#793 = CIRCLE('',#794,1.5);
#794 = AXIS2_PLACEMENT_3D('',#795,#796,#797);
#795 = CARTESIAN_POINT('',(40.,0.,26.51));
#796 = DIRECTION('',(0.,0.,1.));
#797 = DIRECTION('',(1.,0.,0.));
#798 = ORIENTED_EDGE('',*,*,#799,.T.);
#799 = EDGE_CURVE('',#791,#800,#802,.T.);
#800 = VERTEX_POINT('',#801);
#801 = CARTESIAN_POINT('',(41.,17.,26.51));
#802 = LINE('',#803,#804);
#803 = CARTESIAN_POINT('',(41.,-10.5,26.51));
#804 = VECTOR('',#805,1.);
#805 = DIRECTION('',(0.,1.,0.));
#806 = ORIENTED_EDGE('',*,*,#807,.T.);
#807 = EDGE_CURVE('',#800,#457,#808,.T.);
#808 = LINE('',#809,#810);
#809 = CARTESIAN_POINT('',(41.,17.,26.51));
#810 = VECTOR('',#811,1.);
#811 = DIRECTION('',(1.,0.,0.));
#812 = ORIENTED_EDGE('',*,*,#456,.T.);
#813 = ORIENTED_EDGE('',*,*,#569,.T.);
#814 = ORIENTED_EDGE('',*,*,#434,.F.);
#815 = PLANE('',#816);
#816 = AXIS2_PLACEMENT_3D('',#817,#818,#819);
#817 = CARTESIAN_POINT('',(42.,2.7566119,26.51));
#818 = DIRECTION('',(-0.,-0.,-1.));
#819 = DIRECTION('',(-1.,0.,0.));
#820 = ADVANCED_FACE('',(#821),#839,.T.);
#821 = FACE_BOUND('',#822,.T.);
#822 = EDGE_LOOP('',(#823,#824,#832,#838));
#823 = ORIENTED_EDGE('',*,*,#755,.F.);
#824 = ORIENTED_EDGE('',*,*,#825,.T.);
#825 = EDGE_CURVE('',#747,#826,#828,.T.);
#826 = VERTEX_POINT('',#827);
#827 = CARTESIAN_POINT('',(29.,-1.11803398875,27.51));
#828 = LINE('',#829,#830);
#829 = CARTESIAN_POINT('',(29.,-1.11803398875,29.51));
#830 = VECTOR('',#831,1.);
#831 = DIRECTION('',(0.,0.,1.));
#832 = ORIENTED_EDGE('',*,*,#833,.F.);
#833 = EDGE_CURVE('',#208,#826,#834,.T.);
#834 = LINE('',#835,#836);
#835 = CARTESIAN_POINT('',(29.,-10.5,27.51));
#836 = VECTOR('',#837,1.);
#837 = DIRECTION('',(0.,1.,0.));
#838 = ORIENTED_EDGE('',*,*,#207,.T.);
#839 = PLANE('',#840);
#840 = AXIS2_PLACEMENT_3D('',#841,#842,#843);
#841 = CARTESIAN_POINT('',(29.,2.930359003582,26.997667455048));
#842 = DIRECTION('',(1.,0.,0.));
#843 = DIRECTION('',(0.,0.,1.));
#844 = ADVANCED_FACE('',(#845),#863,.T.);
#845 = FACE_BOUND('',#846,.T.);
#846 = EDGE_LOOP('',(#847,#848,#856,#862));
#847 = ORIENTED_EDGE('',*,*,#223,.F.);
#848 = ORIENTED_EDGE('',*,*,#849,.T.);
#849 = EDGE_CURVE('',#216,#850,#852,.T.);
#850 = VERTEX_POINT('',#851);
#851 = CARTESIAN_POINT('',(41.,-1.11803398875,27.51));
#852 = LINE('',#853,#854);
#853 = CARTESIAN_POINT('',(41.,-10.5,27.51));
#854 = VECTOR('',#855,1.);
#855 = DIRECTION('',(0.,1.,0.));
#856 = ORIENTED_EDGE('',*,*,#857,.F.);
#857 = EDGE_CURVE('',#774,#850,#858,.T.);
#858 = LINE('',#859,#860);
#859 = CARTESIAN_POINT('',(41.,-1.11803398875,29.51));
#860 = VECTOR('',#861,1.);
#861 = DIRECTION('',(0.,0.,1.));
#862 = ORIENTED_EDGE('',*,*,#773,.F.);
#863 = PLANE('',#864);
#864 = AXIS2_PLACEMENT_3D('',#865,#866,#867);
#865 = CARTESIAN_POINT('',(41.,2.930359003582,26.997667455048));
#866 = DIRECTION('',(-1.,-0.,-0.));
#867 = DIRECTION('',(0.,0.,-1.));
#868 = ADVANCED_FACE('',(#869,#923),#934,.T.);
#869 = FACE_BOUND('',#870,.T.);
#870 = EDGE_LOOP('',(#871,#881,#888,#889,#890,#891,#900,#909,#917));
#871 = ORIENTED_EDGE('',*,*,#872,.F.);
#872 = EDGE_CURVE('',#873,#875,#877,.T.);
#873 = VERTEX_POINT('',#874);
#874 = CARTESIAN_POINT('',(41.,1.11803398875,27.51));
#875 = VERTEX_POINT('',#876);
#876 = CARTESIAN_POINT('',(41.,17.,27.51));
#877 = LINE('',#878,#879);
#878 = CARTESIAN_POINT('',(41.,-10.5,27.51));
#879 = VECTOR('',#880,1.);
#880 = DIRECTION('',(0.,1.,0.));
#881 = ORIENTED_EDGE('',*,*,#882,.T.);
#882 = EDGE_CURVE('',#873,#850,#883,.T.);
#883 = CIRCLE('',#884,1.5);
#884 = AXIS2_PLACEMENT_3D('',#885,#886,#887);
#885 = CARTESIAN_POINT('',(40.,0.,27.51));
#886 = DIRECTION('',(0.,0.,1.));
#887 = DIRECTION('',(1.,0.,0.));
#888 = ORIENTED_EDGE('',*,*,#849,.F.);
#889 = ORIENTED_EDGE('',*,*,#215,.F.);
#890 = ORIENTED_EDGE('',*,*,#833,.T.);
#891 = ORIENTED_EDGE('',*,*,#892,.T.);
#892 = EDGE_CURVE('',#826,#893,#895,.T.);
#893 = VERTEX_POINT('',#894);
#894 = CARTESIAN_POINT('',(31.5,0.,27.51));
#895 = CIRCLE('',#896,1.5);
#896 = AXIS2_PLACEMENT_3D('',#897,#898,#899);
#897 = CARTESIAN_POINT('',(30.,0.,27.51));
#898 = DIRECTION('',(0.,0.,1.));
#899 = DIRECTION('',(1.,0.,0.));
#900 = ORIENTED_EDGE('',*,*,#901,.T.);
#901 = EDGE_CURVE('',#893,#902,#904,.T.);
#902 = VERTEX_POINT('',#903);
#903 = CARTESIAN_POINT('',(29.,1.11803398875,27.51));
#904 = CIRCLE('',#905,1.5);
#905 = AXIS2_PLACEMENT_3D('',#906,#907,#908);
#906 = CARTESIAN_POINT('',(30.,0.,27.51));
#907 = DIRECTION('',(0.,0.,1.));
#908 = DIRECTION('',(1.,0.,0.));
#909 = ORIENTED_EDGE('',*,*,#910,.T.);
#910 = EDGE_CURVE('',#902,#911,#913,.T.);
#911 = VERTEX_POINT('',#912);
#912 = CARTESIAN_POINT('',(29.,17.,27.51));
#913 = LINE('',#914,#915);
#914 = CARTESIAN_POINT('',(29.,-10.5,27.51));
#915 = VECTOR('',#916,1.);
#916 = DIRECTION('',(0.,1.,0.));
#917 = ORIENTED_EDGE('',*,*,#918,.F.);
#918 = EDGE_CURVE('',#875,#911,#919,.T.);
#919 = LINE('',#920,#921);
#920 = CARTESIAN_POINT('',(41.,17.,27.51));
#921 = VECTOR('',#922,1.);
#922 = DIRECTION('',(-1.,-0.,-0.));
#923 = FACE_BOUND('',#924,.T.);
#924 = EDGE_LOOP('',(#925));
#925 = ORIENTED_EDGE('',*,*,#926,.T.);
#926 = EDGE_CURVE('',#927,#927,#929,.T.);
#927 = VERTEX_POINT('',#928);
#928 = CARTESIAN_POINT('',(36.5,11.5,27.51));
#929 = CIRCLE('',#930,1.5);
#930 = AXIS2_PLACEMENT_3D('',#931,#932,#933);
#931 = CARTESIAN_POINT('',(35.,11.5,27.51));
#932 = DIRECTION('',(0.,0.,1.));
#933 = DIRECTION('',(1.,0.,0.));
#934 = PLANE('',#935);
#935 = AXIS2_PLACEMENT_3D('',#936,#937,#938);
#936 = CARTESIAN_POINT('',(35.,-33.70527545533,27.51));
#937 = DIRECTION('',(-0.,-0.,-1.));
#938 = DIRECTION('',(-1.,0.,0.));
#939 = ADVANCED_FACE('',(#940),#946,.F.);
#940 = FACE_BOUND('',#941,.T.);
#941 = EDGE_LOOP('',(#942,#943,#944,#945));
#942 = ORIENTED_EDGE('',*,*,#333,.T.);
#943 = ORIENTED_EDGE('',*,*,#316,.T.);
#944 = ORIENTED_EDGE('',*,*,#292,.T.);
#945 = ORIENTED_EDGE('',*,*,#261,.T.);
#946 = PLANE('',#947);
#947 = AXIS2_PLACEMENT_3D('',#948,#949,#950);
#948 = CARTESIAN_POINT('',(35.,-52.75964638582,20.51));
#949 = DIRECTION('',(0.,0.,1.));
#950 = DIRECTION('',(1.,0.,0.));
#951 = ADVANCED_FACE('',(#952),#963,.T.);
#952 = FACE_BOUND('',#953,.F.);
#953 = EDGE_LOOP('',(#954,#955,#956,#962));
#954 = ORIENTED_EDGE('',*,*,#351,.F.);
#955 = ORIENTED_EDGE('',*,*,#417,.T.);
#956 = ORIENTED_EDGE('',*,*,#957,.T.);
#957 = EDGE_CURVE('',#410,#552,#958,.T.);
#958 = LINE('',#959,#960);
#959 = CARTESIAN_POINT('',(42.5,-87.5,29.51));
#960 = VECTOR('',#961,1.);
#961 = DIRECTION('',(0.707106781187,3.814786516694E-16,-0.707106781187)
  );
#962 = ORIENTED_EDGE('',*,*,#559,.F.);
#963 = CONICAL_SURFACE('',#964,7.5,0.785398163397);
#964 = AXIS2_PLACEMENT_3D('',#965,#966,#967);
#965 = CARTESIAN_POINT('',(42.5,-87.5,22.01));
#966 = DIRECTION('',(-1.,-0.,-0.));
#967 = DIRECTION('',(0.,0.699854212224,-0.714285714286));
#968 = ADVANCED_FACE('',(#969),#980,.T.);
#969 = FACE_BOUND('',#970,.F.);
#970 = EDGE_LOOP('',(#971,#977,#978,#979));
#971 = ORIENTED_EDGE('',*,*,#972,.F.);
#972 = EDGE_CURVE('',#401,#669,#973,.T.);
#973 = LINE('',#974,#975);
#974 = CARTESIAN_POINT('',(27.25,-87.5,29.26));
#975 = VECTOR('',#976,1.);
#976 = DIRECTION('',(-0.707106781187,-2.90882763039E-35,-0.707106781187)
  );
#977 = ORIENTED_EDGE('',*,*,#400,.T.);
#978 = ORIENTED_EDGE('',*,*,#374,.T.);
#979 = ORIENTED_EDGE('',*,*,#668,.F.);
#980 = CONICAL_SURFACE('',#981,7.5,0.785398163397);
#981 = AXIS2_PLACEMENT_3D('',#982,#983,#984);
#982 = CARTESIAN_POINT('',(27.5,-87.5,22.01));
#983 = DIRECTION('',(1.,-0.,-5.5E-16));
#984 = DIRECTION('',(5.5E-16,0.,1.));
#985 = ADVANCED_FACE('',(#986,#1088,#1099,#1110),#1121,.T.);
#986 = FACE_BOUND('',#987,.T.);
#987 = EDGE_LOOP('',(#988,#989,#997,#1006,#1018,#1026,#1035,#1043,#1052,
    #1060,#1073,#1082));
#988 = ORIENTED_EDGE('',*,*,#409,.T.);
#989 = ORIENTED_EDGE('',*,*,#990,.T.);
#990 = EDGE_CURVE('',#410,#991,#993,.T.);
#991 = VERTEX_POINT('',#992);
#992 = CARTESIAN_POINT('',(42.5,-81.5,29.51));
#993 = LINE('',#994,#995);
#994 = CARTESIAN_POINT('',(42.5,-87.5,29.51));
#995 = VECTOR('',#996,1.);
#996 = DIRECTION('',(0.,1.,0.));
#997 = ORIENTED_EDGE('',*,*,#998,.T.);
#998 = EDGE_CURVE('',#991,#999,#1001,.T.);
#999 = VERTEX_POINT('',#1000);
#1000 = CARTESIAN_POINT('',(46.4375,-77.03529466257,29.51));
#1001 = CIRCLE('',#1002,4.5);
#1002 = AXIS2_PLACEMENT_3D('',#1003,#1004,#1005);
#1003 = CARTESIAN_POINT('',(47.,-81.5,29.51));
#1004 = DIRECTION('',(0.,0.,-1.));
#1005 = DIRECTION('',(-1.,0.,0.));
#1006 = ORIENTED_EDGE('',*,*,#1007,.T.);
#1007 = EDGE_CURVE('',#999,#1008,#1010,.T.);
#1008 = VERTEX_POINT('',#1009);
#1009 = CARTESIAN_POINT('',(49.5,-73.5627460668,29.51));
#1010 = B_SPLINE_CURVE_WITH_KNOTS('',6,(#1011,#1012,#1013,#1014,#1015,
    #1016,#1017),.UNSPECIFIED.,.F.,.F.,(7,7),(98.26711807584,
    104.04899205633),.PIECEWISE_BEZIER_KNOTS.);
#1011 = CARTESIAN_POINT('',(46.4375,-77.03529466257,29.51));
#1012 = CARTESIAN_POINT('',(47.265596797795,-76.93096427265,29.51));
#1013 = CARTESIAN_POINT('',(48.075031143752,-76.58825260488,29.51));
#1014 = CARTESIAN_POINT('',(48.771271657374,-76.00684642327,29.51));
#1015 = CARTESIAN_POINT('',(49.261185355288,-75.2432845266,29.51));
#1016 = CARTESIAN_POINT('',(49.5,-74.39739130281,29.51));
#1017 = CARTESIAN_POINT('',(49.5,-73.5627460668,29.51));
#1018 = ORIENTED_EDGE('',*,*,#1019,.T.);
#1019 = EDGE_CURVE('',#1008,#1020,#1022,.T.);
#1020 = VERTEX_POINT('',#1021);
#1021 = CARTESIAN_POINT('',(49.5,13.5,29.51));
#1022 = LINE('',#1023,#1024);
#1023 = CARTESIAN_POINT('',(49.5,-73.5627460668,29.51));
#1024 = VECTOR('',#1025,1.);
#1025 = DIRECTION('',(0.,1.,0.));
#1026 = ORIENTED_EDGE('',*,*,#1027,.T.);
#1027 = EDGE_CURVE('',#1020,#1028,#1030,.T.);
#1028 = VERTEX_POINT('',#1029);
#1029 = CARTESIAN_POINT('',(46.,17.,29.51));
#1030 = CIRCLE('',#1031,3.5);
#1031 = AXIS2_PLACEMENT_3D('',#1032,#1033,#1034);
#1032 = CARTESIAN_POINT('',(46.,13.5,29.51));
#1033 = DIRECTION('',(0.,0.,1.));
#1034 = DIRECTION('',(1.,0.,0.));
#1035 = ORIENTED_EDGE('',*,*,#1036,.T.);
#1036 = EDGE_CURVE('',#1028,#1037,#1039,.T.);
#1037 = VERTEX_POINT('',#1038);
#1038 = CARTESIAN_POINT('',(24.,17.,29.51));
#1039 = LINE('',#1040,#1041);
#1040 = CARTESIAN_POINT('',(46.,17.,29.51));
#1041 = VECTOR('',#1042,1.);
#1042 = DIRECTION('',(-1.,-0.,-0.));
#1043 = ORIENTED_EDGE('',*,*,#1044,.T.);
#1044 = EDGE_CURVE('',#1037,#1045,#1047,.T.);
#1045 = VERTEX_POINT('',#1046);
#1046 = CARTESIAN_POINT('',(20.5,13.5,29.51));
#1047 = CIRCLE('',#1048,3.5);
#1048 = AXIS2_PLACEMENT_3D('',#1049,#1050,#1051);
#1049 = CARTESIAN_POINT('',(24.,13.5,29.51));
#1050 = DIRECTION('',(0.,-0.,1.));
#1051 = DIRECTION('',(0.,1.,0.));
#1052 = ORIENTED_EDGE('',*,*,#1053,.T.);
#1053 = EDGE_CURVE('',#1045,#1054,#1056,.T.);
#1054 = VERTEX_POINT('',#1055);
#1055 = CARTESIAN_POINT('',(20.5,-73.5627460668,29.51));
#1056 = LINE('',#1057,#1058);
#1057 = CARTESIAN_POINT('',(20.5,13.5,29.51));
#1058 = VECTOR('',#1059,1.);
#1059 = DIRECTION('',(0.,-1.,0.));
#1060 = ORIENTED_EDGE('',*,*,#1061,.T.);
#1061 = EDGE_CURVE('',#1054,#1062,#1064,.T.);
#1062 = VERTEX_POINT('',#1063);
#1063 = CARTESIAN_POINT('',(23.5625,-77.03529466257,29.51));
#1064 = B_SPLINE_CURVE_WITH_KNOTS('',7,(#1065,#1066,#1067,#1068,#1069,
    #1070,#1071,#1072),.UNSPECIFIED.,.F.,.F.,(8,8),(312.7408548043,
    318.52272878479),.PIECEWISE_BEZIER_KNOTS.);
#1065 = CARTESIAN_POINT('',(20.5,-73.5627460668,29.51));
#1066 = CARTESIAN_POINT('',(20.5,-74.27815485011,29.51));
#1067 = CARTESIAN_POINT('',(20.670630467486,-75.00164930787,
    29.510000000001));
#1068 = CARTESIAN_POINT('',(21.018637124531,-75.67948763165,
    29.509999999999));
#1069 = CARTESIAN_POINT('',(21.527260819857,-76.25614612846,
    29.510000000001));
#1070 = CARTESIAN_POINT('',(22.156196262066,-76.6861327381,29.51));
#1071 = CARTESIAN_POINT('',(22.852699512188,-76.9458682068,29.51));
#1072 = CARTESIAN_POINT('',(23.5625,-77.03529466257,29.51));
#1073 = ORIENTED_EDGE('',*,*,#1074,.T.);
#1074 = EDGE_CURVE('',#1062,#1075,#1077,.T.);
#1075 = VERTEX_POINT('',#1076);
#1076 = CARTESIAN_POINT('',(27.5,-81.5,29.51));
#1077 = CIRCLE('',#1078,4.5);
#1078 = AXIS2_PLACEMENT_3D('',#1079,#1080,#1081);
#1079 = CARTESIAN_POINT('',(23.,-81.5,29.51));
#1080 = DIRECTION('',(0.,0.,-1.));
#1081 = DIRECTION('',(0.125,0.992156741649,0.));
#1082 = ORIENTED_EDGE('',*,*,#1083,.T.);
#1083 = EDGE_CURVE('',#1075,#401,#1084,.T.);
#1084 = LINE('',#1085,#1086);
#1085 = CARTESIAN_POINT('',(27.5,-81.5,29.51));
#1086 = VECTOR('',#1087,1.);
#1087 = DIRECTION('',(-0.,-1.,-0.));
#1088 = FACE_BOUND('',#1089,.T.);
#1089 = EDGE_LOOP('',(#1090));
#1090 = ORIENTED_EDGE('',*,*,#1091,.F.);
#1091 = EDGE_CURVE('',#1092,#1092,#1094,.T.);
#1092 = VERTEX_POINT('',#1093);
#1093 = CARTESIAN_POINT('',(31.5,0.,29.51));
#1094 = CIRCLE('',#1095,1.5);
#1095 = AXIS2_PLACEMENT_3D('',#1096,#1097,#1098);
#1096 = CARTESIAN_POINT('',(30.,0.,29.51));
#1097 = DIRECTION('',(0.,0.,1.));
#1098 = DIRECTION('',(1.,0.,0.));
#1099 = FACE_BOUND('',#1100,.T.);
#1100 = EDGE_LOOP('',(#1101));
#1101 = ORIENTED_EDGE('',*,*,#1102,.F.);
#1102 = EDGE_CURVE('',#1103,#1103,#1105,.T.);
#1103 = VERTEX_POINT('',#1104);
#1104 = CARTESIAN_POINT('',(41.5,0.,29.51));
#1105 = CIRCLE('',#1106,1.5);
#1106 = AXIS2_PLACEMENT_3D('',#1107,#1108,#1109);
#1107 = CARTESIAN_POINT('',(40.,0.,29.51));
#1108 = DIRECTION('',(0.,0.,1.));
#1109 = DIRECTION('',(1.,0.,0.));
#1110 = FACE_BOUND('',#1111,.T.);
#1111 = EDGE_LOOP('',(#1112));
#1112 = ORIENTED_EDGE('',*,*,#1113,.F.);
#1113 = EDGE_CURVE('',#1114,#1114,#1116,.T.);
#1114 = VERTEX_POINT('',#1115);
#1115 = CARTESIAN_POINT('',(36.5,11.5,29.51));
#1116 = CIRCLE('',#1117,1.5);
#1117 = AXIS2_PLACEMENT_3D('',#1118,#1119,#1120);
#1118 = CARTESIAN_POINT('',(35.,11.5,29.51));
#1119 = DIRECTION('',(0.,0.,1.));
#1120 = DIRECTION('',(1.,0.,0.));
#1121 = PLANE('',#1122);
#1122 = AXIS2_PLACEMENT_3D('',#1123,#1124,#1125);
#1123 = CARTESIAN_POINT('',(35.,-34.48148148148,29.51));
#1124 = DIRECTION('',(0.,0.,1.));
#1125 = DIRECTION('',(1.,0.,0.));
#1126 = ADVANCED_FACE('',(#1127),#1145,.T.);
#1127 = FACE_BOUND('',#1128,.T.);
#1128 = EDGE_LOOP('',(#1129,#1137,#1143,#1144));
#1129 = ORIENTED_EDGE('',*,*,#1130,.F.);
#1130 = EDGE_CURVE('',#1131,#800,#1133,.T.);
#1131 = VERTEX_POINT('',#1132);
#1132 = CARTESIAN_POINT('',(41.,17.5,27.01));
#1133 = LINE('',#1134,#1135);
#1134 = CARTESIAN_POINT('',(41.,13.729506614657,23.239506614657));
#1135 = VECTOR('',#1136,1.);
#1136 = DIRECTION('',(0.,-0.707106781187,-0.707106781187));
#1137 = ORIENTED_EDGE('',*,*,#1138,.T.);
#1138 = EDGE_CURVE('',#1131,#467,#1139,.T.);
#1139 = LINE('',#1140,#1141);
#1140 = CARTESIAN_POINT('',(41.,17.5,27.01));
#1141 = VECTOR('',#1142,1.);
#1142 = DIRECTION('',(1.,0.,0.));
#1143 = ORIENTED_EDGE('',*,*,#466,.T.);
#1144 = ORIENTED_EDGE('',*,*,#807,.F.);
#1145 = PLANE('',#1146);
#1146 = AXIS2_PLACEMENT_3D('',#1147,#1148,#1149);
#1147 = CARTESIAN_POINT('',(41.,17.25,26.76));
#1148 = DIRECTION('',(1.889513820523E-18,0.707106781187,-0.707106781187)
  );
#1149 = DIRECTION('',(1.,-1.336088035637E-18,1.336088035637E-18));
#1150 = ADVANCED_FACE('',(#1151),#1242,.T.);
#1151 = FACE_BOUND('',#1152,.T.);
#1152 = EDGE_LOOP('',(#1153,#1163,#1169,#1170,#1171,#1172,#1180,#1188,
    #1196,#1204,#1212,#1218,#1219,#1220,#1228,#1236));
#1153 = ORIENTED_EDGE('',*,*,#1154,.F.);
#1154 = EDGE_CURVE('',#1155,#1157,#1159,.T.);
#1155 = VERTEX_POINT('',#1156);
#1156 = CARTESIAN_POINT('',(46.,17.5,28.01));
#1157 = VERTEX_POINT('',#1158);
#1158 = CARTESIAN_POINT('',(46.,17.5,29.01));
#1159 = LINE('',#1160,#1161);
#1160 = CARTESIAN_POINT('',(46.,17.5,27.51));
#1161 = VECTOR('',#1162,1.);
#1162 = DIRECTION('',(0.,0.,1.));
#1163 = ORIENTED_EDGE('',*,*,#1164,.T.);
#1164 = EDGE_CURVE('',#1155,#483,#1165,.T.);
#1165 = LINE('',#1166,#1167);
#1166 = CARTESIAN_POINT('',(46.,17.5,28.01));
#1167 = VECTOR('',#1168,1.);
#1168 = DIRECTION('',(-1.,-0.,-0.));
#1169 = ORIENTED_EDGE('',*,*,#482,.F.);
#1170 = ORIENTED_EDGE('',*,*,#474,.T.);
#1171 = ORIENTED_EDGE('',*,*,#1138,.F.);
#1172 = ORIENTED_EDGE('',*,*,#1173,.F.);
#1173 = EDGE_CURVE('',#1174,#1131,#1176,.T.);
#1174 = VERTEX_POINT('',#1175);
#1175 = CARTESIAN_POINT('',(41.,17.5,27.51));
#1176 = LINE('',#1177,#1178);
#1177 = CARTESIAN_POINT('',(41.,17.5,27.51));
#1178 = VECTOR('',#1179,1.);
#1179 = DIRECTION('',(0.,0.,-1.));
#1180 = ORIENTED_EDGE('',*,*,#1181,.T.);
#1181 = EDGE_CURVE('',#1174,#1182,#1184,.T.);
#1182 = VERTEX_POINT('',#1183);
#1183 = CARTESIAN_POINT('',(41.,17.5,28.01));
#1184 = LINE('',#1185,#1186);
#1185 = CARTESIAN_POINT('',(41.,17.5,27.65767988137));
#1186 = VECTOR('',#1187,1.);
#1187 = DIRECTION('',(0.,0.,1.));
#1188 = ORIENTED_EDGE('',*,*,#1189,.T.);
#1189 = EDGE_CURVE('',#1182,#1190,#1192,.T.);
#1190 = VERTEX_POINT('',#1191);
#1191 = CARTESIAN_POINT('',(29.,17.5,28.01));
#1192 = LINE('',#1193,#1194);
#1193 = CARTESIAN_POINT('',(41.,17.5,28.01));
#1194 = VECTOR('',#1195,1.);
#1195 = DIRECTION('',(-1.,-0.,-0.));
#1196 = ORIENTED_EDGE('',*,*,#1197,.F.);
#1197 = EDGE_CURVE('',#1198,#1190,#1200,.T.);
#1198 = VERTEX_POINT('',#1199);
#1199 = CARTESIAN_POINT('',(29.,17.5,27.51));
#1200 = LINE('',#1201,#1202);
#1201 = CARTESIAN_POINT('',(29.,17.5,27.65767988137));
#1202 = VECTOR('',#1203,1.);
#1203 = DIRECTION('',(0.,0.,1.));
#1204 = ORIENTED_EDGE('',*,*,#1205,.T.);
#1205 = EDGE_CURVE('',#1198,#1206,#1208,.T.);
#1206 = VERTEX_POINT('',#1207);
#1207 = CARTESIAN_POINT('',(29.,17.5,27.01));
#1208 = LINE('',#1209,#1210);
#1209 = CARTESIAN_POINT('',(29.,17.5,27.51));
#1210 = VECTOR('',#1211,1.);
#1211 = DIRECTION('',(0.,0.,-1.));
#1212 = ORIENTED_EDGE('',*,*,#1213,.F.);
#1213 = EDGE_CURVE('',#629,#1206,#1214,.T.);
#1214 = LINE('',#1215,#1216);
#1215 = CARTESIAN_POINT('',(27.,17.5,27.01));
#1216 = VECTOR('',#1217,1.);
#1217 = DIRECTION('',(1.,0.,0.));
#1218 = ORIENTED_EDGE('',*,*,#628,.F.);
#1219 = ORIENTED_EDGE('',*,*,#620,.T.);
#1220 = ORIENTED_EDGE('',*,*,#1221,.F.);
#1221 = EDGE_CURVE('',#1222,#613,#1224,.T.);
#1222 = VERTEX_POINT('',#1223);
#1223 = CARTESIAN_POINT('',(24.,17.5,28.01));
#1224 = LINE('',#1225,#1226);
#1225 = CARTESIAN_POINT('',(24.,17.5,28.01));
#1226 = VECTOR('',#1227,1.);
#1227 = DIRECTION('',(1.,0.,0.));
#1228 = ORIENTED_EDGE('',*,*,#1229,.T.);
#1229 = EDGE_CURVE('',#1222,#1230,#1232,.T.);
#1230 = VERTEX_POINT('',#1231);
#1231 = CARTESIAN_POINT('',(24.,17.5,29.01));
#1232 = LINE('',#1233,#1234);
#1233 = CARTESIAN_POINT('',(24.,17.5,27.51));
#1234 = VECTOR('',#1235,1.);
#1235 = DIRECTION('',(0.,0.,1.));
#1236 = ORIENTED_EDGE('',*,*,#1237,.F.);
#1237 = EDGE_CURVE('',#1157,#1230,#1238,.T.);
#1238 = LINE('',#1239,#1240);
#1239 = CARTESIAN_POINT('',(46.,17.5,29.01));
#1240 = VECTOR('',#1241,1.);
#1241 = DIRECTION('',(-1.,-0.,-0.));
#1242 = PLANE('',#1243);
#1243 = AXIS2_PLACEMENT_3D('',#1244,#1245,#1246);
#1244 = CARTESIAN_POINT('',(35.,17.5,28.317692307692));
#1245 = DIRECTION('',(0.,1.,0.));
#1246 = DIRECTION('',(0.,0.,1.));
#1247 = ADVANCED_FACE('',(#1248),#1266,.T.);
#1248 = FACE_BOUND('',#1249,.T.);
#1249 = EDGE_LOOP('',(#1250,#1258,#1264,#1265));
#1250 = ORIENTED_EDGE('',*,*,#1251,.F.);
#1251 = EDGE_CURVE('',#1252,#1155,#1254,.T.);
#1252 = VERTEX_POINT('',#1253);
#1253 = CARTESIAN_POINT('',(46.,17.,27.51));
#1254 = LINE('',#1255,#1256);
#1255 = CARTESIAN_POINT('',(46.,17.5,28.01));
#1256 = VECTOR('',#1257,1.);
#1257 = DIRECTION('',(4.329780281177E-17,0.707106781187,0.707106781187)
  );
#1258 = ORIENTED_EDGE('',*,*,#1259,.T.);
#1259 = EDGE_CURVE('',#1252,#491,#1260,.T.);
#1260 = LINE('',#1261,#1262);
#1261 = CARTESIAN_POINT('',(46.,17.,27.51));
#1262 = VECTOR('',#1263,1.);
#1263 = DIRECTION('',(-1.,-0.,-0.));
#1264 = ORIENTED_EDGE('',*,*,#490,.T.);
#1265 = ORIENTED_EDGE('',*,*,#1164,.F.);
#1266 = PLANE('',#1267);
#1267 = AXIS2_PLACEMENT_3D('',#1268,#1269,#1270);
#1268 = CARTESIAN_POINT('',(46.,17.25,27.76));
#1269 = DIRECTION('',(1.889513820523E-18,0.707106781187,-0.707106781187)
  );
#1270 = DIRECTION('',(-1.,1.336088035637E-18,-1.336088035637E-18));
#1271 = ADVANCED_FACE('',(#1272),#1312,.T.);
#1272 = FACE_BOUND('',#1273,.T.);
#1273 = EDGE_LOOP('',(#1274,#1275,#1276,#1285,#1293,#1305));
#1274 = ORIENTED_EDGE('',*,*,#498,.F.);
#1275 = ORIENTED_EDGE('',*,*,#1259,.F.);
#1276 = ORIENTED_EDGE('',*,*,#1277,.F.);
#1277 = EDGE_CURVE('',#1278,#1252,#1280,.T.);
#1278 = VERTEX_POINT('',#1279);
#1279 = CARTESIAN_POINT('',(49.5,13.5,27.51));
#1280 = CIRCLE('',#1281,3.5);
#1281 = AXIS2_PLACEMENT_3D('',#1282,#1283,#1284);
#1282 = CARTESIAN_POINT('',(46.,13.5,27.51));
#1283 = DIRECTION('',(0.,0.,1.));
#1284 = DIRECTION('',(1.,0.,0.));
#1285 = ORIENTED_EDGE('',*,*,#1286,.F.);
#1286 = EDGE_CURVE('',#1287,#1278,#1289,.T.);
#1287 = VERTEX_POINT('',#1288);
#1288 = CARTESIAN_POINT('',(49.5,-73.5627460668,27.51));
#1289 = LINE('',#1290,#1291);
#1290 = CARTESIAN_POINT('',(49.5,-73.5627460668,27.51));
#1291 = VECTOR('',#1292,1.);
#1292 = DIRECTION('',(0.,1.,0.));
#1293 = ORIENTED_EDGE('',*,*,#1294,.F.);
#1294 = EDGE_CURVE('',#1295,#1287,#1297,.T.);
#1295 = VERTEX_POINT('',#1296);
#1296 = CARTESIAN_POINT('',(46.4375,-77.03529466257,27.51));
#1297 = B_SPLINE_CURVE_WITH_KNOTS('',6,(#1298,#1299,#1300,#1301,#1302,
    #1303,#1304),.UNSPECIFIED.,.F.,.F.,(7,7),(5.781873982507,
    11.563747962999),.PIECEWISE_BEZIER_KNOTS.);
#1298 = CARTESIAN_POINT('',(46.4375,-77.03529466257,27.51));
#1299 = CARTESIAN_POINT('',(47.265596797796,-76.93096427265,27.51));
#1300 = CARTESIAN_POINT('',(48.075031143752,-76.58825260488,27.51));
#1301 = CARTESIAN_POINT('',(48.771271657375,-76.00684642327,27.51));
#1302 = CARTESIAN_POINT('',(49.261185355289,-75.24328452659,27.51));
#1303 = CARTESIAN_POINT('',(49.5,-74.39739130281,27.51));
#1304 = CARTESIAN_POINT('',(49.5,-73.5627460668,27.51));
#1305 = ORIENTED_EDGE('',*,*,#1306,.F.);
#1306 = EDGE_CURVE('',#499,#1295,#1307,.T.);
#1307 = CIRCLE('',#1308,4.5);
#1308 = AXIS2_PLACEMENT_3D('',#1309,#1310,#1311);
#1309 = CARTESIAN_POINT('',(47.,-81.5,27.51));
#1310 = DIRECTION('',(0.,0.,-1.));
#1311 = DIRECTION('',(-1.,0.,0.));
#1312 = PLANE('',#1313);
#1313 = AXIS2_PLACEMENT_3D('',#1314,#1315,#1316);
#1314 = CARTESIAN_POINT('',(35.,-33.70527545533,27.51));
#1315 = DIRECTION('',(-0.,-0.,-1.));
#1316 = DIRECTION('',(-1.,0.,0.));
#1317 = ADVANCED_FACE('',(#1318),#1327,.F.);
#1318 = FACE_BOUND('',#1319,.F.);
#1319 = EDGE_LOOP('',(#1320,#1325,#1326));
#1320 = ORIENTED_EDGE('',*,*,#1321,.F.);
#1321 = EDGE_CURVE('',#499,#534,#1322,.T.);
#1322 = B_SPLINE_CURVE_WITH_KNOTS('',1,(#1323,#1324),.UNSPECIFIED.,.F.,
  .F.,(2,2),(0.,1.903528998642),.PIECEWISE_BEZIER_KNOTS.);
#1323 = CARTESIAN_POINT('',(43.,-79.43844718719,27.51));
#1324 = CARTESIAN_POINT('',(43.444444444444,-79.66750861083,28.01));
#1325 = ORIENTED_EDGE('',*,*,#506,.T.);
#1326 = ORIENTED_EDGE('',*,*,#533,.T.);
#1327 = B_SPLINE_SURFACE_WITH_KNOTS('',1,4,(
    (#1328,#1329,#1330,#1331,#1332)
    ,(#1333,#1334,#1335,#1336,#1337
    )),.UNSPECIFIED.,.F.,.F.,.F.,(2,2),(5,5),(0.,1.903528998642),(
    -2.77139014386E-13,1.903528998642),.PIECEWISE_BEZIER_KNOTS.);
#1328 = CARTESIAN_POINT('',(42.5,-81.49999999999,27.51));
#1329 = CARTESIAN_POINT('',(42.500000000001,-80.96463247104,27.51));
#1330 = CARTESIAN_POINT('',(42.584939213511,-80.42919041092,27.51));
#1331 = CARTESIAN_POINT('',(42.754735903293,-79.91432943513,27.51));
#1332 = CARTESIAN_POINT('',(43.,-79.43844718719,27.51));
#1333 = CARTESIAN_POINT('',(43.,-81.5,28.01));
#1334 = CARTESIAN_POINT('',(43.,-81.02411775204,28.01));
#1335 = CARTESIAN_POINT('',(43.075501525683,-80.54816925747,28.01));
#1336 = CARTESIAN_POINT('',(43.226431914045,-80.09051505344,28.01));
#1337 = CARTESIAN_POINT('',(43.444444444444,-79.66750861083,28.01));
#1338 = ADVANCED_FACE('',(#1339),#1350,.T.);
#1339 = FACE_BOUND('',#1340,.F.);
#1340 = EDGE_LOOP('',(#1341,#1342,#1343,#1349));
#1341 = ORIENTED_EDGE('',*,*,#957,.F.);
#1342 = ORIENTED_EDGE('',*,*,#990,.T.);
#1343 = ORIENTED_EDGE('',*,*,#1344,.T.);
#1344 = EDGE_CURVE('',#991,#544,#1345,.T.);
#1345 = LINE('',#1346,#1347);
#1346 = CARTESIAN_POINT('',(42.75,-81.5,29.26));
#1347 = VECTOR('',#1348,1.);
#1348 = DIRECTION('',(0.707106781187,2.90882763039E-35,-0.707106781187)
  );
#1349 = ORIENTED_EDGE('',*,*,#551,.F.);
#1350 = PLANE('',#1351);
#1351 = AXIS2_PLACEMENT_3D('',#1352,#1353,#1354);
#1352 = CARTESIAN_POINT('',(42.75,-87.5,29.26));
#1353 = DIRECTION('',(0.707106781187,-1.889513820523E-18,0.707106781187)
  );
#1354 = DIRECTION('',(-1.336088035637E-18,-1.,-1.336088035637E-18));
#1355 = ADVANCED_FACE('',(#1356),#1385,.F.);
#1356 = FACE_BOUND('',#1357,.F.);
#1357 = EDGE_LOOP('',(#1358,#1359,#1368,#1378));
#1358 = ORIENTED_EDGE('',*,*,#543,.F.);
#1359 = ORIENTED_EDGE('',*,*,#1360,.T.);
#1360 = EDGE_CURVE('',#544,#1361,#1363,.T.);
#1361 = VERTEX_POINT('',#1362);
#1362 = CARTESIAN_POINT('',(46.5,-77.5313730334,29.01));
#1363 = CIRCLE('',#1364,4.);
#1364 = AXIS2_PLACEMENT_3D('',#1365,#1366,#1367);
#1365 = CARTESIAN_POINT('',(47.,-81.5,29.01));
#1366 = DIRECTION('',(0.,0.,-1.));
#1367 = DIRECTION('',(-1.,0.,0.));
#1368 = ORIENTED_EDGE('',*,*,#1369,.T.);
#1369 = EDGE_CURVE('',#1361,#1370,#1372,.T.);
#1370 = VERTEX_POINT('',#1371);
#1371 = CARTESIAN_POINT('',(46.5,-77.5313730334,28.01));
#1372 = B_SPLINE_CURVE_WITH_KNOTS('',2,(#1373,#1374,#1375,#1376,#1377),
  .UNSPECIFIED.,.F.,.F.,(3,1,1,3),(-0.1224,2.386E-14,2.,2.1224),
  .UNSPECIFIED.);
#1373 = CARTESIAN_POINT('',(46.5,-77.5313730334,29.6324));
#1374 = CARTESIAN_POINT('',(46.5,-77.5313730334,29.5712));
#1375 = CARTESIAN_POINT('',(46.5,-77.5313730334,28.51));
#1376 = CARTESIAN_POINT('',(46.5,-77.5313730334,27.4488));
#1377 = CARTESIAN_POINT('',(46.5,-77.5313730334,27.3876));
#1378 = ORIENTED_EDGE('',*,*,#1379,.F.);
#1379 = EDGE_CURVE('',#534,#1370,#1380,.T.);
#1380 = CIRCLE('',#1381,4.);
#1381 = AXIS2_PLACEMENT_3D('',#1382,#1383,#1384);
#1382 = CARTESIAN_POINT('',(47.,-81.5,28.01));
#1383 = DIRECTION('',(0.,0.,-1.));
#1384 = DIRECTION('',(-1.,0.,0.));
#1385 = CYLINDRICAL_SURFACE('',#1386,4.);
#1386 = AXIS2_PLACEMENT_3D('',#1387,#1388,#1389);
#1387 = CARTESIAN_POINT('',(47.,-81.5,29.51));
#1388 = DIRECTION('',(0.,0.,-1.));
#1389 = DIRECTION('',(-1.,-0.,-0.));
#1390 = ADVANCED_FACE('',(#1391),#1402,.F.);
#1391 = FACE_BOUND('',#1392,.T.);
#1392 = EDGE_LOOP('',(#1393,#1399,#1400,#1401));
#1393 = ORIENTED_EDGE('',*,*,#1394,.T.);
#1394 = EDGE_CURVE('',#696,#578,#1395,.T.);
#1395 = LINE('',#1396,#1397);
#1396 = CARTESIAN_POINT('',(27.,-86.,22.01));
#1397 = VECTOR('',#1398,1.);
#1398 = DIRECTION('',(1.,0.,0.));
#1399 = ORIENTED_EDGE('',*,*,#577,.T.);
#1400 = ORIENTED_EDGE('',*,*,#1394,.F.);
#1401 = ORIENTED_EDGE('',*,*,#695,.F.);
#1402 = CYLINDRICAL_SURFACE('',#1403,1.5);
#1403 = AXIS2_PLACEMENT_3D('',#1404,#1405,#1406);
#1404 = CARTESIAN_POINT('',(27.,-87.5,22.01));
#1405 = DIRECTION('',(-1.,-0.,-0.));
#1406 = DIRECTION('',(0.,1.,0.));
#1407 = ADVANCED_FACE('',(#1408),#1439,.F.);
#1408 = FACE_BOUND('',#1409,.T.);
#1409 = EDGE_LOOP('',(#1410,#1411,#1420,#1430));
#1410 = ORIENTED_EDGE('',*,*,#685,.F.);
#1411 = ORIENTED_EDGE('',*,*,#1412,.F.);
#1412 = EDGE_CURVE('',#1413,#678,#1415,.T.);
#1413 = VERTEX_POINT('',#1414);
#1414 = CARTESIAN_POINT('',(23.5,-77.5313730334,29.01));
#1415 = CIRCLE('',#1416,4.);
#1416 = AXIS2_PLACEMENT_3D('',#1417,#1418,#1419);
#1417 = CARTESIAN_POINT('',(23.,-81.5,29.01));
#1418 = DIRECTION('',(0.,0.,-1.));
#1419 = DIRECTION('',(0.125,0.992156741649,0.));
#1420 = ORIENTED_EDGE('',*,*,#1421,.T.);
#1421 = EDGE_CURVE('',#1413,#1422,#1424,.T.);
#1422 = VERTEX_POINT('',#1423);
#1423 = CARTESIAN_POINT('',(23.5,-77.5313730334,28.01));
#1424 = B_SPLINE_CURVE_WITH_KNOTS('',2,(#1425,#1426,#1427,#1428,#1429),
  .UNSPECIFIED.,.F.,.F.,(3,1,1,3),(-0.1224,2.386E-14,2.,2.1224),
  .UNSPECIFIED.);
#1425 = CARTESIAN_POINT('',(23.5,-77.5313730334,29.6324));
#1426 = CARTESIAN_POINT('',(23.5,-77.5313730334,29.5712));
#1427 = CARTESIAN_POINT('',(23.5,-77.5313730334,28.51));
#1428 = CARTESIAN_POINT('',(23.5,-77.5313730334,27.4488));
#1429 = CARTESIAN_POINT('',(23.5,-77.5313730334,27.3876));
#1430 = ORIENTED_EDGE('',*,*,#1431,.F.);
#1431 = EDGE_CURVE('',#1432,#1422,#1434,.T.);
#1432 = VERTEX_POINT('',#1433);
#1433 = CARTESIAN_POINT('',(26.555555555556,-79.66750861083,28.01));
#1434 = CIRCLE('',#1435,4.);
#1435 = AXIS2_PLACEMENT_3D('',#1436,#1437,#1438);
#1436 = CARTESIAN_POINT('',(23.,-81.5,28.01));
#1437 = DIRECTION('',(0.,0.,1.));
#1438 = DIRECTION('',(1.,0.,0.));
#1439 = CYLINDRICAL_SURFACE('',#1440,4.);
#1440 = AXIS2_PLACEMENT_3D('',#1441,#1442,#1443);
#1441 = CARTESIAN_POINT('',(23.,-81.5,29.51));
#1442 = DIRECTION('',(0.,0.,-1.));
#1443 = DIRECTION('',(1.,0.,0.));
#1444 = ADVANCED_FACE('',(#1445),#1456,.T.);
#1445 = FACE_BOUND('',#1446,.F.);
#1446 = EDGE_LOOP('',(#1447,#1453,#1454,#1455));
#1447 = ORIENTED_EDGE('',*,*,#1448,.F.);
#1448 = EDGE_CURVE('',#1075,#678,#1449,.T.);
#1449 = LINE('',#1450,#1451);
#1450 = CARTESIAN_POINT('',(27.,-81.5,29.01));
#1451 = VECTOR('',#1452,1.);
#1452 = DIRECTION('',(-0.707106781187,7.460842865352E-17,-0.707106781187
    ));
#1453 = ORIENTED_EDGE('',*,*,#1083,.T.);
#1454 = ORIENTED_EDGE('',*,*,#972,.T.);
#1455 = ORIENTED_EDGE('',*,*,#677,.F.);
#1456 = PLANE('',#1457);
#1457 = AXIS2_PLACEMENT_3D('',#1458,#1459,#1460);
#1458 = CARTESIAN_POINT('',(27.25,-81.5,29.26));
#1459 = DIRECTION('',(-0.707106781187,1.889513820523E-18,0.707106781187)
  );
#1460 = DIRECTION('',(1.336088035637E-18,1.,-1.336088035637E-18));
#1461 = ADVANCED_FACE('',(#1462),#1473,.T.);
#1462 = FACE_BOUND('',#1463,.T.);
#1463 = EDGE_LOOP('',(#1464,#1465,#1466,#1472));
#1464 = ORIENTED_EDGE('',*,*,#636,.F.);
#1465 = ORIENTED_EDGE('',*,*,#1213,.T.);
#1466 = ORIENTED_EDGE('',*,*,#1467,.T.);
#1467 = EDGE_CURVE('',#1206,#731,#1468,.T.);
#1468 = LINE('',#1469,#1470);
#1469 = CARTESIAN_POINT('',(29.,13.729506614657,23.239506614657));
#1470 = VECTOR('',#1471,1.);
#1471 = DIRECTION('',(0.,-0.707106781187,-0.707106781187));
#1472 = ORIENTED_EDGE('',*,*,#730,.F.);
#1473 = PLANE('',#1474);
#1474 = AXIS2_PLACEMENT_3D('',#1475,#1476,#1477);
#1475 = CARTESIAN_POINT('',(27.,17.25,26.76));
#1476 = DIRECTION('',(1.889513820523E-18,0.707106781187,-0.707106781187)
  );
#1477 = DIRECTION('',(1.,-1.336088035637E-18,1.336088035637E-18));
#1478 = ADVANCED_FACE('',(#1479),#1497,.T.);
#1479 = FACE_BOUND('',#1480,.F.);
#1480 = EDGE_LOOP('',(#1481,#1489,#1495,#1496));
#1481 = ORIENTED_EDGE('',*,*,#1482,.F.);
#1482 = EDGE_CURVE('',#1483,#1222,#1485,.T.);
#1483 = VERTEX_POINT('',#1484);
#1484 = CARTESIAN_POINT('',(24.,17.,27.51));
#1485 = LINE('',#1486,#1487);
#1486 = CARTESIAN_POINT('',(24.,17.5,28.01));
#1487 = VECTOR('',#1488,1.);
#1488 = DIRECTION('',(-4.329780281177E-17,0.707106781187,0.707106781187)
  );
#1489 = ORIENTED_EDGE('',*,*,#1490,.T.);
#1490 = EDGE_CURVE('',#1483,#605,#1491,.T.);
#1491 = LINE('',#1492,#1493);
#1492 = CARTESIAN_POINT('',(24.,17.,27.51));
#1493 = VECTOR('',#1494,1.);
#1494 = DIRECTION('',(1.,0.,0.));
#1495 = ORIENTED_EDGE('',*,*,#612,.T.);
#1496 = ORIENTED_EDGE('',*,*,#1221,.F.);
#1497 = PLANE('',#1498);
#1498 = AXIS2_PLACEMENT_3D('',#1499,#1500,#1501);
#1499 = CARTESIAN_POINT('',(24.,17.25,27.76));
#1500 = DIRECTION('',(1.889513820523E-18,0.707106781187,-0.707106781187)
  );
#1501 = DIRECTION('',(-1.,1.336088035637E-18,-1.336088035637E-18));
#1502 = ADVANCED_FACE('',(#1503),#1543,.T.);
#1503 = FACE_BOUND('',#1504,.T.);
#1504 = EDGE_LOOP('',(#1505,#1506,#1515,#1527,#1535,#1542));
#1505 = ORIENTED_EDGE('',*,*,#604,.F.);
#1506 = ORIENTED_EDGE('',*,*,#1507,.T.);
#1507 = EDGE_CURVE('',#597,#1508,#1510,.T.);
#1508 = VERTEX_POINT('',#1509);
#1509 = CARTESIAN_POINT('',(23.5625,-77.03529466257,27.51));
#1510 = CIRCLE('',#1511,4.5);
#1511 = AXIS2_PLACEMENT_3D('',#1512,#1513,#1514);
#1512 = CARTESIAN_POINT('',(23.,-81.5,27.51));
#1513 = DIRECTION('',(0.,0.,1.));
#1514 = DIRECTION('',(1.,0.,0.));
#1515 = ORIENTED_EDGE('',*,*,#1516,.T.);
#1516 = EDGE_CURVE('',#1508,#1517,#1519,.T.);
#1517 = VERTEX_POINT('',#1518);
#1518 = CARTESIAN_POINT('',(20.5,-73.5627460668,27.51));
#1519 = B_SPLINE_CURVE_WITH_KNOTS('',6,(#1520,#1521,#1522,#1523,#1524,
    #1525,#1526),.UNSPECIFIED.,.F.,.F.,(7,7),(5.781873982507,
    11.563747962999),.PIECEWISE_BEZIER_KNOTS.);
#1520 = CARTESIAN_POINT('',(23.5625,-77.03529466257,27.51));
#1521 = CARTESIAN_POINT('',(22.734403202205,-76.93096427265,27.51));
#1522 = CARTESIAN_POINT('',(21.924968856247,-76.58825260488,27.51));
#1523 = CARTESIAN_POINT('',(21.228728342627,-76.00684642327,27.51));
#1524 = CARTESIAN_POINT('',(20.738814644711,-75.2432845266,27.51));
#1525 = CARTESIAN_POINT('',(20.5,-74.39739130281,27.51));
#1526 = CARTESIAN_POINT('',(20.5,-73.5627460668,27.51));
#1527 = ORIENTED_EDGE('',*,*,#1528,.T.);
#1528 = EDGE_CURVE('',#1517,#1529,#1531,.T.);
#1529 = VERTEX_POINT('',#1530);
#1530 = CARTESIAN_POINT('',(20.5,13.5,27.51));
#1531 = LINE('',#1532,#1533);
#1532 = CARTESIAN_POINT('',(20.5,-73.5627460668,27.51));
#1533 = VECTOR('',#1534,1.);
#1534 = DIRECTION('',(0.,1.,0.));
#1535 = ORIENTED_EDGE('',*,*,#1536,.T.);
#1536 = EDGE_CURVE('',#1529,#1483,#1537,.T.);
#1537 = CIRCLE('',#1538,3.5);
#1538 = AXIS2_PLACEMENT_3D('',#1539,#1540,#1541);
#1539 = CARTESIAN_POINT('',(24.,13.5,27.51));
#1540 = DIRECTION('',(0.,0.,-1.));
#1541 = DIRECTION('',(-1.,4.440892098501E-16,0.));
#1542 = ORIENTED_EDGE('',*,*,#1490,.T.);
#1543 = PLANE('',#1544);
#1544 = AXIS2_PLACEMENT_3D('',#1545,#1546,#1547);
#1545 = CARTESIAN_POINT('',(35.,-33.70527545533,27.51));
#1546 = DIRECTION('',(-0.,-0.,-1.));
#1547 = DIRECTION('',(-1.,0.,0.));
#1548 = ADVANCED_FACE('',(#1549),#1567,.T.);
#1549 = FACE_BOUND('',#1550,.T.);
#1550 = EDGE_LOOP('',(#1551,#1556,#1557));
#1551 = ORIENTED_EDGE('',*,*,#1552,.F.);
#1552 = EDGE_CURVE('',#597,#1432,#1553,.T.);
#1553 = B_SPLINE_CURVE_WITH_KNOTS('',1,(#1554,#1555),.UNSPECIFIED.,.F.,
  .F.,(2,2),(0.,0.707106781187),.PIECEWISE_BEZIER_KNOTS.);
#1554 = CARTESIAN_POINT('',(27.,-79.43844718719,27.51));
#1555 = CARTESIAN_POINT('',(26.555555555556,-79.66750861083,28.01));
#1556 = ORIENTED_EDGE('',*,*,#594,.F.);
#1557 = ORIENTED_EDGE('',*,*,#1558,.F.);
#1558 = EDGE_CURVE('',#1432,#595,#1559,.T.);
#1559 = B_SPLINE_CURVE_WITH_KNOTS('',6,(#1560,#1561,#1562,#1563,#1564,
    #1565,#1566),.UNSPECIFIED.,.F.,.F.,(7,7),(0.,1.),
  .PIECEWISE_BEZIER_KNOTS.);
#1560 = CARTESIAN_POINT('',(26.555555555556,-79.66750861083,28.01));
#1561 = CARTESIAN_POINT('',(26.609545850878,-79.77226517101,28.01));
#1562 = CARTESIAN_POINT('',(26.635717664815,-79.83244694438,27.91));
#1563 = CARTESIAN_POINT('',(26.637833468825,-79.83793078869,27.76));
#1564 = CARTESIAN_POINT('',(26.624966975318,-79.80768567172,27.61));
#1565 = CARTESIAN_POINT('',(26.598214554329,-79.75027922628,27.51));
#1566 = CARTESIAN_POINT('',(26.555555555556,-79.66750861083,27.51));
#1567 = B_SPLINE_SURFACE_WITH_KNOTS('',8,8,(
    (#1568,#1569,#1570,#1571,#1572,#1573,#1574,#1575,#1576)
    ,(#1577,#1578,#1579,#1580,#1581,#1582,#1583,#1584,#1585)
    ,(#1586,#1587,#1588,#1589,#1590,#1591,#1592,#1593,#1594)
    ,(#1595,#1596,#1597,#1598,#1599,#1600,#1601,#1602,#1603)
    ,(#1604,#1605,#1606,#1607,#1608,#1609,#1610,#1611,#1612)
    ,(#1613,#1614,#1615,#1616,#1617,#1618,#1619,#1620,#1621)
    ,(#1622,#1623,#1624,#1625,#1626,#1627,#1628,#1629,#1630)
    ,(#1631,#1632,#1633,#1634,#1635,#1636,#1637,#1638,#1639)
    ,(#1640,#1641,#1642,#1643,#1644,#1645,#1646,#1647,#1648
  )),.UNSPECIFIED.,.F.,.F.,.F.,(9,9),(9,9),(-2.399576251035,
    0.752994055941),(-0.239826293929,0.337122080226),
  .PIECEWISE_BEZIER_KNOTS.);
#1568 = CARTESIAN_POINT('',(26.678850942811,-81.26936161742,
    30.022229885937));
#1569 = CARTESIAN_POINT('',(26.763826596913,-81.45933653394,
    29.840071229541));
#1570 = CARTESIAN_POINT('',(26.925298305608,-81.64403804989,
    29.691127163622));
#1571 = CARTESIAN_POINT('',(27.184090518853,-81.82188138471,
    29.58453849675));
#1572 = CARTESIAN_POINT('',(27.519200153358,-81.99214238296,
    29.524116599387));
#1573 = CARTESIAN_POINT('',(27.975098805142,-82.15341183901,
    29.523178927976));
#1574 = CARTESIAN_POINT('',(28.426791808385,-82.2867283547,
    29.559268989384));
#1575 = CARTESIAN_POINT('',(28.893466927838,-82.41843153827,
    29.610250776756));
#1576 = CARTESIAN_POINT('',(29.364996639363,-82.55175864093,
    29.666566539441));
#1577 = CARTESIAN_POINT('',(26.574412951288,-80.92541884405,
    29.78970495499));
#1578 = CARTESIAN_POINT('',(26.619355734193,-81.06731913314,
    29.637851928784));
#1579 = CARTESIAN_POINT('',(26.739756056914,-81.22385077572,
    29.497772544705));
#1580 = CARTESIAN_POINT('',(26.969259003624,-81.38539853505,
    29.389029142338));
#1581 = CARTESIAN_POINT('',(27.247404136143,-81.55500735173,
    29.305962299054));
#1582 = CARTESIAN_POINT('',(27.715832741703,-81.71420347806,
    29.301972450471));
#1583 = CARTESIAN_POINT('',(28.121241855526,-81.8333453398,
    29.331665559019));
#1584 = CARTESIAN_POINT('',(28.549677114395,-81.94607086178,
    29.383208123383));
#1585 = CARTESIAN_POINT('',(28.975249426945,-82.04769731802,
    29.450597852344));
#1586 = CARTESIAN_POINT('',(26.507010420942,-80.57855750367,
    29.577804772216));
#1587 = CARTESIAN_POINT('',(26.512101399935,-80.69989000168,
    29.428489588187));
#1588 = CARTESIAN_POINT('',(26.597668262562,-80.82895216552,
    29.306579526188));
#1589 = CARTESIAN_POINT('',(26.758564523027,-81.05060370163,
    29.056428185583));
#1590 = CARTESIAN_POINT('',(27.092001911126,-81.0138892085,
    29.321224343682));
#1591 = CARTESIAN_POINT('',(27.558618644817,-81.3879662957,
    28.956014437584));
#1592 = CARTESIAN_POINT('',(27.788113301163,-81.39347912269,
    29.088993189894));
#1593 = CARTESIAN_POINT('',(28.214149807044,-81.49537531292,
    29.147883121076));
#1594 = CARTESIAN_POINT('',(28.606581802887,-81.57460522803,
    29.218094419495));
#1595 = CARTESIAN_POINT('',(26.490198048237,-80.24097438054,
    29.384335877167));
#1596 = CARTESIAN_POINT('',(26.458287657657,-80.35416492575,
    29.230020164075));
#1597 = CARTESIAN_POINT('',(26.511953087895,-80.53308066392,
    29.005585779798));
#1598 = CARTESIAN_POINT('',(26.648796846929,-80.33903105067,
    29.403883639734));
#1599 = CARTESIAN_POINT('',(26.414933430454,-81.41429364863,
    27.729256334969));
#1600 = CARTESIAN_POINT('',(27.175335523491,-80.53967531603,
    29.364623197512));
#1601 = CARTESIAN_POINT('',(27.804755325344,-81.04366598977,
    28.870272249344));
#1602 = CARTESIAN_POINT('',(28.045543134908,-81.07143202441,
    28.911328584597));
#1603 = CARTESIAN_POINT('',(28.300508249051,-81.13697405887,
    28.954765244591));
#1604 = CARTESIAN_POINT('',(26.462435778983,-79.96678250666,
    29.114102408917));
#1605 = CARTESIAN_POINT('',(26.392323896662,-80.09438455796,
    28.925768978254));
#1606 = CARTESIAN_POINT('',(26.342535309031,-80.14807149716,
    28.860170308653));
#1607 = CARTESIAN_POINT('',(26.473809388023,-80.79444655674,
    27.911238446764));
#1608 = CARTESIAN_POINT('',(27.602303227251,-79.38932859942,
    30.524870579664));
#1609 = CARTESIAN_POINT('',(27.314467288594,-81.36790562509,
    27.428318512394));
#1610 = CARTESIAN_POINT('',(27.153492958928,-80.51286168804,
    28.611037063199));
#1611 = CARTESIAN_POINT('',(27.479230720569,-80.66611373064,
    28.616165290344));
#1612 = CARTESIAN_POINT('',(27.870943339674,-80.72201732823,
    28.686730197088));
#1613 = CARTESIAN_POINT('',(26.515487504587,-79.70965470003,
    28.876911658079));
#1614 = CARTESIAN_POINT('',(26.408254035591,-79.81948997806,
    28.699666506898));
#1615 = CARTESIAN_POINT('',(26.547441800277,-79.96573384463,
    28.533112521832));
#1616 = CARTESIAN_POINT('',(26.044908845114,-79.52415895231,
    29.017403388421));
#1617 = CARTESIAN_POINT('',(26.064117579047,-81.38741106995,
    26.261482394425));
#1618 = CARTESIAN_POINT('',(26.879336479646,-79.17141029707,
    29.743806616216));
#1619 = CARTESIAN_POINT('',(27.163913997223,-80.34991854266,
    28.277097526288));
#1620 = CARTESIAN_POINT('',(27.583030137132,-80.25909420674,
    28.43275573107));
#1621 = CARTESIAN_POINT('',(27.683112382204,-80.33940265025,
    28.386386787985));
#1622 = CARTESIAN_POINT('',(26.530169137013,-79.59312351606,
    28.46352394228));
#1623 = CARTESIAN_POINT('',(26.39861199528,-79.69266970898,28.2926418114
    ));
#1624 = CARTESIAN_POINT('',(26.092992590188,-79.75224416464,
    28.079074021765));
#1625 = CARTESIAN_POINT('',(26.903669118182,-79.77929961973,
    28.342268521369));
#1626 = CARTESIAN_POINT('',(26.081505601979,-79.29876306261,
    28.60013294304));
#1627 = CARTESIAN_POINT('',(26.30117137142,-80.54135691336,
    27.065705722989));
#1628 = CARTESIAN_POINT('',(27.183461776913,-79.84364059543,
    28.13560796538));
#1629 = CARTESIAN_POINT('',(26.979615848529,-79.97446607799,
    27.970413602727));
#1630 = CARTESIAN_POINT('',(27.205445742049,-80.03463747465,
    27.989395060676));
#1631 = CARTESIAN_POINT('',(26.579115484328,-79.5948578589,
    27.938758624304));
#1632 = CARTESIAN_POINT('',(26.423271757049,-79.67343655312,
    27.783742400218));
#1633 = CARTESIAN_POINT('',(26.302638253835,-79.63972338804,
    27.765455936835));
#1634 = CARTESIAN_POINT('',(26.496084375046,-79.67136341351,
    27.735706988766));
#1635 = CARTESIAN_POINT('',(26.767182159063,-79.02763953874,
    28.720328700039));
#1636 = CARTESIAN_POINT('',(26.650804613914,-79.99265777633,
    27.263301689279));
#1637 = CARTESIAN_POINT('',(26.830382213757,-79.58658476842,
    27.821068819994));
#1638 = CARTESIAN_POINT('',(26.925469662798,-79.64811479908,
    27.757608864903));
#1639 = CARTESIAN_POINT('',(27.076695569893,-79.72335873498,
    27.707119848595));
#1640 = CARTESIAN_POINT('',(26.737059956676,-79.71960197417,
    27.33381023669));
#1641 = CARTESIAN_POINT('',(26.578269070386,-79.75134342865,
    27.231005047683));
#1642 = CARTESIAN_POINT('',(26.499975612105,-79.64851316693,
    27.303957188552));
#1643 = CARTESIAN_POINT('',(26.606627977497,-79.5386287307,
    27.420556860698));
#1644 = CARTESIAN_POINT('',(26.996659448596,-79.00591108014,
    28.257293417571));
#1645 = CARTESIAN_POINT('',(26.81512370188,-79.57929168018,
    27.297206971715));
#1646 = CARTESIAN_POINT('',(26.885762151821,-79.30897875072,
    27.609751932924));
#1647 = CARTESIAN_POINT('',(26.936365900589,-79.33386420943,
    27.5434977875));
#1648 = CARTESIAN_POINT('',(27.033387179497,-79.42782151296,
    27.43756588706));
#1649 = ADVANCED_FACE('',(#1650),#1669,.T.);
#1650 = FACE_BOUND('',#1651,.T.);
#1651 = EDGE_LOOP('',(#1652,#1653,#1654,#1655,#1656,#1662,#1663));
#1652 = ORIENTED_EDGE('',*,*,#738,.F.);
#1653 = ORIENTED_EDGE('',*,*,#1467,.F.);
#1654 = ORIENTED_EDGE('',*,*,#1205,.F.);
#1655 = ORIENTED_EDGE('',*,*,#1197,.T.);
#1656 = ORIENTED_EDGE('',*,*,#1657,.T.);
#1657 = EDGE_CURVE('',#1190,#911,#1658,.T.);
#1658 = LINE('',#1659,#1660);
#1659 = CARTESIAN_POINT('',(29.,13.479506614657,23.989506614657));
#1660 = VECTOR('',#1661,1.);
#1661 = DIRECTION('',(0.,-0.707106781187,-0.707106781187));
#1662 = ORIENTED_EDGE('',*,*,#910,.F.);
#1663 = ORIENTED_EDGE('',*,*,#1664,.F.);
#1664 = EDGE_CURVE('',#739,#902,#1665,.T.);
#1665 = LINE('',#1666,#1667);
#1666 = CARTESIAN_POINT('',(29.,1.11803398875,29.51));
#1667 = VECTOR('',#1668,1.);
#1668 = DIRECTION('',(0.,0.,1.));
#1669 = PLANE('',#1670);
#1670 = AXIS2_PLACEMENT_3D('',#1671,#1672,#1673);
#1671 = CARTESIAN_POINT('',(29.,2.930359003582,26.997667455048));
#1672 = DIRECTION('',(1.,0.,0.));
#1673 = DIRECTION('',(0.,0.,1.));
#1674 = ADVANCED_FACE('',(#1675),#1690,.F.);
#1675 = FACE_BOUND('',#1676,.F.);
#1676 = EDGE_LOOP('',(#1677,#1678,#1684,#1685,#1686,#1687,#1688,#1689));
#1677 = ORIENTED_EDGE('',*,*,#1091,.F.);
#1678 = ORIENTED_EDGE('',*,*,#1679,.T.);
#1679 = EDGE_CURVE('',#1092,#893,#1680,.T.);
#1680 = LINE('',#1681,#1682);
#1681 = CARTESIAN_POINT('',(31.5,0.,29.51));
#1682 = VECTOR('',#1683,1.);
#1683 = DIRECTION('',(-0.,-0.,-1.));
#1684 = ORIENTED_EDGE('',*,*,#901,.T.);
#1685 = ORIENTED_EDGE('',*,*,#1664,.F.);
#1686 = ORIENTED_EDGE('',*,*,#746,.T.);
#1687 = ORIENTED_EDGE('',*,*,#825,.T.);
#1688 = ORIENTED_EDGE('',*,*,#892,.T.);
#1689 = ORIENTED_EDGE('',*,*,#1679,.F.);
#1690 = CYLINDRICAL_SURFACE('',#1691,1.5);
#1691 = AXIS2_PLACEMENT_3D('',#1692,#1693,#1694);
#1692 = CARTESIAN_POINT('',(30.,0.,29.51));
#1693 = DIRECTION('',(0.,0.,1.));
#1694 = DIRECTION('',(1.,0.,0.));
#1695 = ADVANCED_FACE('',(#1696),#1716,.F.);
#1696 = FACE_BOUND('',#1697,.F.);
#1697 = EDGE_LOOP('',(#1698,#1699,#1705,#1706,#1712,#1713,#1714,#1715));
#1698 = ORIENTED_EDGE('',*,*,#1102,.F.);
#1699 = ORIENTED_EDGE('',*,*,#1700,.T.);
#1700 = EDGE_CURVE('',#1103,#782,#1701,.T.);
#1701 = LINE('',#1702,#1703);
#1702 = CARTESIAN_POINT('',(41.5,0.,29.51));
#1703 = VECTOR('',#1704,1.);
#1704 = DIRECTION('',(-0.,-0.,-1.));
#1705 = ORIENTED_EDGE('',*,*,#790,.T.);
#1706 = ORIENTED_EDGE('',*,*,#1707,.T.);
#1707 = EDGE_CURVE('',#791,#873,#1708,.T.);
#1708 = LINE('',#1709,#1710);
#1709 = CARTESIAN_POINT('',(41.,1.11803398875,29.51));
#1710 = VECTOR('',#1711,1.);
#1711 = DIRECTION('',(0.,0.,1.));
#1712 = ORIENTED_EDGE('',*,*,#882,.T.);
#1713 = ORIENTED_EDGE('',*,*,#857,.F.);
#1714 = ORIENTED_EDGE('',*,*,#781,.T.);
#1715 = ORIENTED_EDGE('',*,*,#1700,.F.);
#1716 = CYLINDRICAL_SURFACE('',#1717,1.5);
#1717 = AXIS2_PLACEMENT_3D('',#1718,#1719,#1720);
#1718 = CARTESIAN_POINT('',(40.,0.,29.51));
#1719 = DIRECTION('',(0.,0.,1.));
#1720 = DIRECTION('',(1.,0.,0.));
#1721 = ADVANCED_FACE('',(#1722),#1736,.T.);
#1722 = FACE_BOUND('',#1723,.T.);
#1723 = EDGE_LOOP('',(#1724,#1725,#1726,#1727,#1733,#1734,#1735));
#1724 = ORIENTED_EDGE('',*,*,#799,.F.);
#1725 = ORIENTED_EDGE('',*,*,#1707,.T.);
#1726 = ORIENTED_EDGE('',*,*,#872,.T.);
#1727 = ORIENTED_EDGE('',*,*,#1728,.F.);
#1728 = EDGE_CURVE('',#1182,#875,#1729,.T.);
#1729 = LINE('',#1730,#1731);
#1730 = CARTESIAN_POINT('',(41.,13.479506614657,23.989506614657));
#1731 = VECTOR('',#1732,1.);
#1732 = DIRECTION('',(0.,-0.707106781187,-0.707106781187));
#1733 = ORIENTED_EDGE('',*,*,#1181,.F.);
#1734 = ORIENTED_EDGE('',*,*,#1173,.T.);
#1735 = ORIENTED_EDGE('',*,*,#1130,.T.);
#1736 = PLANE('',#1737);
#1737 = AXIS2_PLACEMENT_3D('',#1738,#1739,#1740);
#1738 = CARTESIAN_POINT('',(41.,2.930359003582,26.997667455048));
#1739 = DIRECTION('',(-1.,-0.,-0.));
#1740 = DIRECTION('',(0.,0.,-1.));
#1741 = ADVANCED_FACE('',(#1742),#1748,.T.);
#1742 = FACE_BOUND('',#1743,.F.);
#1743 = EDGE_LOOP('',(#1744,#1745,#1746,#1747));
#1744 = ORIENTED_EDGE('',*,*,#1728,.F.);
#1745 = ORIENTED_EDGE('',*,*,#1189,.T.);
#1746 = ORIENTED_EDGE('',*,*,#1657,.T.);
#1747 = ORIENTED_EDGE('',*,*,#918,.F.);
#1748 = PLANE('',#1749);
#1749 = AXIS2_PLACEMENT_3D('',#1750,#1751,#1752);
#1750 = CARTESIAN_POINT('',(41.,17.25,27.76));
#1751 = DIRECTION('',(1.889513820523E-18,0.707106781187,-0.707106781187)
  );
#1752 = DIRECTION('',(1.,-1.336088035637E-18,1.336088035637E-18));
#1753 = ADVANCED_FACE('',(#1754),#1765,.F.);
#1754 = FACE_BOUND('',#1755,.F.);
#1755 = EDGE_LOOP('',(#1756,#1757,#1763,#1764));
#1756 = ORIENTED_EDGE('',*,*,#1113,.F.);
#1757 = ORIENTED_EDGE('',*,*,#1758,.T.);
#1758 = EDGE_CURVE('',#1114,#927,#1759,.T.);
#1759 = LINE('',#1760,#1761);
#1760 = CARTESIAN_POINT('',(36.5,11.5,29.51));
#1761 = VECTOR('',#1762,1.);
#1762 = DIRECTION('',(-0.,-0.,-1.));
#1763 = ORIENTED_EDGE('',*,*,#926,.T.);
#1764 = ORIENTED_EDGE('',*,*,#1758,.F.);
#1765 = CYLINDRICAL_SURFACE('',#1766,1.5);
#1766 = AXIS2_PLACEMENT_3D('',#1767,#1768,#1769);
#1767 = CARTESIAN_POINT('',(35.,11.5,29.51));
#1768 = DIRECTION('',(0.,0.,1.));
#1769 = DIRECTION('',(1.,0.,0.));
#1770 = ADVANCED_FACE('',(#1771),#1781,.F.);
#1771 = FACE_BOUND('',#1772,.F.);
#1772 = EDGE_LOOP('',(#1773,#1778,#1779,#1780));
#1773 = ORIENTED_EDGE('',*,*,#1774,.F.);
#1774 = EDGE_CURVE('',#1062,#1413,#1775,.T.);
#1775 = B_SPLINE_CURVE_WITH_KNOTS('',1,(#1776,#1777),.UNSPECIFIED.,.F.,
  .F.,(2,2),(0.,5.781873980491),.PIECEWISE_BEZIER_KNOTS.);
#1776 = CARTESIAN_POINT('',(23.5625,-77.03529466257,29.51));
#1777 = CARTESIAN_POINT('',(23.5,-77.5313730334,29.01));
#1778 = ORIENTED_EDGE('',*,*,#1074,.T.);
#1779 = ORIENTED_EDGE('',*,*,#1448,.T.);
#1780 = ORIENTED_EDGE('',*,*,#1412,.F.);
#1781 = CONICAL_SURFACE('',#1782,4.,0.785398163397);
#1782 = AXIS2_PLACEMENT_3D('',#1783,#1784,#1785);
#1783 = CARTESIAN_POINT('',(23.,-81.5,29.01));
#1784 = DIRECTION('',(0.,0.,1.));
#1785 = DIRECTION('',(0.125,0.992156741649,0.));
#1786 = ADVANCED_FACE('',(#1787),#1798,.F.);
#1787 = FACE_BOUND('',#1788,.F.);
#1788 = EDGE_LOOP('',(#1789,#1790,#1791,#1797));
#1789 = ORIENTED_EDGE('',*,*,#1344,.F.);
#1790 = ORIENTED_EDGE('',*,*,#998,.T.);
#1791 = ORIENTED_EDGE('',*,*,#1792,.T.);
#1792 = EDGE_CURVE('',#999,#1361,#1793,.T.);
#1793 = LINE('',#1794,#1795);
#1794 = CARTESIAN_POINT('',(46.5,-77.5313730334,29.01));
#1795 = VECTOR('',#1796,1.);
#1796 = DIRECTION('',(8.838834764832E-02,-0.70156076002,-0.707106781187)
  );
#1797 = ORIENTED_EDGE('',*,*,#1360,.F.);
#1798 = CONICAL_SURFACE('',#1799,4.,0.785398163397);
#1799 = AXIS2_PLACEMENT_3D('',#1800,#1801,#1802);
#1800 = CARTESIAN_POINT('',(47.,-81.5,29.01));
#1801 = DIRECTION('',(0.,0.,1.));
#1802 = DIRECTION('',(-1.,0.,0.));
#1803 = ADVANCED_FACE('',(#1804),#1827,.T.);
#1804 = FACE_BOUND('',#1805,.T.);
#1805 = EDGE_LOOP('',(#1806,#1814,#1825,#1826));
#1806 = ORIENTED_EDGE('',*,*,#1807,.T.);
#1807 = EDGE_CURVE('',#1054,#1808,#1810,.T.);
#1808 = VERTEX_POINT('',#1809);
#1809 = CARTESIAN_POINT('',(20.,-73.5627460668,29.01));
#1810 = LINE('',#1811,#1812);
#1811 = CARTESIAN_POINT('',(20.25,-73.5627460668,29.26));
#1812 = VECTOR('',#1813,1.);
#1813 = DIRECTION('',(-0.707106781187,2.90882763039E-35,-0.707106781187)
  );
#1814 = ORIENTED_EDGE('',*,*,#1815,.T.);
#1815 = EDGE_CURVE('',#1808,#1413,#1816,.T.);
#1816 = B_SPLINE_CURVE_WITH_KNOTS('',7,(#1817,#1818,#1819,#1820,#1821,
    #1822,#1823,#1824),.UNSPECIFIED.,.F.,.F.,(8,8),(312.7408548043,
    318.52272878479),.PIECEWISE_BEZIER_KNOTS.);
#1817 = CARTESIAN_POINT('',(20.,-73.5627460668,29.01));
#1818 = CARTESIAN_POINT('',(20.,-74.38035861128,29.01));
#1819 = CARTESIAN_POINT('',(20.195006517162,-75.20719746459,
    29.010000000001));
#1820 = CARTESIAN_POINT('',(20.592726969931,-75.98189671469,
    29.009999999997));
#1821 = CARTESIAN_POINT('',(21.174012861492,-76.64090122759,
    29.010000000002));
#1822 = CARTESIAN_POINT('',(21.892795531218,-77.13233649207,
    29.010000000001));
#1823 = CARTESIAN_POINT('',(22.688800650105,-77.4291715218,29.01));
#1824 = CARTESIAN_POINT('',(23.5,-77.5313730334,29.01));
#1825 = ORIENTED_EDGE('',*,*,#1774,.F.);
#1826 = ORIENTED_EDGE('',*,*,#1061,.F.);
#1827 = B_SPLINE_SURFACE_WITH_KNOTS('',1,7,(
    (#1828,#1829,#1830,#1831,#1832,#1833,#1834,#1835)
    ,(#1836,#1837,#1838,#1839,#1840,#1841,#1842,#1843
  )),.UNSPECIFIED.,.F.,.F.,.F.,(2,2),(8,8),(0.,5.781873980491),(
    312.7408548043,318.52272878479),.PIECEWISE_BEZIER_KNOTS.);
#1828 = CARTESIAN_POINT('',(20.5,-73.5627460668,29.51));
#1829 = CARTESIAN_POINT('',(20.5,-74.27815485011,29.51));
#1830 = CARTESIAN_POINT('',(20.670630467486,-75.00164930787,
    29.510000000001));
#1831 = CARTESIAN_POINT('',(21.018637124531,-75.67948763165,
    29.509999999999));
#1832 = CARTESIAN_POINT('',(21.527260819857,-76.25614612846,
    29.510000000001));
#1833 = CARTESIAN_POINT('',(22.156196262066,-76.6861327381,29.51));
#1834 = CARTESIAN_POINT('',(22.852699512188,-76.9458682068,29.51));
#1835 = CARTESIAN_POINT('',(23.5625,-77.03529466257,29.51));
#1836 = CARTESIAN_POINT('',(20.,-73.5627460668,29.01));
#1837 = CARTESIAN_POINT('',(20.,-74.38035861128,29.01));
#1838 = CARTESIAN_POINT('',(20.195006517162,-75.20719746459,
    29.010000000001));
#1839 = CARTESIAN_POINT('',(20.592726969931,-75.98189671469,
    29.009999999997));
#1840 = CARTESIAN_POINT('',(21.174012861492,-76.64090122759,
    29.010000000002));
#1841 = CARTESIAN_POINT('',(21.892795531218,-77.13233649207,
    29.010000000001));
#1842 = CARTESIAN_POINT('',(22.688800650105,-77.4291715218,29.01));
#1843 = CARTESIAN_POINT('',(23.5,-77.5313730334,29.01));
#1844 = ADVANCED_FACE('',(#1845),#1866,.T.);
#1845 = FACE_BOUND('',#1846,.T.);
#1846 = EDGE_LOOP('',(#1847,#1848,#1860,#1865));
#1847 = ORIENTED_EDGE('',*,*,#1792,.T.);
#1848 = ORIENTED_EDGE('',*,*,#1849,.T.);
#1849 = EDGE_CURVE('',#1361,#1850,#1852,.T.);
#1850 = VERTEX_POINT('',#1851);
#1851 = CARTESIAN_POINT('',(50.,-73.5627460668,29.01));
#1852 = B_SPLINE_CURVE_WITH_KNOTS('',6,(#1853,#1854,#1855,#1856,#1857,
    #1858,#1859),.UNSPECIFIED.,.F.,.F.,(7,7),(98.26711807584,
    104.04899205633),.PIECEWISE_BEZIER_KNOTS.);
#1853 = CARTESIAN_POINT('',(46.5,-77.5313730334,29.01));
#1854 = CARTESIAN_POINT('',(47.446399241544,-77.41213793654,29.01));
#1855 = CARTESIAN_POINT('',(48.371461332686,-77.02046668411,
    29.009999999998));
#1856 = CARTESIAN_POINT('',(49.167166645814,-76.35600917763,
    29.010000000001));
#1857 = CARTESIAN_POINT('',(49.727067566921,-75.48335442045,
    29.010000000004));
#1858 = CARTESIAN_POINT('',(50.,-74.51662736869,29.01));
#1859 = CARTESIAN_POINT('',(50.,-73.5627460668,29.01));
#1860 = ORIENTED_EDGE('',*,*,#1861,.F.);
#1861 = EDGE_CURVE('',#1008,#1850,#1862,.T.);
#1862 = B_SPLINE_CURVE_WITH_KNOTS('',1,(#1863,#1864),.UNSPECIFIED.,.F.,
  .F.,(2,2),(0.,5.781873980491),.PIECEWISE_BEZIER_KNOTS.);
#1863 = CARTESIAN_POINT('',(49.5,-73.5627460668,29.51));
#1864 = CARTESIAN_POINT('',(50.,-73.5627460668,29.01));
#1865 = ORIENTED_EDGE('',*,*,#1007,.F.);
#1866 = B_SPLINE_SURFACE_WITH_KNOTS('',1,6,(
    (#1867,#1868,#1869,#1870,#1871,#1872,#1873)
    ,(#1874,#1875,#1876,#1877,#1878,#1879,#1880
  )),.UNSPECIFIED.,.F.,.F.,.F.,(2,2),(7,7),(0.,5.781873980491),(
    98.26711807584,104.04899205633),.PIECEWISE_BEZIER_KNOTS.);
#1867 = CARTESIAN_POINT('',(46.4375,-77.03529466257,29.51));
#1868 = CARTESIAN_POINT('',(47.265596797795,-76.93096427265,29.51));
#1869 = CARTESIAN_POINT('',(48.075031143752,-76.58825260488,29.51));
#1870 = CARTESIAN_POINT('',(48.771271657374,-76.00684642327,29.51));
#1871 = CARTESIAN_POINT('',(49.261185355288,-75.2432845266,29.51));
#1872 = CARTESIAN_POINT('',(49.5,-74.39739130281,29.51));
#1873 = CARTESIAN_POINT('',(49.5,-73.5627460668,29.51));
#1874 = CARTESIAN_POINT('',(46.5,-77.5313730334,29.01));
#1875 = CARTESIAN_POINT('',(47.446399241544,-77.41213793654,29.01));
#1876 = CARTESIAN_POINT('',(48.371461332686,-77.02046668411,
    29.009999999998));
#1877 = CARTESIAN_POINT('',(49.167166645814,-76.35600917763,
    29.010000000001));
#1878 = CARTESIAN_POINT('',(49.727067566921,-75.48335442045,
    29.010000000004));
#1879 = CARTESIAN_POINT('',(50.,-74.51662736869,29.01));
#1880 = CARTESIAN_POINT('',(50.,-73.5627460668,29.01));
#1881 = ADVANCED_FACE('',(#1882),#1900,.F.);
#1882 = FACE_BOUND('',#1883,.F.);
#1883 = EDGE_LOOP('',(#1884,#1892,#1893,#1894));
#1884 = ORIENTED_EDGE('',*,*,#1885,.F.);
#1885 = EDGE_CURVE('',#1045,#1886,#1888,.T.);
#1886 = VERTEX_POINT('',#1887);
#1887 = CARTESIAN_POINT('',(20.,13.5,29.01));
#1888 = LINE('',#1889,#1890);
#1889 = CARTESIAN_POINT('',(20.,13.5,29.01));
#1890 = VECTOR('',#1891,1.);
#1891 = DIRECTION('',(-0.707106781187,4.329780281177E-17,-0.707106781187
    ));
#1892 = ORIENTED_EDGE('',*,*,#1053,.T.);
#1893 = ORIENTED_EDGE('',*,*,#1807,.T.);
#1894 = ORIENTED_EDGE('',*,*,#1895,.F.);
#1895 = EDGE_CURVE('',#1886,#1808,#1896,.T.);
#1896 = LINE('',#1897,#1898);
#1897 = CARTESIAN_POINT('',(20.,13.5,29.01));
#1898 = VECTOR('',#1899,1.);
#1899 = DIRECTION('',(0.,-1.,0.));
#1900 = PLANE('',#1901);
#1901 = AXIS2_PLACEMENT_3D('',#1902,#1903,#1904);
#1902 = CARTESIAN_POINT('',(20.25,13.5,29.26));
#1903 = DIRECTION('',(0.707106781187,1.889513820523E-18,-0.707106781187)
  );
#1904 = DIRECTION('',(1.336088035637E-18,-1.,-1.336088035637E-18));
#1905 = ADVANCED_FACE('',(#1906),#1924,.T.);
#1906 = FACE_BOUND('',#1907,.F.);
#1907 = EDGE_LOOP('',(#1908,#1909,#1910,#1918));
#1908 = ORIENTED_EDGE('',*,*,#1861,.F.);
#1909 = ORIENTED_EDGE('',*,*,#1019,.T.);
#1910 = ORIENTED_EDGE('',*,*,#1911,.T.);
#1911 = EDGE_CURVE('',#1020,#1912,#1914,.T.);
#1912 = VERTEX_POINT('',#1913);
#1913 = CARTESIAN_POINT('',(50.,13.5,29.01));
#1914 = LINE('',#1915,#1916);
#1915 = CARTESIAN_POINT('',(49.75,13.5,29.26));
#1916 = VECTOR('',#1917,1.);
#1917 = DIRECTION('',(0.707106781187,2.90882763039E-35,-0.707106781187)
  );
#1918 = ORIENTED_EDGE('',*,*,#1919,.F.);
#1919 = EDGE_CURVE('',#1850,#1912,#1920,.T.);
#1920 = LINE('',#1921,#1922);
#1921 = CARTESIAN_POINT('',(50.,-73.5627460668,29.01));
#1922 = VECTOR('',#1923,1.);
#1923 = DIRECTION('',(0.,1.,0.));
#1924 = PLANE('',#1925);
#1925 = AXIS2_PLACEMENT_3D('',#1926,#1927,#1928);
#1926 = CARTESIAN_POINT('',(49.75,-73.5627460668,29.26));
#1927 = DIRECTION('',(0.707106781187,-1.889513820523E-18,0.707106781187)
  );
#1928 = DIRECTION('',(-1.336088035637E-18,-1.,-1.336088035637E-18));
#1929 = ADVANCED_FACE('',(#1930),#1947,.T.);
#1930 = FACE_BOUND('',#1931,.F.);
#1931 = EDGE_LOOP('',(#1932,#1938,#1939,#1940));
#1932 = ORIENTED_EDGE('',*,*,#1933,.F.);
#1933 = EDGE_CURVE('',#1037,#1230,#1934,.T.);
#1934 = LINE('',#1935,#1936);
#1935 = CARTESIAN_POINT('',(24.,17.25,29.26));
#1936 = VECTOR('',#1937,1.);
#1937 = DIRECTION('',(-2.90882763039E-35,0.707106781187,-0.707106781187)
  );
#1938 = ORIENTED_EDGE('',*,*,#1044,.T.);
#1939 = ORIENTED_EDGE('',*,*,#1885,.T.);
#1940 = ORIENTED_EDGE('',*,*,#1941,.F.);
#1941 = EDGE_CURVE('',#1230,#1886,#1942,.T.);
#1942 = CIRCLE('',#1943,4.);
#1943 = AXIS2_PLACEMENT_3D('',#1944,#1945,#1946);
#1944 = CARTESIAN_POINT('',(24.,13.5,29.01));
#1945 = DIRECTION('',(0.,-0.,1.));
#1946 = DIRECTION('',(0.,1.,0.));
#1947 = CONICAL_SURFACE('',#1948,4.,0.785398163397);
#1948 = AXIS2_PLACEMENT_3D('',#1949,#1950,#1951);
#1949 = CARTESIAN_POINT('',(24.,13.5,29.01));
#1950 = DIRECTION('',(-0.,-0.,-1.));
#1951 = DIRECTION('',(0.,1.,0.));
#1952 = ADVANCED_FACE('',(#1953),#1970,.T.);
#1953 = FACE_BOUND('',#1954,.F.);
#1954 = EDGE_LOOP('',(#1955,#1956,#1957,#1963));
#1955 = ORIENTED_EDGE('',*,*,#1911,.F.);
#1956 = ORIENTED_EDGE('',*,*,#1027,.T.);
#1957 = ORIENTED_EDGE('',*,*,#1958,.T.);
#1958 = EDGE_CURVE('',#1028,#1157,#1959,.T.);
#1959 = LINE('',#1960,#1961);
#1960 = CARTESIAN_POINT('',(46.,17.5,29.01));
#1961 = VECTOR('',#1962,1.);
#1962 = DIRECTION('',(4.329780281177E-17,0.707106781187,-0.707106781187)
  );
#1963 = ORIENTED_EDGE('',*,*,#1964,.F.);
#1964 = EDGE_CURVE('',#1912,#1157,#1965,.T.);
#1965 = CIRCLE('',#1966,4.);
#1966 = AXIS2_PLACEMENT_3D('',#1967,#1968,#1969);
#1967 = CARTESIAN_POINT('',(46.,13.5,29.01));
#1968 = DIRECTION('',(0.,0.,1.));
#1969 = DIRECTION('',(1.,0.,0.));
#1970 = CONICAL_SURFACE('',#1971,4.,0.785398163397);
#1971 = AXIS2_PLACEMENT_3D('',#1972,#1973,#1974);
#1972 = CARTESIAN_POINT('',(46.,13.5,29.01));
#1973 = DIRECTION('',(-0.,-0.,-1.));
#1974 = DIRECTION('',(1.,0.,0.));
#1975 = ADVANCED_FACE('',(#1976),#1982,.T.);
#1976 = FACE_BOUND('',#1977,.F.);
#1977 = EDGE_LOOP('',(#1978,#1979,#1980,#1981));
#1978 = ORIENTED_EDGE('',*,*,#1958,.F.);
#1979 = ORIENTED_EDGE('',*,*,#1036,.T.);
#1980 = ORIENTED_EDGE('',*,*,#1933,.T.);
#1981 = ORIENTED_EDGE('',*,*,#1237,.F.);
#1982 = PLANE('',#1983);
#1983 = AXIS2_PLACEMENT_3D('',#1984,#1985,#1986);
#1984 = CARTESIAN_POINT('',(46.,17.25,29.26));
#1985 = DIRECTION('',(-1.889513820523E-18,0.707106781187,0.707106781187)
  );
#1986 = DIRECTION('',(1.,1.336088035637E-18,1.336088035637E-18));
#1987 = ADVANCED_FACE('',(#1988),#2007,.T.);
#1988 = FACE_BOUND('',#1989,.F.);
#1989 = EDGE_LOOP('',(#1990,#1991,#2000,#2006));
#1990 = ORIENTED_EDGE('',*,*,#1154,.F.);
#1991 = ORIENTED_EDGE('',*,*,#1992,.F.);
#1992 = EDGE_CURVE('',#1993,#1155,#1995,.T.);
#1993 = VERTEX_POINT('',#1994);
#1994 = CARTESIAN_POINT('',(50.,13.5,28.01));
#1995 = CIRCLE('',#1996,4.);
#1996 = AXIS2_PLACEMENT_3D('',#1997,#1998,#1999);
#1997 = CARTESIAN_POINT('',(46.,13.5,28.01));
#1998 = DIRECTION('',(0.,0.,1.));
#1999 = DIRECTION('',(1.,0.,0.));
#2000 = ORIENTED_EDGE('',*,*,#2001,.T.);
#2001 = EDGE_CURVE('',#1993,#1912,#2002,.T.);
#2002 = LINE('',#2003,#2004);
#2003 = CARTESIAN_POINT('',(50.,13.5,27.51));
#2004 = VECTOR('',#2005,1.);
#2005 = DIRECTION('',(0.,0.,1.));
#2006 = ORIENTED_EDGE('',*,*,#1964,.T.);
#2007 = CYLINDRICAL_SURFACE('',#2008,4.);
#2008 = AXIS2_PLACEMENT_3D('',#2009,#2010,#2011);
#2009 = CARTESIAN_POINT('',(46.,13.5,27.51));
#2010 = DIRECTION('',(0.,0.,1.));
#2011 = DIRECTION('',(0.,1.,0.));
#2012 = ADVANCED_FACE('',(#2013),#2032,.T.);
#2013 = FACE_BOUND('',#2014,.F.);
#2014 = EDGE_LOOP('',(#2015,#2023,#2030,#2031));
#2015 = ORIENTED_EDGE('',*,*,#2016,.F.);
#2016 = EDGE_CURVE('',#2017,#1886,#2019,.T.);
#2017 = VERTEX_POINT('',#2018);
#2018 = CARTESIAN_POINT('',(20.,13.5,28.01));
#2019 = LINE('',#2020,#2021);
#2020 = CARTESIAN_POINT('',(20.,13.5,27.51));
#2021 = VECTOR('',#2022,1.);
#2022 = DIRECTION('',(0.,0.,1.));
#2023 = ORIENTED_EDGE('',*,*,#2024,.T.);
#2024 = EDGE_CURVE('',#2017,#1222,#2025,.T.);
#2025 = CIRCLE('',#2026,4.);
#2026 = AXIS2_PLACEMENT_3D('',#2027,#2028,#2029);
#2027 = CARTESIAN_POINT('',(24.,13.5,28.01));
#2028 = DIRECTION('',(0.,0.,-1.));
#2029 = DIRECTION('',(-1.,4.440892098501E-16,0.));
#2030 = ORIENTED_EDGE('',*,*,#1229,.T.);
#2031 = ORIENTED_EDGE('',*,*,#1941,.T.);
#2032 = CYLINDRICAL_SURFACE('',#2033,4.);
#2033 = AXIS2_PLACEMENT_3D('',#2034,#2035,#2036);
#2034 = CARTESIAN_POINT('',(24.,13.5,27.51));
#2035 = DIRECTION('',(0.,0.,1.));
#2036 = DIRECTION('',(-1.,0.,0.));
#2037 = ADVANCED_FACE('',(#2038),#2049,.T.);
#2038 = FACE_BOUND('',#2039,.T.);
#2039 = EDGE_LOOP('',(#2040,#2046,#2047,#2048));
#2040 = ORIENTED_EDGE('',*,*,#2041,.F.);
#2041 = EDGE_CURVE('',#1278,#1993,#2042,.T.);
#2042 = LINE('',#2043,#2044);
#2043 = CARTESIAN_POINT('',(49.75,13.5,27.76));
#2044 = VECTOR('',#2045,1.);
#2045 = DIRECTION('',(0.707106781187,-2.90882763039E-35,0.707106781187)
  );
#2046 = ORIENTED_EDGE('',*,*,#1277,.T.);
#2047 = ORIENTED_EDGE('',*,*,#1251,.T.);
#2048 = ORIENTED_EDGE('',*,*,#1992,.F.);
#2049 = CONICAL_SURFACE('',#2050,4.,0.785398163397);
#2050 = AXIS2_PLACEMENT_3D('',#2051,#2052,#2053);
#2051 = CARTESIAN_POINT('',(46.,13.5,28.01));
#2052 = DIRECTION('',(0.,0.,1.));
#2053 = DIRECTION('',(1.,0.,0.));
#2054 = ADVANCED_FACE('',(#2055),#2066,.F.);
#2055 = FACE_BOUND('',#2056,.T.);
#2056 = EDGE_LOOP('',(#2057,#2058,#2059,#2065));
#2057 = ORIENTED_EDGE('',*,*,#1321,.F.);
#2058 = ORIENTED_EDGE('',*,*,#1306,.T.);
#2059 = ORIENTED_EDGE('',*,*,#2060,.T.);
#2060 = EDGE_CURVE('',#1295,#1370,#2061,.T.);
#2061 = LINE('',#2062,#2063);
#2062 = CARTESIAN_POINT('',(46.5,-77.5313730334,28.01));
#2063 = VECTOR('',#2064,1.);
#2064 = DIRECTION('',(8.838834764832E-02,-0.70156076002,0.707106781187)
  );
#2065 = ORIENTED_EDGE('',*,*,#1379,.F.);
#2066 = CONICAL_SURFACE('',#2067,4.,0.785398163397);
#2067 = AXIS2_PLACEMENT_3D('',#2068,#2069,#2070);
#2068 = CARTESIAN_POINT('',(47.,-81.5,28.01));
#2069 = DIRECTION('',(-0.,-0.,-1.));
#2070 = DIRECTION('',(-1.,0.,0.));
#2071 = ADVANCED_FACE('',(#2072),#2093,.F.);
#2072 = FACE_BOUND('',#2073,.F.);
#2073 = EDGE_LOOP('',(#2074,#2075,#2087,#2092));
#2074 = ORIENTED_EDGE('',*,*,#2060,.T.);
#2075 = ORIENTED_EDGE('',*,*,#2076,.T.);
#2076 = EDGE_CURVE('',#1370,#2077,#2079,.T.);
#2077 = VERTEX_POINT('',#2078);
#2078 = CARTESIAN_POINT('',(50.,-73.5627460668,28.01));
#2079 = B_SPLINE_CURVE_WITH_KNOTS('',6,(#2080,#2081,#2082,#2083,#2084,
    #2085,#2086),.UNSPECIFIED.,.F.,.F.,(7,7),(5.781873982507,
    11.563747962999),.PIECEWISE_BEZIER_KNOTS.);
#2080 = CARTESIAN_POINT('',(46.5,-77.5313730334,28.01));
#2081 = CARTESIAN_POINT('',(47.446399241545,-77.41213793654,28.01));
#2082 = CARTESIAN_POINT('',(48.371461332686,-77.02046668411,
    28.010000000002));
#2083 = CARTESIAN_POINT('',(49.167166645815,-76.35600917763,
    28.009999999999));
#2084 = CARTESIAN_POINT('',(49.727067566921,-75.48335442044,
    28.009999999996));
#2085 = CARTESIAN_POINT('',(50.,-74.51662736869,28.01));
#2086 = CARTESIAN_POINT('',(50.,-73.5627460668,28.01));
#2087 = ORIENTED_EDGE('',*,*,#2088,.F.);
#2088 = EDGE_CURVE('',#1287,#2077,#2089,.T.);
#2089 = B_SPLINE_CURVE_WITH_KNOTS('',1,(#2090,#2091),.UNSPECIFIED.,.F.,
  .F.,(2,2),(0.,5.781873980491),.PIECEWISE_BEZIER_KNOTS.);
#2090 = CARTESIAN_POINT('',(49.5,-73.5627460668,27.51));
#2091 = CARTESIAN_POINT('',(50.,-73.5627460668,28.01));
#2092 = ORIENTED_EDGE('',*,*,#1294,.F.);
#2093 = B_SPLINE_SURFACE_WITH_KNOTS('',1,6,(
    (#2094,#2095,#2096,#2097,#2098,#2099,#2100)
    ,(#2101,#2102,#2103,#2104,#2105,#2106,#2107
  )),.UNSPECIFIED.,.F.,.F.,.F.,(2,2),(7,7),(0.,5.781873980491),(
    5.781873982507,11.563747962999),.PIECEWISE_BEZIER_KNOTS.);
#2094 = CARTESIAN_POINT('',(46.4375,-77.03529466257,27.51));
#2095 = CARTESIAN_POINT('',(47.265596797796,-76.93096427265,27.51));
#2096 = CARTESIAN_POINT('',(48.075031143752,-76.58825260488,27.51));
#2097 = CARTESIAN_POINT('',(48.771271657375,-76.00684642327,27.51));
#2098 = CARTESIAN_POINT('',(49.261185355289,-75.24328452659,27.51));
#2099 = CARTESIAN_POINT('',(49.5,-74.39739130281,27.51));
#2100 = CARTESIAN_POINT('',(49.5,-73.5627460668,27.51));
#2101 = CARTESIAN_POINT('',(46.5,-77.5313730334,28.01));
#2102 = CARTESIAN_POINT('',(47.446399241545,-77.41213793654,28.01));
#2103 = CARTESIAN_POINT('',(48.371461332686,-77.02046668411,
    28.010000000002));
#2104 = CARTESIAN_POINT('',(49.167166645815,-76.35600917763,
    28.009999999999));
#2105 = CARTESIAN_POINT('',(49.727067566921,-75.48335442044,
    28.009999999996));
#2106 = CARTESIAN_POINT('',(50.,-74.51662736869,28.01));
#2107 = CARTESIAN_POINT('',(50.,-73.5627460668,28.01));
#2108 = ADVANCED_FACE('',(#2109),#2120,.T.);
#2109 = FACE_BOUND('',#2110,.T.);
#2110 = EDGE_LOOP('',(#2111,#2112,#2113,#2114));
#2111 = ORIENTED_EDGE('',*,*,#2088,.F.);
#2112 = ORIENTED_EDGE('',*,*,#1286,.T.);
#2113 = ORIENTED_EDGE('',*,*,#2041,.T.);
#2114 = ORIENTED_EDGE('',*,*,#2115,.F.);
#2115 = EDGE_CURVE('',#2077,#1993,#2116,.T.);
#2116 = LINE('',#2117,#2118);
#2117 = CARTESIAN_POINT('',(50.,-73.5627460668,28.01));
#2118 = VECTOR('',#2119,1.);
#2119 = DIRECTION('',(0.,1.,0.));
#2120 = PLANE('',#2121);
#2121 = AXIS2_PLACEMENT_3D('',#2122,#2123,#2124);
#2122 = CARTESIAN_POINT('',(49.75,-73.5627460668,27.76));
#2123 = DIRECTION('',(0.707106781187,1.889513820523E-18,-0.707106781187)
  );
#2124 = DIRECTION('',(-1.336088035637E-18,1.,1.336088035637E-18));
#2125 = ADVANCED_FACE('',(#2126),#2139,.F.);
#2126 = FACE_BOUND('',#2127,.F.);
#2127 = EDGE_LOOP('',(#2128,#2129,#2130,#2138));
#2128 = ORIENTED_EDGE('',*,*,#1369,.F.);
#2129 = ORIENTED_EDGE('',*,*,#1849,.T.);
#2130 = ORIENTED_EDGE('',*,*,#2131,.T.);
#2131 = EDGE_CURVE('',#1850,#2077,#2132,.T.);
#2132 = B_SPLINE_CURVE_WITH_KNOTS('',2,(#2133,#2134,#2135,#2136,#2137),
  .UNSPECIFIED.,.F.,.F.,(3,1,1,3),(-0.1224,2.386E-14,2.,2.1224),
  .UNSPECIFIED.);
#2133 = CARTESIAN_POINT('',(50.,-73.5627460668,29.6324));
#2134 = CARTESIAN_POINT('',(50.,-73.5627460668,29.5712));
#2135 = CARTESIAN_POINT('',(50.,-73.5627460668,28.51));
#2136 = CARTESIAN_POINT('',(50.,-73.5627460668,27.4488));
#2137 = CARTESIAN_POINT('',(50.,-73.5627460668,27.3876));
#2138 = ORIENTED_EDGE('',*,*,#2076,.F.);
#2139 = ( BOUNDED_SURFACE() B_SPLINE_SURFACE(2,2,(
    (#2140,#2141,#2142,#2143,#2144)
    ,(#2145,#2146,#2147,#2148,#2149)
    ,(#2150,#2151,#2152,#2153,#2154
)),.UNSPECIFIED.,.F.,.F.,.F.) B_SPLINE_SURFACE_WITH_KNOTS((3,3),(3,1,1,3
    ),(0.,2.),(-0.1224,2.386E-14,2.,2.1224),.UNSPECIFIED.) 
GEOMETRIC_REPRESENTATION_ITEM() RATIONAL_B_SPLINE_SURFACE((
    (1.,1.,1.,1.,1.)
    ,(0.75,0.75,0.75,0.75,0.75)
,(1.,1.,1.,1.,1.))) REPRESENTATION_ITEM('') SURFACE() );
#2140 = CARTESIAN_POINT('',(46.5,-77.5313730334,29.6324));
#2141 = CARTESIAN_POINT('',(46.5,-77.5313730334,29.5712));
#2142 = CARTESIAN_POINT('',(46.5,-77.5313730334,28.51));
#2143 = CARTESIAN_POINT('',(46.5,-77.5313730334,27.4488));
#2144 = CARTESIAN_POINT('',(46.5,-77.5313730334,27.3876));
#2145 = CARTESIAN_POINT('',(50.,-77.09041448155,29.6324));
#2146 = CARTESIAN_POINT('',(50.,-77.09041448155,29.5712));
#2147 = CARTESIAN_POINT('',(50.,-77.09041448155,28.51));
#2148 = CARTESIAN_POINT('',(50.,-77.09041448155,27.4488));
#2149 = CARTESIAN_POINT('',(50.,-77.09041448155,27.3876));
#2150 = CARTESIAN_POINT('',(50.,-73.5627460668,29.6324));
#2151 = CARTESIAN_POINT('',(50.,-73.5627460668,29.5712));
#2152 = CARTESIAN_POINT('',(50.,-73.5627460668,28.51));
#2153 = CARTESIAN_POINT('',(50.,-73.5627460668,27.4488));
#2154 = CARTESIAN_POINT('',(50.,-73.5627460668,27.3876));
#2155 = ADVANCED_FACE('',(#2156),#2180,.T.);
#2156 = FACE_BOUND('',#2157,.T.);
#2157 = EDGE_LOOP('',(#2158,#2159,#2160,#2170));
#2158 = ORIENTED_EDGE('',*,*,#1421,.F.);
#2159 = ORIENTED_EDGE('',*,*,#1815,.F.);
#2160 = ORIENTED_EDGE('',*,*,#2161,.T.);
#2161 = EDGE_CURVE('',#1808,#2162,#2164,.T.);
#2162 = VERTEX_POINT('',#2163);
#2163 = CARTESIAN_POINT('',(20.,-73.5627460668,28.01));
#2164 = B_SPLINE_CURVE_WITH_KNOTS('',2,(#2165,#2166,#2167,#2168,#2169),
  .UNSPECIFIED.,.F.,.F.,(3,1,1,3),(-0.1224,2.386E-14,2.,2.1224),
  .UNSPECIFIED.);
#2165 = CARTESIAN_POINT('',(20.,-73.5627460668,29.6324));
#2166 = CARTESIAN_POINT('',(20.,-73.5627460668,29.5712));
#2167 = CARTESIAN_POINT('',(20.,-73.5627460668,28.51));
#2168 = CARTESIAN_POINT('',(20.,-73.5627460668,27.4488));
#2169 = CARTESIAN_POINT('',(20.,-73.5627460668,27.3876));
#2170 = ORIENTED_EDGE('',*,*,#2171,.F.);
#2171 = EDGE_CURVE('',#1422,#2162,#2172,.T.);
#2172 = B_SPLINE_CURVE_WITH_KNOTS('',6,(#2173,#2174,#2175,#2176,#2177,
    #2178,#2179),.UNSPECIFIED.,.F.,.F.,(7,7),(5.781873982507,
    11.563747962999),.PIECEWISE_BEZIER_KNOTS.);
#2173 = CARTESIAN_POINT('',(23.5,-77.5313730334,28.01));
#2174 = CARTESIAN_POINT('',(22.553600758456,-77.41213793654,28.01));
#2175 = CARTESIAN_POINT('',(21.628538667314,-77.02046668411,
    28.010000000002));
#2176 = CARTESIAN_POINT('',(20.832833354187,-76.35600917763,
    28.009999999999));
#2177 = CARTESIAN_POINT('',(20.272932433079,-75.48335442044,
    28.009999999996));
#2178 = CARTESIAN_POINT('',(20.,-74.51662736869,28.01));
#2179 = CARTESIAN_POINT('',(20.,-73.5627460668,28.01));
#2180 = ( BOUNDED_SURFACE() B_SPLINE_SURFACE(2,2,(
    (#2181,#2182,#2183,#2184,#2185)
    ,(#2186,#2187,#2188,#2189,#2190)
    ,(#2191,#2192,#2193,#2194,#2195
)),.UNSPECIFIED.,.F.,.F.,.F.) B_SPLINE_SURFACE_WITH_KNOTS((3,3),(3,1,1,3
    ),(0.,2.),(-0.1224,2.386E-14,2.,2.1224),.UNSPECIFIED.) 
GEOMETRIC_REPRESENTATION_ITEM() RATIONAL_B_SPLINE_SURFACE((
    (1.,1.,1.,1.,1.)
    ,(0.75,0.75,0.75,0.75,0.75)
,(1.,1.,1.,1.,1.))) REPRESENTATION_ITEM('') SURFACE() );
#2181 = CARTESIAN_POINT('',(23.5,-77.5313730334,29.6324));
#2182 = CARTESIAN_POINT('',(23.5,-77.5313730334,29.5712));
#2183 = CARTESIAN_POINT('',(23.5,-77.5313730334,28.51));
#2184 = CARTESIAN_POINT('',(23.5,-77.5313730334,27.4488));
#2185 = CARTESIAN_POINT('',(23.5,-77.5313730334,27.3876));
#2186 = CARTESIAN_POINT('',(20.,-77.09041448155,29.6324));
#2187 = CARTESIAN_POINT('',(20.,-77.09041448155,29.5712));
#2188 = CARTESIAN_POINT('',(20.,-77.09041448155,28.51));
#2189 = CARTESIAN_POINT('',(20.,-77.09041448155,27.4488));
#2190 = CARTESIAN_POINT('',(20.,-77.09041448155,27.3876));
#2191 = CARTESIAN_POINT('',(20.,-73.5627460668,29.6324));
#2192 = CARTESIAN_POINT('',(20.,-73.5627460668,29.5712));
#2193 = CARTESIAN_POINT('',(20.,-73.5627460668,28.51));
#2194 = CARTESIAN_POINT('',(20.,-73.5627460668,27.4488));
#2195 = CARTESIAN_POINT('',(20.,-73.5627460668,27.3876));
#2196 = ADVANCED_FACE('',(#2197),#2208,.F.);
#2197 = FACE_BOUND('',#2198,.F.);
#2198 = EDGE_LOOP('',(#2199,#2200,#2201,#2207));
#2199 = ORIENTED_EDGE('',*,*,#1552,.F.);
#2200 = ORIENTED_EDGE('',*,*,#1507,.T.);
#2201 = ORIENTED_EDGE('',*,*,#2202,.T.);
#2202 = EDGE_CURVE('',#1508,#1422,#2203,.T.);
#2203 = LINE('',#2204,#2205);
#2204 = CARTESIAN_POINT('',(23.5,-77.5313730334,28.01));
#2205 = VECTOR('',#2206,1.);
#2206 = DIRECTION('',(-8.838834764832E-02,-0.70156076002,0.707106781187)
  );
#2207 = ORIENTED_EDGE('',*,*,#1431,.F.);
#2208 = CONICAL_SURFACE('',#2209,4.,0.785398163397);
#2209 = AXIS2_PLACEMENT_3D('',#2210,#2211,#2212);
#2210 = CARTESIAN_POINT('',(23.,-81.5,28.01));
#2211 = DIRECTION('',(-0.,-0.,-1.));
#2212 = DIRECTION('',(1.,0.,0.));
#2213 = ADVANCED_FACE('',(#2214),#2225,.T.);
#2214 = FACE_BOUND('',#2215,.F.);
#2215 = EDGE_LOOP('',(#2216,#2222,#2223,#2224));
#2216 = ORIENTED_EDGE('',*,*,#2217,.F.);
#2217 = EDGE_CURVE('',#1529,#2017,#2218,.T.);
#2218 = LINE('',#2219,#2220);
#2219 = CARTESIAN_POINT('',(20.25,13.5,27.76));
#2220 = VECTOR('',#2221,1.);
#2221 = DIRECTION('',(-0.707106781187,-2.90882763039E-35,0.707106781187)
  );
#2222 = ORIENTED_EDGE('',*,*,#1536,.T.);
#2223 = ORIENTED_EDGE('',*,*,#1482,.T.);
#2224 = ORIENTED_EDGE('',*,*,#2024,.F.);
#2225 = CONICAL_SURFACE('',#2226,4.,0.785398163397);
#2226 = AXIS2_PLACEMENT_3D('',#2227,#2228,#2229);
#2227 = CARTESIAN_POINT('',(24.,13.5,28.01));
#2228 = DIRECTION('',(0.,0.,1.));
#2229 = DIRECTION('',(-1.,4.440892098501E-16,0.));
#2230 = ADVANCED_FACE('',(#2231),#2241,.T.);
#2231 = FACE_BOUND('',#2232,.T.);
#2232 = EDGE_LOOP('',(#2233,#2234,#2235,#2240));
#2233 = ORIENTED_EDGE('',*,*,#2202,.T.);
#2234 = ORIENTED_EDGE('',*,*,#2171,.T.);
#2235 = ORIENTED_EDGE('',*,*,#2236,.F.);
#2236 = EDGE_CURVE('',#1517,#2162,#2237,.T.);
#2237 = B_SPLINE_CURVE_WITH_KNOTS('',1,(#2238,#2239),.UNSPECIFIED.,.F.,
  .F.,(2,2),(0.,5.781873980491),.PIECEWISE_BEZIER_KNOTS.);
#2238 = CARTESIAN_POINT('',(20.5,-73.5627460668,27.51));
#2239 = CARTESIAN_POINT('',(20.,-73.5627460668,28.01));
#2240 = ORIENTED_EDGE('',*,*,#1516,.F.);
#2241 = B_SPLINE_SURFACE_WITH_KNOTS('',1,6,(
    (#2242,#2243,#2244,#2245,#2246,#2247,#2248)
    ,(#2249,#2250,#2251,#2252,#2253,#2254,#2255
  )),.UNSPECIFIED.,.F.,.F.,.F.,(2,2),(7,7),(0.,5.781873980491),(
    5.781873982507,11.563747962999),.PIECEWISE_BEZIER_KNOTS.);
#2242 = CARTESIAN_POINT('',(23.5625,-77.03529466257,27.51));
#2243 = CARTESIAN_POINT('',(22.734403202205,-76.93096427265,27.51));
#2244 = CARTESIAN_POINT('',(21.924968856247,-76.58825260488,27.51));
#2245 = CARTESIAN_POINT('',(21.228728342627,-76.00684642327,27.51));
#2246 = CARTESIAN_POINT('',(20.738814644711,-75.2432845266,27.51));
#2247 = CARTESIAN_POINT('',(20.5,-74.39739130281,27.51));
#2248 = CARTESIAN_POINT('',(20.5,-73.5627460668,27.51));
#2249 = CARTESIAN_POINT('',(23.5,-77.5313730334,28.01));
#2250 = CARTESIAN_POINT('',(22.553600758456,-77.41213793654,28.01));
#2251 = CARTESIAN_POINT('',(21.628538667314,-77.02046668411,
    28.010000000002));
#2252 = CARTESIAN_POINT('',(20.832833354187,-76.35600917763,
    28.009999999999));
#2253 = CARTESIAN_POINT('',(20.272932433079,-75.48335442044,
    28.009999999996));
#2254 = CARTESIAN_POINT('',(20.,-74.51662736869,28.01));
#2255 = CARTESIAN_POINT('',(20.,-73.5627460668,28.01));
#2256 = ADVANCED_FACE('',(#2257),#2268,.F.);
#2257 = FACE_BOUND('',#2258,.F.);
#2258 = EDGE_LOOP('',(#2259,#2260,#2261,#2262));
#2259 = ORIENTED_EDGE('',*,*,#2236,.F.);
#2260 = ORIENTED_EDGE('',*,*,#1528,.T.);
#2261 = ORIENTED_EDGE('',*,*,#2217,.T.);
#2262 = ORIENTED_EDGE('',*,*,#2263,.F.);
#2263 = EDGE_CURVE('',#2162,#2017,#2264,.T.);
#2264 = LINE('',#2265,#2266);
#2265 = CARTESIAN_POINT('',(20.,-73.5627460668,28.01));
#2266 = VECTOR('',#2267,1.);
#2267 = DIRECTION('',(0.,1.,0.));
#2268 = PLANE('',#2269);
#2269 = AXIS2_PLACEMENT_3D('',#2270,#2271,#2272);
#2270 = CARTESIAN_POINT('',(20.25,-73.5627460668,27.76));
#2271 = DIRECTION('',(0.707106781187,-1.889513820523E-18,0.707106781187)
  );
#2272 = DIRECTION('',(1.336088035637E-18,1.,1.336088035637E-18));
#2273 = ADVANCED_FACE('',(#2274),#2280,.F.);
#2274 = FACE_BOUND('',#2275,.F.);
#2275 = EDGE_LOOP('',(#2276,#2277,#2278,#2279));
#2276 = ORIENTED_EDGE('',*,*,#2016,.T.);
#2277 = ORIENTED_EDGE('',*,*,#1895,.T.);
#2278 = ORIENTED_EDGE('',*,*,#2161,.T.);
#2279 = ORIENTED_EDGE('',*,*,#2263,.T.);
#2280 = PLANE('',#2281);
#2281 = AXIS2_PLACEMENT_3D('',#2282,#2283,#2284);
#2282 = CARTESIAN_POINT('',(20.,-30.,28.51));
#2283 = DIRECTION('',(1.,0.,0.));
#2284 = DIRECTION('',(0.,0.,1.));
#2285 = ADVANCED_FACE('',(#2286),#2292,.T.);
#2286 = FACE_BOUND('',#2287,.T.);
#2287 = EDGE_LOOP('',(#2288,#2289,#2290,#2291));
#2288 = ORIENTED_EDGE('',*,*,#2001,.T.);
#2289 = ORIENTED_EDGE('',*,*,#1919,.F.);
#2290 = ORIENTED_EDGE('',*,*,#2131,.T.);
#2291 = ORIENTED_EDGE('',*,*,#2115,.T.);
#2292 = PLANE('',#2293);
#2293 = AXIS2_PLACEMENT_3D('',#2294,#2295,#2296);
#2294 = CARTESIAN_POINT('',(50.,-30.,28.51));
#2295 = DIRECTION('',(1.,0.,0.));
#2296 = DIRECTION('',(0.,0.,1.));
#2297 = ( GEOMETRIC_REPRESENTATION_CONTEXT(3) 
GLOBAL_UNCERTAINTY_ASSIGNED_CONTEXT((#2301)) 
GLOBAL_UNIT_ASSIGNED_CONTEXT((#2298,#2299,#2300)) REPRESENTATION_CONTEXT
('Context #1','3D Context with UNIT and UNCERTAINTY') );
#2298 = ( LENGTH_UNIT() NAMED_UNIT(*) SI_UNIT(.MILLI.,.METRE.) );
#2299 = ( NAMED_UNIT(*) PLANE_ANGLE_UNIT() SI_UNIT($,.RADIAN.) );
#2300 = ( NAMED_UNIT(*) SI_UNIT($,.STERADIAN.) SOLID_ANGLE_UNIT() );
#2301 = UNCERTAINTY_MEASURE_WITH_UNIT(LENGTH_MEASURE(1.E-07),#2298,
  'distance_accuracy_value','confusion accuracy');
#2302 = PRODUCT_RELATED_PRODUCT_CATEGORY('part',$,(#7));
#2303 = MECHANICAL_DESIGN_GEOMETRIC_PRESENTATION_REPRESENTATION('',(
    #2304),#2297);
#2304 = STYLED_ITEM('color',(#2305),#15);
#2305 = PRESENTATION_STYLE_ASSIGNMENT((#2306,#2312));
#2306 = SURFACE_STYLE_USAGE(.BOTH.,#2307);
#2307 = SURFACE_SIDE_STYLE('',(#2308));
#2308 = SURFACE_STYLE_FILL_AREA(#2309);
#2309 = FILL_AREA_STYLE('',(#2310));
#2310 = FILL_AREA_STYLE_COLOUR('',#2311);
#2311 = COLOUR_RGB('',0.800000010877,0.800000010877,0.901960800373);
#2312 = CURVE_STYLE('',#2313,POSITIVE_LENGTH_MEASURE(0.1),#2314);
#2313 = DRAUGHTING_PRE_DEFINED_CURVE_FONT('continuous');
#2314 = COLOUR_RGB('',9.803921802644E-02,9.803921802644E-02,
  9.803921802644E-02);
ENDSEC;
END-ISO-10303-21;
