ISO-10303-21;
HEADER;
FILE_DESCRIPTION(('FreeCAD Model'),'2;1');
FILE_NAME('Open CASCADE Shape Model','2026-06-12T10:15:19',(''),(''),
  'Open CASCADE STEP processor 7.8','FreeCAD','Unknown');
FILE_SCHEMA(('AUTOMOTIVE_DESIGN { 1 0 10303 214 1 1 1 1 }'));
ENDSEC;
DATA;
#1 = APPLICATION_PROTOCOL_DEFINITION('international standard',
  'automotive_design',2000,#2);
#2 = APPLICATION_CONTEXT(
  'core data for automotive mechanical design processes');
#3 = SHAPE_DEFINITION_REPRESENTATION(#4,#10);
#4 = PRODUCT_DEFINITION_SHAPE('','',#5);
#5 = PRODUCT_DEFINITION('design','',#6,#9);
#6 = PRODUCT_DEFINITION_FORMATION('','',#7);
#7 = PRODUCT('Chamfer012','Chamfer012','',(#8));
#8 = PRODUCT_CONTEXT('',#2,'mechanical');
#9 = PRODUCT_DEFINITION_CONTEXT('part definition',#2,'design');
#10 = ADVANCED_BREP_SHAPE_REPRESENTATION('',(#11,#15),#2655);
#11 = AXIS2_PLACEMENT_3D('',#12,#13,#14);
#12 = CARTESIAN_POINT('',(0.,0.,0.));
#13 = DIRECTION('',(0.,0.,1.));
#14 = DIRECTION('',(1.,0.,-0.));
#15 = MANIFOLD_SOLID_BREP('',#16);
#16 = CLOSED_SHELL('',(#17,#115,#240,#264,#297,#358,#389,#456,#487,#518,
    #542,#566,#629,#646,#657,#781,#805,#922,#939,#982,#1025,#1068,#1111,
    #1128,#1148,#1172,#1196,#1221,#1239,#1264,#1288,#1363,#1388,#1413,
    #1437,#1454,#1479,#1530,#1603,#1615,#1650,#1685,#1707,#1729,#1746,
    #1758,#1775,#1792,#1816,#1918,#1982,#2006,#2030,#2047,#2072,#2089,
    #2106,#2130,#2185,#2209,#2233,#2250,#2275,#2300,#2319,#2331,#2362,
    #2379,#2396,#2416,#2433,#2445,#2464,#2476,#2500,#2524,#2541,#2559,
    #2579,#2596,#2609,#2621,#2646));
#17 = ADVANCED_FACE('',(#18),#110,.T.);
#18 = FACE_BOUND('',#19,.T.);
#19 = EDGE_LOOP('',(#20,#30,#38,#46,#54,#62,#70,#78,#86,#94,#103));
#20 = ORIENTED_EDGE('',*,*,#21,.F.);
#21 = EDGE_CURVE('',#22,#24,#26,.T.);
#22 = VERTEX_POINT('',#23);
#23 = CARTESIAN_POINT('',(20.5,0.,1.51));
#24 = VERTEX_POINT('',#25);
#25 = CARTESIAN_POINT('',(45.,0.,1.51));
#26 = LINE('',#27,#28);
#27 = CARTESIAN_POINT('',(20.,0.,1.51));
#28 = VECTOR('',#29,1.);
#29 = DIRECTION('',(1.,0.,0.));
#30 = ORIENTED_EDGE('',*,*,#31,.T.);
#31 = EDGE_CURVE('',#22,#32,#34,.T.);
#32 = VERTEX_POINT('',#33);
#33 = CARTESIAN_POINT('',(20.,0.,2.01));
#34 = LINE('',#35,#36);
#35 = CARTESIAN_POINT('',(20.5,4.E-17,1.51));
#36 = VECTOR('',#37,1.);
#37 = DIRECTION('',(-0.707106781187,0.,0.707106781187));
#38 = ORIENTED_EDGE('',*,*,#39,.T.);
#39 = EDGE_CURVE('',#32,#40,#42,.T.);
#40 = VERTEX_POINT('',#41);
#41 = CARTESIAN_POINT('',(20.,-7.32507987859E-34,20.01));
#42 = LINE('',#43,#44);
#43 = CARTESIAN_POINT('',(20.,1.7E-16,1.51));
#44 = VECTOR('',#45,1.);
#45 = DIRECTION('',(0.,0.,1.));
#46 = ORIENTED_EDGE('',*,*,#47,.F.);
#47 = EDGE_CURVE('',#48,#40,#50,.T.);
#48 = VERTEX_POINT('',#49);
#49 = CARTESIAN_POINT('',(27.5,-4.163336342344E-16,20.01));
#50 = LINE('',#51,#52);
#51 = CARTESIAN_POINT('',(27.5,4.E-17,20.01));
#52 = VECTOR('',#53,1.);
#53 = DIRECTION('',(-1.,0.,0.));
#54 = ORIENTED_EDGE('',*,*,#55,.T.);
#55 = EDGE_CURVE('',#48,#56,#58,.T.);
#56 = VERTEX_POINT('',#57);
#57 = CARTESIAN_POINT('',(27.5,0.,11.51));
#58 = LINE('',#59,#60);
#59 = CARTESIAN_POINT('',(27.5,4.4E-16,29.51));
#60 = VECTOR('',#61,1.);
#61 = DIRECTION('',(-0.,-0.,-1.));
#62 = ORIENTED_EDGE('',*,*,#63,.F.);
#63 = EDGE_CURVE('',#64,#56,#66,.T.);
#64 = VERTEX_POINT('',#65);
#65 = CARTESIAN_POINT('',(42.5,0.,11.51));
#66 = LINE('',#67,#68);
#67 = CARTESIAN_POINT('',(42.5,4.4E-16,11.51));
#68 = VECTOR('',#69,1.);
#69 = DIRECTION('',(-1.,0.,0.));
#70 = ORIENTED_EDGE('',*,*,#71,.F.);
#71 = EDGE_CURVE('',#72,#64,#74,.T.);
#72 = VERTEX_POINT('',#73);
#73 = CARTESIAN_POINT('',(42.5,-4.163336342344E-16,20.01));
#74 = LINE('',#75,#76);
#75 = CARTESIAN_POINT('',(42.5,4.4E-16,29.51));
#76 = VECTOR('',#77,1.);
#77 = DIRECTION('',(-0.,-0.,-1.));
#78 = ORIENTED_EDGE('',*,*,#79,.F.);
#79 = EDGE_CURVE('',#80,#72,#82,.T.);
#80 = VERTEX_POINT('',#81);
#81 = CARTESIAN_POINT('',(50.,0.,20.01));
#82 = LINE('',#83,#84);
#83 = CARTESIAN_POINT('',(50.,4.E-17,20.01));
#84 = VECTOR('',#85,1.);
#85 = DIRECTION('',(-1.,0.,0.));
#86 = ORIENTED_EDGE('',*,*,#87,.F.);
#87 = EDGE_CURVE('',#88,#80,#90,.T.);
#88 = VERTEX_POINT('',#89);
#89 = CARTESIAN_POINT('',(50.,1.E-15,6.509999918696));
#90 = LINE('',#91,#92);
#91 = CARTESIAN_POINT('',(50.,1.7E-16,1.51));
#92 = VECTOR('',#93,1.);
#93 = DIRECTION('',(0.,0.,1.));
#94 = ORIENTED_EDGE('',*,*,#95,.F.);
#95 = EDGE_CURVE('',#96,#88,#98,.T.);
#96 = VERTEX_POINT('',#97);
#97 = CARTESIAN_POINT('',(40.,2.E-15,6.51));
#98 = CIRCLE('',#99,5.);
#99 = AXIS2_PLACEMENT_3D('',#100,#101,#102);
#100 = CARTESIAN_POINT('',(45.,0.,6.51));
#101 = DIRECTION('',(0.,1.,-0.));
#102 = DIRECTION('',(-1.,0.,0.));
#103 = ORIENTED_EDGE('',*,*,#104,.F.);
#104 = EDGE_CURVE('',#24,#96,#105,.T.);
#105 = CIRCLE('',#106,5.);
#106 = AXIS2_PLACEMENT_3D('',#107,#108,#109);
#107 = CARTESIAN_POINT('',(45.,0.,6.51));
#108 = DIRECTION('',(0.,1.,-0.));
#109 = DIRECTION('',(-1.,0.,0.));
#110 = PLANE('',#111);
#111 = AXIS2_PLACEMENT_3D('',#112,#113,#114);
#112 = CARTESIAN_POINT('',(35.,8.E-17,15.51));
#113 = DIRECTION('',(0.,1.,0.));
#114 = DIRECTION('',(0.,0.,1.));
#115 = ADVANCED_FACE('',(#116,#157,#191,#202,#213,#224),#235,.T.);
#116 = FACE_BOUND('',#117,.T.);
#117 = EDGE_LOOP('',(#118,#128,#134,#135,#143,#151));
#118 = ORIENTED_EDGE('',*,*,#119,.T.);
#119 = EDGE_CURVE('',#120,#122,#124,.T.);
#120 = VERTEX_POINT('',#121);
#121 = CARTESIAN_POINT('',(49.5,-95.,1.51));
#122 = VERTEX_POINT('',#123);
#123 = CARTESIAN_POINT('',(20.5,-95.,1.51));
#124 = LINE('',#125,#126);
#125 = CARTESIAN_POINT('',(50.,-95.,1.51));
#126 = VECTOR('',#127,1.);
#127 = DIRECTION('',(-1.,0.,0.));
#128 = ORIENTED_EDGE('',*,*,#129,.T.);
#129 = EDGE_CURVE('',#122,#22,#130,.T.);
#130 = LINE('',#131,#132);
#131 = CARTESIAN_POINT('',(20.5,-95.,1.51));
#132 = VECTOR('',#133,1.);
#133 = DIRECTION('',(0.,1.,0.));
#134 = ORIENTED_EDGE('',*,*,#21,.T.);
#135 = ORIENTED_EDGE('',*,*,#136,.T.);
#136 = EDGE_CURVE('',#24,#137,#139,.T.);
#137 = VERTEX_POINT('',#138);
#138 = CARTESIAN_POINT('',(50.,0.,1.51));
#139 = LINE('',#140,#141);
#140 = CARTESIAN_POINT('',(20.,0.,1.51));
#141 = VECTOR('',#142,1.);
#142 = DIRECTION('',(1.,0.,0.));
#143 = ORIENTED_EDGE('',*,*,#144,.F.);
#144 = EDGE_CURVE('',#145,#137,#147,.T.);
#145 = VERTEX_POINT('',#146);
#146 = CARTESIAN_POINT('',(50.,-94.5,1.51));
#147 = LINE('',#148,#149);
#148 = CARTESIAN_POINT('',(50.,-20.,1.51));
#149 = VECTOR('',#150,1.);
#150 = DIRECTION('',(0.,1.,0.));
#151 = ORIENTED_EDGE('',*,*,#152,.T.);
#152 = EDGE_CURVE('',#145,#120,#153,.T.);
#153 = LINE('',#154,#155);
#154 = CARTESIAN_POINT('',(57.875,-86.625,1.51));
#155 = VECTOR('',#156,1.);
#156 = DIRECTION('',(-0.707106781187,-0.707106781187,0.));
#157 = FACE_BOUND('',#158,.T.);
#158 = EDGE_LOOP('',(#159,#169,#177,#185));
#159 = ORIENTED_EDGE('',*,*,#160,.F.);
#160 = EDGE_CURVE('',#161,#163,#165,.T.);
#161 = VERTEX_POINT('',#162);
#162 = CARTESIAN_POINT('',(43.,-20.,1.51));
#163 = VERTEX_POINT('',#164);
#164 = CARTESIAN_POINT('',(43.,-91.,1.51));
#165 = LINE('',#166,#167);
#166 = CARTESIAN_POINT('',(43.,-69.25,1.51));
#167 = VECTOR('',#168,1.);
#168 = DIRECTION('',(0.,-1.,0.));
#169 = ORIENTED_EDGE('',*,*,#170,.F.);
#170 = EDGE_CURVE('',#171,#161,#173,.T.);
#171 = VERTEX_POINT('',#172);
#172 = CARTESIAN_POINT('',(27.,-20.,1.51));
#173 = LINE('',#174,#175);
#174 = CARTESIAN_POINT('',(27.,-20.,1.51));
#175 = VECTOR('',#176,1.);
#176 = DIRECTION('',(1.,0.,0.));
#177 = ORIENTED_EDGE('',*,*,#178,.F.);
#178 = EDGE_CURVE('',#179,#171,#181,.T.);
#179 = VERTEX_POINT('',#180);
#180 = CARTESIAN_POINT('',(27.,-91.,1.51));
#181 = LINE('',#182,#183);
#182 = CARTESIAN_POINT('',(27.,-23.75,1.51));
#183 = VECTOR('',#184,1.);
#184 = DIRECTION('',(0.,1.,0.));
#185 = ORIENTED_EDGE('',*,*,#186,.F.);
#186 = EDGE_CURVE('',#163,#179,#187,.T.);
#187 = LINE('',#188,#189);
#188 = CARTESIAN_POINT('',(31.,-91.,1.51));
#189 = VECTOR('',#190,1.);
#190 = DIRECTION('',(-1.,0.,0.));
#191 = FACE_BOUND('',#192,.T.);
#192 = EDGE_LOOP('',(#193));
#193 = ORIENTED_EDGE('',*,*,#194,.T.);
#194 = EDGE_CURVE('',#195,#195,#197,.T.);
#195 = VERTEX_POINT('',#196);
#196 = CARTESIAN_POINT('',(48.1,-23.5,1.51));
#197 = CIRCLE('',#198,1.6);
#198 = AXIS2_PLACEMENT_3D('',#199,#200,#201);
#199 = CARTESIAN_POINT('',(46.5,-23.5,1.51));
#200 = DIRECTION('',(0.,0.,1.));
#201 = DIRECTION('',(1.,0.,0.));
#202 = FACE_BOUND('',#203,.T.);
#203 = EDGE_LOOP('',(#204));
#204 = ORIENTED_EDGE('',*,*,#205,.T.);
#205 = EDGE_CURVE('',#206,#206,#208,.T.);
#206 = VERTEX_POINT('',#207);
#207 = CARTESIAN_POINT('',(25.1,-23.5,1.51));
#208 = CIRCLE('',#209,1.6);
#209 = AXIS2_PLACEMENT_3D('',#210,#211,#212);
#210 = CARTESIAN_POINT('',(23.5,-23.5,1.51));
#211 = DIRECTION('',(0.,0.,1.));
#212 = DIRECTION('',(1.,0.,0.));
#213 = FACE_BOUND('',#214,.T.);
#214 = EDGE_LOOP('',(#215));
#215 = ORIENTED_EDGE('',*,*,#216,.T.);
#216 = EDGE_CURVE('',#217,#217,#219,.T.);
#217 = VERTEX_POINT('',#218);
#218 = CARTESIAN_POINT('',(48.1,-76.5,1.51));
#219 = CIRCLE('',#220,1.6);
#220 = AXIS2_PLACEMENT_3D('',#221,#222,#223);
#221 = CARTESIAN_POINT('',(46.5,-76.5,1.51));
#222 = DIRECTION('',(0.,0.,1.));
#223 = DIRECTION('',(1.,0.,0.));
#224 = FACE_BOUND('',#225,.T.);
#225 = EDGE_LOOP('',(#226));
#226 = ORIENTED_EDGE('',*,*,#227,.T.);
#227 = EDGE_CURVE('',#228,#228,#230,.T.);
#228 = VERTEX_POINT('',#229);
#229 = CARTESIAN_POINT('',(25.1,-76.5,1.51));
#230 = CIRCLE('',#231,1.6);
#231 = AXIS2_PLACEMENT_3D('',#232,#233,#234);
#232 = CARTESIAN_POINT('',(23.5,-76.5,1.51));
#233 = DIRECTION('',(0.,0.,1.));
#234 = DIRECTION('',(1.,0.,0.));
#235 = PLANE('',#236);
#236 = AXIS2_PLACEMENT_3D('',#237,#238,#239);
#237 = CARTESIAN_POINT('',(35.,-47.5,1.51));
#238 = DIRECTION('',(-0.,-0.,-1.));
#239 = DIRECTION('',(-1.,0.,0.));
#240 = ADVANCED_FACE('',(#241),#259,.T.);
#241 = FACE_BOUND('',#242,.F.);
#242 = EDGE_LOOP('',(#243,#251,#252,#253));
#243 = ORIENTED_EDGE('',*,*,#244,.F.);
#244 = EDGE_CURVE('',#122,#245,#247,.T.);
#245 = VERTEX_POINT('',#246);
#246 = CARTESIAN_POINT('',(20.,-94.5,2.01));
#247 = LINE('',#248,#249);
#248 = CARTESIAN_POINT('',(20.333333333333,-94.83333333333,
    1.676666666667));
#249 = VECTOR('',#250,1.);
#250 = DIRECTION('',(-0.57735026919,0.57735026919,0.57735026919));
#251 = ORIENTED_EDGE('',*,*,#129,.T.);
#252 = ORIENTED_EDGE('',*,*,#31,.T.);
#253 = ORIENTED_EDGE('',*,*,#254,.F.);
#254 = EDGE_CURVE('',#245,#32,#255,.T.);
#255 = LINE('',#256,#257);
#256 = CARTESIAN_POINT('',(20.,-95.,2.01));
#257 = VECTOR('',#258,1.);
#258 = DIRECTION('',(0.,1.,0.));
#259 = PLANE('',#260);
#260 = AXIS2_PLACEMENT_3D('',#261,#262,#263);
#261 = CARTESIAN_POINT('',(20.25,-95.,1.76));
#262 = DIRECTION('',(-0.707106781187,3.661601302603E-18,-0.707106781187)
  );
#263 = DIRECTION('',(-2.589143111072E-18,-1.,-2.589143111072E-18));
#264 = ADVANCED_FACE('',(#265),#292,.T.);
#265 = FACE_BOUND('',#266,.F.);
#266 = EDGE_LOOP('',(#267,#268,#276,#283,#284,#285));
#267 = ORIENTED_EDGE('',*,*,#95,.F.);
#268 = ORIENTED_EDGE('',*,*,#269,.T.);
#269 = EDGE_CURVE('',#96,#270,#272,.T.);
#270 = VERTEX_POINT('',#271);
#271 = CARTESIAN_POINT('',(40.,1.,6.51));
#272 = LINE('',#273,#274);
#273 = CARTESIAN_POINT('',(40.,1.53E-15,6.51));
#274 = VECTOR('',#275,1.);
#275 = DIRECTION('',(0.,1.,-2.2E-16));
#276 = ORIENTED_EDGE('',*,*,#277,.T.);
#277 = EDGE_CURVE('',#270,#270,#278,.T.);
#278 = CIRCLE('',#279,5.);
#279 = AXIS2_PLACEMENT_3D('',#280,#281,#282);
#280 = CARTESIAN_POINT('',(45.,1.,6.51));
#281 = DIRECTION('',(0.,1.,-0.));
#282 = DIRECTION('',(-1.,0.,0.));
#283 = ORIENTED_EDGE('',*,*,#269,.F.);
#284 = ORIENTED_EDGE('',*,*,#104,.F.);
#285 = ORIENTED_EDGE('',*,*,#286,.F.);
#286 = EDGE_CURVE('',#88,#24,#287,.T.);
#287 = CIRCLE('',#288,5.);
#288 = AXIS2_PLACEMENT_3D('',#289,#290,#291);
#289 = CARTESIAN_POINT('',(45.,0.,6.51));
#290 = DIRECTION('',(0.,1.,-0.));
#291 = DIRECTION('',(-1.,0.,0.));
#292 = CYLINDRICAL_SURFACE('',#293,5.);
#293 = AXIS2_PLACEMENT_3D('',#294,#295,#296);
#294 = CARTESIAN_POINT('',(45.,1.53E-15,6.51));
#295 = DIRECTION('',(0.,-1.,2.2E-16));
#296 = DIRECTION('',(-1.,0.,0.));
#297 = ADVANCED_FACE('',(#298,#342),#353,.T.);
#298 = FACE_BOUND('',#299,.T.);
#299 = EDGE_LOOP('',(#300,#301,#302,#310,#319,#328,#336));
#300 = ORIENTED_EDGE('',*,*,#39,.F.);
#301 = ORIENTED_EDGE('',*,*,#254,.F.);
#302 = ORIENTED_EDGE('',*,*,#303,.T.);
#303 = EDGE_CURVE('',#245,#304,#306,.T.);
#304 = VERTEX_POINT('',#305);
#305 = CARTESIAN_POINT('',(20.,-94.5,22.009997401923));
#306 = LINE('',#307,#308);
#307 = CARTESIAN_POINT('',(20.,-94.5,1.51));
#308 = VECTOR('',#309,1.);
#309 = DIRECTION('',(0.,0.,1.));
#310 = ORIENTED_EDGE('',*,*,#311,.T.);
#311 = EDGE_CURVE('',#304,#312,#314,.T.);
#312 = VERTEX_POINT('',#313);
#313 = CARTESIAN_POINT('',(20.,-87.5,29.01));
#314 = CIRCLE('',#315,7.);
#315 = AXIS2_PLACEMENT_3D('',#316,#317,#318);
#316 = CARTESIAN_POINT('',(20.,-87.5,22.01));
#317 = DIRECTION('',(-1.,0.,0.));
#318 = DIRECTION('',(-0.,-1.,-5.968558980385E-14));
#319 = ORIENTED_EDGE('',*,*,#320,.T.);
#320 = EDGE_CURVE('',#312,#321,#323,.T.);
#321 = VERTEX_POINT('',#322);
#322 = CARTESIAN_POINT('',(20.,-80.5,22.01));
#323 = CIRCLE('',#324,7.);
#324 = AXIS2_PLACEMENT_3D('',#325,#326,#327);
#325 = CARTESIAN_POINT('',(20.,-87.5,22.01));
#326 = DIRECTION('',(-1.,0.,0.));
#327 = DIRECTION('',(0.,0.,1.));
#328 = ORIENTED_EDGE('',*,*,#329,.T.);
#329 = EDGE_CURVE('',#321,#330,#332,.T.);
#330 = VERTEX_POINT('',#331);
#331 = CARTESIAN_POINT('',(20.,-80.5,20.01));
#332 = LINE('',#333,#334);
#333 = CARTESIAN_POINT('',(20.,-80.5,22.01));
#334 = VECTOR('',#335,1.);
#335 = DIRECTION('',(-0.,-0.,-1.));
#336 = ORIENTED_EDGE('',*,*,#337,.F.);
#337 = EDGE_CURVE('',#40,#330,#338,.T.);
#338 = LINE('',#339,#340);
#339 = CARTESIAN_POINT('',(20.,0.,20.01));
#340 = VECTOR('',#341,1.);
#341 = DIRECTION('',(0.,-1.,0.));
#342 = FACE_BOUND('',#343,.T.);
#343 = EDGE_LOOP('',(#344));
#344 = ORIENTED_EDGE('',*,*,#345,.F.);
#345 = EDGE_CURVE('',#346,#346,#348,.T.);
#346 = VERTEX_POINT('',#347);
#347 = CARTESIAN_POINT('',(20.,-87.5,25.01));
#348 = CIRCLE('',#349,3.);
#349 = AXIS2_PLACEMENT_3D('',#350,#351,#352);
#350 = CARTESIAN_POINT('',(20.,-87.5,22.01));
#351 = DIRECTION('',(-1.,0.,0.));
#352 = DIRECTION('',(0.,0.,1.));
#353 = PLANE('',#354);
#354 = AXIS2_PLACEMENT_3D('',#355,#356,#357);
#355 = CARTESIAN_POINT('',(20.,-95.,1.51));
#356 = DIRECTION('',(-1.,0.,0.));
#357 = DIRECTION('',(0.,1.,0.));
#358 = ADVANCED_FACE('',(#359),#384,.T.);
#359 = FACE_BOUND('',#360,.T.);
#360 = EDGE_LOOP('',(#361,#369,#370,#378));
#361 = ORIENTED_EDGE('',*,*,#362,.F.);
#362 = EDGE_CURVE('',#48,#363,#365,.T.);
#363 = VERTEX_POINT('',#364);
#364 = CARTESIAN_POINT('',(27.,-0.5,20.51));
#365 = LINE('',#366,#367);
#366 = CARTESIAN_POINT('',(26.666666666667,-0.833333333333,
    20.843333333333));
#367 = VECTOR('',#368,1.);
#368 = DIRECTION('',(-0.57735026919,-0.57735026919,0.57735026919));
#369 = ORIENTED_EDGE('',*,*,#47,.T.);
#370 = ORIENTED_EDGE('',*,*,#371,.F.);
#371 = EDGE_CURVE('',#372,#40,#374,.T.);
#372 = VERTEX_POINT('',#373);
#373 = CARTESIAN_POINT('',(20.5,-0.5,20.51));
#374 = LINE('',#375,#376);
#375 = CARTESIAN_POINT('',(21.416666666667,-1.416666666667,
    21.426666666667));
#376 = VECTOR('',#377,1.);
#377 = DIRECTION('',(-0.57735026919,0.57735026919,-0.57735026919));
#378 = ORIENTED_EDGE('',*,*,#379,.F.);
#379 = EDGE_CURVE('',#363,#372,#380,.T.);
#380 = LINE('',#381,#382);
#381 = CARTESIAN_POINT('',(27.5,-0.5,20.51));
#382 = VECTOR('',#383,1.);
#383 = DIRECTION('',(-1.,0.,0.));
#384 = PLANE('',#385);
#385 = AXIS2_PLACEMENT_3D('',#386,#387,#388);
#386 = CARTESIAN_POINT('',(27.5,-0.25,20.26));
#387 = DIRECTION('',(-1.889513820523E-18,0.707106781187,0.707106781187)
  );
#388 = DIRECTION('',(-1.,-1.336088035637E-18,-1.336088035637E-18));
#389 = ADVANCED_FACE('',(#390,#440),#451,.F.);
#390 = FACE_BOUND('',#391,.F.);
#391 = EDGE_LOOP('',(#392,#393,#401,#410,#419,#427,#433,#434));
#392 = ORIENTED_EDGE('',*,*,#144,.F.);
#393 = ORIENTED_EDGE('',*,*,#394,.F.);
#394 = EDGE_CURVE('',#395,#145,#397,.T.);
#395 = VERTEX_POINT('',#396);
#396 = CARTESIAN_POINT('',(50.,-94.5,22.01));
#397 = LINE('',#398,#399);
#398 = CARTESIAN_POINT('',(50.,-94.5,22.009997401923));
#399 = VECTOR('',#400,1.);
#400 = DIRECTION('',(-0.,-0.,-1.));
#401 = ORIENTED_EDGE('',*,*,#402,.F.);
#402 = EDGE_CURVE('',#403,#395,#405,.T.);
#403 = VERTEX_POINT('',#404);
#404 = CARTESIAN_POINT('',(50.,-87.5,29.01));
#405 = CIRCLE('',#406,7.);
#406 = AXIS2_PLACEMENT_3D('',#407,#408,#409);
#407 = CARTESIAN_POINT('',(50.,-87.5,22.01));
#408 = DIRECTION('',(1.,0.,-0.));
#409 = DIRECTION('',(0.,0.,1.));
#410 = ORIENTED_EDGE('',*,*,#411,.F.);
#411 = EDGE_CURVE('',#412,#403,#414,.T.);
#412 = VERTEX_POINT('',#413);
#413 = CARTESIAN_POINT('',(50.,-80.5,22.01));
#414 = CIRCLE('',#415,7.);
#415 = AXIS2_PLACEMENT_3D('',#416,#417,#418);
#416 = CARTESIAN_POINT('',(50.,-87.5,22.01));
#417 = DIRECTION('',(1.,0.,-0.));
#418 = DIRECTION('',(0.,1.,0.));
#419 = ORIENTED_EDGE('',*,*,#420,.F.);
#420 = EDGE_CURVE('',#421,#412,#423,.T.);
#421 = VERTEX_POINT('',#422);
#422 = CARTESIAN_POINT('',(50.,-80.5,20.01));
#423 = LINE('',#424,#425);
#424 = CARTESIAN_POINT('',(50.,-80.5,20.51));
#425 = VECTOR('',#426,1.);
#426 = DIRECTION('',(0.,0.,1.));
#427 = ORIENTED_EDGE('',*,*,#428,.T.);
#428 = EDGE_CURVE('',#421,#80,#429,.T.);
#429 = LINE('',#430,#431);
#430 = CARTESIAN_POINT('',(50.,-80.,20.01));
#431 = VECTOR('',#432,1.);
#432 = DIRECTION('',(0.,1.,0.));
#433 = ORIENTED_EDGE('',*,*,#87,.F.);
#434 = ORIENTED_EDGE('',*,*,#435,.F.);
#435 = EDGE_CURVE('',#137,#88,#436,.T.);
#436 = LINE('',#437,#438);
#437 = CARTESIAN_POINT('',(50.,1.7E-16,1.51));
#438 = VECTOR('',#439,1.);
#439 = DIRECTION('',(0.,0.,1.));
#440 = FACE_BOUND('',#441,.F.);
#441 = EDGE_LOOP('',(#442));
#442 = ORIENTED_EDGE('',*,*,#443,.T.);
#443 = EDGE_CURVE('',#444,#444,#446,.T.);
#444 = VERTEX_POINT('',#445);
#445 = CARTESIAN_POINT('',(50.,-87.5,19.01));
#446 = CIRCLE('',#447,3.);
#447 = AXIS2_PLACEMENT_3D('',#448,#449,#450);
#448 = CARTESIAN_POINT('',(50.,-87.5,22.01));
#449 = DIRECTION('',(1.,-0.,0.));
#450 = DIRECTION('',(0.,0.,-1.));
#451 = PLANE('',#452);
#452 = AXIS2_PLACEMENT_3D('',#453,#454,#455);
#453 = CARTESIAN_POINT('',(50.,-95.,1.51));
#454 = DIRECTION('',(-1.,0.,0.));
#455 = DIRECTION('',(0.,1.,0.));
#456 = ADVANCED_FACE('',(#457),#482,.F.);
#457 = FACE_BOUND('',#458,.F.);
#458 = EDGE_LOOP('',(#459,#469,#475,#476));
#459 = ORIENTED_EDGE('',*,*,#460,.F.);
#460 = EDGE_CURVE('',#461,#463,#465,.T.);
#461 = VERTEX_POINT('',#462);
#462 = CARTESIAN_POINT('',(27.5,-4.,20.01));
#463 = VERTEX_POINT('',#464);
#464 = CARTESIAN_POINT('',(27.5,-4.,11.51));
#465 = LINE('',#466,#467);
#466 = CARTESIAN_POINT('',(27.5,-4.,29.51));
#467 = VECTOR('',#468,1.);
#468 = DIRECTION('',(-0.,-0.,-1.));
#469 = ORIENTED_EDGE('',*,*,#470,.T.);
#470 = EDGE_CURVE('',#461,#48,#471,.T.);
#471 = LINE('',#472,#473);
#472 = CARTESIAN_POINT('',(27.5,-4.,20.01));
#473 = VECTOR('',#474,1.);
#474 = DIRECTION('',(0.,1.,0.));
#475 = ORIENTED_EDGE('',*,*,#55,.T.);
#476 = ORIENTED_EDGE('',*,*,#477,.T.);
#477 = EDGE_CURVE('',#56,#463,#478,.T.);
#478 = LINE('',#479,#480);
#479 = CARTESIAN_POINT('',(27.5,4.4E-16,11.51));
#480 = VECTOR('',#481,1.);
#481 = DIRECTION('',(0.,-1.,0.));
#482 = PLANE('',#483);
#483 = AXIS2_PLACEMENT_3D('',#484,#485,#486);
#484 = CARTESIAN_POINT('',(27.5,4.4E-16,29.51));
#485 = DIRECTION('',(-1.,0.,0.));
#486 = DIRECTION('',(0.,-1.,0.));
#487 = ADVANCED_FACE('',(#488),#513,.T.);
#488 = FACE_BOUND('',#489,.T.);
#489 = EDGE_LOOP('',(#490,#498,#499,#507));
#490 = ORIENTED_EDGE('',*,*,#491,.F.);
#491 = EDGE_CURVE('',#80,#492,#494,.T.);
#492 = VERTEX_POINT('',#493);
#493 = CARTESIAN_POINT('',(49.5,-0.5,20.51));
#494 = LINE('',#495,#496);
#495 = CARTESIAN_POINT('',(36.5,-13.5,33.51));
#496 = VECTOR('',#497,1.);
#497 = DIRECTION('',(-0.57735026919,-0.57735026919,0.57735026919));
#498 = ORIENTED_EDGE('',*,*,#79,.T.);
#499 = ORIENTED_EDGE('',*,*,#500,.T.);
#500 = EDGE_CURVE('',#72,#501,#503,.T.);
#501 = VERTEX_POINT('',#502);
#502 = CARTESIAN_POINT('',(43.,-0.5,20.51));
#503 = LINE('',#504,#505);
#504 = CARTESIAN_POINT('',(43.916666666667,-1.416666666667,
    21.426666666667));
#505 = VECTOR('',#506,1.);
#506 = DIRECTION('',(0.57735026919,-0.57735026919,0.57735026919));
#507 = ORIENTED_EDGE('',*,*,#508,.F.);
#508 = EDGE_CURVE('',#492,#501,#509,.T.);
#509 = LINE('',#510,#511);
#510 = CARTESIAN_POINT('',(50.,-0.5,20.51));
#511 = VECTOR('',#512,1.);
#512 = DIRECTION('',(-1.,0.,0.));
#513 = PLANE('',#514);
#514 = AXIS2_PLACEMENT_3D('',#515,#516,#517);
#515 = CARTESIAN_POINT('',(50.,-0.25,20.26));
#516 = DIRECTION('',(-1.889513820523E-18,0.707106781187,0.707106781187)
  );
#517 = DIRECTION('',(-1.,-1.336088035637E-18,-1.336088035637E-18));
#518 = ADVANCED_FACE('',(#519),#537,.T.);
#519 = FACE_BOUND('',#520,.T.);
#520 = EDGE_LOOP('',(#521,#522,#530,#536));
#521 = ORIENTED_EDGE('',*,*,#477,.T.);
#522 = ORIENTED_EDGE('',*,*,#523,.T.);
#523 = EDGE_CURVE('',#463,#524,#526,.T.);
#524 = VERTEX_POINT('',#525);
#525 = CARTESIAN_POINT('',(42.5,-4.,11.51));
#526 = LINE('',#527,#528);
#527 = CARTESIAN_POINT('',(27.5,-4.,11.51));
#528 = VECTOR('',#529,1.);
#529 = DIRECTION('',(1.,0.,0.));
#530 = ORIENTED_EDGE('',*,*,#531,.T.);
#531 = EDGE_CURVE('',#524,#64,#532,.T.);
#532 = LINE('',#533,#534);
#533 = CARTESIAN_POINT('',(42.5,-4.,11.51));
#534 = VECTOR('',#535,1.);
#535 = DIRECTION('',(0.,1.,0.));
#536 = ORIENTED_EDGE('',*,*,#63,.T.);
#537 = PLANE('',#538);
#538 = AXIS2_PLACEMENT_3D('',#539,#540,#541);
#539 = CARTESIAN_POINT('',(35.,-2.,11.51));
#540 = DIRECTION('',(0.,0.,1.));
#541 = DIRECTION('',(1.,0.,0.));
#542 = ADVANCED_FACE('',(#543),#561,.F.);
#543 = FACE_BOUND('',#544,.F.);
#544 = EDGE_LOOP('',(#545,#546,#554,#560));
#545 = ORIENTED_EDGE('',*,*,#71,.F.);
#546 = ORIENTED_EDGE('',*,*,#547,.T.);
#547 = EDGE_CURVE('',#72,#548,#550,.T.);
#548 = VERTEX_POINT('',#549);
#549 = CARTESIAN_POINT('',(42.5,-4.,20.01));
#550 = LINE('',#551,#552);
#551 = CARTESIAN_POINT('',(42.5,0.,20.01));
#552 = VECTOR('',#553,1.);
#553 = DIRECTION('',(0.,-1.,0.));
#554 = ORIENTED_EDGE('',*,*,#555,.T.);
#555 = EDGE_CURVE('',#548,#524,#556,.T.);
#556 = LINE('',#557,#558);
#557 = CARTESIAN_POINT('',(42.5,-4.,29.51));
#558 = VECTOR('',#559,1.);
#559 = DIRECTION('',(-0.,-0.,-1.));
#560 = ORIENTED_EDGE('',*,*,#531,.T.);
#561 = PLANE('',#562);
#562 = AXIS2_PLACEMENT_3D('',#563,#564,#565);
#563 = CARTESIAN_POINT('',(42.5,-4.,29.51));
#564 = DIRECTION('',(1.,0.,0.));
#565 = DIRECTION('',(0.,1.,0.));
#566 = ADVANCED_FACE('',(#567),#624,.T.);
#567 = FACE_BOUND('',#568,.T.);
#568 = EDGE_LOOP('',(#569,#570,#578,#586,#594,#602,#610,#618));
#569 = ORIENTED_EDGE('',*,*,#119,.F.);
#570 = ORIENTED_EDGE('',*,*,#571,.F.);
#571 = EDGE_CURVE('',#572,#120,#574,.T.);
#572 = VERTEX_POINT('',#573);
#573 = CARTESIAN_POINT('',(49.5,-95.,22.01));
#574 = LINE('',#575,#576);
#575 = CARTESIAN_POINT('',(49.5,-95.,22.009997401923));
#576 = VECTOR('',#577,1.);
#577 = DIRECTION('',(-0.,-0.,-1.));
#578 = ORIENTED_EDGE('',*,*,#579,.T.);
#579 = EDGE_CURVE('',#572,#580,#582,.T.);
#580 = VERTEX_POINT('',#581);
#581 = CARTESIAN_POINT('',(43.5,-95.,22.01));
#582 = LINE('',#583,#584);
#583 = CARTESIAN_POINT('',(50.,-95.,22.009997401923));
#584 = VECTOR('',#585,1.);
#585 = DIRECTION('',(-1.,-0.,-0.));
#586 = ORIENTED_EDGE('',*,*,#587,.T.);
#587 = EDGE_CURVE('',#580,#588,#590,.T.);
#588 = VERTEX_POINT('',#589);
#589 = CARTESIAN_POINT('',(43.5,-95.,14.01));
#590 = LINE('',#591,#592);
#591 = CARTESIAN_POINT('',(43.5,-95.,22.009997401923));
#592 = VECTOR('',#593,1.);
#593 = DIRECTION('',(-0.,-0.,-1.));
#594 = ORIENTED_EDGE('',*,*,#595,.F.);
#595 = EDGE_CURVE('',#596,#588,#598,.T.);
#596 = VERTEX_POINT('',#597);
#597 = CARTESIAN_POINT('',(26.5,-95.,14.01));
#598 = LINE('',#599,#600);
#599 = CARTESIAN_POINT('',(27.,-95.,14.01));
#600 = VECTOR('',#601,1.);
#601 = DIRECTION('',(1.,0.,0.));
#602 = ORIENTED_EDGE('',*,*,#603,.F.);
#603 = EDGE_CURVE('',#604,#596,#606,.T.);
#604 = VERTEX_POINT('',#605);
#605 = CARTESIAN_POINT('',(26.5,-95.,22.01));
#606 = LINE('',#607,#608);
#607 = CARTESIAN_POINT('',(26.5,-95.,22.009997401923));
#608 = VECTOR('',#609,1.);
#609 = DIRECTION('',(-0.,-0.,-1.));
#610 = ORIENTED_EDGE('',*,*,#611,.T.);
#611 = EDGE_CURVE('',#604,#612,#614,.T.);
#612 = VERTEX_POINT('',#613);
#613 = CARTESIAN_POINT('',(20.5,-95.,22.009997401923));
#614 = LINE('',#615,#616);
#615 = CARTESIAN_POINT('',(50.,-95.,22.009997401923));
#616 = VECTOR('',#617,1.);
#617 = DIRECTION('',(-1.,-0.,-0.));
#618 = ORIENTED_EDGE('',*,*,#619,.F.);
#619 = EDGE_CURVE('',#122,#612,#620,.T.);
#620 = LINE('',#621,#622);
#621 = CARTESIAN_POINT('',(20.5,-95.,1.51));
#622 = VECTOR('',#623,1.);
#623 = DIRECTION('',(0.,0.,1.));
#624 = PLANE('',#625);
#625 = AXIS2_PLACEMENT_3D('',#626,#627,#628);
#626 = CARTESIAN_POINT('',(50.,-95.,1.51));
#627 = DIRECTION('',(-0.,-1.,-0.));
#628 = DIRECTION('',(-1.,0.,0.));
#629 = ADVANCED_FACE('',(#630),#641,.F.);
#630 = FACE_BOUND('',#631,.F.);
#631 = EDGE_LOOP('',(#632,#638,#639,#640));
#632 = ORIENTED_EDGE('',*,*,#633,.F.);
#633 = EDGE_CURVE('',#395,#572,#634,.T.);
#634 = LINE('',#635,#636);
#635 = CARTESIAN_POINT('',(49.5,-95.,22.01));
#636 = VECTOR('',#637,1.);
#637 = DIRECTION('',(-0.707106781187,-0.707106781187,-4.266321707339E-14
    ));
#638 = ORIENTED_EDGE('',*,*,#394,.T.);
#639 = ORIENTED_EDGE('',*,*,#152,.T.);
#640 = ORIENTED_EDGE('',*,*,#571,.F.);
#641 = PLANE('',#642);
#642 = AXIS2_PLACEMENT_3D('',#643,#644,#645);
#643 = CARTESIAN_POINT('',(49.75,-94.75,22.009997401923));
#644 = DIRECTION('',(-0.707106781187,0.707106781187,-2.185345224809E-18)
  );
#645 = DIRECTION('',(1.545272427696E-18,-1.545272427696E-18,-1.));
#646 = ADVANCED_FACE('',(#647),#652,.T.);
#647 = FACE_BOUND('',#648,.T.);
#648 = EDGE_LOOP('',(#649,#650,#651));
#649 = ORIENTED_EDGE('',*,*,#136,.F.);
#650 = ORIENTED_EDGE('',*,*,#286,.F.);
#651 = ORIENTED_EDGE('',*,*,#435,.F.);
#652 = PLANE('',#653);
#653 = AXIS2_PLACEMENT_3D('',#654,#655,#656);
#654 = CARTESIAN_POINT('',(35.,8.E-17,15.51));
#655 = DIRECTION('',(0.,1.,0.));
#656 = DIRECTION('',(0.,0.,1.));
#657 = ADVANCED_FACE('',(#658,#765),#776,.T.);
#658 = FACE_BOUND('',#659,.T.);
#659 = EDGE_LOOP('',(#660,#670,#678,#687,#696,#704,#712,#720,#728,#736,
    #744,#752,#758,#759));
#660 = ORIENTED_EDGE('',*,*,#661,.T.);
#661 = EDGE_CURVE('',#662,#664,#666,.T.);
#662 = VERTEX_POINT('',#663);
#663 = CARTESIAN_POINT('',(43.,-91.,14.51));
#664 = VERTEX_POINT('',#665);
#665 = CARTESIAN_POINT('',(43.,-94.5,14.51));
#666 = LINE('',#667,#668);
#667 = CARTESIAN_POINT('',(43.,-91.,14.51));
#668 = VECTOR('',#669,1.);
#669 = DIRECTION('',(0.,-1.,0.));
#670 = ORIENTED_EDGE('',*,*,#671,.F.);
#671 = EDGE_CURVE('',#672,#664,#674,.T.);
#672 = VERTEX_POINT('',#673);
#673 = CARTESIAN_POINT('',(43.,-94.5,22.01));
#674 = LINE('',#675,#676);
#675 = CARTESIAN_POINT('',(43.,-94.5,22.009997401923));
#676 = VECTOR('',#677,1.);
#677 = DIRECTION('',(-0.,-0.,-1.));
#678 = ORIENTED_EDGE('',*,*,#679,.F.);
#679 = EDGE_CURVE('',#680,#672,#682,.T.);
#680 = VERTEX_POINT('',#681);
#681 = CARTESIAN_POINT('',(43.,-87.5,29.01));
#682 = CIRCLE('',#683,7.);
#683 = AXIS2_PLACEMENT_3D('',#684,#685,#686);
#684 = CARTESIAN_POINT('',(43.,-87.5,22.01));
#685 = DIRECTION('',(1.,0.,-0.));
#686 = DIRECTION('',(0.,0.,1.));
#687 = ORIENTED_EDGE('',*,*,#688,.F.);
#688 = EDGE_CURVE('',#689,#680,#691,.T.);
#689 = VERTEX_POINT('',#690);
#690 = CARTESIAN_POINT('',(43.,-80.5,22.01));
#691 = CIRCLE('',#692,7.);
#692 = AXIS2_PLACEMENT_3D('',#693,#694,#695);
#693 = CARTESIAN_POINT('',(43.,-87.5,22.01));
#694 = DIRECTION('',(1.,0.,0.));
#695 = DIRECTION('',(-0.,1.,0.));
#696 = ORIENTED_EDGE('',*,*,#697,.F.);
#697 = EDGE_CURVE('',#698,#689,#700,.T.);
#698 = VERTEX_POINT('',#699);
#699 = CARTESIAN_POINT('',(43.,-80.5,10.51));
#700 = LINE('',#701,#702);
#701 = CARTESIAN_POINT('',(43.,-80.5,10.51));
#702 = VECTOR('',#703,1.);
#703 = DIRECTION('',(0.,0.,1.));
#704 = ORIENTED_EDGE('',*,*,#705,.F.);
#705 = EDGE_CURVE('',#706,#698,#708,.T.);
#706 = VERTEX_POINT('',#707);
#707 = CARTESIAN_POINT('',(43.,-80.,10.51));
#708 = LINE('',#709,#710);
#709 = CARTESIAN_POINT('',(43.,-66.76516582668,10.51));
#710 = VECTOR('',#711,1.);
#711 = DIRECTION('',(-0.,-1.,-0.));
#712 = ORIENTED_EDGE('',*,*,#713,.T.);
#713 = EDGE_CURVE('',#706,#714,#716,.T.);
#714 = VERTEX_POINT('',#715);
#715 = CARTESIAN_POINT('',(43.,-72.5,10.51));
#716 = LINE('',#717,#718);
#717 = CARTESIAN_POINT('',(43.,-63.25,10.51));
#718 = VECTOR('',#719,1.);
#719 = DIRECTION('',(0.,1.,0.));
#720 = ORIENTED_EDGE('',*,*,#721,.F.);
#721 = EDGE_CURVE('',#722,#714,#724,.T.);
#722 = VERTEX_POINT('',#723);
#723 = CARTESIAN_POINT('',(43.,-72.5,4.51));
#724 = LINE('',#725,#726);
#725 = CARTESIAN_POINT('',(43.,-72.5,22.636213592233));
#726 = VECTOR('',#727,1.);
#727 = DIRECTION('',(0.,0.,1.));
#728 = ORIENTED_EDGE('',*,*,#729,.T.);
#729 = EDGE_CURVE('',#722,#730,#732,.T.);
#730 = VERTEX_POINT('',#731);
#731 = CARTESIAN_POINT('',(43.,-27.5,4.51));
#732 = LINE('',#733,#734);
#733 = CARTESIAN_POINT('',(43.,-48.12378640776,4.51));
#734 = VECTOR('',#735,1.);
#735 = DIRECTION('',(0.,1.,0.));
#736 = ORIENTED_EDGE('',*,*,#737,.F.);
#737 = EDGE_CURVE('',#738,#730,#740,.T.);
#738 = VERTEX_POINT('',#739);
#739 = CARTESIAN_POINT('',(43.,-27.5,10.51));
#740 = LINE('',#741,#742);
#741 = CARTESIAN_POINT('',(43.,-27.5,22.636213592233));
#742 = VECTOR('',#743,1.);
#743 = DIRECTION('',(0.,0.,-1.));
#744 = ORIENTED_EDGE('',*,*,#745,.F.);
#745 = EDGE_CURVE('',#746,#738,#748,.T.);
#746 = VERTEX_POINT('',#747);
#747 = CARTESIAN_POINT('',(43.,-20.,10.51));
#748 = LINE('',#749,#750);
#749 = CARTESIAN_POINT('',(43.,-38.75,10.51));
#750 = VECTOR('',#751,1.);
#751 = DIRECTION('',(0.,-1.,0.));
#752 = ORIENTED_EDGE('',*,*,#753,.F.);
#753 = EDGE_CURVE('',#161,#746,#754,.T.);
#754 = LINE('',#755,#756);
#755 = CARTESIAN_POINT('',(43.,-20.,1.51));
#756 = VECTOR('',#757,1.);
#757 = DIRECTION('',(0.,0.,1.));
#758 = ORIENTED_EDGE('',*,*,#160,.T.);
#759 = ORIENTED_EDGE('',*,*,#760,.T.);
#760 = EDGE_CURVE('',#163,#662,#761,.T.);
#761 = LINE('',#762,#763);
#762 = CARTESIAN_POINT('',(43.,-91.,1.51));
#763 = VECTOR('',#764,1.);
#764 = DIRECTION('',(0.,0.,1.));
#765 = FACE_BOUND('',#766,.T.);
#766 = EDGE_LOOP('',(#767));
#767 = ORIENTED_EDGE('',*,*,#768,.T.);
#768 = EDGE_CURVE('',#769,#769,#771,.T.);
#769 = VERTEX_POINT('',#770);
#770 = CARTESIAN_POINT('',(43.,-86.,22.01));
#771 = CIRCLE('',#772,1.5);
#772 = AXIS2_PLACEMENT_3D('',#773,#774,#775);
#773 = CARTESIAN_POINT('',(43.,-87.5,22.01));
#774 = DIRECTION('',(1.,0.,0.));
#775 = DIRECTION('',(0.,1.,0.));
#776 = PLANE('',#777);
#777 = AXIS2_PLACEMENT_3D('',#778,#779,#780);
#778 = CARTESIAN_POINT('',(43.,-57.24757281553,15.762427184466));
#779 = DIRECTION('',(-1.,-0.,-0.));
#780 = DIRECTION('',(0.,0.,-1.));
#781 = ADVANCED_FACE('',(#782),#800,.T.);
#782 = FACE_BOUND('',#783,.T.);
#783 = EDGE_LOOP('',(#784,#785,#786,#794));
#784 = ORIENTED_EDGE('',*,*,#170,.T.);
#785 = ORIENTED_EDGE('',*,*,#753,.T.);
#786 = ORIENTED_EDGE('',*,*,#787,.F.);
#787 = EDGE_CURVE('',#788,#746,#790,.T.);
#788 = VERTEX_POINT('',#789);
#789 = CARTESIAN_POINT('',(27.,-20.,10.51));
#790 = LINE('',#791,#792);
#791 = CARTESIAN_POINT('',(23.,-20.,10.51));
#792 = VECTOR('',#793,1.);
#793 = DIRECTION('',(1.,0.,0.));
#794 = ORIENTED_EDGE('',*,*,#795,.F.);
#795 = EDGE_CURVE('',#171,#788,#796,.T.);
#796 = LINE('',#797,#798);
#797 = CARTESIAN_POINT('',(27.,-20.,1.51));
#798 = VECTOR('',#799,1.);
#799 = DIRECTION('',(0.,0.,1.));
#800 = PLANE('',#801);
#801 = AXIS2_PLACEMENT_3D('',#802,#803,#804);
#802 = CARTESIAN_POINT('',(35.,-20.,6.01));
#803 = DIRECTION('',(-0.,-1.,-0.));
#804 = DIRECTION('',(0.,0.,-1.));
#805 = ADVANCED_FACE('',(#806,#906),#917,.T.);
#806 = FACE_BOUND('',#807,.T.);
#807 = EDGE_LOOP('',(#808,#818,#824,#825,#826,#834,#842,#850,#858,#866,
    #874,#882,#891,#900));
#808 = ORIENTED_EDGE('',*,*,#809,.F.);
#809 = EDGE_CURVE('',#810,#812,#814,.T.);
#810 = VERTEX_POINT('',#811);
#811 = CARTESIAN_POINT('',(27.,-91.,14.51));
#812 = VERTEX_POINT('',#813);
#813 = CARTESIAN_POINT('',(27.,-94.5,14.51));
#814 = LINE('',#815,#816);
#815 = CARTESIAN_POINT('',(27.,-91.,14.51));
#816 = VECTOR('',#817,1.);
#817 = DIRECTION('',(0.,-1.,0.));
#818 = ORIENTED_EDGE('',*,*,#819,.F.);
#819 = EDGE_CURVE('',#179,#810,#820,.T.);
#820 = LINE('',#821,#822);
#821 = CARTESIAN_POINT('',(27.,-91.,1.51));
#822 = VECTOR('',#823,1.);
#823 = DIRECTION('',(0.,0.,1.));
#824 = ORIENTED_EDGE('',*,*,#178,.T.);
#825 = ORIENTED_EDGE('',*,*,#795,.T.);
#826 = ORIENTED_EDGE('',*,*,#827,.T.);
#827 = EDGE_CURVE('',#788,#828,#830,.T.);
#828 = VERTEX_POINT('',#829);
#829 = CARTESIAN_POINT('',(27.,-27.5,10.51));
#830 = LINE('',#831,#832);
#831 = CARTESIAN_POINT('',(27.,-38.75,10.51));
#832 = VECTOR('',#833,1.);
#833 = DIRECTION('',(0.,-1.,0.));
#834 = ORIENTED_EDGE('',*,*,#835,.F.);
#835 = EDGE_CURVE('',#836,#828,#838,.T.);
#836 = VERTEX_POINT('',#837);
#837 = CARTESIAN_POINT('',(27.,-27.5,4.51));
#838 = LINE('',#839,#840);
#839 = CARTESIAN_POINT('',(27.,-27.5,22.636213592233));
#840 = VECTOR('',#841,1.);
#841 = DIRECTION('',(0.,0.,1.));
#842 = ORIENTED_EDGE('',*,*,#843,.T.);
#843 = EDGE_CURVE('',#836,#844,#846,.T.);
#844 = VERTEX_POINT('',#845);
#845 = CARTESIAN_POINT('',(27.,-72.5,4.51));
#846 = LINE('',#847,#848);
#847 = CARTESIAN_POINT('',(27.,-48.12378640776,4.51));
#848 = VECTOR('',#849,1.);
#849 = DIRECTION('',(0.,-1.,0.));
#850 = ORIENTED_EDGE('',*,*,#851,.F.);
#851 = EDGE_CURVE('',#852,#844,#854,.T.);
#852 = VERTEX_POINT('',#853);
#853 = CARTESIAN_POINT('',(27.,-72.5,10.51));
#854 = LINE('',#855,#856);
#855 = CARTESIAN_POINT('',(27.,-72.5,22.636213592233));
#856 = VECTOR('',#857,1.);
#857 = DIRECTION('',(0.,0.,-1.));
#858 = ORIENTED_EDGE('',*,*,#859,.F.);
#859 = EDGE_CURVE('',#860,#852,#862,.T.);
#860 = VERTEX_POINT('',#861);
#861 = CARTESIAN_POINT('',(27.,-80.,10.51));
#862 = LINE('',#863,#864);
#863 = CARTESIAN_POINT('',(27.,-61.25,10.51));
#864 = VECTOR('',#865,1.);
#865 = DIRECTION('',(-8.9E-16,1.,0.));
#866 = ORIENTED_EDGE('',*,*,#867,.T.);
#867 = EDGE_CURVE('',#860,#868,#870,.T.);
#868 = VERTEX_POINT('',#869);
#869 = CARTESIAN_POINT('',(27.,-80.5,10.51));
#870 = LINE('',#871,#872);
#871 = CARTESIAN_POINT('',(27.,-66.76378640776,10.51));
#872 = VECTOR('',#873,1.);
#873 = DIRECTION('',(0.,-1.,0.));
#874 = ORIENTED_EDGE('',*,*,#875,.T.);
#875 = EDGE_CURVE('',#868,#876,#878,.T.);
#876 = VERTEX_POINT('',#877);
#877 = CARTESIAN_POINT('',(27.,-80.5,22.01));
#878 = LINE('',#879,#880);
#879 = CARTESIAN_POINT('',(27.,-80.5,10.51));
#880 = VECTOR('',#881,1.);
#881 = DIRECTION('',(0.,0.,1.));
#882 = ORIENTED_EDGE('',*,*,#883,.T.);
#883 = EDGE_CURVE('',#876,#884,#886,.T.);
#884 = VERTEX_POINT('',#885);
#885 = CARTESIAN_POINT('',(27.,-87.5,29.01));
#886 = CIRCLE('',#887,7.);
#887 = AXIS2_PLACEMENT_3D('',#888,#889,#890);
#888 = CARTESIAN_POINT('',(27.,-87.5,22.01));
#889 = DIRECTION('',(1.,0.,-0.));
#890 = DIRECTION('',(0.,1.,0.));
#891 = ORIENTED_EDGE('',*,*,#892,.T.);
#892 = EDGE_CURVE('',#884,#893,#895,.T.);
#893 = VERTEX_POINT('',#894);
#894 = CARTESIAN_POINT('',(27.,-94.5,22.01));
#895 = CIRCLE('',#896,7.);
#896 = AXIS2_PLACEMENT_3D('',#897,#898,#899);
#897 = CARTESIAN_POINT('',(27.,-87.5,22.01));
#898 = DIRECTION('',(1.,0.,-0.));
#899 = DIRECTION('',(0.,0.,1.));
#900 = ORIENTED_EDGE('',*,*,#901,.T.);
#901 = EDGE_CURVE('',#893,#812,#902,.T.);
#902 = LINE('',#903,#904);
#903 = CARTESIAN_POINT('',(27.,-94.5,22.009997401923));
#904 = VECTOR('',#905,1.);
#905 = DIRECTION('',(-0.,-0.,-1.));
#906 = FACE_BOUND('',#907,.T.);
#907 = EDGE_LOOP('',(#908));
#908 = ORIENTED_EDGE('',*,*,#909,.F.);
#909 = EDGE_CURVE('',#910,#910,#912,.T.);
#910 = VERTEX_POINT('',#911);
#911 = CARTESIAN_POINT('',(27.,-86.,22.01));
#912 = CIRCLE('',#913,1.5);
#913 = AXIS2_PLACEMENT_3D('',#914,#915,#916);
#914 = CARTESIAN_POINT('',(27.,-87.5,22.01));
#915 = DIRECTION('',(1.,0.,0.));
#916 = DIRECTION('',(0.,1.,0.));
#917 = PLANE('',#918);
#918 = AXIS2_PLACEMENT_3D('',#919,#920,#921);
#919 = CARTESIAN_POINT('',(27.,-57.24757281553,15.762427184466));
#920 = DIRECTION('',(1.,0.,0.));
#921 = DIRECTION('',(0.,0.,1.));
#922 = ADVANCED_FACE('',(#923),#934,.F.);
#923 = FACE_BOUND('',#924,.F.);
#924 = EDGE_LOOP('',(#925,#926,#927,#933));
#925 = ORIENTED_EDGE('',*,*,#186,.F.);
#926 = ORIENTED_EDGE('',*,*,#760,.T.);
#927 = ORIENTED_EDGE('',*,*,#928,.F.);
#928 = EDGE_CURVE('',#810,#662,#929,.T.);
#929 = LINE('',#930,#931);
#930 = CARTESIAN_POINT('',(27.,-91.,14.51));
#931 = VECTOR('',#932,1.);
#932 = DIRECTION('',(1.,0.,0.));
#933 = ORIENTED_EDGE('',*,*,#819,.F.);
#934 = PLANE('',#935);
#935 = AXIS2_PLACEMENT_3D('',#936,#937,#938);
#936 = CARTESIAN_POINT('',(43.,-91.,1.51));
#937 = DIRECTION('',(-0.,-1.,-0.));
#938 = DIRECTION('',(-1.,0.,0.));
#939 = ADVANCED_FACE('',(#940),#977,.F.);
#940 = FACE_BOUND('',#941,.T.);
#941 = EDGE_LOOP('',(#942,#950,#951,#952,#961,#970));
#942 = ORIENTED_EDGE('',*,*,#943,.F.);
#943 = EDGE_CURVE('',#195,#944,#946,.T.);
#944 = VERTEX_POINT('',#945);
#945 = CARTESIAN_POINT('',(48.1,-23.5,10.51));
#946 = LINE('',#947,#948);
#947 = CARTESIAN_POINT('',(48.1,-23.5,1.51));
#948 = VECTOR('',#949,1.);
#949 = DIRECTION('',(0.,0.,1.));
#950 = ORIENTED_EDGE('',*,*,#194,.F.);
#951 = ORIENTED_EDGE('',*,*,#943,.T.);
#952 = ORIENTED_EDGE('',*,*,#953,.F.);
#953 = EDGE_CURVE('',#954,#944,#956,.T.);
#954 = VERTEX_POINT('',#955);
#955 = CARTESIAN_POINT('',(47.,-21.98013158464,10.51));
#956 = CIRCLE('',#957,1.6);
#957 = AXIS2_PLACEMENT_3D('',#958,#959,#960);
#958 = CARTESIAN_POINT('',(46.5,-23.5,10.51));
#959 = DIRECTION('',(0.,0.,-1.));
#960 = DIRECTION('',(1.,0.,0.));
#961 = ORIENTED_EDGE('',*,*,#962,.F.);
#962 = EDGE_CURVE('',#963,#954,#965,.T.);
#963 = VERTEX_POINT('',#964);
#964 = CARTESIAN_POINT('',(47.,-25.01986841535,10.51));
#965 = CIRCLE('',#966,1.6);
#966 = AXIS2_PLACEMENT_3D('',#967,#968,#969);
#967 = CARTESIAN_POINT('',(46.5,-23.5,10.51));
#968 = DIRECTION('',(0.,0.,-1.));
#969 = DIRECTION('',(1.,0.,0.));
#970 = ORIENTED_EDGE('',*,*,#971,.F.);
#971 = EDGE_CURVE('',#944,#963,#972,.T.);
#972 = CIRCLE('',#973,1.6);
#973 = AXIS2_PLACEMENT_3D('',#974,#975,#976);
#974 = CARTESIAN_POINT('',(46.5,-23.5,10.51));
#975 = DIRECTION('',(0.,0.,-1.));
#976 = DIRECTION('',(1.,0.,0.));
#977 = CYLINDRICAL_SURFACE('',#978,1.6);
#978 = AXIS2_PLACEMENT_3D('',#979,#980,#981);
#979 = CARTESIAN_POINT('',(46.5,-23.5,1.51));
#980 = DIRECTION('',(-0.,-0.,-1.));
#981 = DIRECTION('',(1.,0.,0.));
#982 = ADVANCED_FACE('',(#983),#1020,.F.);
#983 = FACE_BOUND('',#984,.T.);
#984 = EDGE_LOOP('',(#985,#993,#994,#995,#1004,#1013));
#985 = ORIENTED_EDGE('',*,*,#986,.F.);
#986 = EDGE_CURVE('',#206,#987,#989,.T.);
#987 = VERTEX_POINT('',#988);
#988 = CARTESIAN_POINT('',(25.1,-23.5,10.51));
#989 = LINE('',#990,#991);
#990 = CARTESIAN_POINT('',(25.1,-23.5,1.51));
#991 = VECTOR('',#992,1.);
#992 = DIRECTION('',(0.,0.,1.));
#993 = ORIENTED_EDGE('',*,*,#205,.F.);
#994 = ORIENTED_EDGE('',*,*,#986,.T.);
#995 = ORIENTED_EDGE('',*,*,#996,.F.);
#996 = EDGE_CURVE('',#997,#987,#999,.T.);
#997 = VERTEX_POINT('',#998);
#998 = CARTESIAN_POINT('',(23.,-21.98013158464,10.51));
#999 = CIRCLE('',#1000,1.6);
#1000 = AXIS2_PLACEMENT_3D('',#1001,#1002,#1003);
#1001 = CARTESIAN_POINT('',(23.5,-23.5,10.51));
#1002 = DIRECTION('',(0.,0.,-1.));
#1003 = DIRECTION('',(1.,0.,0.));
#1004 = ORIENTED_EDGE('',*,*,#1005,.F.);
#1005 = EDGE_CURVE('',#1006,#997,#1008,.T.);
#1006 = VERTEX_POINT('',#1007);
#1007 = CARTESIAN_POINT('',(23.,-25.01986841535,10.51));
#1008 = CIRCLE('',#1009,1.6);
#1009 = AXIS2_PLACEMENT_3D('',#1010,#1011,#1012);
#1010 = CARTESIAN_POINT('',(23.5,-23.5,10.51));
#1011 = DIRECTION('',(0.,0.,-1.));
#1012 = DIRECTION('',(1.,0.,0.));
#1013 = ORIENTED_EDGE('',*,*,#1014,.F.);
#1014 = EDGE_CURVE('',#987,#1006,#1015,.T.);
#1015 = CIRCLE('',#1016,1.6);
#1016 = AXIS2_PLACEMENT_3D('',#1017,#1018,#1019);
#1017 = CARTESIAN_POINT('',(23.5,-23.5,10.51));
#1018 = DIRECTION('',(0.,0.,-1.));
#1019 = DIRECTION('',(1.,0.,0.));
#1020 = CYLINDRICAL_SURFACE('',#1021,1.6);
#1021 = AXIS2_PLACEMENT_3D('',#1022,#1023,#1024);
#1022 = CARTESIAN_POINT('',(23.5,-23.5,1.51));
#1023 = DIRECTION('',(-0.,-0.,-1.));
#1024 = DIRECTION('',(1.,0.,0.));
#1025 = ADVANCED_FACE('',(#1026),#1063,.F.);
#1026 = FACE_BOUND('',#1027,.T.);
#1027 = EDGE_LOOP('',(#1028,#1036,#1037,#1038,#1047,#1056));
#1028 = ORIENTED_EDGE('',*,*,#1029,.F.);
#1029 = EDGE_CURVE('',#217,#1030,#1032,.T.);
#1030 = VERTEX_POINT('',#1031);
#1031 = CARTESIAN_POINT('',(48.1,-76.5,10.51));
#1032 = LINE('',#1033,#1034);
#1033 = CARTESIAN_POINT('',(48.1,-76.5,1.51));
#1034 = VECTOR('',#1035,1.);
#1035 = DIRECTION('',(0.,0.,1.));
#1036 = ORIENTED_EDGE('',*,*,#216,.F.);
#1037 = ORIENTED_EDGE('',*,*,#1029,.T.);
#1038 = ORIENTED_EDGE('',*,*,#1039,.F.);
#1039 = EDGE_CURVE('',#1040,#1030,#1042,.T.);
#1040 = VERTEX_POINT('',#1041);
#1041 = CARTESIAN_POINT('',(46.5,-74.9,10.51));
#1042 = CIRCLE('',#1043,1.6);
#1043 = AXIS2_PLACEMENT_3D('',#1044,#1045,#1046);
#1044 = CARTESIAN_POINT('',(46.5,-76.5,10.51));
#1045 = DIRECTION('',(0.,0.,-1.));
#1046 = DIRECTION('',(1.,0.,0.));
#1047 = ORIENTED_EDGE('',*,*,#1048,.F.);
#1048 = EDGE_CURVE('',#1049,#1040,#1051,.T.);
#1049 = VERTEX_POINT('',#1050);
#1050 = CARTESIAN_POINT('',(46.5,-78.1,10.51));
#1051 = CIRCLE('',#1052,1.6);
#1052 = AXIS2_PLACEMENT_3D('',#1053,#1054,#1055);
#1053 = CARTESIAN_POINT('',(46.5,-76.5,10.51));
#1054 = DIRECTION('',(0.,0.,-1.));
#1055 = DIRECTION('',(1.,0.,0.));
#1056 = ORIENTED_EDGE('',*,*,#1057,.F.);
#1057 = EDGE_CURVE('',#1030,#1049,#1058,.T.);
#1058 = CIRCLE('',#1059,1.6);
#1059 = AXIS2_PLACEMENT_3D('',#1060,#1061,#1062);
#1060 = CARTESIAN_POINT('',(46.5,-76.5,10.51));
#1061 = DIRECTION('',(0.,0.,-1.));
#1062 = DIRECTION('',(1.,0.,0.));
#1063 = CYLINDRICAL_SURFACE('',#1064,1.6);
#1064 = AXIS2_PLACEMENT_3D('',#1065,#1066,#1067);
#1065 = CARTESIAN_POINT('',(46.5,-76.5,1.51));
#1066 = DIRECTION('',(-0.,-0.,-1.));
#1067 = DIRECTION('',(1.,0.,0.));
#1068 = ADVANCED_FACE('',(#1069),#1106,.F.);
#1069 = FACE_BOUND('',#1070,.T.);
#1070 = EDGE_LOOP('',(#1071,#1079,#1080,#1081,#1090,#1099));
#1071 = ORIENTED_EDGE('',*,*,#1072,.F.);
#1072 = EDGE_CURVE('',#228,#1073,#1075,.T.);
#1073 = VERTEX_POINT('',#1074);
#1074 = CARTESIAN_POINT('',(25.1,-76.5,10.51));
#1075 = LINE('',#1076,#1077);
#1076 = CARTESIAN_POINT('',(25.1,-76.5,1.51));
#1077 = VECTOR('',#1078,1.);
#1078 = DIRECTION('',(0.,0.,1.));
#1079 = ORIENTED_EDGE('',*,*,#227,.F.);
#1080 = ORIENTED_EDGE('',*,*,#1072,.T.);
#1081 = ORIENTED_EDGE('',*,*,#1082,.F.);
#1082 = EDGE_CURVE('',#1083,#1073,#1085,.T.);
#1083 = VERTEX_POINT('',#1084);
#1084 = CARTESIAN_POINT('',(23.5,-74.9,10.51));
#1085 = CIRCLE('',#1086,1.6);
#1086 = AXIS2_PLACEMENT_3D('',#1087,#1088,#1089);
#1087 = CARTESIAN_POINT('',(23.5,-76.5,10.51));
#1088 = DIRECTION('',(0.,0.,-1.));
#1089 = DIRECTION('',(1.,0.,0.));
#1090 = ORIENTED_EDGE('',*,*,#1091,.F.);
#1091 = EDGE_CURVE('',#1092,#1083,#1094,.T.);
#1092 = VERTEX_POINT('',#1093);
#1093 = CARTESIAN_POINT('',(23.5,-78.1,10.51));
#1094 = CIRCLE('',#1095,1.6);
#1095 = AXIS2_PLACEMENT_3D('',#1096,#1097,#1098);
#1096 = CARTESIAN_POINT('',(23.5,-76.5,10.51));
#1097 = DIRECTION('',(0.,0.,-1.));
#1098 = DIRECTION('',(1.,0.,0.));
#1099 = ORIENTED_EDGE('',*,*,#1100,.F.);
#1100 = EDGE_CURVE('',#1073,#1092,#1101,.T.);
#1101 = CIRCLE('',#1102,1.6);
#1102 = AXIS2_PLACEMENT_3D('',#1103,#1104,#1105);
#1103 = CARTESIAN_POINT('',(23.5,-76.5,10.51));
#1104 = DIRECTION('',(0.,0.,-1.));
#1105 = DIRECTION('',(1.,0.,0.));
#1106 = CYLINDRICAL_SURFACE('',#1107,1.6);
#1107 = AXIS2_PLACEMENT_3D('',#1108,#1109,#1110);
#1108 = CARTESIAN_POINT('',(23.5,-76.5,1.51));
#1109 = DIRECTION('',(-0.,-0.,-1.));
#1110 = DIRECTION('',(1.,0.,0.));
#1111 = ADVANCED_FACE('',(#1112),#1123,.T.);
#1112 = FACE_BOUND('',#1113,.F.);
#1113 = EDGE_LOOP('',(#1114,#1115,#1116,#1122));
#1114 = ORIENTED_EDGE('',*,*,#244,.T.);
#1115 = ORIENTED_EDGE('',*,*,#303,.T.);
#1116 = ORIENTED_EDGE('',*,*,#1117,.T.);
#1117 = EDGE_CURVE('',#304,#612,#1118,.T.);
#1118 = LINE('',#1119,#1120);
#1119 = CARTESIAN_POINT('',(20.25,-94.75,22.009997401923));
#1120 = VECTOR('',#1121,1.);
#1121 = DIRECTION('',(0.707106781187,-0.707106781187,2.90882763039E-35)
  );
#1122 = ORIENTED_EDGE('',*,*,#619,.F.);
#1123 = PLANE('',#1124);
#1124 = AXIS2_PLACEMENT_3D('',#1125,#1126,#1127);
#1125 = CARTESIAN_POINT('',(20.25,-94.75,1.51));
#1126 = DIRECTION('',(-0.707106781187,-0.707106781187,
    -1.889513820523E-18));
#1127 = DIRECTION('',(1.336088035637E-18,1.336088035637E-18,-1.));
#1128 = ADVANCED_FACE('',(#1129,#1132),#1143,.T.);
#1129 = FACE_BOUND('',#1130,.T.);
#1130 = EDGE_LOOP('',(#1131));
#1131 = ORIENTED_EDGE('',*,*,#277,.T.);
#1132 = FACE_BOUND('',#1133,.F.);
#1133 = EDGE_LOOP('',(#1134));
#1134 = ORIENTED_EDGE('',*,*,#1135,.T.);
#1135 = EDGE_CURVE('',#1136,#1136,#1138,.T.);
#1136 = VERTEX_POINT('',#1137);
#1137 = CARTESIAN_POINT('',(41.,1.,6.51));
#1138 = CIRCLE('',#1139,4.);
#1139 = AXIS2_PLACEMENT_3D('',#1140,#1141,#1142);
#1140 = CARTESIAN_POINT('',(45.,1.,6.51));
#1141 = DIRECTION('',(0.,1.,-0.));
#1142 = DIRECTION('',(-1.,0.,0.));
#1143 = PLANE('',#1144);
#1144 = AXIS2_PLACEMENT_3D('',#1145,#1146,#1147);
#1145 = CARTESIAN_POINT('',(45.,1.,6.51));
#1146 = DIRECTION('',(0.,1.,0.));
#1147 = DIRECTION('',(0.,0.,1.));
#1148 = ADVANCED_FACE('',(#1149),#1167,.T.);
#1149 = FACE_BOUND('',#1150,.F.);
#1150 = EDGE_LOOP('',(#1151,#1152,#1160,#1166));
#1151 = ORIENTED_EDGE('',*,*,#371,.F.);
#1152 = ORIENTED_EDGE('',*,*,#1153,.T.);
#1153 = EDGE_CURVE('',#372,#1154,#1156,.T.);
#1154 = VERTEX_POINT('',#1155);
#1155 = CARTESIAN_POINT('',(20.5,-80.,20.51));
#1156 = LINE('',#1157,#1158);
#1157 = CARTESIAN_POINT('',(20.5,0.,20.51));
#1158 = VECTOR('',#1159,1.);
#1159 = DIRECTION('',(0.,-1.,0.));
#1160 = ORIENTED_EDGE('',*,*,#1161,.T.);
#1161 = EDGE_CURVE('',#1154,#330,#1162,.T.);
#1162 = LINE('',#1163,#1164);
#1163 = CARTESIAN_POINT('',(33.916666666667,-66.58333333333,
    33.926666666667));
#1164 = VECTOR('',#1165,1.);
#1165 = DIRECTION('',(-0.57735026919,-0.57735026919,-0.57735026919));
#1166 = ORIENTED_EDGE('',*,*,#337,.F.);
#1167 = PLANE('',#1168);
#1168 = AXIS2_PLACEMENT_3D('',#1169,#1170,#1171);
#1169 = CARTESIAN_POINT('',(20.25,0.,20.26));
#1170 = DIRECTION('',(-0.707106781187,1.889513820523E-18,0.707106781187)
  );
#1171 = DIRECTION('',(1.336088035637E-18,1.,-1.336088035637E-18));
#1172 = ADVANCED_FACE('',(#1173),#1191,.T.);
#1173 = FACE_BOUND('',#1174,.F.);
#1174 = EDGE_LOOP('',(#1175,#1183,#1184,#1185));
#1175 = ORIENTED_EDGE('',*,*,#1176,.F.);
#1176 = EDGE_CURVE('',#321,#1177,#1179,.T.);
#1177 = VERTEX_POINT('',#1178);
#1178 = CARTESIAN_POINT('',(20.5,-80.,22.01));
#1179 = LINE('',#1180,#1181);
#1180 = CARTESIAN_POINT('',(20.5,-80.,22.01));
#1181 = VECTOR('',#1182,1.);
#1182 = DIRECTION('',(0.707106781187,0.707106781187,4.329780281177E-17)
  );
#1183 = ORIENTED_EDGE('',*,*,#329,.T.);
#1184 = ORIENTED_EDGE('',*,*,#1161,.F.);
#1185 = ORIENTED_EDGE('',*,*,#1186,.F.);
#1186 = EDGE_CURVE('',#1177,#1154,#1187,.T.);
#1187 = LINE('',#1188,#1189);
#1188 = CARTESIAN_POINT('',(20.5,-80.,22.01));
#1189 = VECTOR('',#1190,1.);
#1190 = DIRECTION('',(-0.,-0.,-1.));
#1191 = PLANE('',#1192);
#1192 = AXIS2_PLACEMENT_3D('',#1193,#1194,#1195);
#1193 = CARTESIAN_POINT('',(20.25,-80.25,22.01));
#1194 = DIRECTION('',(-0.707106781187,0.707106781187,1.889513820523E-18)
  );
#1195 = DIRECTION('',(1.336088035637E-18,-1.336088035637E-18,1.));
#1196 = ADVANCED_FACE('',(#1197),#1216,.T.);
#1197 = FACE_BOUND('',#1198,.F.);
#1198 = EDGE_LOOP('',(#1199,#1200,#1201,#1209));
#1199 = ORIENTED_EDGE('',*,*,#1117,.F.);
#1200 = ORIENTED_EDGE('',*,*,#311,.T.);
#1201 = ORIENTED_EDGE('',*,*,#1202,.T.);
#1202 = EDGE_CURVE('',#312,#1203,#1205,.T.);
#1203 = VERTEX_POINT('',#1204);
#1204 = CARTESIAN_POINT('',(20.5,-87.5,29.51));
#1205 = LINE('',#1206,#1207);
#1206 = CARTESIAN_POINT('',(20.5,-87.5,29.51));
#1207 = VECTOR('',#1208,1.);
#1208 = DIRECTION('',(0.707106781187,-1.689051995065E-16,0.707106781187)
  );
#1209 = ORIENTED_EDGE('',*,*,#1210,.F.);
#1210 = EDGE_CURVE('',#612,#1203,#1211,.T.);
#1211 = CIRCLE('',#1212,7.5);
#1212 = AXIS2_PLACEMENT_3D('',#1213,#1214,#1215);
#1213 = CARTESIAN_POINT('',(20.5,-87.5,22.01));
#1214 = DIRECTION('',(-1.,0.,0.));
#1215 = DIRECTION('',(-0.,-1.,-5.968558980385E-14));
#1216 = CONICAL_SURFACE('',#1217,7.5,0.785398163397);
#1217 = AXIS2_PLACEMENT_3D('',#1218,#1219,#1220);
#1218 = CARTESIAN_POINT('',(20.5,-87.5,22.01));
#1219 = DIRECTION('',(1.,-0.,-0.));
#1220 = DIRECTION('',(-0.,-1.,-5.968558980385E-14));
#1221 = ADVANCED_FACE('',(#1222),#1234,.T.);
#1222 = FACE_BOUND('',#1223,.F.);
#1223 = EDGE_LOOP('',(#1224,#1225,#1226,#1227));
#1224 = ORIENTED_EDGE('',*,*,#1202,.F.);
#1225 = ORIENTED_EDGE('',*,*,#320,.T.);
#1226 = ORIENTED_EDGE('',*,*,#1176,.T.);
#1227 = ORIENTED_EDGE('',*,*,#1228,.F.);
#1228 = EDGE_CURVE('',#1203,#1177,#1229,.T.);
#1229 = CIRCLE('',#1230,7.5);
#1230 = AXIS2_PLACEMENT_3D('',#1231,#1232,#1233);
#1231 = CARTESIAN_POINT('',(20.5,-87.5,22.01));
#1232 = DIRECTION('',(-1.,0.,0.));
#1233 = DIRECTION('',(0.,0.,1.));
#1234 = CONICAL_SURFACE('',#1235,7.5,0.785398163397);
#1235 = AXIS2_PLACEMENT_3D('',#1236,#1237,#1238);
#1236 = CARTESIAN_POINT('',(20.5,-87.5,22.01));
#1237 = DIRECTION('',(1.,-0.,-0.));
#1238 = DIRECTION('',(0.,0.,1.));
#1239 = ADVANCED_FACE('',(#1240),#1259,.F.);
#1240 = FACE_BOUND('',#1241,.T.);
#1241 = EDGE_LOOP('',(#1242,#1250,#1251,#1252));
#1242 = ORIENTED_EDGE('',*,*,#1243,.F.);
#1243 = EDGE_CURVE('',#346,#1244,#1246,.T.);
#1244 = VERTEX_POINT('',#1245);
#1245 = CARTESIAN_POINT('',(21.,-87.5,25.01));
#1246 = LINE('',#1247,#1248);
#1247 = CARTESIAN_POINT('',(20.,-87.5,25.01));
#1248 = VECTOR('',#1249,1.);
#1249 = DIRECTION('',(1.,0.,0.));
#1250 = ORIENTED_EDGE('',*,*,#345,.T.);
#1251 = ORIENTED_EDGE('',*,*,#1243,.T.);
#1252 = ORIENTED_EDGE('',*,*,#1253,.F.);
#1253 = EDGE_CURVE('',#1244,#1244,#1254,.T.);
#1254 = CIRCLE('',#1255,3.);
#1255 = AXIS2_PLACEMENT_3D('',#1256,#1257,#1258);
#1256 = CARTESIAN_POINT('',(21.,-87.5,22.01));
#1257 = DIRECTION('',(-1.,0.,0.));
#1258 = DIRECTION('',(0.,0.,1.));
#1259 = CYLINDRICAL_SURFACE('',#1260,3.);
#1260 = AXIS2_PLACEMENT_3D('',#1261,#1262,#1263);
#1261 = CARTESIAN_POINT('',(20.,-87.5,22.01));
#1262 = DIRECTION('',(1.,0.,0.));
#1263 = DIRECTION('',(0.,0.,1.));
#1264 = ADVANCED_FACE('',(#1265),#1283,.F.);
#1265 = FACE_BOUND('',#1266,.T.);
#1266 = EDGE_LOOP('',(#1267,#1275,#1276,#1277));
#1267 = ORIENTED_EDGE('',*,*,#1268,.F.);
#1268 = EDGE_CURVE('',#461,#1269,#1271,.T.);
#1269 = VERTEX_POINT('',#1270);
#1270 = CARTESIAN_POINT('',(27.,-4.,20.51));
#1271 = LINE('',#1272,#1273);
#1272 = CARTESIAN_POINT('',(23.875,-4.,23.635));
#1273 = VECTOR('',#1274,1.);
#1274 = DIRECTION('',(-0.707106781187,-0.,0.707106781187));
#1275 = ORIENTED_EDGE('',*,*,#470,.T.);
#1276 = ORIENTED_EDGE('',*,*,#362,.T.);
#1277 = ORIENTED_EDGE('',*,*,#1278,.F.);
#1278 = EDGE_CURVE('',#1269,#363,#1279,.T.);
#1279 = LINE('',#1280,#1281);
#1280 = CARTESIAN_POINT('',(27.,-4.,20.51));
#1281 = VECTOR('',#1282,1.);
#1282 = DIRECTION('',(0.,1.,0.));
#1283 = PLANE('',#1284);
#1284 = AXIS2_PLACEMENT_3D('',#1285,#1286,#1287);
#1285 = CARTESIAN_POINT('',(27.25,-4.,20.26));
#1286 = DIRECTION('',(-0.707106781187,-1.889513820523E-18,
    -0.707106781187));
#1287 = DIRECTION('',(1.336088035637E-18,-1.,1.336088035637E-18));
#1288 = ADVANCED_FACE('',(#1289),#1358,.T.);
#1289 = FACE_BOUND('',#1290,.T.);
#1290 = EDGE_LOOP('',(#1291,#1299,#1300,#1301,#1302,#1310,#1318,#1327,
    #1335,#1343,#1352));
#1291 = ORIENTED_EDGE('',*,*,#1292,.F.);
#1292 = EDGE_CURVE('',#1269,#1293,#1295,.T.);
#1293 = VERTEX_POINT('',#1294);
#1294 = CARTESIAN_POINT('',(23.,-4.,20.51));
#1295 = LINE('',#1296,#1297);
#1296 = CARTESIAN_POINT('',(29.,-4.,20.51));
#1297 = VECTOR('',#1298,1.);
#1298 = DIRECTION('',(-1.,0.,0.));
#1299 = ORIENTED_EDGE('',*,*,#1278,.T.);
#1300 = ORIENTED_EDGE('',*,*,#379,.T.);
#1301 = ORIENTED_EDGE('',*,*,#1153,.T.);
#1302 = ORIENTED_EDGE('',*,*,#1303,.T.);
#1303 = EDGE_CURVE('',#1154,#1304,#1306,.T.);
#1304 = VERTEX_POINT('',#1305);
#1305 = CARTESIAN_POINT('',(23.5,-80.,20.51));
#1306 = LINE('',#1307,#1308);
#1307 = CARTESIAN_POINT('',(20.,-80.,20.51));
#1308 = VECTOR('',#1309,1.);
#1309 = DIRECTION('',(1.,0.,0.));
#1310 = ORIENTED_EDGE('',*,*,#1311,.T.);
#1311 = EDGE_CURVE('',#1304,#1312,#1314,.T.);
#1312 = VERTEX_POINT('',#1313);
#1313 = CARTESIAN_POINT('',(23.5,-79.5,20.51));
#1314 = LINE('',#1315,#1316);
#1315 = CARTESIAN_POINT('',(23.5,-58.125,20.51));
#1316 = VECTOR('',#1317,1.);
#1317 = DIRECTION('',(0.,1.,0.));
#1318 = ORIENTED_EDGE('',*,*,#1319,.F.);
#1319 = EDGE_CURVE('',#1320,#1312,#1322,.T.);
#1320 = VERTEX_POINT('',#1321);
#1321 = CARTESIAN_POINT('',(23.5,-73.5,20.51));
#1322 = CIRCLE('',#1323,3.);
#1323 = AXIS2_PLACEMENT_3D('',#1324,#1325,#1326);
#1324 = CARTESIAN_POINT('',(23.5,-76.5,20.51));
#1325 = DIRECTION('',(0.,0.,1.));
#1326 = DIRECTION('',(1.,0.,0.));
#1327 = ORIENTED_EDGE('',*,*,#1328,.F.);
#1328 = EDGE_CURVE('',#1329,#1320,#1331,.T.);
#1329 = VERTEX_POINT('',#1330);
#1330 = CARTESIAN_POINT('',(23.5,-27.5,20.51));
#1331 = LINE('',#1332,#1333);
#1332 = CARTESIAN_POINT('',(23.5,-45.22887323943,20.51));
#1333 = VECTOR('',#1334,1.);
#1334 = DIRECTION('',(0.,-1.,0.));
#1335 = ORIENTED_EDGE('',*,*,#1336,.T.);
#1336 = EDGE_CURVE('',#1329,#1337,#1339,.T.);
#1337 = VERTEX_POINT('',#1338);
#1338 = CARTESIAN_POINT('',(23.,-26.45803989155,20.51));
#1339 = LINE('',#1340,#1341);
#1340 = CARTESIAN_POINT('',(26.764032021238,-34.30198231766,20.51));
#1341 = VECTOR('',#1342,1.);
#1342 = DIRECTION('',(-0.432632012456,0.901570597235,0.));
#1343 = ORIENTED_EDGE('',*,*,#1344,.F.);
#1344 = EDGE_CURVE('',#1345,#1337,#1347,.T.);
#1345 = VERTEX_POINT('',#1346);
#1346 = CARTESIAN_POINT('',(23.,-20.54196010845,20.51));
#1347 = CIRCLE('',#1348,3.);
#1348 = AXIS2_PLACEMENT_3D('',#1349,#1350,#1351);
#1349 = CARTESIAN_POINT('',(23.5,-23.5,20.51));
#1350 = DIRECTION('',(0.,0.,1.));
#1351 = DIRECTION('',(1.,0.,0.));
#1352 = ORIENTED_EDGE('',*,*,#1353,.F.);
#1353 = EDGE_CURVE('',#1293,#1345,#1354,.T.);
#1354 = LINE('',#1355,#1356);
#1355 = CARTESIAN_POINT('',(23.,-26.11592089362,20.51));
#1356 = VECTOR('',#1357,1.);
#1357 = DIRECTION('',(0.,-1.,0.));
#1358 = PLANE('',#1359);
#1359 = AXIS2_PLACEMENT_3D('',#1360,#1361,#1362);
#1360 = CARTESIAN_POINT('',(35.,-40.,20.51));
#1361 = DIRECTION('',(0.,0.,1.));
#1362 = DIRECTION('',(1.,0.,0.));
#1363 = ADVANCED_FACE('',(#1364),#1383,.T.);
#1364 = FACE_BOUND('',#1365,.F.);
#1365 = EDGE_LOOP('',(#1366,#1374,#1375,#1376));
#1366 = ORIENTED_EDGE('',*,*,#1367,.F.);
#1367 = EDGE_CURVE('',#403,#1368,#1370,.T.);
#1368 = VERTEX_POINT('',#1369);
#1369 = CARTESIAN_POINT('',(49.5,-87.5,29.51));
#1370 = LINE('',#1371,#1372);
#1371 = CARTESIAN_POINT('',(49.5,-87.5,29.51));
#1372 = VECTOR('',#1373,1.);
#1373 = DIRECTION('',(-0.707106781187,-2.70720688925E-16,0.707106781187)
  );
#1374 = ORIENTED_EDGE('',*,*,#402,.T.);
#1375 = ORIENTED_EDGE('',*,*,#633,.T.);
#1376 = ORIENTED_EDGE('',*,*,#1377,.F.);
#1377 = EDGE_CURVE('',#1368,#572,#1378,.T.);
#1378 = CIRCLE('',#1379,7.5);
#1379 = AXIS2_PLACEMENT_3D('',#1380,#1381,#1382);
#1380 = CARTESIAN_POINT('',(49.5,-87.5,22.01));
#1381 = DIRECTION('',(1.,0.,-0.));
#1382 = DIRECTION('',(0.,0.,1.));
#1383 = CONICAL_SURFACE('',#1384,7.5,0.785398163397);
#1384 = AXIS2_PLACEMENT_3D('',#1385,#1386,#1387);
#1385 = CARTESIAN_POINT('',(49.5,-87.5,22.01));
#1386 = DIRECTION('',(-1.,0.,0.));
#1387 = DIRECTION('',(0.,0.,1.));
#1388 = ADVANCED_FACE('',(#1389),#1408,.T.);
#1389 = FACE_BOUND('',#1390,.F.);
#1390 = EDGE_LOOP('',(#1391,#1399,#1400,#1401));
#1391 = ORIENTED_EDGE('',*,*,#1392,.F.);
#1392 = EDGE_CURVE('',#412,#1393,#1395,.T.);
#1393 = VERTEX_POINT('',#1394);
#1394 = CARTESIAN_POINT('',(49.5,-80.,22.01));
#1395 = LINE('',#1396,#1397);
#1396 = CARTESIAN_POINT('',(49.75,-80.25,22.01));
#1397 = VECTOR('',#1398,1.);
#1398 = DIRECTION('',(-0.707106781187,0.707106781187,-2.90882763039E-35)
  );
#1399 = ORIENTED_EDGE('',*,*,#411,.T.);
#1400 = ORIENTED_EDGE('',*,*,#1367,.T.);
#1401 = ORIENTED_EDGE('',*,*,#1402,.F.);
#1402 = EDGE_CURVE('',#1393,#1368,#1403,.T.);
#1403 = CIRCLE('',#1404,7.5);
#1404 = AXIS2_PLACEMENT_3D('',#1405,#1406,#1407);
#1405 = CARTESIAN_POINT('',(49.5,-87.5,22.01));
#1406 = DIRECTION('',(1.,0.,-0.));
#1407 = DIRECTION('',(0.,1.,0.));
#1408 = CONICAL_SURFACE('',#1409,7.5,0.785398163397);
#1409 = AXIS2_PLACEMENT_3D('',#1410,#1411,#1412);
#1410 = CARTESIAN_POINT('',(49.5,-87.5,22.01));
#1411 = DIRECTION('',(-1.,0.,0.));
#1412 = DIRECTION('',(0.,1.,0.));
#1413 = ADVANCED_FACE('',(#1414),#1432,.F.);
#1414 = FACE_BOUND('',#1415,.T.);
#1415 = EDGE_LOOP('',(#1416,#1424,#1425,#1426));
#1416 = ORIENTED_EDGE('',*,*,#1417,.F.);
#1417 = EDGE_CURVE('',#421,#1418,#1420,.T.);
#1418 = VERTEX_POINT('',#1419);
#1419 = CARTESIAN_POINT('',(49.5,-80.,20.51));
#1420 = LINE('',#1421,#1422);
#1421 = CARTESIAN_POINT('',(49.666666666667,-80.16666666666,
    20.343333333333));
#1422 = VECTOR('',#1423,1.);
#1423 = DIRECTION('',(-0.57735026919,0.57735026919,0.57735026919));
#1424 = ORIENTED_EDGE('',*,*,#428,.T.);
#1425 = ORIENTED_EDGE('',*,*,#491,.T.);
#1426 = ORIENTED_EDGE('',*,*,#1427,.F.);
#1427 = EDGE_CURVE('',#1418,#492,#1428,.T.);
#1428 = LINE('',#1429,#1430);
#1429 = CARTESIAN_POINT('',(49.5,-80.,20.51));
#1430 = VECTOR('',#1431,1.);
#1431 = DIRECTION('',(0.,1.,0.));
#1432 = PLANE('',#1433);
#1433 = AXIS2_PLACEMENT_3D('',#1434,#1435,#1436);
#1434 = CARTESIAN_POINT('',(49.75,-80.,20.26));
#1435 = DIRECTION('',(-0.707106781187,-1.889513820523E-18,
    -0.707106781187));
#1436 = DIRECTION('',(1.336088035637E-18,-1.,1.336088035637E-18));
#1437 = ADVANCED_FACE('',(#1438),#1449,.F.);
#1438 = FACE_BOUND('',#1439,.F.);
#1439 = EDGE_LOOP('',(#1440,#1441,#1442,#1443));
#1440 = ORIENTED_EDGE('',*,*,#1417,.F.);
#1441 = ORIENTED_EDGE('',*,*,#420,.T.);
#1442 = ORIENTED_EDGE('',*,*,#1392,.T.);
#1443 = ORIENTED_EDGE('',*,*,#1444,.F.);
#1444 = EDGE_CURVE('',#1418,#1393,#1445,.T.);
#1445 = LINE('',#1446,#1447);
#1446 = CARTESIAN_POINT('',(49.5,-80.,20.51));
#1447 = VECTOR('',#1448,1.);
#1448 = DIRECTION('',(0.,0.,1.));
#1449 = PLANE('',#1450);
#1450 = AXIS2_PLACEMENT_3D('',#1451,#1452,#1453);
#1451 = CARTESIAN_POINT('',(49.75,-80.25,20.51));
#1452 = DIRECTION('',(-0.707106781187,-0.707106781187,
    -1.889513820523E-18));
#1453 = DIRECTION('',(-1.336088035637E-18,-1.336088035637E-18,1.));
#1454 = ADVANCED_FACE('',(#1455),#1474,.F.);
#1455 = FACE_BOUND('',#1456,.T.);
#1456 = EDGE_LOOP('',(#1457,#1465,#1466,#1467));
#1457 = ORIENTED_EDGE('',*,*,#1458,.F.);
#1458 = EDGE_CURVE('',#444,#1459,#1461,.T.);
#1459 = VERTEX_POINT('',#1460);
#1460 = CARTESIAN_POINT('',(49.,-87.5,19.01));
#1461 = LINE('',#1462,#1463);
#1462 = CARTESIAN_POINT('',(50.,-87.5,19.01));
#1463 = VECTOR('',#1464,1.);
#1464 = DIRECTION('',(-1.,0.,0.));
#1465 = ORIENTED_EDGE('',*,*,#443,.T.);
#1466 = ORIENTED_EDGE('',*,*,#1458,.T.);
#1467 = ORIENTED_EDGE('',*,*,#1468,.F.);
#1468 = EDGE_CURVE('',#1459,#1459,#1469,.T.);
#1469 = CIRCLE('',#1470,3.);
#1470 = AXIS2_PLACEMENT_3D('',#1471,#1472,#1473);
#1471 = CARTESIAN_POINT('',(49.,-87.5,22.01));
#1472 = DIRECTION('',(1.,-0.,0.));
#1473 = DIRECTION('',(0.,0.,-1.));
#1474 = CYLINDRICAL_SURFACE('',#1475,3.);
#1475 = AXIS2_PLACEMENT_3D('',#1476,#1477,#1478);
#1476 = CARTESIAN_POINT('',(50.,-87.5,22.01));
#1477 = DIRECTION('',(-1.,-0.,-0.));
#1478 = DIRECTION('',(0.,0.,-1.));
#1479 = ADVANCED_FACE('',(#1480),#1525,.T.);
#1480 = FACE_BOUND('',#1481,.T.);
#1481 = EDGE_LOOP('',(#1482,#1483,#1491,#1499,#1507,#1515,#1521,#1522,
    #1523,#1524));
#1482 = ORIENTED_EDGE('',*,*,#1292,.T.);
#1483 = ORIENTED_EDGE('',*,*,#1484,.T.);
#1484 = EDGE_CURVE('',#1293,#1485,#1487,.T.);
#1485 = VERTEX_POINT('',#1486);
#1486 = CARTESIAN_POINT('',(23.,-4.,4.51));
#1487 = LINE('',#1488,#1489);
#1488 = CARTESIAN_POINT('',(23.,-4.,29.51));
#1489 = VECTOR('',#1490,1.);
#1490 = DIRECTION('',(-0.,-0.,-1.));
#1491 = ORIENTED_EDGE('',*,*,#1492,.T.);
#1492 = EDGE_CURVE('',#1485,#1493,#1495,.T.);
#1493 = VERTEX_POINT('',#1494);
#1494 = CARTESIAN_POINT('',(47.,-4.,4.51));
#1495 = LINE('',#1496,#1497);
#1496 = CARTESIAN_POINT('',(23.,-4.,4.51));
#1497 = VECTOR('',#1498,1.);
#1498 = DIRECTION('',(1.,0.,0.));
#1499 = ORIENTED_EDGE('',*,*,#1500,.F.);
#1500 = EDGE_CURVE('',#1501,#1493,#1503,.T.);
#1501 = VERTEX_POINT('',#1502);
#1502 = CARTESIAN_POINT('',(47.,-4.,20.51));
#1503 = LINE('',#1504,#1505);
#1504 = CARTESIAN_POINT('',(47.,-4.,29.51));
#1505 = VECTOR('',#1506,1.);
#1506 = DIRECTION('',(-0.,-0.,-1.));
#1507 = ORIENTED_EDGE('',*,*,#1508,.T.);
#1508 = EDGE_CURVE('',#1501,#1509,#1511,.T.);
#1509 = VERTEX_POINT('',#1510);
#1510 = CARTESIAN_POINT('',(43.,-4.,20.51));
#1511 = LINE('',#1512,#1513);
#1512 = CARTESIAN_POINT('',(29.,-4.,20.51));
#1513 = VECTOR('',#1514,1.);
#1514 = DIRECTION('',(-1.,0.,0.));
#1515 = ORIENTED_EDGE('',*,*,#1516,.T.);
#1516 = EDGE_CURVE('',#1509,#548,#1517,.T.);
#1517 = LINE('',#1518,#1519);
#1518 = CARTESIAN_POINT('',(40.125,-4.,17.635));
#1519 = VECTOR('',#1520,1.);
#1520 = DIRECTION('',(-0.707106781187,-0.,-0.707106781187));
#1521 = ORIENTED_EDGE('',*,*,#555,.T.);
#1522 = ORIENTED_EDGE('',*,*,#523,.F.);
#1523 = ORIENTED_EDGE('',*,*,#460,.F.);
#1524 = ORIENTED_EDGE('',*,*,#1268,.T.);
#1525 = PLANE('',#1526);
#1526 = AXIS2_PLACEMENT_3D('',#1527,#1528,#1529);
#1527 = CARTESIAN_POINT('',(23.,-4.,29.51));
#1528 = DIRECTION('',(0.,-1.,0.));
#1529 = DIRECTION('',(1.,0.,0.));
#1530 = ADVANCED_FACE('',(#1531),#1598,.T.);
#1531 = FACE_BOUND('',#1532,.T.);
#1532 = EDGE_LOOP('',(#1533,#1541,#1542,#1543,#1549,#1550,#1558,#1567,
    #1575,#1583,#1592));
#1533 = ORIENTED_EDGE('',*,*,#1534,.T.);
#1534 = EDGE_CURVE('',#1535,#1418,#1537,.T.);
#1535 = VERTEX_POINT('',#1536);
#1536 = CARTESIAN_POINT('',(46.5,-80.,20.51));
#1537 = LINE('',#1538,#1539);
#1538 = CARTESIAN_POINT('',(20.,-80.,20.51));
#1539 = VECTOR('',#1540,1.);
#1540 = DIRECTION('',(1.,0.,0.));
#1541 = ORIENTED_EDGE('',*,*,#1427,.T.);
#1542 = ORIENTED_EDGE('',*,*,#508,.T.);
#1543 = ORIENTED_EDGE('',*,*,#1544,.T.);
#1544 = EDGE_CURVE('',#501,#1509,#1545,.T.);
#1545 = LINE('',#1546,#1547);
#1546 = CARTESIAN_POINT('',(43.,0.,20.51));
#1547 = VECTOR('',#1548,1.);
#1548 = DIRECTION('',(0.,-1.,0.));
#1549 = ORIENTED_EDGE('',*,*,#1508,.F.);
#1550 = ORIENTED_EDGE('',*,*,#1551,.F.);
#1551 = EDGE_CURVE('',#1552,#1501,#1554,.T.);
#1552 = VERTEX_POINT('',#1553);
#1553 = CARTESIAN_POINT('',(47.,-20.54196010845,20.51));
#1554 = LINE('',#1555,#1556);
#1555 = CARTESIAN_POINT('',(47.,-26.11592089362,20.51));
#1556 = VECTOR('',#1557,1.);
#1557 = DIRECTION('',(0.,1.,0.));
#1558 = ORIENTED_EDGE('',*,*,#1559,.F.);
#1559 = EDGE_CURVE('',#1560,#1552,#1562,.T.);
#1560 = VERTEX_POINT('',#1561);
#1561 = CARTESIAN_POINT('',(47.,-26.45803989155,20.51));
#1562 = CIRCLE('',#1563,3.);
#1563 = AXIS2_PLACEMENT_3D('',#1564,#1565,#1566);
#1564 = CARTESIAN_POINT('',(46.5,-23.5,20.51));
#1565 = DIRECTION('',(0.,0.,1.));
#1566 = DIRECTION('',(1.,0.,0.));
#1567 = ORIENTED_EDGE('',*,*,#1568,.F.);
#1568 = EDGE_CURVE('',#1569,#1560,#1571,.T.);
#1569 = VERTEX_POINT('',#1570);
#1570 = CARTESIAN_POINT('',(46.5,-27.5,20.51));
#1571 = LINE('',#1572,#1573);
#1572 = CARTESIAN_POINT('',(43.235967978762,-34.30198231766,20.51));
#1573 = VECTOR('',#1574,1.);
#1574 = DIRECTION('',(0.432632012456,0.901570597235,0.));
#1575 = ORIENTED_EDGE('',*,*,#1576,.F.);
#1576 = EDGE_CURVE('',#1577,#1569,#1579,.T.);
#1577 = VERTEX_POINT('',#1578);
#1578 = CARTESIAN_POINT('',(46.5,-73.5,20.51));
#1579 = LINE('',#1580,#1581);
#1580 = CARTESIAN_POINT('',(46.5,-45.22887323943,20.51));
#1581 = VECTOR('',#1582,1.);
#1582 = DIRECTION('',(0.,1.,0.));
#1583 = ORIENTED_EDGE('',*,*,#1584,.F.);
#1584 = EDGE_CURVE('',#1585,#1577,#1587,.T.);
#1585 = VERTEX_POINT('',#1586);
#1586 = CARTESIAN_POINT('',(46.5,-79.5,20.51));
#1587 = CIRCLE('',#1588,3.);
#1588 = AXIS2_PLACEMENT_3D('',#1589,#1590,#1591);
#1589 = CARTESIAN_POINT('',(46.5,-76.5,20.51));
#1590 = DIRECTION('',(0.,0.,1.));
#1591 = DIRECTION('',(1.,0.,0.));
#1592 = ORIENTED_EDGE('',*,*,#1593,.T.);
#1593 = EDGE_CURVE('',#1585,#1535,#1594,.T.);
#1594 = LINE('',#1595,#1596);
#1595 = CARTESIAN_POINT('',(46.5,-58.125,20.51));
#1596 = VECTOR('',#1597,1.);
#1597 = DIRECTION('',(0.,-1.,0.));
#1598 = PLANE('',#1599);
#1599 = AXIS2_PLACEMENT_3D('',#1600,#1601,#1602);
#1600 = CARTESIAN_POINT('',(35.,-40.,20.51));
#1601 = DIRECTION('',(0.,0.,1.));
#1602 = DIRECTION('',(1.,0.,0.));
#1603 = ADVANCED_FACE('',(#1604),#1610,.F.);
#1604 = FACE_BOUND('',#1605,.F.);
#1605 = EDGE_LOOP('',(#1606,#1607,#1608,#1609));
#1606 = ORIENTED_EDGE('',*,*,#500,.T.);
#1607 = ORIENTED_EDGE('',*,*,#1544,.T.);
#1608 = ORIENTED_EDGE('',*,*,#1516,.T.);
#1609 = ORIENTED_EDGE('',*,*,#547,.F.);
#1610 = PLANE('',#1611);
#1611 = AXIS2_PLACEMENT_3D('',#1612,#1613,#1614);
#1612 = CARTESIAN_POINT('',(42.75,0.,20.26));
#1613 = DIRECTION('',(0.707106781187,1.889513820523E-18,-0.707106781187)
  );
#1614 = DIRECTION('',(1.336088035637E-18,-1.,-1.336088035637E-18));
#1615 = ADVANCED_FACE('',(#1616),#1645,.T.);
#1616 = FACE_BOUND('',#1617,.T.);
#1617 = EDGE_LOOP('',(#1618,#1626,#1635,#1642,#1643,#1644));
#1618 = ORIENTED_EDGE('',*,*,#1619,.T.);
#1619 = EDGE_CURVE('',#1393,#1620,#1622,.T.);
#1620 = VERTEX_POINT('',#1621);
#1621 = CARTESIAN_POINT('',(43.5,-80.,22.01));
#1622 = LINE('',#1623,#1624);
#1623 = CARTESIAN_POINT('',(50.,-80.,22.01));
#1624 = VECTOR('',#1625,1.);
#1625 = DIRECTION('',(-1.,-0.,-0.));
#1626 = ORIENTED_EDGE('',*,*,#1627,.T.);
#1627 = EDGE_CURVE('',#1620,#1628,#1630,.T.);
#1628 = VERTEX_POINT('',#1629);
#1629 = CARTESIAN_POINT('',(43.5,-87.5,29.51));
#1630 = CIRCLE('',#1631,7.5);
#1631 = AXIS2_PLACEMENT_3D('',#1632,#1633,#1634);
#1632 = CARTESIAN_POINT('',(43.5,-87.5,22.01));
#1633 = DIRECTION('',(1.,0.,0.));
#1634 = DIRECTION('',(-0.,1.,0.));
#1635 = ORIENTED_EDGE('',*,*,#1636,.T.);
#1636 = EDGE_CURVE('',#1628,#580,#1637,.T.);
#1637 = CIRCLE('',#1638,7.5);
#1638 = AXIS2_PLACEMENT_3D('',#1639,#1640,#1641);
#1639 = CARTESIAN_POINT('',(43.5,-87.5,22.01));
#1640 = DIRECTION('',(1.,0.,-0.));
#1641 = DIRECTION('',(0.,0.,1.));
#1642 = ORIENTED_EDGE('',*,*,#579,.F.);
#1643 = ORIENTED_EDGE('',*,*,#1377,.F.);
#1644 = ORIENTED_EDGE('',*,*,#1402,.F.);
#1645 = CYLINDRICAL_SURFACE('',#1646,7.5);
#1646 = AXIS2_PLACEMENT_3D('',#1647,#1648,#1649);
#1647 = CARTESIAN_POINT('',(50.,-87.5,22.01));
#1648 = DIRECTION('',(1.,0.,0.));
#1649 = DIRECTION('',(0.,1.,0.));
#1650 = ADVANCED_FACE('',(#1651),#1680,.T.);
#1651 = FACE_BOUND('',#1652,.T.);
#1652 = EDGE_LOOP('',(#1653,#1661,#1662,#1663,#1664,#1673));
#1653 = ORIENTED_EDGE('',*,*,#1654,.T.);
#1654 = EDGE_CURVE('',#1655,#1177,#1657,.T.);
#1655 = VERTEX_POINT('',#1656);
#1656 = CARTESIAN_POINT('',(26.5,-80.,22.01));
#1657 = LINE('',#1658,#1659);
#1658 = CARTESIAN_POINT('',(50.,-80.,22.01));
#1659 = VECTOR('',#1660,1.);
#1660 = DIRECTION('',(-1.,-0.,-0.));
#1661 = ORIENTED_EDGE('',*,*,#1228,.F.);
#1662 = ORIENTED_EDGE('',*,*,#1210,.F.);
#1663 = ORIENTED_EDGE('',*,*,#611,.F.);
#1664 = ORIENTED_EDGE('',*,*,#1665,.F.);
#1665 = EDGE_CURVE('',#1666,#604,#1668,.T.);
#1666 = VERTEX_POINT('',#1667);
#1667 = CARTESIAN_POINT('',(26.5,-87.5,29.51));
#1668 = CIRCLE('',#1669,7.5);
#1669 = AXIS2_PLACEMENT_3D('',#1670,#1671,#1672);
#1670 = CARTESIAN_POINT('',(26.5,-87.5,22.01));
#1671 = DIRECTION('',(1.,0.,-0.));
#1672 = DIRECTION('',(0.,0.,1.));
#1673 = ORIENTED_EDGE('',*,*,#1674,.F.);
#1674 = EDGE_CURVE('',#1655,#1666,#1675,.T.);
#1675 = CIRCLE('',#1676,7.5);
#1676 = AXIS2_PLACEMENT_3D('',#1677,#1678,#1679);
#1677 = CARTESIAN_POINT('',(26.5,-87.5,22.01));
#1678 = DIRECTION('',(1.,0.,-0.));
#1679 = DIRECTION('',(0.,1.,0.));
#1680 = CYLINDRICAL_SURFACE('',#1681,7.5);
#1681 = AXIS2_PLACEMENT_3D('',#1682,#1683,#1684);
#1682 = CARTESIAN_POINT('',(50.,-87.5,22.01));
#1683 = DIRECTION('',(1.,0.,0.));
#1684 = DIRECTION('',(0.,1.,0.));
#1685 = ADVANCED_FACE('',(#1686),#1702,.T.);
#1686 = FACE_BOUND('',#1687,.F.);
#1687 = EDGE_LOOP('',(#1688,#1694,#1695,#1701));
#1688 = ORIENTED_EDGE('',*,*,#1689,.F.);
#1689 = EDGE_CURVE('',#580,#672,#1690,.T.);
#1690 = LINE('',#1691,#1692);
#1691 = CARTESIAN_POINT('',(43.5,-95.,22.01));
#1692 = VECTOR('',#1693,1.);
#1693 = DIRECTION('',(-0.707106781187,0.707106781187,4.266321707339E-14)
  );
#1694 = ORIENTED_EDGE('',*,*,#587,.T.);
#1695 = ORIENTED_EDGE('',*,*,#1696,.T.);
#1696 = EDGE_CURVE('',#588,#664,#1697,.T.);
#1697 = LINE('',#1698,#1699);
#1698 = CARTESIAN_POINT('',(39.250000433013,-90.75000043301,
    18.259999566987));
#1699 = VECTOR('',#1700,1.);
#1700 = DIRECTION('',(-0.57735026919,0.57735026919,0.57735026919));
#1701 = ORIENTED_EDGE('',*,*,#671,.F.);
#1702 = PLANE('',#1703);
#1703 = AXIS2_PLACEMENT_3D('',#1704,#1705,#1706);
#1704 = CARTESIAN_POINT('',(43.25,-94.75,22.009997401923));
#1705 = DIRECTION('',(-0.707106781187,-0.707106781187,
    -1.889513820523E-18));
#1706 = DIRECTION('',(-1.336088035637E-18,-1.336088035637E-18,1.));
#1707 = ADVANCED_FACE('',(#1708),#1724,.T.);
#1708 = FACE_BOUND('',#1709,.F.);
#1709 = EDGE_LOOP('',(#1710,#1716,#1717,#1723));
#1710 = ORIENTED_EDGE('',*,*,#1711,.F.);
#1711 = EDGE_CURVE('',#893,#604,#1712,.T.);
#1712 = LINE('',#1713,#1714);
#1713 = CARTESIAN_POINT('',(26.5,-95.,22.01));
#1714 = VECTOR('',#1715,1.);
#1715 = DIRECTION('',(-0.707106781187,-0.707106781187,
    -4.266321707339E-14));
#1716 = ORIENTED_EDGE('',*,*,#901,.T.);
#1717 = ORIENTED_EDGE('',*,*,#1718,.F.);
#1718 = EDGE_CURVE('',#596,#812,#1719,.T.);
#1719 = LINE('',#1720,#1721);
#1720 = CARTESIAN_POINT('',(28.083332900321,-93.41666709967,
    15.593332900321));
#1721 = VECTOR('',#1722,1.);
#1722 = DIRECTION('',(0.57735026919,0.57735026919,0.57735026919));
#1723 = ORIENTED_EDGE('',*,*,#603,.F.);
#1724 = PLANE('',#1725);
#1725 = AXIS2_PLACEMENT_3D('',#1726,#1727,#1728);
#1726 = CARTESIAN_POINT('',(26.75,-94.75,22.009997401923));
#1727 = DIRECTION('',(0.707106781187,-0.707106781187,1.889513820523E-18)
  );
#1728 = DIRECTION('',(-1.336088035637E-18,1.336088035637E-18,1.));
#1729 = ADVANCED_FACE('',(#1730),#1741,.T.);
#1730 = FACE_BOUND('',#1731,.T.);
#1731 = EDGE_LOOP('',(#1732,#1733,#1734,#1735));
#1732 = ORIENTED_EDGE('',*,*,#1718,.F.);
#1733 = ORIENTED_EDGE('',*,*,#595,.T.);
#1734 = ORIENTED_EDGE('',*,*,#1696,.T.);
#1735 = ORIENTED_EDGE('',*,*,#1736,.F.);
#1736 = EDGE_CURVE('',#812,#664,#1737,.T.);
#1737 = LINE('',#1738,#1739);
#1738 = CARTESIAN_POINT('',(27.,-94.5,14.51));
#1739 = VECTOR('',#1740,1.);
#1740 = DIRECTION('',(1.,0.,0.));
#1741 = PLANE('',#1742);
#1742 = AXIS2_PLACEMENT_3D('',#1743,#1744,#1745);
#1743 = CARTESIAN_POINT('',(27.,-94.75,14.26));
#1744 = DIRECTION('',(1.889513820523E-18,-0.707106781187,0.707106781187)
  );
#1745 = DIRECTION('',(1.,1.336088035637E-18,-1.336088035637E-18));
#1746 = ADVANCED_FACE('',(#1747),#1753,.T.);
#1747 = FACE_BOUND('',#1748,.T.);
#1748 = EDGE_LOOP('',(#1749,#1750,#1751,#1752));
#1749 = ORIENTED_EDGE('',*,*,#809,.T.);
#1750 = ORIENTED_EDGE('',*,*,#1736,.T.);
#1751 = ORIENTED_EDGE('',*,*,#661,.F.);
#1752 = ORIENTED_EDGE('',*,*,#928,.F.);
#1753 = PLANE('',#1754);
#1754 = AXIS2_PLACEMENT_3D('',#1755,#1756,#1757);
#1755 = CARTESIAN_POINT('',(35.,-39.,14.51));
#1756 = DIRECTION('',(0.,0.,1.));
#1757 = DIRECTION('',(1.,0.,0.));
#1758 = ADVANCED_FACE('',(#1759),#1770,.T.);
#1759 = FACE_BOUND('',#1760,.F.);
#1760 = EDGE_LOOP('',(#1761,#1767,#1768,#1769));
#1761 = ORIENTED_EDGE('',*,*,#1762,.F.);
#1762 = EDGE_CURVE('',#1628,#680,#1763,.T.);
#1763 = LINE('',#1764,#1765);
#1764 = CARTESIAN_POINT('',(43.5,-87.5,29.51));
#1765 = VECTOR('',#1766,1.);
#1766 = DIRECTION('',(-0.707106781187,2.70720688925E-16,-0.707106781187)
  );
#1767 = ORIENTED_EDGE('',*,*,#1636,.T.);
#1768 = ORIENTED_EDGE('',*,*,#1689,.T.);
#1769 = ORIENTED_EDGE('',*,*,#679,.F.);
#1770 = CONICAL_SURFACE('',#1771,7.5,0.785398163397);
#1771 = AXIS2_PLACEMENT_3D('',#1772,#1773,#1774);
#1772 = CARTESIAN_POINT('',(43.5,-87.5,22.01));
#1773 = DIRECTION('',(1.,0.,0.));
#1774 = DIRECTION('',(0.,0.,1.));
#1775 = ADVANCED_FACE('',(#1776),#1787,.T.);
#1776 = FACE_BOUND('',#1777,.F.);
#1777 = EDGE_LOOP('',(#1778,#1784,#1785,#1786));
#1778 = ORIENTED_EDGE('',*,*,#1779,.F.);
#1779 = EDGE_CURVE('',#1620,#689,#1780,.T.);
#1780 = LINE('',#1781,#1782);
#1781 = CARTESIAN_POINT('',(43.25,-80.25,22.01));
#1782 = VECTOR('',#1783,1.);
#1783 = DIRECTION('',(-0.707106781187,-0.707106781187,2.90882763039E-35)
  );
#1784 = ORIENTED_EDGE('',*,*,#1627,.T.);
#1785 = ORIENTED_EDGE('',*,*,#1762,.T.);
#1786 = ORIENTED_EDGE('',*,*,#688,.F.);
#1787 = CONICAL_SURFACE('',#1788,7.5,0.785398163397);
#1788 = AXIS2_PLACEMENT_3D('',#1789,#1790,#1791);
#1789 = CARTESIAN_POINT('',(43.5,-87.5,22.01));
#1790 = DIRECTION('',(1.,0.,0.));
#1791 = DIRECTION('',(-0.,1.,0.));
#1792 = ADVANCED_FACE('',(#1793),#1811,.T.);
#1793 = FACE_BOUND('',#1794,.F.);
#1794 = EDGE_LOOP('',(#1795,#1803,#1809,#1810));
#1795 = ORIENTED_EDGE('',*,*,#1796,.F.);
#1796 = EDGE_CURVE('',#1797,#698,#1799,.T.);
#1797 = VERTEX_POINT('',#1798);
#1798 = CARTESIAN_POINT('',(43.5,-80.,10.51));
#1799 = LINE('',#1800,#1801);
#1800 = CARTESIAN_POINT('',(44.845824587808,-78.65417541219,10.51));
#1801 = VECTOR('',#1802,1.);
#1802 = DIRECTION('',(-0.707106781187,-0.707106781187,3.959797974645E-16
    ));
#1803 = ORIENTED_EDGE('',*,*,#1804,.T.);
#1804 = EDGE_CURVE('',#1797,#1620,#1805,.T.);
#1805 = LINE('',#1806,#1807);
#1806 = CARTESIAN_POINT('',(43.5,-80.,10.51));
#1807 = VECTOR('',#1808,1.);
#1808 = DIRECTION('',(0.,0.,1.));
#1809 = ORIENTED_EDGE('',*,*,#1779,.T.);
#1810 = ORIENTED_EDGE('',*,*,#697,.F.);
#1811 = PLANE('',#1812);
#1812 = AXIS2_PLACEMENT_3D('',#1813,#1814,#1815);
#1813 = CARTESIAN_POINT('',(43.25,-80.25,10.51));
#1814 = DIRECTION('',(-0.707106781187,0.707106781187,1.889513820523E-18)
  );
#1815 = DIRECTION('',(-1.336088035637E-18,1.336088035637E-18,-1.));
#1816 = ADVANCED_FACE('',(#1817,#1903,#1908),#1913,.T.);
#1817 = FACE_BOUND('',#1818,.T.);
#1818 = EDGE_LOOP('',(#1819,#1827,#1835,#1844,#1853,#1861,#1869,#1877,
    #1886,#1894,#1900,#1901,#1902));
#1819 = ORIENTED_EDGE('',*,*,#1820,.T.);
#1820 = EDGE_CURVE('',#738,#1821,#1823,.T.);
#1821 = VERTEX_POINT('',#1822);
#1822 = CARTESIAN_POINT('',(46.5,-27.5,10.51));
#1823 = LINE('',#1824,#1825);
#1824 = CARTESIAN_POINT('',(40.75,-27.5,10.51));
#1825 = VECTOR('',#1826,1.);
#1826 = DIRECTION('',(1.,0.,0.));
#1827 = ORIENTED_EDGE('',*,*,#1828,.T.);
#1828 = EDGE_CURVE('',#1821,#1829,#1831,.T.);
#1829 = VERTEX_POINT('',#1830);
#1830 = CARTESIAN_POINT('',(47.,-26.45803989155,10.51));
#1831 = LINE('',#1832,#1833);
#1832 = CARTESIAN_POINT('',(41.285726469498,-38.36613002666,10.51));
#1833 = VECTOR('',#1834,1.);
#1834 = DIRECTION('',(0.432632012456,0.901570597235,0.));
#1835 = ORIENTED_EDGE('',*,*,#1836,.T.);
#1836 = EDGE_CURVE('',#1829,#1837,#1839,.T.);
#1837 = VERTEX_POINT('',#1838);
#1838 = CARTESIAN_POINT('',(49.5,-23.5,10.51));
#1839 = CIRCLE('',#1840,3.);
#1840 = AXIS2_PLACEMENT_3D('',#1841,#1842,#1843);
#1841 = CARTESIAN_POINT('',(46.5,-23.5,10.51));
#1842 = DIRECTION('',(0.,0.,1.));
#1843 = DIRECTION('',(1.,0.,0.));
#1844 = ORIENTED_EDGE('',*,*,#1845,.T.);
#1845 = EDGE_CURVE('',#1837,#1846,#1848,.T.);
#1846 = VERTEX_POINT('',#1847);
#1847 = CARTESIAN_POINT('',(47.,-20.54196010845,10.51));
#1848 = CIRCLE('',#1849,3.);
#1849 = AXIS2_PLACEMENT_3D('',#1850,#1851,#1852);
#1850 = CARTESIAN_POINT('',(46.5,-23.5,10.51));
#1851 = DIRECTION('',(0.,0.,1.));
#1852 = DIRECTION('',(1.,0.,0.));
#1853 = ORIENTED_EDGE('',*,*,#1854,.F.);
#1854 = EDGE_CURVE('',#1855,#1846,#1857,.T.);
#1855 = VERTEX_POINT('',#1856);
#1856 = CARTESIAN_POINT('',(47.,-18.,10.51));
#1857 = LINE('',#1858,#1859);
#1858 = CARTESIAN_POINT('',(47.,-18.,10.51));
#1859 = VECTOR('',#1860,1.);
#1860 = DIRECTION('',(0.,-1.,0.));
#1861 = ORIENTED_EDGE('',*,*,#1862,.F.);
#1862 = EDGE_CURVE('',#1863,#1855,#1865,.T.);
#1863 = VERTEX_POINT('',#1864);
#1864 = CARTESIAN_POINT('',(23.,-18.,10.51));
#1865 = LINE('',#1866,#1867);
#1866 = CARTESIAN_POINT('',(23.,-18.,10.51));
#1867 = VECTOR('',#1868,1.);
#1868 = DIRECTION('',(1.,0.,0.));
#1869 = ORIENTED_EDGE('',*,*,#1870,.F.);
#1870 = EDGE_CURVE('',#1871,#1863,#1873,.T.);
#1871 = VERTEX_POINT('',#1872);
#1872 = CARTESIAN_POINT('',(23.,-20.54196010845,10.51));
#1873 = LINE('',#1874,#1875);
#1874 = CARTESIAN_POINT('',(23.,-35.,10.51));
#1875 = VECTOR('',#1876,1.);
#1876 = DIRECTION('',(0.,1.,0.));
#1877 = ORIENTED_EDGE('',*,*,#1878,.T.);
#1878 = EDGE_CURVE('',#1871,#1879,#1881,.T.);
#1879 = VERTEX_POINT('',#1880);
#1880 = CARTESIAN_POINT('',(23.,-26.45803989155,10.51));
#1881 = CIRCLE('',#1882,3.);
#1882 = AXIS2_PLACEMENT_3D('',#1883,#1884,#1885);
#1883 = CARTESIAN_POINT('',(23.5,-23.5,10.51));
#1884 = DIRECTION('',(0.,0.,1.));
#1885 = DIRECTION('',(1.,0.,0.));
#1886 = ORIENTED_EDGE('',*,*,#1887,.F.);
#1887 = EDGE_CURVE('',#1888,#1879,#1890,.T.);
#1888 = VERTEX_POINT('',#1889);
#1889 = CARTESIAN_POINT('',(23.5,-27.5,10.51));
#1890 = LINE('',#1891,#1892);
#1891 = CARTESIAN_POINT('',(28.714273530501,-38.36613002666,10.51));
#1892 = VECTOR('',#1893,1.);
#1893 = DIRECTION('',(-0.432632012456,0.901570597235,0.));
#1894 = ORIENTED_EDGE('',*,*,#1895,.F.);
#1895 = EDGE_CURVE('',#828,#1888,#1896,.T.);
#1896 = LINE('',#1897,#1898);
#1897 = CARTESIAN_POINT('',(29.25,-27.5,10.51));
#1898 = VECTOR('',#1899,1.);
#1899 = DIRECTION('',(-1.,0.,0.));
#1900 = ORIENTED_EDGE('',*,*,#827,.F.);
#1901 = ORIENTED_EDGE('',*,*,#787,.T.);
#1902 = ORIENTED_EDGE('',*,*,#745,.T.);
#1903 = FACE_BOUND('',#1904,.T.);
#1904 = EDGE_LOOP('',(#1905,#1906,#1907));
#1905 = ORIENTED_EDGE('',*,*,#962,.T.);
#1906 = ORIENTED_EDGE('',*,*,#953,.T.);
#1907 = ORIENTED_EDGE('',*,*,#971,.T.);
#1908 = FACE_BOUND('',#1909,.T.);
#1909 = EDGE_LOOP('',(#1910,#1911,#1912));
#1910 = ORIENTED_EDGE('',*,*,#1014,.T.);
#1911 = ORIENTED_EDGE('',*,*,#1005,.T.);
#1912 = ORIENTED_EDGE('',*,*,#996,.T.);
#1913 = PLANE('',#1914);
#1914 = AXIS2_PLACEMENT_3D('',#1915,#1916,#1917);
#1915 = CARTESIAN_POINT('',(35.0470092673,-21.52331817123,10.51));
#1916 = DIRECTION('',(0.,2.685476411562E-16,1.));
#1917 = DIRECTION('',(0.,1.,-2.685476411562E-16));
#1918 = ADVANCED_FACE('',(#1919,#1972),#1977,.T.);
#1919 = FACE_BOUND('',#1920,.T.);
#1920 = EDGE_LOOP('',(#1921,#1929,#1937,#1946,#1955,#1963,#1969,#1970,
    #1971));
#1921 = ORIENTED_EDGE('',*,*,#1922,.F.);
#1922 = EDGE_CURVE('',#1923,#1797,#1925,.T.);
#1923 = VERTEX_POINT('',#1924);
#1924 = CARTESIAN_POINT('',(46.5,-80.,10.51));
#1925 = LINE('',#1926,#1927);
#1926 = CARTESIAN_POINT('',(39.,-80.,10.51));
#1927 = VECTOR('',#1928,1.);
#1928 = DIRECTION('',(-1.,0.,0.));
#1929 = ORIENTED_EDGE('',*,*,#1930,.T.);
#1930 = EDGE_CURVE('',#1923,#1931,#1933,.T.);
#1931 = VERTEX_POINT('',#1932);
#1932 = CARTESIAN_POINT('',(46.5,-79.5,10.51));
#1933 = LINE('',#1934,#1935);
#1934 = CARTESIAN_POINT('',(46.5,-61.25,10.51));
#1935 = VECTOR('',#1936,1.);
#1936 = DIRECTION('',(0.,1.,0.));
#1937 = ORIENTED_EDGE('',*,*,#1938,.T.);
#1938 = EDGE_CURVE('',#1931,#1939,#1941,.T.);
#1939 = VERTEX_POINT('',#1940);
#1940 = CARTESIAN_POINT('',(49.5,-76.5,10.51));
#1941 = CIRCLE('',#1942,3.);
#1942 = AXIS2_PLACEMENT_3D('',#1943,#1944,#1945);
#1943 = CARTESIAN_POINT('',(46.5,-76.5,10.51));
#1944 = DIRECTION('',(0.,0.,1.));
#1945 = DIRECTION('',(1.,0.,0.));
#1946 = ORIENTED_EDGE('',*,*,#1947,.T.);
#1947 = EDGE_CURVE('',#1939,#1948,#1950,.T.);
#1948 = VERTEX_POINT('',#1949);
#1949 = CARTESIAN_POINT('',(46.5,-73.5,10.51));
#1950 = CIRCLE('',#1951,3.);
#1951 = AXIS2_PLACEMENT_3D('',#1952,#1953,#1954);
#1952 = CARTESIAN_POINT('',(46.5,-76.5,10.51));
#1953 = DIRECTION('',(0.,0.,1.));
#1954 = DIRECTION('',(1.,0.,0.));
#1955 = ORIENTED_EDGE('',*,*,#1956,.T.);
#1956 = EDGE_CURVE('',#1948,#1957,#1959,.T.);
#1957 = VERTEX_POINT('',#1958);
#1958 = CARTESIAN_POINT('',(46.5,-72.5,10.51));
#1959 = LINE('',#1960,#1961);
#1960 = CARTESIAN_POINT('',(46.5,-61.25,10.51));
#1961 = VECTOR('',#1962,1.);
#1962 = DIRECTION('',(0.,1.,0.));
#1963 = ORIENTED_EDGE('',*,*,#1964,.T.);
#1964 = EDGE_CURVE('',#1957,#714,#1965,.T.);
#1965 = LINE('',#1966,#1967);
#1966 = CARTESIAN_POINT('',(39.,-72.5,10.51));
#1967 = VECTOR('',#1968,1.);
#1968 = DIRECTION('',(-1.,0.,0.));
#1969 = ORIENTED_EDGE('',*,*,#713,.F.);
#1970 = ORIENTED_EDGE('',*,*,#705,.T.);
#1971 = ORIENTED_EDGE('',*,*,#1796,.F.);
#1972 = FACE_BOUND('',#1973,.T.);
#1973 = EDGE_LOOP('',(#1974,#1975,#1976));
#1974 = ORIENTED_EDGE('',*,*,#1048,.T.);
#1975 = ORIENTED_EDGE('',*,*,#1039,.T.);
#1976 = ORIENTED_EDGE('',*,*,#1057,.T.);
#1977 = PLANE('',#1978);
#1978 = AXIS2_PLACEMENT_3D('',#1979,#1980,#1981);
#1979 = CARTESIAN_POINT('',(45.666057189066,-76.28275883783,10.51));
#1980 = DIRECTION('',(5.6E-16,0.,1.));
#1981 = DIRECTION('',(1.,0.,-5.6E-16));
#1982 = ADVANCED_FACE('',(#1983),#2001,.F.);
#1983 = FACE_BOUND('',#1984,.F.);
#1984 = EDGE_LOOP('',(#1985,#1986,#1994,#2000));
#1985 = ORIENTED_EDGE('',*,*,#1820,.T.);
#1986 = ORIENTED_EDGE('',*,*,#1987,.T.);
#1987 = EDGE_CURVE('',#1821,#1988,#1990,.T.);
#1988 = VERTEX_POINT('',#1989);
#1989 = CARTESIAN_POINT('',(46.5,-27.5,4.51));
#1990 = LINE('',#1991,#1992);
#1991 = CARTESIAN_POINT('',(46.5,-27.5,29.51));
#1992 = VECTOR('',#1993,1.);
#1993 = DIRECTION('',(-0.,-0.,-1.));
#1994 = ORIENTED_EDGE('',*,*,#1995,.F.);
#1995 = EDGE_CURVE('',#730,#1988,#1996,.T.);
#1996 = LINE('',#1997,#1998);
#1997 = CARTESIAN_POINT('',(40.75,-27.5,4.51));
#1998 = VECTOR('',#1999,1.);
#1999 = DIRECTION('',(1.,0.,0.));
#2000 = ORIENTED_EDGE('',*,*,#737,.F.);
#2001 = PLANE('',#2002);
#2002 = AXIS2_PLACEMENT_3D('',#2003,#2004,#2005);
#2003 = CARTESIAN_POINT('',(46.5,-27.5,29.51));
#2004 = DIRECTION('',(0.,1.,0.));
#2005 = DIRECTION('',(-1.,0.,0.));
#2006 = ADVANCED_FACE('',(#2007),#2025,.T.);
#2007 = FACE_BOUND('',#2008,.T.);
#2008 = EDGE_LOOP('',(#2009,#2010,#2011,#2019));
#2009 = ORIENTED_EDGE('',*,*,#1995,.F.);
#2010 = ORIENTED_EDGE('',*,*,#729,.F.);
#2011 = ORIENTED_EDGE('',*,*,#2012,.F.);
#2012 = EDGE_CURVE('',#2013,#722,#2015,.T.);
#2013 = VERTEX_POINT('',#2014);
#2014 = CARTESIAN_POINT('',(46.5,-72.5,4.51));
#2015 = LINE('',#2016,#2017);
#2016 = CARTESIAN_POINT('',(29.25,-72.5,4.51));
#2017 = VECTOR('',#2018,1.);
#2018 = DIRECTION('',(-1.,0.,0.));
#2019 = ORIENTED_EDGE('',*,*,#2020,.F.);
#2020 = EDGE_CURVE('',#1988,#2013,#2021,.T.);
#2021 = LINE('',#2022,#2023);
#2022 = CARTESIAN_POINT('',(46.5,-55.75,4.51));
#2023 = VECTOR('',#2024,1.);
#2024 = DIRECTION('',(0.,-1.,0.));
#2025 = PLANE('',#2026);
#2026 = AXIS2_PLACEMENT_3D('',#2027,#2028,#2029);
#2027 = CARTESIAN_POINT('',(35.,-39.,4.51));
#2028 = DIRECTION('',(0.,0.,1.));
#2029 = DIRECTION('',(1.,0.,0.));
#2030 = ADVANCED_FACE('',(#2031),#2042,.F.);
#2031 = FACE_BOUND('',#2032,.F.);
#2032 = EDGE_LOOP('',(#2033,#2034,#2035,#2036));
#2033 = ORIENTED_EDGE('',*,*,#1964,.T.);
#2034 = ORIENTED_EDGE('',*,*,#721,.F.);
#2035 = ORIENTED_EDGE('',*,*,#2012,.F.);
#2036 = ORIENTED_EDGE('',*,*,#2037,.F.);
#2037 = EDGE_CURVE('',#1957,#2013,#2038,.T.);
#2038 = LINE('',#2039,#2040);
#2039 = CARTESIAN_POINT('',(46.5,-72.5,29.51));
#2040 = VECTOR('',#2041,1.);
#2041 = DIRECTION('',(-0.,-0.,-1.));
#2042 = PLANE('',#2043);
#2043 = AXIS2_PLACEMENT_3D('',#2044,#2045,#2046);
#2044 = CARTESIAN_POINT('',(23.5,-72.5,29.51));
#2045 = DIRECTION('',(0.,-1.,0.));
#2046 = DIRECTION('',(1.,0.,0.));
#2047 = ADVANCED_FACE('',(#2048),#2067,.F.);
#2048 = FACE_BOUND('',#2049,.F.);
#2049 = EDGE_LOOP('',(#2050,#2059,#2065,#2066));
#2050 = ORIENTED_EDGE('',*,*,#2051,.F.);
#2051 = EDGE_CURVE('',#2052,#2052,#2054,.T.);
#2052 = VERTEX_POINT('',#2053);
#2053 = CARTESIAN_POINT('',(49.,-86.,22.01));
#2054 = CIRCLE('',#2055,1.5);
#2055 = AXIS2_PLACEMENT_3D('',#2056,#2057,#2058);
#2056 = CARTESIAN_POINT('',(49.,-87.5,22.01));
#2057 = DIRECTION('',(1.,0.,0.));
#2058 = DIRECTION('',(0.,1.,0.));
#2059 = ORIENTED_EDGE('',*,*,#2060,.T.);
#2060 = EDGE_CURVE('',#2052,#769,#2061,.T.);
#2061 = LINE('',#2062,#2063);
#2062 = CARTESIAN_POINT('',(50.,-86.,22.01));
#2063 = VECTOR('',#2064,1.);
#2064 = DIRECTION('',(-1.,-0.,-0.));
#2065 = ORIENTED_EDGE('',*,*,#768,.T.);
#2066 = ORIENTED_EDGE('',*,*,#2060,.F.);
#2067 = CYLINDRICAL_SURFACE('',#2068,1.5);
#2068 = AXIS2_PLACEMENT_3D('',#2069,#2070,#2071);
#2069 = CARTESIAN_POINT('',(50.,-87.5,22.01));
#2070 = DIRECTION('',(1.,0.,0.));
#2071 = DIRECTION('',(0.,1.,0.));
#2072 = ADVANCED_FACE('',(#2073),#2084,.T.);
#2073 = FACE_BOUND('',#2074,.F.);
#2074 = EDGE_LOOP('',(#2075,#2081,#2082,#2083));
#2075 = ORIENTED_EDGE('',*,*,#2076,.F.);
#2076 = EDGE_CURVE('',#884,#1666,#2077,.T.);
#2077 = LINE('',#2078,#2079);
#2078 = CARTESIAN_POINT('',(26.5,-87.5,29.51));
#2079 = VECTOR('',#2080,1.);
#2080 = DIRECTION('',(-0.707106781187,-2.70720688925E-16,0.707106781187)
  );
#2081 = ORIENTED_EDGE('',*,*,#892,.T.);
#2082 = ORIENTED_EDGE('',*,*,#1711,.T.);
#2083 = ORIENTED_EDGE('',*,*,#1665,.F.);
#2084 = CONICAL_SURFACE('',#2085,7.5,0.785398163397);
#2085 = AXIS2_PLACEMENT_3D('',#2086,#2087,#2088);
#2086 = CARTESIAN_POINT('',(26.5,-87.5,22.01));
#2087 = DIRECTION('',(-1.,-0.,0.));
#2088 = DIRECTION('',(0.,0.,1.));
#2089 = ADVANCED_FACE('',(#2090),#2101,.T.);
#2090 = FACE_BOUND('',#2091,.F.);
#2091 = EDGE_LOOP('',(#2092,#2098,#2099,#2100));
#2092 = ORIENTED_EDGE('',*,*,#2093,.F.);
#2093 = EDGE_CURVE('',#876,#1655,#2094,.T.);
#2094 = LINE('',#2095,#2096);
#2095 = CARTESIAN_POINT('',(26.75,-80.25,22.01));
#2096 = VECTOR('',#2097,1.);
#2097 = DIRECTION('',(-0.707106781187,0.707106781187,2.90882763039E-35)
  );
#2098 = ORIENTED_EDGE('',*,*,#883,.T.);
#2099 = ORIENTED_EDGE('',*,*,#2076,.T.);
#2100 = ORIENTED_EDGE('',*,*,#1674,.F.);
#2101 = CONICAL_SURFACE('',#2102,7.5,0.785398163397);
#2102 = AXIS2_PLACEMENT_3D('',#2103,#2104,#2105);
#2103 = CARTESIAN_POINT('',(26.5,-87.5,22.01));
#2104 = DIRECTION('',(-1.,-0.,0.));
#2105 = DIRECTION('',(0.,1.,0.));
#2106 = ADVANCED_FACE('',(#2107),#2125,.T.);
#2107 = FACE_BOUND('',#2108,.F.);
#2108 = EDGE_LOOP('',(#2109,#2117,#2118,#2119));
#2109 = ORIENTED_EDGE('',*,*,#2110,.F.);
#2110 = EDGE_CURVE('',#868,#2111,#2113,.T.);
#2111 = VERTEX_POINT('',#2112);
#2112 = CARTESIAN_POINT('',(26.5,-80.,10.51));
#2113 = LINE('',#2114,#2115);
#2114 = CARTESIAN_POINT('',(25.174115427319,-78.67411542731,10.51));
#2115 = VECTOR('',#2116,1.);
#2116 = DIRECTION('',(-0.707106781187,0.707106781187,-3.889087296526E-16
    ));
#2117 = ORIENTED_EDGE('',*,*,#875,.T.);
#2118 = ORIENTED_EDGE('',*,*,#2093,.T.);
#2119 = ORIENTED_EDGE('',*,*,#2120,.F.);
#2120 = EDGE_CURVE('',#2111,#1655,#2121,.T.);
#2121 = LINE('',#2122,#2123);
#2122 = CARTESIAN_POINT('',(26.5,-80.,10.51));
#2123 = VECTOR('',#2124,1.);
#2124 = DIRECTION('',(0.,0.,1.));
#2125 = PLANE('',#2126);
#2126 = AXIS2_PLACEMENT_3D('',#2127,#2128,#2129);
#2127 = CARTESIAN_POINT('',(26.75,-80.25,10.51));
#2128 = DIRECTION('',(0.707106781187,0.707106781187,-1.889513820523E-18)
  );
#2129 = DIRECTION('',(-1.336088035637E-18,-1.336088035637E-18,-1.));
#2130 = ADVANCED_FACE('',(#2131,#2175),#2180,.T.);
#2131 = FACE_BOUND('',#2132,.T.);
#2132 = EDGE_LOOP('',(#2133,#2141,#2142,#2143,#2144,#2152,#2160,#2169));
#2133 = ORIENTED_EDGE('',*,*,#2134,.F.);
#2134 = EDGE_CURVE('',#2111,#2135,#2137,.T.);
#2135 = VERTEX_POINT('',#2136);
#2136 = CARTESIAN_POINT('',(23.5,-80.,10.51));
#2137 = LINE('',#2138,#2139);
#2138 = CARTESIAN_POINT('',(29.25,-80.,10.51));
#2139 = VECTOR('',#2140,1.);
#2140 = DIRECTION('',(-1.,0.,0.));
#2141 = ORIENTED_EDGE('',*,*,#2110,.F.);
#2142 = ORIENTED_EDGE('',*,*,#867,.F.);
#2143 = ORIENTED_EDGE('',*,*,#859,.T.);
#2144 = ORIENTED_EDGE('',*,*,#2145,.T.);
#2145 = EDGE_CURVE('',#852,#2146,#2148,.T.);
#2146 = VERTEX_POINT('',#2147);
#2147 = CARTESIAN_POINT('',(23.5,-72.5,10.51));
#2148 = LINE('',#2149,#2150);
#2149 = CARTESIAN_POINT('',(29.25,-72.5,10.51));
#2150 = VECTOR('',#2151,1.);
#2151 = DIRECTION('',(-1.,0.,0.));
#2152 = ORIENTED_EDGE('',*,*,#2153,.F.);
#2153 = EDGE_CURVE('',#2154,#2146,#2156,.T.);
#2154 = VERTEX_POINT('',#2155);
#2155 = CARTESIAN_POINT('',(23.5,-73.5,10.51));
#2156 = LINE('',#2157,#2158);
#2157 = CARTESIAN_POINT('',(23.5,-63.25,10.51));
#2158 = VECTOR('',#2159,1.);
#2159 = DIRECTION('',(0.,1.,0.));
#2160 = ORIENTED_EDGE('',*,*,#2161,.T.);
#2161 = EDGE_CURVE('',#2154,#2162,#2164,.T.);
#2162 = VERTEX_POINT('',#2163);
#2163 = CARTESIAN_POINT('',(23.5,-79.5,10.51));
#2164 = CIRCLE('',#2165,3.);
#2165 = AXIS2_PLACEMENT_3D('',#2166,#2167,#2168);
#2166 = CARTESIAN_POINT('',(23.5,-76.5,10.51));
#2167 = DIRECTION('',(0.,0.,1.));
#2168 = DIRECTION('',(1.,0.,0.));
#2169 = ORIENTED_EDGE('',*,*,#2170,.F.);
#2170 = EDGE_CURVE('',#2135,#2162,#2171,.T.);
#2171 = LINE('',#2172,#2173);
#2172 = CARTESIAN_POINT('',(23.5,-63.25,10.51));
#2173 = VECTOR('',#2174,1.);
#2174 = DIRECTION('',(0.,1.,0.));
#2175 = FACE_BOUND('',#2176,.T.);
#2176 = EDGE_LOOP('',(#2177,#2178,#2179));
#2177 = ORIENTED_EDGE('',*,*,#1100,.T.);
#2178 = ORIENTED_EDGE('',*,*,#1091,.T.);
#2179 = ORIENTED_EDGE('',*,*,#1082,.T.);
#2180 = PLANE('',#2181);
#2181 = AXIS2_PLACEMENT_3D('',#2182,#2183,#2184);
#2182 = CARTESIAN_POINT('',(24.416461709275,-76.28,10.51));
#2183 = DIRECTION('',(-5.5E-16,0.,1.));
#2184 = DIRECTION('',(1.,0.,5.5E-16));
#2185 = ADVANCED_FACE('',(#2186),#2204,.F.);
#2186 = FACE_BOUND('',#2187,.F.);
#2187 = EDGE_LOOP('',(#2188,#2189,#2190,#2198));
#2188 = ORIENTED_EDGE('',*,*,#1895,.F.);
#2189 = ORIENTED_EDGE('',*,*,#835,.F.);
#2190 = ORIENTED_EDGE('',*,*,#2191,.F.);
#2191 = EDGE_CURVE('',#2192,#836,#2194,.T.);
#2192 = VERTEX_POINT('',#2193);
#2193 = CARTESIAN_POINT('',(23.5,-27.5,4.51));
#2194 = LINE('',#2195,#2196);
#2195 = CARTESIAN_POINT('',(40.75,-27.5,4.51));
#2196 = VECTOR('',#2197,1.);
#2197 = DIRECTION('',(1.,0.,0.));
#2198 = ORIENTED_EDGE('',*,*,#2199,.F.);
#2199 = EDGE_CURVE('',#1888,#2192,#2200,.T.);
#2200 = LINE('',#2201,#2202);
#2201 = CARTESIAN_POINT('',(23.5,-27.5,29.51));
#2202 = VECTOR('',#2203,1.);
#2203 = DIRECTION('',(-0.,-0.,-1.));
#2204 = PLANE('',#2205);
#2205 = AXIS2_PLACEMENT_3D('',#2206,#2207,#2208);
#2206 = CARTESIAN_POINT('',(46.5,-27.5,29.51));
#2207 = DIRECTION('',(0.,1.,0.));
#2208 = DIRECTION('',(-1.,0.,0.));
#2209 = ADVANCED_FACE('',(#2210),#2228,.T.);
#2210 = FACE_BOUND('',#2211,.T.);
#2211 = EDGE_LOOP('',(#2212,#2213,#2221,#2227));
#2212 = ORIENTED_EDGE('',*,*,#2191,.F.);
#2213 = ORIENTED_EDGE('',*,*,#2214,.F.);
#2214 = EDGE_CURVE('',#2215,#2192,#2217,.T.);
#2215 = VERTEX_POINT('',#2216);
#2216 = CARTESIAN_POINT('',(23.5,-72.5,4.51));
#2217 = LINE('',#2218,#2219);
#2218 = CARTESIAN_POINT('',(23.5,-33.25,4.51));
#2219 = VECTOR('',#2220,1.);
#2220 = DIRECTION('',(0.,1.,0.));
#2221 = ORIENTED_EDGE('',*,*,#2222,.F.);
#2222 = EDGE_CURVE('',#844,#2215,#2223,.T.);
#2223 = LINE('',#2224,#2225);
#2224 = CARTESIAN_POINT('',(29.25,-72.5,4.51));
#2225 = VECTOR('',#2226,1.);
#2226 = DIRECTION('',(-1.,0.,0.));
#2227 = ORIENTED_EDGE('',*,*,#843,.F.);
#2228 = PLANE('',#2229);
#2229 = AXIS2_PLACEMENT_3D('',#2230,#2231,#2232);
#2230 = CARTESIAN_POINT('',(35.,-39.,4.51));
#2231 = DIRECTION('',(0.,0.,1.));
#2232 = DIRECTION('',(1.,0.,0.));
#2233 = ADVANCED_FACE('',(#2234),#2245,.F.);
#2234 = FACE_BOUND('',#2235,.F.);
#2235 = EDGE_LOOP('',(#2236,#2237,#2243,#2244));
#2236 = ORIENTED_EDGE('',*,*,#2145,.T.);
#2237 = ORIENTED_EDGE('',*,*,#2238,.T.);
#2238 = EDGE_CURVE('',#2146,#2215,#2239,.T.);
#2239 = LINE('',#2240,#2241);
#2240 = CARTESIAN_POINT('',(23.5,-72.5,29.51));
#2241 = VECTOR('',#2242,1.);
#2242 = DIRECTION('',(-0.,-0.,-1.));
#2243 = ORIENTED_EDGE('',*,*,#2222,.F.);
#2244 = ORIENTED_EDGE('',*,*,#851,.F.);
#2245 = PLANE('',#2246);
#2246 = AXIS2_PLACEMENT_3D('',#2247,#2248,#2249);
#2247 = CARTESIAN_POINT('',(23.5,-72.5,29.51));
#2248 = DIRECTION('',(0.,-1.,0.));
#2249 = DIRECTION('',(1.,0.,0.));
#2250 = ADVANCED_FACE('',(#2251),#2270,.F.);
#2251 = FACE_BOUND('',#2252,.F.);
#2252 = EDGE_LOOP('',(#2253,#2261,#2262,#2263));
#2253 = ORIENTED_EDGE('',*,*,#2254,.F.);
#2254 = EDGE_CURVE('',#910,#2255,#2257,.T.);
#2255 = VERTEX_POINT('',#2256);
#2256 = CARTESIAN_POINT('',(21.,-86.,22.01));
#2257 = LINE('',#2258,#2259);
#2258 = CARTESIAN_POINT('',(50.,-86.,22.01));
#2259 = VECTOR('',#2260,1.);
#2260 = DIRECTION('',(-1.,-0.,-0.));
#2261 = ORIENTED_EDGE('',*,*,#909,.F.);
#2262 = ORIENTED_EDGE('',*,*,#2254,.T.);
#2263 = ORIENTED_EDGE('',*,*,#2264,.T.);
#2264 = EDGE_CURVE('',#2255,#2255,#2265,.T.);
#2265 = CIRCLE('',#2266,1.5);
#2266 = AXIS2_PLACEMENT_3D('',#2267,#2268,#2269);
#2267 = CARTESIAN_POINT('',(21.,-87.5,22.01));
#2268 = DIRECTION('',(1.,0.,0.));
#2269 = DIRECTION('',(0.,1.,0.));
#2270 = CYLINDRICAL_SURFACE('',#2271,1.5);
#2271 = AXIS2_PLACEMENT_3D('',#2272,#2273,#2274);
#2272 = CARTESIAN_POINT('',(50.,-87.5,22.01));
#2273 = DIRECTION('',(1.,0.,0.));
#2274 = DIRECTION('',(0.,1.,0.));
#2275 = ADVANCED_FACE('',(#2276),#2295,.T.);
#2276 = FACE_BOUND('',#2277,.F.);
#2277 = EDGE_LOOP('',(#2278,#2286,#2287,#2288));
#2278 = ORIENTED_EDGE('',*,*,#2279,.F.);
#2279 = EDGE_CURVE('',#1136,#2280,#2282,.T.);
#2280 = VERTEX_POINT('',#2281);
#2281 = CARTESIAN_POINT('',(41.,9.,6.51));
#2282 = LINE('',#2283,#2284);
#2283 = CARTESIAN_POINT('',(41.,1.53E-15,6.51));
#2284 = VECTOR('',#2285,1.);
#2285 = DIRECTION('',(0.,1.,0.));
#2286 = ORIENTED_EDGE('',*,*,#1135,.F.);
#2287 = ORIENTED_EDGE('',*,*,#2279,.T.);
#2288 = ORIENTED_EDGE('',*,*,#2289,.T.);
#2289 = EDGE_CURVE('',#2280,#2280,#2290,.T.);
#2290 = CIRCLE('',#2291,4.);
#2291 = AXIS2_PLACEMENT_3D('',#2292,#2293,#2294);
#2292 = CARTESIAN_POINT('',(45.,9.,6.51));
#2293 = DIRECTION('',(0.,1.,-0.));
#2294 = DIRECTION('',(-1.,0.,0.));
#2295 = CYLINDRICAL_SURFACE('',#2296,4.);
#2296 = AXIS2_PLACEMENT_3D('',#2297,#2298,#2299);
#2297 = CARTESIAN_POINT('',(45.,1.53E-15,6.51));
#2298 = DIRECTION('',(0.,-1.,2.2E-16));
#2299 = DIRECTION('',(-1.,0.,0.));
#2300 = ADVANCED_FACE('',(#2301),#2314,.T.);
#2301 = FACE_BOUND('',#2302,.T.);
#2302 = EDGE_LOOP('',(#2303,#2304,#2305,#2306,#2307,#2308));
#2303 = ORIENTED_EDGE('',*,*,#1303,.F.);
#2304 = ORIENTED_EDGE('',*,*,#1186,.F.);
#2305 = ORIENTED_EDGE('',*,*,#1654,.F.);
#2306 = ORIENTED_EDGE('',*,*,#2120,.F.);
#2307 = ORIENTED_EDGE('',*,*,#2134,.T.);
#2308 = ORIENTED_EDGE('',*,*,#2309,.F.);
#2309 = EDGE_CURVE('',#1304,#2135,#2310,.T.);
#2310 = LINE('',#2311,#2312);
#2311 = CARTESIAN_POINT('',(23.5,-80.,29.51));
#2312 = VECTOR('',#2313,1.);
#2313 = DIRECTION('',(-0.,-0.,-1.));
#2314 = PLANE('',#2315);
#2315 = AXIS2_PLACEMENT_3D('',#2316,#2317,#2318);
#2316 = CARTESIAN_POINT('',(24.173076923077,-80.,20.683076923077));
#2317 = DIRECTION('',(0.,1.,0.));
#2318 = DIRECTION('',(0.,0.,1.));
#2319 = ADVANCED_FACE('',(#2320,#2323),#2326,.T.);
#2320 = FACE_BOUND('',#2321,.T.);
#2321 = EDGE_LOOP('',(#2322));
#2322 = ORIENTED_EDGE('',*,*,#1253,.T.);
#2323 = FACE_BOUND('',#2324,.T.);
#2324 = EDGE_LOOP('',(#2325));
#2325 = ORIENTED_EDGE('',*,*,#2264,.T.);
#2326 = PLANE('',#2327);
#2327 = AXIS2_PLACEMENT_3D('',#2328,#2329,#2330);
#2328 = CARTESIAN_POINT('',(21.,-87.5,22.01));
#2329 = DIRECTION('',(-1.,-0.,-0.));
#2330 = DIRECTION('',(0.,0.,1.));
#2331 = ADVANCED_FACE('',(#2332),#2357,.T.);
#2332 = FACE_BOUND('',#2333,.T.);
#2333 = EDGE_LOOP('',(#2334,#2335,#2336,#2342,#2343,#2351));
#2334 = ORIENTED_EDGE('',*,*,#1484,.F.);
#2335 = ORIENTED_EDGE('',*,*,#1353,.T.);
#2336 = ORIENTED_EDGE('',*,*,#2337,.F.);
#2337 = EDGE_CURVE('',#1871,#1345,#2338,.T.);
#2338 = LINE('',#2339,#2340);
#2339 = CARTESIAN_POINT('',(23.,-20.54196010845,29.51));
#2340 = VECTOR('',#2341,1.);
#2341 = DIRECTION('',(0.,0.,1.));
#2342 = ORIENTED_EDGE('',*,*,#1870,.T.);
#2343 = ORIENTED_EDGE('',*,*,#2344,.F.);
#2344 = EDGE_CURVE('',#2345,#1863,#2347,.T.);
#2345 = VERTEX_POINT('',#2346);
#2346 = CARTESIAN_POINT('',(23.,-18.,4.51));
#2347 = LINE('',#2348,#2349);
#2348 = CARTESIAN_POINT('',(23.,-18.,4.51));
#2349 = VECTOR('',#2350,1.);
#2350 = DIRECTION('',(0.,0.,1.));
#2351 = ORIENTED_EDGE('',*,*,#2352,.T.);
#2352 = EDGE_CURVE('',#2345,#1485,#2353,.T.);
#2353 = LINE('',#2354,#2355);
#2354 = CARTESIAN_POINT('',(23.,-20.,4.51));
#2355 = VECTOR('',#2356,1.);
#2356 = DIRECTION('',(0.,1.,0.));
#2357 = PLANE('',#2358);
#2358 = AXIS2_PLACEMENT_3D('',#2359,#2360,#2361);
#2359 = CARTESIAN_POINT('',(23.,-12.23184178725,17.049138266974));
#2360 = DIRECTION('',(1.,0.,0.));
#2361 = DIRECTION('',(0.,0.,1.));
#2362 = ADVANCED_FACE('',(#2363),#2374,.F.);
#2363 = FACE_BOUND('',#2364,.F.);
#2364 = EDGE_LOOP('',(#2365,#2371,#2372,#2373));
#2365 = ORIENTED_EDGE('',*,*,#2366,.F.);
#2366 = EDGE_CURVE('',#1337,#1879,#2367,.T.);
#2367 = LINE('',#2368,#2369);
#2368 = CARTESIAN_POINT('',(23.,-26.45803989155,29.51));
#2369 = VECTOR('',#2370,1.);
#2370 = DIRECTION('',(-0.,-0.,-1.));
#2371 = ORIENTED_EDGE('',*,*,#1344,.F.);
#2372 = ORIENTED_EDGE('',*,*,#2337,.F.);
#2373 = ORIENTED_EDGE('',*,*,#1878,.T.);
#2374 = CYLINDRICAL_SURFACE('',#2375,3.);
#2375 = AXIS2_PLACEMENT_3D('',#2376,#2377,#2378);
#2376 = CARTESIAN_POINT('',(23.5,-23.5,29.51));
#2377 = DIRECTION('',(0.,0.,1.));
#2378 = DIRECTION('',(1.,0.,0.));
#2379 = ADVANCED_FACE('',(#2380),#2391,.F.);
#2380 = FACE_BOUND('',#2381,.F.);
#2381 = EDGE_LOOP('',(#2382,#2383,#2384,#2385));
#2382 = ORIENTED_EDGE('',*,*,#1336,.T.);
#2383 = ORIENTED_EDGE('',*,*,#2366,.T.);
#2384 = ORIENTED_EDGE('',*,*,#1887,.F.);
#2385 = ORIENTED_EDGE('',*,*,#2386,.F.);
#2386 = EDGE_CURVE('',#1329,#1888,#2387,.T.);
#2387 = LINE('',#2388,#2389);
#2388 = CARTESIAN_POINT('',(23.5,-27.5,29.51));
#2389 = VECTOR('',#2390,1.);
#2390 = DIRECTION('',(-0.,-0.,-1.));
#2391 = PLANE('',#2392);
#2392 = AXIS2_PLACEMENT_3D('',#2393,#2394,#2395);
#2393 = CARTESIAN_POINT('',(23.,-26.45803989155,29.51));
#2394 = DIRECTION('',(-0.901570597235,-0.432632012456,0.));
#2395 = DIRECTION('',(0.432632012456,-0.901570597235,0.));
#2396 = ADVANCED_FACE('',(#2397),#2411,.T.);
#2397 = FACE_BOUND('',#2398,.T.);
#2398 = EDGE_LOOP('',(#2399,#2400,#2401,#2407,#2408,#2409,#2410));
#2399 = ORIENTED_EDGE('',*,*,#2386,.F.);
#2400 = ORIENTED_EDGE('',*,*,#1328,.T.);
#2401 = ORIENTED_EDGE('',*,*,#2402,.F.);
#2402 = EDGE_CURVE('',#2154,#1320,#2403,.T.);
#2403 = LINE('',#2404,#2405);
#2404 = CARTESIAN_POINT('',(23.5,-73.5,29.51));
#2405 = VECTOR('',#2406,1.);
#2406 = DIRECTION('',(0.,0.,1.));
#2407 = ORIENTED_EDGE('',*,*,#2153,.T.);
#2408 = ORIENTED_EDGE('',*,*,#2238,.T.);
#2409 = ORIENTED_EDGE('',*,*,#2214,.T.);
#2410 = ORIENTED_EDGE('',*,*,#2199,.F.);
#2411 = PLANE('',#2412);
#2412 = AXIS2_PLACEMENT_3D('',#2413,#2414,#2415);
#2413 = CARTESIAN_POINT('',(23.5,-50.45774647887,17.052253521127));
#2414 = DIRECTION('',(1.,0.,0.));
#2415 = DIRECTION('',(0.,0.,1.));
#2416 = ADVANCED_FACE('',(#2417),#2428,.F.);
#2417 = FACE_BOUND('',#2418,.F.);
#2418 = EDGE_LOOP('',(#2419,#2420,#2426,#2427));
#2419 = ORIENTED_EDGE('',*,*,#1311,.T.);
#2420 = ORIENTED_EDGE('',*,*,#2421,.F.);
#2421 = EDGE_CURVE('',#2162,#1312,#2422,.T.);
#2422 = LINE('',#2423,#2424);
#2423 = CARTESIAN_POINT('',(23.5,-79.5,29.51));
#2424 = VECTOR('',#2425,1.);
#2425 = DIRECTION('',(0.,0.,1.));
#2426 = ORIENTED_EDGE('',*,*,#2170,.F.);
#2427 = ORIENTED_EDGE('',*,*,#2309,.F.);
#2428 = PLANE('',#2429);
#2429 = AXIS2_PLACEMENT_3D('',#2430,#2431,#2432);
#2430 = CARTESIAN_POINT('',(23.5,-76.25,20.01));
#2431 = DIRECTION('',(-1.,-0.,-0.));
#2432 = DIRECTION('',(0.,0.,-1.));
#2433 = ADVANCED_FACE('',(#2434),#2440,.F.);
#2434 = FACE_BOUND('',#2435,.F.);
#2435 = EDGE_LOOP('',(#2436,#2437,#2438,#2439));
#2436 = ORIENTED_EDGE('',*,*,#1319,.F.);
#2437 = ORIENTED_EDGE('',*,*,#2402,.F.);
#2438 = ORIENTED_EDGE('',*,*,#2161,.T.);
#2439 = ORIENTED_EDGE('',*,*,#2421,.T.);
#2440 = CYLINDRICAL_SURFACE('',#2441,3.);
#2441 = AXIS2_PLACEMENT_3D('',#2442,#2443,#2444);
#2442 = CARTESIAN_POINT('',(23.5,-76.5,29.51));
#2443 = DIRECTION('',(0.,0.,1.));
#2444 = DIRECTION('',(1.,0.,0.));
#2445 = ADVANCED_FACE('',(#2446),#2459,.T.);
#2446 = FACE_BOUND('',#2447,.T.);
#2447 = EDGE_LOOP('',(#2448,#2449,#2450,#2451,#2452,#2453));
#2448 = ORIENTED_EDGE('',*,*,#1922,.T.);
#2449 = ORIENTED_EDGE('',*,*,#1804,.T.);
#2450 = ORIENTED_EDGE('',*,*,#1619,.F.);
#2451 = ORIENTED_EDGE('',*,*,#1444,.F.);
#2452 = ORIENTED_EDGE('',*,*,#1534,.F.);
#2453 = ORIENTED_EDGE('',*,*,#2454,.T.);
#2454 = EDGE_CURVE('',#1535,#1923,#2455,.T.);
#2455 = LINE('',#2456,#2457);
#2456 = CARTESIAN_POINT('',(46.5,-80.,29.51));
#2457 = VECTOR('',#2458,1.);
#2458 = DIRECTION('',(-0.,-0.,-1.));
#2459 = PLANE('',#2460);
#2460 = AXIS2_PLACEMENT_3D('',#2461,#2462,#2463);
#2461 = CARTESIAN_POINT('',(45.826923076923,-80.,20.683076923077));
#2462 = DIRECTION('',(0.,1.,0.));
#2463 = DIRECTION('',(0.,0.,1.));
#2464 = ADVANCED_FACE('',(#2465,#2468),#2471,.T.);
#2465 = FACE_BOUND('',#2466,.T.);
#2466 = EDGE_LOOP('',(#2467));
#2467 = ORIENTED_EDGE('',*,*,#1468,.T.);
#2468 = FACE_BOUND('',#2469,.T.);
#2469 = EDGE_LOOP('',(#2470));
#2470 = ORIENTED_EDGE('',*,*,#2051,.F.);
#2471 = PLANE('',#2472);
#2472 = AXIS2_PLACEMENT_3D('',#2473,#2474,#2475);
#2473 = CARTESIAN_POINT('',(49.,-87.5,22.01));
#2474 = DIRECTION('',(1.,0.,0.));
#2475 = DIRECTION('',(0.,0.,-1.));
#2476 = ADVANCED_FACE('',(#2477),#2495,.T.);
#2477 = FACE_BOUND('',#2478,.T.);
#2478 = EDGE_LOOP('',(#2479,#2480,#2488,#2494));
#2479 = ORIENTED_EDGE('',*,*,#2352,.F.);
#2480 = ORIENTED_EDGE('',*,*,#2481,.T.);
#2481 = EDGE_CURVE('',#2345,#2482,#2484,.T.);
#2482 = VERTEX_POINT('',#2483);
#2483 = CARTESIAN_POINT('',(47.,-18.,4.51));
#2484 = LINE('',#2485,#2486);
#2485 = CARTESIAN_POINT('',(23.,-18.,4.51));
#2486 = VECTOR('',#2487,1.);
#2487 = DIRECTION('',(1.,0.,0.));
#2488 = ORIENTED_EDGE('',*,*,#2489,.F.);
#2489 = EDGE_CURVE('',#1493,#2482,#2490,.T.);
#2490 = LINE('',#2491,#2492);
#2491 = CARTESIAN_POINT('',(47.,-4.,4.51));
#2492 = VECTOR('',#2493,1.);
#2493 = DIRECTION('',(0.,-1.,0.));
#2494 = ORIENTED_EDGE('',*,*,#1492,.F.);
#2495 = PLANE('',#2496);
#2496 = AXIS2_PLACEMENT_3D('',#2497,#2498,#2499);
#2497 = CARTESIAN_POINT('',(35.,-39.,4.51));
#2498 = DIRECTION('',(0.,0.,1.));
#2499 = DIRECTION('',(1.,0.,0.));
#2500 = ADVANCED_FACE('',(#2501),#2519,.T.);
#2501 = FACE_BOUND('',#2502,.T.);
#2502 = EDGE_LOOP('',(#2503,#2509,#2510,#2511,#2512,#2518));
#2503 = ORIENTED_EDGE('',*,*,#2504,.T.);
#2504 = EDGE_CURVE('',#1846,#1552,#2505,.T.);
#2505 = LINE('',#2506,#2507);
#2506 = CARTESIAN_POINT('',(47.,-20.54196010845,29.51));
#2507 = VECTOR('',#2508,1.);
#2508 = DIRECTION('',(0.,0.,1.));
#2509 = ORIENTED_EDGE('',*,*,#1551,.T.);
#2510 = ORIENTED_EDGE('',*,*,#1500,.T.);
#2511 = ORIENTED_EDGE('',*,*,#2489,.T.);
#2512 = ORIENTED_EDGE('',*,*,#2513,.T.);
#2513 = EDGE_CURVE('',#2482,#1855,#2514,.T.);
#2514 = LINE('',#2515,#2516);
#2515 = CARTESIAN_POINT('',(47.,-18.,4.51));
#2516 = VECTOR('',#2517,1.);
#2517 = DIRECTION('',(0.,0.,1.));
#2518 = ORIENTED_EDGE('',*,*,#1854,.T.);
#2519 = PLANE('',#2520);
#2520 = AXIS2_PLACEMENT_3D('',#2521,#2522,#2523);
#2521 = CARTESIAN_POINT('',(47.,-12.23184178725,17.049138266974));
#2522 = DIRECTION('',(-1.,-0.,-0.));
#2523 = DIRECTION('',(0.,0.,-1.));
#2524 = ADVANCED_FACE('',(#2525),#2536,.F.);
#2525 = FACE_BOUND('',#2526,.F.);
#2526 = EDGE_LOOP('',(#2527,#2528,#2529,#2530));
#2527 = ORIENTED_EDGE('',*,*,#1593,.T.);
#2528 = ORIENTED_EDGE('',*,*,#2454,.T.);
#2529 = ORIENTED_EDGE('',*,*,#1930,.T.);
#2530 = ORIENTED_EDGE('',*,*,#2531,.T.);
#2531 = EDGE_CURVE('',#1931,#1585,#2532,.T.);
#2532 = LINE('',#2533,#2534);
#2533 = CARTESIAN_POINT('',(46.5,-79.5,29.51));
#2534 = VECTOR('',#2535,1.);
#2535 = DIRECTION('',(0.,0.,1.));
#2536 = PLANE('',#2537);
#2537 = AXIS2_PLACEMENT_3D('',#2538,#2539,#2540);
#2538 = CARTESIAN_POINT('',(46.5,-76.25,20.01));
#2539 = DIRECTION('',(1.,0.,0.));
#2540 = DIRECTION('',(0.,0.,1.));
#2541 = ADVANCED_FACE('',(#2542),#2554,.F.);
#2542 = FACE_BOUND('',#2543,.F.);
#2543 = EDGE_LOOP('',(#2544,#2545,#2546,#2547,#2553));
#2544 = ORIENTED_EDGE('',*,*,#2531,.F.);
#2545 = ORIENTED_EDGE('',*,*,#1938,.T.);
#2546 = ORIENTED_EDGE('',*,*,#1947,.T.);
#2547 = ORIENTED_EDGE('',*,*,#2548,.T.);
#2548 = EDGE_CURVE('',#1948,#1577,#2549,.T.);
#2549 = LINE('',#2550,#2551);
#2550 = CARTESIAN_POINT('',(46.5,-73.5,29.51));
#2551 = VECTOR('',#2552,1.);
#2552 = DIRECTION('',(0.,0.,1.));
#2553 = ORIENTED_EDGE('',*,*,#1584,.F.);
#2554 = CYLINDRICAL_SURFACE('',#2555,3.);
#2555 = AXIS2_PLACEMENT_3D('',#2556,#2557,#2558);
#2556 = CARTESIAN_POINT('',(46.5,-76.5,29.51));
#2557 = DIRECTION('',(0.,0.,1.));
#2558 = DIRECTION('',(1.,0.,0.));
#2559 = ADVANCED_FACE('',(#2560),#2574,.T.);
#2560 = FACE_BOUND('',#2561,.T.);
#2561 = EDGE_LOOP('',(#2562,#2563,#2564,#2570,#2571,#2572,#2573));
#2562 = ORIENTED_EDGE('',*,*,#2548,.T.);
#2563 = ORIENTED_EDGE('',*,*,#1576,.T.);
#2564 = ORIENTED_EDGE('',*,*,#2565,.T.);
#2565 = EDGE_CURVE('',#1569,#1821,#2566,.T.);
#2566 = LINE('',#2567,#2568);
#2567 = CARTESIAN_POINT('',(46.5,-27.5,29.51));
#2568 = VECTOR('',#2569,1.);
#2569 = DIRECTION('',(-0.,-0.,-1.));
#2570 = ORIENTED_EDGE('',*,*,#1987,.T.);
#2571 = ORIENTED_EDGE('',*,*,#2020,.T.);
#2572 = ORIENTED_EDGE('',*,*,#2037,.F.);
#2573 = ORIENTED_EDGE('',*,*,#1956,.F.);
#2574 = PLANE('',#2575);
#2575 = AXIS2_PLACEMENT_3D('',#2576,#2577,#2578);
#2576 = CARTESIAN_POINT('',(46.5,-50.45774647887,17.052253521127));
#2577 = DIRECTION('',(-1.,-0.,-0.));
#2578 = DIRECTION('',(0.,0.,-1.));
#2579 = ADVANCED_FACE('',(#2580),#2591,.T.);
#2580 = FACE_BOUND('',#2581,.T.);
#2581 = EDGE_LOOP('',(#2582,#2583,#2589,#2590));
#2582 = ORIENTED_EDGE('',*,*,#1568,.T.);
#2583 = ORIENTED_EDGE('',*,*,#2584,.T.);
#2584 = EDGE_CURVE('',#1560,#1829,#2585,.T.);
#2585 = LINE('',#2586,#2587);
#2586 = CARTESIAN_POINT('',(47.,-26.45803989155,29.51));
#2587 = VECTOR('',#2588,1.);
#2588 = DIRECTION('',(-0.,-0.,-1.));
#2589 = ORIENTED_EDGE('',*,*,#1828,.F.);
#2590 = ORIENTED_EDGE('',*,*,#2565,.F.);
#2591 = PLANE('',#2592);
#2592 = AXIS2_PLACEMENT_3D('',#2593,#2594,#2595);
#2593 = CARTESIAN_POINT('',(47.,-26.45803989155,29.51));
#2594 = DIRECTION('',(-0.901570597235,0.432632012456,0.));
#2595 = DIRECTION('',(-0.432632012456,-0.901570597235,0.));
#2596 = ADVANCED_FACE('',(#2597),#2604,.F.);
#2597 = FACE_BOUND('',#2598,.F.);
#2598 = EDGE_LOOP('',(#2599,#2600,#2601,#2602,#2603));
#2599 = ORIENTED_EDGE('',*,*,#1559,.F.);
#2600 = ORIENTED_EDGE('',*,*,#2584,.T.);
#2601 = ORIENTED_EDGE('',*,*,#1836,.T.);
#2602 = ORIENTED_EDGE('',*,*,#1845,.T.);
#2603 = ORIENTED_EDGE('',*,*,#2504,.T.);
#2604 = CYLINDRICAL_SURFACE('',#2605,3.);
#2605 = AXIS2_PLACEMENT_3D('',#2606,#2607,#2608);
#2606 = CARTESIAN_POINT('',(46.5,-23.5,29.51));
#2607 = DIRECTION('',(0.,0.,1.));
#2608 = DIRECTION('',(1.,0.,0.));
#2609 = ADVANCED_FACE('',(#2610),#2616,.T.);
#2610 = FACE_BOUND('',#2611,.T.);
#2611 = EDGE_LOOP('',(#2612,#2613,#2614,#2615));
#2612 = ORIENTED_EDGE('',*,*,#2344,.T.);
#2613 = ORIENTED_EDGE('',*,*,#1862,.T.);
#2614 = ORIENTED_EDGE('',*,*,#2513,.F.);
#2615 = ORIENTED_EDGE('',*,*,#2481,.F.);
#2616 = PLANE('',#2617);
#2617 = AXIS2_PLACEMENT_3D('',#2618,#2619,#2620);
#2618 = CARTESIAN_POINT('',(23.,-18.,4.51));
#2619 = DIRECTION('',(0.,1.,0.));
#2620 = DIRECTION('',(1.,0.,0.));
#2621 = ADVANCED_FACE('',(#2622),#2641,.T.);
#2622 = FACE_BOUND('',#2623,.T.);
#2623 = EDGE_LOOP('',(#2624,#2632,#2633,#2634));
#2624 = ORIENTED_EDGE('',*,*,#2625,.F.);
#2625 = EDGE_CURVE('',#2280,#2626,#2628,.T.);
#2626 = VERTEX_POINT('',#2627);
#2627 = CARTESIAN_POINT('',(42.,10.,6.51));
#2628 = LINE('',#2629,#2630);
#2629 = CARTESIAN_POINT('',(41.,9.,6.51));
#2630 = VECTOR('',#2631,1.);
#2631 = DIRECTION('',(0.707106781187,0.707106781187,3.1E-16));
#2632 = ORIENTED_EDGE('',*,*,#2289,.T.);
#2633 = ORIENTED_EDGE('',*,*,#2625,.T.);
#2634 = ORIENTED_EDGE('',*,*,#2635,.F.);
#2635 = EDGE_CURVE('',#2626,#2626,#2636,.T.);
#2636 = CIRCLE('',#2637,3.);
#2637 = AXIS2_PLACEMENT_3D('',#2638,#2639,#2640);
#2638 = CARTESIAN_POINT('',(45.,10.,6.51));
#2639 = DIRECTION('',(0.,1.,-0.));
#2640 = DIRECTION('',(-1.,0.,0.));
#2641 = CONICAL_SURFACE('',#2642,4.,0.785398163397);
#2642 = AXIS2_PLACEMENT_3D('',#2643,#2644,#2645);
#2643 = CARTESIAN_POINT('',(45.,9.,6.51));
#2644 = DIRECTION('',(-0.,-1.,-0.));
#2645 = DIRECTION('',(-1.,0.,0.));
#2646 = ADVANCED_FACE('',(#2647),#2650,.T.);
#2647 = FACE_BOUND('',#2648,.T.);
#2648 = EDGE_LOOP('',(#2649));
#2649 = ORIENTED_EDGE('',*,*,#2635,.T.);
#2650 = PLANE('',#2651);
#2651 = AXIS2_PLACEMENT_3D('',#2652,#2653,#2654);
#2652 = CARTESIAN_POINT('',(35.,10.,15.51));
#2653 = DIRECTION('',(0.,1.,0.));
#2654 = DIRECTION('',(0.,0.,1.));
#2655 = ( GEOMETRIC_REPRESENTATION_CONTEXT(3) 
GLOBAL_UNCERTAINTY_ASSIGNED_CONTEXT((#2659)) 
GLOBAL_UNIT_ASSIGNED_CONTEXT((#2656,#2657,#2658)) REPRESENTATION_CONTEXT
('Context #1','3D Context with UNIT and UNCERTAINTY') );
#2656 = ( LENGTH_UNIT() NAMED_UNIT(*) SI_UNIT(.MILLI.,.METRE.) );
#2657 = ( NAMED_UNIT(*) PLANE_ANGLE_UNIT() SI_UNIT($,.RADIAN.) );
#2658 = ( NAMED_UNIT(*) SI_UNIT($,.STERADIAN.) SOLID_ANGLE_UNIT() );
#2659 = UNCERTAINTY_MEASURE_WITH_UNIT(LENGTH_MEASURE(1.E-07),#2656,
  'distance_accuracy_value','confusion accuracy');
#2660 = PRODUCT_RELATED_PRODUCT_CATEGORY('part',$,(#7));
#2661 = MECHANICAL_DESIGN_GEOMETRIC_PRESENTATION_REPRESENTATION('',(
    #2662),#2655);
#2662 = STYLED_ITEM('color',(#2663),#15);
#2663 = PRESENTATION_STYLE_ASSIGNMENT((#2664,#2670));
#2664 = SURFACE_STYLE_USAGE(.BOTH.,#2665);
#2665 = SURFACE_SIDE_STYLE('',(#2666));
#2666 = SURFACE_STYLE_FILL_AREA(#2667);
#2667 = FILL_AREA_STYLE('',(#2668));
#2668 = FILL_AREA_STYLE_COLOUR('',#2669);
#2669 = COLOUR_RGB('',0.800000010877,0.800000010877,0.901960800373);
#2670 = CURVE_STYLE('',#2671,POSITIVE_LENGTH_MEASURE(0.1),#2672);
#2671 = DRAUGHTING_PRE_DEFINED_CURVE_FONT('continuous');
#2672 = COLOUR_RGB('',9.803921802644E-02,9.803921802644E-02,
  9.803921802644E-02);
ENDSEC;
END-ISO-10303-21;
