ISO-10303-21;
HEADER;
FILE_DESCRIPTION(('FreeCAD Model'),'2;1');
FILE_NAME('Open CASCADE Shape Model','2026-05-07T10:04:48',(''),(''),
  'Open CASCADE STEP processor 7.8','FreeCAD','Unknown');
FILE_SCHEMA(('AUTOMOTIVE_DESIGN { 1 0 10303 214 1 1 1 1 }'));
ENDSEC;
DATA;
#1 = APPLICATION_PROTOCOL_DEFINITION('international standard',
  'automotive_design',2000,#2);
#2 = APPLICATION_CONTEXT(
  'core data for automotive mechanical design processes');
#3 = SHAPE_DEFINITION_REPRESENTATION(#4,#10);
#4 = PRODUCT_DEFINITION_SHAPE('','',#5);
#5 = PRODUCT_DEFINITION('design','',#6,#9);
#6 = PRODUCT_DEFINITION_FORMATION('','',#7);
#7 = PRODUCT('main_body','main_body','',(#8));
#8 = PRODUCT_CONTEXT('',#2,'mechanical');
#9 = PRODUCT_DEFINITION_CONTEXT('part definition',#2,'design');
#10 = ADVANCED_BREP_SHAPE_REPRESENTATION('',(#11,#15),#3611);
#11 = AXIS2_PLACEMENT_3D('',#12,#13,#14);
#12 = CARTESIAN_POINT('',(0.,0.,0.));
#13 = DIRECTION('',(0.,0.,1.));
#14 = DIRECTION('',(1.,0.,-0.));
#15 = MANIFOLD_SOLID_BREP('',#16);
#16 = CLOSED_SHELL('',(#17,#121,#218,#242,#366,#390,#425,#449,#473,#563,
    #731,#778,#802,#830,#854,#885,#910,#934,#959,#1022,#1046,#1070,#1094
    ,#1106,#1130,#1276,#1293,#1317,#1345,#1377,#1401,#1426,#1443,#1467,
    #1492,#1509,#1540,#1571,#1588,#1613,#1637,#1662,#1686,#1698,#1715,
    #1732,#1749,#1766,#1783,#1800,#1817,#1834,#1846,#1858,#1882,#1899,
    #1922,#1947,#1971,#2018,#2043,#2103,#2128,#2145,#2192,#2209,#2226,
    #2289,#2345,#2401,#2450,#2474,#2498,#2523,#2545,#2562,#2579,#2591,
    #2608,#2617,#2629,#2646,#2671,#2695,#2713,#2738,#2747,#2778,#2803,
    #2827,#2852,#2876,#2888,#2912,#2936,#3041,#3065,#3082,#3094,#3118,
    #3135,#3147,#3171,#3188,#3200,#3212,#3299,#3308,#3325,#3342,#3354,
    #3363,#3388,#3413,#3438,#3463,#3488,#3513,#3538,#3563,#3575,#3587,
    #3599));
#17 = ADVANCED_FACE('',(#18),#116,.T.);
#18 = FACE_BOUND('',#19,.T.);
#19 = EDGE_LOOP('',(#20,#30,#38,#46,#54,#62,#70,#78,#86,#94,#102,#110));
#20 = ORIENTED_EDGE('',*,*,#21,.T.);
#21 = EDGE_CURVE('',#22,#24,#26,.T.);
#22 = VERTEX_POINT('',#23);
#23 = CARTESIAN_POINT('',(62.5,5.9391877,35.));
#24 = VERTEX_POINT('',#25);
#25 = CARTESIAN_POINT('',(62.5,24.,35.));
#26 = LINE('',#27,#28);
#27 = CARTESIAN_POINT('',(62.5,-51.,35.));
#28 = VECTOR('',#29,1.);
#29 = DIRECTION('',(0.,1.,0.));
#30 = ORIENTED_EDGE('',*,*,#31,.F.);
#31 = EDGE_CURVE('',#32,#24,#34,.T.);
#32 = VERTEX_POINT('',#33);
#33 = CARTESIAN_POINT('',(62.5,24.,32.));
#34 = LINE('',#35,#36);
#35 = CARTESIAN_POINT('',(62.5,24.,0.));
#36 = VECTOR('',#37,1.);
#37 = DIRECTION('',(0.,0.,1.));
#38 = ORIENTED_EDGE('',*,*,#39,.F.);
#39 = EDGE_CURVE('',#40,#32,#42,.T.);
#40 = VERTEX_POINT('',#41);
#41 = CARTESIAN_POINT('',(62.5,16.,32.));
#42 = LINE('',#43,#44);
#43 = CARTESIAN_POINT('',(62.5,16.,32.));
#44 = VECTOR('',#45,1.);
#45 = DIRECTION('',(0.,1.,0.));
#46 = ORIENTED_EDGE('',*,*,#47,.F.);
#47 = EDGE_CURVE('',#48,#40,#50,.T.);
#48 = VERTEX_POINT('',#49);
#49 = CARTESIAN_POINT('',(62.5,16.,0.));
#50 = LINE('',#51,#52);
#51 = CARTESIAN_POINT('',(62.5,16.,0.));
#52 = VECTOR('',#53,1.);
#53 = DIRECTION('',(0.,0.,1.));
#54 = ORIENTED_EDGE('',*,*,#55,.F.);
#55 = EDGE_CURVE('',#56,#48,#58,.T.);
#56 = VERTEX_POINT('',#57);
#57 = CARTESIAN_POINT('',(62.5,-43.5,0.));
#58 = LINE('',#59,#60);
#59 = CARTESIAN_POINT('',(62.5,-32.25,0.));
#60 = VECTOR('',#61,1.);
#61 = DIRECTION('',(0.,1.,0.));
#62 = ORIENTED_EDGE('',*,*,#63,.T.);
#63 = EDGE_CURVE('',#56,#64,#66,.T.);
#64 = VERTEX_POINT('',#65);
#65 = CARTESIAN_POINT('',(62.5,-43.5,32.));
#66 = LINE('',#67,#68);
#67 = CARTESIAN_POINT('',(62.5,-43.5,0.));
#68 = VECTOR('',#69,1.);
#69 = DIRECTION('',(0.,0.,1.));
#70 = ORIENTED_EDGE('',*,*,#71,.F.);
#71 = EDGE_CURVE('',#72,#64,#74,.T.);
#72 = VERTEX_POINT('',#73);
#73 = CARTESIAN_POINT('',(62.5,-51.5,32.));
#74 = LINE('',#75,#76);
#75 = CARTESIAN_POINT('',(62.5,-51.5,32.));
#76 = VECTOR('',#77,1.);
#77 = DIRECTION('',(0.,1.,0.));
#78 = ORIENTED_EDGE('',*,*,#79,.F.);
#79 = EDGE_CURVE('',#80,#72,#82,.T.);
#80 = VERTEX_POINT('',#81);
#81 = CARTESIAN_POINT('',(62.5,-51.5,35.));
#82 = LINE('',#83,#84);
#83 = CARTESIAN_POINT('',(62.5,-51.5,35.));
#84 = VECTOR('',#85,1.);
#85 = DIRECTION('',(-0.,-0.,-1.));
#86 = ORIENTED_EDGE('',*,*,#87,.T.);
#87 = EDGE_CURVE('',#80,#88,#90,.T.);
#88 = VERTEX_POINT('',#89);
#89 = CARTESIAN_POINT('',(62.5,1.9391877,35.));
#90 = LINE('',#91,#92);
#91 = CARTESIAN_POINT('',(62.5,-51.,35.));
#92 = VECTOR('',#93,1.);
#93 = DIRECTION('',(0.,1.,0.));
#94 = ORIENTED_EDGE('',*,*,#95,.F.);
#95 = EDGE_CURVE('',#96,#88,#98,.T.);
#96 = VERTEX_POINT('',#97);
#97 = CARTESIAN_POINT('',(62.5,1.9391877,4.533327));
#98 = LINE('',#99,#100);
#99 = CARTESIAN_POINT('',(62.5,1.9391877,5.033327));
#100 = VECTOR('',#101,1.);
#101 = DIRECTION('',(0.,0.,1.));
#102 = ORIENTED_EDGE('',*,*,#103,.F.);
#103 = EDGE_CURVE('',#104,#96,#106,.T.);
#104 = VERTEX_POINT('',#105);
#105 = CARTESIAN_POINT('',(62.5,5.9391877,4.533327));
#106 = LINE('',#107,#108);
#107 = CARTESIAN_POINT('',(62.5,5.4391877,4.533327));
#108 = VECTOR('',#109,1.);
#109 = DIRECTION('',(0.,-1.,0.));
#110 = ORIENTED_EDGE('',*,*,#111,.F.);
#111 = EDGE_CURVE('',#22,#104,#112,.T.);
#112 = LINE('',#113,#114);
#113 = CARTESIAN_POINT('',(62.5,5.9391877,35.));
#114 = VECTOR('',#115,1.);
#115 = DIRECTION('',(0.,0.,-1.));
#116 = PLANE('',#117);
#117 = AXIS2_PLACEMENT_3D('',#118,#119,#120);
#118 = CARTESIAN_POINT('',(62.5,-13.75,17.5));
#119 = DIRECTION('',(-1.,-0.,-0.));
#120 = DIRECTION('',(0.,0.,-1.));
#121 = ADVANCED_FACE('',(#122),#213,.T.);
#122 = FACE_BOUND('',#123,.T.);
#123 = EDGE_LOOP('',(#124,#134,#142,#151,#159,#168,#176,#184,#192,#200,
    #206,#207));
#124 = ORIENTED_EDGE('',*,*,#125,.F.);
#125 = EDGE_CURVE('',#126,#128,#130,.T.);
#126 = VERTEX_POINT('',#127);
#127 = CARTESIAN_POINT('',(64.,5.4391877,35.));
#128 = VERTEX_POINT('',#129);
#129 = CARTESIAN_POINT('',(63.,5.4391877,35.));
#130 = LINE('',#131,#132);
#131 = CARTESIAN_POINT('',(32.25,5.4391877,35.));
#132 = VECTOR('',#133,1.);
#133 = DIRECTION('',(-1.,0.,0.));
#134 = ORIENTED_EDGE('',*,*,#135,.T.);
#135 = EDGE_CURVE('',#126,#136,#138,.T.);
#136 = VERTEX_POINT('',#137);
#137 = CARTESIAN_POINT('',(64.,24.,35.));
#138 = LINE('',#139,#140);
#139 = CARTESIAN_POINT('',(64.,5.4391877,35.));
#140 = VECTOR('',#141,1.);
#141 = DIRECTION('',(0.,1.,0.));
#142 = ORIENTED_EDGE('',*,*,#143,.T.);
#143 = EDGE_CURVE('',#136,#144,#146,.T.);
#144 = VERTEX_POINT('',#145);
#145 = CARTESIAN_POINT('',(62.5,25.5,35.));
#146 = CIRCLE('',#147,1.5);
#147 = AXIS2_PLACEMENT_3D('',#148,#149,#150);
#148 = CARTESIAN_POINT('',(62.5,24.,35.));
#149 = DIRECTION('',(0.,0.,1.));
#150 = DIRECTION('',(1.,0.,-0.));
#151 = ORIENTED_EDGE('',*,*,#152,.T.);
#152 = EDGE_CURVE('',#144,#153,#155,.T.);
#153 = VERTEX_POINT('',#154);
#154 = CARTESIAN_POINT('',(-62.5,25.5,35.));
#155 = LINE('',#156,#157);
#156 = CARTESIAN_POINT('',(62.5,25.5,35.));
#157 = VECTOR('',#158,1.);
#158 = DIRECTION('',(-1.,0.,0.));
#159 = ORIENTED_EDGE('',*,*,#160,.T.);
#160 = EDGE_CURVE('',#153,#161,#163,.T.);
#161 = VERTEX_POINT('',#162);
#162 = CARTESIAN_POINT('',(-64.,24.,35.));
#163 = CIRCLE('',#164,1.5);
#164 = AXIS2_PLACEMENT_3D('',#165,#166,#167);
#165 = CARTESIAN_POINT('',(-62.5,24.,35.));
#166 = DIRECTION('',(0.,-0.,1.));
#167 = DIRECTION('',(0.,1.,0.));
#168 = ORIENTED_EDGE('',*,*,#169,.T.);
#169 = EDGE_CURVE('',#161,#170,#172,.T.);
#170 = VERTEX_POINT('',#171);
#171 = CARTESIAN_POINT('',(-64.,5.4391877,35.));
#172 = LINE('',#173,#174);
#173 = CARTESIAN_POINT('',(-64.,24.,35.));
#174 = VECTOR('',#175,1.);
#175 = DIRECTION('',(0.,-1.,0.));
#176 = ORIENTED_EDGE('',*,*,#177,.F.);
#177 = EDGE_CURVE('',#178,#170,#180,.T.);
#178 = VERTEX_POINT('',#179);
#179 = CARTESIAN_POINT('',(-63.,5.4391877,35.));
#180 = LINE('',#181,#182);
#181 = CARTESIAN_POINT('',(32.25,5.4391877,35.));
#182 = VECTOR('',#183,1.);
#183 = DIRECTION('',(-1.,0.,0.));
#184 = ORIENTED_EDGE('',*,*,#185,.F.);
#185 = EDGE_CURVE('',#186,#178,#188,.T.);
#186 = VERTEX_POINT('',#187);
#187 = CARTESIAN_POINT('',(-62.5,5.9391877,35.));
#188 = LINE('',#189,#190);
#189 = CARTESIAN_POINT('',(-51.859796925,16.579390775,35.));
#190 = VECTOR('',#191,1.);
#191 = DIRECTION('',(-0.707106781187,-0.707106781187,0.));
#192 = ORIENTED_EDGE('',*,*,#193,.F.);
#193 = EDGE_CURVE('',#194,#186,#196,.T.);
#194 = VERTEX_POINT('',#195);
#195 = CARTESIAN_POINT('',(-62.5,24.,35.));
#196 = LINE('',#197,#198);
#197 = CARTESIAN_POINT('',(-62.5,-51.,35.));
#198 = VECTOR('',#199,1.);
#199 = DIRECTION('',(0.,-1.,0.));
#200 = ORIENTED_EDGE('',*,*,#201,.F.);
#201 = EDGE_CURVE('',#24,#194,#202,.T.);
#202 = LINE('',#203,#204);
#203 = CARTESIAN_POINT('',(62.5,24.,35.));
#204 = VECTOR('',#205,1.);
#205 = DIRECTION('',(-1.,0.,0.));
#206 = ORIENTED_EDGE('',*,*,#21,.F.);
#207 = ORIENTED_EDGE('',*,*,#208,.T.);
#208 = EDGE_CURVE('',#22,#128,#209,.T.);
#209 = LINE('',#210,#211);
#210 = CARTESIAN_POINT('',(51.859796925,16.579390775,35.));
#211 = VECTOR('',#212,1.);
#212 = DIRECTION('',(0.707106781187,-0.707106781187,0.));
#213 = PLANE('',#214);
#214 = AXIS2_PLACEMENT_3D('',#215,#216,#217);
#215 = CARTESIAN_POINT('',(1.08E-15,-13.5,35.));
#216 = DIRECTION('',(0.,0.,1.));
#217 = DIRECTION('',(1.,0.,0.));
#218 = ADVANCED_FACE('',(#219),#237,.F.);
#219 = FACE_BOUND('',#220,.T.);
#220 = EDGE_LOOP('',(#221,#222,#223,#231));
#221 = ORIENTED_EDGE('',*,*,#208,.F.);
#222 = ORIENTED_EDGE('',*,*,#111,.T.);
#223 = ORIENTED_EDGE('',*,*,#224,.T.);
#224 = EDGE_CURVE('',#104,#225,#227,.T.);
#225 = VERTEX_POINT('',#226);
#226 = CARTESIAN_POINT('',(63.,5.4391877,5.033327));
#227 = LINE('',#228,#229);
#228 = CARTESIAN_POINT('',(67.827778833333,0.611408866667,9.861105833333
    ));
#229 = VECTOR('',#230,1.);
#230 = DIRECTION('',(0.57735026919,-0.57735026919,0.57735026919));
#231 = ORIENTED_EDGE('',*,*,#232,.F.);
#232 = EDGE_CURVE('',#128,#225,#233,.T.);
#233 = LINE('',#234,#235);
#234 = CARTESIAN_POINT('',(63.,5.4391877,35.));
#235 = VECTOR('',#236,1.);
#236 = DIRECTION('',(0.,0.,-1.));
#237 = PLANE('',#238);
#238 = AXIS2_PLACEMENT_3D('',#239,#240,#241);
#239 = CARTESIAN_POINT('',(62.75,5.6891877,35.));
#240 = DIRECTION('',(0.707106781187,0.707106781187,-0.));
#241 = DIRECTION('',(-0.,0.,1.));
#242 = ADVANCED_FACE('',(#243,#325),#361,.T.);
#243 = FACE_BOUND('',#244,.T.);
#244 = EDGE_LOOP('',(#245,#255,#263,#269,#270,#271,#279,#287,#295,#303,
    #311,#319));
#245 = ORIENTED_EDGE('',*,*,#246,.F.);
#246 = EDGE_CURVE('',#247,#249,#251,.T.);
#247 = VERTEX_POINT('',#248);
#248 = CARTESIAN_POINT('',(54.5,24.,0.));
#249 = VERTEX_POINT('',#250);
#250 = CARTESIAN_POINT('',(37.25,24.,0.));
#251 = LINE('',#252,#253);
#252 = CARTESIAN_POINT('',(62.5,24.,0.));
#253 = VECTOR('',#254,1.);
#254 = DIRECTION('',(-1.,0.,0.));
#255 = ORIENTED_EDGE('',*,*,#256,.T.);
#256 = EDGE_CURVE('',#247,#257,#259,.T.);
#257 = VERTEX_POINT('',#258);
#258 = CARTESIAN_POINT('',(54.5,24.,32.));
#259 = LINE('',#260,#261);
#260 = CARTESIAN_POINT('',(54.5,24.,0.));
#261 = VECTOR('',#262,1.);
#262 = DIRECTION('',(0.,0.,1.));
#263 = ORIENTED_EDGE('',*,*,#264,.F.);
#264 = EDGE_CURVE('',#32,#257,#265,.T.);
#265 = LINE('',#266,#267);
#266 = CARTESIAN_POINT('',(62.5,24.,32.));
#267 = VECTOR('',#268,1.);
#268 = DIRECTION('',(-1.,0.,0.));
#269 = ORIENTED_EDGE('',*,*,#31,.T.);
#270 = ORIENTED_EDGE('',*,*,#201,.T.);
#271 = ORIENTED_EDGE('',*,*,#272,.F.);
#272 = EDGE_CURVE('',#273,#194,#275,.T.);
#273 = VERTEX_POINT('',#274);
#274 = CARTESIAN_POINT('',(-62.5,24.,32.));
#275 = LINE('',#276,#277);
#276 = CARTESIAN_POINT('',(-62.5,24.,0.));
#277 = VECTOR('',#278,1.);
#278 = DIRECTION('',(0.,0.,1.));
#279 = ORIENTED_EDGE('',*,*,#280,.F.);
#280 = EDGE_CURVE('',#281,#273,#283,.T.);
#281 = VERTEX_POINT('',#282);
#282 = CARTESIAN_POINT('',(-54.5,24.,32.));
#283 = LINE('',#284,#285);
#284 = CARTESIAN_POINT('',(-54.5,24.,32.));
#285 = VECTOR('',#286,1.);
#286 = DIRECTION('',(-1.,0.,0.));
#287 = ORIENTED_EDGE('',*,*,#288,.F.);
#288 = EDGE_CURVE('',#289,#281,#291,.T.);
#289 = VERTEX_POINT('',#290);
#290 = CARTESIAN_POINT('',(-54.5,24.,0.));
#291 = LINE('',#292,#293);
#292 = CARTESIAN_POINT('',(-54.5,24.,0.));
#293 = VECTOR('',#294,1.);
#294 = DIRECTION('',(0.,0.,1.));
#295 = ORIENTED_EDGE('',*,*,#296,.F.);
#296 = EDGE_CURVE('',#297,#289,#299,.T.);
#297 = VERTEX_POINT('',#298);
#298 = CARTESIAN_POINT('',(-37.25,24.,0.));
#299 = LINE('',#300,#301);
#300 = CARTESIAN_POINT('',(62.5,24.,0.));
#301 = VECTOR('',#302,1.);
#302 = DIRECTION('',(-1.,0.,0.));
#303 = ORIENTED_EDGE('',*,*,#304,.T.);
#304 = EDGE_CURVE('',#297,#305,#307,.T.);
#305 = VERTEX_POINT('',#306);
#306 = CARTESIAN_POINT('',(-37.25,24.,3.6));
#307 = LINE('',#308,#309);
#308 = CARTESIAN_POINT('',(-37.25,24.,0.));
#309 = VECTOR('',#310,1.);
#310 = DIRECTION('',(0.,0.,1.));
#311 = ORIENTED_EDGE('',*,*,#312,.F.);
#312 = EDGE_CURVE('',#313,#305,#315,.T.);
#313 = VERTEX_POINT('',#314);
#314 = CARTESIAN_POINT('',(37.25,24.,3.6));
#315 = LINE('',#316,#317);
#316 = CARTESIAN_POINT('',(37.25,24.,3.6));
#317 = VECTOR('',#318,1.);
#318 = DIRECTION('',(-1.,0.,0.));
#319 = ORIENTED_EDGE('',*,*,#320,.F.);
#320 = EDGE_CURVE('',#249,#313,#321,.T.);
#321 = LINE('',#322,#323);
#322 = CARTESIAN_POINT('',(37.25,24.,0.));
#323 = VECTOR('',#324,1.);
#324 = DIRECTION('',(0.,0.,1.));
#325 = FACE_BOUND('',#326,.T.);
#326 = EDGE_LOOP('',(#327,#338,#346,#355));
#327 = ORIENTED_EDGE('',*,*,#328,.F.);
#328 = EDGE_CURVE('',#329,#331,#333,.T.);
#329 = VERTEX_POINT('',#330);
#330 = CARTESIAN_POINT('',(-5.1,24.,12.899999999999));
#331 = VERTEX_POINT('',#332);
#332 = CARTESIAN_POINT('',(-5.1,24.,21.9));
#333 = CIRCLE('',#334,4.5);
#334 = AXIS2_PLACEMENT_3D('',#335,#336,#337);
#335 = CARTESIAN_POINT('',(-5.1,24.,17.4));
#336 = DIRECTION('',(0.,-1.,2.2E-16));
#337 = DIRECTION('',(-1.,0.,0.));
#338 = ORIENTED_EDGE('',*,*,#339,.F.);
#339 = EDGE_CURVE('',#340,#329,#342,.T.);
#340 = VERTEX_POINT('',#341);
#341 = CARTESIAN_POINT('',(-12.8946367647,24.,12.9));
#342 = LINE('',#343,#344);
#343 = CARTESIAN_POINT('',(26.751340808825,24.,12.899999999997));
#344 = VECTOR('',#345,1.);
#345 = DIRECTION('',(1.,0.,-7.69E-14));
#346 = ORIENTED_EDGE('',*,*,#347,.F.);
#347 = EDGE_CURVE('',#348,#340,#350,.T.);
#348 = VERTEX_POINT('',#349);
#349 = CARTESIAN_POINT('',(-12.8946367647,24.,21.899999999999));
#350 = CIRCLE('',#351,4.5);
#351 = AXIS2_PLACEMENT_3D('',#352,#353,#354);
#352 = CARTESIAN_POINT('',(-12.894637,24.,17.4));
#353 = DIRECTION('',(0.,-1.,2.2E-16));
#354 = DIRECTION('',(-1.,0.,0.));
#355 = ORIENTED_EDGE('',*,*,#356,.F.);
#356 = EDGE_CURVE('',#331,#348,#357,.T.);
#357 = LINE('',#358,#359);
#358 = CARTESIAN_POINT('',(26.751340808824,24.,21.900000000002));
#359 = VECTOR('',#360,1.);
#360 = DIRECTION('',(-1.,-0.,-7.414E-14));
#361 = PLANE('',#362);
#362 = AXIS2_PLACEMENT_3D('',#363,#364,#365);
#363 = CARTESIAN_POINT('',(62.5,24.,0.));
#364 = DIRECTION('',(0.,-1.,0.));
#365 = DIRECTION('',(-1.,0.,0.));
#366 = ADVANCED_FACE('',(#367),#385,.F.);
#367 = FACE_BOUND('',#368,.T.);
#368 = EDGE_LOOP('',(#369,#370,#371,#379));
#369 = ORIENTED_EDGE('',*,*,#224,.F.);
#370 = ORIENTED_EDGE('',*,*,#103,.T.);
#371 = ORIENTED_EDGE('',*,*,#372,.T.);
#372 = EDGE_CURVE('',#96,#373,#375,.T.);
#373 = VERTEX_POINT('',#374);
#374 = CARTESIAN_POINT('',(63.,2.4391877,5.033327));
#375 = LINE('',#376,#377);
#376 = CARTESIAN_POINT('',(63.333333333333,2.772521033333,5.366660333333
    ));
#377 = VECTOR('',#378,1.);
#378 = DIRECTION('',(0.57735026919,0.57735026919,0.57735026919));
#379 = ORIENTED_EDGE('',*,*,#380,.F.);
#380 = EDGE_CURVE('',#225,#373,#381,.T.);
#381 = LINE('',#382,#383);
#382 = CARTESIAN_POINT('',(63.,5.4391877,5.033327));
#383 = VECTOR('',#384,1.);
#384 = DIRECTION('',(0.,-1.,0.));
#385 = PLANE('',#386);
#386 = AXIS2_PLACEMENT_3D('',#387,#388,#389);
#387 = CARTESIAN_POINT('',(62.75,5.4391877,4.783327));
#388 = DIRECTION('',(0.707106781187,0.,-0.707106781187));
#389 = DIRECTION('',(-0.,1.,-0.));
#390 = ADVANCED_FACE('',(#391,#409),#420,.T.);
#391 = FACE_BOUND('',#392,.T.);
#392 = EDGE_LOOP('',(#393,#394,#402,#408));
#393 = ORIENTED_EDGE('',*,*,#264,.T.);
#394 = ORIENTED_EDGE('',*,*,#395,.T.);
#395 = EDGE_CURVE('',#257,#396,#398,.T.);
#396 = VERTEX_POINT('',#397);
#397 = CARTESIAN_POINT('',(54.5,16.,32.));
#398 = LINE('',#399,#400);
#399 = CARTESIAN_POINT('',(54.5,24.,32.));
#400 = VECTOR('',#401,1.);
#401 = DIRECTION('',(0.,-1.,0.));
#402 = ORIENTED_EDGE('',*,*,#403,.T.);
#403 = EDGE_CURVE('',#396,#40,#404,.T.);
#404 = LINE('',#405,#406);
#405 = CARTESIAN_POINT('',(54.5,16.,32.));
#406 = VECTOR('',#407,1.);
#407 = DIRECTION('',(1.,0.,0.));
#408 = ORIENTED_EDGE('',*,*,#39,.T.);
#409 = FACE_BOUND('',#410,.F.);
#410 = EDGE_LOOP('',(#411));
#411 = ORIENTED_EDGE('',*,*,#412,.T.);
#412 = EDGE_CURVE('',#413,#413,#415,.T.);
#413 = VERTEX_POINT('',#414);
#414 = CARTESIAN_POINT('',(61.,20.,32.));
#415 = CIRCLE('',#416,2.5);
#416 = AXIS2_PLACEMENT_3D('',#417,#418,#419);
#417 = CARTESIAN_POINT('',(58.5,20.,32.));
#418 = DIRECTION('',(0.,0.,1.));
#419 = DIRECTION('',(1.,0.,0.));
#420 = PLANE('',#421);
#421 = AXIS2_PLACEMENT_3D('',#422,#423,#424);
#422 = CARTESIAN_POINT('',(2.4E-16,-13.75,32.));
#423 = DIRECTION('',(0.,0.,1.));
#424 = DIRECTION('',(1.,0.,0.));
#425 = ADVANCED_FACE('',(#426),#444,.F.);
#426 = FACE_BOUND('',#427,.T.);
#427 = EDGE_LOOP('',(#428,#429,#430,#438));
#428 = ORIENTED_EDGE('',*,*,#372,.F.);
#429 = ORIENTED_EDGE('',*,*,#95,.T.);
#430 = ORIENTED_EDGE('',*,*,#431,.T.);
#431 = EDGE_CURVE('',#88,#432,#434,.T.);
#432 = VERTEX_POINT('',#433);
#433 = CARTESIAN_POINT('',(63.,2.4391877,35.));
#434 = LINE('',#435,#436);
#435 = CARTESIAN_POINT('',(43.140203075,-17.420609225,35.));
#436 = VECTOR('',#437,1.);
#437 = DIRECTION('',(0.707106781187,0.707106781187,0.));
#438 = ORIENTED_EDGE('',*,*,#439,.F.);
#439 = EDGE_CURVE('',#373,#432,#440,.T.);
#440 = LINE('',#441,#442);
#441 = CARTESIAN_POINT('',(63.,2.4391877,5.033327));
#442 = VECTOR('',#443,1.);
#443 = DIRECTION('',(0.,0.,1.));
#444 = PLANE('',#445);
#445 = AXIS2_PLACEMENT_3D('',#446,#447,#448);
#446 = CARTESIAN_POINT('',(62.75,2.1891877,5.033327));
#447 = DIRECTION('',(0.707106781187,-0.707106781187,0.));
#448 = DIRECTION('',(0.,-0.,-1.));
#449 = ADVANCED_FACE('',(#450),#468,.F.);
#450 = FACE_BOUND('',#451,.F.);
#451 = EDGE_LOOP('',(#452,#460,#461,#462));
#452 = ORIENTED_EDGE('',*,*,#453,.T.);
#453 = EDGE_CURVE('',#454,#396,#456,.T.);
#454 = VERTEX_POINT('',#455);
#455 = CARTESIAN_POINT('',(54.5,16.,0.));
#456 = LINE('',#457,#458);
#457 = CARTESIAN_POINT('',(54.5,16.,0.));
#458 = VECTOR('',#459,1.);
#459 = DIRECTION('',(0.,0.,1.));
#460 = ORIENTED_EDGE('',*,*,#403,.T.);
#461 = ORIENTED_EDGE('',*,*,#47,.F.);
#462 = ORIENTED_EDGE('',*,*,#463,.F.);
#463 = EDGE_CURVE('',#454,#48,#464,.T.);
#464 = LINE('',#465,#466);
#465 = CARTESIAN_POINT('',(54.5,16.,0.));
#466 = VECTOR('',#467,1.);
#467 = DIRECTION('',(1.,0.,0.));
#468 = PLANE('',#469);
#469 = AXIS2_PLACEMENT_3D('',#470,#471,#472);
#470 = CARTESIAN_POINT('',(54.5,16.,0.));
#471 = DIRECTION('',(0.,1.,0.));
#472 = DIRECTION('',(1.,0.,0.));
#473 = ADVANCED_FACE('',(#474),#558,.T.);
#474 = FACE_BOUND('',#475,.T.);
#475 = EDGE_LOOP('',(#476,#486,#494,#503,#511,#520,#528,#534,#535,#536,
    #544,#552));
#476 = ORIENTED_EDGE('',*,*,#477,.F.);
#477 = EDGE_CURVE('',#478,#480,#482,.T.);
#478 = VERTEX_POINT('',#479);
#479 = CARTESIAN_POINT('',(-64.,2.4391877,35.));
#480 = VERTEX_POINT('',#481);
#481 = CARTESIAN_POINT('',(-63.,2.4391877,35.));
#482 = LINE('',#483,#484);
#483 = CARTESIAN_POINT('',(32.25,2.4391877,35.));
#484 = VECTOR('',#485,1.);
#485 = DIRECTION('',(1.,0.,0.));
#486 = ORIENTED_EDGE('',*,*,#487,.T.);
#487 = EDGE_CURVE('',#478,#488,#490,.T.);
#488 = VERTEX_POINT('',#489);
#489 = CARTESIAN_POINT('',(-64.,-51.,35.));
#490 = LINE('',#491,#492);
#491 = CARTESIAN_POINT('',(-64.,2.4391877,35.));
#492 = VECTOR('',#493,1.);
#493 = DIRECTION('',(0.,-1.,0.));
#494 = ORIENTED_EDGE('',*,*,#495,.T.);
#495 = EDGE_CURVE('',#488,#496,#498,.T.);
#496 = VERTEX_POINT('',#497);
#497 = CARTESIAN_POINT('',(-62.5,-52.5,35.));
#498 = CIRCLE('',#499,1.5);
#499 = AXIS2_PLACEMENT_3D('',#500,#501,#502);
#500 = CARTESIAN_POINT('',(-62.5,-51.,35.));
#501 = DIRECTION('',(0.,0.,1.));
#502 = DIRECTION('',(-1.,0.,0.));
#503 = ORIENTED_EDGE('',*,*,#504,.T.);
#504 = EDGE_CURVE('',#496,#505,#507,.T.);
#505 = VERTEX_POINT('',#506);
#506 = CARTESIAN_POINT('',(62.5,-52.5,35.));
#507 = LINE('',#508,#509);
#508 = CARTESIAN_POINT('',(-62.5,-52.5,35.));
#509 = VECTOR('',#510,1.);
#510 = DIRECTION('',(1.,0.,0.));
#511 = ORIENTED_EDGE('',*,*,#512,.T.);
#512 = EDGE_CURVE('',#505,#513,#515,.T.);
#513 = VERTEX_POINT('',#514);
#514 = CARTESIAN_POINT('',(64.,-51.,35.));
#515 = CIRCLE('',#516,1.5);
#516 = AXIS2_PLACEMENT_3D('',#517,#518,#519);
#517 = CARTESIAN_POINT('',(62.5,-51.,35.));
#518 = DIRECTION('',(-0.,0.,1.));
#519 = DIRECTION('',(0.,-1.,0.));
#520 = ORIENTED_EDGE('',*,*,#521,.T.);
#521 = EDGE_CURVE('',#513,#522,#524,.T.);
#522 = VERTEX_POINT('',#523);
#523 = CARTESIAN_POINT('',(64.,2.4391877,35.));
#524 = LINE('',#525,#526);
#525 = CARTESIAN_POINT('',(64.,-51.,35.));
#526 = VECTOR('',#527,1.);
#527 = DIRECTION('',(0.,1.,0.));
#528 = ORIENTED_EDGE('',*,*,#529,.F.);
#529 = EDGE_CURVE('',#432,#522,#530,.T.);
#530 = LINE('',#531,#532);
#531 = CARTESIAN_POINT('',(32.25,2.4391877,35.));
#532 = VECTOR('',#533,1.);
#533 = DIRECTION('',(1.,0.,0.));
#534 = ORIENTED_EDGE('',*,*,#431,.F.);
#535 = ORIENTED_EDGE('',*,*,#87,.F.);
#536 = ORIENTED_EDGE('',*,*,#537,.F.);
#537 = EDGE_CURVE('',#538,#80,#540,.T.);
#538 = VERTEX_POINT('',#539);
#539 = CARTESIAN_POINT('',(-62.5,-51.5,35.));
#540 = LINE('',#541,#542);
#541 = CARTESIAN_POINT('',(-62.5,-51.5,35.));
#542 = VECTOR('',#543,1.);
#543 = DIRECTION('',(1.,0.,0.));
#544 = ORIENTED_EDGE('',*,*,#545,.F.);
#545 = EDGE_CURVE('',#546,#538,#548,.T.);
#546 = VERTEX_POINT('',#547);
#547 = CARTESIAN_POINT('',(-62.5,1.9391877,35.));
#548 = LINE('',#549,#550);
#549 = CARTESIAN_POINT('',(-62.5,-51.,35.));
#550 = VECTOR('',#551,1.);
#551 = DIRECTION('',(0.,-1.,0.));
#552 = ORIENTED_EDGE('',*,*,#553,.T.);
#553 = EDGE_CURVE('',#546,#480,#554,.T.);
#554 = LINE('',#555,#556);
#555 = CARTESIAN_POINT('',(-43.140203075,-17.420609225,35.));
#556 = VECTOR('',#557,1.);
#557 = DIRECTION('',(-0.707106781187,0.707106781187,0.));
#558 = PLANE('',#559);
#559 = AXIS2_PLACEMENT_3D('',#560,#561,#562);
#560 = CARTESIAN_POINT('',(1.08E-15,-13.5,35.));
#561 = DIRECTION('',(0.,0.,1.));
#562 = DIRECTION('',(1.,0.,0.));
#563 = ADVANCED_FACE('',(#564),#726,.T.);
#564 = FACE_BOUND('',#565,.T.);
#565 = EDGE_LOOP('',(#566,#576,#584,#592,#600,#608,#616,#622,#623,#624,
    #630,#631,#639,#647,#656,#664,#672,#680,#688,#696,#705,#713,#719,
    #720));
#566 = ORIENTED_EDGE('',*,*,#567,.F.);
#567 = EDGE_CURVE('',#568,#570,#572,.T.);
#568 = VERTEX_POINT('',#569);
#569 = CARTESIAN_POINT('',(-62.5,16.,0.));
#570 = VERTEX_POINT('',#571);
#571 = CARTESIAN_POINT('',(-54.5,16.,0.));
#572 = LINE('',#573,#574);
#573 = CARTESIAN_POINT('',(-62.5,16.,0.));
#574 = VECTOR('',#575,1.);
#575 = DIRECTION('',(1.,0.,0.));
#576 = ORIENTED_EDGE('',*,*,#577,.T.);
#577 = EDGE_CURVE('',#568,#578,#580,.T.);
#578 = VERTEX_POINT('',#579);
#579 = CARTESIAN_POINT('',(-62.5,-43.5,0.));
#580 = LINE('',#581,#582);
#581 = CARTESIAN_POINT('',(-62.5,24.,0.));
#582 = VECTOR('',#583,1.);
#583 = DIRECTION('',(0.,-1.,0.));
#584 = ORIENTED_EDGE('',*,*,#585,.F.);
#585 = EDGE_CURVE('',#586,#578,#588,.T.);
#586 = VERTEX_POINT('',#587);
#587 = CARTESIAN_POINT('',(-54.5,-43.5,0.));
#588 = LINE('',#589,#590);
#589 = CARTESIAN_POINT('',(-54.5,-43.5,0.));
#590 = VECTOR('',#591,1.);
#591 = DIRECTION('',(-1.,0.,0.));
#592 = ORIENTED_EDGE('',*,*,#593,.F.);
#593 = EDGE_CURVE('',#594,#586,#596,.T.);
#594 = VERTEX_POINT('',#595);
#595 = CARTESIAN_POINT('',(-54.5,-51.5,0.));
#596 = LINE('',#597,#598);
#597 = CARTESIAN_POINT('',(-54.5,-51.5,0.));
#598 = VECTOR('',#599,1.);
#599 = DIRECTION('',(0.,1.,0.));
#600 = ORIENTED_EDGE('',*,*,#601,.F.);
#601 = EDGE_CURVE('',#602,#594,#604,.T.);
#602 = VERTEX_POINT('',#603);
#603 = CARTESIAN_POINT('',(54.5,-51.5,0.));
#604 = LINE('',#605,#606);
#605 = CARTESIAN_POINT('',(-31.25,-51.5,0.));
#606 = VECTOR('',#607,1.);
#607 = DIRECTION('',(-1.,0.,0.));
#608 = ORIENTED_EDGE('',*,*,#609,.F.);
#609 = EDGE_CURVE('',#610,#602,#612,.T.);
#610 = VERTEX_POINT('',#611);
#611 = CARTESIAN_POINT('',(54.5,-43.5,0.));
#612 = LINE('',#613,#614);
#613 = CARTESIAN_POINT('',(54.5,-43.5,0.));
#614 = VECTOR('',#615,1.);
#615 = DIRECTION('',(0.,-1.,0.));
#616 = ORIENTED_EDGE('',*,*,#617,.F.);
#617 = EDGE_CURVE('',#56,#610,#618,.T.);
#618 = LINE('',#619,#620);
#619 = CARTESIAN_POINT('',(62.5,-43.5,0.));
#620 = VECTOR('',#621,1.);
#621 = DIRECTION('',(-1.,0.,0.));
#622 = ORIENTED_EDGE('',*,*,#55,.T.);
#623 = ORIENTED_EDGE('',*,*,#463,.F.);
#624 = ORIENTED_EDGE('',*,*,#625,.F.);
#625 = EDGE_CURVE('',#247,#454,#626,.T.);
#626 = LINE('',#627,#628);
#627 = CARTESIAN_POINT('',(54.5,24.,0.));
#628 = VECTOR('',#629,1.);
#629 = DIRECTION('',(0.,-1.,0.));
#630 = ORIENTED_EDGE('',*,*,#246,.T.);
#631 = ORIENTED_EDGE('',*,*,#632,.F.);
#632 = EDGE_CURVE('',#633,#249,#635,.T.);
#633 = VERTEX_POINT('',#634);
#634 = CARTESIAN_POINT('',(37.25,0.749999963771,0.));
#635 = LINE('',#636,#637);
#636 = CARTESIAN_POINT('',(37.25,0.749999963771,0.));
#637 = VECTOR('',#638,1.);
#638 = DIRECTION('',(0.,1.,0.));
#639 = ORIENTED_EDGE('',*,*,#640,.F.);
#640 = EDGE_CURVE('',#641,#633,#643,.T.);
#641 = VERTEX_POINT('',#642);
#642 = CARTESIAN_POINT('',(39.25,0.75,0.));
#643 = LINE('',#644,#645);
#644 = CARTESIAN_POINT('',(39.25,0.75,0.));
#645 = VECTOR('',#646,1.);
#646 = DIRECTION('',(-1.,-1.811448874E-08,0.));
#647 = ORIENTED_EDGE('',*,*,#648,.F.);
#648 = EDGE_CURVE('',#649,#641,#651,.T.);
#649 = VERTEX_POINT('',#650);
#650 = CARTESIAN_POINT('',(39.25,-7.25,0.));
#651 = CIRCLE('',#652,4.);
#652 = AXIS2_PLACEMENT_3D('',#653,#654,#655);
#653 = CARTESIAN_POINT('',(39.25,-3.25,0.));
#654 = DIRECTION('',(0.,0.,1.));
#655 = DIRECTION('',(1.,0.,0.));
#656 = ORIENTED_EDGE('',*,*,#657,.T.);
#657 = EDGE_CURVE('',#649,#658,#660,.T.);
#658 = VERTEX_POINT('',#659);
#659 = CARTESIAN_POINT('',(37.25,-7.25,0.));
#660 = LINE('',#661,#662);
#661 = CARTESIAN_POINT('',(39.25,-7.25,0.));
#662 = VECTOR('',#663,1.);
#663 = DIRECTION('',(-1.,0.,0.));
#664 = ORIENTED_EDGE('',*,*,#665,.T.);
#665 = EDGE_CURVE('',#658,#666,#668,.T.);
#666 = VERTEX_POINT('',#667);
#667 = CARTESIAN_POINT('',(37.25,-30.5,0.));
#668 = LINE('',#669,#670);
#669 = CARTESIAN_POINT('',(37.25,-7.25,0.));
#670 = VECTOR('',#671,1.);
#671 = DIRECTION('',(0.,-1.,0.));
#672 = ORIENTED_EDGE('',*,*,#673,.F.);
#673 = EDGE_CURVE('',#674,#666,#676,.T.);
#674 = VERTEX_POINT('',#675);
#675 = CARTESIAN_POINT('',(-37.25,-30.5,0.));
#676 = LINE('',#677,#678);
#677 = CARTESIAN_POINT('',(-37.25,-30.5,0.));
#678 = VECTOR('',#679,1.);
#679 = DIRECTION('',(1.,0.,0.));
#680 = ORIENTED_EDGE('',*,*,#681,.F.);
#681 = EDGE_CURVE('',#682,#674,#684,.T.);
#682 = VERTEX_POINT('',#683);
#683 = CARTESIAN_POINT('',(-37.25,-7.25,0.));
#684 = LINE('',#685,#686);
#685 = CARTESIAN_POINT('',(-37.25,-7.25,0.));
#686 = VECTOR('',#687,1.);
#687 = DIRECTION('',(0.,-1.,0.));
#688 = ORIENTED_EDGE('',*,*,#689,.F.);
#689 = EDGE_CURVE('',#690,#682,#692,.T.);
#690 = VERTEX_POINT('',#691);
#691 = CARTESIAN_POINT('',(-39.25,-7.25,0.));
#692 = LINE('',#693,#694);
#693 = CARTESIAN_POINT('',(-39.25,-7.25,0.));
#694 = VECTOR('',#695,1.);
#695 = DIRECTION('',(1.,0.,0.));
#696 = ORIENTED_EDGE('',*,*,#697,.F.);
#697 = EDGE_CURVE('',#698,#690,#700,.T.);
#698 = VERTEX_POINT('',#699);
#699 = CARTESIAN_POINT('',(-39.25,0.75,0.));
#700 = CIRCLE('',#701,4.);
#701 = AXIS2_PLACEMENT_3D('',#702,#703,#704);
#702 = CARTESIAN_POINT('',(-39.25,-3.25,0.));
#703 = DIRECTION('',(0.,0.,1.));
#704 = DIRECTION('',(1.,0.,0.));
#705 = ORIENTED_EDGE('',*,*,#706,.T.);
#706 = EDGE_CURVE('',#698,#707,#709,.T.);
#707 = VERTEX_POINT('',#708);
#708 = CARTESIAN_POINT('',(-37.25,0.75,0.));
#709 = LINE('',#710,#711);
#710 = CARTESIAN_POINT('',(-39.25,0.75,0.));
#711 = VECTOR('',#712,1.);
#712 = DIRECTION('',(1.,0.,0.));
#713 = ORIENTED_EDGE('',*,*,#714,.T.);
#714 = EDGE_CURVE('',#707,#297,#715,.T.);
#715 = LINE('',#716,#717);
#716 = CARTESIAN_POINT('',(-37.25,0.75,0.));
#717 = VECTOR('',#718,1.);
#718 = DIRECTION('',(0.,1.,0.));
#719 = ORIENTED_EDGE('',*,*,#296,.T.);
#720 = ORIENTED_EDGE('',*,*,#721,.F.);
#721 = EDGE_CURVE('',#570,#289,#722,.T.);
#722 = LINE('',#723,#724);
#723 = CARTESIAN_POINT('',(-54.5,16.,0.));
#724 = VECTOR('',#725,1.);
#725 = DIRECTION('',(0.,1.,0.));
#726 = PLANE('',#727);
#727 = AXIS2_PLACEMENT_3D('',#728,#729,#730);
#728 = CARTESIAN_POINT('',(2.56564478E-09,-18.9738593143,0.));
#729 = DIRECTION('',(0.,0.,1.));
#730 = DIRECTION('',(1.,0.,0.));
#731 = ADVANCED_FACE('',(#732),#773,.F.);
#732 = FACE_BOUND('',#733,.F.);
#733 = EDGE_LOOP('',(#734,#735,#743,#751,#757,#758,#766,#772));
#734 = ORIENTED_EDGE('',*,*,#537,.F.);
#735 = ORIENTED_EDGE('',*,*,#736,.T.);
#736 = EDGE_CURVE('',#538,#737,#739,.T.);
#737 = VERTEX_POINT('',#738);
#738 = CARTESIAN_POINT('',(-62.5,-51.5,32.));
#739 = LINE('',#740,#741);
#740 = CARTESIAN_POINT('',(-62.5,-51.5,35.));
#741 = VECTOR('',#742,1.);
#742 = DIRECTION('',(-0.,-0.,-1.));
#743 = ORIENTED_EDGE('',*,*,#744,.T.);
#744 = EDGE_CURVE('',#737,#745,#747,.T.);
#745 = VERTEX_POINT('',#746);
#746 = CARTESIAN_POINT('',(-54.5,-51.5,32.));
#747 = LINE('',#748,#749);
#748 = CARTESIAN_POINT('',(-62.5,-51.5,32.));
#749 = VECTOR('',#750,1.);
#750 = DIRECTION('',(1.,0.,0.));
#751 = ORIENTED_EDGE('',*,*,#752,.F.);
#752 = EDGE_CURVE('',#594,#745,#753,.T.);
#753 = LINE('',#754,#755);
#754 = CARTESIAN_POINT('',(-54.5,-51.5,0.));
#755 = VECTOR('',#756,1.);
#756 = DIRECTION('',(0.,0.,1.));
#757 = ORIENTED_EDGE('',*,*,#601,.F.);
#758 = ORIENTED_EDGE('',*,*,#759,.T.);
#759 = EDGE_CURVE('',#602,#760,#762,.T.);
#760 = VERTEX_POINT('',#761);
#761 = CARTESIAN_POINT('',(54.5,-51.5,32.));
#762 = LINE('',#763,#764);
#763 = CARTESIAN_POINT('',(54.5,-51.5,0.));
#764 = VECTOR('',#765,1.);
#765 = DIRECTION('',(0.,0.,1.));
#766 = ORIENTED_EDGE('',*,*,#767,.T.);
#767 = EDGE_CURVE('',#760,#72,#768,.T.);
#768 = LINE('',#769,#770);
#769 = CARTESIAN_POINT('',(54.5,-51.5,32.));
#770 = VECTOR('',#771,1.);
#771 = DIRECTION('',(1.,0.,0.));
#772 = ORIENTED_EDGE('',*,*,#79,.F.);
#773 = PLANE('',#774);
#774 = AXIS2_PLACEMENT_3D('',#775,#776,#777);
#775 = CARTESIAN_POINT('',(-62.5,-51.5,35.));
#776 = DIRECTION('',(0.,-1.,0.));
#777 = DIRECTION('',(1.,0.,0.));
#778 = ADVANCED_FACE('',(#779),#797,.F.);
#779 = FACE_BOUND('',#780,.F.);
#780 = EDGE_LOOP('',(#781,#782,#790,#796));
#781 = ORIENTED_EDGE('',*,*,#63,.T.);
#782 = ORIENTED_EDGE('',*,*,#783,.T.);
#783 = EDGE_CURVE('',#64,#784,#786,.T.);
#784 = VERTEX_POINT('',#785);
#785 = CARTESIAN_POINT('',(54.5,-43.5,32.));
#786 = LINE('',#787,#788);
#787 = CARTESIAN_POINT('',(62.5,-43.5,32.));
#788 = VECTOR('',#789,1.);
#789 = DIRECTION('',(-1.,0.,0.));
#790 = ORIENTED_EDGE('',*,*,#791,.F.);
#791 = EDGE_CURVE('',#610,#784,#792,.T.);
#792 = LINE('',#793,#794);
#793 = CARTESIAN_POINT('',(54.5,-43.5,0.));
#794 = VECTOR('',#795,1.);
#795 = DIRECTION('',(0.,0.,1.));
#796 = ORIENTED_EDGE('',*,*,#617,.F.);
#797 = PLANE('',#798);
#798 = AXIS2_PLACEMENT_3D('',#799,#800,#801);
#799 = CARTESIAN_POINT('',(62.5,-43.5,0.));
#800 = DIRECTION('',(0.,-1.,0.));
#801 = DIRECTION('',(-1.,0.,0.));
#802 = ADVANCED_FACE('',(#803,#814),#825,.T.);
#803 = FACE_BOUND('',#804,.T.);
#804 = EDGE_LOOP('',(#805,#806,#807,#813));
#805 = ORIENTED_EDGE('',*,*,#71,.T.);
#806 = ORIENTED_EDGE('',*,*,#783,.T.);
#807 = ORIENTED_EDGE('',*,*,#808,.T.);
#808 = EDGE_CURVE('',#784,#760,#809,.T.);
#809 = LINE('',#810,#811);
#810 = CARTESIAN_POINT('',(54.5,-43.5,32.));
#811 = VECTOR('',#812,1.);
#812 = DIRECTION('',(0.,-1.,0.));
#813 = ORIENTED_EDGE('',*,*,#767,.T.);
#814 = FACE_BOUND('',#815,.F.);
#815 = EDGE_LOOP('',(#816));
#816 = ORIENTED_EDGE('',*,*,#817,.T.);
#817 = EDGE_CURVE('',#818,#818,#820,.T.);
#818 = VERTEX_POINT('',#819);
#819 = CARTESIAN_POINT('',(61.,-47.5,32.));
#820 = CIRCLE('',#821,2.5);
#821 = AXIS2_PLACEMENT_3D('',#822,#823,#824);
#822 = CARTESIAN_POINT('',(58.5,-47.5,32.));
#823 = DIRECTION('',(0.,0.,1.));
#824 = DIRECTION('',(1.,0.,0.));
#825 = PLANE('',#826);
#826 = AXIS2_PLACEMENT_3D('',#827,#828,#829);
#827 = CARTESIAN_POINT('',(2.4E-16,-13.75,32.));
#828 = DIRECTION('',(0.,0.,1.));
#829 = DIRECTION('',(1.,0.,0.));
#830 = ADVANCED_FACE('',(#831),#849,.F.);
#831 = FACE_BOUND('',#832,.F.);
#832 = EDGE_LOOP('',(#833,#834,#842,#848));
#833 = ORIENTED_EDGE('',*,*,#125,.F.);
#834 = ORIENTED_EDGE('',*,*,#835,.F.);
#835 = EDGE_CURVE('',#836,#126,#838,.T.);
#836 = VERTEX_POINT('',#837);
#837 = CARTESIAN_POINT('',(64.,5.4391877,5.033327));
#838 = LINE('',#839,#840);
#839 = CARTESIAN_POINT('',(64.,5.4391877,5.033327));
#840 = VECTOR('',#841,1.);
#841 = DIRECTION('',(0.,0.,1.));
#842 = ORIENTED_EDGE('',*,*,#843,.T.);
#843 = EDGE_CURVE('',#836,#225,#844,.T.);
#844 = LINE('',#845,#846);
#845 = CARTESIAN_POINT('',(64.5,5.4391877,5.033327));
#846 = VECTOR('',#847,1.);
#847 = DIRECTION('',(-1.,-0.,-0.));
#848 = ORIENTED_EDGE('',*,*,#232,.F.);
#849 = PLANE('',#850);
#850 = AXIS2_PLACEMENT_3D('',#851,#852,#853);
#851 = CARTESIAN_POINT('',(64.5,5.4391877,5.033327));
#852 = DIRECTION('',(0.,1.,0.));
#853 = DIRECTION('',(0.,0.,1.));
#854 = ADVANCED_FACE('',(#855),#880,.T.);
#855 = FACE_BOUND('',#856,.F.);
#856 = EDGE_LOOP('',(#857,#865,#866,#874));
#857 = ORIENTED_EDGE('',*,*,#858,.F.);
#858 = EDGE_CURVE('',#126,#859,#861,.T.);
#859 = VERTEX_POINT('',#860);
#860 = CARTESIAN_POINT('',(64.5,5.9391877,34.5));
#861 = LINE('',#862,#863);
#862 = CARTESIAN_POINT('',(69.161112166667,10.600299866667,
    29.838887833333));
#863 = VECTOR('',#864,1.);
#864 = DIRECTION('',(0.57735026919,0.57735026919,-0.57735026919));
#865 = ORIENTED_EDGE('',*,*,#135,.T.);
#866 = ORIENTED_EDGE('',*,*,#867,.T.);
#867 = EDGE_CURVE('',#136,#868,#870,.T.);
#868 = VERTEX_POINT('',#869);
#869 = CARTESIAN_POINT('',(64.5,24.,34.5));
#870 = LINE('',#871,#872);
#871 = CARTESIAN_POINT('',(64.25,24.,34.75));
#872 = VECTOR('',#873,1.);
#873 = DIRECTION('',(0.707106781187,0.,-0.707106781187));
#874 = ORIENTED_EDGE('',*,*,#875,.F.);
#875 = EDGE_CURVE('',#859,#868,#876,.T.);
#876 = LINE('',#877,#878);
#877 = CARTESIAN_POINT('',(64.5,5.4391877,34.5));
#878 = VECTOR('',#879,1.);
#879 = DIRECTION('',(0.,1.,0.));
#880 = PLANE('',#881);
#881 = AXIS2_PLACEMENT_3D('',#882,#883,#884);
#882 = CARTESIAN_POINT('',(64.25,5.4391877,34.75));
#883 = DIRECTION('',(0.707106781187,-0.,0.707106781187));
#884 = DIRECTION('',(-0.,-1.,-0.));
#885 = ADVANCED_FACE('',(#886),#905,.T.);
#886 = FACE_BOUND('',#887,.F.);
#887 = EDGE_LOOP('',(#888,#889,#890,#898));
#888 = ORIENTED_EDGE('',*,*,#867,.F.);
#889 = ORIENTED_EDGE('',*,*,#143,.T.);
#890 = ORIENTED_EDGE('',*,*,#891,.T.);
#891 = EDGE_CURVE('',#144,#892,#894,.T.);
#892 = VERTEX_POINT('',#893);
#893 = CARTESIAN_POINT('',(62.5,26.,34.5));
#894 = LINE('',#895,#896);
#895 = CARTESIAN_POINT('',(62.5,26.,34.5));
#896 = VECTOR('',#897,1.);
#897 = DIRECTION('',(4.E-17,0.707106781187,-0.707106781187));
#898 = ORIENTED_EDGE('',*,*,#899,.F.);
#899 = EDGE_CURVE('',#868,#892,#900,.T.);
#900 = CIRCLE('',#901,2.);
#901 = AXIS2_PLACEMENT_3D('',#902,#903,#904);
#902 = CARTESIAN_POINT('',(62.5,24.,34.5));
#903 = DIRECTION('',(0.,0.,1.));
#904 = DIRECTION('',(1.,0.,-0.));
#905 = CONICAL_SURFACE('',#906,2.,0.785398163397);
#906 = AXIS2_PLACEMENT_3D('',#907,#908,#909);
#907 = CARTESIAN_POINT('',(62.5,24.,34.5));
#908 = DIRECTION('',(-0.,-0.,-1.));
#909 = DIRECTION('',(1.,0.,0.));
#910 = ADVANCED_FACE('',(#911),#929,.T.);
#911 = FACE_BOUND('',#912,.F.);
#912 = EDGE_LOOP('',(#913,#914,#915,#923));
#913 = ORIENTED_EDGE('',*,*,#891,.F.);
#914 = ORIENTED_EDGE('',*,*,#152,.T.);
#915 = ORIENTED_EDGE('',*,*,#916,.T.);
#916 = EDGE_CURVE('',#153,#917,#919,.T.);
#917 = VERTEX_POINT('',#918);
#918 = CARTESIAN_POINT('',(-62.5,26.,34.5));
#919 = LINE('',#920,#921);
#920 = CARTESIAN_POINT('',(-62.5,25.75,34.75));
#921 = VECTOR('',#922,1.);
#922 = DIRECTION('',(-0.,0.707106781187,-0.707106781187));
#923 = ORIENTED_EDGE('',*,*,#924,.F.);
#924 = EDGE_CURVE('',#892,#917,#925,.T.);
#925 = LINE('',#926,#927);
#926 = CARTESIAN_POINT('',(62.5,26.,34.5));
#927 = VECTOR('',#928,1.);
#928 = DIRECTION('',(-1.,0.,0.));
#929 = PLANE('',#930);
#930 = AXIS2_PLACEMENT_3D('',#931,#932,#933);
#931 = CARTESIAN_POINT('',(62.5,25.75,34.75));
#932 = DIRECTION('',(-0.,0.707106781187,0.707106781187));
#933 = DIRECTION('',(1.,-0.,0.));
#934 = ADVANCED_FACE('',(#935),#954,.T.);
#935 = FACE_BOUND('',#936,.F.);
#936 = EDGE_LOOP('',(#937,#938,#939,#947));
#937 = ORIENTED_EDGE('',*,*,#916,.F.);
#938 = ORIENTED_EDGE('',*,*,#160,.T.);
#939 = ORIENTED_EDGE('',*,*,#940,.T.);
#940 = EDGE_CURVE('',#161,#941,#943,.T.);
#941 = VERTEX_POINT('',#942);
#942 = CARTESIAN_POINT('',(-64.5,24.,34.5));
#943 = LINE('',#944,#945);
#944 = CARTESIAN_POINT('',(-64.5,24.,34.5));
#945 = VECTOR('',#946,1.);
#946 = DIRECTION('',(-0.707106781187,4.E-17,-0.707106781187));
#947 = ORIENTED_EDGE('',*,*,#948,.F.);
#948 = EDGE_CURVE('',#917,#941,#949,.T.);
#949 = CIRCLE('',#950,2.);
#950 = AXIS2_PLACEMENT_3D('',#951,#952,#953);
#951 = CARTESIAN_POINT('',(-62.5,24.,34.5));
#952 = DIRECTION('',(0.,-0.,1.));
#953 = DIRECTION('',(0.,1.,0.));
#954 = CONICAL_SURFACE('',#955,2.,0.785398163397);
#955 = AXIS2_PLACEMENT_3D('',#956,#957,#958);
#956 = CARTESIAN_POINT('',(-62.5,24.,34.5));
#957 = DIRECTION('',(-0.,-0.,-1.));
#958 = DIRECTION('',(0.,1.,-0.));
#959 = ADVANCED_FACE('',(#960),#1017,.T.);
#960 = FACE_BOUND('',#961,.T.);
#961 = EDGE_LOOP('',(#962,#963,#964,#972,#978,#979,#987,#993,#994,#995,
    #1003,#1011));
#962 = ORIENTED_EDGE('',*,*,#545,.T.);
#963 = ORIENTED_EDGE('',*,*,#736,.T.);
#964 = ORIENTED_EDGE('',*,*,#965,.F.);
#965 = EDGE_CURVE('',#966,#737,#968,.T.);
#966 = VERTEX_POINT('',#967);
#967 = CARTESIAN_POINT('',(-62.5,-43.5,32.));
#968 = LINE('',#969,#970);
#969 = CARTESIAN_POINT('',(-62.5,-43.5,32.));
#970 = VECTOR('',#971,1.);
#971 = DIRECTION('',(0.,-1.,0.));
#972 = ORIENTED_EDGE('',*,*,#973,.F.);
#973 = EDGE_CURVE('',#578,#966,#974,.T.);
#974 = LINE('',#975,#976);
#975 = CARTESIAN_POINT('',(-62.5,-43.5,0.));
#976 = VECTOR('',#977,1.);
#977 = DIRECTION('',(0.,0.,1.));
#978 = ORIENTED_EDGE('',*,*,#577,.F.);
#979 = ORIENTED_EDGE('',*,*,#980,.T.);
#980 = EDGE_CURVE('',#568,#981,#983,.T.);
#981 = VERTEX_POINT('',#982);
#982 = CARTESIAN_POINT('',(-62.5,16.,32.));
#983 = LINE('',#984,#985);
#984 = CARTESIAN_POINT('',(-62.5,16.,0.));
#985 = VECTOR('',#986,1.);
#986 = DIRECTION('',(0.,0.,1.));
#987 = ORIENTED_EDGE('',*,*,#988,.F.);
#988 = EDGE_CURVE('',#273,#981,#989,.T.);
#989 = LINE('',#990,#991);
#990 = CARTESIAN_POINT('',(-62.5,24.,32.));
#991 = VECTOR('',#992,1.);
#992 = DIRECTION('',(0.,-1.,0.));
#993 = ORIENTED_EDGE('',*,*,#272,.T.);
#994 = ORIENTED_EDGE('',*,*,#193,.T.);
#995 = ORIENTED_EDGE('',*,*,#996,.F.);
#996 = EDGE_CURVE('',#997,#186,#999,.T.);
#997 = VERTEX_POINT('',#998);
#998 = CARTESIAN_POINT('',(-62.5,5.9391877,4.533327));
#999 = LINE('',#1000,#1001);
#1000 = CARTESIAN_POINT('',(-62.5,5.9391877,5.033327));
#1001 = VECTOR('',#1002,1.);
#1002 = DIRECTION('',(0.,0.,1.));
#1003 = ORIENTED_EDGE('',*,*,#1004,.F.);
#1004 = EDGE_CURVE('',#1005,#997,#1007,.T.);
#1005 = VERTEX_POINT('',#1006);
#1006 = CARTESIAN_POINT('',(-62.5,1.9391877,4.533327));
#1007 = LINE('',#1008,#1009);
#1008 = CARTESIAN_POINT('',(-62.5,2.4391877,4.533327));
#1009 = VECTOR('',#1010,1.);
#1010 = DIRECTION('',(0.,1.,0.));
#1011 = ORIENTED_EDGE('',*,*,#1012,.F.);
#1012 = EDGE_CURVE('',#546,#1005,#1013,.T.);
#1013 = LINE('',#1014,#1015);
#1014 = CARTESIAN_POINT('',(-62.5,1.9391877,35.));
#1015 = VECTOR('',#1016,1.);
#1016 = DIRECTION('',(0.,0.,-1.));
#1017 = PLANE('',#1018);
#1018 = AXIS2_PLACEMENT_3D('',#1019,#1020,#1021);
#1019 = CARTESIAN_POINT('',(-62.5,-13.75,17.5));
#1020 = DIRECTION('',(1.,0.,0.));
#1021 = DIRECTION('',(0.,0.,1.));
#1022 = ADVANCED_FACE('',(#1023),#1041,.T.);
#1023 = FACE_BOUND('',#1024,.F.);
#1024 = EDGE_LOOP('',(#1025,#1026,#1027,#1035));
#1025 = ORIENTED_EDGE('',*,*,#940,.F.);
#1026 = ORIENTED_EDGE('',*,*,#169,.T.);
#1027 = ORIENTED_EDGE('',*,*,#1028,.T.);
#1028 = EDGE_CURVE('',#170,#1029,#1031,.T.);
#1029 = VERTEX_POINT('',#1030);
#1030 = CARTESIAN_POINT('',(-64.5,5.9391877,34.5));
#1031 = LINE('',#1032,#1033);
#1032 = CARTESIAN_POINT('',(-67.26013538333,8.699323083333,
    31.739864616667));
#1033 = VECTOR('',#1034,1.);
#1034 = DIRECTION('',(-0.57735026919,0.57735026919,-0.57735026919));
#1035 = ORIENTED_EDGE('',*,*,#1036,.F.);
#1036 = EDGE_CURVE('',#941,#1029,#1037,.T.);
#1037 = LINE('',#1038,#1039);
#1038 = CARTESIAN_POINT('',(-64.5,24.,34.5));
#1039 = VECTOR('',#1040,1.);
#1040 = DIRECTION('',(0.,-1.,0.));
#1041 = PLANE('',#1042);
#1042 = AXIS2_PLACEMENT_3D('',#1043,#1044,#1045);
#1043 = CARTESIAN_POINT('',(-64.25,24.,34.75));
#1044 = DIRECTION('',(-0.707106781187,0.,0.707106781187));
#1045 = DIRECTION('',(0.,1.,-0.));
#1046 = ADVANCED_FACE('',(#1047),#1065,.F.);
#1047 = FACE_BOUND('',#1048,.T.);
#1048 = EDGE_LOOP('',(#1049,#1057,#1058,#1059));
#1049 = ORIENTED_EDGE('',*,*,#1050,.F.);
#1050 = EDGE_CURVE('',#997,#1051,#1053,.T.);
#1051 = VERTEX_POINT('',#1052);
#1052 = CARTESIAN_POINT('',(-63.,5.4391877,5.033327));
#1053 = LINE('',#1054,#1055);
#1054 = CARTESIAN_POINT('',(-63.33333333333,5.105854366667,
    5.366660333333));
#1055 = VECTOR('',#1056,1.);
#1056 = DIRECTION('',(-0.57735026919,-0.57735026919,0.57735026919));
#1057 = ORIENTED_EDGE('',*,*,#996,.T.);
#1058 = ORIENTED_EDGE('',*,*,#185,.T.);
#1059 = ORIENTED_EDGE('',*,*,#1060,.F.);
#1060 = EDGE_CURVE('',#1051,#178,#1061,.T.);
#1061 = LINE('',#1062,#1063);
#1062 = CARTESIAN_POINT('',(-63.,5.4391877,5.033327));
#1063 = VECTOR('',#1064,1.);
#1064 = DIRECTION('',(0.,0.,1.));
#1065 = PLANE('',#1066);
#1066 = AXIS2_PLACEMENT_3D('',#1067,#1068,#1069);
#1067 = CARTESIAN_POINT('',(-62.75,5.6891877,5.033327));
#1068 = DIRECTION('',(-0.707106781187,0.707106781187,0.));
#1069 = DIRECTION('',(-0.,-0.,-1.));
#1070 = ADVANCED_FACE('',(#1071),#1089,.F.);
#1071 = FACE_BOUND('',#1072,.F.);
#1072 = EDGE_LOOP('',(#1073,#1074,#1075,#1083));
#1073 = ORIENTED_EDGE('',*,*,#177,.F.);
#1074 = ORIENTED_EDGE('',*,*,#1060,.F.);
#1075 = ORIENTED_EDGE('',*,*,#1076,.T.);
#1076 = EDGE_CURVE('',#1051,#1077,#1079,.T.);
#1077 = VERTEX_POINT('',#1078);
#1078 = CARTESIAN_POINT('',(-64.,5.4391877,5.033327));
#1079 = LINE('',#1080,#1081);
#1080 = CARTESIAN_POINT('',(64.5,5.4391877,5.033327));
#1081 = VECTOR('',#1082,1.);
#1082 = DIRECTION('',(-1.,-0.,-0.));
#1083 = ORIENTED_EDGE('',*,*,#1084,.F.);
#1084 = EDGE_CURVE('',#170,#1077,#1085,.T.);
#1085 = LINE('',#1086,#1087);
#1086 = CARTESIAN_POINT('',(-64.,5.4391877,35.));
#1087 = VECTOR('',#1088,1.);
#1088 = DIRECTION('',(0.,0.,-1.));
#1089 = PLANE('',#1090);
#1090 = AXIS2_PLACEMENT_3D('',#1091,#1092,#1093);
#1091 = CARTESIAN_POINT('',(64.5,5.4391877,5.033327));
#1092 = DIRECTION('',(0.,1.,0.));
#1093 = DIRECTION('',(0.,0.,1.));
#1094 = ADVANCED_FACE('',(#1095),#1101,.F.);
#1095 = FACE_BOUND('',#1096,.F.);
#1096 = EDGE_LOOP('',(#1097,#1098,#1099,#1100));
#1097 = ORIENTED_EDGE('',*,*,#256,.T.);
#1098 = ORIENTED_EDGE('',*,*,#395,.T.);
#1099 = ORIENTED_EDGE('',*,*,#453,.F.);
#1100 = ORIENTED_EDGE('',*,*,#625,.F.);
#1101 = PLANE('',#1102);
#1102 = AXIS2_PLACEMENT_3D('',#1103,#1104,#1105);
#1103 = CARTESIAN_POINT('',(54.5,24.,0.));
#1104 = DIRECTION('',(1.,0.,0.));
#1105 = DIRECTION('',(0.,-1.,0.));
#1106 = ADVANCED_FACE('',(#1107),#1125,.F.);
#1107 = FACE_BOUND('',#1108,.F.);
#1108 = EDGE_LOOP('',(#1109,#1117,#1123,#1124));
#1109 = ORIENTED_EDGE('',*,*,#1110,.T.);
#1110 = EDGE_CURVE('',#633,#1111,#1113,.T.);
#1111 = VERTEX_POINT('',#1112);
#1112 = CARTESIAN_POINT('',(37.25,0.749999963771,3.6));
#1113 = LINE('',#1114,#1115);
#1114 = CARTESIAN_POINT('',(37.25,0.749999963771,0.));
#1115 = VECTOR('',#1116,1.);
#1116 = DIRECTION('',(0.,0.,1.));
#1117 = ORIENTED_EDGE('',*,*,#1118,.T.);
#1118 = EDGE_CURVE('',#1111,#313,#1119,.T.);
#1119 = LINE('',#1120,#1121);
#1120 = CARTESIAN_POINT('',(37.25,0.749999963771,3.6));
#1121 = VECTOR('',#1122,1.);
#1122 = DIRECTION('',(0.,1.,0.));
#1123 = ORIENTED_EDGE('',*,*,#320,.F.);
#1124 = ORIENTED_EDGE('',*,*,#632,.F.);
#1125 = PLANE('',#1126);
#1126 = AXIS2_PLACEMENT_3D('',#1127,#1128,#1129);
#1127 = CARTESIAN_POINT('',(37.25,0.749999963771,0.));
#1128 = DIRECTION('',(-1.,0.,0.));
#1129 = DIRECTION('',(0.,1.,0.));
#1130 = ADVANCED_FACE('',(#1131,#1215,#1249,#1260),#1271,.T.);
#1131 = FACE_BOUND('',#1132,.T.);
#1132 = EDGE_LOOP('',(#1133,#1141,#1149,#1158,#1166,#1174,#1182,#1190,
    #1198,#1207,#1213,#1214));
#1133 = ORIENTED_EDGE('',*,*,#1134,.F.);
#1134 = EDGE_CURVE('',#1135,#305,#1137,.T.);
#1135 = VERTEX_POINT('',#1136);
#1136 = CARTESIAN_POINT('',(-37.25,0.75,3.6));
#1137 = LINE('',#1138,#1139);
#1138 = CARTESIAN_POINT('',(-37.25,0.75,3.6));
#1139 = VECTOR('',#1140,1.);
#1140 = DIRECTION('',(0.,1.,0.));
#1141 = ORIENTED_EDGE('',*,*,#1142,.F.);
#1142 = EDGE_CURVE('',#1143,#1135,#1145,.T.);
#1143 = VERTEX_POINT('',#1144);
#1144 = CARTESIAN_POINT('',(-39.25,0.75,3.6));
#1145 = LINE('',#1146,#1147);
#1146 = CARTESIAN_POINT('',(-39.25,0.75,3.6));
#1147 = VECTOR('',#1148,1.);
#1148 = DIRECTION('',(1.,0.,0.));
#1149 = ORIENTED_EDGE('',*,*,#1150,.T.);
#1150 = EDGE_CURVE('',#1143,#1151,#1153,.T.);
#1151 = VERTEX_POINT('',#1152);
#1152 = CARTESIAN_POINT('',(-39.25,-7.25,3.6));
#1153 = CIRCLE('',#1154,4.);
#1154 = AXIS2_PLACEMENT_3D('',#1155,#1156,#1157);
#1155 = CARTESIAN_POINT('',(-39.25,-3.25,3.6));
#1156 = DIRECTION('',(0.,0.,1.));
#1157 = DIRECTION('',(1.,0.,0.));
#1158 = ORIENTED_EDGE('',*,*,#1159,.T.);
#1159 = EDGE_CURVE('',#1151,#1160,#1162,.T.);
#1160 = VERTEX_POINT('',#1161);
#1161 = CARTESIAN_POINT('',(-37.25,-7.25,3.6));
#1162 = LINE('',#1163,#1164);
#1163 = CARTESIAN_POINT('',(-39.25,-7.25,3.6));
#1164 = VECTOR('',#1165,1.);
#1165 = DIRECTION('',(1.,0.,0.));
#1166 = ORIENTED_EDGE('',*,*,#1167,.T.);
#1167 = EDGE_CURVE('',#1160,#1168,#1170,.T.);
#1168 = VERTEX_POINT('',#1169);
#1169 = CARTESIAN_POINT('',(-37.25,-30.5,3.6));
#1170 = LINE('',#1171,#1172);
#1171 = CARTESIAN_POINT('',(-37.25,-7.25,3.6));
#1172 = VECTOR('',#1173,1.);
#1173 = DIRECTION('',(0.,-1.,0.));
#1174 = ORIENTED_EDGE('',*,*,#1175,.T.);
#1175 = EDGE_CURVE('',#1168,#1176,#1178,.T.);
#1176 = VERTEX_POINT('',#1177);
#1177 = CARTESIAN_POINT('',(37.25,-30.5,3.6));
#1178 = LINE('',#1179,#1180);
#1179 = CARTESIAN_POINT('',(-37.25,-30.5,3.6));
#1180 = VECTOR('',#1181,1.);
#1181 = DIRECTION('',(1.,0.,0.));
#1182 = ORIENTED_EDGE('',*,*,#1183,.F.);
#1183 = EDGE_CURVE('',#1184,#1176,#1186,.T.);
#1184 = VERTEX_POINT('',#1185);
#1185 = CARTESIAN_POINT('',(37.25,-7.25,3.6));
#1186 = LINE('',#1187,#1188);
#1187 = CARTESIAN_POINT('',(37.25,-7.25,3.6));
#1188 = VECTOR('',#1189,1.);
#1189 = DIRECTION('',(0.,-1.,0.));
#1190 = ORIENTED_EDGE('',*,*,#1191,.F.);
#1191 = EDGE_CURVE('',#1192,#1184,#1194,.T.);
#1192 = VERTEX_POINT('',#1193);
#1193 = CARTESIAN_POINT('',(39.25,-7.25,3.6));
#1194 = LINE('',#1195,#1196);
#1195 = CARTESIAN_POINT('',(39.25,-7.25,3.6));
#1196 = VECTOR('',#1197,1.);
#1197 = DIRECTION('',(-1.,0.,0.));
#1198 = ORIENTED_EDGE('',*,*,#1199,.T.);
#1199 = EDGE_CURVE('',#1192,#1200,#1202,.T.);
#1200 = VERTEX_POINT('',#1201);
#1201 = CARTESIAN_POINT('',(39.25,0.75,3.6));
#1202 = CIRCLE('',#1203,4.);
#1203 = AXIS2_PLACEMENT_3D('',#1204,#1205,#1206);
#1204 = CARTESIAN_POINT('',(39.25,-3.25,3.6));
#1205 = DIRECTION('',(0.,0.,1.));
#1206 = DIRECTION('',(1.,0.,0.));
#1207 = ORIENTED_EDGE('',*,*,#1208,.T.);
#1208 = EDGE_CURVE('',#1200,#1111,#1209,.T.);
#1209 = LINE('',#1210,#1211);
#1210 = CARTESIAN_POINT('',(39.25,0.75,3.6));
#1211 = VECTOR('',#1212,1.);
#1212 = DIRECTION('',(-1.,-1.811448874E-08,0.));
#1213 = ORIENTED_EDGE('',*,*,#1118,.T.);
#1214 = ORIENTED_EDGE('',*,*,#312,.T.);
#1215 = FACE_BOUND('',#1216,.F.);
#1216 = EDGE_LOOP('',(#1217,#1227,#1235,#1243));
#1217 = ORIENTED_EDGE('',*,*,#1218,.T.);
#1218 = EDGE_CURVE('',#1219,#1221,#1223,.T.);
#1219 = VERTEX_POINT('',#1220);
#1220 = CARTESIAN_POINT('',(-35.25,22.,3.6));
#1221 = VERTEX_POINT('',#1222);
#1222 = CARTESIAN_POINT('',(-35.25,-28.5,3.6));
#1223 = LINE('',#1224,#1225);
#1224 = CARTESIAN_POINT('',(-35.25,22.,3.6));
#1225 = VECTOR('',#1226,1.);
#1226 = DIRECTION('',(0.,-1.,0.));
#1227 = ORIENTED_EDGE('',*,*,#1228,.T.);
#1228 = EDGE_CURVE('',#1221,#1229,#1231,.T.);
#1229 = VERTEX_POINT('',#1230);
#1230 = CARTESIAN_POINT('',(35.25,-28.5,3.6));
#1231 = LINE('',#1232,#1233);
#1232 = CARTESIAN_POINT('',(-35.25,-28.5,3.6));
#1233 = VECTOR('',#1234,1.);
#1234 = DIRECTION('',(1.,0.,0.));
#1235 = ORIENTED_EDGE('',*,*,#1236,.T.);
#1236 = EDGE_CURVE('',#1229,#1237,#1239,.T.);
#1237 = VERTEX_POINT('',#1238);
#1238 = CARTESIAN_POINT('',(35.25,22.,3.6));
#1239 = LINE('',#1240,#1241);
#1240 = CARTESIAN_POINT('',(35.25,-28.5,3.6));
#1241 = VECTOR('',#1242,1.);
#1242 = DIRECTION('',(0.,1.,0.));
#1243 = ORIENTED_EDGE('',*,*,#1244,.T.);
#1244 = EDGE_CURVE('',#1237,#1219,#1245,.T.);
#1245 = LINE('',#1246,#1247);
#1246 = CARTESIAN_POINT('',(35.25,22.,3.6));
#1247 = VECTOR('',#1248,1.);
#1248 = DIRECTION('',(-1.,0.,0.));
#1249 = FACE_BOUND('',#1250,.F.);
#1250 = EDGE_LOOP('',(#1251));
#1251 = ORIENTED_EDGE('',*,*,#1252,.T.);
#1252 = EDGE_CURVE('',#1253,#1253,#1255,.T.);
#1253 = VERTEX_POINT('',#1254);
#1254 = CARTESIAN_POINT('',(-36.75,-3.25,3.6));
#1255 = CIRCLE('',#1256,2.5);
#1256 = AXIS2_PLACEMENT_3D('',#1257,#1258,#1259);
#1257 = CARTESIAN_POINT('',(-39.25,-3.25,3.6));
#1258 = DIRECTION('',(0.,0.,1.));
#1259 = DIRECTION('',(1.,0.,0.));
#1260 = FACE_BOUND('',#1261,.F.);
#1261 = EDGE_LOOP('',(#1262));
#1262 = ORIENTED_EDGE('',*,*,#1263,.T.);
#1263 = EDGE_CURVE('',#1264,#1264,#1266,.T.);
#1264 = VERTEX_POINT('',#1265);
#1265 = CARTESIAN_POINT('',(41.75,-3.25,3.6));
#1266 = CIRCLE('',#1267,2.5);
#1267 = AXIS2_PLACEMENT_3D('',#1268,#1269,#1270);
#1268 = CARTESIAN_POINT('',(39.25,-3.25,3.6));
#1269 = DIRECTION('',(0.,0.,1.));
#1270 = DIRECTION('',(1.,0.,0.));
#1271 = PLANE('',#1272);
#1272 = AXIS2_PLACEMENT_3D('',#1273,#1274,#1275);
#1273 = CARTESIAN_POINT('',(2.48999457E-09,-3.249999999799,3.6));
#1274 = DIRECTION('',(0.,0.,1.));
#1275 = DIRECTION('',(1.,0.,0.));
#1276 = ADVANCED_FACE('',(#1277),#1288,.T.);
#1277 = FACE_BOUND('',#1278,.T.);
#1278 = EDGE_LOOP('',(#1279,#1285,#1286,#1287));
#1279 = ORIENTED_EDGE('',*,*,#1280,.T.);
#1280 = EDGE_CURVE('',#707,#1135,#1281,.T.);
#1281 = LINE('',#1282,#1283);
#1282 = CARTESIAN_POINT('',(-37.25,0.75,0.));
#1283 = VECTOR('',#1284,1.);
#1284 = DIRECTION('',(0.,0.,1.));
#1285 = ORIENTED_EDGE('',*,*,#1134,.T.);
#1286 = ORIENTED_EDGE('',*,*,#304,.F.);
#1287 = ORIENTED_EDGE('',*,*,#714,.F.);
#1288 = PLANE('',#1289);
#1289 = AXIS2_PLACEMENT_3D('',#1290,#1291,#1292);
#1290 = CARTESIAN_POINT('',(-37.25,0.75,0.));
#1291 = DIRECTION('',(-1.,0.,0.));
#1292 = DIRECTION('',(0.,1.,0.));
#1293 = ADVANCED_FACE('',(#1294),#1312,.F.);
#1294 = FACE_BOUND('',#1295,.F.);
#1295 = EDGE_LOOP('',(#1296,#1304,#1310,#1311));
#1296 = ORIENTED_EDGE('',*,*,#1297,.T.);
#1297 = EDGE_CURVE('',#570,#1298,#1300,.T.);
#1298 = VERTEX_POINT('',#1299);
#1299 = CARTESIAN_POINT('',(-54.5,16.,32.));
#1300 = LINE('',#1301,#1302);
#1301 = CARTESIAN_POINT('',(-54.5,16.,0.));
#1302 = VECTOR('',#1303,1.);
#1303 = DIRECTION('',(0.,0.,1.));
#1304 = ORIENTED_EDGE('',*,*,#1305,.T.);
#1305 = EDGE_CURVE('',#1298,#281,#1306,.T.);
#1306 = LINE('',#1307,#1308);
#1307 = CARTESIAN_POINT('',(-54.5,16.,32.));
#1308 = VECTOR('',#1309,1.);
#1309 = DIRECTION('',(0.,1.,0.));
#1310 = ORIENTED_EDGE('',*,*,#288,.F.);
#1311 = ORIENTED_EDGE('',*,*,#721,.F.);
#1312 = PLANE('',#1313);
#1313 = AXIS2_PLACEMENT_3D('',#1314,#1315,#1316);
#1314 = CARTESIAN_POINT('',(-54.5,16.,0.));
#1315 = DIRECTION('',(-1.,0.,0.));
#1316 = DIRECTION('',(0.,1.,0.));
#1317 = ADVANCED_FACE('',(#1318,#1329),#1340,.T.);
#1318 = FACE_BOUND('',#1319,.T.);
#1319 = EDGE_LOOP('',(#1320,#1321,#1327,#1328));
#1320 = ORIENTED_EDGE('',*,*,#988,.T.);
#1321 = ORIENTED_EDGE('',*,*,#1322,.T.);
#1322 = EDGE_CURVE('',#981,#1298,#1323,.T.);
#1323 = LINE('',#1324,#1325);
#1324 = CARTESIAN_POINT('',(-62.5,16.,32.));
#1325 = VECTOR('',#1326,1.);
#1326 = DIRECTION('',(1.,0.,0.));
#1327 = ORIENTED_EDGE('',*,*,#1305,.T.);
#1328 = ORIENTED_EDGE('',*,*,#280,.T.);
#1329 = FACE_BOUND('',#1330,.F.);
#1330 = EDGE_LOOP('',(#1331));
#1331 = ORIENTED_EDGE('',*,*,#1332,.T.);
#1332 = EDGE_CURVE('',#1333,#1333,#1335,.T.);
#1333 = VERTEX_POINT('',#1334);
#1334 = CARTESIAN_POINT('',(-56.,20.,32.));
#1335 = CIRCLE('',#1336,2.5);
#1336 = AXIS2_PLACEMENT_3D('',#1337,#1338,#1339);
#1337 = CARTESIAN_POINT('',(-58.5,20.,32.));
#1338 = DIRECTION('',(0.,0.,1.));
#1339 = DIRECTION('',(1.,0.,0.));
#1340 = PLANE('',#1341);
#1341 = AXIS2_PLACEMENT_3D('',#1342,#1343,#1344);
#1342 = CARTESIAN_POINT('',(2.4E-16,-13.75,32.));
#1343 = DIRECTION('',(0.,0.,1.));
#1344 = DIRECTION('',(1.,0.,0.));
#1345 = ADVANCED_FACE('',(#1346),#1372,.F.);
#1346 = FACE_BOUND('',#1347,.T.);
#1347 = EDGE_LOOP('',(#1348,#1356,#1357,#1365));
#1348 = ORIENTED_EDGE('',*,*,#1349,.F.);
#1349 = EDGE_CURVE('',#329,#1350,#1352,.T.);
#1350 = VERTEX_POINT('',#1351);
#1351 = CARTESIAN_POINT('',(-5.1,25.5,12.899999999999));
#1352 = LINE('',#1353,#1354);
#1353 = CARTESIAN_POINT('',(-5.1,21.679203,12.899999999999));
#1354 = VECTOR('',#1355,1.);
#1355 = DIRECTION('',(0.,1.,-2.2E-16));
#1356 = ORIENTED_EDGE('',*,*,#328,.T.);
#1357 = ORIENTED_EDGE('',*,*,#1358,.T.);
#1358 = EDGE_CURVE('',#331,#1359,#1361,.T.);
#1359 = VERTEX_POINT('',#1360);
#1360 = CARTESIAN_POINT('',(-5.1,25.5,21.9));
#1361 = LINE('',#1362,#1363);
#1362 = CARTESIAN_POINT('',(-5.1,21.679203,21.9));
#1363 = VECTOR('',#1364,1.);
#1364 = DIRECTION('',(0.,1.,-2.2E-16));
#1365 = ORIENTED_EDGE('',*,*,#1366,.T.);
#1366 = EDGE_CURVE('',#1359,#1350,#1367,.T.);
#1367 = CIRCLE('',#1368,4.5);
#1368 = AXIS2_PLACEMENT_3D('',#1369,#1370,#1371);
#1369 = CARTESIAN_POINT('',(-5.1,25.5,17.4));
#1370 = DIRECTION('',(0.,1.,-0.));
#1371 = DIRECTION('',(-9.04E-14,0.,1.));
#1372 = CYLINDRICAL_SURFACE('',#1373,4.5);
#1373 = AXIS2_PLACEMENT_3D('',#1374,#1375,#1376);
#1374 = CARTESIAN_POINT('',(-5.1,21.679203,17.4));
#1375 = DIRECTION('',(0.,-1.,2.2E-16));
#1376 = DIRECTION('',(-1.,0.,0.));
#1377 = ADVANCED_FACE('',(#1378),#1396,.F.);
#1378 = FACE_BOUND('',#1379,.F.);
#1379 = EDGE_LOOP('',(#1380,#1388,#1389,#1390));
#1380 = ORIENTED_EDGE('',*,*,#1381,.F.);
#1381 = EDGE_CURVE('',#348,#1382,#1384,.T.);
#1382 = VERTEX_POINT('',#1383);
#1383 = CARTESIAN_POINT('',(-12.8946367647,25.5,21.899999999999));
#1384 = LINE('',#1385,#1386);
#1385 = CARTESIAN_POINT('',(-12.8946367647,21.679203,21.899999999999));
#1386 = VECTOR('',#1387,1.);
#1387 = DIRECTION('',(0.,1.,-2.2E-16));
#1388 = ORIENTED_EDGE('',*,*,#356,.F.);
#1389 = ORIENTED_EDGE('',*,*,#1358,.T.);
#1390 = ORIENTED_EDGE('',*,*,#1391,.F.);
#1391 = EDGE_CURVE('',#1382,#1359,#1392,.T.);
#1392 = LINE('',#1393,#1394);
#1393 = CARTESIAN_POINT('',(-12.8946367647,25.5,21.899999999999));
#1394 = VECTOR('',#1395,1.);
#1395 = DIRECTION('',(1.,0.,7.414E-14));
#1396 = PLANE('',#1397);
#1397 = AXIS2_PLACEMENT_3D('',#1398,#1399,#1400);
#1398 = CARTESIAN_POINT('',(-8.997318382351,24.179203,21.9));
#1399 = DIRECTION('',(-7.414E-14,0.,1.));
#1400 = DIRECTION('',(1.,0.,7.414E-14));
#1401 = ADVANCED_FACE('',(#1402),#1421,.F.);
#1402 = FACE_BOUND('',#1403,.T.);
#1403 = EDGE_LOOP('',(#1404,#1405,#1406,#1414));
#1404 = ORIENTED_EDGE('',*,*,#1381,.F.);
#1405 = ORIENTED_EDGE('',*,*,#347,.T.);
#1406 = ORIENTED_EDGE('',*,*,#1407,.T.);
#1407 = EDGE_CURVE('',#340,#1408,#1410,.T.);
#1408 = VERTEX_POINT('',#1409);
#1409 = CARTESIAN_POINT('',(-12.8946367647,25.5,12.9));
#1410 = LINE('',#1411,#1412);
#1411 = CARTESIAN_POINT('',(-12.8946367647,21.679203,12.9));
#1412 = VECTOR('',#1413,1.);
#1413 = DIRECTION('',(0.,1.,-2.2E-16));
#1414 = ORIENTED_EDGE('',*,*,#1415,.T.);
#1415 = EDGE_CURVE('',#1408,#1382,#1416,.T.);
#1416 = CIRCLE('',#1417,4.5);
#1417 = AXIS2_PLACEMENT_3D('',#1418,#1419,#1420);
#1418 = CARTESIAN_POINT('',(-12.894637,25.5,17.4));
#1419 = DIRECTION('',(0.,1.,0.));
#1420 = DIRECTION('',(5.228849136E-08,0.,-1.));
#1421 = CYLINDRICAL_SURFACE('',#1422,4.5);
#1422 = AXIS2_PLACEMENT_3D('',#1423,#1424,#1425);
#1423 = CARTESIAN_POINT('',(-12.894637,21.679203,17.4));
#1424 = DIRECTION('',(0.,-1.,2.2E-16));
#1425 = DIRECTION('',(-1.,0.,0.));
#1426 = ADVANCED_FACE('',(#1427),#1438,.F.);
#1427 = FACE_BOUND('',#1428,.F.);
#1428 = EDGE_LOOP('',(#1429,#1430,#1431,#1432));
#1429 = ORIENTED_EDGE('',*,*,#1349,.F.);
#1430 = ORIENTED_EDGE('',*,*,#339,.F.);
#1431 = ORIENTED_EDGE('',*,*,#1407,.T.);
#1432 = ORIENTED_EDGE('',*,*,#1433,.F.);
#1433 = EDGE_CURVE('',#1350,#1408,#1434,.T.);
#1434 = LINE('',#1435,#1436);
#1435 = CARTESIAN_POINT('',(-5.1,25.5,12.899999999999));
#1436 = VECTOR('',#1437,1.);
#1437 = DIRECTION('',(-1.,0.,7.69E-14));
#1438 = PLANE('',#1439);
#1439 = AXIS2_PLACEMENT_3D('',#1440,#1441,#1442);
#1440 = CARTESIAN_POINT('',(-8.997318382351,24.179203,12.9));
#1441 = DIRECTION('',(-7.69E-14,-3.6E-16,-1.));
#1442 = DIRECTION('',(-1.,0.,7.69E-14));
#1443 = ADVANCED_FACE('',(#1444),#1462,.F.);
#1444 = FACE_BOUND('',#1445,.F.);
#1445 = EDGE_LOOP('',(#1446,#1447,#1455,#1461));
#1446 = ORIENTED_EDGE('',*,*,#843,.F.);
#1447 = ORIENTED_EDGE('',*,*,#1448,.F.);
#1448 = EDGE_CURVE('',#1449,#836,#1451,.T.);
#1449 = VERTEX_POINT('',#1450);
#1450 = CARTESIAN_POINT('',(64.,2.4391877,5.033327));
#1451 = LINE('',#1452,#1453);
#1452 = CARTESIAN_POINT('',(64.,2.4391877,5.033327));
#1453 = VECTOR('',#1454,1.);
#1454 = DIRECTION('',(0.,1.,0.));
#1455 = ORIENTED_EDGE('',*,*,#1456,.T.);
#1456 = EDGE_CURVE('',#1449,#373,#1457,.T.);
#1457 = LINE('',#1458,#1459);
#1458 = CARTESIAN_POINT('',(64.5,2.4391877,5.033327));
#1459 = VECTOR('',#1460,1.);
#1460 = DIRECTION('',(-1.,-0.,-0.));
#1461 = ORIENTED_EDGE('',*,*,#380,.F.);
#1462 = PLANE('',#1463);
#1463 = AXIS2_PLACEMENT_3D('',#1464,#1465,#1466);
#1464 = CARTESIAN_POINT('',(64.5,2.4391877,5.033327));
#1465 = DIRECTION('',(0.,0.,-1.));
#1466 = DIRECTION('',(0.,1.,0.));
#1467 = ADVANCED_FACE('',(#1468),#1487,.F.);
#1468 = FACE_BOUND('',#1469,.T.);
#1469 = EDGE_LOOP('',(#1470,#1478,#1479,#1480));
#1470 = ORIENTED_EDGE('',*,*,#1471,.T.);
#1471 = EDGE_CURVE('',#1472,#413,#1474,.T.);
#1472 = VERTEX_POINT('',#1473);
#1473 = CARTESIAN_POINT('',(61.,20.,0.));
#1474 = LINE('',#1475,#1476);
#1475 = CARTESIAN_POINT('',(61.,20.,0.));
#1476 = VECTOR('',#1477,1.);
#1477 = DIRECTION('',(0.,0.,1.));
#1478 = ORIENTED_EDGE('',*,*,#412,.T.);
#1479 = ORIENTED_EDGE('',*,*,#1471,.F.);
#1480 = ORIENTED_EDGE('',*,*,#1481,.F.);
#1481 = EDGE_CURVE('',#1472,#1472,#1482,.T.);
#1482 = CIRCLE('',#1483,2.5);
#1483 = AXIS2_PLACEMENT_3D('',#1484,#1485,#1486);
#1484 = CARTESIAN_POINT('',(58.5,20.,0.));
#1485 = DIRECTION('',(0.,0.,1.));
#1486 = DIRECTION('',(1.,0.,0.));
#1487 = CYLINDRICAL_SURFACE('',#1488,2.5);
#1488 = AXIS2_PLACEMENT_3D('',#1489,#1490,#1491);
#1489 = CARTESIAN_POINT('',(58.5,20.,0.));
#1490 = DIRECTION('',(-0.,-0.,-1.));
#1491 = DIRECTION('',(1.,0.,0.));
#1492 = ADVANCED_FACE('',(#1493),#1504,.F.);
#1493 = FACE_BOUND('',#1494,.F.);
#1494 = EDGE_LOOP('',(#1495,#1496,#1502,#1503));
#1495 = ORIENTED_EDGE('',*,*,#1456,.F.);
#1496 = ORIENTED_EDGE('',*,*,#1497,.F.);
#1497 = EDGE_CURVE('',#522,#1449,#1498,.T.);
#1498 = LINE('',#1499,#1500);
#1499 = CARTESIAN_POINT('',(64.,2.4391877,35.));
#1500 = VECTOR('',#1501,1.);
#1501 = DIRECTION('',(0.,0.,-1.));
#1502 = ORIENTED_EDGE('',*,*,#529,.F.);
#1503 = ORIENTED_EDGE('',*,*,#439,.F.);
#1504 = PLANE('',#1505);
#1505 = AXIS2_PLACEMENT_3D('',#1506,#1507,#1508);
#1506 = CARTESIAN_POINT('',(64.5,2.4391877,41.412289));
#1507 = DIRECTION('',(0.,-1.,0.));
#1508 = DIRECTION('',(0.,0.,-1.));
#1509 = ADVANCED_FACE('',(#1510),#1535,.F.);
#1510 = FACE_BOUND('',#1511,.F.);
#1511 = EDGE_LOOP('',(#1512,#1513,#1521,#1529));
#1512 = ORIENTED_EDGE('',*,*,#477,.F.);
#1513 = ORIENTED_EDGE('',*,*,#1514,.F.);
#1514 = EDGE_CURVE('',#1515,#478,#1517,.T.);
#1515 = VERTEX_POINT('',#1516);
#1516 = CARTESIAN_POINT('',(-64.,2.4391877,5.033327));
#1517 = LINE('',#1518,#1519);
#1518 = CARTESIAN_POINT('',(-64.,2.4391877,5.033327));
#1519 = VECTOR('',#1520,1.);
#1520 = DIRECTION('',(0.,0.,1.));
#1521 = ORIENTED_EDGE('',*,*,#1522,.F.);
#1522 = EDGE_CURVE('',#1523,#1515,#1525,.T.);
#1523 = VERTEX_POINT('',#1524);
#1524 = CARTESIAN_POINT('',(-63.,2.4391877,5.033327));
#1525 = LINE('',#1526,#1527);
#1526 = CARTESIAN_POINT('',(64.5,2.4391877,5.033327));
#1527 = VECTOR('',#1528,1.);
#1528 = DIRECTION('',(-1.,-0.,-0.));
#1529 = ORIENTED_EDGE('',*,*,#1530,.F.);
#1530 = EDGE_CURVE('',#480,#1523,#1531,.T.);
#1531 = LINE('',#1532,#1533);
#1532 = CARTESIAN_POINT('',(-63.,2.4391877,35.));
#1533 = VECTOR('',#1534,1.);
#1534 = DIRECTION('',(0.,0.,-1.));
#1535 = PLANE('',#1536);
#1536 = AXIS2_PLACEMENT_3D('',#1537,#1538,#1539);
#1537 = CARTESIAN_POINT('',(64.5,2.4391877,41.412289));
#1538 = DIRECTION('',(0.,-1.,0.));
#1539 = DIRECTION('',(0.,0.,-1.));
#1540 = ADVANCED_FACE('',(#1541),#1566,.T.);
#1541 = FACE_BOUND('',#1542,.F.);
#1542 = EDGE_LOOP('',(#1543,#1551,#1552,#1560));
#1543 = ORIENTED_EDGE('',*,*,#1544,.F.);
#1544 = EDGE_CURVE('',#478,#1545,#1547,.T.);
#1545 = VERTEX_POINT('',#1546);
#1546 = CARTESIAN_POINT('',(-64.5,1.9391877,34.5));
#1547 = LINE('',#1548,#1549);
#1548 = CARTESIAN_POINT('',(-69.16111216666,-2.721924466667,
    29.838887833333));
#1549 = VECTOR('',#1550,1.);
#1550 = DIRECTION('',(-0.57735026919,-0.57735026919,-0.57735026919));
#1551 = ORIENTED_EDGE('',*,*,#487,.T.);
#1552 = ORIENTED_EDGE('',*,*,#1553,.T.);
#1553 = EDGE_CURVE('',#488,#1554,#1556,.T.);
#1554 = VERTEX_POINT('',#1555);
#1555 = CARTESIAN_POINT('',(-64.5,-51.,34.5));
#1556 = LINE('',#1557,#1558);
#1557 = CARTESIAN_POINT('',(-64.25,-51.,34.75));
#1558 = VECTOR('',#1559,1.);
#1559 = DIRECTION('',(-0.707106781187,-0.,-0.707106781187));
#1560 = ORIENTED_EDGE('',*,*,#1561,.F.);
#1561 = EDGE_CURVE('',#1545,#1554,#1562,.T.);
#1562 = LINE('',#1563,#1564);
#1563 = CARTESIAN_POINT('',(-64.5,2.4391877,34.5));
#1564 = VECTOR('',#1565,1.);
#1565 = DIRECTION('',(0.,-1.,0.));
#1566 = PLANE('',#1567);
#1567 = AXIS2_PLACEMENT_3D('',#1568,#1569,#1570);
#1568 = CARTESIAN_POINT('',(-64.25,2.4391877,34.75));
#1569 = DIRECTION('',(-0.707106781187,0.,0.707106781187));
#1570 = DIRECTION('',(0.,1.,-0.));
#1571 = ADVANCED_FACE('',(#1572),#1583,.F.);
#1572 = FACE_BOUND('',#1573,.T.);
#1573 = EDGE_LOOP('',(#1574,#1575,#1576,#1582));
#1574 = ORIENTED_EDGE('',*,*,#553,.F.);
#1575 = ORIENTED_EDGE('',*,*,#1012,.T.);
#1576 = ORIENTED_EDGE('',*,*,#1577,.T.);
#1577 = EDGE_CURVE('',#1005,#1523,#1578,.T.);
#1578 = LINE('',#1579,#1580);
#1579 = CARTESIAN_POINT('',(-67.82777883333,7.266966533333,
    9.861105833333));
#1580 = VECTOR('',#1581,1.);
#1581 = DIRECTION('',(-0.57735026919,0.57735026919,0.57735026919));
#1582 = ORIENTED_EDGE('',*,*,#1530,.F.);
#1583 = PLANE('',#1584);
#1584 = AXIS2_PLACEMENT_3D('',#1585,#1586,#1587);
#1585 = CARTESIAN_POINT('',(-62.75,2.1891877,35.));
#1586 = DIRECTION('',(-0.707106781187,-0.707106781187,-0.));
#1587 = DIRECTION('',(-0.,-0.,1.));
#1588 = ADVANCED_FACE('',(#1589),#1608,.T.);
#1589 = FACE_BOUND('',#1590,.F.);
#1590 = EDGE_LOOP('',(#1591,#1592,#1593,#1601));
#1591 = ORIENTED_EDGE('',*,*,#1553,.F.);
#1592 = ORIENTED_EDGE('',*,*,#495,.T.);
#1593 = ORIENTED_EDGE('',*,*,#1594,.T.);
#1594 = EDGE_CURVE('',#496,#1595,#1597,.T.);
#1595 = VERTEX_POINT('',#1596);
#1596 = CARTESIAN_POINT('',(-62.5,-53.,34.5));
#1597 = LINE('',#1598,#1599);
#1598 = CARTESIAN_POINT('',(-62.5,-53.,34.5));
#1599 = VECTOR('',#1600,1.);
#1600 = DIRECTION('',(-4.E-17,-0.707106781187,-0.707106781187));
#1601 = ORIENTED_EDGE('',*,*,#1602,.F.);
#1602 = EDGE_CURVE('',#1554,#1595,#1603,.T.);
#1603 = CIRCLE('',#1604,2.);
#1604 = AXIS2_PLACEMENT_3D('',#1605,#1606,#1607);
#1605 = CARTESIAN_POINT('',(-62.5,-51.,34.5));
#1606 = DIRECTION('',(0.,0.,1.));
#1607 = DIRECTION('',(-1.,0.,0.));
#1608 = CONICAL_SURFACE('',#1609,2.,0.785398163397);
#1609 = AXIS2_PLACEMENT_3D('',#1610,#1611,#1612);
#1610 = CARTESIAN_POINT('',(-62.5,-51.,34.5));
#1611 = DIRECTION('',(-0.,-0.,-1.));
#1612 = DIRECTION('',(-1.,0.,0.));
#1613 = ADVANCED_FACE('',(#1614),#1632,.T.);
#1614 = FACE_BOUND('',#1615,.F.);
#1615 = EDGE_LOOP('',(#1616,#1617,#1618,#1626));
#1616 = ORIENTED_EDGE('',*,*,#1594,.F.);
#1617 = ORIENTED_EDGE('',*,*,#504,.T.);
#1618 = ORIENTED_EDGE('',*,*,#1619,.T.);
#1619 = EDGE_CURVE('',#505,#1620,#1622,.T.);
#1620 = VERTEX_POINT('',#1621);
#1621 = CARTESIAN_POINT('',(62.5,-53.,34.5));
#1622 = LINE('',#1623,#1624);
#1623 = CARTESIAN_POINT('',(62.5,-52.75,34.75));
#1624 = VECTOR('',#1625,1.);
#1625 = DIRECTION('',(0.,-0.707106781187,-0.707106781187));
#1626 = ORIENTED_EDGE('',*,*,#1627,.F.);
#1627 = EDGE_CURVE('',#1595,#1620,#1628,.T.);
#1628 = LINE('',#1629,#1630);
#1629 = CARTESIAN_POINT('',(-62.5,-53.,34.5));
#1630 = VECTOR('',#1631,1.);
#1631 = DIRECTION('',(1.,0.,0.));
#1632 = PLANE('',#1633);
#1633 = AXIS2_PLACEMENT_3D('',#1634,#1635,#1636);
#1634 = CARTESIAN_POINT('',(-62.5,-52.75,34.75));
#1635 = DIRECTION('',(0.,-0.707106781187,0.707106781187));
#1636 = DIRECTION('',(-1.,-0.,-0.));
#1637 = ADVANCED_FACE('',(#1638),#1657,.T.);
#1638 = FACE_BOUND('',#1639,.F.);
#1639 = EDGE_LOOP('',(#1640,#1641,#1642,#1650));
#1640 = ORIENTED_EDGE('',*,*,#1619,.F.);
#1641 = ORIENTED_EDGE('',*,*,#512,.T.);
#1642 = ORIENTED_EDGE('',*,*,#1643,.T.);
#1643 = EDGE_CURVE('',#513,#1644,#1646,.T.);
#1644 = VERTEX_POINT('',#1645);
#1645 = CARTESIAN_POINT('',(64.5,-51.,34.5));
#1646 = LINE('',#1647,#1648);
#1647 = CARTESIAN_POINT('',(64.5,-51.,34.5));
#1648 = VECTOR('',#1649,1.);
#1649 = DIRECTION('',(0.707106781187,-4.E-17,-0.707106781187));
#1650 = ORIENTED_EDGE('',*,*,#1651,.F.);
#1651 = EDGE_CURVE('',#1620,#1644,#1652,.T.);
#1652 = CIRCLE('',#1653,2.);
#1653 = AXIS2_PLACEMENT_3D('',#1654,#1655,#1656);
#1654 = CARTESIAN_POINT('',(62.5,-51.,34.5));
#1655 = DIRECTION('',(-0.,0.,1.));
#1656 = DIRECTION('',(0.,-1.,0.));
#1657 = CONICAL_SURFACE('',#1658,2.,0.785398163397);
#1658 = AXIS2_PLACEMENT_3D('',#1659,#1660,#1661);
#1659 = CARTESIAN_POINT('',(62.5,-51.,34.5));
#1660 = DIRECTION('',(-0.,-0.,-1.));
#1661 = DIRECTION('',(0.,-1.,0.));
#1662 = ADVANCED_FACE('',(#1663),#1681,.T.);
#1663 = FACE_BOUND('',#1664,.F.);
#1664 = EDGE_LOOP('',(#1665,#1666,#1667,#1675));
#1665 = ORIENTED_EDGE('',*,*,#1643,.F.);
#1666 = ORIENTED_EDGE('',*,*,#521,.T.);
#1667 = ORIENTED_EDGE('',*,*,#1668,.T.);
#1668 = EDGE_CURVE('',#522,#1669,#1671,.T.);
#1669 = VERTEX_POINT('',#1670);
#1670 = CARTESIAN_POINT('',(64.5,1.9391877,34.5));
#1671 = LINE('',#1672,#1673);
#1672 = CARTESIAN_POINT('',(73.07319795,-6.63401025,25.92680205));
#1673 = VECTOR('',#1674,1.);
#1674 = DIRECTION('',(0.57735026919,-0.57735026919,-0.57735026919));
#1675 = ORIENTED_EDGE('',*,*,#1676,.F.);
#1676 = EDGE_CURVE('',#1644,#1669,#1677,.T.);
#1677 = LINE('',#1678,#1679);
#1678 = CARTESIAN_POINT('',(64.5,-51.,34.5));
#1679 = VECTOR('',#1680,1.);
#1680 = DIRECTION('',(0.,1.,0.));
#1681 = PLANE('',#1682);
#1682 = AXIS2_PLACEMENT_3D('',#1683,#1684,#1685);
#1683 = CARTESIAN_POINT('',(64.25,-51.,34.75));
#1684 = DIRECTION('',(0.707106781187,-0.,0.707106781187));
#1685 = DIRECTION('',(-0.,-1.,-0.));
#1686 = ADVANCED_FACE('',(#1687),#1693,.F.);
#1687 = FACE_BOUND('',#1688,.F.);
#1688 = EDGE_LOOP('',(#1689,#1690,#1691,#1692));
#1689 = ORIENTED_EDGE('',*,*,#980,.T.);
#1690 = ORIENTED_EDGE('',*,*,#1322,.T.);
#1691 = ORIENTED_EDGE('',*,*,#1297,.F.);
#1692 = ORIENTED_EDGE('',*,*,#567,.F.);
#1693 = PLANE('',#1694);
#1694 = AXIS2_PLACEMENT_3D('',#1695,#1696,#1697);
#1695 = CARTESIAN_POINT('',(-62.5,16.,0.));
#1696 = DIRECTION('',(0.,1.,0.));
#1697 = DIRECTION('',(1.,0.,0.));
#1698 = ADVANCED_FACE('',(#1699),#1710,.T.);
#1699 = FACE_BOUND('',#1700,.T.);
#1700 = EDGE_LOOP('',(#1701,#1707,#1708,#1709));
#1701 = ORIENTED_EDGE('',*,*,#1702,.T.);
#1702 = EDGE_CURVE('',#698,#1143,#1703,.T.);
#1703 = LINE('',#1704,#1705);
#1704 = CARTESIAN_POINT('',(-39.25,0.75,0.));
#1705 = VECTOR('',#1706,1.);
#1706 = DIRECTION('',(0.,0.,1.));
#1707 = ORIENTED_EDGE('',*,*,#1142,.T.);
#1708 = ORIENTED_EDGE('',*,*,#1280,.F.);
#1709 = ORIENTED_EDGE('',*,*,#706,.F.);
#1710 = PLANE('',#1711);
#1711 = AXIS2_PLACEMENT_3D('',#1712,#1713,#1714);
#1712 = CARTESIAN_POINT('',(-39.25,0.75,0.));
#1713 = DIRECTION('',(0.,1.,0.));
#1714 = DIRECTION('',(1.,0.,0.));
#1715 = ADVANCED_FACE('',(#1716),#1727,.T.);
#1716 = FACE_BOUND('',#1717,.F.);
#1717 = EDGE_LOOP('',(#1718,#1719,#1720,#1726));
#1718 = ORIENTED_EDGE('',*,*,#1702,.T.);
#1719 = ORIENTED_EDGE('',*,*,#1150,.T.);
#1720 = ORIENTED_EDGE('',*,*,#1721,.F.);
#1721 = EDGE_CURVE('',#690,#1151,#1722,.T.);
#1722 = LINE('',#1723,#1724);
#1723 = CARTESIAN_POINT('',(-39.25,-7.25,0.));
#1724 = VECTOR('',#1725,1.);
#1725 = DIRECTION('',(0.,0.,1.));
#1726 = ORIENTED_EDGE('',*,*,#697,.F.);
#1727 = CYLINDRICAL_SURFACE('',#1728,4.);
#1728 = AXIS2_PLACEMENT_3D('',#1729,#1730,#1731);
#1729 = CARTESIAN_POINT('',(-39.25,-3.25,0.));
#1730 = DIRECTION('',(-0.,-0.,-1.));
#1731 = DIRECTION('',(1.,0.,0.));
#1732 = ADVANCED_FACE('',(#1733),#1744,.F.);
#1733 = FACE_BOUND('',#1734,.F.);
#1734 = EDGE_LOOP('',(#1735,#1736,#1737,#1743));
#1735 = ORIENTED_EDGE('',*,*,#1721,.T.);
#1736 = ORIENTED_EDGE('',*,*,#1159,.T.);
#1737 = ORIENTED_EDGE('',*,*,#1738,.F.);
#1738 = EDGE_CURVE('',#682,#1160,#1739,.T.);
#1739 = LINE('',#1740,#1741);
#1740 = CARTESIAN_POINT('',(-37.25,-7.25,0.));
#1741 = VECTOR('',#1742,1.);
#1742 = DIRECTION('',(0.,0.,1.));
#1743 = ORIENTED_EDGE('',*,*,#689,.F.);
#1744 = PLANE('',#1745);
#1745 = AXIS2_PLACEMENT_3D('',#1746,#1747,#1748);
#1746 = CARTESIAN_POINT('',(-39.25,-7.25,0.));
#1747 = DIRECTION('',(0.,1.,0.));
#1748 = DIRECTION('',(1.,0.,0.));
#1749 = ADVANCED_FACE('',(#1750),#1761,.F.);
#1750 = FACE_BOUND('',#1751,.F.);
#1751 = EDGE_LOOP('',(#1752,#1753,#1754,#1760));
#1752 = ORIENTED_EDGE('',*,*,#1738,.T.);
#1753 = ORIENTED_EDGE('',*,*,#1167,.T.);
#1754 = ORIENTED_EDGE('',*,*,#1755,.F.);
#1755 = EDGE_CURVE('',#674,#1168,#1756,.T.);
#1756 = LINE('',#1757,#1758);
#1757 = CARTESIAN_POINT('',(-37.25,-30.5,0.));
#1758 = VECTOR('',#1759,1.);
#1759 = DIRECTION('',(0.,0.,1.));
#1760 = ORIENTED_EDGE('',*,*,#681,.F.);
#1761 = PLANE('',#1762);
#1762 = AXIS2_PLACEMENT_3D('',#1763,#1764,#1765);
#1763 = CARTESIAN_POINT('',(-37.25,-7.25,0.));
#1764 = DIRECTION('',(1.,0.,0.));
#1765 = DIRECTION('',(0.,-1.,0.));
#1766 = ADVANCED_FACE('',(#1767),#1778,.F.);
#1767 = FACE_BOUND('',#1768,.F.);
#1768 = EDGE_LOOP('',(#1769,#1770,#1771,#1777));
#1769 = ORIENTED_EDGE('',*,*,#1755,.T.);
#1770 = ORIENTED_EDGE('',*,*,#1175,.T.);
#1771 = ORIENTED_EDGE('',*,*,#1772,.F.);
#1772 = EDGE_CURVE('',#666,#1176,#1773,.T.);
#1773 = LINE('',#1774,#1775);
#1774 = CARTESIAN_POINT('',(37.25,-30.5,0.));
#1775 = VECTOR('',#1776,1.);
#1776 = DIRECTION('',(0.,0.,1.));
#1777 = ORIENTED_EDGE('',*,*,#673,.F.);
#1778 = PLANE('',#1779);
#1779 = AXIS2_PLACEMENT_3D('',#1780,#1781,#1782);
#1780 = CARTESIAN_POINT('',(-37.25,-30.5,0.));
#1781 = DIRECTION('',(0.,1.,0.));
#1782 = DIRECTION('',(1.,0.,0.));
#1783 = ADVANCED_FACE('',(#1784),#1795,.T.);
#1784 = FACE_BOUND('',#1785,.T.);
#1785 = EDGE_LOOP('',(#1786,#1792,#1793,#1794));
#1786 = ORIENTED_EDGE('',*,*,#1787,.T.);
#1787 = EDGE_CURVE('',#658,#1184,#1788,.T.);
#1788 = LINE('',#1789,#1790);
#1789 = CARTESIAN_POINT('',(37.25,-7.25,0.));
#1790 = VECTOR('',#1791,1.);
#1791 = DIRECTION('',(0.,0.,1.));
#1792 = ORIENTED_EDGE('',*,*,#1183,.T.);
#1793 = ORIENTED_EDGE('',*,*,#1772,.F.);
#1794 = ORIENTED_EDGE('',*,*,#665,.F.);
#1795 = PLANE('',#1796);
#1796 = AXIS2_PLACEMENT_3D('',#1797,#1798,#1799);
#1797 = CARTESIAN_POINT('',(37.25,-7.25,0.));
#1798 = DIRECTION('',(1.,0.,0.));
#1799 = DIRECTION('',(0.,-1.,0.));
#1800 = ADVANCED_FACE('',(#1801),#1812,.T.);
#1801 = FACE_BOUND('',#1802,.T.);
#1802 = EDGE_LOOP('',(#1803,#1809,#1810,#1811));
#1803 = ORIENTED_EDGE('',*,*,#1804,.T.);
#1804 = EDGE_CURVE('',#649,#1192,#1805,.T.);
#1805 = LINE('',#1806,#1807);
#1806 = CARTESIAN_POINT('',(39.25,-7.25,0.));
#1807 = VECTOR('',#1808,1.);
#1808 = DIRECTION('',(0.,0.,1.));
#1809 = ORIENTED_EDGE('',*,*,#1191,.T.);
#1810 = ORIENTED_EDGE('',*,*,#1787,.F.);
#1811 = ORIENTED_EDGE('',*,*,#657,.F.);
#1812 = PLANE('',#1813);
#1813 = AXIS2_PLACEMENT_3D('',#1814,#1815,#1816);
#1814 = CARTESIAN_POINT('',(39.25,-7.25,0.));
#1815 = DIRECTION('',(0.,-1.,0.));
#1816 = DIRECTION('',(-1.,0.,0.));
#1817 = ADVANCED_FACE('',(#1818),#1829,.T.);
#1818 = FACE_BOUND('',#1819,.F.);
#1819 = EDGE_LOOP('',(#1820,#1821,#1822,#1828));
#1820 = ORIENTED_EDGE('',*,*,#1804,.T.);
#1821 = ORIENTED_EDGE('',*,*,#1199,.T.);
#1822 = ORIENTED_EDGE('',*,*,#1823,.F.);
#1823 = EDGE_CURVE('',#641,#1200,#1824,.T.);
#1824 = LINE('',#1825,#1826);
#1825 = CARTESIAN_POINT('',(39.25,0.75,0.));
#1826 = VECTOR('',#1827,1.);
#1827 = DIRECTION('',(0.,0.,1.));
#1828 = ORIENTED_EDGE('',*,*,#648,.F.);
#1829 = CYLINDRICAL_SURFACE('',#1830,4.);
#1830 = AXIS2_PLACEMENT_3D('',#1831,#1832,#1833);
#1831 = CARTESIAN_POINT('',(39.25,-3.25,0.));
#1832 = DIRECTION('',(-0.,-0.,-1.));
#1833 = DIRECTION('',(1.,0.,0.));
#1834 = ADVANCED_FACE('',(#1835),#1841,.F.);
#1835 = FACE_BOUND('',#1836,.F.);
#1836 = EDGE_LOOP('',(#1837,#1838,#1839,#1840));
#1837 = ORIENTED_EDGE('',*,*,#1823,.T.);
#1838 = ORIENTED_EDGE('',*,*,#1208,.T.);
#1839 = ORIENTED_EDGE('',*,*,#1110,.F.);
#1840 = ORIENTED_EDGE('',*,*,#640,.F.);
#1841 = PLANE('',#1842);
#1842 = AXIS2_PLACEMENT_3D('',#1843,#1844,#1845);
#1843 = CARTESIAN_POINT('',(39.25,0.75,0.));
#1844 = DIRECTION('',(1.811448874E-08,-1.,0.));
#1845 = DIRECTION('',(-1.,-1.811448874E-08,0.));
#1846 = ADVANCED_FACE('',(#1847),#1853,.F.);
#1847 = FACE_BOUND('',#1848,.F.);
#1848 = EDGE_LOOP('',(#1849,#1850,#1851,#1852));
#1849 = ORIENTED_EDGE('',*,*,#791,.T.);
#1850 = ORIENTED_EDGE('',*,*,#808,.T.);
#1851 = ORIENTED_EDGE('',*,*,#759,.F.);
#1852 = ORIENTED_EDGE('',*,*,#609,.F.);
#1853 = PLANE('',#1854);
#1854 = AXIS2_PLACEMENT_3D('',#1855,#1856,#1857);
#1855 = CARTESIAN_POINT('',(54.5,-43.5,0.));
#1856 = DIRECTION('',(1.,0.,0.));
#1857 = DIRECTION('',(0.,-1.,0.));
#1858 = ADVANCED_FACE('',(#1859),#1877,.F.);
#1859 = FACE_BOUND('',#1860,.F.);
#1860 = EDGE_LOOP('',(#1861,#1862,#1870,#1876));
#1861 = ORIENTED_EDGE('',*,*,#752,.T.);
#1862 = ORIENTED_EDGE('',*,*,#1863,.T.);
#1863 = EDGE_CURVE('',#745,#1864,#1866,.T.);
#1864 = VERTEX_POINT('',#1865);
#1865 = CARTESIAN_POINT('',(-54.5,-43.5,32.));
#1866 = LINE('',#1867,#1868);
#1867 = CARTESIAN_POINT('',(-54.5,-51.5,32.));
#1868 = VECTOR('',#1869,1.);
#1869 = DIRECTION('',(0.,1.,0.));
#1870 = ORIENTED_EDGE('',*,*,#1871,.F.);
#1871 = EDGE_CURVE('',#586,#1864,#1872,.T.);
#1872 = LINE('',#1873,#1874);
#1873 = CARTESIAN_POINT('',(-54.5,-43.5,0.));
#1874 = VECTOR('',#1875,1.);
#1875 = DIRECTION('',(0.,0.,1.));
#1876 = ORIENTED_EDGE('',*,*,#593,.F.);
#1877 = PLANE('',#1878);
#1878 = AXIS2_PLACEMENT_3D('',#1879,#1880,#1881);
#1879 = CARTESIAN_POINT('',(-54.5,-51.5,0.));
#1880 = DIRECTION('',(-1.,0.,0.));
#1881 = DIRECTION('',(0.,1.,0.));
#1882 = ADVANCED_FACE('',(#1883),#1894,.F.);
#1883 = FACE_BOUND('',#1884,.F.);
#1884 = EDGE_LOOP('',(#1885,#1886,#1892,#1893));
#1885 = ORIENTED_EDGE('',*,*,#1871,.T.);
#1886 = ORIENTED_EDGE('',*,*,#1887,.T.);
#1887 = EDGE_CURVE('',#1864,#966,#1888,.T.);
#1888 = LINE('',#1889,#1890);
#1889 = CARTESIAN_POINT('',(-54.5,-43.5,32.));
#1890 = VECTOR('',#1891,1.);
#1891 = DIRECTION('',(-1.,0.,0.));
#1892 = ORIENTED_EDGE('',*,*,#973,.F.);
#1893 = ORIENTED_EDGE('',*,*,#585,.F.);
#1894 = PLANE('',#1895);
#1895 = AXIS2_PLACEMENT_3D('',#1896,#1897,#1898);
#1896 = CARTESIAN_POINT('',(-54.5,-43.5,0.));
#1897 = DIRECTION('',(0.,-1.,0.));
#1898 = DIRECTION('',(-1.,0.,0.));
#1899 = ADVANCED_FACE('',(#1900,#1906),#1917,.T.);
#1900 = FACE_BOUND('',#1901,.T.);
#1901 = EDGE_LOOP('',(#1902,#1903,#1904,#1905));
#1902 = ORIENTED_EDGE('',*,*,#744,.T.);
#1903 = ORIENTED_EDGE('',*,*,#1863,.T.);
#1904 = ORIENTED_EDGE('',*,*,#1887,.T.);
#1905 = ORIENTED_EDGE('',*,*,#965,.T.);
#1906 = FACE_BOUND('',#1907,.F.);
#1907 = EDGE_LOOP('',(#1908));
#1908 = ORIENTED_EDGE('',*,*,#1909,.T.);
#1909 = EDGE_CURVE('',#1910,#1910,#1912,.T.);
#1910 = VERTEX_POINT('',#1911);
#1911 = CARTESIAN_POINT('',(-56.,-47.5,32.));
#1912 = CIRCLE('',#1913,2.5);
#1913 = AXIS2_PLACEMENT_3D('',#1914,#1915,#1916);
#1914 = CARTESIAN_POINT('',(-58.5,-47.5,32.));
#1915 = DIRECTION('',(0.,0.,1.));
#1916 = DIRECTION('',(1.,0.,0.));
#1917 = PLANE('',#1918);
#1918 = AXIS2_PLACEMENT_3D('',#1919,#1920,#1921);
#1919 = CARTESIAN_POINT('',(2.4E-16,-13.75,32.));
#1920 = DIRECTION('',(0.,0.,1.));
#1921 = DIRECTION('',(1.,0.,0.));
#1922 = ADVANCED_FACE('',(#1923),#1942,.F.);
#1923 = FACE_BOUND('',#1924,.T.);
#1924 = EDGE_LOOP('',(#1925,#1933,#1934,#1935));
#1925 = ORIENTED_EDGE('',*,*,#1926,.T.);
#1926 = EDGE_CURVE('',#1927,#818,#1929,.T.);
#1927 = VERTEX_POINT('',#1928);
#1928 = CARTESIAN_POINT('',(61.,-47.5,0.));
#1929 = LINE('',#1930,#1931);
#1930 = CARTESIAN_POINT('',(61.,-47.5,0.));
#1931 = VECTOR('',#1932,1.);
#1932 = DIRECTION('',(0.,0.,1.));
#1933 = ORIENTED_EDGE('',*,*,#817,.T.);
#1934 = ORIENTED_EDGE('',*,*,#1926,.F.);
#1935 = ORIENTED_EDGE('',*,*,#1936,.F.);
#1936 = EDGE_CURVE('',#1927,#1927,#1937,.T.);
#1937 = CIRCLE('',#1938,2.5);
#1938 = AXIS2_PLACEMENT_3D('',#1939,#1940,#1941);
#1939 = CARTESIAN_POINT('',(58.5,-47.5,0.));
#1940 = DIRECTION('',(0.,0.,1.));
#1941 = DIRECTION('',(1.,0.,0.));
#1942 = CYLINDRICAL_SURFACE('',#1943,2.5);
#1943 = AXIS2_PLACEMENT_3D('',#1944,#1945,#1946);
#1944 = CARTESIAN_POINT('',(58.5,-47.5,0.));
#1945 = DIRECTION('',(-0.,-0.,-1.));
#1946 = DIRECTION('',(1.,0.,0.));
#1947 = ADVANCED_FACE('',(#1948),#1966,.F.);
#1948 = FACE_BOUND('',#1949,.F.);
#1949 = EDGE_LOOP('',(#1950,#1958,#1959,#1960));
#1950 = ORIENTED_EDGE('',*,*,#1951,.F.);
#1951 = EDGE_CURVE('',#836,#1952,#1954,.T.);
#1952 = VERTEX_POINT('',#1953);
#1953 = CARTESIAN_POINT('',(64.5,5.9391877,4.533327));
#1954 = LINE('',#1955,#1956);
#1955 = CARTESIAN_POINT('',(63.666666666667,5.105854366667,
    5.366660333333));
#1956 = VECTOR('',#1957,1.);
#1957 = DIRECTION('',(0.57735026919,0.57735026919,-0.57735026919));
#1958 = ORIENTED_EDGE('',*,*,#835,.T.);
#1959 = ORIENTED_EDGE('',*,*,#858,.T.);
#1960 = ORIENTED_EDGE('',*,*,#1961,.F.);
#1961 = EDGE_CURVE('',#1952,#859,#1962,.T.);
#1962 = LINE('',#1963,#1964);
#1963 = CARTESIAN_POINT('',(64.5,5.9391877,5.033327));
#1964 = VECTOR('',#1965,1.);
#1965 = DIRECTION('',(0.,0.,1.));
#1966 = PLANE('',#1967);
#1967 = AXIS2_PLACEMENT_3D('',#1968,#1969,#1970);
#1968 = CARTESIAN_POINT('',(64.25,5.6891877,5.033327));
#1969 = DIRECTION('',(-0.707106781187,0.707106781187,0.));
#1970 = DIRECTION('',(0.,0.,1.));
#1971 = ADVANCED_FACE('',(#1972),#2013,.T.);
#1972 = FACE_BOUND('',#1973,.T.);
#1973 = EDGE_LOOP('',(#1974,#1982,#1990,#1996,#1997,#1998,#2006,#2012));
#1974 = ORIENTED_EDGE('',*,*,#1975,.F.);
#1975 = EDGE_CURVE('',#1976,#1644,#1978,.T.);
#1976 = VERTEX_POINT('',#1977);
#1977 = CARTESIAN_POINT('',(64.5,-51.,-1.5));
#1978 = LINE('',#1979,#1980);
#1979 = CARTESIAN_POINT('',(64.5,-51.,0.));
#1980 = VECTOR('',#1981,1.);
#1981 = DIRECTION('',(0.,0.,1.));
#1982 = ORIENTED_EDGE('',*,*,#1983,.F.);
#1983 = EDGE_CURVE('',#1984,#1976,#1986,.T.);
#1984 = VERTEX_POINT('',#1985);
#1985 = CARTESIAN_POINT('',(64.5,24.,-1.5));
#1986 = LINE('',#1987,#1988);
#1987 = CARTESIAN_POINT('',(64.5,24.,-1.5));
#1988 = VECTOR('',#1989,1.);
#1989 = DIRECTION('',(0.,-1.,0.));
#1990 = ORIENTED_EDGE('',*,*,#1991,.F.);
#1991 = EDGE_CURVE('',#868,#1984,#1992,.T.);
#1992 = LINE('',#1993,#1994);
#1993 = CARTESIAN_POINT('',(64.5,24.,0.));
#1994 = VECTOR('',#1995,1.);
#1995 = DIRECTION('',(0.,0.,-1.));
#1996 = ORIENTED_EDGE('',*,*,#875,.F.);
#1997 = ORIENTED_EDGE('',*,*,#1961,.F.);
#1998 = ORIENTED_EDGE('',*,*,#1999,.F.);
#1999 = EDGE_CURVE('',#2000,#1952,#2002,.T.);
#2000 = VERTEX_POINT('',#2001);
#2001 = CARTESIAN_POINT('',(64.5,1.9391877,4.533327));
#2002 = LINE('',#2003,#2004);
#2003 = CARTESIAN_POINT('',(64.5,2.4391877,4.533327));
#2004 = VECTOR('',#2005,1.);
#2005 = DIRECTION('',(0.,1.,0.));
#2006 = ORIENTED_EDGE('',*,*,#2007,.F.);
#2007 = EDGE_CURVE('',#1669,#2000,#2008,.T.);
#2008 = LINE('',#2009,#2010);
#2009 = CARTESIAN_POINT('',(64.5,1.9391877,35.));
#2010 = VECTOR('',#2011,1.);
#2011 = DIRECTION('',(0.,0.,-1.));
#2012 = ORIENTED_EDGE('',*,*,#1676,.F.);
#2013 = PLANE('',#2014);
#2014 = AXIS2_PLACEMENT_3D('',#2015,#2016,#2017);
#2015 = CARTESIAN_POINT('',(64.5,-13.5,16.5));
#2016 = DIRECTION('',(1.,0.,0.));
#2017 = DIRECTION('',(0.,0.,1.));
#2018 = ADVANCED_FACE('',(#2019),#2038,.T.);
#2019 = FACE_BOUND('',#2020,.F.);
#2020 = EDGE_LOOP('',(#2021,#2029,#2036,#2037));
#2021 = ORIENTED_EDGE('',*,*,#2022,.F.);
#2022 = EDGE_CURVE('',#2023,#892,#2025,.T.);
#2023 = VERTEX_POINT('',#2024);
#2024 = CARTESIAN_POINT('',(62.5,26.,-1.5));
#2025 = LINE('',#2026,#2027);
#2026 = CARTESIAN_POINT('',(62.5,26.,0.));
#2027 = VECTOR('',#2028,1.);
#2028 = DIRECTION('',(0.,0.,1.));
#2029 = ORIENTED_EDGE('',*,*,#2030,.T.);
#2030 = EDGE_CURVE('',#2023,#1984,#2031,.T.);
#2031 = CIRCLE('',#2032,2.);
#2032 = AXIS2_PLACEMENT_3D('',#2033,#2034,#2035);
#2033 = CARTESIAN_POINT('',(62.5,24.,-1.5));
#2034 = DIRECTION('',(0.,0.,-1.));
#2035 = DIRECTION('',(0.,1.,0.));
#2036 = ORIENTED_EDGE('',*,*,#1991,.F.);
#2037 = ORIENTED_EDGE('',*,*,#899,.T.);
#2038 = CYLINDRICAL_SURFACE('',#2039,2.);
#2039 = AXIS2_PLACEMENT_3D('',#2040,#2041,#2042);
#2040 = CARTESIAN_POINT('',(62.5,24.,0.));
#2041 = DIRECTION('',(0.,0.,-1.));
#2042 = DIRECTION('',(-1.,0.,0.));
#2043 = ADVANCED_FACE('',(#2044,#2062),#2098,.T.);
#2044 = FACE_BOUND('',#2045,.T.);
#2045 = EDGE_LOOP('',(#2046,#2047,#2055,#2061));
#2046 = ORIENTED_EDGE('',*,*,#2022,.F.);
#2047 = ORIENTED_EDGE('',*,*,#2048,.F.);
#2048 = EDGE_CURVE('',#2049,#2023,#2051,.T.);
#2049 = VERTEX_POINT('',#2050);
#2050 = CARTESIAN_POINT('',(-62.5,26.,-1.5));
#2051 = LINE('',#2052,#2053);
#2052 = CARTESIAN_POINT('',(-62.5,26.,-1.5));
#2053 = VECTOR('',#2054,1.);
#2054 = DIRECTION('',(1.,0.,0.));
#2055 = ORIENTED_EDGE('',*,*,#2056,.F.);
#2056 = EDGE_CURVE('',#917,#2049,#2057,.T.);
#2057 = LINE('',#2058,#2059);
#2058 = CARTESIAN_POINT('',(-62.5,26.,0.));
#2059 = VECTOR('',#2060,1.);
#2060 = DIRECTION('',(0.,0.,-1.));
#2061 = ORIENTED_EDGE('',*,*,#924,.F.);
#2062 = FACE_BOUND('',#2063,.T.);
#2063 = EDGE_LOOP('',(#2064,#2074,#2083,#2091));
#2064 = ORIENTED_EDGE('',*,*,#2065,.F.);
#2065 = EDGE_CURVE('',#2066,#2068,#2070,.T.);
#2066 = VERTEX_POINT('',#2067);
#2067 = CARTESIAN_POINT('',(-5.1,26.,12.399999999999));
#2068 = VERTEX_POINT('',#2069);
#2069 = CARTESIAN_POINT('',(-12.8946367647,26.,12.4));
#2070 = LINE('',#2071,#2072);
#2071 = CARTESIAN_POINT('',(-5.1,26.,12.399999999999));
#2072 = VECTOR('',#2073,1.);
#2073 = DIRECTION('',(-1.,0.,7.69E-14));
#2074 = ORIENTED_EDGE('',*,*,#2075,.F.);
#2075 = EDGE_CURVE('',#2076,#2066,#2078,.T.);
#2076 = VERTEX_POINT('',#2077);
#2077 = CARTESIAN_POINT('',(-5.1,26.,22.4));
#2078 = CIRCLE('',#2079,5.);
#2079 = AXIS2_PLACEMENT_3D('',#2080,#2081,#2082);
#2080 = CARTESIAN_POINT('',(-5.1,26.,17.4));
#2081 = DIRECTION('',(0.,1.,-0.));
#2082 = DIRECTION('',(-9.04E-14,0.,1.));
#2083 = ORIENTED_EDGE('',*,*,#2084,.F.);
#2084 = EDGE_CURVE('',#2085,#2076,#2087,.T.);
#2085 = VERTEX_POINT('',#2086);
#2086 = CARTESIAN_POINT('',(-12.89463673855,26.,22.399999999999));
#2087 = LINE('',#2088,#2089);
#2088 = CARTESIAN_POINT('',(-12.8946367647,26.,22.399999999999));
#2089 = VECTOR('',#2090,1.);
#2090 = DIRECTION('',(1.,0.,7.414E-14));
#2091 = ORIENTED_EDGE('',*,*,#2092,.F.);
#2092 = EDGE_CURVE('',#2068,#2085,#2093,.T.);
#2093 = CIRCLE('',#2094,5.);
#2094 = AXIS2_PLACEMENT_3D('',#2095,#2096,#2097);
#2095 = CARTESIAN_POINT('',(-12.894637,26.,17.4));
#2096 = DIRECTION('',(0.,1.,0.));
#2097 = DIRECTION('',(5.228849136E-08,0.,-1.));
#2098 = PLANE('',#2099);
#2099 = AXIS2_PLACEMENT_3D('',#2100,#2101,#2102);
#2100 = CARTESIAN_POINT('',(0.,26.,16.5));
#2101 = DIRECTION('',(0.,1.,0.));
#2102 = DIRECTION('',(0.,0.,1.));
#2103 = ADVANCED_FACE('',(#2104),#2123,.T.);
#2104 = FACE_BOUND('',#2105,.F.);
#2105 = EDGE_LOOP('',(#2106,#2114,#2121,#2122));
#2106 = ORIENTED_EDGE('',*,*,#2107,.F.);
#2107 = EDGE_CURVE('',#2108,#941,#2110,.T.);
#2108 = VERTEX_POINT('',#2109);
#2109 = CARTESIAN_POINT('',(-64.5,24.,-1.5));
#2110 = LINE('',#2111,#2112);
#2111 = CARTESIAN_POINT('',(-64.5,24.,0.));
#2112 = VECTOR('',#2113,1.);
#2113 = DIRECTION('',(0.,0.,1.));
#2114 = ORIENTED_EDGE('',*,*,#2115,.T.);
#2115 = EDGE_CURVE('',#2108,#2049,#2116,.T.);
#2116 = CIRCLE('',#2117,2.);
#2117 = AXIS2_PLACEMENT_3D('',#2118,#2119,#2120);
#2118 = CARTESIAN_POINT('',(-62.5,24.,-1.5));
#2119 = DIRECTION('',(0.,0.,-1.));
#2120 = DIRECTION('',(-1.,0.,0.));
#2121 = ORIENTED_EDGE('',*,*,#2056,.F.);
#2122 = ORIENTED_EDGE('',*,*,#948,.T.);
#2123 = CYLINDRICAL_SURFACE('',#2124,2.);
#2124 = AXIS2_PLACEMENT_3D('',#2125,#2126,#2127);
#2125 = CARTESIAN_POINT('',(-62.5,24.,0.));
#2126 = DIRECTION('',(0.,0.,-1.));
#2127 = DIRECTION('',(0.,-1.,0.));
#2128 = ADVANCED_FACE('',(#2129),#2140,.F.);
#2129 = FACE_BOUND('',#2130,.T.);
#2130 = EDGE_LOOP('',(#2131,#2132,#2133,#2134));
#2131 = ORIENTED_EDGE('',*,*,#1577,.F.);
#2132 = ORIENTED_EDGE('',*,*,#1004,.T.);
#2133 = ORIENTED_EDGE('',*,*,#1050,.T.);
#2134 = ORIENTED_EDGE('',*,*,#2135,.F.);
#2135 = EDGE_CURVE('',#1523,#1051,#2136,.T.);
#2136 = LINE('',#2137,#2138);
#2137 = CARTESIAN_POINT('',(-63.,2.4391877,5.033327));
#2138 = VECTOR('',#2139,1.);
#2139 = DIRECTION('',(0.,1.,0.));
#2140 = PLANE('',#2141);
#2141 = AXIS2_PLACEMENT_3D('',#2142,#2143,#2144);
#2142 = CARTESIAN_POINT('',(-62.75,2.4391877,4.783327));
#2143 = DIRECTION('',(-0.707106781187,-0.,-0.707106781187));
#2144 = DIRECTION('',(-0.,-1.,0.));
#2145 = ADVANCED_FACE('',(#2146),#2187,.T.);
#2146 = FACE_BOUND('',#2147,.T.);
#2147 = EDGE_LOOP('',(#2148,#2149,#2157,#2163,#2164,#2172,#2180,#2186));
#2148 = ORIENTED_EDGE('',*,*,#2107,.F.);
#2149 = ORIENTED_EDGE('',*,*,#2150,.F.);
#2150 = EDGE_CURVE('',#2151,#2108,#2153,.T.);
#2151 = VERTEX_POINT('',#2152);
#2152 = CARTESIAN_POINT('',(-64.5,-51.,-1.5));
#2153 = LINE('',#2154,#2155);
#2154 = CARTESIAN_POINT('',(-64.5,-51.,-1.5));
#2155 = VECTOR('',#2156,1.);
#2156 = DIRECTION('',(0.,1.,0.));
#2157 = ORIENTED_EDGE('',*,*,#2158,.F.);
#2158 = EDGE_CURVE('',#1554,#2151,#2159,.T.);
#2159 = LINE('',#2160,#2161);
#2160 = CARTESIAN_POINT('',(-64.5,-51.,0.));
#2161 = VECTOR('',#2162,1.);
#2162 = DIRECTION('',(0.,0.,-1.));
#2163 = ORIENTED_EDGE('',*,*,#1561,.F.);
#2164 = ORIENTED_EDGE('',*,*,#2165,.F.);
#2165 = EDGE_CURVE('',#2166,#1545,#2168,.T.);
#2166 = VERTEX_POINT('',#2167);
#2167 = CARTESIAN_POINT('',(-64.5,1.9391877,4.533327));
#2168 = LINE('',#2169,#2170);
#2169 = CARTESIAN_POINT('',(-64.5,1.9391877,5.033327));
#2170 = VECTOR('',#2171,1.);
#2171 = DIRECTION('',(0.,0.,1.));
#2172 = ORIENTED_EDGE('',*,*,#2173,.F.);
#2173 = EDGE_CURVE('',#2174,#2166,#2176,.T.);
#2174 = VERTEX_POINT('',#2175);
#2175 = CARTESIAN_POINT('',(-64.5,5.9391877,4.533327));
#2176 = LINE('',#2177,#2178);
#2177 = CARTESIAN_POINT('',(-64.5,5.4391877,4.533327));
#2178 = VECTOR('',#2179,1.);
#2179 = DIRECTION('',(0.,-1.,0.));
#2180 = ORIENTED_EDGE('',*,*,#2181,.F.);
#2181 = EDGE_CURVE('',#1029,#2174,#2182,.T.);
#2182 = LINE('',#2183,#2184);
#2183 = CARTESIAN_POINT('',(-64.5,5.9391877,35.));
#2184 = VECTOR('',#2185,1.);
#2185 = DIRECTION('',(0.,0.,-1.));
#2186 = ORIENTED_EDGE('',*,*,#1036,.F.);
#2187 = PLANE('',#2188);
#2188 = AXIS2_PLACEMENT_3D('',#2189,#2190,#2191);
#2189 = CARTESIAN_POINT('',(-64.5,-13.5,16.5));
#2190 = DIRECTION('',(-1.,-0.,-0.));
#2191 = DIRECTION('',(0.,0.,-1.));
#2192 = ADVANCED_FACE('',(#2193),#2204,.F.);
#2193 = FACE_BOUND('',#2194,.F.);
#2194 = EDGE_LOOP('',(#2195,#2196,#2197,#2203));
#2195 = ORIENTED_EDGE('',*,*,#1028,.F.);
#2196 = ORIENTED_EDGE('',*,*,#1084,.T.);
#2197 = ORIENTED_EDGE('',*,*,#2198,.T.);
#2198 = EDGE_CURVE('',#1077,#2174,#2199,.T.);
#2199 = LINE('',#2200,#2201);
#2200 = CARTESIAN_POINT('',(-59.17222116666,0.611408866667,
    9.861105833333));
#2201 = VECTOR('',#2202,1.);
#2202 = DIRECTION('',(-0.57735026919,0.57735026919,-0.57735026919));
#2203 = ORIENTED_EDGE('',*,*,#2181,.F.);
#2204 = PLANE('',#2205);
#2205 = AXIS2_PLACEMENT_3D('',#2206,#2207,#2208);
#2206 = CARTESIAN_POINT('',(-64.25,5.6891877,35.));
#2207 = DIRECTION('',(0.707106781187,0.707106781187,-0.));
#2208 = DIRECTION('',(0.,-0.,-1.));
#2209 = ADVANCED_FACE('',(#2210),#2221,.F.);
#2210 = FACE_BOUND('',#2211,.F.);
#2211 = EDGE_LOOP('',(#2212,#2213,#2214,#2215));
#2212 = ORIENTED_EDGE('',*,*,#1076,.F.);
#2213 = ORIENTED_EDGE('',*,*,#2135,.F.);
#2214 = ORIENTED_EDGE('',*,*,#1522,.T.);
#2215 = ORIENTED_EDGE('',*,*,#2216,.F.);
#2216 = EDGE_CURVE('',#1077,#1515,#2217,.T.);
#2217 = LINE('',#2218,#2219);
#2218 = CARTESIAN_POINT('',(-64.,5.4391877,5.033327));
#2219 = VECTOR('',#2220,1.);
#2220 = DIRECTION('',(0.,-1.,0.));
#2221 = PLANE('',#2222);
#2222 = AXIS2_PLACEMENT_3D('',#2223,#2224,#2225);
#2223 = CARTESIAN_POINT('',(64.5,2.4391877,5.033327));
#2224 = DIRECTION('',(0.,0.,-1.));
#2225 = DIRECTION('',(0.,1.,0.));
#2226 = ADVANCED_FACE('',(#2227),#2284,.T.);
#2227 = FACE_BOUND('',#2228,.T.);
#2228 = EDGE_LOOP('',(#2229,#2239,#2245,#2246,#2254,#2262,#2270,#2278));
#2229 = ORIENTED_EDGE('',*,*,#2230,.T.);
#2230 = EDGE_CURVE('',#2231,#2233,#2235,.T.);
#2231 = VERTEX_POINT('',#2232);
#2232 = CARTESIAN_POINT('',(-35.25,20.,2.));
#2233 = VERTEX_POINT('',#2234);
#2234 = CARTESIAN_POINT('',(-35.25,22.,2.));
#2235 = LINE('',#2236,#2237);
#2236 = CARTESIAN_POINT('',(-35.25,20.,2.));
#2237 = VECTOR('',#2238,1.);
#2238 = DIRECTION('',(0.,1.,0.));
#2239 = ORIENTED_EDGE('',*,*,#2240,.T.);
#2240 = EDGE_CURVE('',#2233,#1219,#2241,.T.);
#2241 = LINE('',#2242,#2243);
#2242 = CARTESIAN_POINT('',(-35.25,22.,0.));
#2243 = VECTOR('',#2244,1.);
#2244 = DIRECTION('',(0.,0.,1.));
#2245 = ORIENTED_EDGE('',*,*,#1218,.T.);
#2246 = ORIENTED_EDGE('',*,*,#2247,.F.);
#2247 = EDGE_CURVE('',#2248,#1221,#2250,.T.);
#2248 = VERTEX_POINT('',#2249);
#2249 = CARTESIAN_POINT('',(-35.25,-28.5,2.));
#2250 = LINE('',#2251,#2252);
#2251 = CARTESIAN_POINT('',(-35.25,-28.5,0.));
#2252 = VECTOR('',#2253,1.);
#2253 = DIRECTION('',(0.,0.,1.));
#2254 = ORIENTED_EDGE('',*,*,#2255,.T.);
#2255 = EDGE_CURVE('',#2248,#2256,#2258,.T.);
#2256 = VERTEX_POINT('',#2257);
#2257 = CARTESIAN_POINT('',(-35.25,-26.5,2.));
#2258 = LINE('',#2259,#2260);
#2259 = CARTESIAN_POINT('',(-35.25,-28.5,2.));
#2260 = VECTOR('',#2261,1.);
#2261 = DIRECTION('',(0.,1.,0.));
#2262 = ORIENTED_EDGE('',*,*,#2263,.F.);
#2263 = EDGE_CURVE('',#2264,#2256,#2266,.T.);
#2264 = VERTEX_POINT('',#2265);
#2265 = CARTESIAN_POINT('',(-35.25,-26.5,0.));
#2266 = LINE('',#2267,#2268);
#2267 = CARTESIAN_POINT('',(-35.25,-26.5,0.));
#2268 = VECTOR('',#2269,1.);
#2269 = DIRECTION('',(0.,0.,1.));
#2270 = ORIENTED_EDGE('',*,*,#2271,.F.);
#2271 = EDGE_CURVE('',#2272,#2264,#2274,.T.);
#2272 = VERTEX_POINT('',#2273);
#2273 = CARTESIAN_POINT('',(-35.25,20.,0.));
#2274 = LINE('',#2275,#2276);
#2275 = CARTESIAN_POINT('',(-35.25,22.,0.));
#2276 = VECTOR('',#2277,1.);
#2277 = DIRECTION('',(0.,-1.,0.));
#2278 = ORIENTED_EDGE('',*,*,#2279,.T.);
#2279 = EDGE_CURVE('',#2272,#2231,#2280,.T.);
#2280 = LINE('',#2281,#2282);
#2281 = CARTESIAN_POINT('',(-35.25,20.,0.));
#2282 = VECTOR('',#2283,1.);
#2283 = DIRECTION('',(0.,0.,1.));
#2284 = PLANE('',#2285);
#2285 = AXIS2_PLACEMENT_3D('',#2286,#2287,#2288);
#2286 = CARTESIAN_POINT('',(-35.25,22.,0.));
#2287 = DIRECTION('',(1.,0.,0.));
#2288 = DIRECTION('',(0.,-1.,0.));
#2289 = ADVANCED_FACE('',(#2290),#2340,.T.);
#2290 = FACE_BOUND('',#2291,.T.);
#2291 = EDGE_LOOP('',(#2292,#2300,#2301,#2302,#2310,#2318,#2326,#2334));
#2292 = ORIENTED_EDGE('',*,*,#2293,.T.);
#2293 = EDGE_CURVE('',#2294,#2248,#2296,.T.);
#2294 = VERTEX_POINT('',#2295);
#2295 = CARTESIAN_POINT('',(-33.25,-28.5,2.));
#2296 = LINE('',#2297,#2298);
#2297 = CARTESIAN_POINT('',(-33.25,-28.5,2.));
#2298 = VECTOR('',#2299,1.);
#2299 = DIRECTION('',(-1.,0.,0.));
#2300 = ORIENTED_EDGE('',*,*,#2247,.T.);
#2301 = ORIENTED_EDGE('',*,*,#1228,.T.);
#2302 = ORIENTED_EDGE('',*,*,#2303,.F.);
#2303 = EDGE_CURVE('',#2304,#1229,#2306,.T.);
#2304 = VERTEX_POINT('',#2305);
#2305 = CARTESIAN_POINT('',(35.25,-28.5,2.));
#2306 = LINE('',#2307,#2308);
#2307 = CARTESIAN_POINT('',(35.25,-28.5,0.));
#2308 = VECTOR('',#2309,1.);
#2309 = DIRECTION('',(0.,0.,1.));
#2310 = ORIENTED_EDGE('',*,*,#2311,.T.);
#2311 = EDGE_CURVE('',#2304,#2312,#2314,.T.);
#2312 = VERTEX_POINT('',#2313);
#2313 = CARTESIAN_POINT('',(33.25,-28.5,2.));
#2314 = LINE('',#2315,#2316);
#2315 = CARTESIAN_POINT('',(35.25,-28.5,2.));
#2316 = VECTOR('',#2317,1.);
#2317 = DIRECTION('',(-1.,0.,0.));
#2318 = ORIENTED_EDGE('',*,*,#2319,.F.);
#2319 = EDGE_CURVE('',#2320,#2312,#2322,.T.);
#2320 = VERTEX_POINT('',#2321);
#2321 = CARTESIAN_POINT('',(33.25,-28.5,0.));
#2322 = LINE('',#2323,#2324);
#2323 = CARTESIAN_POINT('',(33.25,-28.5,0.));
#2324 = VECTOR('',#2325,1.);
#2325 = DIRECTION('',(0.,0.,1.));
#2326 = ORIENTED_EDGE('',*,*,#2327,.F.);
#2327 = EDGE_CURVE('',#2328,#2320,#2330,.T.);
#2328 = VERTEX_POINT('',#2329);
#2329 = CARTESIAN_POINT('',(-33.25,-28.5,0.));
#2330 = LINE('',#2331,#2332);
#2331 = CARTESIAN_POINT('',(-35.25,-28.5,0.));
#2332 = VECTOR('',#2333,1.);
#2333 = DIRECTION('',(1.,0.,0.));
#2334 = ORIENTED_EDGE('',*,*,#2335,.T.);
#2335 = EDGE_CURVE('',#2328,#2294,#2336,.T.);
#2336 = LINE('',#2337,#2338);
#2337 = CARTESIAN_POINT('',(-33.25,-28.5,0.));
#2338 = VECTOR('',#2339,1.);
#2339 = DIRECTION('',(0.,0.,1.));
#2340 = PLANE('',#2341);
#2341 = AXIS2_PLACEMENT_3D('',#2342,#2343,#2344);
#2342 = CARTESIAN_POINT('',(-35.25,-28.5,0.));
#2343 = DIRECTION('',(0.,1.,0.));
#2344 = DIRECTION('',(1.,0.,0.));
#2345 = ADVANCED_FACE('',(#2346),#2396,.T.);
#2346 = FACE_BOUND('',#2347,.T.);
#2347 = EDGE_LOOP('',(#2348,#2356,#2357,#2358,#2366,#2374,#2382,#2390));
#2348 = ORIENTED_EDGE('',*,*,#2349,.T.);
#2349 = EDGE_CURVE('',#2350,#2304,#2352,.T.);
#2350 = VERTEX_POINT('',#2351);
#2351 = CARTESIAN_POINT('',(35.25,-26.5,2.));
#2352 = LINE('',#2353,#2354);
#2353 = CARTESIAN_POINT('',(35.25,-26.5,2.));
#2354 = VECTOR('',#2355,1.);
#2355 = DIRECTION('',(0.,-1.,0.));
#2356 = ORIENTED_EDGE('',*,*,#2303,.T.);
#2357 = ORIENTED_EDGE('',*,*,#1236,.T.);
#2358 = ORIENTED_EDGE('',*,*,#2359,.F.);
#2359 = EDGE_CURVE('',#2360,#1237,#2362,.T.);
#2360 = VERTEX_POINT('',#2361);
#2361 = CARTESIAN_POINT('',(35.25,22.,2.));
#2362 = LINE('',#2363,#2364);
#2363 = CARTESIAN_POINT('',(35.25,22.,0.));
#2364 = VECTOR('',#2365,1.);
#2365 = DIRECTION('',(0.,0.,1.));
#2366 = ORIENTED_EDGE('',*,*,#2367,.T.);
#2367 = EDGE_CURVE('',#2360,#2368,#2370,.T.);
#2368 = VERTEX_POINT('',#2369);
#2369 = CARTESIAN_POINT('',(35.25,20.,2.));
#2370 = LINE('',#2371,#2372);
#2371 = CARTESIAN_POINT('',(35.25,22.,2.));
#2372 = VECTOR('',#2373,1.);
#2373 = DIRECTION('',(0.,-1.,0.));
#2374 = ORIENTED_EDGE('',*,*,#2375,.F.);
#2375 = EDGE_CURVE('',#2376,#2368,#2378,.T.);
#2376 = VERTEX_POINT('',#2377);
#2377 = CARTESIAN_POINT('',(35.25,20.,0.));
#2378 = LINE('',#2379,#2380);
#2379 = CARTESIAN_POINT('',(35.25,20.,0.));
#2380 = VECTOR('',#2381,1.);
#2381 = DIRECTION('',(0.,0.,1.));
#2382 = ORIENTED_EDGE('',*,*,#2383,.F.);
#2383 = EDGE_CURVE('',#2384,#2376,#2386,.T.);
#2384 = VERTEX_POINT('',#2385);
#2385 = CARTESIAN_POINT('',(35.25,-26.5,0.));
#2386 = LINE('',#2387,#2388);
#2387 = CARTESIAN_POINT('',(35.25,-28.5,0.));
#2388 = VECTOR('',#2389,1.);
#2389 = DIRECTION('',(0.,1.,0.));
#2390 = ORIENTED_EDGE('',*,*,#2391,.T.);
#2391 = EDGE_CURVE('',#2384,#2350,#2392,.T.);
#2392 = LINE('',#2393,#2394);
#2393 = CARTESIAN_POINT('',(35.25,-26.5,0.));
#2394 = VECTOR('',#2395,1.);
#2395 = DIRECTION('',(0.,0.,1.));
#2396 = PLANE('',#2397);
#2397 = AXIS2_PLACEMENT_3D('',#2398,#2399,#2400);
#2398 = CARTESIAN_POINT('',(35.25,-28.5,0.));
#2399 = DIRECTION('',(-1.,0.,0.));
#2400 = DIRECTION('',(0.,1.,0.));
#2401 = ADVANCED_FACE('',(#2402),#2445,.T.);
#2402 = FACE_BOUND('',#2403,.T.);
#2403 = EDGE_LOOP('',(#2404,#2412,#2413,#2414,#2415,#2423,#2431,#2439));
#2404 = ORIENTED_EDGE('',*,*,#2405,.T.);
#2405 = EDGE_CURVE('',#2406,#2360,#2408,.T.);
#2406 = VERTEX_POINT('',#2407);
#2407 = CARTESIAN_POINT('',(33.25,22.,2.));
#2408 = LINE('',#2409,#2410);
#2409 = CARTESIAN_POINT('',(33.25,22.,2.));
#2410 = VECTOR('',#2411,1.);
#2411 = DIRECTION('',(1.,0.,0.));
#2412 = ORIENTED_EDGE('',*,*,#2359,.T.);
#2413 = ORIENTED_EDGE('',*,*,#1244,.T.);
#2414 = ORIENTED_EDGE('',*,*,#2240,.F.);
#2415 = ORIENTED_EDGE('',*,*,#2416,.T.);
#2416 = EDGE_CURVE('',#2233,#2417,#2419,.T.);
#2417 = VERTEX_POINT('',#2418);
#2418 = CARTESIAN_POINT('',(-33.25,22.,2.));
#2419 = LINE('',#2420,#2421);
#2420 = CARTESIAN_POINT('',(-35.25,22.,2.));
#2421 = VECTOR('',#2422,1.);
#2422 = DIRECTION('',(1.,0.,0.));
#2423 = ORIENTED_EDGE('',*,*,#2424,.F.);
#2424 = EDGE_CURVE('',#2425,#2417,#2427,.T.);
#2425 = VERTEX_POINT('',#2426);
#2426 = CARTESIAN_POINT('',(-33.25,22.,0.));
#2427 = LINE('',#2428,#2429);
#2428 = CARTESIAN_POINT('',(-33.25,22.,0.));
#2429 = VECTOR('',#2430,1.);
#2430 = DIRECTION('',(0.,0.,1.));
#2431 = ORIENTED_EDGE('',*,*,#2432,.F.);
#2432 = EDGE_CURVE('',#2433,#2425,#2435,.T.);
#2433 = VERTEX_POINT('',#2434);
#2434 = CARTESIAN_POINT('',(33.25,22.,0.));
#2435 = LINE('',#2436,#2437);
#2436 = CARTESIAN_POINT('',(35.25,22.,0.));
#2437 = VECTOR('',#2438,1.);
#2438 = DIRECTION('',(-1.,0.,0.));
#2439 = ORIENTED_EDGE('',*,*,#2440,.T.);
#2440 = EDGE_CURVE('',#2433,#2406,#2441,.T.);
#2441 = LINE('',#2442,#2443);
#2442 = CARTESIAN_POINT('',(33.25,22.,0.));
#2443 = VECTOR('',#2444,1.);
#2444 = DIRECTION('',(0.,0.,1.));
#2445 = PLANE('',#2446);
#2446 = AXIS2_PLACEMENT_3D('',#2447,#2448,#2449);
#2447 = CARTESIAN_POINT('',(35.25,22.,0.));
#2448 = DIRECTION('',(0.,-1.,0.));
#2449 = DIRECTION('',(-1.,0.,0.));
#2450 = ADVANCED_FACE('',(#2451),#2469,.F.);
#2451 = FACE_BOUND('',#2452,.T.);
#2452 = EDGE_LOOP('',(#2453,#2454,#2461,#2468));
#2453 = ORIENTED_EDGE('',*,*,#1252,.T.);
#2454 = ORIENTED_EDGE('',*,*,#2455,.T.);
#2455 = EDGE_CURVE('',#1253,#2456,#2458,.T.);
#2456 = VERTEX_POINT('',#2457);
#2457 = CARTESIAN_POINT('',(-36.75,-3.25,-2.));
#2458 = B_SPLINE_CURVE_WITH_KNOTS('',1,(#2459,#2460),.UNSPECIFIED.,.F.,
  .F.,(2,2),(-3.6,2.),.PIECEWISE_BEZIER_KNOTS.);
#2459 = CARTESIAN_POINT('',(-36.75,-3.25,3.6));
#2460 = CARTESIAN_POINT('',(-36.75,-3.25,-2.));
#2461 = ORIENTED_EDGE('',*,*,#2462,.F.);
#2462 = EDGE_CURVE('',#2456,#2456,#2463,.T.);
#2463 = CIRCLE('',#2464,2.5);
#2464 = AXIS2_PLACEMENT_3D('',#2465,#2466,#2467);
#2465 = CARTESIAN_POINT('',(-39.25,-3.25,-2.));
#2466 = DIRECTION('',(0.,0.,1.));
#2467 = DIRECTION('',(1.,0.,0.));
#2468 = ORIENTED_EDGE('',*,*,#2455,.F.);
#2469 = CYLINDRICAL_SURFACE('',#2470,2.5);
#2470 = AXIS2_PLACEMENT_3D('',#2471,#2472,#2473);
#2471 = CARTESIAN_POINT('',(-39.25,-3.25,0.));
#2472 = DIRECTION('',(-0.,-0.,-1.));
#2473 = DIRECTION('',(1.,0.,0.));
#2474 = ADVANCED_FACE('',(#2475),#2493,.F.);
#2475 = FACE_BOUND('',#2476,.T.);
#2476 = EDGE_LOOP('',(#2477,#2478,#2485,#2492));
#2477 = ORIENTED_EDGE('',*,*,#1263,.T.);
#2478 = ORIENTED_EDGE('',*,*,#2479,.T.);
#2479 = EDGE_CURVE('',#1264,#2480,#2482,.T.);
#2480 = VERTEX_POINT('',#2481);
#2481 = CARTESIAN_POINT('',(41.75,-3.25,-2.));
#2482 = B_SPLINE_CURVE_WITH_KNOTS('',1,(#2483,#2484),.UNSPECIFIED.,.F.,
  .F.,(2,2),(-3.6,2.),.PIECEWISE_BEZIER_KNOTS.);
#2483 = CARTESIAN_POINT('',(41.75,-3.25,3.6));
#2484 = CARTESIAN_POINT('',(41.75,-3.25,-2.));
#2485 = ORIENTED_EDGE('',*,*,#2486,.F.);
#2486 = EDGE_CURVE('',#2480,#2480,#2487,.T.);
#2487 = CIRCLE('',#2488,2.5);
#2488 = AXIS2_PLACEMENT_3D('',#2489,#2490,#2491);
#2489 = CARTESIAN_POINT('',(39.25,-3.25,-2.));
#2490 = DIRECTION('',(0.,0.,1.));
#2491 = DIRECTION('',(1.,0.,0.));
#2492 = ORIENTED_EDGE('',*,*,#2479,.F.);
#2493 = CYLINDRICAL_SURFACE('',#2494,2.5);
#2494 = AXIS2_PLACEMENT_3D('',#2495,#2496,#2497);
#2495 = CARTESIAN_POINT('',(39.25,-3.25,0.));
#2496 = DIRECTION('',(-0.,-0.,-1.));
#2497 = DIRECTION('',(1.,0.,0.));
#2498 = ADVANCED_FACE('',(#2499),#2518,.F.);
#2499 = FACE_BOUND('',#2500,.T.);
#2500 = EDGE_LOOP('',(#2501,#2509,#2510,#2511));
#2501 = ORIENTED_EDGE('',*,*,#2502,.T.);
#2502 = EDGE_CURVE('',#2503,#1333,#2505,.T.);
#2503 = VERTEX_POINT('',#2504);
#2504 = CARTESIAN_POINT('',(-56.,20.,0.));
#2505 = LINE('',#2506,#2507);
#2506 = CARTESIAN_POINT('',(-56.,20.,0.));
#2507 = VECTOR('',#2508,1.);
#2508 = DIRECTION('',(0.,0.,1.));
#2509 = ORIENTED_EDGE('',*,*,#1332,.T.);
#2510 = ORIENTED_EDGE('',*,*,#2502,.F.);
#2511 = ORIENTED_EDGE('',*,*,#2512,.F.);
#2512 = EDGE_CURVE('',#2503,#2503,#2513,.T.);
#2513 = CIRCLE('',#2514,2.5);
#2514 = AXIS2_PLACEMENT_3D('',#2515,#2516,#2517);
#2515 = CARTESIAN_POINT('',(-58.5,20.,0.));
#2516 = DIRECTION('',(0.,0.,1.));
#2517 = DIRECTION('',(1.,0.,0.));
#2518 = CYLINDRICAL_SURFACE('',#2519,2.5);
#2519 = AXIS2_PLACEMENT_3D('',#2520,#2521,#2522);
#2520 = CARTESIAN_POINT('',(-58.5,20.,0.));
#2521 = DIRECTION('',(-0.,-0.,-1.));
#2522 = DIRECTION('',(1.,0.,0.));
#2523 = ADVANCED_FACE('',(#2524),#2540,.F.);
#2524 = FACE_BOUND('',#2525,.F.);
#2525 = EDGE_LOOP('',(#2526,#2532,#2533,#2539));
#2526 = ORIENTED_EDGE('',*,*,#2527,.F.);
#2527 = EDGE_CURVE('',#1359,#2076,#2528,.T.);
#2528 = LINE('',#2529,#2530);
#2529 = CARTESIAN_POINT('',(-5.1,25.75,22.15));
#2530 = VECTOR('',#2531,1.);
#2531 = DIRECTION('',(-5.243E-14,0.707106781187,0.707106781187));
#2532 = ORIENTED_EDGE('',*,*,#1366,.T.);
#2533 = ORIENTED_EDGE('',*,*,#2534,.T.);
#2534 = EDGE_CURVE('',#1350,#2066,#2535,.T.);
#2535 = LINE('',#2536,#2537);
#2536 = CARTESIAN_POINT('',(-5.1,25.75,12.649999999999));
#2537 = VECTOR('',#2538,1.);
#2538 = DIRECTION('',(-5.438E-14,0.707106781187,-0.707106781187));
#2539 = ORIENTED_EDGE('',*,*,#2075,.F.);
#2540 = CONICAL_SURFACE('',#2541,4.5,0.785398163397);
#2541 = AXIS2_PLACEMENT_3D('',#2542,#2543,#2544);
#2542 = CARTESIAN_POINT('',(-5.1,25.5,17.4));
#2543 = DIRECTION('',(0.,1.,0.));
#2544 = DIRECTION('',(-9.04E-14,0.,1.));
#2545 = ADVANCED_FACE('',(#2546),#2557,.F.);
#2546 = FACE_BOUND('',#2547,.F.);
#2547 = EDGE_LOOP('',(#2548,#2554,#2555,#2556));
#2548 = ORIENTED_EDGE('',*,*,#2549,.F.);
#2549 = EDGE_CURVE('',#1382,#2085,#2550,.T.);
#2550 = LINE('',#2551,#2552);
#2551 = CARTESIAN_POINT('',(-12.8946367647,25.5,21.899999999999));
#2552 = VECTOR('',#2553,1.);
#2553 = DIRECTION('',(3.697354792E-08,0.707106781187,0.707106781187));
#2554 = ORIENTED_EDGE('',*,*,#1391,.T.);
#2555 = ORIENTED_EDGE('',*,*,#2527,.T.);
#2556 = ORIENTED_EDGE('',*,*,#2084,.F.);
#2557 = PLANE('',#2558);
#2558 = AXIS2_PLACEMENT_3D('',#2559,#2560,#2561);
#2559 = CARTESIAN_POINT('',(-12.8946367647,25.75,22.149999999999));
#2560 = DIRECTION('',(-5.25E-14,-0.707106781187,0.707106781187));
#2561 = DIRECTION('',(1.,-4.810601229375E-17,7.419810601229E-14));
#2562 = ADVANCED_FACE('',(#2563),#2574,.F.);
#2563 = FACE_BOUND('',#2564,.F.);
#2564 = EDGE_LOOP('',(#2565,#2571,#2572,#2573));
#2565 = ORIENTED_EDGE('',*,*,#2566,.F.);
#2566 = EDGE_CURVE('',#1408,#2068,#2567,.T.);
#2567 = LINE('',#2568,#2569);
#2568 = CARTESIAN_POINT('',(-12.8946367647,25.75,12.65));
#2569 = VECTOR('',#2570,1.);
#2570 = DIRECTION('',(-5.438E-14,0.707106781187,-0.707106781187));
#2571 = ORIENTED_EDGE('',*,*,#1415,.T.);
#2572 = ORIENTED_EDGE('',*,*,#2549,.T.);
#2573 = ORIENTED_EDGE('',*,*,#2092,.F.);
#2574 = CONICAL_SURFACE('',#2575,4.5,0.785398163397);
#2575 = AXIS2_PLACEMENT_3D('',#2576,#2577,#2578);
#2576 = CARTESIAN_POINT('',(-12.894637,25.5,17.4));
#2577 = DIRECTION('',(0.,1.,0.));
#2578 = DIRECTION('',(5.228849136E-08,0.,-1.));
#2579 = ADVANCED_FACE('',(#2580),#2586,.F.);
#2580 = FACE_BOUND('',#2581,.F.);
#2581 = EDGE_LOOP('',(#2582,#2583,#2584,#2585));
#2582 = ORIENTED_EDGE('',*,*,#2534,.F.);
#2583 = ORIENTED_EDGE('',*,*,#1433,.T.);
#2584 = ORIENTED_EDGE('',*,*,#2566,.T.);
#2585 = ORIENTED_EDGE('',*,*,#2065,.F.);
#2586 = PLANE('',#2587);
#2587 = AXIS2_PLACEMENT_3D('',#2588,#2589,#2590);
#2588 = CARTESIAN_POINT('',(-5.1,25.75,12.649999999999));
#2589 = DIRECTION('',(-5.438E-14,-0.707106781187,-0.707106781187));
#2590 = DIRECTION('',(-1.,2.466760924462E-18,7.690246676092E-14));
#2591 = ADVANCED_FACE('',(#2592),#2603,.F.);
#2592 = FACE_BOUND('',#2593,.F.);
#2593 = EDGE_LOOP('',(#2594,#2600,#2601,#2602));
#2594 = ORIENTED_EDGE('',*,*,#2595,.F.);
#2595 = EDGE_CURVE('',#1449,#2000,#2596,.T.);
#2596 = LINE('',#2597,#2598);
#2597 = CARTESIAN_POINT('',(59.172221166667,7.266966533333,
    9.861105833333));
#2598 = VECTOR('',#2599,1.);
#2599 = DIRECTION('',(0.57735026919,-0.57735026919,-0.57735026919));
#2600 = ORIENTED_EDGE('',*,*,#1448,.T.);
#2601 = ORIENTED_EDGE('',*,*,#1951,.T.);
#2602 = ORIENTED_EDGE('',*,*,#1999,.F.);
#2603 = PLANE('',#2604);
#2604 = AXIS2_PLACEMENT_3D('',#2605,#2606,#2607);
#2605 = CARTESIAN_POINT('',(64.25,2.4391877,4.783327));
#2606 = DIRECTION('',(-0.707106781187,-0.,-0.707106781187));
#2607 = DIRECTION('',(0.,1.,-0.));
#2608 = ADVANCED_FACE('',(#2609),#2612,.T.);
#2609 = FACE_BOUND('',#2610,.T.);
#2610 = EDGE_LOOP('',(#2611));
#2611 = ORIENTED_EDGE('',*,*,#1481,.T.);
#2612 = PLANE('',#2613);
#2613 = AXIS2_PLACEMENT_3D('',#2614,#2615,#2616);
#2614 = CARTESIAN_POINT('',(2.56564478E-09,-18.9738593143,0.));
#2615 = DIRECTION('',(0.,0.,1.));
#2616 = DIRECTION('',(1.,0.,0.));
#2617 = ADVANCED_FACE('',(#2618),#2624,.F.);
#2618 = FACE_BOUND('',#2619,.F.);
#2619 = EDGE_LOOP('',(#2620,#2621,#2622,#2623));
#2620 = ORIENTED_EDGE('',*,*,#1668,.F.);
#2621 = ORIENTED_EDGE('',*,*,#1497,.T.);
#2622 = ORIENTED_EDGE('',*,*,#2595,.T.);
#2623 = ORIENTED_EDGE('',*,*,#2007,.F.);
#2624 = PLANE('',#2625);
#2625 = AXIS2_PLACEMENT_3D('',#2626,#2627,#2628);
#2626 = CARTESIAN_POINT('',(64.25,2.1891877,35.));
#2627 = DIRECTION('',(-0.707106781187,-0.707106781187,-0.));
#2628 = DIRECTION('',(0.,0.,-1.));
#2629 = ADVANCED_FACE('',(#2630),#2641,.F.);
#2630 = FACE_BOUND('',#2631,.T.);
#2631 = EDGE_LOOP('',(#2632,#2638,#2639,#2640));
#2632 = ORIENTED_EDGE('',*,*,#2633,.F.);
#2633 = EDGE_CURVE('',#2166,#1515,#2634,.T.);
#2634 = LINE('',#2635,#2636);
#2635 = CARTESIAN_POINT('',(-63.66666666666,2.772521033333,
    5.366660333333));
#2636 = VECTOR('',#2637,1.);
#2637 = DIRECTION('',(0.57735026919,0.57735026919,0.57735026919));
#2638 = ORIENTED_EDGE('',*,*,#2165,.T.);
#2639 = ORIENTED_EDGE('',*,*,#1544,.F.);
#2640 = ORIENTED_EDGE('',*,*,#1514,.F.);
#2641 = PLANE('',#2642);
#2642 = AXIS2_PLACEMENT_3D('',#2643,#2644,#2645);
#2643 = CARTESIAN_POINT('',(-64.25,2.1891877,5.033327));
#2644 = DIRECTION('',(0.707106781187,-0.707106781187,0.));
#2645 = DIRECTION('',(0.,-0.,-1.));
#2646 = ADVANCED_FACE('',(#2647),#2666,.T.);
#2647 = FACE_BOUND('',#2648,.F.);
#2648 = EDGE_LOOP('',(#2649,#2657,#2664,#2665));
#2649 = ORIENTED_EDGE('',*,*,#2650,.F.);
#2650 = EDGE_CURVE('',#2651,#1595,#2653,.T.);
#2651 = VERTEX_POINT('',#2652);
#2652 = CARTESIAN_POINT('',(-62.5,-53.,-1.5));
#2653 = LINE('',#2654,#2655);
#2654 = CARTESIAN_POINT('',(-62.5,-53.,0.));
#2655 = VECTOR('',#2656,1.);
#2656 = DIRECTION('',(0.,0.,1.));
#2657 = ORIENTED_EDGE('',*,*,#2658,.T.);
#2658 = EDGE_CURVE('',#2651,#2151,#2659,.T.);
#2659 = CIRCLE('',#2660,2.);
#2660 = AXIS2_PLACEMENT_3D('',#2661,#2662,#2663);
#2661 = CARTESIAN_POINT('',(-62.5,-51.,-1.5));
#2662 = DIRECTION('',(-0.,-0.,-1.));
#2663 = DIRECTION('',(0.,-1.,0.));
#2664 = ORIENTED_EDGE('',*,*,#2158,.F.);
#2665 = ORIENTED_EDGE('',*,*,#1602,.T.);
#2666 = CYLINDRICAL_SURFACE('',#2667,2.);
#2667 = AXIS2_PLACEMENT_3D('',#2668,#2669,#2670);
#2668 = CARTESIAN_POINT('',(-62.5,-51.,0.));
#2669 = DIRECTION('',(-0.,-0.,-1.));
#2670 = DIRECTION('',(1.,0.,0.));
#2671 = ADVANCED_FACE('',(#2672),#2690,.T.);
#2672 = FACE_BOUND('',#2673,.T.);
#2673 = EDGE_LOOP('',(#2674,#2675,#2683,#2689));
#2674 = ORIENTED_EDGE('',*,*,#2650,.F.);
#2675 = ORIENTED_EDGE('',*,*,#2676,.F.);
#2676 = EDGE_CURVE('',#2677,#2651,#2679,.T.);
#2677 = VERTEX_POINT('',#2678);
#2678 = CARTESIAN_POINT('',(62.5,-53.,-1.5));
#2679 = LINE('',#2680,#2681);
#2680 = CARTESIAN_POINT('',(62.5,-53.,-1.5));
#2681 = VECTOR('',#2682,1.);
#2682 = DIRECTION('',(-1.,0.,0.));
#2683 = ORIENTED_EDGE('',*,*,#2684,.F.);
#2684 = EDGE_CURVE('',#1620,#2677,#2685,.T.);
#2685 = LINE('',#2686,#2687);
#2686 = CARTESIAN_POINT('',(62.5,-53.,0.));
#2687 = VECTOR('',#2688,1.);
#2688 = DIRECTION('',(0.,0.,-1.));
#2689 = ORIENTED_EDGE('',*,*,#1627,.F.);
#2690 = PLANE('',#2691);
#2691 = AXIS2_PLACEMENT_3D('',#2692,#2693,#2694);
#2692 = CARTESIAN_POINT('',(0.,-53.,16.5));
#2693 = DIRECTION('',(-0.,-1.,-0.));
#2694 = DIRECTION('',(0.,0.,-1.));
#2695 = ADVANCED_FACE('',(#2696),#2708,.T.);
#2696 = FACE_BOUND('',#2697,.F.);
#2697 = EDGE_LOOP('',(#2698,#2699,#2706,#2707));
#2698 = ORIENTED_EDGE('',*,*,#1975,.F.);
#2699 = ORIENTED_EDGE('',*,*,#2700,.T.);
#2700 = EDGE_CURVE('',#1976,#2677,#2701,.T.);
#2701 = CIRCLE('',#2702,2.);
#2702 = AXIS2_PLACEMENT_3D('',#2703,#2704,#2705);
#2703 = CARTESIAN_POINT('',(62.5,-51.,-1.5));
#2704 = DIRECTION('',(0.,0.,-1.));
#2705 = DIRECTION('',(1.,0.,0.));
#2706 = ORIENTED_EDGE('',*,*,#2684,.F.);
#2707 = ORIENTED_EDGE('',*,*,#1651,.T.);
#2708 = CYLINDRICAL_SURFACE('',#2709,2.);
#2709 = AXIS2_PLACEMENT_3D('',#2710,#2711,#2712);
#2710 = CARTESIAN_POINT('',(62.5,-51.,0.));
#2711 = DIRECTION('',(0.,0.,-1.));
#2712 = DIRECTION('',(0.,1.,0.));
#2713 = ADVANCED_FACE('',(#2714),#2733,.F.);
#2714 = FACE_BOUND('',#2715,.T.);
#2715 = EDGE_LOOP('',(#2716,#2724,#2725,#2726));
#2716 = ORIENTED_EDGE('',*,*,#2717,.T.);
#2717 = EDGE_CURVE('',#2718,#1910,#2720,.T.);
#2718 = VERTEX_POINT('',#2719);
#2719 = CARTESIAN_POINT('',(-56.,-47.5,0.));
#2720 = LINE('',#2721,#2722);
#2721 = CARTESIAN_POINT('',(-56.,-47.5,0.));
#2722 = VECTOR('',#2723,1.);
#2723 = DIRECTION('',(0.,0.,1.));
#2724 = ORIENTED_EDGE('',*,*,#1909,.T.);
#2725 = ORIENTED_EDGE('',*,*,#2717,.F.);
#2726 = ORIENTED_EDGE('',*,*,#2727,.F.);
#2727 = EDGE_CURVE('',#2718,#2718,#2728,.T.);
#2728 = CIRCLE('',#2729,2.5);
#2729 = AXIS2_PLACEMENT_3D('',#2730,#2731,#2732);
#2730 = CARTESIAN_POINT('',(-58.5,-47.5,0.));
#2731 = DIRECTION('',(0.,0.,1.));
#2732 = DIRECTION('',(1.,0.,0.));
#2733 = CYLINDRICAL_SURFACE('',#2734,2.5);
#2734 = AXIS2_PLACEMENT_3D('',#2735,#2736,#2737);
#2735 = CARTESIAN_POINT('',(-58.5,-47.5,0.));
#2736 = DIRECTION('',(-0.,-0.,-1.));
#2737 = DIRECTION('',(1.,0.,0.));
#2738 = ADVANCED_FACE('',(#2739),#2742,.T.);
#2739 = FACE_BOUND('',#2740,.T.);
#2740 = EDGE_LOOP('',(#2741));
#2741 = ORIENTED_EDGE('',*,*,#1936,.T.);
#2742 = PLANE('',#2743);
#2743 = AXIS2_PLACEMENT_3D('',#2744,#2745,#2746);
#2744 = CARTESIAN_POINT('',(2.56564478E-09,-18.9738593143,0.));
#2745 = DIRECTION('',(0.,0.,1.));
#2746 = DIRECTION('',(1.,0.,0.));
#2747 = ADVANCED_FACE('',(#2748),#2773,.F.);
#2748 = FACE_BOUND('',#2749,.F.);
#2749 = EDGE_LOOP('',(#2750,#2758,#2766,#2772));
#2750 = ORIENTED_EDGE('',*,*,#2751,.F.);
#2751 = EDGE_CURVE('',#2752,#1984,#2754,.T.);
#2752 = VERTEX_POINT('',#2753);
#2753 = CARTESIAN_POINT('',(64.,24.,-2.));
#2754 = LINE('',#2755,#2756);
#2755 = CARTESIAN_POINT('',(64.5,24.,-1.5));
#2756 = VECTOR('',#2757,1.);
#2757 = DIRECTION('',(0.707106781187,4.E-17,0.707106781187));
#2758 = ORIENTED_EDGE('',*,*,#2759,.T.);
#2759 = EDGE_CURVE('',#2752,#2760,#2762,.T.);
#2760 = VERTEX_POINT('',#2761);
#2761 = CARTESIAN_POINT('',(64.,-51.,-2.));
#2762 = LINE('',#2763,#2764);
#2763 = CARTESIAN_POINT('',(64.,24.,-2.));
#2764 = VECTOR('',#2765,1.);
#2765 = DIRECTION('',(0.,-1.,0.));
#2766 = ORIENTED_EDGE('',*,*,#2767,.T.);
#2767 = EDGE_CURVE('',#2760,#1976,#2768,.T.);
#2768 = LINE('',#2769,#2770);
#2769 = CARTESIAN_POINT('',(64.25,-51.,-1.75));
#2770 = VECTOR('',#2771,1.);
#2771 = DIRECTION('',(0.707106781187,0.,0.707106781187));
#2772 = ORIENTED_EDGE('',*,*,#1983,.F.);
#2773 = PLANE('',#2774);
#2774 = AXIS2_PLACEMENT_3D('',#2775,#2776,#2777);
#2775 = CARTESIAN_POINT('',(64.25,24.,-1.75));
#2776 = DIRECTION('',(-0.707106781187,0.,0.707106781187));
#2777 = DIRECTION('',(-0.,-1.,0.));
#2778 = ADVANCED_FACE('',(#2779),#2798,.T.);
#2779 = FACE_BOUND('',#2780,.F.);
#2780 = EDGE_LOOP('',(#2781,#2789,#2796,#2797));
#2781 = ORIENTED_EDGE('',*,*,#2782,.F.);
#2782 = EDGE_CURVE('',#2783,#2023,#2785,.T.);
#2783 = VERTEX_POINT('',#2784);
#2784 = CARTESIAN_POINT('',(62.5,25.5,-2.));
#2785 = LINE('',#2786,#2787);
#2786 = CARTESIAN_POINT('',(62.5,25.75,-1.75));
#2787 = VECTOR('',#2788,1.);
#2788 = DIRECTION('',(-0.,0.707106781187,0.707106781187));
#2789 = ORIENTED_EDGE('',*,*,#2790,.T.);
#2790 = EDGE_CURVE('',#2783,#2752,#2791,.T.);
#2791 = CIRCLE('',#2792,1.5);
#2792 = AXIS2_PLACEMENT_3D('',#2793,#2794,#2795);
#2793 = CARTESIAN_POINT('',(62.5,24.,-2.));
#2794 = DIRECTION('',(0.,0.,-1.));
#2795 = DIRECTION('',(0.,1.,0.));
#2796 = ORIENTED_EDGE('',*,*,#2751,.T.);
#2797 = ORIENTED_EDGE('',*,*,#2030,.F.);
#2798 = CONICAL_SURFACE('',#2799,2.,0.785398163397);
#2799 = AXIS2_PLACEMENT_3D('',#2800,#2801,#2802);
#2800 = CARTESIAN_POINT('',(62.5,24.,-1.5));
#2801 = DIRECTION('',(0.,0.,1.));
#2802 = DIRECTION('',(0.,1.,0.));
#2803 = ADVANCED_FACE('',(#2804),#2822,.F.);
#2804 = FACE_BOUND('',#2805,.F.);
#2805 = EDGE_LOOP('',(#2806,#2814,#2820,#2821));
#2806 = ORIENTED_EDGE('',*,*,#2807,.F.);
#2807 = EDGE_CURVE('',#2808,#2049,#2810,.T.);
#2808 = VERTEX_POINT('',#2809);
#2809 = CARTESIAN_POINT('',(-62.5,25.5,-2.));
#2810 = LINE('',#2811,#2812);
#2811 = CARTESIAN_POINT('',(-62.5,26.,-1.5));
#2812 = VECTOR('',#2813,1.);
#2813 = DIRECTION('',(-4.E-17,0.707106781187,0.707106781187));
#2814 = ORIENTED_EDGE('',*,*,#2815,.T.);
#2815 = EDGE_CURVE('',#2808,#2783,#2816,.T.);
#2816 = LINE('',#2817,#2818);
#2817 = CARTESIAN_POINT('',(-62.5,25.5,-2.));
#2818 = VECTOR('',#2819,1.);
#2819 = DIRECTION('',(1.,0.,0.));
#2820 = ORIENTED_EDGE('',*,*,#2782,.T.);
#2821 = ORIENTED_EDGE('',*,*,#2048,.F.);
#2822 = PLANE('',#2823);
#2823 = AXIS2_PLACEMENT_3D('',#2824,#2825,#2826);
#2824 = CARTESIAN_POINT('',(-62.5,25.75,-1.75));
#2825 = DIRECTION('',(0.,-0.707106781187,0.707106781187));
#2826 = DIRECTION('',(1.,0.,0.));
#2827 = ADVANCED_FACE('',(#2828),#2847,.T.);
#2828 = FACE_BOUND('',#2829,.F.);
#2829 = EDGE_LOOP('',(#2830,#2838,#2845,#2846));
#2830 = ORIENTED_EDGE('',*,*,#2831,.F.);
#2831 = EDGE_CURVE('',#2832,#2108,#2834,.T.);
#2832 = VERTEX_POINT('',#2833);
#2833 = CARTESIAN_POINT('',(-64.,24.,-2.));
#2834 = LINE('',#2835,#2836);
#2835 = CARTESIAN_POINT('',(-64.25,24.,-1.75));
#2836 = VECTOR('',#2837,1.);
#2837 = DIRECTION('',(-0.707106781187,-0.,0.707106781187));
#2838 = ORIENTED_EDGE('',*,*,#2839,.T.);
#2839 = EDGE_CURVE('',#2832,#2808,#2840,.T.);
#2840 = CIRCLE('',#2841,1.5);
#2841 = AXIS2_PLACEMENT_3D('',#2842,#2843,#2844);
#2842 = CARTESIAN_POINT('',(-62.5,24.,-2.));
#2843 = DIRECTION('',(0.,0.,-1.));
#2844 = DIRECTION('',(-1.,0.,0.));
#2845 = ORIENTED_EDGE('',*,*,#2807,.T.);
#2846 = ORIENTED_EDGE('',*,*,#2115,.F.);
#2847 = CONICAL_SURFACE('',#2848,2.,0.785398163397);
#2848 = AXIS2_PLACEMENT_3D('',#2849,#2850,#2851);
#2849 = CARTESIAN_POINT('',(-62.5,24.,-1.5));
#2850 = DIRECTION('',(0.,0.,1.));
#2851 = DIRECTION('',(-1.,0.,0.));
#2852 = ADVANCED_FACE('',(#2853),#2871,.F.);
#2853 = FACE_BOUND('',#2854,.F.);
#2854 = EDGE_LOOP('',(#2855,#2863,#2869,#2870));
#2855 = ORIENTED_EDGE('',*,*,#2856,.F.);
#2856 = EDGE_CURVE('',#2857,#2151,#2859,.T.);
#2857 = VERTEX_POINT('',#2858);
#2858 = CARTESIAN_POINT('',(-64.,-51.,-2.));
#2859 = LINE('',#2860,#2861);
#2860 = CARTESIAN_POINT('',(-64.5,-51.,-1.5));
#2861 = VECTOR('',#2862,1.);
#2862 = DIRECTION('',(-0.707106781187,-4.E-17,0.707106781187));
#2863 = ORIENTED_EDGE('',*,*,#2864,.T.);
#2864 = EDGE_CURVE('',#2857,#2832,#2865,.T.);
#2865 = LINE('',#2866,#2867);
#2866 = CARTESIAN_POINT('',(-64.,-51.,-2.));
#2867 = VECTOR('',#2868,1.);
#2868 = DIRECTION('',(0.,1.,0.));
#2869 = ORIENTED_EDGE('',*,*,#2831,.T.);
#2870 = ORIENTED_EDGE('',*,*,#2150,.F.);
#2871 = PLANE('',#2872);
#2872 = AXIS2_PLACEMENT_3D('',#2873,#2874,#2875);
#2873 = CARTESIAN_POINT('',(-64.25,-51.,-1.75));
#2874 = DIRECTION('',(0.707106781187,-0.,0.707106781187));
#2875 = DIRECTION('',(0.,1.,0.));
#2876 = ADVANCED_FACE('',(#2877),#2883,.F.);
#2877 = FACE_BOUND('',#2878,.T.);
#2878 = EDGE_LOOP('',(#2879,#2880,#2881,#2882));
#2879 = ORIENTED_EDGE('',*,*,#2198,.T.);
#2880 = ORIENTED_EDGE('',*,*,#2173,.T.);
#2881 = ORIENTED_EDGE('',*,*,#2633,.T.);
#2882 = ORIENTED_EDGE('',*,*,#2216,.F.);
#2883 = PLANE('',#2884);
#2884 = AXIS2_PLACEMENT_3D('',#2885,#2886,#2887);
#2885 = CARTESIAN_POINT('',(-64.25,5.4391877,4.783327));
#2886 = DIRECTION('',(0.707106781187,0.,-0.707106781187));
#2887 = DIRECTION('',(-0.,1.,-0.));
#2888 = ADVANCED_FACE('',(#2889),#2907,.T.);
#2889 = FACE_BOUND('',#2890,.F.);
#2890 = EDGE_LOOP('',(#2891,#2892,#2900,#2906));
#2891 = ORIENTED_EDGE('',*,*,#2416,.T.);
#2892 = ORIENTED_EDGE('',*,*,#2893,.T.);
#2893 = EDGE_CURVE('',#2417,#2894,#2896,.T.);
#2894 = VERTEX_POINT('',#2895);
#2895 = CARTESIAN_POINT('',(-33.25,20.,2.));
#2896 = LINE('',#2897,#2898);
#2897 = CARTESIAN_POINT('',(-33.25,22.,2.));
#2898 = VECTOR('',#2899,1.);
#2899 = DIRECTION('',(0.,-1.,0.));
#2900 = ORIENTED_EDGE('',*,*,#2901,.T.);
#2901 = EDGE_CURVE('',#2894,#2231,#2902,.T.);
#2902 = LINE('',#2903,#2904);
#2903 = CARTESIAN_POINT('',(-33.25,20.,2.));
#2904 = VECTOR('',#2905,1.);
#2905 = DIRECTION('',(-1.,0.,0.));
#2906 = ORIENTED_EDGE('',*,*,#2230,.T.);
#2907 = PLANE('',#2908);
#2908 = AXIS2_PLACEMENT_3D('',#2909,#2910,#2911);
#2909 = CARTESIAN_POINT('',(0.,-3.25,2.));
#2910 = DIRECTION('',(0.,0.,1.));
#2911 = DIRECTION('',(1.,0.,0.));
#2912 = ADVANCED_FACE('',(#2913),#2931,.T.);
#2913 = FACE_BOUND('',#2914,.T.);
#2914 = EDGE_LOOP('',(#2915,#2923,#2924,#2925));
#2915 = ORIENTED_EDGE('',*,*,#2916,.T.);
#2916 = EDGE_CURVE('',#2917,#2894,#2919,.T.);
#2917 = VERTEX_POINT('',#2918);
#2918 = CARTESIAN_POINT('',(-33.25,20.,0.));
#2919 = LINE('',#2920,#2921);
#2920 = CARTESIAN_POINT('',(-33.25,20.,0.));
#2921 = VECTOR('',#2922,1.);
#2922 = DIRECTION('',(0.,0.,1.));
#2923 = ORIENTED_EDGE('',*,*,#2901,.T.);
#2924 = ORIENTED_EDGE('',*,*,#2279,.F.);
#2925 = ORIENTED_EDGE('',*,*,#2926,.F.);
#2926 = EDGE_CURVE('',#2917,#2272,#2927,.T.);
#2927 = LINE('',#2928,#2929);
#2928 = CARTESIAN_POINT('',(-33.25,20.,0.));
#2929 = VECTOR('',#2930,1.);
#2930 = DIRECTION('',(-1.,0.,0.));
#2931 = PLANE('',#2932);
#2932 = AXIS2_PLACEMENT_3D('',#2933,#2934,#2935);
#2933 = CARTESIAN_POINT('',(-33.25,20.,0.));
#2934 = DIRECTION('',(-0.,-1.,-0.));
#2935 = DIRECTION('',(-1.,0.,0.));
#2936 = ADVANCED_FACE('',(#2937,#2992,#3003,#3014,#3025),#3036,.T.);
#2937 = FACE_BOUND('',#2938,.T.);
#2938 = EDGE_LOOP('',(#2939,#2940,#2941,#2949,#2955,#2956,#2964,#2970,
    #2971,#2979,#2985,#2986));
#2939 = ORIENTED_EDGE('',*,*,#2926,.T.);
#2940 = ORIENTED_EDGE('',*,*,#2271,.T.);
#2941 = ORIENTED_EDGE('',*,*,#2942,.T.);
#2942 = EDGE_CURVE('',#2264,#2943,#2945,.T.);
#2943 = VERTEX_POINT('',#2944);
#2944 = CARTESIAN_POINT('',(-33.25,-26.5,0.));
#2945 = LINE('',#2946,#2947);
#2946 = CARTESIAN_POINT('',(-35.25,-26.5,0.));
#2947 = VECTOR('',#2948,1.);
#2948 = DIRECTION('',(1.,0.,0.));
#2949 = ORIENTED_EDGE('',*,*,#2950,.T.);
#2950 = EDGE_CURVE('',#2943,#2328,#2951,.T.);
#2951 = LINE('',#2952,#2953);
#2952 = CARTESIAN_POINT('',(-33.25,-26.5,0.));
#2953 = VECTOR('',#2954,1.);
#2954 = DIRECTION('',(0.,-1.,0.));
#2955 = ORIENTED_EDGE('',*,*,#2327,.T.);
#2956 = ORIENTED_EDGE('',*,*,#2957,.T.);
#2957 = EDGE_CURVE('',#2320,#2958,#2960,.T.);
#2958 = VERTEX_POINT('',#2959);
#2959 = CARTESIAN_POINT('',(33.25,-26.5,0.));
#2960 = LINE('',#2961,#2962);
#2961 = CARTESIAN_POINT('',(33.25,-28.5,0.));
#2962 = VECTOR('',#2963,1.);
#2963 = DIRECTION('',(0.,1.,0.));
#2964 = ORIENTED_EDGE('',*,*,#2965,.T.);
#2965 = EDGE_CURVE('',#2958,#2384,#2966,.T.);
#2966 = LINE('',#2967,#2968);
#2967 = CARTESIAN_POINT('',(33.25,-26.5,0.));
#2968 = VECTOR('',#2969,1.);
#2969 = DIRECTION('',(1.,0.,0.));
#2970 = ORIENTED_EDGE('',*,*,#2383,.T.);
#2971 = ORIENTED_EDGE('',*,*,#2972,.T.);
#2972 = EDGE_CURVE('',#2376,#2973,#2975,.T.);
#2973 = VERTEX_POINT('',#2974);
#2974 = CARTESIAN_POINT('',(33.25,20.,0.));
#2975 = LINE('',#2976,#2977);
#2976 = CARTESIAN_POINT('',(35.25,20.,0.));
#2977 = VECTOR('',#2978,1.);
#2978 = DIRECTION('',(-1.,0.,0.));
#2979 = ORIENTED_EDGE('',*,*,#2980,.T.);
#2980 = EDGE_CURVE('',#2973,#2433,#2981,.T.);
#2981 = LINE('',#2982,#2983);
#2982 = CARTESIAN_POINT('',(33.25,20.,0.));
#2983 = VECTOR('',#2984,1.);
#2984 = DIRECTION('',(0.,1.,0.));
#2985 = ORIENTED_EDGE('',*,*,#2432,.T.);
#2986 = ORIENTED_EDGE('',*,*,#2987,.T.);
#2987 = EDGE_CURVE('',#2425,#2917,#2988,.T.);
#2988 = LINE('',#2989,#2990);
#2989 = CARTESIAN_POINT('',(-33.25,22.,0.));
#2990 = VECTOR('',#2991,1.);
#2991 = DIRECTION('',(0.,-1.,0.));
#2992 = FACE_BOUND('',#2993,.T.);
#2993 = EDGE_LOOP('',(#2994));
#2994 = ORIENTED_EDGE('',*,*,#2995,.F.);
#2995 = EDGE_CURVE('',#2996,#2996,#2998,.T.);
#2996 = VERTEX_POINT('',#2997);
#2997 = CARTESIAN_POINT('',(-11.,-15.,0.));
#2998 = CIRCLE('',#2999,4.);
#2999 = AXIS2_PLACEMENT_3D('',#3000,#3001,#3002);
#3000 = CARTESIAN_POINT('',(-15.,-15.,0.));
#3001 = DIRECTION('',(0.,0.,1.));
#3002 = DIRECTION('',(1.,0.,0.));
#3003 = FACE_BOUND('',#3004,.T.);
#3004 = EDGE_LOOP('',(#3005));
#3005 = ORIENTED_EDGE('',*,*,#3006,.F.);
#3006 = EDGE_CURVE('',#3007,#3007,#3009,.T.);
#3007 = VERTEX_POINT('',#3008);
#3008 = CARTESIAN_POINT('',(19.,-15.,0.));
#3009 = CIRCLE('',#3010,4.);
#3010 = AXIS2_PLACEMENT_3D('',#3011,#3012,#3013);
#3011 = CARTESIAN_POINT('',(15.,-15.,0.));
#3012 = DIRECTION('',(0.,0.,1.));
#3013 = DIRECTION('',(1.,0.,0.));
#3014 = FACE_BOUND('',#3015,.T.);
#3015 = EDGE_LOOP('',(#3016));
#3016 = ORIENTED_EDGE('',*,*,#3017,.F.);
#3017 = EDGE_CURVE('',#3018,#3018,#3020,.T.);
#3018 = VERTEX_POINT('',#3019);
#3019 = CARTESIAN_POINT('',(-11.,15.,0.));
#3020 = CIRCLE('',#3021,4.);
#3021 = AXIS2_PLACEMENT_3D('',#3022,#3023,#3024);
#3022 = CARTESIAN_POINT('',(-15.,15.,0.));
#3023 = DIRECTION('',(0.,0.,1.));
#3024 = DIRECTION('',(1.,0.,0.));
#3025 = FACE_BOUND('',#3026,.T.);
#3026 = EDGE_LOOP('',(#3027));
#3027 = ORIENTED_EDGE('',*,*,#3028,.F.);
#3028 = EDGE_CURVE('',#3029,#3029,#3031,.T.);
#3029 = VERTEX_POINT('',#3030);
#3030 = CARTESIAN_POINT('',(19.,15.,0.));
#3031 = CIRCLE('',#3032,4.);
#3032 = AXIS2_PLACEMENT_3D('',#3033,#3034,#3035);
#3033 = CARTESIAN_POINT('',(15.,15.,0.));
#3034 = DIRECTION('',(0.,0.,1.));
#3035 = DIRECTION('',(1.,0.,0.));
#3036 = PLANE('',#3037);
#3037 = AXIS2_PLACEMENT_3D('',#3038,#3039,#3040);
#3038 = CARTESIAN_POINT('',(0.,-13.5,0.));
#3039 = DIRECTION('',(0.,0.,1.));
#3040 = DIRECTION('',(1.,0.,0.));
#3041 = ADVANCED_FACE('',(#3042),#3060,.T.);
#3042 = FACE_BOUND('',#3043,.T.);
#3043 = EDGE_LOOP('',(#3044,#3045,#3053,#3059));
#3044 = ORIENTED_EDGE('',*,*,#2263,.T.);
#3045 = ORIENTED_EDGE('',*,*,#3046,.T.);
#3046 = EDGE_CURVE('',#2256,#3047,#3049,.T.);
#3047 = VERTEX_POINT('',#3048);
#3048 = CARTESIAN_POINT('',(-33.25,-26.5,2.));
#3049 = LINE('',#3050,#3051);
#3050 = CARTESIAN_POINT('',(-35.25,-26.5,2.));
#3051 = VECTOR('',#3052,1.);
#3052 = DIRECTION('',(1.,0.,0.));
#3053 = ORIENTED_EDGE('',*,*,#3054,.F.);
#3054 = EDGE_CURVE('',#2943,#3047,#3055,.T.);
#3055 = LINE('',#3056,#3057);
#3056 = CARTESIAN_POINT('',(-33.25,-26.5,0.));
#3057 = VECTOR('',#3058,1.);
#3058 = DIRECTION('',(0.,0.,1.));
#3059 = ORIENTED_EDGE('',*,*,#2942,.F.);
#3060 = PLANE('',#3061);
#3061 = AXIS2_PLACEMENT_3D('',#3062,#3063,#3064);
#3062 = CARTESIAN_POINT('',(-35.25,-26.5,0.));
#3063 = DIRECTION('',(0.,1.,0.));
#3064 = DIRECTION('',(1.,0.,0.));
#3065 = ADVANCED_FACE('',(#3066),#3077,.T.);
#3066 = FACE_BOUND('',#3067,.F.);
#3067 = EDGE_LOOP('',(#3068,#3069,#3070,#3076));
#3068 = ORIENTED_EDGE('',*,*,#2255,.T.);
#3069 = ORIENTED_EDGE('',*,*,#3046,.T.);
#3070 = ORIENTED_EDGE('',*,*,#3071,.T.);
#3071 = EDGE_CURVE('',#3047,#2294,#3072,.T.);
#3072 = LINE('',#3073,#3074);
#3073 = CARTESIAN_POINT('',(-33.25,-26.5,2.));
#3074 = VECTOR('',#3075,1.);
#3075 = DIRECTION('',(0.,-1.,0.));
#3076 = ORIENTED_EDGE('',*,*,#2293,.T.);
#3077 = PLANE('',#3078);
#3078 = AXIS2_PLACEMENT_3D('',#3079,#3080,#3081);
#3079 = CARTESIAN_POINT('',(0.,-3.25,2.));
#3080 = DIRECTION('',(0.,0.,1.));
#3081 = DIRECTION('',(1.,0.,0.));
#3082 = ADVANCED_FACE('',(#3083),#3089,.T.);
#3083 = FACE_BOUND('',#3084,.T.);
#3084 = EDGE_LOOP('',(#3085,#3086,#3087,#3088));
#3085 = ORIENTED_EDGE('',*,*,#3054,.T.);
#3086 = ORIENTED_EDGE('',*,*,#3071,.T.);
#3087 = ORIENTED_EDGE('',*,*,#2335,.F.);
#3088 = ORIENTED_EDGE('',*,*,#2950,.F.);
#3089 = PLANE('',#3090);
#3090 = AXIS2_PLACEMENT_3D('',#3091,#3092,#3093);
#3091 = CARTESIAN_POINT('',(-33.25,-26.5,0.));
#3092 = DIRECTION('',(1.,0.,0.));
#3093 = DIRECTION('',(0.,-1.,0.));
#3094 = ADVANCED_FACE('',(#3095),#3113,.T.);
#3095 = FACE_BOUND('',#3096,.T.);
#3096 = EDGE_LOOP('',(#3097,#3098,#3106,#3112));
#3097 = ORIENTED_EDGE('',*,*,#2319,.T.);
#3098 = ORIENTED_EDGE('',*,*,#3099,.T.);
#3099 = EDGE_CURVE('',#2312,#3100,#3102,.T.);
#3100 = VERTEX_POINT('',#3101);
#3101 = CARTESIAN_POINT('',(33.25,-26.5,2.));
#3102 = LINE('',#3103,#3104);
#3103 = CARTESIAN_POINT('',(33.25,-28.5,2.));
#3104 = VECTOR('',#3105,1.);
#3105 = DIRECTION('',(0.,1.,0.));
#3106 = ORIENTED_EDGE('',*,*,#3107,.F.);
#3107 = EDGE_CURVE('',#2958,#3100,#3108,.T.);
#3108 = LINE('',#3109,#3110);
#3109 = CARTESIAN_POINT('',(33.25,-26.5,0.));
#3110 = VECTOR('',#3111,1.);
#3111 = DIRECTION('',(0.,0.,1.));
#3112 = ORIENTED_EDGE('',*,*,#2957,.F.);
#3113 = PLANE('',#3114);
#3114 = AXIS2_PLACEMENT_3D('',#3115,#3116,#3117);
#3115 = CARTESIAN_POINT('',(33.25,-28.5,0.));
#3116 = DIRECTION('',(-1.,0.,0.));
#3117 = DIRECTION('',(0.,1.,0.));
#3118 = ADVANCED_FACE('',(#3119),#3130,.T.);
#3119 = FACE_BOUND('',#3120,.F.);
#3120 = EDGE_LOOP('',(#3121,#3122,#3123,#3129));
#3121 = ORIENTED_EDGE('',*,*,#2311,.T.);
#3122 = ORIENTED_EDGE('',*,*,#3099,.T.);
#3123 = ORIENTED_EDGE('',*,*,#3124,.T.);
#3124 = EDGE_CURVE('',#3100,#2350,#3125,.T.);
#3125 = LINE('',#3126,#3127);
#3126 = CARTESIAN_POINT('',(33.25,-26.5,2.));
#3127 = VECTOR('',#3128,1.);
#3128 = DIRECTION('',(1.,0.,0.));
#3129 = ORIENTED_EDGE('',*,*,#2349,.T.);
#3130 = PLANE('',#3131);
#3131 = AXIS2_PLACEMENT_3D('',#3132,#3133,#3134);
#3132 = CARTESIAN_POINT('',(0.,-3.25,2.));
#3133 = DIRECTION('',(0.,0.,1.));
#3134 = DIRECTION('',(1.,0.,0.));
#3135 = ADVANCED_FACE('',(#3136),#3142,.T.);
#3136 = FACE_BOUND('',#3137,.T.);
#3137 = EDGE_LOOP('',(#3138,#3139,#3140,#3141));
#3138 = ORIENTED_EDGE('',*,*,#3107,.T.);
#3139 = ORIENTED_EDGE('',*,*,#3124,.T.);
#3140 = ORIENTED_EDGE('',*,*,#2391,.F.);
#3141 = ORIENTED_EDGE('',*,*,#2965,.F.);
#3142 = PLANE('',#3143);
#3143 = AXIS2_PLACEMENT_3D('',#3144,#3145,#3146);
#3144 = CARTESIAN_POINT('',(33.25,-26.5,0.));
#3145 = DIRECTION('',(0.,1.,0.));
#3146 = DIRECTION('',(1.,0.,0.));
#3147 = ADVANCED_FACE('',(#3148),#3166,.T.);
#3148 = FACE_BOUND('',#3149,.T.);
#3149 = EDGE_LOOP('',(#3150,#3151,#3159,#3165));
#3150 = ORIENTED_EDGE('',*,*,#2375,.T.);
#3151 = ORIENTED_EDGE('',*,*,#3152,.T.);
#3152 = EDGE_CURVE('',#2368,#3153,#3155,.T.);
#3153 = VERTEX_POINT('',#3154);
#3154 = CARTESIAN_POINT('',(33.25,20.,2.));
#3155 = LINE('',#3156,#3157);
#3156 = CARTESIAN_POINT('',(35.25,20.,2.));
#3157 = VECTOR('',#3158,1.);
#3158 = DIRECTION('',(-1.,0.,0.));
#3159 = ORIENTED_EDGE('',*,*,#3160,.F.);
#3160 = EDGE_CURVE('',#2973,#3153,#3161,.T.);
#3161 = LINE('',#3162,#3163);
#3162 = CARTESIAN_POINT('',(33.25,20.,0.));
#3163 = VECTOR('',#3164,1.);
#3164 = DIRECTION('',(0.,0.,1.));
#3165 = ORIENTED_EDGE('',*,*,#2972,.F.);
#3166 = PLANE('',#3167);
#3167 = AXIS2_PLACEMENT_3D('',#3168,#3169,#3170);
#3168 = CARTESIAN_POINT('',(35.25,20.,0.));
#3169 = DIRECTION('',(-0.,-1.,-0.));
#3170 = DIRECTION('',(-1.,0.,0.));
#3171 = ADVANCED_FACE('',(#3172),#3183,.T.);
#3172 = FACE_BOUND('',#3173,.F.);
#3173 = EDGE_LOOP('',(#3174,#3175,#3176,#3182));
#3174 = ORIENTED_EDGE('',*,*,#2367,.T.);
#3175 = ORIENTED_EDGE('',*,*,#3152,.T.);
#3176 = ORIENTED_EDGE('',*,*,#3177,.T.);
#3177 = EDGE_CURVE('',#3153,#2406,#3178,.T.);
#3178 = LINE('',#3179,#3180);
#3179 = CARTESIAN_POINT('',(33.25,20.,2.));
#3180 = VECTOR('',#3181,1.);
#3181 = DIRECTION('',(0.,1.,0.));
#3182 = ORIENTED_EDGE('',*,*,#2405,.T.);
#3183 = PLANE('',#3184);
#3184 = AXIS2_PLACEMENT_3D('',#3185,#3186,#3187);
#3185 = CARTESIAN_POINT('',(0.,-3.25,2.));
#3186 = DIRECTION('',(0.,0.,1.));
#3187 = DIRECTION('',(1.,0.,0.));
#3188 = ADVANCED_FACE('',(#3189),#3195,.T.);
#3189 = FACE_BOUND('',#3190,.T.);
#3190 = EDGE_LOOP('',(#3191,#3192,#3193,#3194));
#3191 = ORIENTED_EDGE('',*,*,#3160,.T.);
#3192 = ORIENTED_EDGE('',*,*,#3177,.T.);
#3193 = ORIENTED_EDGE('',*,*,#2440,.F.);
#3194 = ORIENTED_EDGE('',*,*,#2980,.F.);
#3195 = PLANE('',#3196);
#3196 = AXIS2_PLACEMENT_3D('',#3197,#3198,#3199);
#3197 = CARTESIAN_POINT('',(33.25,20.,0.));
#3198 = DIRECTION('',(-1.,0.,0.));
#3199 = DIRECTION('',(0.,1.,0.));
#3200 = ADVANCED_FACE('',(#3201),#3207,.T.);
#3201 = FACE_BOUND('',#3202,.T.);
#3202 = EDGE_LOOP('',(#3203,#3204,#3205,#3206));
#3203 = ORIENTED_EDGE('',*,*,#2424,.T.);
#3204 = ORIENTED_EDGE('',*,*,#2893,.T.);
#3205 = ORIENTED_EDGE('',*,*,#2916,.F.);
#3206 = ORIENTED_EDGE('',*,*,#2987,.F.);
#3207 = PLANE('',#3208);
#3208 = AXIS2_PLACEMENT_3D('',#3209,#3210,#3211);
#3209 = CARTESIAN_POINT('',(-33.25,22.,0.));
#3210 = DIRECTION('',(1.,0.,0.));
#3211 = DIRECTION('',(0.,-1.,0.));
#3212 = ADVANCED_FACE('',(#3213,#3244,#3255,#3258,#3269,#3272,#3283),
  #3294,.F.);
#3213 = FACE_BOUND('',#3214,.F.);
#3214 = EDGE_LOOP('',(#3215,#3225,#3232,#3233,#3234,#3235,#3236,#3237));
#3215 = ORIENTED_EDGE('',*,*,#3216,.F.);
#3216 = EDGE_CURVE('',#3217,#3219,#3221,.T.);
#3217 = VERTEX_POINT('',#3218);
#3218 = CARTESIAN_POINT('',(62.5,-52.5,-2.));
#3219 = VERTEX_POINT('',#3220);
#3220 = CARTESIAN_POINT('',(-62.5,-52.5,-2.));
#3221 = LINE('',#3222,#3223);
#3222 = CARTESIAN_POINT('',(62.5,-52.5,-2.));
#3223 = VECTOR('',#3224,1.);
#3224 = DIRECTION('',(-1.,0.,0.));
#3225 = ORIENTED_EDGE('',*,*,#3226,.F.);
#3226 = EDGE_CURVE('',#2760,#3217,#3227,.T.);
#3227 = CIRCLE('',#3228,1.5);
#3228 = AXIS2_PLACEMENT_3D('',#3229,#3230,#3231);
#3229 = CARTESIAN_POINT('',(62.5,-51.,-2.));
#3230 = DIRECTION('',(0.,0.,-1.));
#3231 = DIRECTION('',(1.,0.,0.));
#3232 = ORIENTED_EDGE('',*,*,#2759,.F.);
#3233 = ORIENTED_EDGE('',*,*,#2790,.F.);
#3234 = ORIENTED_EDGE('',*,*,#2815,.F.);
#3235 = ORIENTED_EDGE('',*,*,#2839,.F.);
#3236 = ORIENTED_EDGE('',*,*,#2864,.F.);
#3237 = ORIENTED_EDGE('',*,*,#3238,.F.);
#3238 = EDGE_CURVE('',#3219,#2857,#3239,.T.);
#3239 = CIRCLE('',#3240,1.5);
#3240 = AXIS2_PLACEMENT_3D('',#3241,#3242,#3243);
#3241 = CARTESIAN_POINT('',(-62.5,-51.,-2.));
#3242 = DIRECTION('',(-0.,-0.,-1.));
#3243 = DIRECTION('',(0.,-1.,0.));
#3244 = FACE_BOUND('',#3245,.F.);
#3245 = EDGE_LOOP('',(#3246));
#3246 = ORIENTED_EDGE('',*,*,#3247,.F.);
#3247 = EDGE_CURVE('',#3248,#3248,#3250,.T.);
#3248 = VERTEX_POINT('',#3249);
#3249 = CARTESIAN_POINT('',(-13.4,-15.,-2.));
#3250 = CIRCLE('',#3251,1.6);
#3251 = AXIS2_PLACEMENT_3D('',#3252,#3253,#3254);
#3252 = CARTESIAN_POINT('',(-15.,-15.,-2.));
#3253 = DIRECTION('',(0.,0.,1.));
#3254 = DIRECTION('',(1.,0.,0.));
#3255 = FACE_BOUND('',#3256,.F.);
#3256 = EDGE_LOOP('',(#3257));
#3257 = ORIENTED_EDGE('',*,*,#2462,.F.);
#3258 = FACE_BOUND('',#3259,.F.);
#3259 = EDGE_LOOP('',(#3260));
#3260 = ORIENTED_EDGE('',*,*,#3261,.F.);
#3261 = EDGE_CURVE('',#3262,#3262,#3264,.T.);
#3262 = VERTEX_POINT('',#3263);
#3263 = CARTESIAN_POINT('',(16.6,-15.,-2.));
#3264 = CIRCLE('',#3265,1.6);
#3265 = AXIS2_PLACEMENT_3D('',#3266,#3267,#3268);
#3266 = CARTESIAN_POINT('',(15.,-15.,-2.));
#3267 = DIRECTION('',(0.,0.,1.));
#3268 = DIRECTION('',(1.,0.,0.));
#3269 = FACE_BOUND('',#3270,.F.);
#3270 = EDGE_LOOP('',(#3271));
#3271 = ORIENTED_EDGE('',*,*,#2486,.F.);
#3272 = FACE_BOUND('',#3273,.F.);
#3273 = EDGE_LOOP('',(#3274));
#3274 = ORIENTED_EDGE('',*,*,#3275,.F.);
#3275 = EDGE_CURVE('',#3276,#3276,#3278,.T.);
#3276 = VERTEX_POINT('',#3277);
#3277 = CARTESIAN_POINT('',(-13.4,15.,-2.));
#3278 = CIRCLE('',#3279,1.6);
#3279 = AXIS2_PLACEMENT_3D('',#3280,#3281,#3282);
#3280 = CARTESIAN_POINT('',(-15.,15.,-2.));
#3281 = DIRECTION('',(0.,0.,1.));
#3282 = DIRECTION('',(1.,0.,0.));
#3283 = FACE_BOUND('',#3284,.F.);
#3284 = EDGE_LOOP('',(#3285));
#3285 = ORIENTED_EDGE('',*,*,#3286,.F.);
#3286 = EDGE_CURVE('',#3287,#3287,#3289,.T.);
#3287 = VERTEX_POINT('',#3288);
#3288 = CARTESIAN_POINT('',(16.6,15.,-2.));
#3289 = CIRCLE('',#3290,1.6);
#3290 = AXIS2_PLACEMENT_3D('',#3291,#3292,#3293);
#3291 = CARTESIAN_POINT('',(15.,15.,-2.));
#3292 = DIRECTION('',(0.,0.,1.));
#3293 = DIRECTION('',(1.,0.,0.));
#3294 = PLANE('',#3295);
#3295 = AXIS2_PLACEMENT_3D('',#3296,#3297,#3298);
#3296 = CARTESIAN_POINT('',(0.,-13.5,-2.));
#3297 = DIRECTION('',(0.,0.,1.));
#3298 = DIRECTION('',(1.,0.,0.));
#3299 = ADVANCED_FACE('',(#3300),#3303,.T.);
#3300 = FACE_BOUND('',#3301,.T.);
#3301 = EDGE_LOOP('',(#3302));
#3302 = ORIENTED_EDGE('',*,*,#2512,.T.);
#3303 = PLANE('',#3304);
#3304 = AXIS2_PLACEMENT_3D('',#3305,#3306,#3307);
#3305 = CARTESIAN_POINT('',(2.56564478E-09,-18.9738593143,0.));
#3306 = DIRECTION('',(0.,0.,1.));
#3307 = DIRECTION('',(1.,0.,0.));
#3308 = ADVANCED_FACE('',(#3309),#3320,.T.);
#3309 = FACE_BOUND('',#3310,.F.);
#3310 = EDGE_LOOP('',(#3311,#3317,#3318,#3319));
#3311 = ORIENTED_EDGE('',*,*,#3312,.F.);
#3312 = EDGE_CURVE('',#3219,#2651,#3313,.T.);
#3313 = LINE('',#3314,#3315);
#3314 = CARTESIAN_POINT('',(-62.5,-52.75,-1.75));
#3315 = VECTOR('',#3316,1.);
#3316 = DIRECTION('',(0.,-0.707106781187,0.707106781187));
#3317 = ORIENTED_EDGE('',*,*,#3238,.T.);
#3318 = ORIENTED_EDGE('',*,*,#2856,.T.);
#3319 = ORIENTED_EDGE('',*,*,#2658,.F.);
#3320 = CONICAL_SURFACE('',#3321,2.,0.785398163397);
#3321 = AXIS2_PLACEMENT_3D('',#3322,#3323,#3324);
#3322 = CARTESIAN_POINT('',(-62.5,-51.,-1.5));
#3323 = DIRECTION('',(0.,0.,1.));
#3324 = DIRECTION('',(0.,-1.,0.));
#3325 = ADVANCED_FACE('',(#3326),#3337,.F.);
#3326 = FACE_BOUND('',#3327,.F.);
#3327 = EDGE_LOOP('',(#3328,#3334,#3335,#3336));
#3328 = ORIENTED_EDGE('',*,*,#3329,.F.);
#3329 = EDGE_CURVE('',#3217,#2677,#3330,.T.);
#3330 = LINE('',#3331,#3332);
#3331 = CARTESIAN_POINT('',(62.5,-52.75,-1.75));
#3332 = VECTOR('',#3333,1.);
#3333 = DIRECTION('',(0.,-0.707106781187,0.707106781187));
#3334 = ORIENTED_EDGE('',*,*,#3216,.T.);
#3335 = ORIENTED_EDGE('',*,*,#3312,.T.);
#3336 = ORIENTED_EDGE('',*,*,#2676,.F.);
#3337 = PLANE('',#3338);
#3338 = AXIS2_PLACEMENT_3D('',#3339,#3340,#3341);
#3339 = CARTESIAN_POINT('',(62.5,-52.75,-1.75));
#3340 = DIRECTION('',(-0.,0.707106781187,0.707106781187));
#3341 = DIRECTION('',(-1.,0.,-0.));
#3342 = ADVANCED_FACE('',(#3343),#3349,.T.);
#3343 = FACE_BOUND('',#3344,.F.);
#3344 = EDGE_LOOP('',(#3345,#3346,#3347,#3348));
#3345 = ORIENTED_EDGE('',*,*,#2767,.F.);
#3346 = ORIENTED_EDGE('',*,*,#3226,.T.);
#3347 = ORIENTED_EDGE('',*,*,#3329,.T.);
#3348 = ORIENTED_EDGE('',*,*,#2700,.F.);
#3349 = CONICAL_SURFACE('',#3350,2.,0.785398163397);
#3350 = AXIS2_PLACEMENT_3D('',#3351,#3352,#3353);
#3351 = CARTESIAN_POINT('',(62.5,-51.,-1.5));
#3352 = DIRECTION('',(0.,0.,1.));
#3353 = DIRECTION('',(1.,0.,-0.));
#3354 = ADVANCED_FACE('',(#3355),#3358,.T.);
#3355 = FACE_BOUND('',#3356,.T.);
#3356 = EDGE_LOOP('',(#3357));
#3357 = ORIENTED_EDGE('',*,*,#2727,.T.);
#3358 = PLANE('',#3359);
#3359 = AXIS2_PLACEMENT_3D('',#3360,#3361,#3362);
#3360 = CARTESIAN_POINT('',(2.56564478E-09,-18.9738593143,0.));
#3361 = DIRECTION('',(0.,0.,1.));
#3362 = DIRECTION('',(1.,0.,0.));
#3363 = ADVANCED_FACE('',(#3364),#3383,.F.);
#3364 = FACE_BOUND('',#3365,.F.);
#3365 = EDGE_LOOP('',(#3366,#3374,#3381,#3382));
#3366 = ORIENTED_EDGE('',*,*,#3367,.T.);
#3367 = EDGE_CURVE('',#2996,#3368,#3370,.T.);
#3368 = VERTEX_POINT('',#3369);
#3369 = CARTESIAN_POINT('',(-11.,-15.,-1.));
#3370 = LINE('',#3371,#3372);
#3371 = CARTESIAN_POINT('',(-11.,-15.,0.));
#3372 = VECTOR('',#3373,1.);
#3373 = DIRECTION('',(-0.,-0.,-1.));
#3374 = ORIENTED_EDGE('',*,*,#3375,.T.);
#3375 = EDGE_CURVE('',#3368,#3368,#3376,.T.);
#3376 = CIRCLE('',#3377,4.);
#3377 = AXIS2_PLACEMENT_3D('',#3378,#3379,#3380);
#3378 = CARTESIAN_POINT('',(-15.,-15.,-1.));
#3379 = DIRECTION('',(0.,0.,1.));
#3380 = DIRECTION('',(1.,0.,0.));
#3381 = ORIENTED_EDGE('',*,*,#3367,.F.);
#3382 = ORIENTED_EDGE('',*,*,#2995,.F.);
#3383 = CYLINDRICAL_SURFACE('',#3384,4.);
#3384 = AXIS2_PLACEMENT_3D('',#3385,#3386,#3387);
#3385 = CARTESIAN_POINT('',(-15.,-15.,0.));
#3386 = DIRECTION('',(0.,0.,1.));
#3387 = DIRECTION('',(1.,0.,0.));
#3388 = ADVANCED_FACE('',(#3389),#3408,.F.);
#3389 = FACE_BOUND('',#3390,.F.);
#3390 = EDGE_LOOP('',(#3391,#3399,#3406,#3407));
#3391 = ORIENTED_EDGE('',*,*,#3392,.T.);
#3392 = EDGE_CURVE('',#3007,#3393,#3395,.T.);
#3393 = VERTEX_POINT('',#3394);
#3394 = CARTESIAN_POINT('',(19.,-15.,-1.));
#3395 = LINE('',#3396,#3397);
#3396 = CARTESIAN_POINT('',(19.,-15.,0.));
#3397 = VECTOR('',#3398,1.);
#3398 = DIRECTION('',(-0.,-0.,-1.));
#3399 = ORIENTED_EDGE('',*,*,#3400,.T.);
#3400 = EDGE_CURVE('',#3393,#3393,#3401,.T.);
#3401 = CIRCLE('',#3402,4.);
#3402 = AXIS2_PLACEMENT_3D('',#3403,#3404,#3405);
#3403 = CARTESIAN_POINT('',(15.,-15.,-1.));
#3404 = DIRECTION('',(0.,0.,1.));
#3405 = DIRECTION('',(1.,0.,0.));
#3406 = ORIENTED_EDGE('',*,*,#3392,.F.);
#3407 = ORIENTED_EDGE('',*,*,#3006,.F.);
#3408 = CYLINDRICAL_SURFACE('',#3409,4.);
#3409 = AXIS2_PLACEMENT_3D('',#3410,#3411,#3412);
#3410 = CARTESIAN_POINT('',(15.,-15.,0.));
#3411 = DIRECTION('',(0.,0.,1.));
#3412 = DIRECTION('',(1.,0.,0.));
#3413 = ADVANCED_FACE('',(#3414),#3433,.F.);
#3414 = FACE_BOUND('',#3415,.F.);
#3415 = EDGE_LOOP('',(#3416,#3424,#3431,#3432));
#3416 = ORIENTED_EDGE('',*,*,#3417,.T.);
#3417 = EDGE_CURVE('',#3018,#3418,#3420,.T.);
#3418 = VERTEX_POINT('',#3419);
#3419 = CARTESIAN_POINT('',(-11.,15.,-1.));
#3420 = LINE('',#3421,#3422);
#3421 = CARTESIAN_POINT('',(-11.,15.,0.));
#3422 = VECTOR('',#3423,1.);
#3423 = DIRECTION('',(-0.,-0.,-1.));
#3424 = ORIENTED_EDGE('',*,*,#3425,.T.);
#3425 = EDGE_CURVE('',#3418,#3418,#3426,.T.);
#3426 = CIRCLE('',#3427,4.);
#3427 = AXIS2_PLACEMENT_3D('',#3428,#3429,#3430);
#3428 = CARTESIAN_POINT('',(-15.,15.,-1.));
#3429 = DIRECTION('',(0.,0.,1.));
#3430 = DIRECTION('',(1.,0.,0.));
#3431 = ORIENTED_EDGE('',*,*,#3417,.F.);
#3432 = ORIENTED_EDGE('',*,*,#3017,.F.);
#3433 = CYLINDRICAL_SURFACE('',#3434,4.);
#3434 = AXIS2_PLACEMENT_3D('',#3435,#3436,#3437);
#3435 = CARTESIAN_POINT('',(-15.,15.,0.));
#3436 = DIRECTION('',(0.,0.,1.));
#3437 = DIRECTION('',(1.,0.,0.));
#3438 = ADVANCED_FACE('',(#3439),#3458,.F.);
#3439 = FACE_BOUND('',#3440,.F.);
#3440 = EDGE_LOOP('',(#3441,#3449,#3456,#3457));
#3441 = ORIENTED_EDGE('',*,*,#3442,.T.);
#3442 = EDGE_CURVE('',#3029,#3443,#3445,.T.);
#3443 = VERTEX_POINT('',#3444);
#3444 = CARTESIAN_POINT('',(19.,15.,-1.));
#3445 = LINE('',#3446,#3447);
#3446 = CARTESIAN_POINT('',(19.,15.,0.));
#3447 = VECTOR('',#3448,1.);
#3448 = DIRECTION('',(-0.,-0.,-1.));
#3449 = ORIENTED_EDGE('',*,*,#3450,.T.);
#3450 = EDGE_CURVE('',#3443,#3443,#3451,.T.);
#3451 = CIRCLE('',#3452,4.);
#3452 = AXIS2_PLACEMENT_3D('',#3453,#3454,#3455);
#3453 = CARTESIAN_POINT('',(15.,15.,-1.));
#3454 = DIRECTION('',(0.,0.,1.));
#3455 = DIRECTION('',(1.,0.,0.));
#3456 = ORIENTED_EDGE('',*,*,#3442,.F.);
#3457 = ORIENTED_EDGE('',*,*,#3028,.F.);
#3458 = CYLINDRICAL_SURFACE('',#3459,4.);
#3459 = AXIS2_PLACEMENT_3D('',#3460,#3461,#3462);
#3460 = CARTESIAN_POINT('',(15.,15.,0.));
#3461 = DIRECTION('',(0.,0.,1.));
#3462 = DIRECTION('',(1.,0.,0.));
#3463 = ADVANCED_FACE('',(#3464),#3483,.F.);
#3464 = FACE_BOUND('',#3465,.F.);
#3465 = EDGE_LOOP('',(#3466,#3475,#3481,#3482));
#3466 = ORIENTED_EDGE('',*,*,#3467,.F.);
#3467 = EDGE_CURVE('',#3468,#3468,#3470,.T.);
#3468 = VERTEX_POINT('',#3469);
#3469 = CARTESIAN_POINT('',(-13.4,-15.,-1.));
#3470 = CIRCLE('',#3471,1.6);
#3471 = AXIS2_PLACEMENT_3D('',#3472,#3473,#3474);
#3472 = CARTESIAN_POINT('',(-15.,-15.,-1.));
#3473 = DIRECTION('',(0.,0.,1.));
#3474 = DIRECTION('',(1.,0.,0.));
#3475 = ORIENTED_EDGE('',*,*,#3476,.T.);
#3476 = EDGE_CURVE('',#3468,#3248,#3477,.T.);
#3477 = LINE('',#3478,#3479);
#3478 = CARTESIAN_POINT('',(-13.4,-15.,0.));
#3479 = VECTOR('',#3480,1.);
#3480 = DIRECTION('',(-0.,-0.,-1.));
#3481 = ORIENTED_EDGE('',*,*,#3247,.T.);
#3482 = ORIENTED_EDGE('',*,*,#3476,.F.);
#3483 = CYLINDRICAL_SURFACE('',#3484,1.6);
#3484 = AXIS2_PLACEMENT_3D('',#3485,#3486,#3487);
#3485 = CARTESIAN_POINT('',(-15.,-15.,0.));
#3486 = DIRECTION('',(0.,0.,1.));
#3487 = DIRECTION('',(1.,0.,0.));
#3488 = ADVANCED_FACE('',(#3489),#3508,.F.);
#3489 = FACE_BOUND('',#3490,.F.);
#3490 = EDGE_LOOP('',(#3491,#3500,#3506,#3507));
#3491 = ORIENTED_EDGE('',*,*,#3492,.F.);
#3492 = EDGE_CURVE('',#3493,#3493,#3495,.T.);
#3493 = VERTEX_POINT('',#3494);
#3494 = CARTESIAN_POINT('',(16.6,-15.,-1.));
#3495 = CIRCLE('',#3496,1.6);
#3496 = AXIS2_PLACEMENT_3D('',#3497,#3498,#3499);
#3497 = CARTESIAN_POINT('',(15.,-15.,-1.));
#3498 = DIRECTION('',(0.,0.,1.));
#3499 = DIRECTION('',(1.,0.,0.));
#3500 = ORIENTED_EDGE('',*,*,#3501,.T.);
#3501 = EDGE_CURVE('',#3493,#3262,#3502,.T.);
#3502 = LINE('',#3503,#3504);
#3503 = CARTESIAN_POINT('',(16.6,-15.,0.));
#3504 = VECTOR('',#3505,1.);
#3505 = DIRECTION('',(-0.,-0.,-1.));
#3506 = ORIENTED_EDGE('',*,*,#3261,.T.);
#3507 = ORIENTED_EDGE('',*,*,#3501,.F.);
#3508 = CYLINDRICAL_SURFACE('',#3509,1.6);
#3509 = AXIS2_PLACEMENT_3D('',#3510,#3511,#3512);
#3510 = CARTESIAN_POINT('',(15.,-15.,0.));
#3511 = DIRECTION('',(0.,0.,1.));
#3512 = DIRECTION('',(1.,0.,0.));
#3513 = ADVANCED_FACE('',(#3514),#3533,.F.);
#3514 = FACE_BOUND('',#3515,.F.);
#3515 = EDGE_LOOP('',(#3516,#3525,#3531,#3532));
#3516 = ORIENTED_EDGE('',*,*,#3517,.F.);
#3517 = EDGE_CURVE('',#3518,#3518,#3520,.T.);
#3518 = VERTEX_POINT('',#3519);
#3519 = CARTESIAN_POINT('',(-13.4,15.,-1.));
#3520 = CIRCLE('',#3521,1.6);
#3521 = AXIS2_PLACEMENT_3D('',#3522,#3523,#3524);
#3522 = CARTESIAN_POINT('',(-15.,15.,-1.));
#3523 = DIRECTION('',(0.,0.,1.));
#3524 = DIRECTION('',(1.,0.,0.));
#3525 = ORIENTED_EDGE('',*,*,#3526,.T.);
#3526 = EDGE_CURVE('',#3518,#3276,#3527,.T.);
#3527 = LINE('',#3528,#3529);
#3528 = CARTESIAN_POINT('',(-13.4,15.,0.));
#3529 = VECTOR('',#3530,1.);
#3530 = DIRECTION('',(-0.,-0.,-1.));
#3531 = ORIENTED_EDGE('',*,*,#3275,.T.);
#3532 = ORIENTED_EDGE('',*,*,#3526,.F.);
#3533 = CYLINDRICAL_SURFACE('',#3534,1.6);
#3534 = AXIS2_PLACEMENT_3D('',#3535,#3536,#3537);
#3535 = CARTESIAN_POINT('',(-15.,15.,0.));
#3536 = DIRECTION('',(0.,0.,1.));
#3537 = DIRECTION('',(1.,0.,0.));
#3538 = ADVANCED_FACE('',(#3539),#3558,.F.);
#3539 = FACE_BOUND('',#3540,.F.);
#3540 = EDGE_LOOP('',(#3541,#3550,#3556,#3557));
#3541 = ORIENTED_EDGE('',*,*,#3542,.F.);
#3542 = EDGE_CURVE('',#3543,#3543,#3545,.T.);
#3543 = VERTEX_POINT('',#3544);
#3544 = CARTESIAN_POINT('',(16.6,15.,-1.));
#3545 = CIRCLE('',#3546,1.6);
#3546 = AXIS2_PLACEMENT_3D('',#3547,#3548,#3549);
#3547 = CARTESIAN_POINT('',(15.,15.,-1.));
#3548 = DIRECTION('',(0.,0.,1.));
#3549 = DIRECTION('',(1.,0.,0.));
#3550 = ORIENTED_EDGE('',*,*,#3551,.T.);
#3551 = EDGE_CURVE('',#3543,#3287,#3552,.T.);
#3552 = LINE('',#3553,#3554);
#3553 = CARTESIAN_POINT('',(16.6,15.,0.));
#3554 = VECTOR('',#3555,1.);
#3555 = DIRECTION('',(-0.,-0.,-1.));
#3556 = ORIENTED_EDGE('',*,*,#3286,.T.);
#3557 = ORIENTED_EDGE('',*,*,#3551,.F.);
#3558 = CYLINDRICAL_SURFACE('',#3559,1.6);
#3559 = AXIS2_PLACEMENT_3D('',#3560,#3561,#3562);
#3560 = CARTESIAN_POINT('',(15.,15.,0.));
#3561 = DIRECTION('',(0.,0.,1.));
#3562 = DIRECTION('',(1.,0.,0.));
#3563 = ADVANCED_FACE('',(#3564,#3567),#3570,.T.);
#3564 = FACE_BOUND('',#3565,.T.);
#3565 = EDGE_LOOP('',(#3566));
#3566 = ORIENTED_EDGE('',*,*,#3375,.T.);
#3567 = FACE_BOUND('',#3568,.T.);
#3568 = EDGE_LOOP('',(#3569));
#3569 = ORIENTED_EDGE('',*,*,#3467,.F.);
#3570 = PLANE('',#3571);
#3571 = AXIS2_PLACEMENT_3D('',#3572,#3573,#3574);
#3572 = CARTESIAN_POINT('',(-5.1E-16,-1.11E-15,-1.));
#3573 = DIRECTION('',(0.,0.,1.));
#3574 = DIRECTION('',(1.,0.,0.));
#3575 = ADVANCED_FACE('',(#3576,#3579),#3582,.T.);
#3576 = FACE_BOUND('',#3577,.T.);
#3577 = EDGE_LOOP('',(#3578));
#3578 = ORIENTED_EDGE('',*,*,#3400,.T.);
#3579 = FACE_BOUND('',#3580,.T.);
#3580 = EDGE_LOOP('',(#3581));
#3581 = ORIENTED_EDGE('',*,*,#3492,.F.);
#3582 = PLANE('',#3583);
#3583 = AXIS2_PLACEMENT_3D('',#3584,#3585,#3586);
#3584 = CARTESIAN_POINT('',(-5.1E-16,-1.11E-15,-1.));
#3585 = DIRECTION('',(0.,0.,1.));
#3586 = DIRECTION('',(1.,0.,0.));
#3587 = ADVANCED_FACE('',(#3588,#3591),#3594,.T.);
#3588 = FACE_BOUND('',#3589,.T.);
#3589 = EDGE_LOOP('',(#3590));
#3590 = ORIENTED_EDGE('',*,*,#3425,.T.);
#3591 = FACE_BOUND('',#3592,.T.);
#3592 = EDGE_LOOP('',(#3593));
#3593 = ORIENTED_EDGE('',*,*,#3517,.F.);
#3594 = PLANE('',#3595);
#3595 = AXIS2_PLACEMENT_3D('',#3596,#3597,#3598);
#3596 = CARTESIAN_POINT('',(-5.1E-16,-1.11E-15,-1.));
#3597 = DIRECTION('',(0.,0.,1.));
#3598 = DIRECTION('',(1.,0.,0.));
#3599 = ADVANCED_FACE('',(#3600,#3603),#3606,.T.);
#3600 = FACE_BOUND('',#3601,.T.);
#3601 = EDGE_LOOP('',(#3602));
#3602 = ORIENTED_EDGE('',*,*,#3450,.T.);
#3603 = FACE_BOUND('',#3604,.T.);
#3604 = EDGE_LOOP('',(#3605));
#3605 = ORIENTED_EDGE('',*,*,#3542,.F.);
#3606 = PLANE('',#3607);
#3607 = AXIS2_PLACEMENT_3D('',#3608,#3609,#3610);
#3608 = CARTESIAN_POINT('',(-5.1E-16,-1.11E-15,-1.));
#3609 = DIRECTION('',(0.,0.,1.));
#3610 = DIRECTION('',(1.,0.,0.));
#3611 = ( GEOMETRIC_REPRESENTATION_CONTEXT(3) 
GLOBAL_UNCERTAINTY_ASSIGNED_CONTEXT((#3615)) 
GLOBAL_UNIT_ASSIGNED_CONTEXT((#3612,#3613,#3614)) REPRESENTATION_CONTEXT
('Context #1','3D Context with UNIT and UNCERTAINTY') );
#3612 = ( LENGTH_UNIT() NAMED_UNIT(*) SI_UNIT(.MILLI.,.METRE.) );
#3613 = ( NAMED_UNIT(*) PLANE_ANGLE_UNIT() SI_UNIT($,.RADIAN.) );
#3614 = ( NAMED_UNIT(*) SI_UNIT($,.STERADIAN.) SOLID_ANGLE_UNIT() );
#3615 = UNCERTAINTY_MEASURE_WITH_UNIT(LENGTH_MEASURE(5.E-05),#3612,
  'distance_accuracy_value','confusion accuracy');
#3616 = PRODUCT_RELATED_PRODUCT_CATEGORY('part',$,(#7));
#3617 = MECHANICAL_DESIGN_GEOMETRIC_PRESENTATION_REPRESENTATION('',(
    #3618),#3611);
#3618 = STYLED_ITEM('color',(#3619),#15);
#3619 = PRESENTATION_STYLE_ASSIGNMENT((#3620,#3626));
#3620 = SURFACE_STYLE_USAGE(.BOTH.,#3621);
#3621 = SURFACE_SIDE_STYLE('',(#3622));
#3622 = SURFACE_STYLE_FILL_AREA(#3623);
#3623 = FILL_AREA_STYLE('',(#3624));
#3624 = FILL_AREA_STYLE_COLOUR('',#3625);
#3625 = COLOUR_RGB('',0.678431390124,0.709803936702,0.741176476869);
#3626 = CURVE_STYLE('',#3627,POSITIVE_LENGTH_MEASURE(0.1),#3628);
#3627 = DRAUGHTING_PRE_DEFINED_CURVE_FONT('continuous');
#3628 = COLOUR_RGB('',9.803921802644E-02,9.803921802644E-02,
  9.803921802644E-02);
ENDSEC;
END-ISO-10303-21;
