ISO-10303-21;
HEADER;
FILE_DESCRIPTION(('FreeCAD Model'),'2;1');
FILE_NAME('Open CASCADE Shape Model','2026-05-07T10:04:32',(''),(''),
  'Open CASCADE STEP processor 7.8','FreeCAD','Unknown');
FILE_SCHEMA(('AUTOMOTIVE_DESIGN { 1 0 10303 214 1 1 1 1 }'));
ENDSEC;
DATA;
#1 = APPLICATION_PROTOCOL_DEFINITION('international standard',
  'automotive_design',2000,#2);
#2 = APPLICATION_CONTEXT(
  'core data for automotive mechanical design processes');
#3 = SHAPE_DEFINITION_REPRESENTATION(#4,#10);
#4 = PRODUCT_DEFINITION_SHAPE('','',#5);
#5 = PRODUCT_DEFINITION('design','',#6,#9);
#6 = PRODUCT_DEFINITION_FORMATION('','',#7);
#7 = PRODUCT('Lid','Lid','',(#8));
#8 = PRODUCT_CONTEXT('',#2,'mechanical');
#9 = PRODUCT_DEFINITION_CONTEXT('part definition',#2,'design');
#10 = ADVANCED_BREP_SHAPE_REPRESENTATION('',(#11,#15),#3035);
#11 = AXIS2_PLACEMENT_3D('',#12,#13,#14);
#12 = CARTESIAN_POINT('',(0.,0.,0.));
#13 = DIRECTION('',(0.,0.,1.));
#14 = DIRECTION('',(1.,0.,-0.));
#15 = MANIFOLD_SOLID_BREP('',#16);
#16 = CLOSED_SHELL('',(#17,#249,#280,#304,#328,#345,#370,#395,#420,#475,
    #500,#524,#549,#597,#621,#668,#692,#732,#779,#803,#843,#867,#892,
    #923,#947,#971,#988,#1008,#1028,#1048,#1284,#1309,#1340,#1365,#1389,
    #1414,#1439,#1463,#1772,#1784,#1796,#1816,#1898,#1923,#1948,#1973,
    #1990,#2012,#2029,#2046,#2058,#2080,#2097,#2114,#2126,#2148,#2165,
    #2182,#2194,#2216,#2233,#2250,#2262,#2279,#2296,#2327,#2352,#2377,
    #2401,#2425,#2450,#2475,#2492,#2509,#2526,#2543,#2555,#2580,#2597,
    #2628,#2653,#2678,#2702,#2726,#2751,#2776,#2793,#2815,#2832,#2849,
    #2866,#2883,#2900,#2917,#2929,#2947,#2964,#2981,#2993,#3011,#3023));
#17 = ADVANCED_FACE('',(#18,#52,#63,#74,#85,#233),#244,.F.);
#18 = FACE_BOUND('',#19,.F.);
#19 = EDGE_LOOP('',(#20,#30,#38,#46));
#20 = ORIENTED_EDGE('',*,*,#21,.T.);
#21 = EDGE_CURVE('',#22,#24,#26,.T.);
#22 = VERTEX_POINT('',#23);
#23 = CARTESIAN_POINT('',(-62.2,23.7,33.));
#24 = VERTEX_POINT('',#25);
#25 = CARTESIAN_POINT('',(-62.2,-51.2,33.));
#26 = LINE('',#27,#28);
#27 = CARTESIAN_POINT('',(-62.2,24.,33.));
#28 = VECTOR('',#29,1.);
#29 = DIRECTION('',(0.,-1.,0.));
#30 = ORIENTED_EDGE('',*,*,#31,.T.);
#31 = EDGE_CURVE('',#24,#32,#34,.T.);
#32 = VERTEX_POINT('',#33);
#33 = CARTESIAN_POINT('',(62.2,-51.2,33.));
#34 = LINE('',#35,#36);
#35 = CARTESIAN_POINT('',(-62.5,-51.2,33.));
#36 = VECTOR('',#37,1.);
#37 = DIRECTION('',(1.,0.,0.));
#38 = ORIENTED_EDGE('',*,*,#39,.T.);
#39 = EDGE_CURVE('',#32,#40,#42,.T.);
#40 = VERTEX_POINT('',#41);
#41 = CARTESIAN_POINT('',(62.2,23.7,33.));
#42 = LINE('',#43,#44);
#43 = CARTESIAN_POINT('',(62.2,-51.5,33.));
#44 = VECTOR('',#45,1.);
#45 = DIRECTION('',(0.,1.,0.));
#46 = ORIENTED_EDGE('',*,*,#47,.T.);
#47 = EDGE_CURVE('',#40,#22,#48,.T.);
#48 = LINE('',#49,#50);
#49 = CARTESIAN_POINT('',(62.5,23.7,33.));
#50 = VECTOR('',#51,1.);
#51 = DIRECTION('',(-1.,0.,0.));
#52 = FACE_BOUND('',#53,.F.);
#53 = EDGE_LOOP('',(#54));
#54 = ORIENTED_EDGE('',*,*,#55,.T.);
#55 = EDGE_CURVE('',#56,#56,#58,.T.);
#56 = VERTEX_POINT('',#57);
#57 = CARTESIAN_POINT('',(-56.9,-47.5,33.));
#58 = CIRCLE('',#59,1.6);
#59 = AXIS2_PLACEMENT_3D('',#60,#61,#62);
#60 = CARTESIAN_POINT('',(-58.5,-47.5,33.));
#61 = DIRECTION('',(0.,0.,-1.));
#62 = DIRECTION('',(1.,0.,0.));
#63 = FACE_BOUND('',#64,.F.);
#64 = EDGE_LOOP('',(#65));
#65 = ORIENTED_EDGE('',*,*,#66,.T.);
#66 = EDGE_CURVE('',#67,#67,#69,.T.);
#67 = VERTEX_POINT('',#68);
#68 = CARTESIAN_POINT('',(60.1,-47.5,33.));
#69 = CIRCLE('',#70,1.6);
#70 = AXIS2_PLACEMENT_3D('',#71,#72,#73);
#71 = CARTESIAN_POINT('',(58.5,-47.5,33.));
#72 = DIRECTION('',(0.,0.,-1.));
#73 = DIRECTION('',(1.,0.,0.));
#74 = FACE_BOUND('',#75,.F.);
#75 = EDGE_LOOP('',(#76));
#76 = ORIENTED_EDGE('',*,*,#77,.T.);
#77 = EDGE_CURVE('',#78,#78,#80,.T.);
#78 = VERTEX_POINT('',#79);
#79 = CARTESIAN_POINT('',(-56.9,20.,33.));
#80 = CIRCLE('',#81,1.6);
#81 = AXIS2_PLACEMENT_3D('',#82,#83,#84);
#82 = CARTESIAN_POINT('',(-58.5,20.,33.));
#83 = DIRECTION('',(0.,0.,-1.));
#84 = DIRECTION('',(1.,0.,0.));
#85 = FACE_BOUND('',#86,.F.);
#86 = EDGE_LOOP('',(#87,#97,#105,#113,#121,#129,#137,#145,#153,#161,#169
    ,#177,#185,#193,#201,#209,#218,#226));
#87 = ORIENTED_EDGE('',*,*,#88,.F.);
#88 = EDGE_CURVE('',#89,#91,#93,.T.);
#89 = VERTEX_POINT('',#90);
#90 = CARTESIAN_POINT('',(1.,16.934844970703,33.));
#91 = VERTEX_POINT('',#92);
#92 = CARTESIAN_POINT('',(1.,19.679203,33.));
#93 = LINE('',#94,#95);
#94 = CARTESIAN_POINT('',(1.,3.9646015,33.));
#95 = VECTOR('',#96,1.);
#96 = DIRECTION('',(0.,1.,0.));
#97 = ORIENTED_EDGE('',*,*,#98,.F.);
#98 = EDGE_CURVE('',#99,#89,#101,.T.);
#99 = VERTEX_POINT('',#100);
#100 = CARTESIAN_POINT('',(54.434844970703,16.934844970703,33.));
#101 = LINE('',#102,#103);
#102 = CARTESIAN_POINT('',(54.434844970703,16.934844970703,33.));
#103 = VECTOR('',#104,1.);
#104 = DIRECTION('',(-1.,0.,0.));
#105 = ORIENTED_EDGE('',*,*,#106,.F.);
#106 = EDGE_CURVE('',#107,#99,#109,.T.);
#107 = VERTEX_POINT('',#108);
#108 = CARTESIAN_POINT('',(54.434844970703,-26.346277,33.));
#109 = LINE('',#110,#111);
#110 = CARTESIAN_POINT('',(54.434844970703,-43.4348449707,33.));
#111 = VECTOR('',#112,1.);
#112 = DIRECTION('',(0.,1.,0.));
#113 = ORIENTED_EDGE('',*,*,#114,.F.);
#114 = EDGE_CURVE('',#115,#107,#117,.T.);
#115 = VERTEX_POINT('',#116);
#116 = CARTESIAN_POINT('',(54.625,-26.346277,33.));
#117 = LINE('',#118,#119);
#118 = CARTESIAN_POINT('',(27.3125,-26.346277,33.));
#119 = VECTOR('',#120,1.);
#120 = DIRECTION('',(-1.,0.,0.));
#121 = ORIENTED_EDGE('',*,*,#122,.F.);
#122 = EDGE_CURVE('',#123,#115,#125,.T.);
#123 = VERTEX_POINT('',#124);
#124 = CARTESIAN_POINT('',(54.625,-40.346277,33.));
#125 = LINE('',#126,#127);
#126 = CARTESIAN_POINT('',(54.625,-27.0481385,33.));
#127 = VECTOR('',#128,1.);
#128 = DIRECTION('',(0.,1.,0.));
#129 = ORIENTED_EDGE('',*,*,#130,.F.);
#130 = EDGE_CURVE('',#131,#123,#133,.T.);
#131 = VERTEX_POINT('',#132);
#132 = CARTESIAN_POINT('',(54.434844970703,-40.346277,33.));
#133 = LINE('',#134,#135);
#134 = CARTESIAN_POINT('',(20.3125,-40.346277,33.));
#135 = VECTOR('',#136,1.);
#136 = DIRECTION('',(1.,0.,0.));
#137 = ORIENTED_EDGE('',*,*,#138,.F.);
#138 = EDGE_CURVE('',#139,#131,#141,.T.);
#139 = VERTEX_POINT('',#140);
#140 = CARTESIAN_POINT('',(54.434844970703,-43.4348449707,33.));
#141 = LINE('',#142,#143);
#142 = CARTESIAN_POINT('',(54.434844970703,-43.4348449707,33.));
#143 = VECTOR('',#144,1.);
#144 = DIRECTION('',(0.,1.,0.));
#145 = ORIENTED_EDGE('',*,*,#146,.F.);
#146 = EDGE_CURVE('',#147,#139,#149,.T.);
#147 = VERTEX_POINT('',#148);
#148 = CARTESIAN_POINT('',(-54.4348449707,-43.4348449707,33.));
#149 = LINE('',#150,#151);
#150 = CARTESIAN_POINT('',(-54.4348449707,-43.4348449707,33.));
#151 = VECTOR('',#152,1.);
#152 = DIRECTION('',(1.,0.,0.));
#153 = ORIENTED_EDGE('',*,*,#154,.F.);
#154 = EDGE_CURVE('',#155,#147,#157,.T.);
#155 = VERTEX_POINT('',#156);
#156 = CARTESIAN_POINT('',(-54.4348449707,-40.346277,33.));
#157 = LINE('',#158,#159);
#158 = CARTESIAN_POINT('',(-54.4348449707,15.934844970703,33.));
#159 = VECTOR('',#160,1.);
#160 = DIRECTION('',(0.,-1.,0.));
#161 = ORIENTED_EDGE('',*,*,#162,.F.);
#162 = EDGE_CURVE('',#163,#155,#165,.T.);
#163 = VERTEX_POINT('',#164);
#164 = CARTESIAN_POINT('',(-54.625,-40.346277,33.));
#165 = LINE('',#166,#167);
#166 = CARTESIAN_POINT('',(-27.3125,-40.346277,33.));
#167 = VECTOR('',#168,1.);
#168 = DIRECTION('',(1.,0.,0.));
#169 = ORIENTED_EDGE('',*,*,#170,.F.);
#170 = EDGE_CURVE('',#171,#163,#173,.T.);
#171 = VERTEX_POINT('',#172);
#172 = CARTESIAN_POINT('',(-54.625,-26.346277,33.));
#173 = LINE('',#174,#175);
#174 = CARTESIAN_POINT('',(-54.625,-20.0481385,33.));
#175 = VECTOR('',#176,1.);
#176 = DIRECTION('',(0.,-1.,0.));
#177 = ORIENTED_EDGE('',*,*,#178,.F.);
#178 = EDGE_CURVE('',#179,#171,#181,.T.);
#179 = VERTEX_POINT('',#180);
#180 = CARTESIAN_POINT('',(-54.4348449707,-26.346277,33.));
#181 = LINE('',#182,#183);
#182 = CARTESIAN_POINT('',(-20.3125,-26.346277,33.));
#183 = VECTOR('',#184,1.);
#184 = DIRECTION('',(-1.,0.,0.));
#185 = ORIENTED_EDGE('',*,*,#186,.T.);
#186 = EDGE_CURVE('',#179,#187,#189,.T.);
#187 = VERTEX_POINT('',#188);
#188 = CARTESIAN_POINT('',(-54.4348449707,16.934844970703,33.));
#189 = LINE('',#190,#191);
#190 = CARTESIAN_POINT('',(-54.4348449707,1.092422485352,33.));
#191 = VECTOR('',#192,1.);
#192 = DIRECTION('',(0.,1.,0.));
#193 = ORIENTED_EDGE('',*,*,#194,.F.);
#194 = EDGE_CURVE('',#195,#187,#197,.T.);
#195 = VERTEX_POINT('',#196);
#196 = CARTESIAN_POINT('',(-17.,16.934844970703,33.));
#197 = LINE('',#198,#199);
#198 = CARTESIAN_POINT('',(-17.,16.934844970703,33.));
#199 = VECTOR('',#200,1.);
#200 = DIRECTION('',(-1.,0.,0.));
#201 = ORIENTED_EDGE('',*,*,#202,.T.);
#202 = EDGE_CURVE('',#195,#203,#205,.T.);
#203 = VERTEX_POINT('',#204);
#204 = CARTESIAN_POINT('',(-17.,19.679203,33.));
#205 = LINE('',#206,#207);
#206 = CARTESIAN_POINT('',(-17.,3.9646015,33.));
#207 = VECTOR('',#208,1.);
#208 = DIRECTION('',(0.,1.,0.));
#209 = ORIENTED_EDGE('',*,*,#210,.F.);
#210 = EDGE_CURVE('',#211,#203,#213,.T.);
#211 = VERTEX_POINT('',#212);
#212 = CARTESIAN_POINT('',(-15.,21.679203,33.));
#213 = CIRCLE('',#214,2.);
#214 = AXIS2_PLACEMENT_3D('',#215,#216,#217);
#215 = CARTESIAN_POINT('',(-15.,19.679203,33.));
#216 = DIRECTION('',(-0.,0.,1.));
#217 = DIRECTION('',(0.,-1.,0.));
#218 = ORIENTED_EDGE('',*,*,#219,.T.);
#219 = EDGE_CURVE('',#211,#220,#222,.T.);
#220 = VERTEX_POINT('',#221);
#221 = CARTESIAN_POINT('',(-1.,21.679203,33.));
#222 = LINE('',#223,#224);
#223 = CARTESIAN_POINT('',(0.5,21.679203,33.));
#224 = VECTOR('',#225,1.);
#225 = DIRECTION('',(1.,0.,0.));
#226 = ORIENTED_EDGE('',*,*,#227,.F.);
#227 = EDGE_CURVE('',#91,#220,#228,.T.);
#228 = CIRCLE('',#229,2.);
#229 = AXIS2_PLACEMENT_3D('',#230,#231,#232);
#230 = CARTESIAN_POINT('',(-1.,19.679203,33.));
#231 = DIRECTION('',(-0.,0.,1.));
#232 = DIRECTION('',(0.,-1.,0.));
#233 = FACE_BOUND('',#234,.F.);
#234 = EDGE_LOOP('',(#235));
#235 = ORIENTED_EDGE('',*,*,#236,.T.);
#236 = EDGE_CURVE('',#237,#237,#239,.T.);
#237 = VERTEX_POINT('',#238);
#238 = CARTESIAN_POINT('',(60.1,20.,33.));
#239 = CIRCLE('',#240,1.6);
#240 = AXIS2_PLACEMENT_3D('',#241,#242,#243);
#241 = CARTESIAN_POINT('',(58.5,20.,33.));
#242 = DIRECTION('',(0.,0.,-1.));
#243 = DIRECTION('',(1.,0.,0.));
#244 = PLANE('',#245);
#245 = AXIS2_PLACEMENT_3D('',#246,#247,#248);
#246 = CARTESIAN_POINT('',(0.,-13.75,33.));
#247 = DIRECTION('',(0.,0.,1.));
#248 = DIRECTION('',(1.,0.,0.));
#249 = ADVANCED_FACE('',(#250),#275,.F.);
#250 = FACE_BOUND('',#251,.T.);
#251 = EDGE_LOOP('',(#252,#260,#261,#269));
#252 = ORIENTED_EDGE('',*,*,#253,.F.);
#253 = EDGE_CURVE('',#22,#254,#256,.T.);
#254 = VERTEX_POINT('',#255);
#255 = CARTESIAN_POINT('',(-62.5,24.,33.3));
#256 = LINE('',#257,#258);
#257 = CARTESIAN_POINT('',(-41.56666666666,3.066666666667,
    12.366666666667));
#258 = VECTOR('',#259,1.);
#259 = DIRECTION('',(-0.57735026919,0.57735026919,0.57735026919));
#260 = ORIENTED_EDGE('',*,*,#21,.T.);
#261 = ORIENTED_EDGE('',*,*,#262,.T.);
#262 = EDGE_CURVE('',#24,#263,#265,.T.);
#263 = VERTEX_POINT('',#264);
#264 = CARTESIAN_POINT('',(-62.5,-51.5,33.3));
#265 = LINE('',#266,#267);
#266 = CARTESIAN_POINT('',(-49.81666666666,-38.81666666666,
    20.616666666667));
#267 = VECTOR('',#268,1.);
#268 = DIRECTION('',(-0.57735026919,-0.57735026919,0.57735026919));
#269 = ORIENTED_EDGE('',*,*,#270,.F.);
#270 = EDGE_CURVE('',#254,#263,#271,.T.);
#271 = LINE('',#272,#273);
#272 = CARTESIAN_POINT('',(-62.5,24.,33.3));
#273 = VECTOR('',#274,1.);
#274 = DIRECTION('',(0.,-1.,0.));
#275 = PLANE('',#276);
#276 = AXIS2_PLACEMENT_3D('',#277,#278,#279);
#277 = CARTESIAN_POINT('',(-62.35,24.,33.15));
#278 = DIRECTION('',(0.707106781187,0.,0.707106781187));
#279 = DIRECTION('',(0.,1.,0.));
#280 = ADVANCED_FACE('',(#281),#299,.F.);
#281 = FACE_BOUND('',#282,.T.);
#282 = EDGE_LOOP('',(#283,#291,#292,#293));
#283 = ORIENTED_EDGE('',*,*,#284,.F.);
#284 = EDGE_CURVE('',#40,#285,#287,.T.);
#285 = VERTEX_POINT('',#286);
#286 = CARTESIAN_POINT('',(62.5,24.,33.3));
#287 = LINE('',#288,#289);
#288 = CARTESIAN_POINT('',(49.816666666667,11.316666666667,
    20.616666666667));
#289 = VECTOR('',#290,1.);
#290 = DIRECTION('',(0.57735026919,0.57735026919,0.57735026919));
#291 = ORIENTED_EDGE('',*,*,#47,.T.);
#292 = ORIENTED_EDGE('',*,*,#253,.T.);
#293 = ORIENTED_EDGE('',*,*,#294,.F.);
#294 = EDGE_CURVE('',#285,#254,#295,.T.);
#295 = LINE('',#296,#297);
#296 = CARTESIAN_POINT('',(62.5,24.,33.3));
#297 = VECTOR('',#298,1.);
#298 = DIRECTION('',(-1.,0.,0.));
#299 = PLANE('',#300);
#300 = AXIS2_PLACEMENT_3D('',#301,#302,#303);
#301 = CARTESIAN_POINT('',(62.5,23.85,33.15));
#302 = DIRECTION('',(0.,-0.707106781187,0.707106781187));
#303 = DIRECTION('',(1.,0.,0.));
#304 = ADVANCED_FACE('',(#305),#323,.F.);
#305 = FACE_BOUND('',#306,.T.);
#306 = EDGE_LOOP('',(#307,#308,#309,#317));
#307 = ORIENTED_EDGE('',*,*,#262,.F.);
#308 = ORIENTED_EDGE('',*,*,#31,.T.);
#309 = ORIENTED_EDGE('',*,*,#310,.T.);
#310 = EDGE_CURVE('',#32,#311,#313,.T.);
#311 = VERTEX_POINT('',#312);
#312 = CARTESIAN_POINT('',(62.5,-51.5,33.3));
#313 = LINE('',#314,#315);
#314 = CARTESIAN_POINT('',(41.566666666667,-30.56666666666,
    12.366666666667));
#315 = VECTOR('',#316,1.);
#316 = DIRECTION('',(0.57735026919,-0.57735026919,0.57735026919));
#317 = ORIENTED_EDGE('',*,*,#318,.F.);
#318 = EDGE_CURVE('',#263,#311,#319,.T.);
#319 = LINE('',#320,#321);
#320 = CARTESIAN_POINT('',(-62.5,-51.5,33.3));
#321 = VECTOR('',#322,1.);
#322 = DIRECTION('',(1.,0.,0.));
#323 = PLANE('',#324);
#324 = AXIS2_PLACEMENT_3D('',#325,#326,#327);
#325 = CARTESIAN_POINT('',(-62.5,-51.35,33.15));
#326 = DIRECTION('',(0.,0.707106781187,0.707106781187));
#327 = DIRECTION('',(-1.,0.,0.));
#328 = ADVANCED_FACE('',(#329),#340,.F.);
#329 = FACE_BOUND('',#330,.T.);
#330 = EDGE_LOOP('',(#331,#332,#333,#334));
#331 = ORIENTED_EDGE('',*,*,#310,.F.);
#332 = ORIENTED_EDGE('',*,*,#39,.T.);
#333 = ORIENTED_EDGE('',*,*,#284,.T.);
#334 = ORIENTED_EDGE('',*,*,#335,.F.);
#335 = EDGE_CURVE('',#311,#285,#336,.T.);
#336 = LINE('',#337,#338);
#337 = CARTESIAN_POINT('',(62.5,-51.5,33.3));
#338 = VECTOR('',#339,1.);
#339 = DIRECTION('',(0.,1.,0.));
#340 = PLANE('',#341);
#341 = AXIS2_PLACEMENT_3D('',#342,#343,#344);
#342 = CARTESIAN_POINT('',(62.35,-51.5,33.15));
#343 = DIRECTION('',(-0.707106781187,0.,0.707106781187));
#344 = DIRECTION('',(0.,-1.,0.));
#345 = ADVANCED_FACE('',(#346),#365,.F.);
#346 = FACE_BOUND('',#347,.T.);
#347 = EDGE_LOOP('',(#348,#357,#363,#364));
#348 = ORIENTED_EDGE('',*,*,#349,.F.);
#349 = EDGE_CURVE('',#350,#350,#352,.T.);
#350 = VERTEX_POINT('',#351);
#351 = CARTESIAN_POINT('',(-56.9,-47.5,35.));
#352 = CIRCLE('',#353,1.6);
#353 = AXIS2_PLACEMENT_3D('',#354,#355,#356);
#354 = CARTESIAN_POINT('',(-58.5,-47.5,35.));
#355 = DIRECTION('',(0.,0.,-1.));
#356 = DIRECTION('',(1.,0.,0.));
#357 = ORIENTED_EDGE('',*,*,#358,.T.);
#358 = EDGE_CURVE('',#350,#56,#359,.T.);
#359 = LINE('',#360,#361);
#360 = CARTESIAN_POINT('',(-56.9,-47.5,37.));
#361 = VECTOR('',#362,1.);
#362 = DIRECTION('',(-6.E-17,0.,-1.));
#363 = ORIENTED_EDGE('',*,*,#55,.T.);
#364 = ORIENTED_EDGE('',*,*,#358,.F.);
#365 = CYLINDRICAL_SURFACE('',#366,1.6);
#366 = AXIS2_PLACEMENT_3D('',#367,#368,#369);
#367 = CARTESIAN_POINT('',(-58.5,-47.5,37.));
#368 = DIRECTION('',(-0.,-0.,-1.));
#369 = DIRECTION('',(1.,0.,0.));
#370 = ADVANCED_FACE('',(#371),#390,.F.);
#371 = FACE_BOUND('',#372,.T.);
#372 = EDGE_LOOP('',(#373,#382,#388,#389));
#373 = ORIENTED_EDGE('',*,*,#374,.F.);
#374 = EDGE_CURVE('',#375,#375,#377,.T.);
#375 = VERTEX_POINT('',#376);
#376 = CARTESIAN_POINT('',(60.1,-47.5,35.));
#377 = CIRCLE('',#378,1.6);
#378 = AXIS2_PLACEMENT_3D('',#379,#380,#381);
#379 = CARTESIAN_POINT('',(58.5,-47.5,35.));
#380 = DIRECTION('',(0.,0.,-1.));
#381 = DIRECTION('',(1.,0.,0.));
#382 = ORIENTED_EDGE('',*,*,#383,.T.);
#383 = EDGE_CURVE('',#375,#67,#384,.T.);
#384 = LINE('',#385,#386);
#385 = CARTESIAN_POINT('',(60.1,-47.5,37.));
#386 = VECTOR('',#387,1.);
#387 = DIRECTION('',(-6.E-17,0.,-1.));
#388 = ORIENTED_EDGE('',*,*,#66,.T.);
#389 = ORIENTED_EDGE('',*,*,#383,.F.);
#390 = CYLINDRICAL_SURFACE('',#391,1.6);
#391 = AXIS2_PLACEMENT_3D('',#392,#393,#394);
#392 = CARTESIAN_POINT('',(58.5,-47.5,37.));
#393 = DIRECTION('',(-0.,-0.,-1.));
#394 = DIRECTION('',(1.,0.,0.));
#395 = ADVANCED_FACE('',(#396),#415,.F.);
#396 = FACE_BOUND('',#397,.T.);
#397 = EDGE_LOOP('',(#398,#407,#413,#414));
#398 = ORIENTED_EDGE('',*,*,#399,.F.);
#399 = EDGE_CURVE('',#400,#400,#402,.T.);
#400 = VERTEX_POINT('',#401);
#401 = CARTESIAN_POINT('',(-56.9,20.,35.));
#402 = CIRCLE('',#403,1.6);
#403 = AXIS2_PLACEMENT_3D('',#404,#405,#406);
#404 = CARTESIAN_POINT('',(-58.5,20.,35.));
#405 = DIRECTION('',(0.,0.,-1.));
#406 = DIRECTION('',(1.,0.,0.));
#407 = ORIENTED_EDGE('',*,*,#408,.T.);
#408 = EDGE_CURVE('',#400,#78,#409,.T.);
#409 = LINE('',#410,#411);
#410 = CARTESIAN_POINT('',(-56.9,20.,37.));
#411 = VECTOR('',#412,1.);
#412 = DIRECTION('',(-6.E-17,0.,-1.));
#413 = ORIENTED_EDGE('',*,*,#77,.T.);
#414 = ORIENTED_EDGE('',*,*,#408,.F.);
#415 = CYLINDRICAL_SURFACE('',#416,1.6);
#416 = AXIS2_PLACEMENT_3D('',#417,#418,#419);
#417 = CARTESIAN_POINT('',(-58.5,20.,37.));
#418 = DIRECTION('',(-0.,-0.,-1.));
#419 = DIRECTION('',(1.,0.,0.));
#420 = ADVANCED_FACE('',(#421),#470,.F.);
#421 = FACE_BOUND('',#422,.F.);
#422 = EDGE_LOOP('',(#423,#431,#432,#440,#448,#456,#464));
#423 = ORIENTED_EDGE('',*,*,#424,.F.);
#424 = EDGE_CURVE('',#89,#425,#427,.T.);
#425 = VERTEX_POINT('',#426);
#426 = CARTESIAN_POINT('',(1.,15.934844970703,34.));
#427 = LINE('',#428,#429);
#428 = CARTESIAN_POINT('',(1.,22.145934478027,27.788910492676));
#429 = VECTOR('',#430,1.);
#430 = DIRECTION('',(0.,-0.707106781187,0.707106781187));
#431 = ORIENTED_EDGE('',*,*,#88,.T.);
#432 = ORIENTED_EDGE('',*,*,#433,.T.);
#433 = EDGE_CURVE('',#91,#434,#436,.T.);
#434 = VERTEX_POINT('',#435);
#435 = CARTESIAN_POINT('',(1.,19.679203,36.7));
#436 = LINE('',#437,#438);
#437 = CARTESIAN_POINT('',(1.,19.679203,33.));
#438 = VECTOR('',#439,1.);
#439 = DIRECTION('',(0.,0.,1.));
#440 = ORIENTED_EDGE('',*,*,#441,.T.);
#441 = EDGE_CURVE('',#434,#442,#444,.T.);
#442 = VERTEX_POINT('',#443);
#443 = CARTESIAN_POINT('',(1.,-0.320797,36.7));
#444 = LINE('',#445,#446);
#445 = CARTESIAN_POINT('',(1.,19.679203,36.7));
#446 = VECTOR('',#447,1.);
#447 = DIRECTION('',(-0.,-1.,-0.));
#448 = ORIENTED_EDGE('',*,*,#449,.F.);
#449 = EDGE_CURVE('',#450,#442,#452,.T.);
#450 = VERTEX_POINT('',#451);
#451 = CARTESIAN_POINT('',(1.,-0.320797,35.5));
#452 = LINE('',#453,#454);
#453 = CARTESIAN_POINT('',(1.,-0.320797,35.));
#454 = VECTOR('',#455,1.);
#455 = DIRECTION('',(0.,0.,1.));
#456 = ORIENTED_EDGE('',*,*,#457,.T.);
#457 = EDGE_CURVE('',#450,#458,#460,.T.);
#458 = VERTEX_POINT('',#459);
#459 = CARTESIAN_POINT('',(1.,15.934844970703,35.5));
#460 = LINE('',#461,#462);
#461 = CARTESIAN_POINT('',(1.,3.9646015,35.5));
#462 = VECTOR('',#463,1.);
#463 = DIRECTION('',(0.,1.,0.));
#464 = ORIENTED_EDGE('',*,*,#465,.F.);
#465 = EDGE_CURVE('',#425,#458,#466,.T.);
#466 = LINE('',#467,#468);
#467 = CARTESIAN_POINT('',(1.,15.934844970703,24.45));
#468 = VECTOR('',#469,1.);
#469 = DIRECTION('',(0.,0.,1.));
#470 = PLANE('',#471);
#471 = AXIS2_PLACEMENT_3D('',#472,#473,#474);
#472 = CARTESIAN_POINT('',(1.,21.679203,15.9));
#473 = DIRECTION('',(1.,0.,0.));
#474 = DIRECTION('',(0.,-1.,0.));
#475 = ADVANCED_FACE('',(#476),#495,.F.);
#476 = FACE_BOUND('',#477,.F.);
#477 = EDGE_LOOP('',(#478,#479,#480,#488));
#478 = ORIENTED_EDGE('',*,*,#433,.F.);
#479 = ORIENTED_EDGE('',*,*,#227,.T.);
#480 = ORIENTED_EDGE('',*,*,#481,.T.);
#481 = EDGE_CURVE('',#220,#482,#484,.T.);
#482 = VERTEX_POINT('',#483);
#483 = CARTESIAN_POINT('',(-1.,21.679203,36.7));
#484 = LINE('',#485,#486);
#485 = CARTESIAN_POINT('',(-1.,21.679203,33.));
#486 = VECTOR('',#487,1.);
#487 = DIRECTION('',(0.,0.,1.));
#488 = ORIENTED_EDGE('',*,*,#489,.T.);
#489 = EDGE_CURVE('',#482,#434,#490,.T.);
#490 = CIRCLE('',#491,2.);
#491 = AXIS2_PLACEMENT_3D('',#492,#493,#494);
#492 = CARTESIAN_POINT('',(-1.,19.679203,36.7));
#493 = DIRECTION('',(0.,0.,-1.));
#494 = DIRECTION('',(1.1E-16,1.,0.));
#495 = CYLINDRICAL_SURFACE('',#496,2.);
#496 = AXIS2_PLACEMENT_3D('',#497,#498,#499);
#497 = CARTESIAN_POINT('',(-1.,19.679203,33.));
#498 = DIRECTION('',(0.,0.,1.));
#499 = DIRECTION('',(1.,0.,0.));
#500 = ADVANCED_FACE('',(#501),#519,.T.);
#501 = FACE_BOUND('',#502,.T.);
#502 = EDGE_LOOP('',(#503,#511,#512,#513));
#503 = ORIENTED_EDGE('',*,*,#504,.F.);
#504 = EDGE_CURVE('',#211,#505,#507,.T.);
#505 = VERTEX_POINT('',#506);
#506 = CARTESIAN_POINT('',(-15.,21.679203,36.7));
#507 = LINE('',#508,#509);
#508 = CARTESIAN_POINT('',(-15.,21.679203,33.));
#509 = VECTOR('',#510,1.);
#510 = DIRECTION('',(0.,0.,1.));
#511 = ORIENTED_EDGE('',*,*,#219,.T.);
#512 = ORIENTED_EDGE('',*,*,#481,.T.);
#513 = ORIENTED_EDGE('',*,*,#514,.F.);
#514 = EDGE_CURVE('',#505,#482,#515,.T.);
#515 = LINE('',#516,#517);
#516 = CARTESIAN_POINT('',(-15.,21.679203,36.7));
#517 = VECTOR('',#518,1.);
#518 = DIRECTION('',(1.,0.,0.));
#519 = PLANE('',#520);
#520 = AXIS2_PLACEMENT_3D('',#521,#522,#523);
#521 = CARTESIAN_POINT('',(1.,21.679203,15.9));
#522 = DIRECTION('',(0.,-1.,0.));
#523 = DIRECTION('',(-1.,0.,0.));
#524 = ADVANCED_FACE('',(#525),#544,.F.);
#525 = FACE_BOUND('',#526,.F.);
#526 = EDGE_LOOP('',(#527,#528,#529,#537));
#527 = ORIENTED_EDGE('',*,*,#504,.F.);
#528 = ORIENTED_EDGE('',*,*,#210,.T.);
#529 = ORIENTED_EDGE('',*,*,#530,.T.);
#530 = EDGE_CURVE('',#203,#531,#533,.T.);
#531 = VERTEX_POINT('',#532);
#532 = CARTESIAN_POINT('',(-17.,19.679203,36.7));
#533 = LINE('',#534,#535);
#534 = CARTESIAN_POINT('',(-17.,19.679203,33.));
#535 = VECTOR('',#536,1.);
#536 = DIRECTION('',(0.,0.,1.));
#537 = ORIENTED_EDGE('',*,*,#538,.T.);
#538 = EDGE_CURVE('',#531,#505,#539,.T.);
#539 = CIRCLE('',#540,2.);
#540 = AXIS2_PLACEMENT_3D('',#541,#542,#543);
#541 = CARTESIAN_POINT('',(-15.,19.679203,36.7));
#542 = DIRECTION('',(0.,0.,-1.));
#543 = DIRECTION('',(-1.,0.,0.));
#544 = CYLINDRICAL_SURFACE('',#545,2.);
#545 = AXIS2_PLACEMENT_3D('',#546,#547,#548);
#546 = CARTESIAN_POINT('',(-15.,19.679203,33.));
#547 = DIRECTION('',(0.,0.,1.));
#548 = DIRECTION('',(0.,1.,0.));
#549 = ADVANCED_FACE('',(#550),#592,.T.);
#550 = FACE_BOUND('',#551,.T.);
#551 = EDGE_LOOP('',(#552,#560,#561,#562,#570,#578,#586));
#552 = ORIENTED_EDGE('',*,*,#553,.F.);
#553 = EDGE_CURVE('',#195,#554,#556,.T.);
#554 = VERTEX_POINT('',#555);
#555 = CARTESIAN_POINT('',(-17.,15.934844970703,34.));
#556 = LINE('',#557,#558);
#557 = CARTESIAN_POINT('',(-17.,22.145934478027,27.788910492676));
#558 = VECTOR('',#559,1.);
#559 = DIRECTION('',(0.,-0.707106781187,0.707106781187));
#560 = ORIENTED_EDGE('',*,*,#202,.T.);
#561 = ORIENTED_EDGE('',*,*,#530,.T.);
#562 = ORIENTED_EDGE('',*,*,#563,.F.);
#563 = EDGE_CURVE('',#564,#531,#566,.T.);
#564 = VERTEX_POINT('',#565);
#565 = CARTESIAN_POINT('',(-17.,-0.320797,36.7));
#566 = LINE('',#567,#568);
#567 = CARTESIAN_POINT('',(-17.,-0.320797,36.7));
#568 = VECTOR('',#569,1.);
#569 = DIRECTION('',(0.,1.,0.));
#570 = ORIENTED_EDGE('',*,*,#571,.F.);
#571 = EDGE_CURVE('',#572,#564,#574,.T.);
#572 = VERTEX_POINT('',#573);
#573 = CARTESIAN_POINT('',(-17.,-0.320797,35.5));
#574 = LINE('',#575,#576);
#575 = CARTESIAN_POINT('',(-17.,-0.320797,35.));
#576 = VECTOR('',#577,1.);
#577 = DIRECTION('',(0.,0.,1.));
#578 = ORIENTED_EDGE('',*,*,#579,.T.);
#579 = EDGE_CURVE('',#572,#580,#582,.T.);
#580 = VERTEX_POINT('',#581);
#581 = CARTESIAN_POINT('',(-17.,15.934844970703,35.5));
#582 = LINE('',#583,#584);
#583 = CARTESIAN_POINT('',(-17.,3.9646015,35.5));
#584 = VECTOR('',#585,1.);
#585 = DIRECTION('',(0.,1.,0.));
#586 = ORIENTED_EDGE('',*,*,#587,.F.);
#587 = EDGE_CURVE('',#554,#580,#588,.T.);
#588 = LINE('',#589,#590);
#589 = CARTESIAN_POINT('',(-17.,15.934844970703,35.));
#590 = VECTOR('',#591,1.);
#591 = DIRECTION('',(0.,0.,1.));
#592 = PLANE('',#593);
#593 = AXIS2_PLACEMENT_3D('',#594,#595,#596);
#594 = CARTESIAN_POINT('',(-17.,21.679203,15.9));
#595 = DIRECTION('',(1.,0.,0.));
#596 = DIRECTION('',(0.,-1.,0.));
#597 = ADVANCED_FACE('',(#598),#616,.F.);
#598 = FACE_BOUND('',#599,.F.);
#599 = EDGE_LOOP('',(#600,#601,#602,#610));
#600 = ORIENTED_EDGE('',*,*,#553,.F.);
#601 = ORIENTED_EDGE('',*,*,#194,.T.);
#602 = ORIENTED_EDGE('',*,*,#603,.T.);
#603 = EDGE_CURVE('',#187,#604,#606,.T.);
#604 = VERTEX_POINT('',#605);
#605 = CARTESIAN_POINT('',(-54.4348449707,15.934844970703,34.));
#606 = LINE('',#607,#608);
#607 = CARTESIAN_POINT('',(-54.4348449707,16.434844970703,33.5));
#608 = VECTOR('',#609,1.);
#609 = DIRECTION('',(0.,-0.707106781187,0.707106781187));
#610 = ORIENTED_EDGE('',*,*,#611,.F.);
#611 = EDGE_CURVE('',#554,#604,#612,.T.);
#612 = LINE('',#613,#614);
#613 = CARTESIAN_POINT('',(-17.,15.934844970703,34.));
#614 = VECTOR('',#615,1.);
#615 = DIRECTION('',(-1.,0.,0.));
#616 = PLANE('',#617);
#617 = AXIS2_PLACEMENT_3D('',#618,#619,#620);
#618 = CARTESIAN_POINT('',(-17.,16.434844970703,33.5));
#619 = DIRECTION('',(1.E-17,0.707106781187,0.707106781187));
#620 = DIRECTION('',(-1.,7.071067811865E-18,7.071067811865E-18));
#621 = ADVANCED_FACE('',(#622),#663,.F.);
#622 = FACE_BOUND('',#623,.F.);
#623 = EDGE_LOOP('',(#624,#634,#642,#650,#656,#657));
#624 = ORIENTED_EDGE('',*,*,#625,.F.);
#625 = EDGE_CURVE('',#626,#628,#630,.T.);
#626 = VERTEX_POINT('',#627);
#627 = CARTESIAN_POINT('',(-40.625,-26.346277,37.));
#628 = VERTEX_POINT('',#629);
#629 = CARTESIAN_POINT('',(-54.625,-26.346277,37.));
#630 = LINE('',#631,#632);
#631 = CARTESIAN_POINT('',(-40.625,-26.346277,37.));
#632 = VECTOR('',#633,1.);
#633 = DIRECTION('',(-1.,0.,0.));
#634 = ORIENTED_EDGE('',*,*,#635,.T.);
#635 = EDGE_CURVE('',#626,#636,#638,.T.);
#636 = VERTEX_POINT('',#637);
#637 = CARTESIAN_POINT('',(-40.625,-26.346277,35.5));
#638 = LINE('',#639,#640);
#639 = CARTESIAN_POINT('',(-40.625,-26.346277,37.));
#640 = VECTOR('',#641,1.);
#641 = DIRECTION('',(-0.,-0.,-1.));
#642 = ORIENTED_EDGE('',*,*,#643,.T.);
#643 = EDGE_CURVE('',#636,#644,#646,.T.);
#644 = VERTEX_POINT('',#645);
#645 = CARTESIAN_POINT('',(-54.4348449707,-26.346277,35.5));
#646 = LINE('',#647,#648);
#647 = CARTESIAN_POINT('',(-20.3125,-26.346277,35.5));
#648 = VECTOR('',#649,1.);
#649 = DIRECTION('',(-1.,0.,0.));
#650 = ORIENTED_EDGE('',*,*,#651,.F.);
#651 = EDGE_CURVE('',#179,#644,#652,.T.);
#652 = LINE('',#653,#654);
#653 = CARTESIAN_POINT('',(-54.4348449707,-26.346277,35.));
#654 = VECTOR('',#655,1.);
#655 = DIRECTION('',(0.,0.,1.));
#656 = ORIENTED_EDGE('',*,*,#178,.T.);
#657 = ORIENTED_EDGE('',*,*,#658,.F.);
#658 = EDGE_CURVE('',#628,#171,#659,.T.);
#659 = LINE('',#660,#661);
#660 = CARTESIAN_POINT('',(-54.625,-26.346277,37.));
#661 = VECTOR('',#662,1.);
#662 = DIRECTION('',(-0.,-0.,-1.));
#663 = PLANE('',#664);
#664 = AXIS2_PLACEMENT_3D('',#665,#666,#667);
#665 = CARTESIAN_POINT('',(-40.625,-26.346277,37.));
#666 = DIRECTION('',(0.,1.,0.));
#667 = DIRECTION('',(-1.,0.,0.));
#668 = ADVANCED_FACE('',(#669),#687,.F.);
#669 = FACE_BOUND('',#670,.F.);
#670 = EDGE_LOOP('',(#671,#679,#680,#681));
#671 = ORIENTED_EDGE('',*,*,#672,.F.);
#672 = EDGE_CURVE('',#628,#673,#675,.T.);
#673 = VERTEX_POINT('',#674);
#674 = CARTESIAN_POINT('',(-54.625,-40.346277,37.));
#675 = LINE('',#676,#677);
#676 = CARTESIAN_POINT('',(-54.625,-26.346277,37.));
#677 = VECTOR('',#678,1.);
#678 = DIRECTION('',(0.,-1.,0.));
#679 = ORIENTED_EDGE('',*,*,#658,.T.);
#680 = ORIENTED_EDGE('',*,*,#170,.T.);
#681 = ORIENTED_EDGE('',*,*,#682,.F.);
#682 = EDGE_CURVE('',#673,#163,#683,.T.);
#683 = LINE('',#684,#685);
#684 = CARTESIAN_POINT('',(-54.625,-40.346277,37.));
#685 = VECTOR('',#686,1.);
#686 = DIRECTION('',(-0.,-0.,-1.));
#687 = PLANE('',#688);
#688 = AXIS2_PLACEMENT_3D('',#689,#690,#691);
#689 = CARTESIAN_POINT('',(-54.625,-26.346277,37.));
#690 = DIRECTION('',(-1.,0.,0.));
#691 = DIRECTION('',(0.,-1.,0.));
#692 = ADVANCED_FACE('',(#693),#727,.F.);
#693 = FACE_BOUND('',#694,.F.);
#694 = EDGE_LOOP('',(#695,#703,#704,#705,#713,#721));
#695 = ORIENTED_EDGE('',*,*,#696,.F.);
#696 = EDGE_CURVE('',#673,#697,#699,.T.);
#697 = VERTEX_POINT('',#698);
#698 = CARTESIAN_POINT('',(-40.625,-40.346277,37.));
#699 = LINE('',#700,#701);
#700 = CARTESIAN_POINT('',(-54.625,-40.346277,37.));
#701 = VECTOR('',#702,1.);
#702 = DIRECTION('',(1.,0.,0.));
#703 = ORIENTED_EDGE('',*,*,#682,.T.);
#704 = ORIENTED_EDGE('',*,*,#162,.T.);
#705 = ORIENTED_EDGE('',*,*,#706,.T.);
#706 = EDGE_CURVE('',#155,#707,#709,.T.);
#707 = VERTEX_POINT('',#708);
#708 = CARTESIAN_POINT('',(-54.4348449707,-40.346277,35.5));
#709 = LINE('',#710,#711);
#710 = CARTESIAN_POINT('',(-54.4348449707,-40.346277,35.));
#711 = VECTOR('',#712,1.);
#712 = DIRECTION('',(0.,0.,1.));
#713 = ORIENTED_EDGE('',*,*,#714,.T.);
#714 = EDGE_CURVE('',#707,#715,#717,.T.);
#715 = VERTEX_POINT('',#716);
#716 = CARTESIAN_POINT('',(-40.625,-40.346277,35.5));
#717 = LINE('',#718,#719);
#718 = CARTESIAN_POINT('',(-27.3125,-40.346277,35.5));
#719 = VECTOR('',#720,1.);
#720 = DIRECTION('',(1.,0.,0.));
#721 = ORIENTED_EDGE('',*,*,#722,.F.);
#722 = EDGE_CURVE('',#697,#715,#723,.T.);
#723 = LINE('',#724,#725);
#724 = CARTESIAN_POINT('',(-40.625,-40.346277,37.));
#725 = VECTOR('',#726,1.);
#726 = DIRECTION('',(-0.,-0.,-1.));
#727 = PLANE('',#728);
#728 = AXIS2_PLACEMENT_3D('',#729,#730,#731);
#729 = CARTESIAN_POINT('',(-54.625,-40.346277,37.));
#730 = DIRECTION('',(0.,-1.,0.));
#731 = DIRECTION('',(1.,0.,0.));
#732 = ADVANCED_FACE('',(#733),#774,.F.);
#733 = FACE_BOUND('',#734,.F.);
#734 = EDGE_LOOP('',(#735,#745,#753,#761,#767,#768));
#735 = ORIENTED_EDGE('',*,*,#736,.F.);
#736 = EDGE_CURVE('',#737,#739,#741,.T.);
#737 = VERTEX_POINT('',#738);
#738 = CARTESIAN_POINT('',(40.625,-40.346277,37.));
#739 = VERTEX_POINT('',#740);
#740 = CARTESIAN_POINT('',(54.625,-40.346277,37.));
#741 = LINE('',#742,#743);
#742 = CARTESIAN_POINT('',(40.625,-40.346277,37.));
#743 = VECTOR('',#744,1.);
#744 = DIRECTION('',(1.,0.,0.));
#745 = ORIENTED_EDGE('',*,*,#746,.T.);
#746 = EDGE_CURVE('',#737,#747,#749,.T.);
#747 = VERTEX_POINT('',#748);
#748 = CARTESIAN_POINT('',(40.625,-40.346277,35.5));
#749 = LINE('',#750,#751);
#750 = CARTESIAN_POINT('',(40.625,-40.346277,37.));
#751 = VECTOR('',#752,1.);
#752 = DIRECTION('',(-0.,-0.,-1.));
#753 = ORIENTED_EDGE('',*,*,#754,.T.);
#754 = EDGE_CURVE('',#747,#755,#757,.T.);
#755 = VERTEX_POINT('',#756);
#756 = CARTESIAN_POINT('',(54.434844970703,-40.346277,35.5));
#757 = LINE('',#758,#759);
#758 = CARTESIAN_POINT('',(20.3125,-40.346277,35.5));
#759 = VECTOR('',#760,1.);
#760 = DIRECTION('',(1.,0.,0.));
#761 = ORIENTED_EDGE('',*,*,#762,.F.);
#762 = EDGE_CURVE('',#131,#755,#763,.T.);
#763 = LINE('',#764,#765);
#764 = CARTESIAN_POINT('',(54.434844970703,-40.346277,35.));
#765 = VECTOR('',#766,1.);
#766 = DIRECTION('',(0.,0.,1.));
#767 = ORIENTED_EDGE('',*,*,#130,.T.);
#768 = ORIENTED_EDGE('',*,*,#769,.F.);
#769 = EDGE_CURVE('',#739,#123,#770,.T.);
#770 = LINE('',#771,#772);
#771 = CARTESIAN_POINT('',(54.625,-40.346277,37.));
#772 = VECTOR('',#773,1.);
#773 = DIRECTION('',(-0.,-0.,-1.));
#774 = PLANE('',#775);
#775 = AXIS2_PLACEMENT_3D('',#776,#777,#778);
#776 = CARTESIAN_POINT('',(40.625,-40.346277,37.));
#777 = DIRECTION('',(0.,-1.,0.));
#778 = DIRECTION('',(1.,0.,0.));
#779 = ADVANCED_FACE('',(#780),#798,.F.);
#780 = FACE_BOUND('',#781,.F.);
#781 = EDGE_LOOP('',(#782,#790,#791,#792));
#782 = ORIENTED_EDGE('',*,*,#783,.F.);
#783 = EDGE_CURVE('',#739,#784,#786,.T.);
#784 = VERTEX_POINT('',#785);
#785 = CARTESIAN_POINT('',(54.625,-26.346277,37.));
#786 = LINE('',#787,#788);
#787 = CARTESIAN_POINT('',(54.625,-40.346277,37.));
#788 = VECTOR('',#789,1.);
#789 = DIRECTION('',(0.,1.,0.));
#790 = ORIENTED_EDGE('',*,*,#769,.T.);
#791 = ORIENTED_EDGE('',*,*,#122,.T.);
#792 = ORIENTED_EDGE('',*,*,#793,.F.);
#793 = EDGE_CURVE('',#784,#115,#794,.T.);
#794 = LINE('',#795,#796);
#795 = CARTESIAN_POINT('',(54.625,-26.346277,37.));
#796 = VECTOR('',#797,1.);
#797 = DIRECTION('',(-0.,-0.,-1.));
#798 = PLANE('',#799);
#799 = AXIS2_PLACEMENT_3D('',#800,#801,#802);
#800 = CARTESIAN_POINT('',(54.625,-40.346277,37.));
#801 = DIRECTION('',(1.,0.,0.));
#802 = DIRECTION('',(0.,1.,0.));
#803 = ADVANCED_FACE('',(#804),#838,.F.);
#804 = FACE_BOUND('',#805,.F.);
#805 = EDGE_LOOP('',(#806,#814,#815,#816,#824,#832));
#806 = ORIENTED_EDGE('',*,*,#807,.F.);
#807 = EDGE_CURVE('',#784,#808,#810,.T.);
#808 = VERTEX_POINT('',#809);
#809 = CARTESIAN_POINT('',(40.625,-26.346277,37.));
#810 = LINE('',#811,#812);
#811 = CARTESIAN_POINT('',(54.625,-26.346277,37.));
#812 = VECTOR('',#813,1.);
#813 = DIRECTION('',(-1.,0.,0.));
#814 = ORIENTED_EDGE('',*,*,#793,.T.);
#815 = ORIENTED_EDGE('',*,*,#114,.T.);
#816 = ORIENTED_EDGE('',*,*,#817,.T.);
#817 = EDGE_CURVE('',#107,#818,#820,.T.);
#818 = VERTEX_POINT('',#819);
#819 = CARTESIAN_POINT('',(54.434844970703,-26.346277,35.5));
#820 = LINE('',#821,#822);
#821 = CARTESIAN_POINT('',(54.434844970703,-26.346277,35.));
#822 = VECTOR('',#823,1.);
#823 = DIRECTION('',(0.,0.,1.));
#824 = ORIENTED_EDGE('',*,*,#825,.T.);
#825 = EDGE_CURVE('',#818,#826,#828,.T.);
#826 = VERTEX_POINT('',#827);
#827 = CARTESIAN_POINT('',(40.625,-26.346277,35.5));
#828 = LINE('',#829,#830);
#829 = CARTESIAN_POINT('',(27.3125,-26.346277,35.5));
#830 = VECTOR('',#831,1.);
#831 = DIRECTION('',(-1.,0.,0.));
#832 = ORIENTED_EDGE('',*,*,#833,.F.);
#833 = EDGE_CURVE('',#808,#826,#834,.T.);
#834 = LINE('',#835,#836);
#835 = CARTESIAN_POINT('',(40.625,-26.346277,37.));
#836 = VECTOR('',#837,1.);
#837 = DIRECTION('',(-0.,-0.,-1.));
#838 = PLANE('',#839);
#839 = AXIS2_PLACEMENT_3D('',#840,#841,#842);
#840 = CARTESIAN_POINT('',(54.625,-26.346277,37.));
#841 = DIRECTION('',(0.,1.,0.));
#842 = DIRECTION('',(-1.,0.,0.));
#843 = ADVANCED_FACE('',(#844),#862,.F.);
#844 = FACE_BOUND('',#845,.F.);
#845 = EDGE_LOOP('',(#846,#854,#855,#856));
#846 = ORIENTED_EDGE('',*,*,#847,.F.);
#847 = EDGE_CURVE('',#99,#848,#850,.T.);
#848 = VERTEX_POINT('',#849);
#849 = CARTESIAN_POINT('',(54.434844970703,15.934844970703,34.));
#850 = LINE('',#851,#852);
#851 = CARTESIAN_POINT('',(54.434844970703,1.592422485352,
    48.342422485352));
#852 = VECTOR('',#853,1.);
#853 = DIRECTION('',(0.,-0.707106781187,0.707106781187));
#854 = ORIENTED_EDGE('',*,*,#98,.T.);
#855 = ORIENTED_EDGE('',*,*,#424,.T.);
#856 = ORIENTED_EDGE('',*,*,#857,.F.);
#857 = EDGE_CURVE('',#848,#425,#858,.T.);
#858 = LINE('',#859,#860);
#859 = CARTESIAN_POINT('',(54.434844970703,15.934844970703,34.));
#860 = VECTOR('',#861,1.);
#861 = DIRECTION('',(-1.,0.,0.));
#862 = PLANE('',#863);
#863 = AXIS2_PLACEMENT_3D('',#864,#865,#866);
#864 = CARTESIAN_POINT('',(54.434844970703,16.434844970703,33.5));
#865 = DIRECTION('',(1.E-17,0.707106781187,0.707106781187));
#866 = DIRECTION('',(-1.,7.071067811865E-18,7.071067811865E-18));
#867 = ADVANCED_FACE('',(#868),#887,.F.);
#868 = FACE_BOUND('',#869,.T.);
#869 = EDGE_LOOP('',(#870,#879,#885,#886));
#870 = ORIENTED_EDGE('',*,*,#871,.F.);
#871 = EDGE_CURVE('',#872,#872,#874,.T.);
#872 = VERTEX_POINT('',#873);
#873 = CARTESIAN_POINT('',(60.1,20.,35.));
#874 = CIRCLE('',#875,1.6);
#875 = AXIS2_PLACEMENT_3D('',#876,#877,#878);
#876 = CARTESIAN_POINT('',(58.5,20.,35.));
#877 = DIRECTION('',(0.,0.,-1.));
#878 = DIRECTION('',(1.,0.,0.));
#879 = ORIENTED_EDGE('',*,*,#880,.T.);
#880 = EDGE_CURVE('',#872,#237,#881,.T.);
#881 = LINE('',#882,#883);
#882 = CARTESIAN_POINT('',(60.1,20.,37.));
#883 = VECTOR('',#884,1.);
#884 = DIRECTION('',(-6.E-17,0.,-1.));
#885 = ORIENTED_EDGE('',*,*,#236,.T.);
#886 = ORIENTED_EDGE('',*,*,#880,.F.);
#887 = CYLINDRICAL_SURFACE('',#888,1.6);
#888 = AXIS2_PLACEMENT_3D('',#889,#890,#891);
#889 = CARTESIAN_POINT('',(58.5,20.,37.));
#890 = DIRECTION('',(-0.,-0.,-1.));
#891 = DIRECTION('',(1.,0.,0.));
#892 = ADVANCED_FACE('',(#893),#918,.T.);
#893 = FACE_BOUND('',#894,.T.);
#894 = EDGE_LOOP('',(#895,#903,#904,#912));
#895 = ORIENTED_EDGE('',*,*,#896,.T.);
#896 = EDGE_CURVE('',#897,#254,#899,.T.);
#897 = VERTEX_POINT('',#898);
#898 = CARTESIAN_POINT('',(-62.5,24.,35.));
#899 = LINE('',#900,#901);
#900 = CARTESIAN_POINT('',(-62.5,24.,35.));
#901 = VECTOR('',#902,1.);
#902 = DIRECTION('',(-0.,-0.,-1.));
#903 = ORIENTED_EDGE('',*,*,#270,.T.);
#904 = ORIENTED_EDGE('',*,*,#905,.F.);
#905 = EDGE_CURVE('',#906,#263,#908,.T.);
#906 = VERTEX_POINT('',#907);
#907 = CARTESIAN_POINT('',(-62.5,-51.5,35.));
#908 = LINE('',#909,#910);
#909 = CARTESIAN_POINT('',(-62.5,-51.5,35.));
#910 = VECTOR('',#911,1.);
#911 = DIRECTION('',(-0.,-0.,-1.));
#912 = ORIENTED_EDGE('',*,*,#913,.F.);
#913 = EDGE_CURVE('',#897,#906,#914,.T.);
#914 = LINE('',#915,#916);
#915 = CARTESIAN_POINT('',(-62.5,24.,35.));
#916 = VECTOR('',#917,1.);
#917 = DIRECTION('',(0.,-1.,0.));
#918 = PLANE('',#919);
#919 = AXIS2_PLACEMENT_3D('',#920,#921,#922);
#920 = CARTESIAN_POINT('',(-62.5,24.,35.));
#921 = DIRECTION('',(-1.,0.,0.));
#922 = DIRECTION('',(0.,-1.,0.));
#923 = ADVANCED_FACE('',(#924),#942,.T.);
#924 = FACE_BOUND('',#925,.T.);
#925 = EDGE_LOOP('',(#926,#934,#935,#936));
#926 = ORIENTED_EDGE('',*,*,#927,.T.);
#927 = EDGE_CURVE('',#928,#285,#930,.T.);
#928 = VERTEX_POINT('',#929);
#929 = CARTESIAN_POINT('',(62.5,24.,35.));
#930 = LINE('',#931,#932);
#931 = CARTESIAN_POINT('',(62.5,24.,35.));
#932 = VECTOR('',#933,1.);
#933 = DIRECTION('',(-0.,-0.,-1.));
#934 = ORIENTED_EDGE('',*,*,#294,.T.);
#935 = ORIENTED_EDGE('',*,*,#896,.F.);
#936 = ORIENTED_EDGE('',*,*,#937,.F.);
#937 = EDGE_CURVE('',#928,#897,#938,.T.);
#938 = LINE('',#939,#940);
#939 = CARTESIAN_POINT('',(62.5,24.,35.));
#940 = VECTOR('',#941,1.);
#941 = DIRECTION('',(-1.,0.,0.));
#942 = PLANE('',#943);
#943 = AXIS2_PLACEMENT_3D('',#944,#945,#946);
#944 = CARTESIAN_POINT('',(62.5,24.,35.));
#945 = DIRECTION('',(0.,1.,0.));
#946 = DIRECTION('',(-1.,0.,0.));
#947 = ADVANCED_FACE('',(#948),#966,.T.);
#948 = FACE_BOUND('',#949,.T.);
#949 = EDGE_LOOP('',(#950,#951,#952,#960));
#950 = ORIENTED_EDGE('',*,*,#905,.T.);
#951 = ORIENTED_EDGE('',*,*,#318,.T.);
#952 = ORIENTED_EDGE('',*,*,#953,.F.);
#953 = EDGE_CURVE('',#954,#311,#956,.T.);
#954 = VERTEX_POINT('',#955);
#955 = CARTESIAN_POINT('',(62.5,-51.5,35.));
#956 = LINE('',#957,#958);
#957 = CARTESIAN_POINT('',(62.5,-51.5,35.));
#958 = VECTOR('',#959,1.);
#959 = DIRECTION('',(-0.,-0.,-1.));
#960 = ORIENTED_EDGE('',*,*,#961,.F.);
#961 = EDGE_CURVE('',#906,#954,#962,.T.);
#962 = LINE('',#963,#964);
#963 = CARTESIAN_POINT('',(-62.5,-51.5,35.));
#964 = VECTOR('',#965,1.);
#965 = DIRECTION('',(1.,0.,0.));
#966 = PLANE('',#967);
#967 = AXIS2_PLACEMENT_3D('',#968,#969,#970);
#968 = CARTESIAN_POINT('',(-62.5,-51.5,35.));
#969 = DIRECTION('',(0.,-1.,0.));
#970 = DIRECTION('',(1.,0.,0.));
#971 = ADVANCED_FACE('',(#972),#983,.T.);
#972 = FACE_BOUND('',#973,.T.);
#973 = EDGE_LOOP('',(#974,#975,#976,#977));
#974 = ORIENTED_EDGE('',*,*,#953,.T.);
#975 = ORIENTED_EDGE('',*,*,#335,.T.);
#976 = ORIENTED_EDGE('',*,*,#927,.F.);
#977 = ORIENTED_EDGE('',*,*,#978,.F.);
#978 = EDGE_CURVE('',#954,#928,#979,.T.);
#979 = LINE('',#980,#981);
#980 = CARTESIAN_POINT('',(62.5,-51.5,35.));
#981 = VECTOR('',#982,1.);
#982 = DIRECTION('',(0.,1.,0.));
#983 = PLANE('',#984);
#984 = AXIS2_PLACEMENT_3D('',#985,#986,#987);
#985 = CARTESIAN_POINT('',(62.5,-51.5,35.));
#986 = DIRECTION('',(1.,0.,0.));
#987 = DIRECTION('',(0.,1.,0.));
#988 = ADVANCED_FACE('',(#989,#1000),#1003,.T.);
#989 = FACE_BOUND('',#990,.T.);
#990 = EDGE_LOOP('',(#991));
#991 = ORIENTED_EDGE('',*,*,#992,.T.);
#992 = EDGE_CURVE('',#993,#993,#995,.T.);
#993 = VERTEX_POINT('',#994);
#994 = CARTESIAN_POINT('',(-55.,-47.5,35.));
#995 = CIRCLE('',#996,3.5);
#996 = AXIS2_PLACEMENT_3D('',#997,#998,#999);
#997 = CARTESIAN_POINT('',(-58.5,-47.5,35.));
#998 = DIRECTION('',(0.,0.,1.));
#999 = DIRECTION('',(1.,0.,0.));
#1000 = FACE_BOUND('',#1001,.T.);
#1001 = EDGE_LOOP('',(#1002));
#1002 = ORIENTED_EDGE('',*,*,#349,.T.);
#1003 = PLANE('',#1004);
#1004 = AXIS2_PLACEMENT_3D('',#1005,#1006,#1007);
#1005 = CARTESIAN_POINT('',(-58.5,-47.5,35.));
#1006 = DIRECTION('',(0.,0.,1.));
#1007 = DIRECTION('',(1.,0.,0.));
#1008 = ADVANCED_FACE('',(#1009,#1020),#1023,.T.);
#1009 = FACE_BOUND('',#1010,.T.);
#1010 = EDGE_LOOP('',(#1011));
#1011 = ORIENTED_EDGE('',*,*,#1012,.T.);
#1012 = EDGE_CURVE('',#1013,#1013,#1015,.T.);
#1013 = VERTEX_POINT('',#1014);
#1014 = CARTESIAN_POINT('',(62.,-47.5,35.));
#1015 = CIRCLE('',#1016,3.5);
#1016 = AXIS2_PLACEMENT_3D('',#1017,#1018,#1019);
#1017 = CARTESIAN_POINT('',(58.5,-47.5,35.));
#1018 = DIRECTION('',(0.,0.,1.));
#1019 = DIRECTION('',(1.,0.,0.));
#1020 = FACE_BOUND('',#1021,.T.);
#1021 = EDGE_LOOP('',(#1022));
#1022 = ORIENTED_EDGE('',*,*,#374,.T.);
#1023 = PLANE('',#1024);
#1024 = AXIS2_PLACEMENT_3D('',#1025,#1026,#1027);
#1025 = CARTESIAN_POINT('',(58.5,-47.5,35.));
#1026 = DIRECTION('',(0.,0.,1.));
#1027 = DIRECTION('',(1.,0.,0.));
#1028 = ADVANCED_FACE('',(#1029,#1040),#1043,.T.);
#1029 = FACE_BOUND('',#1030,.T.);
#1030 = EDGE_LOOP('',(#1031));
#1031 = ORIENTED_EDGE('',*,*,#1032,.T.);
#1032 = EDGE_CURVE('',#1033,#1033,#1035,.T.);
#1033 = VERTEX_POINT('',#1034);
#1034 = CARTESIAN_POINT('',(-55.,20.,35.));
#1035 = CIRCLE('',#1036,3.5);
#1036 = AXIS2_PLACEMENT_3D('',#1037,#1038,#1039);
#1037 = CARTESIAN_POINT('',(-58.5,20.,35.));
#1038 = DIRECTION('',(0.,0.,1.));
#1039 = DIRECTION('',(1.,0.,0.));
#1040 = FACE_BOUND('',#1041,.T.);
#1041 = EDGE_LOOP('',(#1042));
#1042 = ORIENTED_EDGE('',*,*,#399,.T.);
#1043 = PLANE('',#1044);
#1044 = AXIS2_PLACEMENT_3D('',#1045,#1046,#1047);
#1045 = CARTESIAN_POINT('',(-58.5,20.,35.));
#1046 = DIRECTION('',(0.,0.,1.));
#1047 = DIRECTION('',(1.,0.,0.));
#1048 = ADVANCED_FACE('',(#1049,#1143,#1177,#1211,#1245),#1279,.F.);
#1049 = FACE_BOUND('',#1050,.F.);
#1050 = EDGE_LOOP('',(#1051,#1060,#1061,#1069,#1075,#1076,#1082,#1083,
    #1091,#1099,#1105,#1106,#1112,#1113,#1121,#1127,#1128,#1137));
#1051 = ORIENTED_EDGE('',*,*,#1052,.F.);
#1052 = EDGE_CURVE('',#572,#1053,#1055,.T.);
#1053 = VERTEX_POINT('',#1054);
#1054 = CARTESIAN_POINT('',(-15.,-2.320797,35.5));
#1055 = CIRCLE('',#1056,2.);
#1056 = AXIS2_PLACEMENT_3D('',#1057,#1058,#1059);
#1057 = CARTESIAN_POINT('',(-15.,-0.320797,35.5));
#1058 = DIRECTION('',(-0.,0.,1.));
#1059 = DIRECTION('',(0.,-1.,0.));
#1060 = ORIENTED_EDGE('',*,*,#579,.T.);
#1061 = ORIENTED_EDGE('',*,*,#1062,.T.);
#1062 = EDGE_CURVE('',#580,#1063,#1065,.T.);
#1063 = VERTEX_POINT('',#1064);
#1064 = CARTESIAN_POINT('',(-54.4348449707,15.934844970703,35.5));
#1065 = LINE('',#1066,#1067);
#1066 = CARTESIAN_POINT('',(54.434844970703,15.934844970703,35.5));
#1067 = VECTOR('',#1068,1.);
#1068 = DIRECTION('',(-1.,0.,0.));
#1069 = ORIENTED_EDGE('',*,*,#1070,.T.);
#1070 = EDGE_CURVE('',#1063,#644,#1071,.T.);
#1071 = LINE('',#1072,#1073);
#1072 = CARTESIAN_POINT('',(-54.4348449707,15.934844970703,35.5));
#1073 = VECTOR('',#1074,1.);
#1074 = DIRECTION('',(0.,-1.,0.));
#1075 = ORIENTED_EDGE('',*,*,#643,.F.);
#1076 = ORIENTED_EDGE('',*,*,#1077,.F.);
#1077 = EDGE_CURVE('',#715,#636,#1078,.T.);
#1078 = LINE('',#1079,#1080);
#1079 = CARTESIAN_POINT('',(-40.625,-27.0481385,35.5));
#1080 = VECTOR('',#1081,1.);
#1081 = DIRECTION('',(0.,1.,0.));
#1082 = ORIENTED_EDGE('',*,*,#714,.F.);
#1083 = ORIENTED_EDGE('',*,*,#1084,.T.);
#1084 = EDGE_CURVE('',#707,#1085,#1087,.T.);
#1085 = VERTEX_POINT('',#1086);
#1086 = CARTESIAN_POINT('',(-54.4348449707,-43.4348449707,35.5));
#1087 = LINE('',#1088,#1089);
#1088 = CARTESIAN_POINT('',(-54.4348449707,15.934844970703,35.5));
#1089 = VECTOR('',#1090,1.);
#1090 = DIRECTION('',(0.,-1.,0.));
#1091 = ORIENTED_EDGE('',*,*,#1092,.T.);
#1092 = EDGE_CURVE('',#1085,#1093,#1095,.T.);
#1093 = VERTEX_POINT('',#1094);
#1094 = CARTESIAN_POINT('',(54.434844970703,-43.4348449707,35.5));
#1095 = LINE('',#1096,#1097);
#1096 = CARTESIAN_POINT('',(-54.4348449707,-43.4348449707,35.5));
#1097 = VECTOR('',#1098,1.);
#1098 = DIRECTION('',(1.,0.,0.));
#1099 = ORIENTED_EDGE('',*,*,#1100,.T.);
#1100 = EDGE_CURVE('',#1093,#755,#1101,.T.);
#1101 = LINE('',#1102,#1103);
#1102 = CARTESIAN_POINT('',(54.434844970703,-43.4348449707,35.5));
#1103 = VECTOR('',#1104,1.);
#1104 = DIRECTION('',(0.,1.,0.));
#1105 = ORIENTED_EDGE('',*,*,#754,.F.);
#1106 = ORIENTED_EDGE('',*,*,#1107,.F.);
#1107 = EDGE_CURVE('',#826,#747,#1108,.T.);
#1108 = LINE('',#1109,#1110);
#1109 = CARTESIAN_POINT('',(40.625,-20.0481385,35.5));
#1110 = VECTOR('',#1111,1.);
#1111 = DIRECTION('',(0.,-1.,0.));
#1112 = ORIENTED_EDGE('',*,*,#825,.F.);
#1113 = ORIENTED_EDGE('',*,*,#1114,.T.);
#1114 = EDGE_CURVE('',#818,#1115,#1117,.T.);
#1115 = VERTEX_POINT('',#1116);
#1116 = CARTESIAN_POINT('',(54.434844970703,15.934844970703,35.5));
#1117 = LINE('',#1118,#1119);
#1118 = CARTESIAN_POINT('',(54.434844970703,-43.4348449707,35.5));
#1119 = VECTOR('',#1120,1.);
#1120 = DIRECTION('',(0.,1.,0.));
#1121 = ORIENTED_EDGE('',*,*,#1122,.T.);
#1122 = EDGE_CURVE('',#1115,#458,#1123,.T.);
#1123 = LINE('',#1124,#1125);
#1124 = CARTESIAN_POINT('',(54.434844970703,15.934844970703,35.5));
#1125 = VECTOR('',#1126,1.);
#1126 = DIRECTION('',(-1.,0.,0.));
#1127 = ORIENTED_EDGE('',*,*,#457,.F.);
#1128 = ORIENTED_EDGE('',*,*,#1129,.T.);
#1129 = EDGE_CURVE('',#450,#1130,#1132,.T.);
#1130 = VERTEX_POINT('',#1131);
#1131 = CARTESIAN_POINT('',(-1.,-2.320797,35.5));
#1132 = CIRCLE('',#1133,2.);
#1133 = AXIS2_PLACEMENT_3D('',#1134,#1135,#1136);
#1134 = CARTESIAN_POINT('',(-1.,-0.320797,35.5));
#1135 = DIRECTION('',(-0.,-0.,-1.));
#1136 = DIRECTION('',(0.,-1.,0.));
#1137 = ORIENTED_EDGE('',*,*,#1138,.T.);
#1138 = EDGE_CURVE('',#1130,#1053,#1139,.T.);
#1139 = LINE('',#1140,#1141);
#1140 = CARTESIAN_POINT('',(-8.5,-2.320797,35.5));
#1141 = VECTOR('',#1142,1.);
#1142 = DIRECTION('',(-1.,0.,0.));
#1143 = FACE_BOUND('',#1144,.F.);
#1144 = EDGE_LOOP('',(#1145,#1155,#1163,#1171));
#1145 = ORIENTED_EDGE('',*,*,#1146,.F.);
#1146 = EDGE_CURVE('',#1147,#1149,#1151,.T.);
#1147 = VERTEX_POINT('',#1148);
#1148 = CARTESIAN_POINT('',(-2.525,-40.34627726547,35.5));
#1149 = VERTEX_POINT('',#1150);
#1150 = CARTESIAN_POINT('',(-2.525,-26.34627726547,35.5));
#1151 = LINE('',#1152,#1153);
#1152 = CARTESIAN_POINT('',(-2.525,-27.04813863273,35.5));
#1153 = VECTOR('',#1154,1.);
#1154 = DIRECTION('',(0.,1.,0.));
#1155 = ORIENTED_EDGE('',*,*,#1156,.F.);
#1156 = EDGE_CURVE('',#1157,#1147,#1159,.T.);
#1157 = VERTEX_POINT('',#1158);
#1158 = CARTESIAN_POINT('',(-16.525,-40.34627726547,35.5));
#1159 = LINE('',#1160,#1161);
#1160 = CARTESIAN_POINT('',(-8.2625,-40.34627726547,35.5));
#1161 = VECTOR('',#1162,1.);
#1162 = DIRECTION('',(1.,0.,0.));
#1163 = ORIENTED_EDGE('',*,*,#1164,.F.);
#1164 = EDGE_CURVE('',#1165,#1157,#1167,.T.);
#1165 = VERTEX_POINT('',#1166);
#1166 = CARTESIAN_POINT('',(-16.525,-26.34627726547,35.5));
#1167 = LINE('',#1168,#1169);
#1168 = CARTESIAN_POINT('',(-16.525,-20.04813863273,35.5));
#1169 = VECTOR('',#1170,1.);
#1170 = DIRECTION('',(0.,-1.,0.));
#1171 = ORIENTED_EDGE('',*,*,#1172,.F.);
#1172 = EDGE_CURVE('',#1149,#1165,#1173,.T.);
#1173 = LINE('',#1174,#1175);
#1174 = CARTESIAN_POINT('',(-1.2625,-26.34627726547,35.5));
#1175 = VECTOR('',#1176,1.);
#1176 = DIRECTION('',(-1.,0.,0.));
#1177 = FACE_BOUND('',#1178,.F.);
#1178 = EDGE_LOOP('',(#1179,#1189,#1197,#1205));
#1179 = ORIENTED_EDGE('',*,*,#1180,.F.);
#1180 = EDGE_CURVE('',#1181,#1183,#1185,.T.);
#1181 = VERTEX_POINT('',#1182);
#1182 = CARTESIAN_POINT('',(16.525,-40.34627726547,35.5));
#1183 = VERTEX_POINT('',#1184);
#1184 = CARTESIAN_POINT('',(16.525,-26.34627726547,35.5));
#1185 = LINE('',#1186,#1187);
#1186 = CARTESIAN_POINT('',(16.525,-27.04813863273,35.5));
#1187 = VECTOR('',#1188,1.);
#1188 = DIRECTION('',(0.,1.,0.));
#1189 = ORIENTED_EDGE('',*,*,#1190,.F.);
#1190 = EDGE_CURVE('',#1191,#1181,#1193,.T.);
#1191 = VERTEX_POINT('',#1192);
#1192 = CARTESIAN_POINT('',(2.525,-40.34627726547,35.5));
#1193 = LINE('',#1194,#1195);
#1194 = CARTESIAN_POINT('',(1.2625,-40.34627726547,35.5));
#1195 = VECTOR('',#1196,1.);
#1196 = DIRECTION('',(1.,0.,0.));
#1197 = ORIENTED_EDGE('',*,*,#1198,.F.);
#1198 = EDGE_CURVE('',#1199,#1191,#1201,.T.);
#1199 = VERTEX_POINT('',#1200);
#1200 = CARTESIAN_POINT('',(2.525,-26.34627726547,35.5));
#1201 = LINE('',#1202,#1203);
#1202 = CARTESIAN_POINT('',(2.525,-20.04813863273,35.5));
#1203 = VECTOR('',#1204,1.);
#1204 = DIRECTION('',(0.,-1.,0.));
#1205 = ORIENTED_EDGE('',*,*,#1206,.F.);
#1206 = EDGE_CURVE('',#1183,#1199,#1207,.T.);
#1207 = LINE('',#1208,#1209);
#1208 = CARTESIAN_POINT('',(8.2625,-26.34627726547,35.5));
#1209 = VECTOR('',#1210,1.);
#1210 = DIRECTION('',(-1.,0.,0.));
#1211 = FACE_BOUND('',#1212,.F.);
#1212 = EDGE_LOOP('',(#1213,#1223,#1231,#1239));
#1213 = ORIENTED_EDGE('',*,*,#1214,.F.);
#1214 = EDGE_CURVE('',#1215,#1217,#1219,.T.);
#1215 = VERTEX_POINT('',#1216);
#1216 = CARTESIAN_POINT('',(-21.575,-40.346277,35.5));
#1217 = VERTEX_POINT('',#1218);
#1218 = CARTESIAN_POINT('',(-21.575,-26.346277,35.5));
#1219 = LINE('',#1220,#1221);
#1220 = CARTESIAN_POINT('',(-21.575,-27.0481385,35.5));
#1221 = VECTOR('',#1222,1.);
#1222 = DIRECTION('',(0.,1.,0.));
#1223 = ORIENTED_EDGE('',*,*,#1224,.F.);
#1224 = EDGE_CURVE('',#1225,#1215,#1227,.T.);
#1225 = VERTEX_POINT('',#1226);
#1226 = CARTESIAN_POINT('',(-35.575,-40.346277,35.5));
#1227 = LINE('',#1228,#1229);
#1228 = CARTESIAN_POINT('',(-17.7875,-40.346277,35.5));
#1229 = VECTOR('',#1230,1.);
#1230 = DIRECTION('',(1.,0.,0.));
#1231 = ORIENTED_EDGE('',*,*,#1232,.F.);
#1232 = EDGE_CURVE('',#1233,#1225,#1235,.T.);
#1233 = VERTEX_POINT('',#1234);
#1234 = CARTESIAN_POINT('',(-35.575,-26.346277,35.5));
#1235 = LINE('',#1236,#1237);
#1236 = CARTESIAN_POINT('',(-35.575,-20.0481385,35.5));
#1237 = VECTOR('',#1238,1.);
#1238 = DIRECTION('',(0.,-1.,0.));
#1239 = ORIENTED_EDGE('',*,*,#1240,.F.);
#1240 = EDGE_CURVE('',#1217,#1233,#1241,.T.);
#1241 = LINE('',#1242,#1243);
#1242 = CARTESIAN_POINT('',(-10.7875,-26.346277,35.5));
#1243 = VECTOR('',#1244,1.);
#1244 = DIRECTION('',(-1.,0.,0.));
#1245 = FACE_BOUND('',#1246,.F.);
#1246 = EDGE_LOOP('',(#1247,#1257,#1265,#1273));
#1247 = ORIENTED_EDGE('',*,*,#1248,.F.);
#1248 = EDGE_CURVE('',#1249,#1251,#1253,.T.);
#1249 = VERTEX_POINT('',#1250);
#1250 = CARTESIAN_POINT('',(35.575,-40.346277,35.5));
#1251 = VERTEX_POINT('',#1252);
#1252 = CARTESIAN_POINT('',(35.575,-26.346277,35.5));
#1253 = LINE('',#1254,#1255);
#1254 = CARTESIAN_POINT('',(35.575,-27.0481385,35.5));
#1255 = VECTOR('',#1256,1.);
#1256 = DIRECTION('',(0.,1.,0.));
#1257 = ORIENTED_EDGE('',*,*,#1258,.F.);
#1258 = EDGE_CURVE('',#1259,#1249,#1261,.T.);
#1259 = VERTEX_POINT('',#1260);
#1260 = CARTESIAN_POINT('',(21.575,-40.346277,35.5));
#1261 = LINE('',#1262,#1263);
#1262 = CARTESIAN_POINT('',(10.7875,-40.346277,35.5));
#1263 = VECTOR('',#1264,1.);
#1264 = DIRECTION('',(1.,0.,0.));
#1265 = ORIENTED_EDGE('',*,*,#1266,.F.);
#1266 = EDGE_CURVE('',#1267,#1259,#1269,.T.);
#1267 = VERTEX_POINT('',#1268);
#1268 = CARTESIAN_POINT('',(21.575,-26.346277,35.5));
#1269 = LINE('',#1270,#1271);
#1270 = CARTESIAN_POINT('',(21.575,-20.0481385,35.5));
#1271 = VECTOR('',#1272,1.);
#1272 = DIRECTION('',(0.,-1.,0.));
#1273 = ORIENTED_EDGE('',*,*,#1274,.F.);
#1274 = EDGE_CURVE('',#1251,#1267,#1275,.T.);
#1275 = LINE('',#1276,#1277);
#1276 = CARTESIAN_POINT('',(17.7875,-26.346277,35.5));
#1277 = VECTOR('',#1278,1.);
#1278 = DIRECTION('',(-1.,0.,0.));
#1279 = PLANE('',#1280);
#1280 = AXIS2_PLACEMENT_3D('',#1281,#1282,#1283);
#1281 = CARTESIAN_POINT('',(0.,-13.75,35.5));
#1282 = DIRECTION('',(0.,0.,1.));
#1283 = DIRECTION('',(1.,0.,0.));
#1284 = ADVANCED_FACE('',(#1285),#1304,.F.);
#1285 = FACE_BOUND('',#1286,.T.);
#1286 = EDGE_LOOP('',(#1287,#1288,#1289,#1297));
#1287 = ORIENTED_EDGE('',*,*,#449,.F.);
#1288 = ORIENTED_EDGE('',*,*,#1129,.T.);
#1289 = ORIENTED_EDGE('',*,*,#1290,.T.);
#1290 = EDGE_CURVE('',#1130,#1291,#1293,.T.);
#1291 = VERTEX_POINT('',#1292);
#1292 = CARTESIAN_POINT('',(-1.,-2.320797,36.7));
#1293 = LINE('',#1294,#1295);
#1294 = CARTESIAN_POINT('',(-1.,-2.320797,35.));
#1295 = VECTOR('',#1296,1.);
#1296 = DIRECTION('',(0.,0.,1.));
#1297 = ORIENTED_EDGE('',*,*,#1298,.F.);
#1298 = EDGE_CURVE('',#442,#1291,#1299,.T.);
#1299 = CIRCLE('',#1300,2.);
#1300 = AXIS2_PLACEMENT_3D('',#1301,#1302,#1303);
#1301 = CARTESIAN_POINT('',(-1.,-0.320797,36.7));
#1302 = DIRECTION('',(0.,0.,-1.));
#1303 = DIRECTION('',(1.,4.7E-16,0.));
#1304 = CYLINDRICAL_SURFACE('',#1305,2.);
#1305 = AXIS2_PLACEMENT_3D('',#1306,#1307,#1308);
#1306 = CARTESIAN_POINT('',(-1.,-0.320797,35.));
#1307 = DIRECTION('',(0.,0.,1.));
#1308 = DIRECTION('',(1.,0.,0.));
#1309 = ADVANCED_FACE('',(#1310),#1335,.F.);
#1310 = FACE_BOUND('',#1311,.T.);
#1311 = EDGE_LOOP('',(#1312,#1320,#1321,#1329));
#1312 = ORIENTED_EDGE('',*,*,#1313,.F.);
#1313 = EDGE_CURVE('',#434,#1314,#1316,.T.);
#1314 = VERTEX_POINT('',#1315);
#1315 = CARTESIAN_POINT('',(1.3,19.679203,37.));
#1316 = LINE('',#1317,#1318);
#1317 = CARTESIAN_POINT('',(1.,19.679203,36.7));
#1318 = VECTOR('',#1319,1.);
#1319 = DIRECTION('',(0.707106781187,-4.E-17,0.707106781187));
#1320 = ORIENTED_EDGE('',*,*,#441,.T.);
#1321 = ORIENTED_EDGE('',*,*,#1322,.T.);
#1322 = EDGE_CURVE('',#442,#1323,#1325,.T.);
#1323 = VERTEX_POINT('',#1324);
#1324 = CARTESIAN_POINT('',(1.3,-0.320797,37.));
#1325 = LINE('',#1326,#1327);
#1326 = CARTESIAN_POINT('',(1.15,-0.320797,36.85));
#1327 = VECTOR('',#1328,1.);
#1328 = DIRECTION('',(0.707106781187,0.,0.707106781187));
#1329 = ORIENTED_EDGE('',*,*,#1330,.F.);
#1330 = EDGE_CURVE('',#1314,#1323,#1331,.T.);
#1331 = LINE('',#1332,#1333);
#1332 = CARTESIAN_POINT('',(1.3,19.679203,37.));
#1333 = VECTOR('',#1334,1.);
#1334 = DIRECTION('',(-0.,-1.,-0.));
#1335 = PLANE('',#1336);
#1336 = AXIS2_PLACEMENT_3D('',#1337,#1338,#1339);
#1337 = CARTESIAN_POINT('',(1.15,19.679203,36.85));
#1338 = DIRECTION('',(0.707106781187,0.,-0.707106781187));
#1339 = DIRECTION('',(0.,1.,0.));
#1340 = ADVANCED_FACE('',(#1341),#1360,.F.);
#1341 = FACE_BOUND('',#1342,.T.);
#1342 = EDGE_LOOP('',(#1343,#1351,#1352,#1353));
#1343 = ORIENTED_EDGE('',*,*,#1344,.F.);
#1344 = EDGE_CURVE('',#482,#1345,#1347,.T.);
#1345 = VERTEX_POINT('',#1346);
#1346 = CARTESIAN_POINT('',(-1.,21.979203,37.));
#1347 = LINE('',#1348,#1349);
#1348 = CARTESIAN_POINT('',(-1.,21.829203,36.85));
#1349 = VECTOR('',#1350,1.);
#1350 = DIRECTION('',(0.,0.707106781187,0.707106781187));
#1351 = ORIENTED_EDGE('',*,*,#489,.T.);
#1352 = ORIENTED_EDGE('',*,*,#1313,.T.);
#1353 = ORIENTED_EDGE('',*,*,#1354,.F.);
#1354 = EDGE_CURVE('',#1345,#1314,#1355,.T.);
#1355 = CIRCLE('',#1356,2.3);
#1356 = AXIS2_PLACEMENT_3D('',#1357,#1358,#1359);
#1357 = CARTESIAN_POINT('',(-1.,19.679203,37.));
#1358 = DIRECTION('',(0.,0.,-1.));
#1359 = DIRECTION('',(1.1E-16,1.,0.));
#1360 = CONICAL_SURFACE('',#1361,2.,0.785398163397);
#1361 = AXIS2_PLACEMENT_3D('',#1362,#1363,#1364);
#1362 = CARTESIAN_POINT('',(-1.,19.679203,36.7));
#1363 = DIRECTION('',(0.,0.,1.));
#1364 = DIRECTION('',(1.1E-16,1.,0.));
#1365 = ADVANCED_FACE('',(#1366),#1384,.T.);
#1366 = FACE_BOUND('',#1367,.T.);
#1367 = EDGE_LOOP('',(#1368,#1376,#1377,#1378));
#1368 = ORIENTED_EDGE('',*,*,#1369,.F.);
#1369 = EDGE_CURVE('',#505,#1370,#1372,.T.);
#1370 = VERTEX_POINT('',#1371);
#1371 = CARTESIAN_POINT('',(-15.,21.979203,37.));
#1372 = LINE('',#1373,#1374);
#1373 = CARTESIAN_POINT('',(-15.,21.679203,36.7));
#1374 = VECTOR('',#1375,1.);
#1375 = DIRECTION('',(-4.E-17,0.707106781187,0.707106781187));
#1376 = ORIENTED_EDGE('',*,*,#514,.T.);
#1377 = ORIENTED_EDGE('',*,*,#1344,.T.);
#1378 = ORIENTED_EDGE('',*,*,#1379,.F.);
#1379 = EDGE_CURVE('',#1370,#1345,#1380,.T.);
#1380 = LINE('',#1381,#1382);
#1381 = CARTESIAN_POINT('',(-15.,21.979203,37.));
#1382 = VECTOR('',#1383,1.);
#1383 = DIRECTION('',(1.,0.,0.));
#1384 = PLANE('',#1385);
#1385 = AXIS2_PLACEMENT_3D('',#1386,#1387,#1388);
#1386 = CARTESIAN_POINT('',(-15.,21.829203,36.85));
#1387 = DIRECTION('',(0.,-0.707106781187,0.707106781187));
#1388 = DIRECTION('',(1.,0.,0.));
#1389 = ADVANCED_FACE('',(#1390),#1409,.F.);
#1390 = FACE_BOUND('',#1391,.T.);
#1391 = EDGE_LOOP('',(#1392,#1400,#1401,#1402));
#1392 = ORIENTED_EDGE('',*,*,#1393,.F.);
#1393 = EDGE_CURVE('',#531,#1394,#1396,.T.);
#1394 = VERTEX_POINT('',#1395);
#1395 = CARTESIAN_POINT('',(-17.3,19.679203,37.));
#1396 = LINE('',#1397,#1398);
#1397 = CARTESIAN_POINT('',(-17.15,19.679203,36.85));
#1398 = VECTOR('',#1399,1.);
#1399 = DIRECTION('',(-0.707106781187,0.,0.707106781187));
#1400 = ORIENTED_EDGE('',*,*,#538,.T.);
#1401 = ORIENTED_EDGE('',*,*,#1369,.T.);
#1402 = ORIENTED_EDGE('',*,*,#1403,.F.);
#1403 = EDGE_CURVE('',#1394,#1370,#1404,.T.);
#1404 = CIRCLE('',#1405,2.3);
#1405 = AXIS2_PLACEMENT_3D('',#1406,#1407,#1408);
#1406 = CARTESIAN_POINT('',(-15.,19.679203,37.));
#1407 = DIRECTION('',(0.,0.,-1.));
#1408 = DIRECTION('',(-1.,0.,0.));
#1409 = CONICAL_SURFACE('',#1410,2.,0.785398163397);
#1410 = AXIS2_PLACEMENT_3D('',#1411,#1412,#1413);
#1411 = CARTESIAN_POINT('',(-15.,19.679203,36.7));
#1412 = DIRECTION('',(0.,0.,1.));
#1413 = DIRECTION('',(-1.,0.,0.));
#1414 = ADVANCED_FACE('',(#1415),#1434,.F.);
#1415 = FACE_BOUND('',#1416,.F.);
#1416 = EDGE_LOOP('',(#1417,#1418,#1419,#1427));
#1417 = ORIENTED_EDGE('',*,*,#571,.F.);
#1418 = ORIENTED_EDGE('',*,*,#1052,.T.);
#1419 = ORIENTED_EDGE('',*,*,#1420,.T.);
#1420 = EDGE_CURVE('',#1053,#1421,#1423,.T.);
#1421 = VERTEX_POINT('',#1422);
#1422 = CARTESIAN_POINT('',(-15.,-2.320797,36.7));
#1423 = LINE('',#1424,#1425);
#1424 = CARTESIAN_POINT('',(-15.,-2.320797,35.));
#1425 = VECTOR('',#1426,1.);
#1426 = DIRECTION('',(0.,0.,1.));
#1427 = ORIENTED_EDGE('',*,*,#1428,.T.);
#1428 = EDGE_CURVE('',#1421,#564,#1429,.T.);
#1429 = CIRCLE('',#1430,2.);
#1430 = AXIS2_PLACEMENT_3D('',#1431,#1432,#1433);
#1431 = CARTESIAN_POINT('',(-15.,-0.320797,36.7));
#1432 = DIRECTION('',(-0.,-0.,-1.));
#1433 = DIRECTION('',(0.,-1.,0.));
#1434 = CYLINDRICAL_SURFACE('',#1435,2.);
#1435 = AXIS2_PLACEMENT_3D('',#1436,#1437,#1438);
#1436 = CARTESIAN_POINT('',(-15.,-0.320797,35.));
#1437 = DIRECTION('',(0.,0.,1.));
#1438 = DIRECTION('',(-1.,0.,0.));
#1439 = ADVANCED_FACE('',(#1440),#1458,.T.);
#1440 = FACE_BOUND('',#1441,.T.);
#1441 = EDGE_LOOP('',(#1442,#1450,#1451,#1452));
#1442 = ORIENTED_EDGE('',*,*,#1443,.F.);
#1443 = EDGE_CURVE('',#564,#1444,#1446,.T.);
#1444 = VERTEX_POINT('',#1445);
#1445 = CARTESIAN_POINT('',(-17.3,-0.320797,37.));
#1446 = LINE('',#1447,#1448);
#1447 = CARTESIAN_POINT('',(-17.15,-0.320797,36.85));
#1448 = VECTOR('',#1449,1.);
#1449 = DIRECTION('',(-0.707106781187,0.,0.707106781187));
#1450 = ORIENTED_EDGE('',*,*,#563,.T.);
#1451 = ORIENTED_EDGE('',*,*,#1393,.T.);
#1452 = ORIENTED_EDGE('',*,*,#1453,.F.);
#1453 = EDGE_CURVE('',#1444,#1394,#1454,.T.);
#1454 = LINE('',#1455,#1456);
#1455 = CARTESIAN_POINT('',(-17.3,-0.320797,37.));
#1456 = VECTOR('',#1457,1.);
#1457 = DIRECTION('',(0.,1.,0.));
#1458 = PLANE('',#1459);
#1459 = AXIS2_PLACEMENT_3D('',#1460,#1461,#1462);
#1460 = CARTESIAN_POINT('',(-17.15,-0.320797,36.85));
#1461 = DIRECTION('',(0.707106781187,0.,0.707106781187));
#1462 = DIRECTION('',(0.,1.,0.));
#1463 = ADVANCED_FACE('',(#1464,#1534,#1545,#1556,#1590,#1624,#1658,
    #1692,#1703,#1714,#1725,#1756),#1767,.T.);
#1464 = FACE_BOUND('',#1465,.T.);
#1465 = EDGE_LOOP('',(#1466,#1476,#1485,#1493,#1502,#1510,#1519,#1527));
#1466 = ORIENTED_EDGE('',*,*,#1467,.T.);
#1467 = EDGE_CURVE('',#1468,#1470,#1472,.T.);
#1468 = VERTEX_POINT('',#1469);
#1469 = CARTESIAN_POINT('',(-62.5,-52.7,37.));
#1470 = VERTEX_POINT('',#1471);
#1471 = CARTESIAN_POINT('',(62.5,-52.7,37.));
#1472 = LINE('',#1473,#1474);
#1473 = CARTESIAN_POINT('',(-62.5,-52.7,37.));
#1474 = VECTOR('',#1475,1.);
#1475 = DIRECTION('',(1.,0.,0.));
#1476 = ORIENTED_EDGE('',*,*,#1477,.T.);
#1477 = EDGE_CURVE('',#1470,#1478,#1480,.T.);
#1478 = VERTEX_POINT('',#1479);
#1479 = CARTESIAN_POINT('',(64.2,-51.,37.));
#1480 = CIRCLE('',#1481,1.7);
#1481 = AXIS2_PLACEMENT_3D('',#1482,#1483,#1484);
#1482 = CARTESIAN_POINT('',(62.5,-51.,37.));
#1483 = DIRECTION('',(-0.,0.,1.));
#1484 = DIRECTION('',(0.,-1.,0.));
#1485 = ORIENTED_EDGE('',*,*,#1486,.T.);
#1486 = EDGE_CURVE('',#1478,#1487,#1489,.T.);
#1487 = VERTEX_POINT('',#1488);
#1488 = CARTESIAN_POINT('',(64.2,24.,37.));
#1489 = LINE('',#1490,#1491);
#1490 = CARTESIAN_POINT('',(64.2,-51.,37.));
#1491 = VECTOR('',#1492,1.);
#1492 = DIRECTION('',(0.,1.,0.));
#1493 = ORIENTED_EDGE('',*,*,#1494,.T.);
#1494 = EDGE_CURVE('',#1487,#1495,#1497,.T.);
#1495 = VERTEX_POINT('',#1496);
#1496 = CARTESIAN_POINT('',(62.5,25.7,37.));
#1497 = CIRCLE('',#1498,1.7);
#1498 = AXIS2_PLACEMENT_3D('',#1499,#1500,#1501);
#1499 = CARTESIAN_POINT('',(62.5,24.,37.));
#1500 = DIRECTION('',(-0.,0.,1.));
#1501 = DIRECTION('',(1.,-1.78E-15,0.));
#1502 = ORIENTED_EDGE('',*,*,#1503,.T.);
#1503 = EDGE_CURVE('',#1495,#1504,#1506,.T.);
#1504 = VERTEX_POINT('',#1505);
#1505 = CARTESIAN_POINT('',(-62.5,25.7,37.));
#1506 = LINE('',#1507,#1508);
#1507 = CARTESIAN_POINT('',(62.5,25.7,37.));
#1508 = VECTOR('',#1509,1.);
#1509 = DIRECTION('',(-1.,0.,0.));
#1510 = ORIENTED_EDGE('',*,*,#1511,.T.);
#1511 = EDGE_CURVE('',#1504,#1512,#1514,.T.);
#1512 = VERTEX_POINT('',#1513);
#1513 = CARTESIAN_POINT('',(-64.2,24.,37.));
#1514 = CIRCLE('',#1515,1.7);
#1515 = AXIS2_PLACEMENT_3D('',#1516,#1517,#1518);
#1516 = CARTESIAN_POINT('',(-62.5,24.,37.));
#1517 = DIRECTION('',(0.,-0.,1.));
#1518 = DIRECTION('',(0.,1.,0.));
#1519 = ORIENTED_EDGE('',*,*,#1520,.T.);
#1520 = EDGE_CURVE('',#1512,#1521,#1523,.T.);
#1521 = VERTEX_POINT('',#1522);
#1522 = CARTESIAN_POINT('',(-64.2,-51.,37.));
#1523 = LINE('',#1524,#1525);
#1524 = CARTESIAN_POINT('',(-64.2,24.,37.));
#1525 = VECTOR('',#1526,1.);
#1526 = DIRECTION('',(0.,-1.,0.));
#1527 = ORIENTED_EDGE('',*,*,#1528,.T.);
#1528 = EDGE_CURVE('',#1521,#1468,#1529,.T.);
#1529 = CIRCLE('',#1530,1.7);
#1530 = AXIS2_PLACEMENT_3D('',#1531,#1532,#1533);
#1531 = CARTESIAN_POINT('',(-62.5,-51.,37.));
#1532 = DIRECTION('',(0.,0.,1.));
#1533 = DIRECTION('',(-1.,0.,0.));
#1534 = FACE_BOUND('',#1535,.T.);
#1535 = EDGE_LOOP('',(#1536));
#1536 = ORIENTED_EDGE('',*,*,#1537,.F.);
#1537 = EDGE_CURVE('',#1538,#1538,#1540,.T.);
#1538 = VERTEX_POINT('',#1539);
#1539 = CARTESIAN_POINT('',(-54.7,-47.5,37.));
#1540 = CIRCLE('',#1541,3.8);
#1541 = AXIS2_PLACEMENT_3D('',#1542,#1543,#1544);
#1542 = CARTESIAN_POINT('',(-58.5,-47.5,37.));
#1543 = DIRECTION('',(0.,0.,1.));
#1544 = DIRECTION('',(1.,0.,0.));
#1545 = FACE_BOUND('',#1546,.T.);
#1546 = EDGE_LOOP('',(#1547,#1553,#1554,#1555));
#1547 = ORIENTED_EDGE('',*,*,#1548,.F.);
#1548 = EDGE_CURVE('',#697,#626,#1549,.T.);
#1549 = LINE('',#1550,#1551);
#1550 = CARTESIAN_POINT('',(-40.625,-40.346277,37.));
#1551 = VECTOR('',#1552,1.);
#1552 = DIRECTION('',(0.,1.,0.));
#1553 = ORIENTED_EDGE('',*,*,#696,.F.);
#1554 = ORIENTED_EDGE('',*,*,#672,.F.);
#1555 = ORIENTED_EDGE('',*,*,#625,.F.);
#1556 = FACE_BOUND('',#1557,.T.);
#1557 = EDGE_LOOP('',(#1558,#1568,#1576,#1584));
#1558 = ORIENTED_EDGE('',*,*,#1559,.F.);
#1559 = EDGE_CURVE('',#1560,#1562,#1564,.T.);
#1560 = VERTEX_POINT('',#1561);
#1561 = CARTESIAN_POINT('',(-21.575,-40.346277,37.));
#1562 = VERTEX_POINT('',#1563);
#1563 = CARTESIAN_POINT('',(-21.575,-26.346277,37.));
#1564 = LINE('',#1565,#1566);
#1565 = CARTESIAN_POINT('',(-21.575,-40.346277,37.));
#1566 = VECTOR('',#1567,1.);
#1567 = DIRECTION('',(0.,1.,0.));
#1568 = ORIENTED_EDGE('',*,*,#1569,.F.);
#1569 = EDGE_CURVE('',#1570,#1560,#1572,.T.);
#1570 = VERTEX_POINT('',#1571);
#1571 = CARTESIAN_POINT('',(-35.575,-40.346277,37.));
#1572 = LINE('',#1573,#1574);
#1573 = CARTESIAN_POINT('',(-35.575,-40.346277,37.));
#1574 = VECTOR('',#1575,1.);
#1575 = DIRECTION('',(1.,0.,0.));
#1576 = ORIENTED_EDGE('',*,*,#1577,.F.);
#1577 = EDGE_CURVE('',#1578,#1570,#1580,.T.);
#1578 = VERTEX_POINT('',#1579);
#1579 = CARTESIAN_POINT('',(-35.575,-26.346277,37.));
#1580 = LINE('',#1581,#1582);
#1581 = CARTESIAN_POINT('',(-35.575,-26.346277,37.));
#1582 = VECTOR('',#1583,1.);
#1583 = DIRECTION('',(0.,-1.,0.));
#1584 = ORIENTED_EDGE('',*,*,#1585,.F.);
#1585 = EDGE_CURVE('',#1562,#1578,#1586,.T.);
#1586 = LINE('',#1587,#1588);
#1587 = CARTESIAN_POINT('',(-21.575,-26.346277,37.));
#1588 = VECTOR('',#1589,1.);
#1589 = DIRECTION('',(-1.,0.,0.));
#1590 = FACE_BOUND('',#1591,.T.);
#1591 = EDGE_LOOP('',(#1592,#1602,#1610,#1618));
#1592 = ORIENTED_EDGE('',*,*,#1593,.F.);
#1593 = EDGE_CURVE('',#1594,#1596,#1598,.T.);
#1594 = VERTEX_POINT('',#1595);
#1595 = CARTESIAN_POINT('',(-2.525,-40.34627726547,37.));
#1596 = VERTEX_POINT('',#1597);
#1597 = CARTESIAN_POINT('',(-2.525,-26.34627726547,37.));
#1598 = LINE('',#1599,#1600);
#1599 = CARTESIAN_POINT('',(-2.525,-40.34627726547,37.));
#1600 = VECTOR('',#1601,1.);
#1601 = DIRECTION('',(0.,1.,0.));
#1602 = ORIENTED_EDGE('',*,*,#1603,.F.);
#1603 = EDGE_CURVE('',#1604,#1594,#1606,.T.);
#1604 = VERTEX_POINT('',#1605);
#1605 = CARTESIAN_POINT('',(-16.525,-40.34627726547,37.));
#1606 = LINE('',#1607,#1608);
#1607 = CARTESIAN_POINT('',(-16.525,-40.34627726547,37.));
#1608 = VECTOR('',#1609,1.);
#1609 = DIRECTION('',(1.,0.,0.));
#1610 = ORIENTED_EDGE('',*,*,#1611,.F.);
#1611 = EDGE_CURVE('',#1612,#1604,#1614,.T.);
#1612 = VERTEX_POINT('',#1613);
#1613 = CARTESIAN_POINT('',(-16.525,-26.34627726547,37.));
#1614 = LINE('',#1615,#1616);
#1615 = CARTESIAN_POINT('',(-16.525,-26.34627726547,37.));
#1616 = VECTOR('',#1617,1.);
#1617 = DIRECTION('',(0.,-1.,0.));
#1618 = ORIENTED_EDGE('',*,*,#1619,.F.);
#1619 = EDGE_CURVE('',#1596,#1612,#1620,.T.);
#1620 = LINE('',#1621,#1622);
#1621 = CARTESIAN_POINT('',(-2.525,-26.34627726547,37.));
#1622 = VECTOR('',#1623,1.);
#1623 = DIRECTION('',(-1.,0.,0.));
#1624 = FACE_BOUND('',#1625,.T.);
#1625 = EDGE_LOOP('',(#1626,#1636,#1644,#1652));
#1626 = ORIENTED_EDGE('',*,*,#1627,.F.);
#1627 = EDGE_CURVE('',#1628,#1630,#1632,.T.);
#1628 = VERTEX_POINT('',#1629);
#1629 = CARTESIAN_POINT('',(16.525,-40.34627726547,37.));
#1630 = VERTEX_POINT('',#1631);
#1631 = CARTESIAN_POINT('',(16.525,-26.34627726547,37.));
#1632 = LINE('',#1633,#1634);
#1633 = CARTESIAN_POINT('',(16.525,-40.34627726547,37.));
#1634 = VECTOR('',#1635,1.);
#1635 = DIRECTION('',(0.,1.,0.));
#1636 = ORIENTED_EDGE('',*,*,#1637,.F.);
#1637 = EDGE_CURVE('',#1638,#1628,#1640,.T.);
#1638 = VERTEX_POINT('',#1639);
#1639 = CARTESIAN_POINT('',(2.525,-40.34627726547,37.));
#1640 = LINE('',#1641,#1642);
#1641 = CARTESIAN_POINT('',(2.525,-40.34627726547,37.));
#1642 = VECTOR('',#1643,1.);
#1643 = DIRECTION('',(1.,0.,0.));
#1644 = ORIENTED_EDGE('',*,*,#1645,.F.);
#1645 = EDGE_CURVE('',#1646,#1638,#1648,.T.);
#1646 = VERTEX_POINT('',#1647);
#1647 = CARTESIAN_POINT('',(2.525,-26.34627726547,37.));
#1648 = LINE('',#1649,#1650);
#1649 = CARTESIAN_POINT('',(2.525,-26.34627726547,37.));
#1650 = VECTOR('',#1651,1.);
#1651 = DIRECTION('',(0.,-1.,0.));
#1652 = ORIENTED_EDGE('',*,*,#1653,.F.);
#1653 = EDGE_CURVE('',#1630,#1646,#1654,.T.);
#1654 = LINE('',#1655,#1656);
#1655 = CARTESIAN_POINT('',(16.525,-26.34627726547,37.));
#1656 = VECTOR('',#1657,1.);
#1657 = DIRECTION('',(-1.,0.,0.));
#1658 = FACE_BOUND('',#1659,.T.);
#1659 = EDGE_LOOP('',(#1660,#1670,#1678,#1686));
#1660 = ORIENTED_EDGE('',*,*,#1661,.F.);
#1661 = EDGE_CURVE('',#1662,#1664,#1666,.T.);
#1662 = VERTEX_POINT('',#1663);
#1663 = CARTESIAN_POINT('',(35.575,-40.346277,37.));
#1664 = VERTEX_POINT('',#1665);
#1665 = CARTESIAN_POINT('',(35.575,-26.346277,37.));
#1666 = LINE('',#1667,#1668);
#1667 = CARTESIAN_POINT('',(35.575,-40.346277,37.));
#1668 = VECTOR('',#1669,1.);
#1669 = DIRECTION('',(0.,1.,0.));
#1670 = ORIENTED_EDGE('',*,*,#1671,.F.);
#1671 = EDGE_CURVE('',#1672,#1662,#1674,.T.);
#1672 = VERTEX_POINT('',#1673);
#1673 = CARTESIAN_POINT('',(21.575,-40.346277,37.));
#1674 = LINE('',#1675,#1676);
#1675 = CARTESIAN_POINT('',(21.575,-40.346277,37.));
#1676 = VECTOR('',#1677,1.);
#1677 = DIRECTION('',(1.,0.,0.));
#1678 = ORIENTED_EDGE('',*,*,#1679,.F.);
#1679 = EDGE_CURVE('',#1680,#1672,#1682,.T.);
#1680 = VERTEX_POINT('',#1681);
#1681 = CARTESIAN_POINT('',(21.575,-26.346277,37.));
#1682 = LINE('',#1683,#1684);
#1683 = CARTESIAN_POINT('',(21.575,-26.346277,37.));
#1684 = VECTOR('',#1685,1.);
#1685 = DIRECTION('',(0.,-1.,0.));
#1686 = ORIENTED_EDGE('',*,*,#1687,.F.);
#1687 = EDGE_CURVE('',#1664,#1680,#1688,.T.);
#1688 = LINE('',#1689,#1690);
#1689 = CARTESIAN_POINT('',(35.575,-26.346277,37.));
#1690 = VECTOR('',#1691,1.);
#1691 = DIRECTION('',(-1.,0.,0.));
#1692 = FACE_BOUND('',#1693,.T.);
#1693 = EDGE_LOOP('',(#1694));
#1694 = ORIENTED_EDGE('',*,*,#1695,.F.);
#1695 = EDGE_CURVE('',#1696,#1696,#1698,.T.);
#1696 = VERTEX_POINT('',#1697);
#1697 = CARTESIAN_POINT('',(62.3,-47.5,37.));
#1698 = CIRCLE('',#1699,3.8);
#1699 = AXIS2_PLACEMENT_3D('',#1700,#1701,#1702);
#1700 = CARTESIAN_POINT('',(58.5,-47.5,37.));
#1701 = DIRECTION('',(0.,0.,1.));
#1702 = DIRECTION('',(1.,0.,0.));
#1703 = FACE_BOUND('',#1704,.T.);
#1704 = EDGE_LOOP('',(#1705,#1706,#1707,#1713));
#1705 = ORIENTED_EDGE('',*,*,#783,.F.);
#1706 = ORIENTED_EDGE('',*,*,#736,.F.);
#1707 = ORIENTED_EDGE('',*,*,#1708,.F.);
#1708 = EDGE_CURVE('',#808,#737,#1709,.T.);
#1709 = LINE('',#1710,#1711);
#1710 = CARTESIAN_POINT('',(40.625,-26.346277,37.));
#1711 = VECTOR('',#1712,1.);
#1712 = DIRECTION('',(0.,-1.,0.));
#1713 = ORIENTED_EDGE('',*,*,#807,.F.);
#1714 = FACE_BOUND('',#1715,.T.);
#1715 = EDGE_LOOP('',(#1716));
#1716 = ORIENTED_EDGE('',*,*,#1717,.F.);
#1717 = EDGE_CURVE('',#1718,#1718,#1720,.T.);
#1718 = VERTEX_POINT('',#1719);
#1719 = CARTESIAN_POINT('',(-54.7,20.,37.));
#1720 = CIRCLE('',#1721,3.8);
#1721 = AXIS2_PLACEMENT_3D('',#1722,#1723,#1724);
#1722 = CARTESIAN_POINT('',(-58.5,20.,37.));
#1723 = DIRECTION('',(-0.,0.,1.));
#1724 = DIRECTION('',(1.,-1.02E-15,0.));
#1725 = FACE_BOUND('',#1726,.T.);
#1726 = EDGE_LOOP('',(#1727,#1728,#1729,#1730,#1731,#1732,#1741,#1749));
#1727 = ORIENTED_EDGE('',*,*,#1453,.T.);
#1728 = ORIENTED_EDGE('',*,*,#1403,.T.);
#1729 = ORIENTED_EDGE('',*,*,#1379,.T.);
#1730 = ORIENTED_EDGE('',*,*,#1354,.T.);
#1731 = ORIENTED_EDGE('',*,*,#1330,.T.);
#1732 = ORIENTED_EDGE('',*,*,#1733,.T.);
#1733 = EDGE_CURVE('',#1323,#1734,#1736,.T.);
#1734 = VERTEX_POINT('',#1735);
#1735 = CARTESIAN_POINT('',(-1.,-2.620797,37.));
#1736 = CIRCLE('',#1737,2.3);
#1737 = AXIS2_PLACEMENT_3D('',#1738,#1739,#1740);
#1738 = CARTESIAN_POINT('',(-1.,-0.320797,37.));
#1739 = DIRECTION('',(0.,0.,-1.));
#1740 = DIRECTION('',(1.,4.7E-16,0.));
#1741 = ORIENTED_EDGE('',*,*,#1742,.T.);
#1742 = EDGE_CURVE('',#1734,#1743,#1745,.T.);
#1743 = VERTEX_POINT('',#1744);
#1744 = CARTESIAN_POINT('',(-15.,-2.620797,37.));
#1745 = LINE('',#1746,#1747);
#1746 = CARTESIAN_POINT('',(-1.,-2.620797,37.));
#1747 = VECTOR('',#1748,1.);
#1748 = DIRECTION('',(-1.,0.,0.));
#1749 = ORIENTED_EDGE('',*,*,#1750,.T.);
#1750 = EDGE_CURVE('',#1743,#1444,#1751,.T.);
#1751 = CIRCLE('',#1752,2.3);
#1752 = AXIS2_PLACEMENT_3D('',#1753,#1754,#1755);
#1753 = CARTESIAN_POINT('',(-15.,-0.320797,37.));
#1754 = DIRECTION('',(-0.,-0.,-1.));
#1755 = DIRECTION('',(0.,-1.,0.));
#1756 = FACE_BOUND('',#1757,.T.);
#1757 = EDGE_LOOP('',(#1758));
#1758 = ORIENTED_EDGE('',*,*,#1759,.F.);
#1759 = EDGE_CURVE('',#1760,#1760,#1762,.T.);
#1760 = VERTEX_POINT('',#1761);
#1761 = CARTESIAN_POINT('',(62.3,20.,37.));
#1762 = CIRCLE('',#1763,3.8);
#1763 = AXIS2_PLACEMENT_3D('',#1764,#1765,#1766);
#1764 = CARTESIAN_POINT('',(58.5,20.,37.));
#1765 = DIRECTION('',(-0.,0.,1.));
#1766 = DIRECTION('',(1.,-1.02E-15,0.));
#1767 = PLANE('',#1768);
#1768 = AXIS2_PLACEMENT_3D('',#1769,#1770,#1771);
#1769 = CARTESIAN_POINT('',(-2.1E-16,-13.5,37.));
#1770 = DIRECTION('',(0.,0.,1.));
#1771 = DIRECTION('',(1.,0.,0.));
#1772 = ADVANCED_FACE('',(#1773),#1779,.F.);
#1773 = FACE_BOUND('',#1774,.F.);
#1774 = EDGE_LOOP('',(#1775,#1776,#1777,#1778));
#1775 = ORIENTED_EDGE('',*,*,#1548,.F.);
#1776 = ORIENTED_EDGE('',*,*,#722,.T.);
#1777 = ORIENTED_EDGE('',*,*,#1077,.T.);
#1778 = ORIENTED_EDGE('',*,*,#635,.F.);
#1779 = PLANE('',#1780);
#1780 = AXIS2_PLACEMENT_3D('',#1781,#1782,#1783);
#1781 = CARTESIAN_POINT('',(-40.625,-40.346277,37.));
#1782 = DIRECTION('',(1.,0.,0.));
#1783 = DIRECTION('',(0.,1.,0.));
#1784 = ADVANCED_FACE('',(#1785),#1791,.F.);
#1785 = FACE_BOUND('',#1786,.F.);
#1786 = EDGE_LOOP('',(#1787,#1788,#1789,#1790));
#1787 = ORIENTED_EDGE('',*,*,#1708,.F.);
#1788 = ORIENTED_EDGE('',*,*,#833,.T.);
#1789 = ORIENTED_EDGE('',*,*,#1107,.T.);
#1790 = ORIENTED_EDGE('',*,*,#746,.F.);
#1791 = PLANE('',#1792);
#1792 = AXIS2_PLACEMENT_3D('',#1793,#1794,#1795);
#1793 = CARTESIAN_POINT('',(40.625,-26.346277,37.));
#1794 = DIRECTION('',(-1.,0.,0.));
#1795 = DIRECTION('',(0.,-1.,0.));
#1796 = ADVANCED_FACE('',(#1797,#1808),#1811,.T.);
#1797 = FACE_BOUND('',#1798,.T.);
#1798 = EDGE_LOOP('',(#1799));
#1799 = ORIENTED_EDGE('',*,*,#1800,.T.);
#1800 = EDGE_CURVE('',#1801,#1801,#1803,.T.);
#1801 = VERTEX_POINT('',#1802);
#1802 = CARTESIAN_POINT('',(62.,20.,35.));
#1803 = CIRCLE('',#1804,3.5);
#1804 = AXIS2_PLACEMENT_3D('',#1805,#1806,#1807);
#1805 = CARTESIAN_POINT('',(58.5,20.,35.));
#1806 = DIRECTION('',(0.,0.,1.));
#1807 = DIRECTION('',(1.,0.,0.));
#1808 = FACE_BOUND('',#1809,.T.);
#1809 = EDGE_LOOP('',(#1810));
#1810 = ORIENTED_EDGE('',*,*,#871,.T.);
#1811 = PLANE('',#1812);
#1812 = AXIS2_PLACEMENT_3D('',#1813,#1814,#1815);
#1813 = CARTESIAN_POINT('',(58.5,20.,35.));
#1814 = DIRECTION('',(0.,0.,1.));
#1815 = DIRECTION('',(1.,0.,0.));
#1816 = ADVANCED_FACE('',(#1817,#1887),#1893,.F.);
#1817 = FACE_BOUND('',#1818,.F.);
#1818 = EDGE_LOOP('',(#1819,#1829,#1838,#1846,#1855,#1863,#1872,#1880));
#1819 = ORIENTED_EDGE('',*,*,#1820,.T.);
#1820 = EDGE_CURVE('',#1821,#1823,#1825,.T.);
#1821 = VERTEX_POINT('',#1822);
#1822 = CARTESIAN_POINT('',(-64.2,24.,35.));
#1823 = VERTEX_POINT('',#1824);
#1824 = CARTESIAN_POINT('',(-64.2,-51.,35.));
#1825 = LINE('',#1826,#1827);
#1826 = CARTESIAN_POINT('',(-64.2,24.,35.));
#1827 = VECTOR('',#1828,1.);
#1828 = DIRECTION('',(0.,-1.,0.));
#1829 = ORIENTED_EDGE('',*,*,#1830,.T.);
#1830 = EDGE_CURVE('',#1823,#1831,#1833,.T.);
#1831 = VERTEX_POINT('',#1832);
#1832 = CARTESIAN_POINT('',(-62.5,-52.7,35.));
#1833 = CIRCLE('',#1834,1.7);
#1834 = AXIS2_PLACEMENT_3D('',#1835,#1836,#1837);
#1835 = CARTESIAN_POINT('',(-62.5,-51.,35.));
#1836 = DIRECTION('',(0.,0.,1.));
#1837 = DIRECTION('',(-1.,0.,0.));
#1838 = ORIENTED_EDGE('',*,*,#1839,.T.);
#1839 = EDGE_CURVE('',#1831,#1840,#1842,.T.);
#1840 = VERTEX_POINT('',#1841);
#1841 = CARTESIAN_POINT('',(62.5,-52.7,35.));
#1842 = LINE('',#1843,#1844);
#1843 = CARTESIAN_POINT('',(-62.5,-52.7,35.));
#1844 = VECTOR('',#1845,1.);
#1845 = DIRECTION('',(1.,0.,0.));
#1846 = ORIENTED_EDGE('',*,*,#1847,.T.);
#1847 = EDGE_CURVE('',#1840,#1848,#1850,.T.);
#1848 = VERTEX_POINT('',#1849);
#1849 = CARTESIAN_POINT('',(64.2,-51.,35.));
#1850 = CIRCLE('',#1851,1.7);
#1851 = AXIS2_PLACEMENT_3D('',#1852,#1853,#1854);
#1852 = CARTESIAN_POINT('',(62.5,-51.,35.));
#1853 = DIRECTION('',(-0.,0.,1.));
#1854 = DIRECTION('',(0.,-1.,0.));
#1855 = ORIENTED_EDGE('',*,*,#1856,.T.);
#1856 = EDGE_CURVE('',#1848,#1857,#1859,.T.);
#1857 = VERTEX_POINT('',#1858);
#1858 = CARTESIAN_POINT('',(64.2,24.,35.));
#1859 = LINE('',#1860,#1861);
#1860 = CARTESIAN_POINT('',(64.2,-51.,35.));
#1861 = VECTOR('',#1862,1.);
#1862 = DIRECTION('',(0.,1.,0.));
#1863 = ORIENTED_EDGE('',*,*,#1864,.T.);
#1864 = EDGE_CURVE('',#1857,#1865,#1867,.T.);
#1865 = VERTEX_POINT('',#1866);
#1866 = CARTESIAN_POINT('',(62.5,25.7,35.));
#1867 = CIRCLE('',#1868,1.7);
#1868 = AXIS2_PLACEMENT_3D('',#1869,#1870,#1871);
#1869 = CARTESIAN_POINT('',(62.5,24.,35.));
#1870 = DIRECTION('',(-0.,0.,1.));
#1871 = DIRECTION('',(1.,-1.78E-15,0.));
#1872 = ORIENTED_EDGE('',*,*,#1873,.T.);
#1873 = EDGE_CURVE('',#1865,#1874,#1876,.T.);
#1874 = VERTEX_POINT('',#1875);
#1875 = CARTESIAN_POINT('',(-62.5,25.7,35.));
#1876 = LINE('',#1877,#1878);
#1877 = CARTESIAN_POINT('',(62.5,25.7,35.));
#1878 = VECTOR('',#1879,1.);
#1879 = DIRECTION('',(-1.,0.,0.));
#1880 = ORIENTED_EDGE('',*,*,#1881,.T.);
#1881 = EDGE_CURVE('',#1874,#1821,#1882,.T.);
#1882 = CIRCLE('',#1883,1.7);
#1883 = AXIS2_PLACEMENT_3D('',#1884,#1885,#1886);
#1884 = CARTESIAN_POINT('',(-62.5,24.,35.));
#1885 = DIRECTION('',(0.,-0.,1.));
#1886 = DIRECTION('',(0.,1.,0.));
#1887 = FACE_BOUND('',#1888,.F.);
#1888 = EDGE_LOOP('',(#1889,#1890,#1891,#1892));
#1889 = ORIENTED_EDGE('',*,*,#937,.F.);
#1890 = ORIENTED_EDGE('',*,*,#978,.F.);
#1891 = ORIENTED_EDGE('',*,*,#961,.F.);
#1892 = ORIENTED_EDGE('',*,*,#913,.F.);
#1893 = PLANE('',#1894);
#1894 = AXIS2_PLACEMENT_3D('',#1895,#1896,#1897);
#1895 = CARTESIAN_POINT('',(-2.1E-16,-13.5,35.));
#1896 = DIRECTION('',(0.,0.,1.));
#1897 = DIRECTION('',(1.,0.,0.));
#1898 = ADVANCED_FACE('',(#1899),#1918,.F.);
#1899 = FACE_BOUND('',#1900,.T.);
#1900 = EDGE_LOOP('',(#1901,#1909,#1916,#1917));
#1901 = ORIENTED_EDGE('',*,*,#1902,.F.);
#1902 = EDGE_CURVE('',#1903,#993,#1905,.T.);
#1903 = VERTEX_POINT('',#1904);
#1904 = CARTESIAN_POINT('',(-55.,-47.5,36.7));
#1905 = LINE('',#1906,#1907);
#1906 = CARTESIAN_POINT('',(-55.,-47.5,37.));
#1907 = VECTOR('',#1908,1.);
#1908 = DIRECTION('',(0.,0.,-1.));
#1909 = ORIENTED_EDGE('',*,*,#1910,.T.);
#1910 = EDGE_CURVE('',#1903,#1903,#1911,.T.);
#1911 = CIRCLE('',#1912,3.5);
#1912 = AXIS2_PLACEMENT_3D('',#1913,#1914,#1915);
#1913 = CARTESIAN_POINT('',(-58.5,-47.5,36.7));
#1914 = DIRECTION('',(0.,0.,1.));
#1915 = DIRECTION('',(1.,0.,0.));
#1916 = ORIENTED_EDGE('',*,*,#1902,.T.);
#1917 = ORIENTED_EDGE('',*,*,#992,.F.);
#1918 = CYLINDRICAL_SURFACE('',#1919,3.5);
#1919 = AXIS2_PLACEMENT_3D('',#1920,#1921,#1922);
#1920 = CARTESIAN_POINT('',(-58.5,-47.5,37.));
#1921 = DIRECTION('',(-0.,-0.,-1.));
#1922 = DIRECTION('',(1.,0.,0.));
#1923 = ADVANCED_FACE('',(#1924),#1943,.F.);
#1924 = FACE_BOUND('',#1925,.T.);
#1925 = EDGE_LOOP('',(#1926,#1934,#1941,#1942));
#1926 = ORIENTED_EDGE('',*,*,#1927,.F.);
#1927 = EDGE_CURVE('',#1928,#1013,#1930,.T.);
#1928 = VERTEX_POINT('',#1929);
#1929 = CARTESIAN_POINT('',(62.,-47.5,36.7));
#1930 = LINE('',#1931,#1932);
#1931 = CARTESIAN_POINT('',(62.,-47.5,37.));
#1932 = VECTOR('',#1933,1.);
#1933 = DIRECTION('',(0.,0.,-1.));
#1934 = ORIENTED_EDGE('',*,*,#1935,.T.);
#1935 = EDGE_CURVE('',#1928,#1928,#1936,.T.);
#1936 = CIRCLE('',#1937,3.5);
#1937 = AXIS2_PLACEMENT_3D('',#1938,#1939,#1940);
#1938 = CARTESIAN_POINT('',(58.5,-47.5,36.7));
#1939 = DIRECTION('',(0.,0.,1.));
#1940 = DIRECTION('',(1.,0.,0.));
#1941 = ORIENTED_EDGE('',*,*,#1927,.T.);
#1942 = ORIENTED_EDGE('',*,*,#1012,.F.);
#1943 = CYLINDRICAL_SURFACE('',#1944,3.5);
#1944 = AXIS2_PLACEMENT_3D('',#1945,#1946,#1947);
#1945 = CARTESIAN_POINT('',(58.5,-47.5,37.));
#1946 = DIRECTION('',(-0.,-0.,-1.));
#1947 = DIRECTION('',(1.,0.,0.));
#1948 = ADVANCED_FACE('',(#1949),#1968,.F.);
#1949 = FACE_BOUND('',#1950,.T.);
#1950 = EDGE_LOOP('',(#1951,#1959,#1966,#1967));
#1951 = ORIENTED_EDGE('',*,*,#1952,.F.);
#1952 = EDGE_CURVE('',#1953,#1033,#1955,.T.);
#1953 = VERTEX_POINT('',#1954);
#1954 = CARTESIAN_POINT('',(-55.,20.,36.7));
#1955 = LINE('',#1956,#1957);
#1956 = CARTESIAN_POINT('',(-55.,20.,37.));
#1957 = VECTOR('',#1958,1.);
#1958 = DIRECTION('',(0.,0.,-1.));
#1959 = ORIENTED_EDGE('',*,*,#1960,.T.);
#1960 = EDGE_CURVE('',#1953,#1953,#1961,.T.);
#1961 = CIRCLE('',#1962,3.5);
#1962 = AXIS2_PLACEMENT_3D('',#1963,#1964,#1965);
#1963 = CARTESIAN_POINT('',(-58.5,20.,36.7));
#1964 = DIRECTION('',(-0.,0.,1.));
#1965 = DIRECTION('',(1.,-1.02E-15,0.));
#1966 = ORIENTED_EDGE('',*,*,#1952,.T.);
#1967 = ORIENTED_EDGE('',*,*,#1032,.F.);
#1968 = CYLINDRICAL_SURFACE('',#1969,3.5);
#1969 = AXIS2_PLACEMENT_3D('',#1970,#1971,#1972);
#1970 = CARTESIAN_POINT('',(-58.5,20.,37.));
#1971 = DIRECTION('',(-0.,-0.,-1.));
#1972 = DIRECTION('',(1.,0.,0.));
#1973 = ADVANCED_FACE('',(#1974),#1985,.T.);
#1974 = FACE_BOUND('',#1975,.T.);
#1975 = EDGE_LOOP('',(#1976,#1977,#1978,#1979));
#1976 = ORIENTED_EDGE('',*,*,#1290,.F.);
#1977 = ORIENTED_EDGE('',*,*,#1138,.T.);
#1978 = ORIENTED_EDGE('',*,*,#1420,.T.);
#1979 = ORIENTED_EDGE('',*,*,#1980,.F.);
#1980 = EDGE_CURVE('',#1291,#1421,#1981,.T.);
#1981 = LINE('',#1982,#1983);
#1982 = CARTESIAN_POINT('',(-1.,-2.320797,36.7));
#1983 = VECTOR('',#1984,1.);
#1984 = DIRECTION('',(-1.,0.,0.));
#1985 = PLANE('',#1986);
#1986 = AXIS2_PLACEMENT_3D('',#1987,#1988,#1989);
#1987 = CARTESIAN_POINT('',(-17.,-2.320797,15.9));
#1988 = DIRECTION('',(0.,1.,0.));
#1989 = DIRECTION('',(1.,0.,0.));
#1990 = ADVANCED_FACE('',(#1991),#2007,.F.);
#1991 = FACE_BOUND('',#1992,.F.);
#1992 = EDGE_LOOP('',(#1993,#1994,#2000,#2001));
#1993 = ORIENTED_EDGE('',*,*,#1593,.F.);
#1994 = ORIENTED_EDGE('',*,*,#1995,.T.);
#1995 = EDGE_CURVE('',#1594,#1147,#1996,.T.);
#1996 = LINE('',#1997,#1998);
#1997 = CARTESIAN_POINT('',(-2.525,-40.34627726547,37.));
#1998 = VECTOR('',#1999,1.);
#1999 = DIRECTION('',(-0.,-0.,-1.));
#2000 = ORIENTED_EDGE('',*,*,#1146,.T.);
#2001 = ORIENTED_EDGE('',*,*,#2002,.F.);
#2002 = EDGE_CURVE('',#1596,#1149,#2003,.T.);
#2003 = LINE('',#2004,#2005);
#2004 = CARTESIAN_POINT('',(-2.525,-26.34627726547,37.));
#2005 = VECTOR('',#2006,1.);
#2006 = DIRECTION('',(-0.,-0.,-1.));
#2007 = PLANE('',#2008);
#2008 = AXIS2_PLACEMENT_3D('',#2009,#2010,#2011);
#2009 = CARTESIAN_POINT('',(-2.525,-40.34627726547,37.));
#2010 = DIRECTION('',(1.,0.,0.));
#2011 = DIRECTION('',(0.,1.,0.));
#2012 = ADVANCED_FACE('',(#2013),#2024,.F.);
#2013 = FACE_BOUND('',#2014,.F.);
#2014 = EDGE_LOOP('',(#2015,#2016,#2017,#2018));
#2015 = ORIENTED_EDGE('',*,*,#1619,.F.);
#2016 = ORIENTED_EDGE('',*,*,#2002,.T.);
#2017 = ORIENTED_EDGE('',*,*,#1172,.T.);
#2018 = ORIENTED_EDGE('',*,*,#2019,.F.);
#2019 = EDGE_CURVE('',#1612,#1165,#2020,.T.);
#2020 = LINE('',#2021,#2022);
#2021 = CARTESIAN_POINT('',(-16.525,-26.34627726547,37.));
#2022 = VECTOR('',#2023,1.);
#2023 = DIRECTION('',(-0.,-0.,-1.));
#2024 = PLANE('',#2025);
#2025 = AXIS2_PLACEMENT_3D('',#2026,#2027,#2028);
#2026 = CARTESIAN_POINT('',(-2.525,-26.34627726547,37.));
#2027 = DIRECTION('',(0.,1.,0.));
#2028 = DIRECTION('',(-1.,0.,0.));
#2029 = ADVANCED_FACE('',(#2030),#2041,.F.);
#2030 = FACE_BOUND('',#2031,.F.);
#2031 = EDGE_LOOP('',(#2032,#2033,#2034,#2035));
#2032 = ORIENTED_EDGE('',*,*,#1611,.F.);
#2033 = ORIENTED_EDGE('',*,*,#2019,.T.);
#2034 = ORIENTED_EDGE('',*,*,#1164,.T.);
#2035 = ORIENTED_EDGE('',*,*,#2036,.F.);
#2036 = EDGE_CURVE('',#1604,#1157,#2037,.T.);
#2037 = LINE('',#2038,#2039);
#2038 = CARTESIAN_POINT('',(-16.525,-40.34627726547,37.));
#2039 = VECTOR('',#2040,1.);
#2040 = DIRECTION('',(-0.,-0.,-1.));
#2041 = PLANE('',#2042);
#2042 = AXIS2_PLACEMENT_3D('',#2043,#2044,#2045);
#2043 = CARTESIAN_POINT('',(-16.525,-26.34627726547,37.));
#2044 = DIRECTION('',(-1.,0.,0.));
#2045 = DIRECTION('',(0.,-1.,0.));
#2046 = ADVANCED_FACE('',(#2047),#2053,.F.);
#2047 = FACE_BOUND('',#2048,.F.);
#2048 = EDGE_LOOP('',(#2049,#2050,#2051,#2052));
#2049 = ORIENTED_EDGE('',*,*,#1603,.F.);
#2050 = ORIENTED_EDGE('',*,*,#2036,.T.);
#2051 = ORIENTED_EDGE('',*,*,#1156,.T.);
#2052 = ORIENTED_EDGE('',*,*,#1995,.F.);
#2053 = PLANE('',#2054);
#2054 = AXIS2_PLACEMENT_3D('',#2055,#2056,#2057);
#2055 = CARTESIAN_POINT('',(-16.525,-40.34627726547,37.));
#2056 = DIRECTION('',(0.,-1.,0.));
#2057 = DIRECTION('',(1.,0.,0.));
#2058 = ADVANCED_FACE('',(#2059),#2075,.F.);
#2059 = FACE_BOUND('',#2060,.F.);
#2060 = EDGE_LOOP('',(#2061,#2062,#2068,#2069));
#2061 = ORIENTED_EDGE('',*,*,#1627,.F.);
#2062 = ORIENTED_EDGE('',*,*,#2063,.T.);
#2063 = EDGE_CURVE('',#1628,#1181,#2064,.T.);
#2064 = LINE('',#2065,#2066);
#2065 = CARTESIAN_POINT('',(16.525,-40.34627726547,37.));
#2066 = VECTOR('',#2067,1.);
#2067 = DIRECTION('',(-0.,-0.,-1.));
#2068 = ORIENTED_EDGE('',*,*,#1180,.T.);
#2069 = ORIENTED_EDGE('',*,*,#2070,.F.);
#2070 = EDGE_CURVE('',#1630,#1183,#2071,.T.);
#2071 = LINE('',#2072,#2073);
#2072 = CARTESIAN_POINT('',(16.525,-26.34627726547,37.));
#2073 = VECTOR('',#2074,1.);
#2074 = DIRECTION('',(-0.,-0.,-1.));
#2075 = PLANE('',#2076);
#2076 = AXIS2_PLACEMENT_3D('',#2077,#2078,#2079);
#2077 = CARTESIAN_POINT('',(16.525,-40.34627726547,37.));
#2078 = DIRECTION('',(1.,0.,0.));
#2079 = DIRECTION('',(0.,1.,0.));
#2080 = ADVANCED_FACE('',(#2081),#2092,.F.);
#2081 = FACE_BOUND('',#2082,.F.);
#2082 = EDGE_LOOP('',(#2083,#2084,#2085,#2086));
#2083 = ORIENTED_EDGE('',*,*,#1653,.F.);
#2084 = ORIENTED_EDGE('',*,*,#2070,.T.);
#2085 = ORIENTED_EDGE('',*,*,#1206,.T.);
#2086 = ORIENTED_EDGE('',*,*,#2087,.F.);
#2087 = EDGE_CURVE('',#1646,#1199,#2088,.T.);
#2088 = LINE('',#2089,#2090);
#2089 = CARTESIAN_POINT('',(2.525,-26.34627726547,37.));
#2090 = VECTOR('',#2091,1.);
#2091 = DIRECTION('',(-0.,-0.,-1.));
#2092 = PLANE('',#2093);
#2093 = AXIS2_PLACEMENT_3D('',#2094,#2095,#2096);
#2094 = CARTESIAN_POINT('',(16.525,-26.34627726547,37.));
#2095 = DIRECTION('',(0.,1.,0.));
#2096 = DIRECTION('',(-1.,0.,0.));
#2097 = ADVANCED_FACE('',(#2098),#2109,.F.);
#2098 = FACE_BOUND('',#2099,.F.);
#2099 = EDGE_LOOP('',(#2100,#2101,#2102,#2103));
#2100 = ORIENTED_EDGE('',*,*,#1645,.F.);
#2101 = ORIENTED_EDGE('',*,*,#2087,.T.);
#2102 = ORIENTED_EDGE('',*,*,#1198,.T.);
#2103 = ORIENTED_EDGE('',*,*,#2104,.F.);
#2104 = EDGE_CURVE('',#1638,#1191,#2105,.T.);
#2105 = LINE('',#2106,#2107);
#2106 = CARTESIAN_POINT('',(2.525,-40.34627726547,37.));
#2107 = VECTOR('',#2108,1.);
#2108 = DIRECTION('',(-0.,-0.,-1.));
#2109 = PLANE('',#2110);
#2110 = AXIS2_PLACEMENT_3D('',#2111,#2112,#2113);
#2111 = CARTESIAN_POINT('',(2.525,-26.34627726547,37.));
#2112 = DIRECTION('',(-1.,0.,0.));
#2113 = DIRECTION('',(0.,-1.,0.));
#2114 = ADVANCED_FACE('',(#2115),#2121,.F.);
#2115 = FACE_BOUND('',#2116,.F.);
#2116 = EDGE_LOOP('',(#2117,#2118,#2119,#2120));
#2117 = ORIENTED_EDGE('',*,*,#1637,.F.);
#2118 = ORIENTED_EDGE('',*,*,#2104,.T.);
#2119 = ORIENTED_EDGE('',*,*,#1190,.T.);
#2120 = ORIENTED_EDGE('',*,*,#2063,.F.);
#2121 = PLANE('',#2122);
#2122 = AXIS2_PLACEMENT_3D('',#2123,#2124,#2125);
#2123 = CARTESIAN_POINT('',(2.525,-40.34627726547,37.));
#2124 = DIRECTION('',(0.,-1.,0.));
#2125 = DIRECTION('',(1.,0.,0.));
#2126 = ADVANCED_FACE('',(#2127),#2143,.F.);
#2127 = FACE_BOUND('',#2128,.F.);
#2128 = EDGE_LOOP('',(#2129,#2130,#2136,#2137));
#2129 = ORIENTED_EDGE('',*,*,#1559,.F.);
#2130 = ORIENTED_EDGE('',*,*,#2131,.T.);
#2131 = EDGE_CURVE('',#1560,#1215,#2132,.T.);
#2132 = LINE('',#2133,#2134);
#2133 = CARTESIAN_POINT('',(-21.575,-40.346277,37.));
#2134 = VECTOR('',#2135,1.);
#2135 = DIRECTION('',(-0.,-0.,-1.));
#2136 = ORIENTED_EDGE('',*,*,#1214,.T.);
#2137 = ORIENTED_EDGE('',*,*,#2138,.F.);
#2138 = EDGE_CURVE('',#1562,#1217,#2139,.T.);
#2139 = LINE('',#2140,#2141);
#2140 = CARTESIAN_POINT('',(-21.575,-26.346277,37.));
#2141 = VECTOR('',#2142,1.);
#2142 = DIRECTION('',(-0.,-0.,-1.));
#2143 = PLANE('',#2144);
#2144 = AXIS2_PLACEMENT_3D('',#2145,#2146,#2147);
#2145 = CARTESIAN_POINT('',(-21.575,-40.346277,37.));
#2146 = DIRECTION('',(1.,0.,0.));
#2147 = DIRECTION('',(0.,1.,0.));
#2148 = ADVANCED_FACE('',(#2149),#2160,.F.);
#2149 = FACE_BOUND('',#2150,.F.);
#2150 = EDGE_LOOP('',(#2151,#2152,#2153,#2154));
#2151 = ORIENTED_EDGE('',*,*,#1585,.F.);
#2152 = ORIENTED_EDGE('',*,*,#2138,.T.);
#2153 = ORIENTED_EDGE('',*,*,#1240,.T.);
#2154 = ORIENTED_EDGE('',*,*,#2155,.F.);
#2155 = EDGE_CURVE('',#1578,#1233,#2156,.T.);
#2156 = LINE('',#2157,#2158);
#2157 = CARTESIAN_POINT('',(-35.575,-26.346277,37.));
#2158 = VECTOR('',#2159,1.);
#2159 = DIRECTION('',(-0.,-0.,-1.));
#2160 = PLANE('',#2161);
#2161 = AXIS2_PLACEMENT_3D('',#2162,#2163,#2164);
#2162 = CARTESIAN_POINT('',(-21.575,-26.346277,37.));
#2163 = DIRECTION('',(0.,1.,0.));
#2164 = DIRECTION('',(-1.,0.,0.));
#2165 = ADVANCED_FACE('',(#2166),#2177,.F.);
#2166 = FACE_BOUND('',#2167,.F.);
#2167 = EDGE_LOOP('',(#2168,#2169,#2170,#2171));
#2168 = ORIENTED_EDGE('',*,*,#1577,.F.);
#2169 = ORIENTED_EDGE('',*,*,#2155,.T.);
#2170 = ORIENTED_EDGE('',*,*,#1232,.T.);
#2171 = ORIENTED_EDGE('',*,*,#2172,.F.);
#2172 = EDGE_CURVE('',#1570,#1225,#2173,.T.);
#2173 = LINE('',#2174,#2175);
#2174 = CARTESIAN_POINT('',(-35.575,-40.346277,37.));
#2175 = VECTOR('',#2176,1.);
#2176 = DIRECTION('',(-0.,-0.,-1.));
#2177 = PLANE('',#2178);
#2178 = AXIS2_PLACEMENT_3D('',#2179,#2180,#2181);
#2179 = CARTESIAN_POINT('',(-35.575,-26.346277,37.));
#2180 = DIRECTION('',(-1.,0.,0.));
#2181 = DIRECTION('',(0.,-1.,0.));
#2182 = ADVANCED_FACE('',(#2183),#2189,.F.);
#2183 = FACE_BOUND('',#2184,.F.);
#2184 = EDGE_LOOP('',(#2185,#2186,#2187,#2188));
#2185 = ORIENTED_EDGE('',*,*,#1569,.F.);
#2186 = ORIENTED_EDGE('',*,*,#2172,.T.);
#2187 = ORIENTED_EDGE('',*,*,#1224,.T.);
#2188 = ORIENTED_EDGE('',*,*,#2131,.F.);
#2189 = PLANE('',#2190);
#2190 = AXIS2_PLACEMENT_3D('',#2191,#2192,#2193);
#2191 = CARTESIAN_POINT('',(-35.575,-40.346277,37.));
#2192 = DIRECTION('',(0.,-1.,0.));
#2193 = DIRECTION('',(1.,0.,0.));
#2194 = ADVANCED_FACE('',(#2195),#2211,.F.);
#2195 = FACE_BOUND('',#2196,.F.);
#2196 = EDGE_LOOP('',(#2197,#2198,#2204,#2205));
#2197 = ORIENTED_EDGE('',*,*,#1661,.F.);
#2198 = ORIENTED_EDGE('',*,*,#2199,.T.);
#2199 = EDGE_CURVE('',#1662,#1249,#2200,.T.);
#2200 = LINE('',#2201,#2202);
#2201 = CARTESIAN_POINT('',(35.575,-40.346277,37.));
#2202 = VECTOR('',#2203,1.);
#2203 = DIRECTION('',(-0.,-0.,-1.));
#2204 = ORIENTED_EDGE('',*,*,#1248,.T.);
#2205 = ORIENTED_EDGE('',*,*,#2206,.F.);
#2206 = EDGE_CURVE('',#1664,#1251,#2207,.T.);
#2207 = LINE('',#2208,#2209);
#2208 = CARTESIAN_POINT('',(35.575,-26.346277,37.));
#2209 = VECTOR('',#2210,1.);
#2210 = DIRECTION('',(-0.,-0.,-1.));
#2211 = PLANE('',#2212);
#2212 = AXIS2_PLACEMENT_3D('',#2213,#2214,#2215);
#2213 = CARTESIAN_POINT('',(35.575,-40.346277,37.));
#2214 = DIRECTION('',(1.,0.,0.));
#2215 = DIRECTION('',(0.,1.,0.));
#2216 = ADVANCED_FACE('',(#2217),#2228,.F.);
#2217 = FACE_BOUND('',#2218,.F.);
#2218 = EDGE_LOOP('',(#2219,#2220,#2221,#2222));
#2219 = ORIENTED_EDGE('',*,*,#1687,.F.);
#2220 = ORIENTED_EDGE('',*,*,#2206,.T.);
#2221 = ORIENTED_EDGE('',*,*,#1274,.T.);
#2222 = ORIENTED_EDGE('',*,*,#2223,.F.);
#2223 = EDGE_CURVE('',#1680,#1267,#2224,.T.);
#2224 = LINE('',#2225,#2226);
#2225 = CARTESIAN_POINT('',(21.575,-26.346277,37.));
#2226 = VECTOR('',#2227,1.);
#2227 = DIRECTION('',(-0.,-0.,-1.));
#2228 = PLANE('',#2229);
#2229 = AXIS2_PLACEMENT_3D('',#2230,#2231,#2232);
#2230 = CARTESIAN_POINT('',(35.575,-26.346277,37.));
#2231 = DIRECTION('',(0.,1.,0.));
#2232 = DIRECTION('',(-1.,0.,0.));
#2233 = ADVANCED_FACE('',(#2234),#2245,.F.);
#2234 = FACE_BOUND('',#2235,.F.);
#2235 = EDGE_LOOP('',(#2236,#2237,#2238,#2239));
#2236 = ORIENTED_EDGE('',*,*,#1679,.F.);
#2237 = ORIENTED_EDGE('',*,*,#2223,.T.);
#2238 = ORIENTED_EDGE('',*,*,#1266,.T.);
#2239 = ORIENTED_EDGE('',*,*,#2240,.F.);
#2240 = EDGE_CURVE('',#1672,#1259,#2241,.T.);
#2241 = LINE('',#2242,#2243);
#2242 = CARTESIAN_POINT('',(21.575,-40.346277,37.));
#2243 = VECTOR('',#2244,1.);
#2244 = DIRECTION('',(-0.,-0.,-1.));
#2245 = PLANE('',#2246);
#2246 = AXIS2_PLACEMENT_3D('',#2247,#2248,#2249);
#2247 = CARTESIAN_POINT('',(21.575,-26.346277,37.));
#2248 = DIRECTION('',(-1.,0.,0.));
#2249 = DIRECTION('',(0.,-1.,0.));
#2250 = ADVANCED_FACE('',(#2251),#2257,.F.);
#2251 = FACE_BOUND('',#2252,.F.);
#2252 = EDGE_LOOP('',(#2253,#2254,#2255,#2256));
#2253 = ORIENTED_EDGE('',*,*,#1671,.F.);
#2254 = ORIENTED_EDGE('',*,*,#2240,.T.);
#2255 = ORIENTED_EDGE('',*,*,#1258,.T.);
#2256 = ORIENTED_EDGE('',*,*,#2199,.F.);
#2257 = PLANE('',#2258);
#2258 = AXIS2_PLACEMENT_3D('',#2259,#2260,#2261);
#2259 = CARTESIAN_POINT('',(21.575,-40.346277,37.));
#2260 = DIRECTION('',(0.,-1.,0.));
#2261 = DIRECTION('',(1.,0.,0.));
#2262 = ADVANCED_FACE('',(#2263),#2274,.F.);
#2263 = FACE_BOUND('',#2264,.T.);
#2264 = EDGE_LOOP('',(#2265,#2266,#2267,#2273));
#2265 = ORIENTED_EDGE('',*,*,#1322,.F.);
#2266 = ORIENTED_EDGE('',*,*,#1298,.T.);
#2267 = ORIENTED_EDGE('',*,*,#2268,.T.);
#2268 = EDGE_CURVE('',#1291,#1734,#2269,.T.);
#2269 = LINE('',#2270,#2271);
#2270 = CARTESIAN_POINT('',(-1.,-2.320797,36.7));
#2271 = VECTOR('',#2272,1.);
#2272 = DIRECTION('',(3.8E-16,-0.707106781187,0.707106781187));
#2273 = ORIENTED_EDGE('',*,*,#1733,.F.);
#2274 = CONICAL_SURFACE('',#2275,2.,0.785398163397);
#2275 = AXIS2_PLACEMENT_3D('',#2276,#2277,#2278);
#2276 = CARTESIAN_POINT('',(-1.,-0.320797,36.7));
#2277 = DIRECTION('',(0.,0.,1.));
#2278 = DIRECTION('',(1.,4.7E-16,0.));
#2279 = ADVANCED_FACE('',(#2280),#2291,.F.);
#2280 = FACE_BOUND('',#2281,.T.);
#2281 = EDGE_LOOP('',(#2282,#2288,#2289,#2290));
#2282 = ORIENTED_EDGE('',*,*,#2283,.F.);
#2283 = EDGE_CURVE('',#1421,#1743,#2284,.T.);
#2284 = LINE('',#2285,#2286);
#2285 = CARTESIAN_POINT('',(-15.,-2.470797,36.85));
#2286 = VECTOR('',#2287,1.);
#2287 = DIRECTION('',(0.,-0.707106781187,0.707106781187));
#2288 = ORIENTED_EDGE('',*,*,#1428,.T.);
#2289 = ORIENTED_EDGE('',*,*,#1443,.T.);
#2290 = ORIENTED_EDGE('',*,*,#1750,.F.);
#2291 = CONICAL_SURFACE('',#2292,2.,0.785398163397);
#2292 = AXIS2_PLACEMENT_3D('',#2293,#2294,#2295);
#2293 = CARTESIAN_POINT('',(-15.,-0.320797,36.7));
#2294 = DIRECTION('',(0.,0.,1.));
#2295 = DIRECTION('',(0.,-1.,0.));
#2296 = ADVANCED_FACE('',(#2297),#2322,.F.);
#2297 = FACE_BOUND('',#2298,.F.);
#2298 = EDGE_LOOP('',(#2299,#2307,#2308,#2316));
#2299 = ORIENTED_EDGE('',*,*,#2300,.F.);
#2300 = EDGE_CURVE('',#1468,#2301,#2303,.T.);
#2301 = VERTEX_POINT('',#2302);
#2302 = CARTESIAN_POINT('',(-62.5,-53.,36.7));
#2303 = LINE('',#2304,#2305);
#2304 = CARTESIAN_POINT('',(-62.5,-52.85,36.85));
#2305 = VECTOR('',#2306,1.);
#2306 = DIRECTION('',(0.,-0.707106781187,-0.707106781187));
#2307 = ORIENTED_EDGE('',*,*,#1467,.T.);
#2308 = ORIENTED_EDGE('',*,*,#2309,.T.);
#2309 = EDGE_CURVE('',#1470,#2310,#2312,.T.);
#2310 = VERTEX_POINT('',#2311);
#2311 = CARTESIAN_POINT('',(62.5,-53.,36.7));
#2312 = LINE('',#2313,#2314);
#2313 = CARTESIAN_POINT('',(62.5,-52.85,36.85));
#2314 = VECTOR('',#2315,1.);
#2315 = DIRECTION('',(0.,-0.707106781187,-0.707106781187));
#2316 = ORIENTED_EDGE('',*,*,#2317,.F.);
#2317 = EDGE_CURVE('',#2301,#2310,#2318,.T.);
#2318 = LINE('',#2319,#2320);
#2319 = CARTESIAN_POINT('',(-62.5,-53.,36.7));
#2320 = VECTOR('',#2321,1.);
#2321 = DIRECTION('',(1.,0.,0.));
#2322 = PLANE('',#2323);
#2323 = AXIS2_PLACEMENT_3D('',#2324,#2325,#2326);
#2324 = CARTESIAN_POINT('',(-62.5,-52.85,36.85));
#2325 = DIRECTION('',(0.,0.707106781187,-0.707106781187));
#2326 = DIRECTION('',(1.,0.,0.));
#2327 = ADVANCED_FACE('',(#2328),#2347,.T.);
#2328 = FACE_BOUND('',#2329,.F.);
#2329 = EDGE_LOOP('',(#2330,#2338,#2339,#2340));
#2330 = ORIENTED_EDGE('',*,*,#2331,.F.);
#2331 = EDGE_CURVE('',#1521,#2332,#2334,.T.);
#2332 = VERTEX_POINT('',#2333);
#2333 = CARTESIAN_POINT('',(-64.5,-51.,36.7));
#2334 = LINE('',#2335,#2336);
#2335 = CARTESIAN_POINT('',(-64.35,-51.,36.85));
#2336 = VECTOR('',#2337,1.);
#2337 = DIRECTION('',(-0.707106781187,-0.,-0.707106781187));
#2338 = ORIENTED_EDGE('',*,*,#1528,.T.);
#2339 = ORIENTED_EDGE('',*,*,#2300,.T.);
#2340 = ORIENTED_EDGE('',*,*,#2341,.F.);
#2341 = EDGE_CURVE('',#2332,#2301,#2342,.T.);
#2342 = CIRCLE('',#2343,2.);
#2343 = AXIS2_PLACEMENT_3D('',#2344,#2345,#2346);
#2344 = CARTESIAN_POINT('',(-62.5,-51.,36.7));
#2345 = DIRECTION('',(0.,0.,1.));
#2346 = DIRECTION('',(-1.,0.,0.));
#2347 = CONICAL_SURFACE('',#2348,2.,0.785398163397);
#2348 = AXIS2_PLACEMENT_3D('',#2349,#2350,#2351);
#2349 = CARTESIAN_POINT('',(-62.5,-51.,36.7));
#2350 = DIRECTION('',(-0.,-0.,-1.));
#2351 = DIRECTION('',(-1.,0.,0.));
#2352 = ADVANCED_FACE('',(#2353),#2372,.T.);
#2353 = FACE_BOUND('',#2354,.F.);
#2354 = EDGE_LOOP('',(#2355,#2356,#2357,#2365));
#2355 = ORIENTED_EDGE('',*,*,#2309,.F.);
#2356 = ORIENTED_EDGE('',*,*,#1477,.T.);
#2357 = ORIENTED_EDGE('',*,*,#2358,.T.);
#2358 = EDGE_CURVE('',#1478,#2359,#2361,.T.);
#2359 = VERTEX_POINT('',#2360);
#2360 = CARTESIAN_POINT('',(64.5,-51.,36.7));
#2361 = LINE('',#2362,#2363);
#2362 = CARTESIAN_POINT('',(64.5,-51.,36.7));
#2363 = VECTOR('',#2364,1.);
#2364 = DIRECTION('',(0.707106781187,-4.E-17,-0.707106781187));
#2365 = ORIENTED_EDGE('',*,*,#2366,.F.);
#2366 = EDGE_CURVE('',#2310,#2359,#2367,.T.);
#2367 = CIRCLE('',#2368,2.);
#2368 = AXIS2_PLACEMENT_3D('',#2369,#2370,#2371);
#2369 = CARTESIAN_POINT('',(62.5,-51.,36.7));
#2370 = DIRECTION('',(-0.,0.,1.));
#2371 = DIRECTION('',(0.,-1.,0.));
#2372 = CONICAL_SURFACE('',#2373,2.,0.785398163397);
#2373 = AXIS2_PLACEMENT_3D('',#2374,#2375,#2376);
#2374 = CARTESIAN_POINT('',(62.5,-51.,36.7));
#2375 = DIRECTION('',(-0.,-0.,-1.));
#2376 = DIRECTION('',(0.,-1.,0.));
#2377 = ADVANCED_FACE('',(#2378),#2396,.F.);
#2378 = FACE_BOUND('',#2379,.F.);
#2379 = EDGE_LOOP('',(#2380,#2388,#2389,#2390));
#2380 = ORIENTED_EDGE('',*,*,#2381,.F.);
#2381 = EDGE_CURVE('',#1512,#2382,#2384,.T.);
#2382 = VERTEX_POINT('',#2383);
#2383 = CARTESIAN_POINT('',(-64.5,24.,36.7));
#2384 = LINE('',#2385,#2386);
#2385 = CARTESIAN_POINT('',(-64.5,24.,36.7));
#2386 = VECTOR('',#2387,1.);
#2387 = DIRECTION('',(-0.707106781187,4.E-17,-0.707106781187));
#2388 = ORIENTED_EDGE('',*,*,#1520,.T.);
#2389 = ORIENTED_EDGE('',*,*,#2331,.T.);
#2390 = ORIENTED_EDGE('',*,*,#2391,.F.);
#2391 = EDGE_CURVE('',#2382,#2332,#2392,.T.);
#2392 = LINE('',#2393,#2394);
#2393 = CARTESIAN_POINT('',(-64.5,24.,36.7));
#2394 = VECTOR('',#2395,1.);
#2395 = DIRECTION('',(0.,-1.,0.));
#2396 = PLANE('',#2397);
#2397 = AXIS2_PLACEMENT_3D('',#2398,#2399,#2400);
#2398 = CARTESIAN_POINT('',(-64.35,24.,36.85));
#2399 = DIRECTION('',(0.707106781187,0.,-0.707106781187));
#2400 = DIRECTION('',(0.,-1.,0.));
#2401 = ADVANCED_FACE('',(#2402),#2420,.F.);
#2402 = FACE_BOUND('',#2403,.F.);
#2403 = EDGE_LOOP('',(#2404,#2405,#2406,#2414));
#2404 = ORIENTED_EDGE('',*,*,#2358,.F.);
#2405 = ORIENTED_EDGE('',*,*,#1486,.T.);
#2406 = ORIENTED_EDGE('',*,*,#2407,.T.);
#2407 = EDGE_CURVE('',#1487,#2408,#2410,.T.);
#2408 = VERTEX_POINT('',#2409);
#2409 = CARTESIAN_POINT('',(64.5,24.,36.7));
#2410 = LINE('',#2411,#2412);
#2411 = CARTESIAN_POINT('',(64.35,24.,36.85));
#2412 = VECTOR('',#2413,1.);
#2413 = DIRECTION('',(0.707106781187,0.,-0.707106781187));
#2414 = ORIENTED_EDGE('',*,*,#2415,.F.);
#2415 = EDGE_CURVE('',#2359,#2408,#2416,.T.);
#2416 = LINE('',#2417,#2418);
#2417 = CARTESIAN_POINT('',(64.5,-51.,36.7));
#2418 = VECTOR('',#2419,1.);
#2419 = DIRECTION('',(0.,1.,0.));
#2420 = PLANE('',#2421);
#2421 = AXIS2_PLACEMENT_3D('',#2422,#2423,#2424);
#2422 = CARTESIAN_POINT('',(64.35,-51.,36.85));
#2423 = DIRECTION('',(-0.707106781187,-0.,-0.707106781187));
#2424 = DIRECTION('',(0.,1.,0.));
#2425 = ADVANCED_FACE('',(#2426),#2445,.T.);
#2426 = FACE_BOUND('',#2427,.F.);
#2427 = EDGE_LOOP('',(#2428,#2436,#2437,#2438));
#2428 = ORIENTED_EDGE('',*,*,#2429,.F.);
#2429 = EDGE_CURVE('',#1504,#2430,#2432,.T.);
#2430 = VERTEX_POINT('',#2431);
#2431 = CARTESIAN_POINT('',(-62.5,26.,36.7));
#2432 = LINE('',#2433,#2434);
#2433 = CARTESIAN_POINT('',(-62.5,25.85,36.85));
#2434 = VECTOR('',#2435,1.);
#2435 = DIRECTION('',(0.,0.707106781187,-0.707106781187));
#2436 = ORIENTED_EDGE('',*,*,#1511,.T.);
#2437 = ORIENTED_EDGE('',*,*,#2381,.T.);
#2438 = ORIENTED_EDGE('',*,*,#2439,.F.);
#2439 = EDGE_CURVE('',#2430,#2382,#2440,.T.);
#2440 = CIRCLE('',#2441,2.);
#2441 = AXIS2_PLACEMENT_3D('',#2442,#2443,#2444);
#2442 = CARTESIAN_POINT('',(-62.5,24.,36.7));
#2443 = DIRECTION('',(0.,-0.,1.));
#2444 = DIRECTION('',(0.,1.,0.));
#2445 = CONICAL_SURFACE('',#2446,2.,0.785398163397);
#2446 = AXIS2_PLACEMENT_3D('',#2447,#2448,#2449);
#2447 = CARTESIAN_POINT('',(-62.5,24.,36.7));
#2448 = DIRECTION('',(-0.,-0.,-1.));
#2449 = DIRECTION('',(0.,1.,0.));
#2450 = ADVANCED_FACE('',(#2451),#2470,.T.);
#2451 = FACE_BOUND('',#2452,.F.);
#2452 = EDGE_LOOP('',(#2453,#2454,#2455,#2463));
#2453 = ORIENTED_EDGE('',*,*,#2407,.F.);
#2454 = ORIENTED_EDGE('',*,*,#1494,.T.);
#2455 = ORIENTED_EDGE('',*,*,#2456,.T.);
#2456 = EDGE_CURVE('',#1495,#2457,#2459,.T.);
#2457 = VERTEX_POINT('',#2458);
#2458 = CARTESIAN_POINT('',(62.5,26.,36.7));
#2459 = LINE('',#2460,#2461);
#2460 = CARTESIAN_POINT('',(62.5,26.,36.7));
#2461 = VECTOR('',#2462,1.);
#2462 = DIRECTION('',(1.3E-15,0.707106781187,-0.707106781187));
#2463 = ORIENTED_EDGE('',*,*,#2464,.F.);
#2464 = EDGE_CURVE('',#2408,#2457,#2465,.T.);
#2465 = CIRCLE('',#2466,2.);
#2466 = AXIS2_PLACEMENT_3D('',#2467,#2468,#2469);
#2467 = CARTESIAN_POINT('',(62.5,24.,36.7));
#2468 = DIRECTION('',(-0.,0.,1.));
#2469 = DIRECTION('',(1.,-1.78E-15,0.));
#2470 = CONICAL_SURFACE('',#2471,2.,0.785398163397);
#2471 = AXIS2_PLACEMENT_3D('',#2472,#2473,#2474);
#2472 = CARTESIAN_POINT('',(62.5,24.,36.7));
#2473 = DIRECTION('',(-0.,-0.,-1.));
#2474 = DIRECTION('',(1.,-1.78E-15,0.));
#2475 = ADVANCED_FACE('',(#2476),#2487,.F.);
#2476 = FACE_BOUND('',#2477,.F.);
#2477 = EDGE_LOOP('',(#2478,#2479,#2480,#2481));
#2478 = ORIENTED_EDGE('',*,*,#2456,.F.);
#2479 = ORIENTED_EDGE('',*,*,#1503,.T.);
#2480 = ORIENTED_EDGE('',*,*,#2429,.T.);
#2481 = ORIENTED_EDGE('',*,*,#2482,.F.);
#2482 = EDGE_CURVE('',#2457,#2430,#2483,.T.);
#2483 = LINE('',#2484,#2485);
#2484 = CARTESIAN_POINT('',(62.5,26.,36.7));
#2485 = VECTOR('',#2486,1.);
#2486 = DIRECTION('',(-1.,0.,0.));
#2487 = PLANE('',#2488);
#2488 = AXIS2_PLACEMENT_3D('',#2489,#2490,#2491);
#2489 = CARTESIAN_POINT('',(62.5,25.85,36.85));
#2490 = DIRECTION('',(-0.,-0.707106781187,-0.707106781187));
#2491 = DIRECTION('',(-1.,0.,0.));
#2492 = ADVANCED_FACE('',(#2493),#2504,.F.);
#2493 = FACE_BOUND('',#2494,.T.);
#2494 = EDGE_LOOP('',(#2495,#2501,#2502,#2503));
#2495 = ORIENTED_EDGE('',*,*,#2496,.F.);
#2496 = EDGE_CURVE('',#1538,#1903,#2497,.T.);
#2497 = LINE('',#2498,#2499);
#2498 = CARTESIAN_POINT('',(-55.,-47.5,36.7));
#2499 = VECTOR('',#2500,1.);
#2500 = DIRECTION('',(-0.707106781187,-0.,-0.707106781187));
#2501 = ORIENTED_EDGE('',*,*,#1537,.T.);
#2502 = ORIENTED_EDGE('',*,*,#2496,.T.);
#2503 = ORIENTED_EDGE('',*,*,#1910,.F.);
#2504 = CONICAL_SURFACE('',#2505,3.5,0.785398163397);
#2505 = AXIS2_PLACEMENT_3D('',#2506,#2507,#2508);
#2506 = CARTESIAN_POINT('',(-58.5,-47.5,36.7));
#2507 = DIRECTION('',(0.,0.,1.));
#2508 = DIRECTION('',(1.,0.,0.));
#2509 = ADVANCED_FACE('',(#2510),#2521,.F.);
#2510 = FACE_BOUND('',#2511,.T.);
#2511 = EDGE_LOOP('',(#2512,#2518,#2519,#2520));
#2512 = ORIENTED_EDGE('',*,*,#2513,.F.);
#2513 = EDGE_CURVE('',#1696,#1928,#2514,.T.);
#2514 = LINE('',#2515,#2516);
#2515 = CARTESIAN_POINT('',(62.,-47.5,36.7));
#2516 = VECTOR('',#2517,1.);
#2517 = DIRECTION('',(-0.707106781187,-0.,-0.707106781187));
#2518 = ORIENTED_EDGE('',*,*,#1695,.T.);
#2519 = ORIENTED_EDGE('',*,*,#2513,.T.);
#2520 = ORIENTED_EDGE('',*,*,#1935,.F.);
#2521 = CONICAL_SURFACE('',#2522,3.5,0.785398163397);
#2522 = AXIS2_PLACEMENT_3D('',#2523,#2524,#2525);
#2523 = CARTESIAN_POINT('',(58.5,-47.5,36.7));
#2524 = DIRECTION('',(0.,0.,1.));
#2525 = DIRECTION('',(1.,0.,0.));
#2526 = ADVANCED_FACE('',(#2527),#2538,.F.);
#2527 = FACE_BOUND('',#2528,.T.);
#2528 = EDGE_LOOP('',(#2529,#2535,#2536,#2537));
#2529 = ORIENTED_EDGE('',*,*,#2530,.F.);
#2530 = EDGE_CURVE('',#1718,#1953,#2531,.T.);
#2531 = LINE('',#2532,#2533);
#2532 = CARTESIAN_POINT('',(-55.,20.,36.7));
#2533 = VECTOR('',#2534,1.);
#2534 = DIRECTION('',(-0.707106781187,7.2E-16,-0.707106781187));
#2535 = ORIENTED_EDGE('',*,*,#1717,.T.);
#2536 = ORIENTED_EDGE('',*,*,#2530,.T.);
#2537 = ORIENTED_EDGE('',*,*,#1960,.F.);
#2538 = CONICAL_SURFACE('',#2539,3.5,0.785398163397);
#2539 = AXIS2_PLACEMENT_3D('',#2540,#2541,#2542);
#2540 = CARTESIAN_POINT('',(-58.5,20.,36.7));
#2541 = DIRECTION('',(0.,0.,1.));
#2542 = DIRECTION('',(1.,-1.02E-15,0.));
#2543 = ADVANCED_FACE('',(#2544),#2550,.T.);
#2544 = FACE_BOUND('',#2545,.T.);
#2545 = EDGE_LOOP('',(#2546,#2547,#2548,#2549));
#2546 = ORIENTED_EDGE('',*,*,#2268,.F.);
#2547 = ORIENTED_EDGE('',*,*,#1980,.T.);
#2548 = ORIENTED_EDGE('',*,*,#2283,.T.);
#2549 = ORIENTED_EDGE('',*,*,#1742,.F.);
#2550 = PLANE('',#2551);
#2551 = AXIS2_PLACEMENT_3D('',#2552,#2553,#2554);
#2552 = CARTESIAN_POINT('',(-1.,-2.470797,36.85));
#2553 = DIRECTION('',(0.,0.707106781187,0.707106781187));
#2554 = DIRECTION('',(-1.,0.,0.));
#2555 = ADVANCED_FACE('',(#2556),#2575,.F.);
#2556 = FACE_BOUND('',#2557,.T.);
#2557 = EDGE_LOOP('',(#2558,#2566,#2567,#2568));
#2558 = ORIENTED_EDGE('',*,*,#2559,.F.);
#2559 = EDGE_CURVE('',#1760,#2560,#2562,.T.);
#2560 = VERTEX_POINT('',#2561);
#2561 = CARTESIAN_POINT('',(62.,20.,36.7));
#2562 = LINE('',#2563,#2564);
#2563 = CARTESIAN_POINT('',(62.,20.,36.7));
#2564 = VECTOR('',#2565,1.);
#2565 = DIRECTION('',(-0.707106781187,7.2E-16,-0.707106781187));
#2566 = ORIENTED_EDGE('',*,*,#1759,.T.);
#2567 = ORIENTED_EDGE('',*,*,#2559,.T.);
#2568 = ORIENTED_EDGE('',*,*,#2569,.F.);
#2569 = EDGE_CURVE('',#2560,#2560,#2570,.T.);
#2570 = CIRCLE('',#2571,3.5);
#2571 = AXIS2_PLACEMENT_3D('',#2572,#2573,#2574);
#2572 = CARTESIAN_POINT('',(58.5,20.,36.7));
#2573 = DIRECTION('',(-0.,0.,1.));
#2574 = DIRECTION('',(1.,-1.02E-15,0.));
#2575 = CONICAL_SURFACE('',#2576,3.5,0.785398163397);
#2576 = AXIS2_PLACEMENT_3D('',#2577,#2578,#2579);
#2577 = CARTESIAN_POINT('',(58.5,20.,36.7));
#2578 = DIRECTION('',(0.,0.,1.));
#2579 = DIRECTION('',(1.,-1.02E-15,0.));
#2580 = ADVANCED_FACE('',(#2581),#2592,.F.);
#2581 = FACE_BOUND('',#2582,.T.);
#2582 = EDGE_LOOP('',(#2583,#2589,#2590,#2591));
#2583 = ORIENTED_EDGE('',*,*,#2584,.F.);
#2584 = EDGE_CURVE('',#2560,#1801,#2585,.T.);
#2585 = LINE('',#2586,#2587);
#2586 = CARTESIAN_POINT('',(62.,20.,37.));
#2587 = VECTOR('',#2588,1.);
#2588 = DIRECTION('',(0.,0.,-1.));
#2589 = ORIENTED_EDGE('',*,*,#2569,.T.);
#2590 = ORIENTED_EDGE('',*,*,#2584,.T.);
#2591 = ORIENTED_EDGE('',*,*,#1800,.F.);
#2592 = CYLINDRICAL_SURFACE('',#2593,3.5);
#2593 = AXIS2_PLACEMENT_3D('',#2594,#2595,#2596);
#2594 = CARTESIAN_POINT('',(58.5,20.,37.));
#2595 = DIRECTION('',(-0.,-0.,-1.));
#2596 = DIRECTION('',(1.,0.,0.));
#2597 = ADVANCED_FACE('',(#2598),#2623,.T.);
#2598 = FACE_BOUND('',#2599,.T.);
#2599 = EDGE_LOOP('',(#2600,#2608,#2609,#2617));
#2600 = ORIENTED_EDGE('',*,*,#2601,.F.);
#2601 = EDGE_CURVE('',#1821,#2602,#2604,.T.);
#2602 = VERTEX_POINT('',#2603);
#2603 = CARTESIAN_POINT('',(-64.5,24.,35.3));
#2604 = LINE('',#2605,#2606);
#2605 = CARTESIAN_POINT('',(-64.35,24.,35.15));
#2606 = VECTOR('',#2607,1.);
#2607 = DIRECTION('',(-0.707106781187,0.,0.707106781187));
#2608 = ORIENTED_EDGE('',*,*,#1820,.T.);
#2609 = ORIENTED_EDGE('',*,*,#2610,.T.);
#2610 = EDGE_CURVE('',#1823,#2611,#2613,.T.);
#2611 = VERTEX_POINT('',#2612);
#2612 = CARTESIAN_POINT('',(-64.5,-51.,35.3));
#2613 = LINE('',#2614,#2615);
#2614 = CARTESIAN_POINT('',(-64.35,-51.,35.15));
#2615 = VECTOR('',#2616,1.);
#2616 = DIRECTION('',(-0.707106781187,0.,0.707106781187));
#2617 = ORIENTED_EDGE('',*,*,#2618,.F.);
#2618 = EDGE_CURVE('',#2602,#2611,#2619,.T.);
#2619 = LINE('',#2620,#2621);
#2620 = CARTESIAN_POINT('',(-64.5,24.,35.3));
#2621 = VECTOR('',#2622,1.);
#2622 = DIRECTION('',(0.,-1.,0.));
#2623 = PLANE('',#2624);
#2624 = AXIS2_PLACEMENT_3D('',#2625,#2626,#2627);
#2625 = CARTESIAN_POINT('',(-64.35,24.,35.15));
#2626 = DIRECTION('',(-0.707106781187,-0.,-0.707106781187));
#2627 = DIRECTION('',(0.,-1.,0.));
#2628 = ADVANCED_FACE('',(#2629),#2648,.T.);
#2629 = FACE_BOUND('',#2630,.T.);
#2630 = EDGE_LOOP('',(#2631,#2639,#2640,#2641));
#2631 = ORIENTED_EDGE('',*,*,#2632,.F.);
#2632 = EDGE_CURVE('',#1874,#2633,#2635,.T.);
#2633 = VERTEX_POINT('',#2634);
#2634 = CARTESIAN_POINT('',(-62.5,26.,35.3));
#2635 = LINE('',#2636,#2637);
#2636 = CARTESIAN_POINT('',(-62.5,25.85,35.15));
#2637 = VECTOR('',#2638,1.);
#2638 = DIRECTION('',(0.,0.707106781187,0.707106781187));
#2639 = ORIENTED_EDGE('',*,*,#1881,.T.);
#2640 = ORIENTED_EDGE('',*,*,#2601,.T.);
#2641 = ORIENTED_EDGE('',*,*,#2642,.F.);
#2642 = EDGE_CURVE('',#2633,#2602,#2643,.T.);
#2643 = CIRCLE('',#2644,2.);
#2644 = AXIS2_PLACEMENT_3D('',#2645,#2646,#2647);
#2645 = CARTESIAN_POINT('',(-62.5,24.,35.3));
#2646 = DIRECTION('',(0.,-0.,1.));
#2647 = DIRECTION('',(0.,1.,0.));
#2648 = CONICAL_SURFACE('',#2649,2.,0.785398163397);
#2649 = AXIS2_PLACEMENT_3D('',#2650,#2651,#2652);
#2650 = CARTESIAN_POINT('',(-62.5,24.,35.3));
#2651 = DIRECTION('',(0.,0.,1.));
#2652 = DIRECTION('',(0.,1.,0.));
#2653 = ADVANCED_FACE('',(#2654),#2673,.T.);
#2654 = FACE_BOUND('',#2655,.T.);
#2655 = EDGE_LOOP('',(#2656,#2657,#2658,#2666));
#2656 = ORIENTED_EDGE('',*,*,#2610,.F.);
#2657 = ORIENTED_EDGE('',*,*,#1830,.T.);
#2658 = ORIENTED_EDGE('',*,*,#2659,.T.);
#2659 = EDGE_CURVE('',#1831,#2660,#2662,.T.);
#2660 = VERTEX_POINT('',#2661);
#2661 = CARTESIAN_POINT('',(-62.5,-53.,35.3));
#2662 = LINE('',#2663,#2664);
#2663 = CARTESIAN_POINT('',(-62.5,-53.,35.3));
#2664 = VECTOR('',#2665,1.);
#2665 = DIRECTION('',(-4.E-17,-0.707106781187,0.707106781187));
#2666 = ORIENTED_EDGE('',*,*,#2667,.F.);
#2667 = EDGE_CURVE('',#2611,#2660,#2668,.T.);
#2668 = CIRCLE('',#2669,2.);
#2669 = AXIS2_PLACEMENT_3D('',#2670,#2671,#2672);
#2670 = CARTESIAN_POINT('',(-62.5,-51.,35.3));
#2671 = DIRECTION('',(0.,0.,1.));
#2672 = DIRECTION('',(-1.,0.,0.));
#2673 = CONICAL_SURFACE('',#2674,2.,0.785398163397);
#2674 = AXIS2_PLACEMENT_3D('',#2675,#2676,#2677);
#2675 = CARTESIAN_POINT('',(-62.5,-51.,35.3));
#2676 = DIRECTION('',(0.,0.,1.));
#2677 = DIRECTION('',(-1.,0.,0.));
#2678 = ADVANCED_FACE('',(#2679),#2697,.T.);
#2679 = FACE_BOUND('',#2680,.T.);
#2680 = EDGE_LOOP('',(#2681,#2689,#2690,#2691));
#2681 = ORIENTED_EDGE('',*,*,#2682,.F.);
#2682 = EDGE_CURVE('',#1865,#2683,#2685,.T.);
#2683 = VERTEX_POINT('',#2684);
#2684 = CARTESIAN_POINT('',(62.5,26.,35.3));
#2685 = LINE('',#2686,#2687);
#2686 = CARTESIAN_POINT('',(62.5,26.,35.3));
#2687 = VECTOR('',#2688,1.);
#2688 = DIRECTION('',(1.3E-15,0.707106781187,0.707106781187));
#2689 = ORIENTED_EDGE('',*,*,#1873,.T.);
#2690 = ORIENTED_EDGE('',*,*,#2632,.T.);
#2691 = ORIENTED_EDGE('',*,*,#2692,.F.);
#2692 = EDGE_CURVE('',#2683,#2633,#2693,.T.);
#2693 = LINE('',#2694,#2695);
#2694 = CARTESIAN_POINT('',(62.5,26.,35.3));
#2695 = VECTOR('',#2696,1.);
#2696 = DIRECTION('',(-1.,0.,0.));
#2697 = PLANE('',#2698);
#2698 = AXIS2_PLACEMENT_3D('',#2699,#2700,#2701);
#2699 = CARTESIAN_POINT('',(62.5,25.85,35.15));
#2700 = DIRECTION('',(0.,0.707106781187,-0.707106781187));
#2701 = DIRECTION('',(-1.,0.,0.));
#2702 = ADVANCED_FACE('',(#2703),#2721,.T.);
#2703 = FACE_BOUND('',#2704,.T.);
#2704 = EDGE_LOOP('',(#2705,#2706,#2707,#2715));
#2705 = ORIENTED_EDGE('',*,*,#2659,.F.);
#2706 = ORIENTED_EDGE('',*,*,#1839,.T.);
#2707 = ORIENTED_EDGE('',*,*,#2708,.T.);
#2708 = EDGE_CURVE('',#1840,#2709,#2711,.T.);
#2709 = VERTEX_POINT('',#2710);
#2710 = CARTESIAN_POINT('',(62.5,-53.,35.3));
#2711 = LINE('',#2712,#2713);
#2712 = CARTESIAN_POINT('',(62.5,-52.85,35.15));
#2713 = VECTOR('',#2714,1.);
#2714 = DIRECTION('',(0.,-0.707106781187,0.707106781187));
#2715 = ORIENTED_EDGE('',*,*,#2716,.F.);
#2716 = EDGE_CURVE('',#2660,#2709,#2717,.T.);
#2717 = LINE('',#2718,#2719);
#2718 = CARTESIAN_POINT('',(-62.5,-53.,35.3));
#2719 = VECTOR('',#2720,1.);
#2720 = DIRECTION('',(1.,0.,0.));
#2721 = PLANE('',#2722);
#2722 = AXIS2_PLACEMENT_3D('',#2723,#2724,#2725);
#2723 = CARTESIAN_POINT('',(-62.5,-52.85,35.15));
#2724 = DIRECTION('',(0.,-0.707106781187,-0.707106781187));
#2725 = DIRECTION('',(1.,0.,0.));
#2726 = ADVANCED_FACE('',(#2727),#2746,.T.);
#2727 = FACE_BOUND('',#2728,.T.);
#2728 = EDGE_LOOP('',(#2729,#2737,#2738,#2739));
#2729 = ORIENTED_EDGE('',*,*,#2730,.F.);
#2730 = EDGE_CURVE('',#1857,#2731,#2733,.T.);
#2731 = VERTEX_POINT('',#2732);
#2732 = CARTESIAN_POINT('',(64.5,24.,35.3));
#2733 = LINE('',#2734,#2735);
#2734 = CARTESIAN_POINT('',(64.35,24.,35.15));
#2735 = VECTOR('',#2736,1.);
#2736 = DIRECTION('',(0.707106781187,0.,0.707106781187));
#2737 = ORIENTED_EDGE('',*,*,#1864,.T.);
#2738 = ORIENTED_EDGE('',*,*,#2682,.T.);
#2739 = ORIENTED_EDGE('',*,*,#2740,.F.);
#2740 = EDGE_CURVE('',#2731,#2683,#2741,.T.);
#2741 = CIRCLE('',#2742,2.);
#2742 = AXIS2_PLACEMENT_3D('',#2743,#2744,#2745);
#2743 = CARTESIAN_POINT('',(62.5,24.,35.3));
#2744 = DIRECTION('',(-0.,0.,1.));
#2745 = DIRECTION('',(1.,-1.78E-15,0.));
#2746 = CONICAL_SURFACE('',#2747,2.,0.785398163397);
#2747 = AXIS2_PLACEMENT_3D('',#2748,#2749,#2750);
#2748 = CARTESIAN_POINT('',(62.5,24.,35.3));
#2749 = DIRECTION('',(0.,0.,1.));
#2750 = DIRECTION('',(1.,-1.78E-15,0.));
#2751 = ADVANCED_FACE('',(#2752),#2771,.T.);
#2752 = FACE_BOUND('',#2753,.T.);
#2753 = EDGE_LOOP('',(#2754,#2755,#2756,#2764));
#2754 = ORIENTED_EDGE('',*,*,#2708,.F.);
#2755 = ORIENTED_EDGE('',*,*,#1847,.T.);
#2756 = ORIENTED_EDGE('',*,*,#2757,.T.);
#2757 = EDGE_CURVE('',#1848,#2758,#2760,.T.);
#2758 = VERTEX_POINT('',#2759);
#2759 = CARTESIAN_POINT('',(64.5,-51.,35.3));
#2760 = LINE('',#2761,#2762);
#2761 = CARTESIAN_POINT('',(64.5,-51.,35.3));
#2762 = VECTOR('',#2763,1.);
#2763 = DIRECTION('',(0.707106781187,-4.E-17,0.707106781187));
#2764 = ORIENTED_EDGE('',*,*,#2765,.F.);
#2765 = EDGE_CURVE('',#2709,#2758,#2766,.T.);
#2766 = CIRCLE('',#2767,2.);
#2767 = AXIS2_PLACEMENT_3D('',#2768,#2769,#2770);
#2768 = CARTESIAN_POINT('',(62.5,-51.,35.3));
#2769 = DIRECTION('',(-0.,0.,1.));
#2770 = DIRECTION('',(0.,-1.,0.));
#2771 = CONICAL_SURFACE('',#2772,2.,0.785398163397);
#2772 = AXIS2_PLACEMENT_3D('',#2773,#2774,#2775);
#2773 = CARTESIAN_POINT('',(62.5,-51.,35.3));
#2774 = DIRECTION('',(0.,0.,1.));
#2775 = DIRECTION('',(0.,-1.,0.));
#2776 = ADVANCED_FACE('',(#2777),#2788,.T.);
#2777 = FACE_BOUND('',#2778,.T.);
#2778 = EDGE_LOOP('',(#2779,#2780,#2781,#2782));
#2779 = ORIENTED_EDGE('',*,*,#2757,.F.);
#2780 = ORIENTED_EDGE('',*,*,#1856,.T.);
#2781 = ORIENTED_EDGE('',*,*,#2730,.T.);
#2782 = ORIENTED_EDGE('',*,*,#2783,.F.);
#2783 = EDGE_CURVE('',#2758,#2731,#2784,.T.);
#2784 = LINE('',#2785,#2786);
#2785 = CARTESIAN_POINT('',(64.5,-51.,35.3));
#2786 = VECTOR('',#2787,1.);
#2787 = DIRECTION('',(0.,1.,0.));
#2788 = PLANE('',#2789);
#2789 = AXIS2_PLACEMENT_3D('',#2790,#2791,#2792);
#2790 = CARTESIAN_POINT('',(64.35,-51.,35.15));
#2791 = DIRECTION('',(0.707106781187,0.,-0.707106781187));
#2792 = DIRECTION('',(0.,1.,0.));
#2793 = ADVANCED_FACE('',(#2794),#2810,.F.);
#2794 = FACE_BOUND('',#2795,.F.);
#2795 = EDGE_LOOP('',(#2796,#2802,#2803,#2809));
#2796 = ORIENTED_EDGE('',*,*,#2797,.T.);
#2797 = EDGE_CURVE('',#2660,#2301,#2798,.T.);
#2798 = LINE('',#2799,#2800);
#2799 = CARTESIAN_POINT('',(-62.5,-53.,35.));
#2800 = VECTOR('',#2801,1.);
#2801 = DIRECTION('',(0.,0.,1.));
#2802 = ORIENTED_EDGE('',*,*,#2317,.T.);
#2803 = ORIENTED_EDGE('',*,*,#2804,.F.);
#2804 = EDGE_CURVE('',#2709,#2310,#2805,.T.);
#2805 = LINE('',#2806,#2807);
#2806 = CARTESIAN_POINT('',(62.5,-53.,35.));
#2807 = VECTOR('',#2808,1.);
#2808 = DIRECTION('',(0.,0.,1.));
#2809 = ORIENTED_EDGE('',*,*,#2716,.F.);
#2810 = PLANE('',#2811);
#2811 = AXIS2_PLACEMENT_3D('',#2812,#2813,#2814);
#2812 = CARTESIAN_POINT('',(-62.5,-53.,35.));
#2813 = DIRECTION('',(0.,1.,0.));
#2814 = DIRECTION('',(1.,0.,0.));
#2815 = ADVANCED_FACE('',(#2816),#2827,.T.);
#2816 = FACE_BOUND('',#2817,.F.);
#2817 = EDGE_LOOP('',(#2818,#2824,#2825,#2826));
#2818 = ORIENTED_EDGE('',*,*,#2819,.T.);
#2819 = EDGE_CURVE('',#2611,#2332,#2820,.T.);
#2820 = LINE('',#2821,#2822);
#2821 = CARTESIAN_POINT('',(-64.5,-51.,35.));
#2822 = VECTOR('',#2823,1.);
#2823 = DIRECTION('',(0.,0.,1.));
#2824 = ORIENTED_EDGE('',*,*,#2341,.T.);
#2825 = ORIENTED_EDGE('',*,*,#2797,.F.);
#2826 = ORIENTED_EDGE('',*,*,#2667,.F.);
#2827 = CYLINDRICAL_SURFACE('',#2828,2.);
#2828 = AXIS2_PLACEMENT_3D('',#2829,#2830,#2831);
#2829 = CARTESIAN_POINT('',(-62.5,-51.,35.));
#2830 = DIRECTION('',(-0.,-0.,-1.));
#2831 = DIRECTION('',(1.,0.,0.));
#2832 = ADVANCED_FACE('',(#2833),#2844,.T.);
#2833 = FACE_BOUND('',#2834,.F.);
#2834 = EDGE_LOOP('',(#2835,#2836,#2837,#2843));
#2835 = ORIENTED_EDGE('',*,*,#2804,.T.);
#2836 = ORIENTED_EDGE('',*,*,#2366,.T.);
#2837 = ORIENTED_EDGE('',*,*,#2838,.F.);
#2838 = EDGE_CURVE('',#2758,#2359,#2839,.T.);
#2839 = LINE('',#2840,#2841);
#2840 = CARTESIAN_POINT('',(64.5,-51.,35.));
#2841 = VECTOR('',#2842,1.);
#2842 = DIRECTION('',(0.,0.,1.));
#2843 = ORIENTED_EDGE('',*,*,#2765,.F.);
#2844 = CYLINDRICAL_SURFACE('',#2845,2.);
#2845 = AXIS2_PLACEMENT_3D('',#2846,#2847,#2848);
#2846 = CARTESIAN_POINT('',(62.5,-51.,35.));
#2847 = DIRECTION('',(0.,0.,-1.));
#2848 = DIRECTION('',(0.,1.,0.));
#2849 = ADVANCED_FACE('',(#2850),#2861,.F.);
#2850 = FACE_BOUND('',#2851,.F.);
#2851 = EDGE_LOOP('',(#2852,#2858,#2859,#2860));
#2852 = ORIENTED_EDGE('',*,*,#2853,.T.);
#2853 = EDGE_CURVE('',#2602,#2382,#2854,.T.);
#2854 = LINE('',#2855,#2856);
#2855 = CARTESIAN_POINT('',(-64.5,24.,35.));
#2856 = VECTOR('',#2857,1.);
#2857 = DIRECTION('',(0.,0.,1.));
#2858 = ORIENTED_EDGE('',*,*,#2391,.T.);
#2859 = ORIENTED_EDGE('',*,*,#2819,.F.);
#2860 = ORIENTED_EDGE('',*,*,#2618,.F.);
#2861 = PLANE('',#2862);
#2862 = AXIS2_PLACEMENT_3D('',#2863,#2864,#2865);
#2863 = CARTESIAN_POINT('',(-64.5,24.,35.));
#2864 = DIRECTION('',(1.,0.,0.));
#2865 = DIRECTION('',(0.,-1.,0.));
#2866 = ADVANCED_FACE('',(#2867),#2878,.F.);
#2867 = FACE_BOUND('',#2868,.F.);
#2868 = EDGE_LOOP('',(#2869,#2870,#2871,#2877));
#2869 = ORIENTED_EDGE('',*,*,#2838,.T.);
#2870 = ORIENTED_EDGE('',*,*,#2415,.T.);
#2871 = ORIENTED_EDGE('',*,*,#2872,.F.);
#2872 = EDGE_CURVE('',#2731,#2408,#2873,.T.);
#2873 = LINE('',#2874,#2875);
#2874 = CARTESIAN_POINT('',(64.5,24.,35.));
#2875 = VECTOR('',#2876,1.);
#2876 = DIRECTION('',(0.,0.,1.));
#2877 = ORIENTED_EDGE('',*,*,#2783,.F.);
#2878 = PLANE('',#2879);
#2879 = AXIS2_PLACEMENT_3D('',#2880,#2881,#2882);
#2880 = CARTESIAN_POINT('',(64.5,-51.,35.));
#2881 = DIRECTION('',(-1.,0.,0.));
#2882 = DIRECTION('',(0.,1.,0.));
#2883 = ADVANCED_FACE('',(#2884),#2895,.T.);
#2884 = FACE_BOUND('',#2885,.F.);
#2885 = EDGE_LOOP('',(#2886,#2892,#2893,#2894));
#2886 = ORIENTED_EDGE('',*,*,#2887,.T.);
#2887 = EDGE_CURVE('',#2633,#2430,#2888,.T.);
#2888 = LINE('',#2889,#2890);
#2889 = CARTESIAN_POINT('',(-62.5,26.,35.));
#2890 = VECTOR('',#2891,1.);
#2891 = DIRECTION('',(0.,0.,1.));
#2892 = ORIENTED_EDGE('',*,*,#2439,.T.);
#2893 = ORIENTED_EDGE('',*,*,#2853,.F.);
#2894 = ORIENTED_EDGE('',*,*,#2642,.F.);
#2895 = CYLINDRICAL_SURFACE('',#2896,2.);
#2896 = AXIS2_PLACEMENT_3D('',#2897,#2898,#2899);
#2897 = CARTESIAN_POINT('',(-62.5,24.,35.));
#2898 = DIRECTION('',(0.,0.,-1.));
#2899 = DIRECTION('',(0.,-1.,0.));
#2900 = ADVANCED_FACE('',(#2901),#2912,.T.);
#2901 = FACE_BOUND('',#2902,.F.);
#2902 = EDGE_LOOP('',(#2903,#2904,#2905,#2911));
#2903 = ORIENTED_EDGE('',*,*,#2872,.T.);
#2904 = ORIENTED_EDGE('',*,*,#2464,.T.);
#2905 = ORIENTED_EDGE('',*,*,#2906,.F.);
#2906 = EDGE_CURVE('',#2683,#2457,#2907,.T.);
#2907 = LINE('',#2908,#2909);
#2908 = CARTESIAN_POINT('',(62.5,26.,35.));
#2909 = VECTOR('',#2910,1.);
#2910 = DIRECTION('',(0.,0.,1.));
#2911 = ORIENTED_EDGE('',*,*,#2740,.F.);
#2912 = CYLINDRICAL_SURFACE('',#2913,2.);
#2913 = AXIS2_PLACEMENT_3D('',#2914,#2915,#2916);
#2914 = CARTESIAN_POINT('',(62.5,24.,35.));
#2915 = DIRECTION('',(0.,0.,-1.));
#2916 = DIRECTION('',(-1.,0.,0.));
#2917 = ADVANCED_FACE('',(#2918),#2924,.F.);
#2918 = FACE_BOUND('',#2919,.F.);
#2919 = EDGE_LOOP('',(#2920,#2921,#2922,#2923));
#2920 = ORIENTED_EDGE('',*,*,#2906,.T.);
#2921 = ORIENTED_EDGE('',*,*,#2482,.T.);
#2922 = ORIENTED_EDGE('',*,*,#2887,.F.);
#2923 = ORIENTED_EDGE('',*,*,#2692,.F.);
#2924 = PLANE('',#2925);
#2925 = AXIS2_PLACEMENT_3D('',#2926,#2927,#2928);
#2926 = CARTESIAN_POINT('',(62.5,26.,35.));
#2927 = DIRECTION('',(0.,-1.,0.));
#2928 = DIRECTION('',(-1.,0.,0.));
#2929 = ADVANCED_FACE('',(#2930),#2942,.T.);
#2930 = FACE_BOUND('',#2931,.T.);
#2931 = EDGE_LOOP('',(#2932,#2933,#2939,#2940,#2941));
#2932 = ORIENTED_EDGE('',*,*,#603,.T.);
#2933 = ORIENTED_EDGE('',*,*,#2934,.T.);
#2934 = EDGE_CURVE('',#604,#1063,#2935,.T.);
#2935 = LINE('',#2936,#2937);
#2936 = CARTESIAN_POINT('',(-54.4348449707,15.934844970703,33.));
#2937 = VECTOR('',#2938,1.);
#2938 = DIRECTION('',(0.,0.,1.));
#2939 = ORIENTED_EDGE('',*,*,#1070,.T.);
#2940 = ORIENTED_EDGE('',*,*,#651,.F.);
#2941 = ORIENTED_EDGE('',*,*,#186,.T.);
#2942 = PLANE('',#2943);
#2943 = AXIS2_PLACEMENT_3D('',#2944,#2945,#2946);
#2944 = CARTESIAN_POINT('',(-54.4348449707,-4.863821246526,
    34.23284545019));
#2945 = DIRECTION('',(1.,0.,0.));
#2946 = DIRECTION('',(0.,0.,1.));
#2947 = ADVANCED_FACE('',(#2948),#2959,.T.);
#2948 = FACE_BOUND('',#2949,.T.);
#2949 = EDGE_LOOP('',(#2950,#2951,#2952,#2958));
#2950 = ORIENTED_EDGE('',*,*,#706,.T.);
#2951 = ORIENTED_EDGE('',*,*,#1084,.T.);
#2952 = ORIENTED_EDGE('',*,*,#2953,.F.);
#2953 = EDGE_CURVE('',#147,#1085,#2954,.T.);
#2954 = LINE('',#2955,#2956);
#2955 = CARTESIAN_POINT('',(-54.4348449707,-43.4348449707,35.));
#2956 = VECTOR('',#2957,1.);
#2957 = DIRECTION('',(0.,0.,1.));
#2958 = ORIENTED_EDGE('',*,*,#154,.F.);
#2959 = PLANE('',#2960);
#2960 = AXIS2_PLACEMENT_3D('',#2961,#2962,#2963);
#2961 = CARTESIAN_POINT('',(-54.4348449707,-41.89056098535,34.25));
#2962 = DIRECTION('',(1.,0.,0.));
#2963 = DIRECTION('',(0.,0.,1.));
#2964 = ADVANCED_FACE('',(#2965),#2976,.T.);
#2965 = FACE_BOUND('',#2966,.T.);
#2966 = EDGE_LOOP('',(#2967,#2968,#2969,#2975));
#2967 = ORIENTED_EDGE('',*,*,#2953,.T.);
#2968 = ORIENTED_EDGE('',*,*,#1092,.T.);
#2969 = ORIENTED_EDGE('',*,*,#2970,.F.);
#2970 = EDGE_CURVE('',#139,#1093,#2971,.T.);
#2971 = LINE('',#2972,#2973);
#2972 = CARTESIAN_POINT('',(54.434844970703,-43.4348449707,35.));
#2973 = VECTOR('',#2974,1.);
#2974 = DIRECTION('',(0.,0.,1.));
#2975 = ORIENTED_EDGE('',*,*,#146,.F.);
#2976 = PLANE('',#2977);
#2977 = AXIS2_PLACEMENT_3D('',#2978,#2979,#2980);
#2978 = CARTESIAN_POINT('',(0.,-43.4348449707,34.25));
#2979 = DIRECTION('',(0.,1.,0.));
#2980 = DIRECTION('',(0.,-0.,1.));
#2981 = ADVANCED_FACE('',(#2982),#2988,.T.);
#2982 = FACE_BOUND('',#2983,.T.);
#2983 = EDGE_LOOP('',(#2984,#2985,#2986,#2987));
#2984 = ORIENTED_EDGE('',*,*,#2970,.T.);
#2985 = ORIENTED_EDGE('',*,*,#1100,.T.);
#2986 = ORIENTED_EDGE('',*,*,#762,.F.);
#2987 = ORIENTED_EDGE('',*,*,#138,.F.);
#2988 = PLANE('',#2989);
#2989 = AXIS2_PLACEMENT_3D('',#2990,#2991,#2992);
#2990 = CARTESIAN_POINT('',(54.434844970703,-41.89056098535,34.25));
#2991 = DIRECTION('',(-1.,-0.,-0.));
#2992 = DIRECTION('',(0.,0.,-1.));
#2993 = ADVANCED_FACE('',(#2994),#3006,.T.);
#2994 = FACE_BOUND('',#2995,.T.);
#2995 = EDGE_LOOP('',(#2996,#2997,#2998,#2999,#3000));
#2996 = ORIENTED_EDGE('',*,*,#847,.F.);
#2997 = ORIENTED_EDGE('',*,*,#106,.F.);
#2998 = ORIENTED_EDGE('',*,*,#817,.T.);
#2999 = ORIENTED_EDGE('',*,*,#1114,.T.);
#3000 = ORIENTED_EDGE('',*,*,#3001,.F.);
#3001 = EDGE_CURVE('',#848,#1115,#3002,.T.);
#3002 = LINE('',#3003,#3004);
#3003 = CARTESIAN_POINT('',(54.434844970703,15.934844970703,35.));
#3004 = VECTOR('',#3005,1.);
#3005 = DIRECTION('',(0.,0.,1.));
#3006 = PLANE('',#3007);
#3007 = AXIS2_PLACEMENT_3D('',#3008,#3009,#3010);
#3008 = CARTESIAN_POINT('',(54.434844970703,-4.863821246526,
    34.23284545019));
#3009 = DIRECTION('',(-1.,-0.,-0.));
#3010 = DIRECTION('',(0.,0.,-1.));
#3011 = ADVANCED_FACE('',(#3012),#3018,.T.);
#3012 = FACE_BOUND('',#3013,.T.);
#3013 = EDGE_LOOP('',(#3014,#3015,#3016,#3017));
#3014 = ORIENTED_EDGE('',*,*,#465,.F.);
#3015 = ORIENTED_EDGE('',*,*,#857,.F.);
#3016 = ORIENTED_EDGE('',*,*,#3001,.T.);
#3017 = ORIENTED_EDGE('',*,*,#1122,.T.);
#3018 = PLANE('',#3019);
#3019 = AXIS2_PLACEMENT_3D('',#3020,#3021,#3022);
#3020 = CARTESIAN_POINT('',(27.717422485352,15.934844970703,34.75));
#3021 = DIRECTION('',(-0.,-1.,-0.));
#3022 = DIRECTION('',(0.,0.,-1.));
#3023 = ADVANCED_FACE('',(#3024),#3030,.T.);
#3024 = FACE_BOUND('',#3025,.T.);
#3025 = EDGE_LOOP('',(#3026,#3027,#3028,#3029));
#3026 = ORIENTED_EDGE('',*,*,#2934,.F.);
#3027 = ORIENTED_EDGE('',*,*,#611,.F.);
#3028 = ORIENTED_EDGE('',*,*,#587,.T.);
#3029 = ORIENTED_EDGE('',*,*,#1062,.T.);
#3030 = PLANE('',#3031);
#3031 = AXIS2_PLACEMENT_3D('',#3032,#3033,#3034);
#3032 = CARTESIAN_POINT('',(-35.71742248535,15.934844970703,34.75));
#3033 = DIRECTION('',(-0.,-1.,-0.));
#3034 = DIRECTION('',(0.,0.,-1.));
#3035 = ( GEOMETRIC_REPRESENTATION_CONTEXT(3) 
GLOBAL_UNCERTAINTY_ASSIGNED_CONTEXT((#3039)) 
GLOBAL_UNIT_ASSIGNED_CONTEXT((#3036,#3037,#3038)) REPRESENTATION_CONTEXT
('Context #1','3D Context with UNIT and UNCERTAINTY') );
#3036 = ( LENGTH_UNIT() NAMED_UNIT(*) SI_UNIT(.MILLI.,.METRE.) );
#3037 = ( NAMED_UNIT(*) PLANE_ANGLE_UNIT() SI_UNIT($,.RADIAN.) );
#3038 = ( NAMED_UNIT(*) SI_UNIT($,.STERADIAN.) SOLID_ANGLE_UNIT() );
#3039 = UNCERTAINTY_MEASURE_WITH_UNIT(LENGTH_MEASURE(2.E-05),#3036,
  'distance_accuracy_value','confusion accuracy');
#3040 = PRODUCT_RELATED_PRODUCT_CATEGORY('part',$,(#7));
#3041 = MECHANICAL_DESIGN_GEOMETRIC_PRESENTATION_REPRESENTATION('',(
    #3042),#3035);
#3042 = STYLED_ITEM('color',(#3043),#15);
#3043 = PRESENTATION_STYLE_ASSIGNMENT((#3044,#3050));
#3044 = SURFACE_STYLE_USAGE(.BOTH.,#3045);
#3045 = SURFACE_SIDE_STYLE('',(#3046));
#3046 = SURFACE_STYLE_FILL_AREA(#3047);
#3047 = FILL_AREA_STYLE('',(#3048));
#3048 = FILL_AREA_STYLE_COLOUR('',#3049);
#3049 = COLOUR_RGB('',0.678431390124,0.709803936702,0.741176476869);
#3050 = CURVE_STYLE('',#3051,POSITIVE_LENGTH_MEASURE(0.1),#3052);
#3051 = DRAUGHTING_PRE_DEFINED_CURVE_FONT('continuous');
#3052 = COLOUR_RGB('',9.803921802644E-02,9.803921802644E-02,
  9.803921802644E-02);
ENDSEC;
END-ISO-10303-21;
