ISO-10303-21;
HEADER;
FILE_DESCRIPTION(('FreeCAD Model'),'2;1');
FILE_NAME('Open CASCADE Shape Model','2026-05-07T10:06:02',(''),(''),
  'Open CASCADE STEP processor 7.8','FreeCAD','Unknown');
FILE_SCHEMA(('AUTOMOTIVE_DESIGN { 1 0 10303 214 1 1 1 1 }'));
ENDSEC;
DATA;
#1 = APPLICATION_PROTOCOL_DEFINITION('international standard',
  'automotive_design',2000,#2);
#2 = APPLICATION_CONTEXT(
  'core data for automotive mechanical design processes');
#3 = SHAPE_DEFINITION_REPRESENTATION(#4,#10);
#4 = PRODUCT_DEFINITION_SHAPE('','',#5);
#5 = PRODUCT_DEFINITION('design','',#6,#9);
#6 = PRODUCT_DEFINITION_FORMATION('','',#7);
#7 = PRODUCT('Body','Body','',(#8));
#8 = PRODUCT_CONTEXT('',#2,'mechanical');
#9 = PRODUCT_DEFINITION_CONTEXT('part definition',#2,'design');
#10 = ADVANCED_BREP_SHAPE_REPRESENTATION('',(#11,#15),#2261);
#11 = AXIS2_PLACEMENT_3D('',#12,#13,#14);
#12 = CARTESIAN_POINT('',(0.,0.,0.));
#13 = DIRECTION('',(0.,0.,1.));
#14 = DIRECTION('',(1.,0.,-0.));
#15 = MANIFOLD_SOLID_BREP('',#16);
#16 = CLOSED_SHELL('',(#17,#206,#237,#261,#286,#310,#335,#359,#384,#408,
    #432,#457,#482,#507,#532,#557,#582,#599,#624,#649,#674,#699,#760,
    #859,#884,#961,#986,#1085,#1110,#1157,#1181,#1206,#1231,#1256,#1281,
    #1306,#1331,#1348,#1368,#1388,#1408,#1428,#1445,#1476,#1561,#1586,
    #1603,#1688,#1719,#1744,#1769,#1800,#1824,#1849,#1874,#1899,#1924,
    #1949,#1974,#1991,#2016,#2041,#2066,#2091,#2108,#2181,#2193,#2210,
    #2227,#2244));
#17 = ADVANCED_FACE('',(#18,#157,#168,#179,#190),#201,.F.);
#18 = FACE_BOUND('',#19,.F.);
#19 = EDGE_LOOP('',(#20,#30,#39,#48,#57,#65,#74,#83,#92,#100,#109,#118,
    #127,#135,#143,#151));
#20 = ORIENTED_EDGE('',*,*,#21,.T.);
#21 = EDGE_CURVE('',#22,#24,#26,.T.);
#22 = VERTEX_POINT('',#23);
#23 = CARTESIAN_POINT('',(-19.5,56.446702128608,-2.053912595557E-15));
#24 = VERTEX_POINT('',#25);
#25 = CARTESIAN_POINT('',(-19.5,18.411952639522,0.));
#26 = LINE('',#27,#28);
#27 = CARTESIAN_POINT('',(-19.5,58.171447,0.));
#28 = VECTOR('',#29,1.);
#29 = DIRECTION('',(0.,-1.,0.));
#30 = ORIENTED_EDGE('',*,*,#31,.T.);
#31 = EDGE_CURVE('',#24,#32,#34,.T.);
#32 = VERTEX_POINT('',#33);
#33 = CARTESIAN_POINT('',(-21.33620689655,7.142567834297,0.));
#34 = CIRCLE('',#35,35.5);
#35 = AXIS2_PLACEMENT_3D('',#36,#37,#38);
#36 = CARTESIAN_POINT('',(-55.,18.411952639522,0.));
#37 = DIRECTION('',(0.,-0.,-1.));
#38 = DIRECTION('',(1.,-3.E-16,0.));
#39 = ORIENTED_EDGE('',*,*,#40,.T.);
#40 = EDGE_CURVE('',#32,#41,#43,.T.);
#41 = VERTEX_POINT('',#42);
#42 = CARTESIAN_POINT('',(-11.28036765087,-19.46800723395,0.));
#43 = CIRCLE('',#44,22.5);
#44 = AXIS2_PLACEMENT_3D('',#45,#46,#47);
#45 = CARTESIAN_POINT('',(-4.19E-14,2.132E-14,0.));
#46 = DIRECTION('',(0.,0.,1.));
#47 = DIRECTION('',(-0.948275862069,0.317447459302,0.));
#48 = ORIENTED_EDGE('',*,*,#49,.T.);
#49 = EDGE_CURVE('',#41,#50,#52,.T.);
#50 = VERTEX_POINT('',#51);
#51 = CARTESIAN_POINT('',(-9.164754036645,-18.79513988901,0.));
#52 = CIRCLE('',#53,1.5);
#53 = AXIS2_PLACEMENT_3D('',#54,#55,#56);
#54 = CARTESIAN_POINT('',(-10.52834314081,-18.17014008502,0.));
#55 = DIRECTION('',(0.,0.,1.));
#56 = DIRECTION('',(-0.501349673372,-0.865244765953,0.));
#57 = ORIENTED_EDGE('',*,*,#58,.T.);
#58 = EDGE_CURVE('',#50,#59,#61,.T.);
#59 = VERTEX_POINT('',#60);
#60 = CARTESIAN_POINT('',(-8.746089077009,-17.88172043895,-1.E-15));
#61 = LINE('',#62,#63);
#62 = CARTESIAN_POINT('',(-9.164754036645,-18.79513988901,0.));
#63 = VECTOR('',#64,1.);
#64 = DIRECTION('',(0.416666535998,0.909059402778,0.));
#65 = ORIENTED_EDGE('',*,*,#66,.T.);
#66 = EDGE_CURVE('',#59,#67,#69,.T.);
#67 = VERTEX_POINT('',#68);
#68 = CARTESIAN_POINT('',(-9.351452317588,-15.96246658733,0.));
#69 = CIRCLE('',#70,1.5);
#70 = AXIS2_PLACEMENT_3D('',#71,#72,#73);
#71 = CARTESIAN_POINT('',(-10.10967818117,-17.25672063496,0.));
#72 = DIRECTION('',(-0.,0.,1.));
#73 = DIRECTION('',(0.909059402778,-0.416666535998,0.));
#74 = ORIENTED_EDGE('',*,*,#75,.T.);
#75 = EDGE_CURVE('',#67,#76,#78,.T.);
#76 = VERTEX_POINT('',#77);
#77 = CARTESIAN_POINT('',(9.351447896293,-15.9624691775,0.));
#78 = CIRCLE('',#79,18.5);
#79 = AXIS2_PLACEMENT_3D('',#80,#81,#82);
#80 = CARTESIAN_POINT('',(0.,0.,0.));
#81 = DIRECTION('',(-0.,0.,-1.));
#82 = DIRECTION('',(-0.505483909059,-0.862836031748,0.));
#83 = ORIENTED_EDGE('',*,*,#84,.T.);
#84 = EDGE_CURVE('',#76,#85,#87,.T.);
#85 = VERTEX_POINT('',#86);
#86 = CARTESIAN_POINT('',(8.746084165995,-17.88172295282,0.));
#87 = CIRCLE('',#88,1.5);
#88 = AXIS2_PLACEMENT_3D('',#89,#90,#91);
#89 = CARTESIAN_POINT('',(10.109673401398,-17.25672343514,0.));
#90 = DIRECTION('',(0.,0.,1.));
#91 = DIRECTION('',(-0.50548367007,0.862836171757,0.));
#92 = ORIENTED_EDGE('',*,*,#93,.T.);
#93 = EDGE_CURVE('',#85,#94,#96,.T.);
#94 = VERTEX_POINT('',#95);
#95 = CARTESIAN_POINT('',(9.16474893115,-18.79514248493,1.E-15));
#96 = LINE('',#97,#98);
#97 = CARTESIAN_POINT('',(8.746084165995,-17.88172295282,0.));
#98 = VECTOR('',#99,1.);
#99 = DIRECTION('',(0.416666345117,-0.909059490268,0.));
#100 = ORIENTED_EDGE('',*,*,#101,.T.);
#101 = EDGE_CURVE('',#94,#102,#104,.T.);
#102 = VERTEX_POINT('',#103);
#103 = CARTESIAN_POINT('',(11.280362321307,-19.46801032206,0.));
#104 = CIRCLE('',#105,1.5);
#105 = AXIS2_PLACEMENT_3D('',#106,#107,#108);
#106 = CARTESIAN_POINT('',(10.528338166553,-18.17014296726,0.));
#107 = DIRECTION('',(0.,0.,1.));
#108 = DIRECTION('',(-0.909059490268,-0.416666345117,0.));
#109 = ORIENTED_EDGE('',*,*,#110,.T.);
#110 = EDGE_CURVE('',#102,#111,#113,.T.);
#111 = VERTEX_POINT('',#112);
#112 = CARTESIAN_POINT('',(21.336206896552,7.142567834297,0.));
#113 = CIRCLE('',#114,22.5);
#114 = AXIS2_PLACEMENT_3D('',#115,#116,#117);
#115 = CARTESIAN_POINT('',(-4.19E-14,2.132E-14,0.));
#116 = DIRECTION('',(-0.,0.,1.));
#117 = DIRECTION('',(0.501349436503,-0.865244903203,0.));
#118 = ORIENTED_EDGE('',*,*,#119,.T.);
#119 = EDGE_CURVE('',#111,#120,#122,.T.);
#120 = VERTEX_POINT('',#121);
#121 = CARTESIAN_POINT('',(19.5,18.411952639522,0.));
#122 = CIRCLE('',#123,35.5);
#123 = AXIS2_PLACEMENT_3D('',#124,#125,#126);
#124 = CARTESIAN_POINT('',(55.,18.411952639522,0.));
#125 = DIRECTION('',(-0.,0.,-1.));
#126 = DIRECTION('',(-0.948275862069,-0.317447459302,0.));
#127 = ORIENTED_EDGE('',*,*,#128,.T.);
#128 = EDGE_CURVE('',#120,#129,#131,.T.);
#129 = VERTEX_POINT('',#130);
#130 = CARTESIAN_POINT('',(19.5,56.446702128608,-3.885780586188E-16));
#131 = LINE('',#132,#133);
#132 = CARTESIAN_POINT('',(19.5,18.411952639522,0.));
#133 = VECTOR('',#134,1.);
#134 = DIRECTION('',(0.,1.,0.));
#135 = ORIENTED_EDGE('',*,*,#136,.F.);
#136 = EDGE_CURVE('',#137,#129,#139,.T.);
#137 = VERTEX_POINT('',#138);
#138 = CARTESIAN_POINT('',(18.275255128608,57.671447,6.661338147751E-16)
  );
#139 = LINE('',#140,#141);
#140 = CARTESIAN_POINT('',(23.704702075643,52.242000052966,
    -4.158615514756E-18));
#141 = VECTOR('',#142,1.);
#142 = DIRECTION('',(0.707106781187,-0.707106781187,0.));
#143 = ORIENTED_EDGE('',*,*,#144,.T.);
#144 = EDGE_CURVE('',#137,#145,#147,.T.);
#145 = VERTEX_POINT('',#146);
#146 = CARTESIAN_POINT('',(-18.2752551286,57.671447,6.716849298982E-15)
  );
#147 = LINE('',#148,#149);
#148 = CARTESIAN_POINT('',(20.,57.671447,0.));
#149 = VECTOR('',#150,1.);
#150 = DIRECTION('',(-1.,0.,0.));
#151 = ORIENTED_EDGE('',*,*,#152,.F.);
#152 = EDGE_CURVE('',#22,#145,#153,.T.);
#153 = LINE('',#154,#155);
#154 = CARTESIAN_POINT('',(-23.70470200758,52.242000121024,
    2.983488337301E-17));
#155 = VECTOR('',#156,1.);
#156 = DIRECTION('',(0.707106781187,0.707106781187,0.));
#157 = FACE_BOUND('',#158,.F.);
#158 = EDGE_LOOP('',(#159));
#159 = ORIENTED_EDGE('',*,*,#160,.T.);
#160 = EDGE_CURVE('',#161,#161,#163,.T.);
#161 = VERTEX_POINT('',#162);
#162 = CARTESIAN_POINT('',(-11.,23.171447,0.));
#163 = CIRCLE('',#164,4.);
#164 = AXIS2_PLACEMENT_3D('',#165,#166,#167);
#165 = CARTESIAN_POINT('',(-15.,23.171447,0.));
#166 = DIRECTION('',(0.,0.,-1.));
#167 = DIRECTION('',(1.,0.,0.));
#168 = FACE_BOUND('',#169,.F.);
#169 = EDGE_LOOP('',(#170));
#170 = ORIENTED_EDGE('',*,*,#171,.T.);
#171 = EDGE_CURVE('',#172,#172,#174,.T.);
#172 = VERTEX_POINT('',#173);
#173 = CARTESIAN_POINT('',(19.,23.171447,0.));
#174 = CIRCLE('',#175,4.);
#175 = AXIS2_PLACEMENT_3D('',#176,#177,#178);
#176 = CARTESIAN_POINT('',(15.,23.171447,0.));
#177 = DIRECTION('',(0.,0.,-1.));
#178 = DIRECTION('',(1.,0.,0.));
#179 = FACE_BOUND('',#180,.F.);
#180 = EDGE_LOOP('',(#181));
#181 = ORIENTED_EDGE('',*,*,#182,.T.);
#182 = EDGE_CURVE('',#183,#183,#185,.T.);
#183 = VERTEX_POINT('',#184);
#184 = CARTESIAN_POINT('',(-11.,53.171447,0.));
#185 = CIRCLE('',#186,4.);
#186 = AXIS2_PLACEMENT_3D('',#187,#188,#189);
#187 = CARTESIAN_POINT('',(-15.,53.171447,0.));
#188 = DIRECTION('',(0.,0.,-1.));
#189 = DIRECTION('',(1.,0.,0.));
#190 = FACE_BOUND('',#191,.F.);
#191 = EDGE_LOOP('',(#192));
#192 = ORIENTED_EDGE('',*,*,#193,.T.);
#193 = EDGE_CURVE('',#194,#194,#196,.T.);
#194 = VERTEX_POINT('',#195);
#195 = CARTESIAN_POINT('',(19.,53.171447,0.));
#196 = CIRCLE('',#197,4.);
#197 = AXIS2_PLACEMENT_3D('',#198,#199,#200);
#198 = CARTESIAN_POINT('',(15.,53.171447,0.));
#199 = DIRECTION('',(0.,0.,-1.));
#200 = DIRECTION('',(1.,0.,0.));
#201 = PLANE('',#202);
#202 = AXIS2_PLACEMENT_3D('',#203,#204,#205);
#203 = CARTESIAN_POINT('',(1.3611546474E-07,18.903149090762,0.));
#204 = DIRECTION('',(0.,0.,1.));
#205 = DIRECTION('',(1.,0.,0.));
#206 = ADVANCED_FACE('',(#207),#232,.F.);
#207 = FACE_BOUND('',#208,.T.);
#208 = EDGE_LOOP('',(#209,#210,#218,#226));
#209 = ORIENTED_EDGE('',*,*,#21,.T.);
#210 = ORIENTED_EDGE('',*,*,#211,.T.);
#211 = EDGE_CURVE('',#24,#212,#214,.T.);
#212 = VERTEX_POINT('',#213);
#213 = CARTESIAN_POINT('',(-20.,18.411952639522,0.5));
#214 = LINE('',#215,#216);
#215 = CARTESIAN_POINT('',(-19.75,18.411952639522,0.25));
#216 = VECTOR('',#217,1.);
#217 = DIRECTION('',(-0.707106781187,0.,0.707106781187));
#218 = ORIENTED_EDGE('',*,*,#219,.F.);
#219 = EDGE_CURVE('',#220,#212,#222,.T.);
#220 = VERTEX_POINT('',#221);
#221 = CARTESIAN_POINT('',(-20.,56.946702128608,0.5));
#222 = LINE('',#223,#224);
#223 = CARTESIAN_POINT('',(-20.,58.171447,0.5));
#224 = VECTOR('',#225,1.);
#225 = DIRECTION('',(0.,-1.,0.));
#226 = ORIENTED_EDGE('',*,*,#227,.F.);
#227 = EDGE_CURVE('',#22,#220,#228,.T.);
#228 = LINE('',#229,#230);
#229 = CARTESIAN_POINT('',(-19.90824829046,56.854950419072,
    0.408248290464));
#230 = VECTOR('',#231,1.);
#231 = DIRECTION('',(-0.57735026919,0.57735026919,0.57735026919));
#232 = PLANE('',#233);
#233 = AXIS2_PLACEMENT_3D('',#234,#235,#236);
#234 = CARTESIAN_POINT('',(-19.75,58.171447,0.25));
#235 = DIRECTION('',(0.707106781187,0.,0.707106781187));
#236 = DIRECTION('',(0.,1.,0.));
#237 = ADVANCED_FACE('',(#238),#256,.T.);
#238 = FACE_BOUND('',#239,.T.);
#239 = EDGE_LOOP('',(#240,#241,#242,#250));
#240 = ORIENTED_EDGE('',*,*,#152,.F.);
#241 = ORIENTED_EDGE('',*,*,#227,.T.);
#242 = ORIENTED_EDGE('',*,*,#243,.F.);
#243 = EDGE_CURVE('',#244,#220,#246,.T.);
#244 = VERTEX_POINT('',#245);
#245 = CARTESIAN_POINT('',(-18.7752551286,58.171447,0.5));
#246 = LINE('',#247,#248);
#247 = CARTESIAN_POINT('',(-18.7752551286,58.171447,0.5));
#248 = VECTOR('',#249,1.);
#249 = DIRECTION('',(-0.707106781187,-0.707106781187,-7.950767516761E-15
    ));
#250 = ORIENTED_EDGE('',*,*,#251,.F.);
#251 = EDGE_CURVE('',#145,#244,#252,.T.);
#252 = LINE('',#253,#254);
#253 = CARTESIAN_POINT('',(-18.68350341907,58.079695290464,
    0.408248290464));
#254 = VECTOR('',#255,1.);
#255 = DIRECTION('',(-0.57735026919,0.57735026919,0.57735026919));
#256 = PLANE('',#257);
#257 = AXIS2_PLACEMENT_3D('',#258,#259,#260);
#258 = CARTESIAN_POINT('',(-19.29587585476,57.467322854768,
    0.408248290464));
#259 = DIRECTION('',(-0.408248290464,0.408248290464,-0.816496580928));
#260 = DIRECTION('',(-0.57735026919,0.57735026919,0.57735026919));
#261 = ADVANCED_FACE('',(#262),#281,.F.);
#262 = FACE_BOUND('',#263,.T.);
#263 = EDGE_LOOP('',(#264,#265,#266,#274));
#264 = ORIENTED_EDGE('',*,*,#211,.F.);
#265 = ORIENTED_EDGE('',*,*,#31,.T.);
#266 = ORIENTED_EDGE('',*,*,#267,.T.);
#267 = EDGE_CURVE('',#32,#268,#270,.T.);
#268 = VERTEX_POINT('',#269);
#269 = CARTESIAN_POINT('',(-21.81034482758,7.301291563948,0.5));
#270 = LINE('',#271,#272);
#271 = CARTESIAN_POINT('',(-21.81034482758,7.301291563948,0.5));
#272 = VECTOR('',#273,1.);
#273 = DIRECTION('',(-0.670532292504,0.224469251143,0.707106781187));
#274 = ORIENTED_EDGE('',*,*,#275,.F.);
#275 = EDGE_CURVE('',#212,#268,#276,.T.);
#276 = CIRCLE('',#277,35.);
#277 = AXIS2_PLACEMENT_3D('',#278,#279,#280);
#278 = CARTESIAN_POINT('',(-55.,18.411952639522,0.5));
#279 = DIRECTION('',(0.,-0.,-1.));
#280 = DIRECTION('',(1.,-3.E-16,0.));
#281 = CONICAL_SURFACE('',#282,35.,0.785398163397);
#282 = AXIS2_PLACEMENT_3D('',#283,#284,#285);
#283 = CARTESIAN_POINT('',(-55.,18.411952639522,0.5));
#284 = DIRECTION('',(-0.,-0.,-1.));
#285 = DIRECTION('',(1.,-3.E-16,0.));
#286 = ADVANCED_FACE('',(#287),#305,.T.);
#287 = FACE_BOUND('',#288,.T.);
#288 = EDGE_LOOP('',(#289,#290,#291,#299));
#289 = ORIENTED_EDGE('',*,*,#144,.T.);
#290 = ORIENTED_EDGE('',*,*,#251,.T.);
#291 = ORIENTED_EDGE('',*,*,#292,.F.);
#292 = EDGE_CURVE('',#293,#244,#295,.T.);
#293 = VERTEX_POINT('',#294);
#294 = CARTESIAN_POINT('',(18.775255128608,58.171447,0.5));
#295 = LINE('',#296,#297);
#296 = CARTESIAN_POINT('',(20.,58.171447,0.5));
#297 = VECTOR('',#298,1.);
#298 = DIRECTION('',(-1.,0.,0.));
#299 = ORIENTED_EDGE('',*,*,#300,.F.);
#300 = EDGE_CURVE('',#137,#293,#301,.T.);
#301 = LINE('',#302,#303);
#302 = CARTESIAN_POINT('',(18.683503419072,58.079695290464,
    0.408248290464));
#303 = VECTOR('',#304,1.);
#304 = DIRECTION('',(0.57735026919,0.57735026919,0.57735026919));
#305 = PLANE('',#306);
#306 = AXIS2_PLACEMENT_3D('',#307,#308,#309);
#307 = CARTESIAN_POINT('',(20.,57.921447,0.25));
#308 = DIRECTION('',(0.,0.707106781187,-0.707106781187));
#309 = DIRECTION('',(-1.,0.,0.));
#310 = ADVANCED_FACE('',(#311),#330,.T.);
#311 = FACE_BOUND('',#312,.T.);
#312 = EDGE_LOOP('',(#313,#314,#315,#323));
#313 = ORIENTED_EDGE('',*,*,#267,.F.);
#314 = ORIENTED_EDGE('',*,*,#40,.T.);
#315 = ORIENTED_EDGE('',*,*,#316,.T.);
#316 = EDGE_CURVE('',#41,#317,#319,.T.);
#317 = VERTEX_POINT('',#318);
#318 = CARTESIAN_POINT('',(-11.53104248755,-19.90062961692,0.5));
#319 = LINE('',#320,#321);
#320 = CARTESIAN_POINT('',(-11.53104248755,-19.90062961692,0.5));
#321 = VECTOR('',#322,1.);
#322 = DIRECTION('',(-0.354507753787,-0.611820441392,0.707106781187));
#323 = ORIENTED_EDGE('',*,*,#324,.F.);
#324 = EDGE_CURVE('',#268,#317,#325,.T.);
#325 = CIRCLE('',#326,23.);
#326 = AXIS2_PLACEMENT_3D('',#327,#328,#329);
#327 = CARTESIAN_POINT('',(-4.19E-14,2.132E-14,0.5));
#328 = DIRECTION('',(0.,0.,1.));
#329 = DIRECTION('',(-0.948275862069,0.317447459302,0.));
#330 = CONICAL_SURFACE('',#331,23.,0.785398163397);
#331 = AXIS2_PLACEMENT_3D('',#332,#333,#334);
#332 = CARTESIAN_POINT('',(-4.19E-14,2.132E-14,0.5));
#333 = DIRECTION('',(0.,0.,1.));
#334 = DIRECTION('',(-0.948275862069,0.317447459302,0.));
#335 = ADVANCED_FACE('',(#336),#354,.T.);
#336 = FACE_BOUND('',#337,.T.);
#337 = EDGE_LOOP('',(#338,#339,#340,#348));
#338 = ORIENTED_EDGE('',*,*,#136,.F.);
#339 = ORIENTED_EDGE('',*,*,#300,.T.);
#340 = ORIENTED_EDGE('',*,*,#341,.F.);
#341 = EDGE_CURVE('',#342,#293,#344,.T.);
#342 = VERTEX_POINT('',#343);
#343 = CARTESIAN_POINT('',(20.,56.946702128608,0.5));
#344 = LINE('',#345,#346);
#345 = CARTESIAN_POINT('',(20.,56.946702128608,0.5));
#346 = VECTOR('',#347,1.);
#347 = DIRECTION('',(-0.707106781187,0.707106781187,2.765432932686E-15)
  );
#348 = ORIENTED_EDGE('',*,*,#349,.F.);
#349 = EDGE_CURVE('',#129,#342,#350,.T.);
#350 = LINE('',#351,#352);
#351 = CARTESIAN_POINT('',(19.908248290464,56.854950419072,
    0.408248290464));
#352 = VECTOR('',#353,1.);
#353 = DIRECTION('',(0.57735026919,0.57735026919,0.57735026919));
#354 = PLANE('',#355);
#355 = AXIS2_PLACEMENT_3D('',#356,#357,#358);
#356 = CARTESIAN_POINT('',(19.295875854768,57.467322854768,
    0.408248290464));
#357 = DIRECTION('',(0.408248290464,0.408248290464,-0.816496580928));
#358 = DIRECTION('',(0.57735026919,0.57735026919,0.57735026919));
#359 = ADVANCED_FACE('',(#360),#379,.T.);
#360 = FACE_BOUND('',#361,.T.);
#361 = EDGE_LOOP('',(#362,#363,#364,#372));
#362 = ORIENTED_EDGE('',*,*,#316,.F.);
#363 = ORIENTED_EDGE('',*,*,#49,.T.);
#364 = ORIENTED_EDGE('',*,*,#365,.T.);
#365 = EDGE_CURVE('',#50,#366,#368,.T.);
#366 = VERTEX_POINT('',#367);
#367 = CARTESIAN_POINT('',(-8.710224335256,-19.00347315701,0.5));
#368 = LINE('',#369,#370);
#369 = CARTESIAN_POINT('',(-8.710224335256,-19.00347315701,0.5));
#370 = VECTOR('',#371,1.);
#371 = DIRECTION('',(0.642802068206,-0.294627733098,0.707106781187));
#372 = ORIENTED_EDGE('',*,*,#373,.F.);
#373 = EDGE_CURVE('',#317,#366,#374,.T.);
#374 = CIRCLE('',#375,2.);
#375 = AXIS2_PLACEMENT_3D('',#376,#377,#378);
#376 = CARTESIAN_POINT('',(-10.52834314081,-18.17014008502,0.5));
#377 = DIRECTION('',(0.,0.,1.));
#378 = DIRECTION('',(-0.501349673372,-0.865244765953,0.));
#379 = CONICAL_SURFACE('',#380,2.,0.785398163397);
#380 = AXIS2_PLACEMENT_3D('',#381,#382,#383);
#381 = CARTESIAN_POINT('',(-10.52834314081,-18.17014008502,0.5));
#382 = DIRECTION('',(0.,0.,1.));
#383 = DIRECTION('',(-0.501349673372,-0.865244765953,0.));
#384 = ADVANCED_FACE('',(#385),#403,.F.);
#385 = FACE_BOUND('',#386,.T.);
#386 = EDGE_LOOP('',(#387,#388,#389,#397));
#387 = ORIENTED_EDGE('',*,*,#128,.T.);
#388 = ORIENTED_EDGE('',*,*,#349,.T.);
#389 = ORIENTED_EDGE('',*,*,#390,.F.);
#390 = EDGE_CURVE('',#391,#342,#393,.T.);
#391 = VERTEX_POINT('',#392);
#392 = CARTESIAN_POINT('',(20.,18.411952639522,0.5));
#393 = LINE('',#394,#395);
#394 = CARTESIAN_POINT('',(20.,18.411952639522,0.5));
#395 = VECTOR('',#396,1.);
#396 = DIRECTION('',(0.,1.,0.));
#397 = ORIENTED_EDGE('',*,*,#398,.F.);
#398 = EDGE_CURVE('',#120,#391,#399,.T.);
#399 = LINE('',#400,#401);
#400 = CARTESIAN_POINT('',(20.,18.411952639522,0.5));
#401 = VECTOR('',#402,1.);
#402 = DIRECTION('',(0.707106781187,4.8E-16,0.707106781187));
#403 = PLANE('',#404);
#404 = AXIS2_PLACEMENT_3D('',#405,#406,#407);
#405 = CARTESIAN_POINT('',(19.75,18.411952639522,0.25));
#406 = DIRECTION('',(-0.707106781187,0.,0.707106781187));
#407 = DIRECTION('',(-0.,-1.,-0.));
#408 = ADVANCED_FACE('',(#409),#427,.T.);
#409 = FACE_BOUND('',#410,.T.);
#410 = EDGE_LOOP('',(#411,#412,#413,#421));
#411 = ORIENTED_EDGE('',*,*,#365,.F.);
#412 = ORIENTED_EDGE('',*,*,#58,.T.);
#413 = ORIENTED_EDGE('',*,*,#414,.T.);
#414 = EDGE_CURVE('',#59,#415,#417,.T.);
#415 = VERTEX_POINT('',#416);
#416 = CARTESIAN_POINT('',(-8.29155937562,-18.09005370695,0.5));
#417 = LINE('',#418,#419);
#418 = CARTESIAN_POINT('',(-8.518824226314,-17.98588707295,0.25));
#419 = VECTOR('',#420,1.);
#420 = DIRECTION('',(0.642802068206,-0.294627733098,0.707106781187));
#421 = ORIENTED_EDGE('',*,*,#422,.F.);
#422 = EDGE_CURVE('',#366,#415,#423,.T.);
#423 = LINE('',#424,#425);
#424 = CARTESIAN_POINT('',(-8.710224335256,-19.00347315701,0.5));
#425 = VECTOR('',#426,1.);
#426 = DIRECTION('',(0.416666535998,0.909059402778,0.));
#427 = PLANE('',#428);
#428 = AXIS2_PLACEMENT_3D('',#429,#430,#431);
#429 = CARTESIAN_POINT('',(-8.93748918595,-18.89930652301,0.25));
#430 = DIRECTION('',(0.642802068206,-0.294627733098,-0.707106781187));
#431 = DIRECTION('',(0.416666535998,0.909059402778,6.903500738522E-18));
#432 = ADVANCED_FACE('',(#433),#452,.F.);
#433 = FACE_BOUND('',#434,.T.);
#434 = EDGE_LOOP('',(#435,#443,#444,#445));
#435 = ORIENTED_EDGE('',*,*,#436,.F.);
#436 = EDGE_CURVE('',#111,#437,#439,.T.);
#437 = VERTEX_POINT('',#438);
#438 = CARTESIAN_POINT('',(21.810344827586,7.301291563948,0.5));
#439 = LINE('',#440,#441);
#440 = CARTESIAN_POINT('',(21.810344827586,7.301291563948,0.5));
#441 = VECTOR('',#442,1.);
#442 = DIRECTION('',(0.670532292504,0.224469251143,0.707106781187));
#443 = ORIENTED_EDGE('',*,*,#119,.T.);
#444 = ORIENTED_EDGE('',*,*,#398,.T.);
#445 = ORIENTED_EDGE('',*,*,#446,.F.);
#446 = EDGE_CURVE('',#437,#391,#447,.T.);
#447 = CIRCLE('',#448,35.);
#448 = AXIS2_PLACEMENT_3D('',#449,#450,#451);
#449 = CARTESIAN_POINT('',(55.,18.411952639522,0.5));
#450 = DIRECTION('',(-0.,0.,-1.));
#451 = DIRECTION('',(-0.948275862069,-0.317447459302,0.));
#452 = CONICAL_SURFACE('',#453,35.,0.785398163397);
#453 = AXIS2_PLACEMENT_3D('',#454,#455,#456);
#454 = CARTESIAN_POINT('',(55.,18.411952639522,0.5));
#455 = DIRECTION('',(-0.,-0.,-1.));
#456 = DIRECTION('',(-0.948275862069,-0.317447459302,0.));
#457 = ADVANCED_FACE('',(#458),#477,.T.);
#458 = FACE_BOUND('',#459,.T.);
#459 = EDGE_LOOP('',(#460,#461,#462,#470));
#460 = ORIENTED_EDGE('',*,*,#414,.F.);
#461 = ORIENTED_EDGE('',*,*,#66,.T.);
#462 = ORIENTED_EDGE('',*,*,#463,.T.);
#463 = EDGE_CURVE('',#67,#464,#466,.T.);
#464 = VERTEX_POINT('',#465);
#465 = CARTESIAN_POINT('',(-9.098710363058,-15.53104857146,0.5));
#466 = LINE('',#467,#468);
#467 = CARTESIAN_POINT('',(-9.098710363058,-15.53104857146,0.5));
#468 = VECTOR('',#469,1.);
#469 = DIRECTION('',(0.357431099876,0.610117209101,0.707106781187));
#470 = ORIENTED_EDGE('',*,*,#471,.F.);
#471 = EDGE_CURVE('',#415,#464,#472,.T.);
#472 = CIRCLE('',#473,2.);
#473 = AXIS2_PLACEMENT_3D('',#474,#475,#476);
#474 = CARTESIAN_POINT('',(-10.10967818117,-17.25672063496,0.5));
#475 = DIRECTION('',(-0.,0.,1.));
#476 = DIRECTION('',(0.909059402778,-0.416666535998,0.));
#477 = CONICAL_SURFACE('',#478,2.,0.785398163397);
#478 = AXIS2_PLACEMENT_3D('',#479,#480,#481);
#479 = CARTESIAN_POINT('',(-10.10967818117,-17.25672063496,0.5));
#480 = DIRECTION('',(0.,0.,1.));
#481 = DIRECTION('',(0.909059402778,-0.416666535998,0.));
#482 = ADVANCED_FACE('',(#483),#502,.T.);
#483 = FACE_BOUND('',#484,.T.);
#484 = EDGE_LOOP('',(#485,#493,#494,#495));
#485 = ORIENTED_EDGE('',*,*,#486,.F.);
#486 = EDGE_CURVE('',#102,#487,#489,.T.);
#487 = VERTEX_POINT('',#488);
#488 = CARTESIAN_POINT('',(11.531037039558,-19.90063277366,0.5));
#489 = LINE('',#490,#491);
#490 = CARTESIAN_POINT('',(11.531037039558,-19.90063277366,0.5));
#491 = VECTOR('',#492,1.);
#492 = DIRECTION('',(0.354507586295,-0.611820538442,0.707106781187));
#493 = ORIENTED_EDGE('',*,*,#110,.T.);
#494 = ORIENTED_EDGE('',*,*,#436,.T.);
#495 = ORIENTED_EDGE('',*,*,#496,.F.);
#496 = EDGE_CURVE('',#487,#437,#497,.T.);
#497 = CIRCLE('',#498,23.);
#498 = AXIS2_PLACEMENT_3D('',#499,#500,#501);
#499 = CARTESIAN_POINT('',(-4.19E-14,2.132E-14,0.5));
#500 = DIRECTION('',(-0.,0.,1.));
#501 = DIRECTION('',(0.501349436503,-0.865244903203,0.));
#502 = CONICAL_SURFACE('',#503,23.,0.785398163397);
#503 = AXIS2_PLACEMENT_3D('',#504,#505,#506);
#504 = CARTESIAN_POINT('',(-4.19E-14,2.132E-14,0.5));
#505 = DIRECTION('',(0.,0.,1.));
#506 = DIRECTION('',(0.501349436503,-0.865244903203,0.));
#507 = ADVANCED_FACE('',(#508),#527,.F.);
#508 = FACE_BOUND('',#509,.T.);
#509 = EDGE_LOOP('',(#510,#511,#512,#520));
#510 = ORIENTED_EDGE('',*,*,#463,.F.);
#511 = ORIENTED_EDGE('',*,*,#75,.T.);
#512 = ORIENTED_EDGE('',*,*,#513,.T.);
#513 = EDGE_CURVE('',#76,#514,#516,.T.);
#514 = VERTEX_POINT('',#515);
#515 = CARTESIAN_POINT('',(9.098706061258,-15.53105109163,0.5));
#516 = LINE('',#517,#518);
#517 = CARTESIAN_POINT('',(9.098706061258,-15.53105109163,0.5));
#518 = VECTOR('',#519,1.);
#519 = DIRECTION('',(-0.357430930885,0.610117308103,0.707106781187));
#520 = ORIENTED_EDGE('',*,*,#521,.F.);
#521 = EDGE_CURVE('',#464,#514,#522,.T.);
#522 = CIRCLE('',#523,18.);
#523 = AXIS2_PLACEMENT_3D('',#524,#525,#526);
#524 = CARTESIAN_POINT('',(0.,0.,0.5));
#525 = DIRECTION('',(-0.,0.,-1.));
#526 = DIRECTION('',(-0.505483909059,-0.862836031748,0.));
#527 = CONICAL_SURFACE('',#528,18.,0.785398163397);
#528 = AXIS2_PLACEMENT_3D('',#529,#530,#531);
#529 = CARTESIAN_POINT('',(0.,0.,0.5));
#530 = DIRECTION('',(-0.,-0.,-1.));
#531 = DIRECTION('',(-0.505483909059,-0.862836031748,0.));
#532 = ADVANCED_FACE('',(#533),#552,.T.);
#533 = FACE_BOUND('',#534,.T.);
#534 = EDGE_LOOP('',(#535,#543,#544,#545));
#535 = ORIENTED_EDGE('',*,*,#536,.F.);
#536 = EDGE_CURVE('',#94,#537,#539,.T.);
#537 = VERTEX_POINT('',#538);
#538 = CARTESIAN_POINT('',(8.710219186016,-19.00347565749,0.5));
#539 = LINE('',#540,#541);
#540 = CARTESIAN_POINT('',(8.937484058583,-18.89930907121,0.25));
#541 = VECTOR('',#542,1.);
#542 = DIRECTION('',(-0.642802130071,-0.294627598124,0.707106781187));
#543 = ORIENTED_EDGE('',*,*,#101,.T.);
#544 = ORIENTED_EDGE('',*,*,#486,.T.);
#545 = ORIENTED_EDGE('',*,*,#546,.F.);
#546 = EDGE_CURVE('',#537,#487,#547,.T.);
#547 = CIRCLE('',#548,2.);
#548 = AXIS2_PLACEMENT_3D('',#549,#550,#551);
#549 = CARTESIAN_POINT('',(10.528338166553,-18.17014296726,0.5));
#550 = DIRECTION('',(0.,0.,1.));
#551 = DIRECTION('',(-0.909059490268,-0.416666345117,0.));
#552 = CONICAL_SURFACE('',#553,2.,0.785398163397);
#553 = AXIS2_PLACEMENT_3D('',#554,#555,#556);
#554 = CARTESIAN_POINT('',(10.528338166553,-18.17014296726,0.5));
#555 = DIRECTION('',(0.,0.,1.));
#556 = DIRECTION('',(-0.909059490268,-0.416666345117,0.));
#557 = ADVANCED_FACE('',(#558),#577,.T.);
#558 = FACE_BOUND('',#559,.T.);
#559 = EDGE_LOOP('',(#560,#561,#562,#570));
#560 = ORIENTED_EDGE('',*,*,#513,.F.);
#561 = ORIENTED_EDGE('',*,*,#84,.T.);
#562 = ORIENTED_EDGE('',*,*,#563,.T.);
#563 = EDGE_CURVE('',#85,#564,#566,.T.);
#564 = VERTEX_POINT('',#565);
#565 = CARTESIAN_POINT('',(8.291554420861,-18.09005612537,0.5));
#566 = LINE('',#567,#568);
#567 = CARTESIAN_POINT('',(8.291554420861,-18.09005612537,0.5));
#568 = VECTOR('',#569,1.);
#569 = DIRECTION('',(-0.642802130071,-0.294627598124,0.707106781187));
#570 = ORIENTED_EDGE('',*,*,#571,.F.);
#571 = EDGE_CURVE('',#514,#564,#572,.T.);
#572 = CIRCLE('',#573,2.);
#573 = AXIS2_PLACEMENT_3D('',#574,#575,#576);
#574 = CARTESIAN_POINT('',(10.109673401398,-17.25672343514,0.5));
#575 = DIRECTION('',(0.,0.,1.));
#576 = DIRECTION('',(-0.50548367007,0.862836171757,0.));
#577 = CONICAL_SURFACE('',#578,2.,0.785398163397);
#578 = AXIS2_PLACEMENT_3D('',#579,#580,#581);
#579 = CARTESIAN_POINT('',(10.109673401398,-17.25672343514,0.5));
#580 = DIRECTION('',(0.,0.,1.));
#581 = DIRECTION('',(-0.50548367007,0.862836171757,0.));
#582 = ADVANCED_FACE('',(#583),#594,.T.);
#583 = FACE_BOUND('',#584,.T.);
#584 = EDGE_LOOP('',(#585,#586,#587,#588));
#585 = ORIENTED_EDGE('',*,*,#563,.F.);
#586 = ORIENTED_EDGE('',*,*,#93,.T.);
#587 = ORIENTED_EDGE('',*,*,#536,.T.);
#588 = ORIENTED_EDGE('',*,*,#589,.F.);
#589 = EDGE_CURVE('',#564,#537,#590,.T.);
#590 = LINE('',#591,#592);
#591 = CARTESIAN_POINT('',(8.291554420861,-18.09005612537,0.5));
#592 = VECTOR('',#593,1.);
#593 = DIRECTION('',(0.416666345117,-0.909059490268,0.));
#594 = PLANE('',#595);
#595 = AXIS2_PLACEMENT_3D('',#596,#597,#598);
#596 = CARTESIAN_POINT('',(8.518819293428,-17.98588953909,0.25));
#597 = DIRECTION('',(-0.642802130071,-0.294627598124,-0.707106781187));
#598 = DIRECTION('',(0.416666345117,-0.909059490268,2.223662278977E-17)
  );
#599 = ADVANCED_FACE('',(#600),#619,.F.);
#600 = FACE_BOUND('',#601,.F.);
#601 = EDGE_LOOP('',(#602,#610,#617,#618));
#602 = ORIENTED_EDGE('',*,*,#603,.T.);
#603 = EDGE_CURVE('',#161,#604,#606,.T.);
#604 = VERTEX_POINT('',#605);
#605 = CARTESIAN_POINT('',(-11.,23.171447,1.));
#606 = LINE('',#607,#608);
#607 = CARTESIAN_POINT('',(-11.,23.171447,0.));
#608 = VECTOR('',#609,1.);
#609 = DIRECTION('',(0.,0.,1.));
#610 = ORIENTED_EDGE('',*,*,#611,.T.);
#611 = EDGE_CURVE('',#604,#604,#612,.T.);
#612 = CIRCLE('',#613,4.);
#613 = AXIS2_PLACEMENT_3D('',#614,#615,#616);
#614 = CARTESIAN_POINT('',(-15.,23.171447,1.));
#615 = DIRECTION('',(0.,0.,-1.));
#616 = DIRECTION('',(1.,0.,0.));
#617 = ORIENTED_EDGE('',*,*,#603,.F.);
#618 = ORIENTED_EDGE('',*,*,#160,.F.);
#619 = CYLINDRICAL_SURFACE('',#620,4.);
#620 = AXIS2_PLACEMENT_3D('',#621,#622,#623);
#621 = CARTESIAN_POINT('',(-15.,23.171447,0.));
#622 = DIRECTION('',(0.,0.,-1.));
#623 = DIRECTION('',(1.,0.,0.));
#624 = ADVANCED_FACE('',(#625),#644,.F.);
#625 = FACE_BOUND('',#626,.F.);
#626 = EDGE_LOOP('',(#627,#635,#642,#643));
#627 = ORIENTED_EDGE('',*,*,#628,.T.);
#628 = EDGE_CURVE('',#172,#629,#631,.T.);
#629 = VERTEX_POINT('',#630);
#630 = CARTESIAN_POINT('',(19.,23.171447,1.));
#631 = LINE('',#632,#633);
#632 = CARTESIAN_POINT('',(19.,23.171447,0.));
#633 = VECTOR('',#634,1.);
#634 = DIRECTION('',(0.,0.,1.));
#635 = ORIENTED_EDGE('',*,*,#636,.T.);
#636 = EDGE_CURVE('',#629,#629,#637,.T.);
#637 = CIRCLE('',#638,4.);
#638 = AXIS2_PLACEMENT_3D('',#639,#640,#641);
#639 = CARTESIAN_POINT('',(15.,23.171447,1.));
#640 = DIRECTION('',(0.,0.,-1.));
#641 = DIRECTION('',(1.,0.,0.));
#642 = ORIENTED_EDGE('',*,*,#628,.F.);
#643 = ORIENTED_EDGE('',*,*,#171,.F.);
#644 = CYLINDRICAL_SURFACE('',#645,4.);
#645 = AXIS2_PLACEMENT_3D('',#646,#647,#648);
#646 = CARTESIAN_POINT('',(15.,23.171447,0.));
#647 = DIRECTION('',(0.,0.,-1.));
#648 = DIRECTION('',(1.,0.,0.));
#649 = ADVANCED_FACE('',(#650),#669,.F.);
#650 = FACE_BOUND('',#651,.F.);
#651 = EDGE_LOOP('',(#652,#660,#667,#668));
#652 = ORIENTED_EDGE('',*,*,#653,.T.);
#653 = EDGE_CURVE('',#183,#654,#656,.T.);
#654 = VERTEX_POINT('',#655);
#655 = CARTESIAN_POINT('',(-11.,53.171447,1.));
#656 = LINE('',#657,#658);
#657 = CARTESIAN_POINT('',(-11.,53.171447,0.));
#658 = VECTOR('',#659,1.);
#659 = DIRECTION('',(0.,0.,1.));
#660 = ORIENTED_EDGE('',*,*,#661,.T.);
#661 = EDGE_CURVE('',#654,#654,#662,.T.);
#662 = CIRCLE('',#663,4.);
#663 = AXIS2_PLACEMENT_3D('',#664,#665,#666);
#664 = CARTESIAN_POINT('',(-15.,53.171447,1.));
#665 = DIRECTION('',(0.,0.,-1.));
#666 = DIRECTION('',(1.,0.,0.));
#667 = ORIENTED_EDGE('',*,*,#653,.F.);
#668 = ORIENTED_EDGE('',*,*,#182,.F.);
#669 = CYLINDRICAL_SURFACE('',#670,4.);
#670 = AXIS2_PLACEMENT_3D('',#671,#672,#673);
#671 = CARTESIAN_POINT('',(-15.,53.171447,0.));
#672 = DIRECTION('',(0.,0.,-1.));
#673 = DIRECTION('',(1.,0.,0.));
#674 = ADVANCED_FACE('',(#675),#694,.F.);
#675 = FACE_BOUND('',#676,.F.);
#676 = EDGE_LOOP('',(#677,#685,#692,#693));
#677 = ORIENTED_EDGE('',*,*,#678,.T.);
#678 = EDGE_CURVE('',#194,#679,#681,.T.);
#679 = VERTEX_POINT('',#680);
#680 = CARTESIAN_POINT('',(19.,53.171447,1.));
#681 = LINE('',#682,#683);
#682 = CARTESIAN_POINT('',(19.,53.171447,0.));
#683 = VECTOR('',#684,1.);
#684 = DIRECTION('',(0.,0.,1.));
#685 = ORIENTED_EDGE('',*,*,#686,.T.);
#686 = EDGE_CURVE('',#679,#679,#687,.T.);
#687 = CIRCLE('',#688,4.);
#688 = AXIS2_PLACEMENT_3D('',#689,#690,#691);
#689 = CARTESIAN_POINT('',(15.,53.171447,1.));
#690 = DIRECTION('',(0.,0.,-1.));
#691 = DIRECTION('',(1.,0.,0.));
#692 = ORIENTED_EDGE('',*,*,#678,.F.);
#693 = ORIENTED_EDGE('',*,*,#193,.F.);
#694 = CYLINDRICAL_SURFACE('',#695,4.);
#695 = AXIS2_PLACEMENT_3D('',#696,#697,#698);
#696 = CARTESIAN_POINT('',(15.,53.171447,0.));
#697 = DIRECTION('',(0.,0.,-1.));
#698 = DIRECTION('',(1.,0.,0.));
#699 = ADVANCED_FACE('',(#700),#755,.T.);
#700 = FACE_BOUND('',#701,.T.);
#701 = EDGE_LOOP('',(#702,#703,#711,#719,#734,#742));
#702 = ORIENTED_EDGE('',*,*,#219,.T.);
#703 = ORIENTED_EDGE('',*,*,#704,.T.);
#704 = EDGE_CURVE('',#212,#705,#707,.T.);
#705 = VERTEX_POINT('',#706);
#706 = CARTESIAN_POINT('',(-20.,18.411952639522,2.5));
#707 = LINE('',#708,#709);
#708 = CARTESIAN_POINT('',(-20.,18.411952639522,0.));
#709 = VECTOR('',#710,1.);
#710 = DIRECTION('',(0.,0.,1.));
#711 = ORIENTED_EDGE('',*,*,#712,.F.);
#712 = EDGE_CURVE('',#713,#705,#715,.T.);
#713 = VERTEX_POINT('',#714);
#714 = CARTESIAN_POINT('',(-20.,56.946702128608,2.5));
#715 = LINE('',#716,#717);
#716 = CARTESIAN_POINT('',(-20.,58.171447,2.5));
#717 = VECTOR('',#718,1.);
#718 = DIRECTION('',(0.,-1.,0.));
#719 = ORIENTED_EDGE('',*,*,#720,.T.);
#720 = EDGE_CURVE('',#713,#721,#723,.T.);
#721 = VERTEX_POINT('',#722);
#722 = CARTESIAN_POINT('',(-20.,57.171447,2.275255128608));
#723 = B_SPLINE_CURVE_WITH_KNOTS('',9,(#724,#725,#726,#727,#728,#729,
    #730,#731,#732,#733),.UNSPECIFIED.,.F.,.F.,(10,10),(0.,1.),
  .PIECEWISE_BEZIER_KNOTS.);
#724 = CARTESIAN_POINT('',(-20.,56.946702128608,2.5));
#725 = CARTESIAN_POINT('',(-20.,56.98612596261,2.5));
#726 = CARTESIAN_POINT('',(-20.,57.025550227166,2.49311403865));
#727 = CARTESIAN_POINT('',(-20.,57.063597347794,2.478650683868));
#728 = CARTESIAN_POINT('',(-20.,57.098422690552,2.45642322741));
#729 = CARTESIAN_POINT('',(-20.,57.12787022741,2.426975690552));
#730 = CARTESIAN_POINT('',(-20.,57.150097683868,2.392150347794));
#731 = CARTESIAN_POINT('',(-20.,57.16456103865,2.354103227166));
#732 = CARTESIAN_POINT('',(-20.,57.171447,2.31467896261));
#733 = CARTESIAN_POINT('',(-20.,57.171447,2.275255128608));
#734 = ORIENTED_EDGE('',*,*,#735,.F.);
#735 = EDGE_CURVE('',#736,#721,#738,.T.);
#736 = VERTEX_POINT('',#737);
#737 = CARTESIAN_POINT('',(-20.,57.171447,0.724744871392));
#738 = LINE('',#739,#740);
#739 = CARTESIAN_POINT('',(-20.,57.171447,0.5));
#740 = VECTOR('',#741,1.);
#741 = DIRECTION('',(0.,0.,1.));
#742 = ORIENTED_EDGE('',*,*,#743,.F.);
#743 = EDGE_CURVE('',#220,#736,#744,.T.);
#744 = B_SPLINE_CURVE_WITH_KNOTS('',9,(#745,#746,#747,#748,#749,#750,
    #751,#752,#753,#754),.UNSPECIFIED.,.F.,.F.,(10,10),(0.,1.),
  .PIECEWISE_BEZIER_KNOTS.);
#745 = CARTESIAN_POINT('',(-20.,56.946702128608,0.5));
#746 = CARTESIAN_POINT('',(-20.,56.98612596261,0.5));
#747 = CARTESIAN_POINT('',(-20.,57.025550227166,0.50688596135));
#748 = CARTESIAN_POINT('',(-20.,57.063597347794,0.521349316132));
#749 = CARTESIAN_POINT('',(-20.,57.098422690552,0.54357677259));
#750 = CARTESIAN_POINT('',(-20.,57.12787022741,0.573024309448));
#751 = CARTESIAN_POINT('',(-20.,57.150097683868,0.607849652206));
#752 = CARTESIAN_POINT('',(-20.,57.16456103865,0.645896772834));
#753 = CARTESIAN_POINT('',(-20.,57.171447,0.68532103739));
#754 = CARTESIAN_POINT('',(-20.,57.171447,0.724744871392));
#755 = PLANE('',#756);
#756 = AXIS2_PLACEMENT_3D('',#757,#758,#759);
#757 = CARTESIAN_POINT('',(-20.,34.7646318458,1.5));
#758 = DIRECTION('',(-1.,-0.,-0.));
#759 = DIRECTION('',(0.,0.,-1.));
#760 = ADVANCED_FACE('',(#761),#786,.F.);
#761 = FACE_BOUND('',#762,.F.);
#762 = EDGE_LOOP('',(#763,#771,#772,#773));
#763 = ORIENTED_EDGE('',*,*,#764,.F.);
#764 = EDGE_CURVE('',#736,#765,#767,.T.);
#765 = VERTEX_POINT('',#766);
#766 = CARTESIAN_POINT('',(-19.,58.171447,0.724744871392));
#767 = LINE('',#768,#769);
#768 = CARTESIAN_POINT('',(-20.,57.171447,0.724744871392));
#769 = VECTOR('',#770,1.);
#770 = DIRECTION('',(0.707106781187,0.707106781187,-4.054583578972E-35)
  );
#771 = ORIENTED_EDGE('',*,*,#743,.F.);
#772 = ORIENTED_EDGE('',*,*,#243,.F.);
#773 = ORIENTED_EDGE('',*,*,#774,.F.);
#774 = EDGE_CURVE('',#765,#244,#775,.T.);
#775 = B_SPLINE_CURVE_WITH_KNOTS('',9,(#776,#777,#778,#779,#780,#781,
    #782,#783,#784,#785),.UNSPECIFIED.,.F.,.F.,(10,10),(0.,1.),
  .PIECEWISE_BEZIER_KNOTS.);
#776 = CARTESIAN_POINT('',(-19.,58.171447,0.724744871392));
#777 = CARTESIAN_POINT('',(-19.,58.171447,0.68532103739));
#778 = CARTESIAN_POINT('',(-18.99311403865,58.171447,0.645896772834));
#779 = CARTESIAN_POINT('',(-18.97865068386,58.171447,0.607849652206));
#780 = CARTESIAN_POINT('',(-18.95642322741,58.171447,0.573024309448));
#781 = CARTESIAN_POINT('',(-18.92697569055,58.171447,0.54357677259));
#782 = CARTESIAN_POINT('',(-18.89215034779,58.171447,0.521349316132));
#783 = CARTESIAN_POINT('',(-18.85410322716,58.171447,0.50688596135));
#784 = CARTESIAN_POINT('',(-18.81467896261,58.171447,0.5));
#785 = CARTESIAN_POINT('',(-18.7752551286,58.171447,0.5));
#786 = B_SPLINE_SURFACE_WITH_KNOTS('',7,8,(
    (#787,#788,#789,#790,#791,#792,#793,#794,#795)
    ,(#796,#797,#798,#799,#800,#801,#802,#803,#804)
    ,(#805,#806,#807,#808,#809,#810,#811,#812,#813)
    ,(#814,#815,#816,#817,#818,#819,#820,#821,#822)
    ,(#823,#824,#825,#826,#827,#828,#829,#830,#831)
    ,(#832,#833,#834,#835,#836,#837,#838,#839,#840)
    ,(#841,#842,#843,#844,#845,#846,#847,#848,#849)
    ,(#850,#851,#852,#853,#854,#855,#856,#857,#858
  )),.UNSPECIFIED.,.F.,.F.,.F.,(8,8),(9,9),(-0.952627944163,
    0.952627944163),(-0.144850243734,0.157803218582),
  .PIECEWISE_BEZIER_KNOTS.);
#787 = CARTESIAN_POINT('',(-20.0476430476,56.871879850096,0.49796633554)
  );
#788 = CARTESIAN_POINT('',(-20.08789804193,56.912108830857,
    0.502534395249));
#789 = CARTESIAN_POINT('',(-20.12021804708,56.944402154522,
    0.515533329957));
#790 = CARTESIAN_POINT('',(-20.14408432614,56.96824531442,0.537511371472
    ));
#791 = CARTESIAN_POINT('',(-20.15458352206,56.978749776397,
    0.573676294375));
#792 = CARTESIAN_POINT('',(-20.16293426942,56.98709710366,0.612125454389
    ));
#793 = CARTESIAN_POINT('',(-20.17204233858,56.996264237735,
    0.649714116261));
#794 = CARTESIAN_POINT('',(-20.17518740997,56.999414809106,
    0.693688567613));
#795 = CARTESIAN_POINT('',(-20.17337172296,56.997598337939,
    0.742944036625));
#796 = CARTESIAN_POINT('',(-19.85522725536,57.064381910688,
    0.497920471118));
#797 = CARTESIAN_POINT('',(-19.89550485064,57.104637397452,
    0.502462925931));
#798 = CARTESIAN_POINT('',(-19.9281922347,57.137299678452,0.515070966044
    ));
#799 = CARTESIAN_POINT('',(-19.95148924183,57.160566185244,
    0.537661151627));
#800 = CARTESIAN_POINT('',(-19.96131264805,57.170415445471,
    0.574527792016));
#801 = CARTESIAN_POINT('',(-19.96772801695,57.17679256912,0.615062722672
    ));
#802 = CARTESIAN_POINT('',(-19.97885212228,57.188006619674,
    0.650480301518));
#803 = CARTESIAN_POINT('',(-19.98225257456,57.19140491711,0.69418903824)
  );
#804 = CARTESIAN_POINT('',(-19.98063509665,57.18978347295,0.743236536449
    ));
#805 = CARTESIAN_POINT('',(-19.66271767908,57.256792320389,
    0.497972628502));
#806 = CARTESIAN_POINT('',(-19.70281172395,57.296870629945,
    0.502707220262));
#807 = CARTESIAN_POINT('',(-19.73469695029,57.32874101378,0.516162705592
    ));
#808 = CARTESIAN_POINT('',(-19.75702550244,57.351012585463,
    0.539798037801));
#809 = CARTESIAN_POINT('',(-19.77097097961,57.365049508154,0.57224479554
    ));
#810 = CARTESIAN_POINT('',(-19.77181766876,57.365755176817,
    0.618758902449));
#811 = CARTESIAN_POINT('',(-19.78772235611,57.38182473417,0.649047388315
    ));
#812 = CARTESIAN_POINT('',(-19.79044635446,57.384515642053,
    0.693496273295));
#813 = CARTESIAN_POINT('',(-19.78858027024,57.382645760423,
    0.742808689933));
#814 = CARTESIAN_POINT('',(-19.47060539515,57.449591661809,0.49760788155
    ));
#815 = CARTESIAN_POINT('',(-19.51014865021,57.489129154152,0.50292269175
    ));
#816 = CARTESIAN_POINT('',(-19.54059008638,57.519555802891,
    0.517913732726));
#817 = CARTESIAN_POINT('',(-19.56402841177,57.543089124134,
    0.540277430875));
#818 = CARTESIAN_POINT('',(-19.57456414262,57.553373450262,
    0.576554074871));
#819 = CARTESIAN_POINT('',(-19.59034201737,57.569521009363,
    0.606874670878));
#820 = CARTESIAN_POINT('',(-19.59376274803,57.572679268085,
    0.650709069918));
#821 = CARTESIAN_POINT('',(-19.59735567702,57.576342992501,
    0.694168026456));
#822 = CARTESIAN_POINT('',(-19.59583130346,57.574817111314,
    0.743114436908));
#823 = CARTESIAN_POINT('',(-19.2781446618,57.642052395154,0.49760788155)
  );
#824 = CARTESIAN_POINT('',(-19.31768215414,57.681595650209,0.50292269175
    ));
#825 = CARTESIAN_POINT('',(-19.34810880291,57.712037086415,
    0.517913732724));
#826 = CARTESIAN_POINT('',(-19.37164212407,57.735475411703,
    0.540277430876));
#827 = CARTESIAN_POINT('',(-19.38192645032,57.746011142706,
    0.576554074868));
#828 = CARTESIAN_POINT('',(-19.3980740093,57.7617890173,0.60687467088));
#829 = CARTESIAN_POINT('',(-19.40123226811,57.765209748073,
    0.650709069916));
#830 = CARTESIAN_POINT('',(-19.40489599249,57.768802677012,
    0.694168026457));
#831 = CARTESIAN_POINT('',(-19.40337011131,57.767278303461,
    0.743114436908));
#832 = CARTESIAN_POINT('',(-19.08534532039,57.834164679089,
    0.497972628502));
#833 = CARTESIAN_POINT('',(-19.12542362994,57.874258723962,
    0.502707220262));
#834 = CARTESIAN_POINT('',(-19.15729401376,57.906143950275,
    0.516162705593));
#835 = CARTESIAN_POINT('',(-19.17956558549,57.928472502487,0.5397980378)
  );
#836 = CARTESIAN_POINT('',(-19.19360250811,57.942417979559,
    0.572244795542));
#837 = CARTESIAN_POINT('',(-19.19430817684,57.943264668817,
    0.618758902447));
#838 = CARTESIAN_POINT('',(-19.21037773415,57.959169356088,
    0.649047388316));
#839 = CARTESIAN_POINT('',(-19.21306864206,57.961893354474,
    0.693496273295));
#840 = CARTESIAN_POINT('',(-19.21119876042,57.960027270242,
    0.742808689933));
#841 = CARTESIAN_POINT('',(-18.89293491068,58.02667425536,0.497920471119
    ));
#842 = CARTESIAN_POINT('',(-18.93319039745,58.066951850639,
    0.502462925931));
#843 = CARTESIAN_POINT('',(-18.96585267845,58.099639234708,
    0.515070966044));
#844 = CARTESIAN_POINT('',(-18.98911918523,58.122936241823,
    0.537661151627));
#845 = CARTESIAN_POINT('',(-18.99896844548,58.132759648069,
    0.574527792015));
#846 = CARTESIAN_POINT('',(-19.00534556911,58.139175016941,
    0.615062722672));
#847 = CARTESIAN_POINT('',(-19.01655961967,58.15029912229,0.650480301518
    ));
#848 = CARTESIAN_POINT('',(-19.0199579171,58.153699574567,0.69418903824)
  );
#849 = CARTESIAN_POINT('',(-19.01833647295,58.152082096658,
    0.743236536449));
#850 = CARTESIAN_POINT('',(-18.70043285009,58.219090047603,0.49796633554
    ));
#851 = CARTESIAN_POINT('',(-18.74066183085,58.25934504193,0.502534395249
    ));
#852 = CARTESIAN_POINT('',(-18.77295515452,58.291665047083,
    0.515533329957));
#853 = CARTESIAN_POINT('',(-18.79679831442,58.315531326147,
    0.537511371472));
#854 = CARTESIAN_POINT('',(-18.80730277639,58.32603052206,0.573676294375
    ));
#855 = CARTESIAN_POINT('',(-18.81565010365,58.334381269429,
    0.612125454389));
#856 = CARTESIAN_POINT('',(-18.82481723773,58.343489338584,
    0.649714116261));
#857 = CARTESIAN_POINT('',(-18.8279678091,58.346634409978,0.693688567614
    ));
#858 = CARTESIAN_POINT('',(-18.82615133793,58.344818722963,
    0.742944036625));
#859 = ADVANCED_FACE('',(#860),#879,.F.);
#860 = FACE_BOUND('',#861,.F.);
#861 = EDGE_LOOP('',(#862,#870,#871,#872));
#862 = ORIENTED_EDGE('',*,*,#863,.F.);
#863 = EDGE_CURVE('',#268,#864,#866,.T.);
#864 = VERTEX_POINT('',#865);
#865 = CARTESIAN_POINT('',(-21.81034482758,7.301291563948,2.5));
#866 = LINE('',#867,#868);
#867 = CARTESIAN_POINT('',(-21.81034482758,7.301291563948,0.));
#868 = VECTOR('',#869,1.);
#869 = DIRECTION('',(0.,0.,1.));
#870 = ORIENTED_EDGE('',*,*,#275,.F.);
#871 = ORIENTED_EDGE('',*,*,#704,.T.);
#872 = ORIENTED_EDGE('',*,*,#873,.T.);
#873 = EDGE_CURVE('',#705,#864,#874,.T.);
#874 = CIRCLE('',#875,35.);
#875 = AXIS2_PLACEMENT_3D('',#876,#877,#878);
#876 = CARTESIAN_POINT('',(-55.,18.411952639522,2.5));
#877 = DIRECTION('',(0.,-0.,-1.));
#878 = DIRECTION('',(1.,-3.E-16,0.));
#879 = CYLINDRICAL_SURFACE('',#880,35.);
#880 = AXIS2_PLACEMENT_3D('',#881,#882,#883);
#881 = CARTESIAN_POINT('',(-55.,18.411952639522,0.));
#882 = DIRECTION('',(0.,0.,1.));
#883 = DIRECTION('',(0.948275862069,-0.317447459302,0.));
#884 = ADVANCED_FACE('',(#885),#956,.F.);
#885 = FACE_BOUND('',#886,.F.);
#886 = EDGE_LOOP('',(#887,#888,#903,#911,#926,#934,#949,#955));
#887 = ORIENTED_EDGE('',*,*,#292,.F.);
#888 = ORIENTED_EDGE('',*,*,#889,.T.);
#889 = EDGE_CURVE('',#293,#890,#892,.T.);
#890 = VERTEX_POINT('',#891);
#891 = CARTESIAN_POINT('',(19.,58.171447,0.724744871392));
#892 = B_SPLINE_CURVE_WITH_KNOTS('',9,(#893,#894,#895,#896,#897,#898,
    #899,#900,#901,#902),.UNSPECIFIED.,.F.,.F.,(10,10),(0.,1.),
  .PIECEWISE_BEZIER_KNOTS.);
#893 = CARTESIAN_POINT('',(18.775255128608,58.171447,0.5));
#894 = CARTESIAN_POINT('',(18.81467896261,58.171447,0.5));
#895 = CARTESIAN_POINT('',(18.854103227166,58.171447,0.50688596135));
#896 = CARTESIAN_POINT('',(18.892150347794,58.171447,0.521349316132));
#897 = CARTESIAN_POINT('',(18.926975690552,58.171447,0.54357677259));
#898 = CARTESIAN_POINT('',(18.95642322741,58.171447,0.573024309448));
#899 = CARTESIAN_POINT('',(18.978650683868,58.171447,0.607849652206));
#900 = CARTESIAN_POINT('',(18.99311403865,58.171447,0.645896772834));
#901 = CARTESIAN_POINT('',(19.,58.171447,0.68532103739));
#902 = CARTESIAN_POINT('',(19.,58.171447,0.724744871392));
#903 = ORIENTED_EDGE('',*,*,#904,.T.);
#904 = EDGE_CURVE('',#890,#905,#907,.T.);
#905 = VERTEX_POINT('',#906);
#906 = CARTESIAN_POINT('',(19.,58.171447,2.275255128608));
#907 = LINE('',#908,#909);
#908 = CARTESIAN_POINT('',(19.,58.171447,0.5));
#909 = VECTOR('',#910,1.);
#910 = DIRECTION('',(0.,0.,1.));
#911 = ORIENTED_EDGE('',*,*,#912,.F.);
#912 = EDGE_CURVE('',#913,#905,#915,.T.);
#913 = VERTEX_POINT('',#914);
#914 = CARTESIAN_POINT('',(18.775255128608,58.171447,2.5));
#915 = B_SPLINE_CURVE_WITH_KNOTS('',9,(#916,#917,#918,#919,#920,#921,
    #922,#923,#924,#925),.UNSPECIFIED.,.F.,.F.,(10,10),(0.,1.),
  .PIECEWISE_BEZIER_KNOTS.);
#916 = CARTESIAN_POINT('',(18.775255128608,58.171447,2.5));
#917 = CARTESIAN_POINT('',(18.81467896261,58.171447,2.5));
#918 = CARTESIAN_POINT('',(18.854103227166,58.171447,2.49311403865));
#919 = CARTESIAN_POINT('',(18.892150347794,58.171447,2.478650683868));
#920 = CARTESIAN_POINT('',(18.926975690552,58.171447,2.45642322741));
#921 = CARTESIAN_POINT('',(18.95642322741,58.171447,2.426975690552));
#922 = CARTESIAN_POINT('',(18.978650683868,58.171447,2.392150347794));
#923 = CARTESIAN_POINT('',(18.99311403865,58.171447,2.354103227166));
#924 = CARTESIAN_POINT('',(19.,58.171447,2.31467896261));
#925 = CARTESIAN_POINT('',(19.,58.171447,2.275255128608));
#926 = ORIENTED_EDGE('',*,*,#927,.T.);
#927 = EDGE_CURVE('',#913,#928,#930,.T.);
#928 = VERTEX_POINT('',#929);
#929 = CARTESIAN_POINT('',(-18.7752551286,58.171447,2.5));
#930 = LINE('',#931,#932);
#931 = CARTESIAN_POINT('',(20.,58.171447,2.5));
#932 = VECTOR('',#933,1.);
#933 = DIRECTION('',(-1.,0.,0.));
#934 = ORIENTED_EDGE('',*,*,#935,.F.);
#935 = EDGE_CURVE('',#936,#928,#938,.T.);
#936 = VERTEX_POINT('',#937);
#937 = CARTESIAN_POINT('',(-19.,58.171447,2.275255128608));
#938 = B_SPLINE_CURVE_WITH_KNOTS('',9,(#939,#940,#941,#942,#943,#944,
    #945,#946,#947,#948),.UNSPECIFIED.,.F.,.F.,(10,10),(0.,1.),
  .PIECEWISE_BEZIER_KNOTS.);
#939 = CARTESIAN_POINT('',(-19.,58.171447,2.275255128608));
#940 = CARTESIAN_POINT('',(-19.,58.171447,2.31467896261));
#941 = CARTESIAN_POINT('',(-18.99311403865,58.171447,2.354103227166));
#942 = CARTESIAN_POINT('',(-18.97865068386,58.171447,2.392150347794));
#943 = CARTESIAN_POINT('',(-18.95642322741,58.171447,2.426975690552));
#944 = CARTESIAN_POINT('',(-18.92697569055,58.171447,2.45642322741));
#945 = CARTESIAN_POINT('',(-18.89215034779,58.171447,2.478650683868));
#946 = CARTESIAN_POINT('',(-18.85410322716,58.171447,2.49311403865));
#947 = CARTESIAN_POINT('',(-18.81467896261,58.171447,2.5));
#948 = CARTESIAN_POINT('',(-18.7752551286,58.171447,2.5));
#949 = ORIENTED_EDGE('',*,*,#950,.F.);
#950 = EDGE_CURVE('',#765,#936,#951,.T.);
#951 = LINE('',#952,#953);
#952 = CARTESIAN_POINT('',(-19.,58.171447,0.5));
#953 = VECTOR('',#954,1.);
#954 = DIRECTION('',(0.,0.,1.));
#955 = ORIENTED_EDGE('',*,*,#774,.T.);
#956 = PLANE('',#957);
#957 = AXIS2_PLACEMENT_3D('',#958,#959,#960);
#958 = CARTESIAN_POINT('',(20.,58.171447,0.));
#959 = DIRECTION('',(0.,-1.,0.));
#960 = DIRECTION('',(-1.,0.,0.));
#961 = ADVANCED_FACE('',(#962),#981,.T.);
#962 = FACE_BOUND('',#963,.F.);
#963 = EDGE_LOOP('',(#964,#972,#973,#974));
#964 = ORIENTED_EDGE('',*,*,#965,.F.);
#965 = EDGE_CURVE('',#317,#966,#968,.T.);
#966 = VERTEX_POINT('',#967);
#967 = CARTESIAN_POINT('',(-11.53104248755,-19.90062961692,2.5));
#968 = LINE('',#969,#970);
#969 = CARTESIAN_POINT('',(-11.53104248755,-19.90062961692,0.));
#970 = VECTOR('',#971,1.);
#971 = DIRECTION('',(0.,0.,1.));
#972 = ORIENTED_EDGE('',*,*,#324,.F.);
#973 = ORIENTED_EDGE('',*,*,#863,.T.);
#974 = ORIENTED_EDGE('',*,*,#975,.T.);
#975 = EDGE_CURVE('',#864,#966,#976,.T.);
#976 = CIRCLE('',#977,23.);
#977 = AXIS2_PLACEMENT_3D('',#978,#979,#980);
#978 = CARTESIAN_POINT('',(-4.19E-14,2.132E-14,2.5));
#979 = DIRECTION('',(0.,0.,1.));
#980 = DIRECTION('',(-0.948275862069,0.317447459302,0.));
#981 = CYLINDRICAL_SURFACE('',#982,23.);
#982 = AXIS2_PLACEMENT_3D('',#983,#984,#985);
#983 = CARTESIAN_POINT('',(-4.19E-14,2.249E-14,0.));
#984 = DIRECTION('',(-0.,-0.,-1.));
#985 = DIRECTION('',(1.,0.,0.));
#986 = ADVANCED_FACE('',(#987),#1012,.T.);
#987 = FACE_BOUND('',#988,.T.);
#988 = EDGE_LOOP('',(#989,#997,#1010,#1011));
#989 = ORIENTED_EDGE('',*,*,#990,.T.);
#990 = EDGE_CURVE('',#890,#991,#993,.T.);
#991 = VERTEX_POINT('',#992);
#992 = CARTESIAN_POINT('',(20.,57.171447,0.724744871392));
#993 = LINE('',#994,#995);
#994 = CARTESIAN_POINT('',(19.,58.171447,0.724744871392));
#995 = VECTOR('',#996,1.);
#996 = DIRECTION('',(0.707106781187,-0.707106781187,-4.054583578972E-35)
  );
#997 = ORIENTED_EDGE('',*,*,#998,.T.);
#998 = EDGE_CURVE('',#991,#342,#999,.T.);
#999 = B_SPLINE_CURVE_WITH_KNOTS('',9,(#1000,#1001,#1002,#1003,#1004,
    #1005,#1006,#1007,#1008,#1009),.UNSPECIFIED.,.F.,.F.,(10,10),(0.,1.)
  ,.PIECEWISE_BEZIER_KNOTS.);
#1000 = CARTESIAN_POINT('',(20.,57.171447,0.724744871392));
#1001 = CARTESIAN_POINT('',(20.,57.171447,0.68532103739));
#1002 = CARTESIAN_POINT('',(20.,57.16456103865,0.645896772834));
#1003 = CARTESIAN_POINT('',(20.,57.150097683868,0.607849652206));
#1004 = CARTESIAN_POINT('',(20.,57.12787022741,0.573024309448));
#1005 = CARTESIAN_POINT('',(20.,57.098422690552,0.54357677259));
#1006 = CARTESIAN_POINT('',(20.,57.063597347794,0.521349316132));
#1007 = CARTESIAN_POINT('',(20.,57.025550227166,0.50688596135));
#1008 = CARTESIAN_POINT('',(20.,56.98612596261,0.5));
#1009 = CARTESIAN_POINT('',(20.,56.946702128608,0.5));
#1010 = ORIENTED_EDGE('',*,*,#341,.T.);
#1011 = ORIENTED_EDGE('',*,*,#889,.T.);
#1012 = B_SPLINE_SURFACE_WITH_KNOTS('',7,8,(
    (#1013,#1014,#1015,#1016,#1017,#1018,#1019,#1020,#1021)
    ,(#1022,#1023,#1024,#1025,#1026,#1027,#1028,#1029,#1030)
    ,(#1031,#1032,#1033,#1034,#1035,#1036,#1037,#1038,#1039)
    ,(#1040,#1041,#1042,#1043,#1044,#1045,#1046,#1047,#1048)
    ,(#1049,#1050,#1051,#1052,#1053,#1054,#1055,#1056,#1057)
    ,(#1058,#1059,#1060,#1061,#1062,#1063,#1064,#1065,#1066)
    ,(#1067,#1068,#1069,#1070,#1071,#1072,#1073,#1074,#1075)
    ,(#1076,#1077,#1078,#1079,#1080,#1081,#1082,#1083,#1084
  )),.UNSPECIFIED.,.F.,.F.,.F.,(8,8),(9,9),(-0.952627944163,
    0.952627944163),(-0.144850243734,0.157803218582),
  .PIECEWISE_BEZIER_KNOTS.);
#1013 = CARTESIAN_POINT('',(20.047643047603,56.871879850095,
    0.49796633554));
#1014 = CARTESIAN_POINT('',(20.08789804193,56.912108830857,
    0.502534395249));
#1015 = CARTESIAN_POINT('',(20.120218047084,56.944402154522,
    0.515533329957));
#1016 = CARTESIAN_POINT('',(20.144084326145,56.96824531442,
    0.537511371472));
#1017 = CARTESIAN_POINT('',(20.154583522062,56.978749776397,
    0.573676294375));
#1018 = CARTESIAN_POINT('',(20.162934269427,56.98709710366,0.61212545439
    ));
#1019 = CARTESIAN_POINT('',(20.172042338585,56.996264237735,
    0.649714116261));
#1020 = CARTESIAN_POINT('',(20.175187409978,56.999414809106,
    0.693688567614));
#1021 = CARTESIAN_POINT('',(20.173371722963,56.99759833794,
    0.742944036625));
#1022 = CARTESIAN_POINT('',(19.855227255361,57.064381910688,
    0.497920471118));
#1023 = CARTESIAN_POINT('',(19.89550485064,57.104637397453,
    0.502462925931));
#1024 = CARTESIAN_POINT('',(19.928192234704,57.137299678449,
    0.515070966044));
#1025 = CARTESIAN_POINT('',(19.951489241834,57.160566185248,
    0.537661151627));
#1026 = CARTESIAN_POINT('',(19.961312648054,57.170415445468,
    0.574527792015));
#1027 = CARTESIAN_POINT('',(19.967728016956,57.176792569121,
    0.615062722672));
#1028 = CARTESIAN_POINT('',(19.978852122282,57.188006619673,
    0.650480301518));
#1029 = CARTESIAN_POINT('',(19.982252574569,57.191404917111,
    0.69418903824));
#1030 = CARTESIAN_POINT('',(19.980635096659,57.18978347295,
    0.743236536449));
#1031 = CARTESIAN_POINT('',(19.662717679088,57.25679232039,
    0.497972628502));
#1032 = CARTESIAN_POINT('',(19.702811723955,57.296870629939,
    0.502707220262));
#1033 = CARTESIAN_POINT('',(19.734696950297,57.328741013795,
    0.516162705593));
#1034 = CARTESIAN_POINT('',(19.757025502442,57.351012585445,0.5397980378
    ));
#1035 = CARTESIAN_POINT('',(19.770970979616,57.36504950817,
    0.572244795542));
#1036 = CARTESIAN_POINT('',(19.771817668765,57.36575517681,
    0.618758902447));
#1037 = CARTESIAN_POINT('',(19.787722356115,57.381824734174,
    0.649047388316));
#1038 = CARTESIAN_POINT('',(19.790446354465,57.384515642052,
    0.693496273295));
#1039 = CARTESIAN_POINT('',(19.788580270241,57.382645760424,
    0.742808689933));
#1040 = CARTESIAN_POINT('',(19.470605395156,57.449591661808,
    0.497607881549));
#1041 = CARTESIAN_POINT('',(19.510148650221,57.489129154158,
    0.50292269175));
#1042 = CARTESIAN_POINT('',(19.540590086374,57.519555802877,
    0.517913732725));
#1043 = CARTESIAN_POINT('',(19.564028411784,57.543089124145,
    0.540277430877));
#1044 = CARTESIAN_POINT('',(19.574564142609,57.553373450257,
    0.576554074868));
#1045 = CARTESIAN_POINT('',(19.590342017389,57.569521009354,
    0.60687467088));
#1046 = CARTESIAN_POINT('',(19.593762748029,57.572679268088,
    0.650709069917));
#1047 = CARTESIAN_POINT('',(19.597355677027,57.5763429925,0.694168026457
    ));
#1048 = CARTESIAN_POINT('',(19.595831303463,57.574817111313,
    0.743114436908));
#1049 = CARTESIAN_POINT('',(19.278144661807,57.642052395156,
    0.49760788155));
#1050 = CARTESIAN_POINT('',(19.317682154138,57.681595650203,
    0.50292269175));
#1051 = CARTESIAN_POINT('',(19.348108802936,57.712037086428,
    0.517913732724));
#1052 = CARTESIAN_POINT('',(19.371642124047,57.735475411693,
    0.540277430874));
#1053 = CARTESIAN_POINT('',(19.381926450365,57.746011142709,
    0.576554074871));
#1054 = CARTESIAN_POINT('',(19.398074009272,57.761789017312,
    0.606874670877));
#1055 = CARTESIAN_POINT('',(19.40123226813,57.765209748067,
    0.650709069917));
#1056 = CARTESIAN_POINT('',(19.404895992485,57.768802677014,
    0.694168026456));
#1057 = CARTESIAN_POINT('',(19.403370111313,57.767278303462,
    0.743114436908));
#1058 = CARTESIAN_POINT('',(19.08534532039,57.834164679088,
    0.497972628502));
#1059 = CARTESIAN_POINT('',(19.125423629953,57.874258723966,
    0.502707220261));
#1060 = CARTESIAN_POINT('',(19.157294013752,57.906143950263,
    0.516162705593));
#1061 = CARTESIAN_POINT('',(19.179565585518,57.928472502502,
    0.539798037802));
#1062 = CARTESIAN_POINT('',(19.193602508088,57.942417979547,
    0.57224479554));
#1063 = CARTESIAN_POINT('',(19.194308176873,57.943264668819,
    0.618758902449));
#1064 = CARTESIAN_POINT('',(19.210377734141,57.959169356087,
    0.649047388315));
#1065 = CARTESIAN_POINT('',(19.213068642064,57.961893354474,
    0.693496273295));
#1066 = CARTESIAN_POINT('',(19.211198760424,57.960027270241,
    0.742808689933));
#1067 = CARTESIAN_POINT('',(18.892934910688,58.026674255361,
    0.497920471119));
#1068 = CARTESIAN_POINT('',(18.933190397448,58.066951850636,
    0.502462925931));
#1069 = CARTESIAN_POINT('',(18.965852678462,58.099639234718,
    0.515070966044));
#1070 = CARTESIAN_POINT('',(18.989119185225,58.122936241807,
    0.537661151627));
#1071 = CARTESIAN_POINT('',(18.998968445493,58.132759648086,
    0.574527792016));
#1072 = CARTESIAN_POINT('',(19.005345569102,58.139175016931,
    0.615062722672));
#1073 = CARTESIAN_POINT('',(19.016559619683,58.150299122295,
    0.650480301518));
#1074 = CARTESIAN_POINT('',(19.019957917107,58.153699574565,
    0.69418903824));
#1075 = CARTESIAN_POINT('',(19.01833647295,58.152082096659,
    0.743236536449));
#1076 = CARTESIAN_POINT('',(18.700432850096,58.219090047603,
    0.49796633554));
#1077 = CARTESIAN_POINT('',(18.740661830857,58.25934504193,
    0.502534395249));
#1078 = CARTESIAN_POINT('',(18.772955154522,58.291665047084,
    0.515533329957));
#1079 = CARTESIAN_POINT('',(18.796798314419,58.315531326145,
    0.537511371472));
#1080 = CARTESIAN_POINT('',(18.807302776398,58.326030522062,
    0.573676294375));
#1081 = CARTESIAN_POINT('',(18.815650103659,58.334381269428,
    0.612125454389));
#1082 = CARTESIAN_POINT('',(18.824817237736,58.343489338585,
    0.649714116261));
#1083 = CARTESIAN_POINT('',(18.827967809106,58.346634409978,
    0.693688567614));
#1084 = CARTESIAN_POINT('',(18.826151337939,58.344818722963,
    0.742944036625));
#1085 = ADVANCED_FACE('',(#1086),#1105,.T.);
#1086 = FACE_BOUND('',#1087,.T.);
#1087 = EDGE_LOOP('',(#1088,#1089,#1090,#1098));
#1088 = ORIENTED_EDGE('',*,*,#965,.F.);
#1089 = ORIENTED_EDGE('',*,*,#373,.T.);
#1090 = ORIENTED_EDGE('',*,*,#1091,.T.);
#1091 = EDGE_CURVE('',#366,#1092,#1094,.T.);
#1092 = VERTEX_POINT('',#1093);
#1093 = CARTESIAN_POINT('',(-8.710224335256,-19.00347315701,2.5));
#1094 = LINE('',#1095,#1096);
#1095 = CARTESIAN_POINT('',(-8.710224335256,-19.00347315701,0.));
#1096 = VECTOR('',#1097,1.);
#1097 = DIRECTION('',(0.,0.,1.));
#1098 = ORIENTED_EDGE('',*,*,#1099,.F.);
#1099 = EDGE_CURVE('',#966,#1092,#1100,.T.);
#1100 = CIRCLE('',#1101,2.);
#1101 = AXIS2_PLACEMENT_3D('',#1102,#1103,#1104);
#1102 = CARTESIAN_POINT('',(-10.52834314081,-18.17014008502,2.5));
#1103 = DIRECTION('',(0.,0.,1.));
#1104 = DIRECTION('',(-0.501349673372,-0.865244765953,0.));
#1105 = CYLINDRICAL_SURFACE('',#1106,2.);
#1106 = AXIS2_PLACEMENT_3D('',#1107,#1108,#1109);
#1107 = CARTESIAN_POINT('',(-10.52834314081,-18.17014008502,0.));
#1108 = DIRECTION('',(0.,0.,1.));
#1109 = DIRECTION('',(-0.501349673372,-0.865244765953,0.));
#1110 = ADVANCED_FACE('',(#1111),#1152,.T.);
#1111 = FACE_BOUND('',#1112,.T.);
#1112 = EDGE_LOOP('',(#1113,#1114,#1115,#1123,#1138,#1146));
#1113 = ORIENTED_EDGE('',*,*,#390,.T.);
#1114 = ORIENTED_EDGE('',*,*,#998,.F.);
#1115 = ORIENTED_EDGE('',*,*,#1116,.T.);
#1116 = EDGE_CURVE('',#991,#1117,#1119,.T.);
#1117 = VERTEX_POINT('',#1118);
#1118 = CARTESIAN_POINT('',(20.,57.171447,2.275255128608));
#1119 = LINE('',#1120,#1121);
#1120 = CARTESIAN_POINT('',(20.,57.171447,0.5));
#1121 = VECTOR('',#1122,1.);
#1122 = DIRECTION('',(0.,0.,1.));
#1123 = ORIENTED_EDGE('',*,*,#1124,.T.);
#1124 = EDGE_CURVE('',#1117,#1125,#1127,.T.);
#1125 = VERTEX_POINT('',#1126);
#1126 = CARTESIAN_POINT('',(20.,56.946702128608,2.5));
#1127 = B_SPLINE_CURVE_WITH_KNOTS('',9,(#1128,#1129,#1130,#1131,#1132,
    #1133,#1134,#1135,#1136,#1137),.UNSPECIFIED.,.F.,.F.,(10,10),(0.,1.)
  ,.PIECEWISE_BEZIER_KNOTS.);
#1128 = CARTESIAN_POINT('',(20.,57.171447,2.275255128608));
#1129 = CARTESIAN_POINT('',(20.,57.171447,2.31467896261));
#1130 = CARTESIAN_POINT('',(20.,57.16456103865,2.354103227166));
#1131 = CARTESIAN_POINT('',(20.,57.150097683868,2.392150347794));
#1132 = CARTESIAN_POINT('',(20.,57.12787022741,2.426975690552));
#1133 = CARTESIAN_POINT('',(20.,57.098422690552,2.45642322741));
#1134 = CARTESIAN_POINT('',(20.,57.063597347794,2.478650683868));
#1135 = CARTESIAN_POINT('',(20.,57.025550227166,2.49311403865));
#1136 = CARTESIAN_POINT('',(20.,56.98612596261,2.5));
#1137 = CARTESIAN_POINT('',(20.,56.946702128608,2.5));
#1138 = ORIENTED_EDGE('',*,*,#1139,.F.);
#1139 = EDGE_CURVE('',#1140,#1125,#1142,.T.);
#1140 = VERTEX_POINT('',#1141);
#1141 = CARTESIAN_POINT('',(20.,18.411952639522,2.5));
#1142 = LINE('',#1143,#1144);
#1143 = CARTESIAN_POINT('',(20.,18.411952639522,2.5));
#1144 = VECTOR('',#1145,1.);
#1145 = DIRECTION('',(0.,1.,0.));
#1146 = ORIENTED_EDGE('',*,*,#1147,.F.);
#1147 = EDGE_CURVE('',#391,#1140,#1148,.T.);
#1148 = LINE('',#1149,#1150);
#1149 = CARTESIAN_POINT('',(20.,18.411952639522,0.));
#1150 = VECTOR('',#1151,1.);
#1151 = DIRECTION('',(0.,0.,1.));
#1152 = PLANE('',#1153);
#1153 = AXIS2_PLACEMENT_3D('',#1154,#1155,#1156);
#1154 = CARTESIAN_POINT('',(20.,34.7646318458,1.5));
#1155 = DIRECTION('',(1.,0.,0.));
#1156 = DIRECTION('',(0.,0.,1.));
#1157 = ADVANCED_FACE('',(#1158),#1176,.F.);
#1158 = FACE_BOUND('',#1159,.F.);
#1159 = EDGE_LOOP('',(#1160,#1161,#1169,#1175));
#1160 = ORIENTED_EDGE('',*,*,#1091,.T.);
#1161 = ORIENTED_EDGE('',*,*,#1162,.T.);
#1162 = EDGE_CURVE('',#1092,#1163,#1165,.T.);
#1163 = VERTEX_POINT('',#1164);
#1164 = CARTESIAN_POINT('',(-8.29155937562,-18.09005370695,2.5));
#1165 = LINE('',#1166,#1167);
#1166 = CARTESIAN_POINT('',(-8.710224335256,-19.00347315701,2.5));
#1167 = VECTOR('',#1168,1.);
#1168 = DIRECTION('',(0.416666535998,0.909059402778,0.));
#1169 = ORIENTED_EDGE('',*,*,#1170,.F.);
#1170 = EDGE_CURVE('',#415,#1163,#1171,.T.);
#1171 = LINE('',#1172,#1173);
#1172 = CARTESIAN_POINT('',(-8.29155937562,-18.09005370695,0.));
#1173 = VECTOR('',#1174,1.);
#1174 = DIRECTION('',(0.,0.,1.));
#1175 = ORIENTED_EDGE('',*,*,#422,.F.);
#1176 = PLANE('',#1177);
#1177 = AXIS2_PLACEMENT_3D('',#1178,#1179,#1180);
#1178 = CARTESIAN_POINT('',(-9.58333032796,-20.90836626389,0.));
#1179 = DIRECTION('',(-0.909059402778,0.416666535998,0.));
#1180 = DIRECTION('',(0.416666535998,0.909059402778,0.));
#1181 = ADVANCED_FACE('',(#1182),#1201,.F.);
#1182 = FACE_BOUND('',#1183,.T.);
#1183 = EDGE_LOOP('',(#1184,#1192,#1193,#1194));
#1184 = ORIENTED_EDGE('',*,*,#1185,.F.);
#1185 = EDGE_CURVE('',#437,#1186,#1188,.T.);
#1186 = VERTEX_POINT('',#1187);
#1187 = CARTESIAN_POINT('',(21.810344827586,7.301291563948,2.5));
#1188 = LINE('',#1189,#1190);
#1189 = CARTESIAN_POINT('',(21.810344827586,7.301291563948,0.));
#1190 = VECTOR('',#1191,1.);
#1191 = DIRECTION('',(0.,0.,1.));
#1192 = ORIENTED_EDGE('',*,*,#446,.T.);
#1193 = ORIENTED_EDGE('',*,*,#1147,.T.);
#1194 = ORIENTED_EDGE('',*,*,#1195,.F.);
#1195 = EDGE_CURVE('',#1186,#1140,#1196,.T.);
#1196 = CIRCLE('',#1197,35.);
#1197 = AXIS2_PLACEMENT_3D('',#1198,#1199,#1200);
#1198 = CARTESIAN_POINT('',(55.,18.411952639522,2.5));
#1199 = DIRECTION('',(-0.,0.,-1.));
#1200 = DIRECTION('',(-0.948275862069,-0.317447459302,0.));
#1201 = CYLINDRICAL_SURFACE('',#1202,35.);
#1202 = AXIS2_PLACEMENT_3D('',#1203,#1204,#1205);
#1203 = CARTESIAN_POINT('',(55.,18.411952639522,0.));
#1204 = DIRECTION('',(0.,0.,1.));
#1205 = DIRECTION('',(-0.948275862069,-0.317447459302,0.));
#1206 = ADVANCED_FACE('',(#1207),#1226,.T.);
#1207 = FACE_BOUND('',#1208,.F.);
#1208 = EDGE_LOOP('',(#1209,#1217,#1218,#1219));
#1209 = ORIENTED_EDGE('',*,*,#1210,.F.);
#1210 = EDGE_CURVE('',#464,#1211,#1213,.T.);
#1211 = VERTEX_POINT('',#1212);
#1212 = CARTESIAN_POINT('',(-9.098710363058,-15.53104857146,2.5));
#1213 = LINE('',#1214,#1215);
#1214 = CARTESIAN_POINT('',(-9.098710363058,-15.53104857146,0.));
#1215 = VECTOR('',#1216,1.);
#1216 = DIRECTION('',(0.,0.,1.));
#1217 = ORIENTED_EDGE('',*,*,#471,.F.);
#1218 = ORIENTED_EDGE('',*,*,#1170,.T.);
#1219 = ORIENTED_EDGE('',*,*,#1220,.T.);
#1220 = EDGE_CURVE('',#1163,#1211,#1221,.T.);
#1221 = CIRCLE('',#1222,2.);
#1222 = AXIS2_PLACEMENT_3D('',#1223,#1224,#1225);
#1223 = CARTESIAN_POINT('',(-10.10967818117,-17.25672063496,2.5));
#1224 = DIRECTION('',(-0.,0.,1.));
#1225 = DIRECTION('',(0.909059402778,-0.416666535998,0.));
#1226 = CYLINDRICAL_SURFACE('',#1227,2.);
#1227 = AXIS2_PLACEMENT_3D('',#1228,#1229,#1230);
#1228 = CARTESIAN_POINT('',(-10.10967818117,-17.25672063496,0.));
#1229 = DIRECTION('',(0.,0.,1.));
#1230 = DIRECTION('',(0.505483909059,0.862836031748,0.));
#1231 = ADVANCED_FACE('',(#1232),#1251,.T.);
#1232 = FACE_BOUND('',#1233,.F.);
#1233 = EDGE_LOOP('',(#1234,#1242,#1249,#1250));
#1234 = ORIENTED_EDGE('',*,*,#1235,.T.);
#1235 = EDGE_CURVE('',#487,#1236,#1238,.T.);
#1236 = VERTEX_POINT('',#1237);
#1237 = CARTESIAN_POINT('',(11.531037039558,-19.90063277366,2.5));
#1238 = LINE('',#1239,#1240);
#1239 = CARTESIAN_POINT('',(11.531037039558,-19.90063277366,0.));
#1240 = VECTOR('',#1241,1.);
#1241 = DIRECTION('',(0.,0.,1.));
#1242 = ORIENTED_EDGE('',*,*,#1243,.T.);
#1243 = EDGE_CURVE('',#1236,#1186,#1244,.T.);
#1244 = CIRCLE('',#1245,23.);
#1245 = AXIS2_PLACEMENT_3D('',#1246,#1247,#1248);
#1246 = CARTESIAN_POINT('',(-4.19E-14,2.132E-14,2.5));
#1247 = DIRECTION('',(-0.,0.,1.));
#1248 = DIRECTION('',(0.501349436503,-0.865244903203,0.));
#1249 = ORIENTED_EDGE('',*,*,#1185,.F.);
#1250 = ORIENTED_EDGE('',*,*,#496,.F.);
#1251 = CYLINDRICAL_SURFACE('',#1252,23.);
#1252 = AXIS2_PLACEMENT_3D('',#1253,#1254,#1255);
#1253 = CARTESIAN_POINT('',(-4.19E-14,2.249E-14,0.));
#1254 = DIRECTION('',(-0.,-0.,-1.));
#1255 = DIRECTION('',(1.,0.,0.));
#1256 = ADVANCED_FACE('',(#1257),#1276,.F.);
#1257 = FACE_BOUND('',#1258,.T.);
#1258 = EDGE_LOOP('',(#1259,#1267,#1274,#1275));
#1259 = ORIENTED_EDGE('',*,*,#1260,.T.);
#1260 = EDGE_CURVE('',#514,#1261,#1263,.T.);
#1261 = VERTEX_POINT('',#1262);
#1262 = CARTESIAN_POINT('',(9.098706061258,-15.53105109163,2.5));
#1263 = LINE('',#1264,#1265);
#1264 = CARTESIAN_POINT('',(9.098706061258,-15.53105109163,0.));
#1265 = VECTOR('',#1266,1.);
#1266 = DIRECTION('',(0.,0.,1.));
#1267 = ORIENTED_EDGE('',*,*,#1268,.F.);
#1268 = EDGE_CURVE('',#1211,#1261,#1269,.T.);
#1269 = CIRCLE('',#1270,18.);
#1270 = AXIS2_PLACEMENT_3D('',#1271,#1272,#1273);
#1271 = CARTESIAN_POINT('',(0.,0.,2.5));
#1272 = DIRECTION('',(-0.,0.,-1.));
#1273 = DIRECTION('',(-0.505483909059,-0.862836031748,0.));
#1274 = ORIENTED_EDGE('',*,*,#1210,.F.);
#1275 = ORIENTED_EDGE('',*,*,#521,.T.);
#1276 = CYLINDRICAL_SURFACE('',#1277,18.);
#1277 = AXIS2_PLACEMENT_3D('',#1278,#1279,#1280);
#1278 = CARTESIAN_POINT('',(0.,0.,0.));
#1279 = DIRECTION('',(-0.,-0.,-1.));
#1280 = DIRECTION('',(1.,0.,0.));
#1281 = ADVANCED_FACE('',(#1282),#1301,.T.);
#1282 = FACE_BOUND('',#1283,.F.);
#1283 = EDGE_LOOP('',(#1284,#1285,#1286,#1294));
#1284 = ORIENTED_EDGE('',*,*,#1235,.F.);
#1285 = ORIENTED_EDGE('',*,*,#546,.F.);
#1286 = ORIENTED_EDGE('',*,*,#1287,.T.);
#1287 = EDGE_CURVE('',#537,#1288,#1290,.T.);
#1288 = VERTEX_POINT('',#1289);
#1289 = CARTESIAN_POINT('',(8.710219186016,-19.00347565749,2.5));
#1290 = LINE('',#1291,#1292);
#1291 = CARTESIAN_POINT('',(8.710219186016,-19.00347565749,0.));
#1292 = VECTOR('',#1293,1.);
#1293 = DIRECTION('',(0.,0.,1.));
#1294 = ORIENTED_EDGE('',*,*,#1295,.T.);
#1295 = EDGE_CURVE('',#1288,#1236,#1296,.T.);
#1296 = CIRCLE('',#1297,2.);
#1297 = AXIS2_PLACEMENT_3D('',#1298,#1299,#1300);
#1298 = CARTESIAN_POINT('',(10.528338166553,-18.17014296726,2.5));
#1299 = DIRECTION('',(0.,0.,1.));
#1300 = DIRECTION('',(-0.909059490268,-0.416666345117,0.));
#1301 = CYLINDRICAL_SURFACE('',#1302,2.);
#1302 = AXIS2_PLACEMENT_3D('',#1303,#1304,#1305);
#1303 = CARTESIAN_POINT('',(10.528338166553,-18.17014296726,0.));
#1304 = DIRECTION('',(0.,0.,1.));
#1305 = DIRECTION('',(0.501349436503,-0.865244903203,0.));
#1306 = ADVANCED_FACE('',(#1307),#1326,.T.);
#1307 = FACE_BOUND('',#1308,.F.);
#1308 = EDGE_LOOP('',(#1309,#1317,#1318,#1319));
#1309 = ORIENTED_EDGE('',*,*,#1310,.F.);
#1310 = EDGE_CURVE('',#564,#1311,#1313,.T.);
#1311 = VERTEX_POINT('',#1312);
#1312 = CARTESIAN_POINT('',(8.291554420861,-18.09005612537,2.5));
#1313 = LINE('',#1314,#1315);
#1314 = CARTESIAN_POINT('',(8.291554420861,-18.09005612537,0.));
#1315 = VECTOR('',#1316,1.);
#1316 = DIRECTION('',(0.,0.,1.));
#1317 = ORIENTED_EDGE('',*,*,#571,.F.);
#1318 = ORIENTED_EDGE('',*,*,#1260,.T.);
#1319 = ORIENTED_EDGE('',*,*,#1320,.T.);
#1320 = EDGE_CURVE('',#1261,#1311,#1321,.T.);
#1321 = CIRCLE('',#1322,2.);
#1322 = AXIS2_PLACEMENT_3D('',#1323,#1324,#1325);
#1323 = CARTESIAN_POINT('',(10.109673401398,-17.25672343514,2.5));
#1324 = DIRECTION('',(0.,0.,1.));
#1325 = DIRECTION('',(-0.50548367007,0.862836171757,0.));
#1326 = CYLINDRICAL_SURFACE('',#1327,2.);
#1327 = AXIS2_PLACEMENT_3D('',#1328,#1329,#1330);
#1328 = CARTESIAN_POINT('',(10.109673401398,-17.25672343514,0.));
#1329 = DIRECTION('',(0.,0.,1.));
#1330 = DIRECTION('',(-0.909059490268,-0.416666345117,0.));
#1331 = ADVANCED_FACE('',(#1332),#1343,.F.);
#1332 = FACE_BOUND('',#1333,.F.);
#1333 = EDGE_LOOP('',(#1334,#1335,#1341,#1342));
#1334 = ORIENTED_EDGE('',*,*,#1310,.T.);
#1335 = ORIENTED_EDGE('',*,*,#1336,.T.);
#1336 = EDGE_CURVE('',#1311,#1288,#1337,.T.);
#1337 = LINE('',#1338,#1339);
#1338 = CARTESIAN_POINT('',(8.291554420861,-18.09005612537,2.5));
#1339 = VECTOR('',#1340,1.);
#1340 = DIRECTION('',(0.416666345117,-0.909059490268,0.));
#1341 = ORIENTED_EDGE('',*,*,#1287,.F.);
#1342 = ORIENTED_EDGE('',*,*,#589,.F.);
#1343 = PLANE('',#1344);
#1344 = AXIS2_PLACEMENT_3D('',#1345,#1346,#1347);
#1345 = CARTESIAN_POINT('',(7.499993,-16.36307138039,0.));
#1346 = DIRECTION('',(0.909059490268,0.416666345117,0.));
#1347 = DIRECTION('',(0.416666345117,-0.909059490268,0.));
#1348 = ADVANCED_FACE('',(#1349,#1352),#1363,.F.);
#1349 = FACE_BOUND('',#1350,.F.);
#1350 = EDGE_LOOP('',(#1351));
#1351 = ORIENTED_EDGE('',*,*,#611,.F.);
#1352 = FACE_BOUND('',#1353,.F.);
#1353 = EDGE_LOOP('',(#1354));
#1354 = ORIENTED_EDGE('',*,*,#1355,.T.);
#1355 = EDGE_CURVE('',#1356,#1356,#1358,.T.);
#1356 = VERTEX_POINT('',#1357);
#1357 = CARTESIAN_POINT('',(-13.4,23.171447,1.));
#1358 = CIRCLE('',#1359,1.6);
#1359 = AXIS2_PLACEMENT_3D('',#1360,#1361,#1362);
#1360 = CARTESIAN_POINT('',(-15.,23.171447,1.));
#1361 = DIRECTION('',(0.,0.,-1.));
#1362 = DIRECTION('',(1.,0.,0.));
#1363 = PLANE('',#1364);
#1364 = AXIS2_PLACEMENT_3D('',#1365,#1366,#1367);
#1365 = CARTESIAN_POINT('',(-4.3E-16,38.171447,1.));
#1366 = DIRECTION('',(0.,0.,1.));
#1367 = DIRECTION('',(1.,0.,0.));
#1368 = ADVANCED_FACE('',(#1369,#1372),#1383,.F.);
#1369 = FACE_BOUND('',#1370,.F.);
#1370 = EDGE_LOOP('',(#1371));
#1371 = ORIENTED_EDGE('',*,*,#636,.F.);
#1372 = FACE_BOUND('',#1373,.F.);
#1373 = EDGE_LOOP('',(#1374));
#1374 = ORIENTED_EDGE('',*,*,#1375,.T.);
#1375 = EDGE_CURVE('',#1376,#1376,#1378,.T.);
#1376 = VERTEX_POINT('',#1377);
#1377 = CARTESIAN_POINT('',(16.6,23.171447,1.));
#1378 = CIRCLE('',#1379,1.6);
#1379 = AXIS2_PLACEMENT_3D('',#1380,#1381,#1382);
#1380 = CARTESIAN_POINT('',(15.,23.171447,1.));
#1381 = DIRECTION('',(0.,0.,-1.));
#1382 = DIRECTION('',(1.,0.,0.));
#1383 = PLANE('',#1384);
#1384 = AXIS2_PLACEMENT_3D('',#1385,#1386,#1387);
#1385 = CARTESIAN_POINT('',(-4.3E-16,38.171447,1.));
#1386 = DIRECTION('',(0.,0.,1.));
#1387 = DIRECTION('',(1.,0.,0.));
#1388 = ADVANCED_FACE('',(#1389,#1392),#1403,.F.);
#1389 = FACE_BOUND('',#1390,.F.);
#1390 = EDGE_LOOP('',(#1391));
#1391 = ORIENTED_EDGE('',*,*,#661,.F.);
#1392 = FACE_BOUND('',#1393,.F.);
#1393 = EDGE_LOOP('',(#1394));
#1394 = ORIENTED_EDGE('',*,*,#1395,.T.);
#1395 = EDGE_CURVE('',#1396,#1396,#1398,.T.);
#1396 = VERTEX_POINT('',#1397);
#1397 = CARTESIAN_POINT('',(-13.4,53.171447,1.));
#1398 = CIRCLE('',#1399,1.6);
#1399 = AXIS2_PLACEMENT_3D('',#1400,#1401,#1402);
#1400 = CARTESIAN_POINT('',(-15.,53.171447,1.));
#1401 = DIRECTION('',(0.,0.,-1.));
#1402 = DIRECTION('',(1.,0.,0.));
#1403 = PLANE('',#1404);
#1404 = AXIS2_PLACEMENT_3D('',#1405,#1406,#1407);
#1405 = CARTESIAN_POINT('',(-4.3E-16,38.171447,1.));
#1406 = DIRECTION('',(0.,0.,1.));
#1407 = DIRECTION('',(1.,0.,0.));
#1408 = ADVANCED_FACE('',(#1409,#1412),#1423,.F.);
#1409 = FACE_BOUND('',#1410,.F.);
#1410 = EDGE_LOOP('',(#1411));
#1411 = ORIENTED_EDGE('',*,*,#686,.F.);
#1412 = FACE_BOUND('',#1413,.F.);
#1413 = EDGE_LOOP('',(#1414));
#1414 = ORIENTED_EDGE('',*,*,#1415,.T.);
#1415 = EDGE_CURVE('',#1416,#1416,#1418,.T.);
#1416 = VERTEX_POINT('',#1417);
#1417 = CARTESIAN_POINT('',(16.6,53.171447,1.));
#1418 = CIRCLE('',#1419,1.6);
#1419 = AXIS2_PLACEMENT_3D('',#1420,#1421,#1422);
#1420 = CARTESIAN_POINT('',(15.,53.171447,1.));
#1421 = DIRECTION('',(0.,0.,-1.));
#1422 = DIRECTION('',(1.,0.,0.));
#1423 = PLANE('',#1424);
#1424 = AXIS2_PLACEMENT_3D('',#1425,#1426,#1427);
#1425 = CARTESIAN_POINT('',(-4.3E-16,38.171447,1.));
#1426 = DIRECTION('',(0.,0.,1.));
#1427 = DIRECTION('',(1.,0.,0.));
#1428 = ADVANCED_FACE('',(#1429),#1440,.F.);
#1429 = FACE_BOUND('',#1430,.T.);
#1430 = EDGE_LOOP('',(#1431,#1432,#1433,#1439));
#1431 = ORIENTED_EDGE('',*,*,#764,.F.);
#1432 = ORIENTED_EDGE('',*,*,#735,.T.);
#1433 = ORIENTED_EDGE('',*,*,#1434,.T.);
#1434 = EDGE_CURVE('',#721,#936,#1435,.T.);
#1435 = LINE('',#1436,#1437);
#1436 = CARTESIAN_POINT('',(-20.,57.171447,2.275255128608));
#1437 = VECTOR('',#1438,1.);
#1438 = DIRECTION('',(0.707106781187,0.707106781187,-4.054583578972E-35)
  );
#1439 = ORIENTED_EDGE('',*,*,#950,.F.);
#1440 = PLANE('',#1441);
#1441 = AXIS2_PLACEMENT_3D('',#1442,#1443,#1444);
#1442 = CARTESIAN_POINT('',(-19.5,57.671447,0.5));
#1443 = DIRECTION('',(0.707106781187,-0.707106781187,-5.911709633991E-18
    ));
#1444 = DIRECTION('',(-4.180209970601E-18,4.180209970601E-18,-1.));
#1445 = ADVANCED_FACE('',(#1446),#1471,.T.);
#1446 = FACE_BOUND('',#1447,.T.);
#1447 = EDGE_LOOP('',(#1448,#1449,#1457,#1465));
#1448 = ORIENTED_EDGE('',*,*,#712,.T.);
#1449 = ORIENTED_EDGE('',*,*,#1450,.T.);
#1450 = EDGE_CURVE('',#705,#1451,#1453,.T.);
#1451 = VERTEX_POINT('',#1452);
#1452 = CARTESIAN_POINT('',(-19.5,18.411952639522,3.));
#1453 = LINE('',#1454,#1455);
#1454 = CARTESIAN_POINT('',(-19.75,18.411952639522,2.75));
#1455 = VECTOR('',#1456,1.);
#1456 = DIRECTION('',(0.707106781187,0.,0.707106781187));
#1457 = ORIENTED_EDGE('',*,*,#1458,.F.);
#1458 = EDGE_CURVE('',#1459,#1451,#1461,.T.);
#1459 = VERTEX_POINT('',#1460);
#1460 = CARTESIAN_POINT('',(-19.5,56.446702128608,3.));
#1461 = LINE('',#1462,#1463);
#1462 = CARTESIAN_POINT('',(-19.5,58.171447,3.));
#1463 = VECTOR('',#1464,1.);
#1464 = DIRECTION('',(0.,-1.,0.));
#1465 = ORIENTED_EDGE('',*,*,#1466,.F.);
#1466 = EDGE_CURVE('',#713,#1459,#1467,.T.);
#1467 = LINE('',#1468,#1469);
#1468 = CARTESIAN_POINT('',(-20.40824829046,57.354950419072,
    2.091751709536));
#1469 = VECTOR('',#1470,1.);
#1470 = DIRECTION('',(0.57735026919,-0.57735026919,0.57735026919));
#1471 = PLANE('',#1472);
#1472 = AXIS2_PLACEMENT_3D('',#1473,#1474,#1475);
#1473 = CARTESIAN_POINT('',(-19.75,58.171447,2.75));
#1474 = DIRECTION('',(-0.707106781187,0.,0.707106781187));
#1475 = DIRECTION('',(0.,-1.,0.));
#1476 = ADVANCED_FACE('',(#1477),#1488,.F.);
#1477 = FACE_BOUND('',#1478,.F.);
#1478 = EDGE_LOOP('',(#1479,#1480,#1481,#1487));
#1479 = ORIENTED_EDGE('',*,*,#1434,.T.);
#1480 = ORIENTED_EDGE('',*,*,#935,.T.);
#1481 = ORIENTED_EDGE('',*,*,#1482,.T.);
#1482 = EDGE_CURVE('',#928,#713,#1483,.T.);
#1483 = LINE('',#1484,#1485);
#1484 = CARTESIAN_POINT('',(-18.7752551286,58.171447,2.5));
#1485 = VECTOR('',#1486,1.);
#1486 = DIRECTION('',(-0.707106781187,-0.707106781187,7.867771163866E-15
    ));
#1487 = ORIENTED_EDGE('',*,*,#720,.T.);
#1488 = B_SPLINE_SURFACE_WITH_KNOTS('',7,8,(
    (#1489,#1490,#1491,#1492,#1493,#1494,#1495,#1496,#1497)
    ,(#1498,#1499,#1500,#1501,#1502,#1503,#1504,#1505,#1506)
    ,(#1507,#1508,#1509,#1510,#1511,#1512,#1513,#1514,#1515)
    ,(#1516,#1517,#1518,#1519,#1520,#1521,#1522,#1523,#1524)
    ,(#1525,#1526,#1527,#1528,#1529,#1530,#1531,#1532,#1533)
    ,(#1534,#1535,#1536,#1537,#1538,#1539,#1540,#1541,#1542)
    ,(#1543,#1544,#1545,#1546,#1547,#1548,#1549,#1550,#1551)
    ,(#1552,#1553,#1554,#1555,#1556,#1557,#1558,#1559,#1560
  )),.UNSPECIFIED.,.F.,.F.,.F.,(8,8),(9,9),(-0.952627944163,
    0.952627944163),(-0.157803218582,0.144850243734),
  .PIECEWISE_BEZIER_KNOTS.);
#1489 = CARTESIAN_POINT('',(-20.17337172296,56.99759833794,
    2.257055963375));
#1490 = CARTESIAN_POINT('',(-20.17518740997,56.999414809106,
    2.306311432386));
#1491 = CARTESIAN_POINT('',(-20.17204233858,56.996264237736,
    2.350285883739));
#1492 = CARTESIAN_POINT('',(-20.16293426942,56.987097103658,
    2.38787454561));
#1493 = CARTESIAN_POINT('',(-20.15458352206,56.978749776398,
    2.426323705625));
#1494 = CARTESIAN_POINT('',(-20.14408432614,56.968245314419,
    2.462488628528));
#1495 = CARTESIAN_POINT('',(-20.12021804708,56.944402154522,
    2.484466670044));
#1496 = CARTESIAN_POINT('',(-20.08789804193,56.912108830857,
    2.497465604751));
#1497 = CARTESIAN_POINT('',(-20.0476430476,56.871879850095,2.50203366446
    ));
#1498 = CARTESIAN_POINT('',(-19.98063509665,57.18978347295,
    2.256763463551));
#1499 = CARTESIAN_POINT('',(-19.98225257456,57.191404917107,
    2.30581096176));
#1500 = CARTESIAN_POINT('',(-19.97885212228,57.188006619684,
    2.349519698482));
#1501 = CARTESIAN_POINT('',(-19.96772801694,57.176792569101,
    2.384937277328));
#1502 = CARTESIAN_POINT('',(-19.96131264807,57.170415445495,
    2.425472207985));
#1503 = CARTESIAN_POINT('',(-19.95148924182,57.160566185223,
    2.462338848373));
#1504 = CARTESIAN_POINT('',(-19.92819223471,57.137299678464,
    2.484929033956));
#1505 = CARTESIAN_POINT('',(-19.89550485063,57.104637397449,
    2.497537074069));
#1506 = CARTESIAN_POINT('',(-19.85522725536,57.064381910689,
    2.502079528881));
#1507 = CARTESIAN_POINT('',(-19.78858027024,57.382645760423,
    2.257191310067));
#1508 = CARTESIAN_POINT('',(-19.79044635446,57.384515642064,
    2.306503726705));
#1509 = CARTESIAN_POINT('',(-19.78772235609,57.381824734136,
    2.350952611684));
#1510 = CARTESIAN_POINT('',(-19.7718176688,57.365755176883,
    2.381241097553));
#1511 = CARTESIAN_POINT('',(-19.77097097957,57.365049508074,
    2.427755204459));
#1512 = CARTESIAN_POINT('',(-19.75702550247,57.351012585532,
    2.460201962199));
#1513 = CARTESIAN_POINT('',(-19.73469695027,57.328741013744,
    2.483837294407));
#1514 = CARTESIAN_POINT('',(-19.70281172396,57.296870629954,
    2.497292779738));
#1515 = CARTESIAN_POINT('',(-19.66271767908,57.256792320389,
    2.502027371498));
#1516 = CARTESIAN_POINT('',(-19.59583130346,57.574817111314,
    2.256885563092));
#1517 = CARTESIAN_POINT('',(-19.59735567702,57.576342992485,
    2.305831973543));
#1518 = CARTESIAN_POINT('',(-19.59376274805,57.57267926814,
    2.349290930084));
#1519 = CARTESIAN_POINT('',(-19.59034201733,57.569521009253,
    2.39312532912));
#1520 = CARTESIAN_POINT('',(-19.57456414267,57.553373450391,
    2.423445925131));
#1521 = CARTESIAN_POINT('',(-19.56402841173,57.543089124025,
    2.459722569125));
#1522 = CARTESIAN_POINT('',(-19.5405900864,57.519555802947,
    2.482086267275));
#1523 = CARTESIAN_POINT('',(-19.51014865021,57.489129154137,
    2.49707730825));
#1524 = CARTESIAN_POINT('',(-19.47060539515,57.449591661809,
    2.50239211845));
#1525 = CARTESIAN_POINT('',(-19.40337011131,57.767278303462,
    2.256885563092));
#1526 = CARTESIAN_POINT('',(-19.40489599249,57.768802677028,
    2.305831973544));
#1527 = CARTESIAN_POINT('',(-19.4012322681,57.765209748016,
    2.349290930081));
#1528 = CARTESIAN_POINT('',(-19.39807400932,57.761789017411,
    2.393125329123));
#1529 = CARTESIAN_POINT('',(-19.3819264503,57.746011142579,
    2.423445925129));
#1530 = CARTESIAN_POINT('',(-19.37164212409,57.735475411807,
    2.459722569125));
#1531 = CARTESIAN_POINT('',(-19.3481088029,57.712037086363,
    2.482086267275));
#1532 = CARTESIAN_POINT('',(-19.31768215414,57.681595650221,
    2.49707730825));
#1533 = CARTESIAN_POINT('',(-19.2781446618,57.642052395154,2.50239211845
    ));
#1534 = CARTESIAN_POINT('',(-19.21119876042,57.960027270242,
    2.257191310067));
#1535 = CARTESIAN_POINT('',(-19.21306864206,57.961893354463,
    2.306503726705));
#1536 = CARTESIAN_POINT('',(-19.21037773415,57.959169356126,
    2.350952611686));
#1537 = CARTESIAN_POINT('',(-19.19430817684,57.943264668744,
    2.38124109755));
#1538 = CARTESIAN_POINT('',(-19.19360250811,57.942417979641,
    2.427755204461));
#1539 = CARTESIAN_POINT('',(-19.17956558549,57.928472502422,
    2.460201962198));
#1540 = CARTESIAN_POINT('',(-19.15729401376,57.906143950307,
    2.483837294407));
#1541 = CARTESIAN_POINT('',(-19.12542362995,57.874258723954,
    2.497292779738));
#1542 = CARTESIAN_POINT('',(-19.08534532039,57.834164679089,
    2.502027371498));
#1543 = CARTESIAN_POINT('',(-19.01833647295,58.152082096659,
    2.256763463551));
#1544 = CARTESIAN_POINT('',(-19.0199579171,58.15369957457,2.30581096176)
  );
#1545 = CARTESIAN_POINT('',(-19.01655961968,58.150299122277,
    2.349519698481));
#1546 = CARTESIAN_POINT('',(-19.0053455691,58.139175016964,
    2.384937277329));
#1547 = CARTESIAN_POINT('',(-18.99896844548,58.132759648044,
    2.425472207984));
#1548 = CARTESIAN_POINT('',(-18.98911918523,58.122936241842,
    2.462338848373));
#1549 = CARTESIAN_POINT('',(-18.96585267846,58.099639234698,
    2.484929033955));
#1550 = CARTESIAN_POINT('',(-18.93319039744,58.066951850641,
    2.497537074069));
#1551 = CARTESIAN_POINT('',(-18.89293491068,58.02667425536,
    2.502079528881));
#1552 = CARTESIAN_POINT('',(-18.82615133793,58.344818722963,
    2.257055963375));
#1553 = CARTESIAN_POINT('',(-18.8279678091,58.346634409978,
    2.306311432386));
#1554 = CARTESIAN_POINT('',(-18.82481723773,58.343489338585,
    2.350285883739));
#1555 = CARTESIAN_POINT('',(-18.81565010365,58.334381269427,
    2.387874545611));
#1556 = CARTESIAN_POINT('',(-18.80730277639,58.326030522062,
    2.426323705625));
#1557 = CARTESIAN_POINT('',(-18.79679831442,58.315531326145,
    2.462488628528));
#1558 = CARTESIAN_POINT('',(-18.77295515452,58.291665047084,
    2.484466670043));
#1559 = CARTESIAN_POINT('',(-18.74066183085,58.25934504193,
    2.497465604751));
#1560 = CARTESIAN_POINT('',(-18.70043285009,58.219090047603,
    2.50203366446));
#1561 = ADVANCED_FACE('',(#1562),#1581,.F.);
#1562 = FACE_BOUND('',#1563,.T.);
#1563 = EDGE_LOOP('',(#1564,#1565,#1566,#1574));
#1564 = ORIENTED_EDGE('',*,*,#1450,.F.);
#1565 = ORIENTED_EDGE('',*,*,#873,.T.);
#1566 = ORIENTED_EDGE('',*,*,#1567,.T.);
#1567 = EDGE_CURVE('',#864,#1568,#1570,.T.);
#1568 = VERTEX_POINT('',#1569);
#1569 = CARTESIAN_POINT('',(-21.33620689655,7.142567834297,3.));
#1570 = LINE('',#1571,#1572);
#1571 = CARTESIAN_POINT('',(-21.81034482758,7.301291563948,2.5));
#1572 = VECTOR('',#1573,1.);
#1573 = DIRECTION('',(0.670532292504,-0.224469251143,0.707106781187));
#1574 = ORIENTED_EDGE('',*,*,#1575,.F.);
#1575 = EDGE_CURVE('',#1451,#1568,#1576,.T.);
#1576 = CIRCLE('',#1577,35.5);
#1577 = AXIS2_PLACEMENT_3D('',#1578,#1579,#1580);
#1578 = CARTESIAN_POINT('',(-55.,18.411952639522,3.));
#1579 = DIRECTION('',(0.,-0.,-1.));
#1580 = DIRECTION('',(1.,-3.E-16,0.));
#1581 = CONICAL_SURFACE('',#1582,35.,0.785398163397);
#1582 = AXIS2_PLACEMENT_3D('',#1583,#1584,#1585);
#1583 = CARTESIAN_POINT('',(-55.,18.411952639522,2.5));
#1584 = DIRECTION('',(0.,0.,1.));
#1585 = DIRECTION('',(1.,-3.E-16,0.));
#1586 = ADVANCED_FACE('',(#1587),#1598,.F.);
#1587 = FACE_BOUND('',#1588,.T.);
#1588 = EDGE_LOOP('',(#1589,#1590,#1591,#1597));
#1589 = ORIENTED_EDGE('',*,*,#990,.F.);
#1590 = ORIENTED_EDGE('',*,*,#904,.T.);
#1591 = ORIENTED_EDGE('',*,*,#1592,.T.);
#1592 = EDGE_CURVE('',#905,#1117,#1593,.T.);
#1593 = LINE('',#1594,#1595);
#1594 = CARTESIAN_POINT('',(19.,58.171447,2.275255128608));
#1595 = VECTOR('',#1596,1.);
#1596 = DIRECTION('',(0.707106781187,-0.707106781187,-4.054583578972E-35
    ));
#1597 = ORIENTED_EDGE('',*,*,#1116,.F.);
#1598 = PLANE('',#1599);
#1599 = AXIS2_PLACEMENT_3D('',#1600,#1601,#1602);
#1600 = CARTESIAN_POINT('',(19.5,57.671447,0.5));
#1601 = DIRECTION('',(-0.707106781187,-0.707106781187,5.911709633991E-18
    ));
#1602 = DIRECTION('',(-4.180209970601E-18,-4.180209970601E-18,-1.));
#1603 = ADVANCED_FACE('',(#1604),#1615,.F.);
#1604 = FACE_BOUND('',#1605,.F.);
#1605 = EDGE_LOOP('',(#1606,#1607,#1608,#1614));
#1606 = ORIENTED_EDGE('',*,*,#1592,.T.);
#1607 = ORIENTED_EDGE('',*,*,#1124,.T.);
#1608 = ORIENTED_EDGE('',*,*,#1609,.T.);
#1609 = EDGE_CURVE('',#1125,#913,#1610,.T.);
#1610 = LINE('',#1611,#1612);
#1611 = CARTESIAN_POINT('',(20.,56.946702128608,2.5));
#1612 = VECTOR('',#1613,1.);
#1613 = DIRECTION('',(-0.707106781187,0.707106781187,6.070362345574E-15)
  );
#1614 = ORIENTED_EDGE('',*,*,#912,.T.);
#1615 = B_SPLINE_SURFACE_WITH_KNOTS('',7,8,(
    (#1616,#1617,#1618,#1619,#1620,#1621,#1622,#1623,#1624)
    ,(#1625,#1626,#1627,#1628,#1629,#1630,#1631,#1632,#1633)
    ,(#1634,#1635,#1636,#1637,#1638,#1639,#1640,#1641,#1642)
    ,(#1643,#1644,#1645,#1646,#1647,#1648,#1649,#1650,#1651)
    ,(#1652,#1653,#1654,#1655,#1656,#1657,#1658,#1659,#1660)
    ,(#1661,#1662,#1663,#1664,#1665,#1666,#1667,#1668,#1669)
    ,(#1670,#1671,#1672,#1673,#1674,#1675,#1676,#1677,#1678)
    ,(#1679,#1680,#1681,#1682,#1683,#1684,#1685,#1686,#1687
  )),.UNSPECIFIED.,.F.,.F.,.F.,(8,8),(9,9),(-0.952627944163,
    0.952627944163),(-0.157803218582,0.144850243734),
  .PIECEWISE_BEZIER_KNOTS.);
#1616 = CARTESIAN_POINT('',(18.826151337939,58.344818722963,
    2.257055963375));
#1617 = CARTESIAN_POINT('',(18.827967809105,58.346634409978,
    2.306311432386));
#1618 = CARTESIAN_POINT('',(18.824817237736,58.343489338586,
    2.350285883739));
#1619 = CARTESIAN_POINT('',(18.815650103658,58.334381269425,
    2.38787454561));
#1620 = CARTESIAN_POINT('',(18.807302776398,58.326030522064,
    2.426323705625));
#1621 = CARTESIAN_POINT('',(18.796798314418,58.315531326143,
    2.462488628528));
#1622 = CARTESIAN_POINT('',(18.772955154522,58.291665047084,
    2.484466670043));
#1623 = CARTESIAN_POINT('',(18.740661830856,58.25934504193,
    2.497465604751));
#1624 = CARTESIAN_POINT('',(18.700432850095,58.219090047603,
    2.50203366446));
#1625 = CARTESIAN_POINT('',(19.01833647295,58.152082096659,
    2.256763463551));
#1626 = CARTESIAN_POINT('',(19.019957917106,58.153699574569,
    2.305810961761));
#1627 = CARTESIAN_POINT('',(19.016559619689,58.150299122285,
    2.349519698481));
#1628 = CARTESIAN_POINT('',(19.005345569092,58.139175016951,
    2.384937277329));
#1629 = CARTESIAN_POINT('',(18.998968445506,58.132759648063,
    2.425472207984));
#1630 = CARTESIAN_POINT('',(18.989119185215,58.122936241824,
    2.462338848374));
#1631 = CARTESIAN_POINT('',(18.965852678468,58.099639234712,
    2.484929033955));
#1632 = CARTESIAN_POINT('',(18.933190397448,58.066951850638,
    2.497537074069));
#1633 = CARTESIAN_POINT('',(18.892934910689,58.026674255361,
    2.502079528882));
#1634 = CARTESIAN_POINT('',(19.211198760423,57.96002727024,
    2.257191310067));
#1635 = CARTESIAN_POINT('',(19.213068642068,57.961893354465,
    2.306503726704));
#1636 = CARTESIAN_POINT('',(19.210377734125,57.959169356114,
    2.350952611687));
#1637 = CARTESIAN_POINT('',(19.194308176903,57.943264668768,
    2.381241097549));
#1638 = CARTESIAN_POINT('',(19.193602508051,57.942417979602,
    2.427755204463));
#1639 = CARTESIAN_POINT('',(19.17956558555,57.928472502461,
    2.460201962197));
#1640 = CARTESIAN_POINT('',(19.157294013738,57.906143950278,
    2.483837294409));
#1641 = CARTESIAN_POINT('',(19.125423629955,57.874258723961,
    2.497292779737));
#1642 = CARTESIAN_POINT('',(19.085345320388,57.834164679086,
    2.502027371497));
#1643 = CARTESIAN_POINT('',(19.403370111314,57.767278303464,
    2.256885563092));
#1644 = CARTESIAN_POINT('',(19.404895992478,57.768802677028,
    2.305831973545));
#1645 = CARTESIAN_POINT('',(19.401232268157,57.765209748027,
    2.34929093008));
#1646 = CARTESIAN_POINT('',(19.398074009225,57.761789017389,
    2.393125329126));
#1647 = CARTESIAN_POINT('',(19.381926450425,57.746011142618,
    2.423445925124));
#1648 = CARTESIAN_POINT('',(19.371642124,57.735475411765,2.459722569128)
  );
#1649 = CARTESIAN_POINT('',(19.348108802954,57.712037086397,
    2.482086267271));
#1650 = CARTESIAN_POINT('',(19.317682154135,57.681595650213,
    2.497077308251));
#1651 = CARTESIAN_POINT('',(19.278144661809,57.642052395158,
    2.502392118451));
#1652 = CARTESIAN_POINT('',(19.595831303462,57.574817111312,
    2.256885563092));
#1653 = CARTESIAN_POINT('',(19.597355677034,57.576342992482,
    2.305831973543));
#1654 = CARTESIAN_POINT('',(19.593762748002,57.572679268139,
    2.349290930086));
#1655 = CARTESIAN_POINT('',(19.590342017434,57.569521009255,
    2.393125329116));
#1656 = CARTESIAN_POINT('',(19.57456414255,57.553373450378,
    2.423445925137));
#1657 = CARTESIAN_POINT('',(19.56402841183,57.543089124046,
    2.459722569121));
#1658 = CARTESIAN_POINT('',(19.540590086356,57.519555802924,
    2.482086267278));
#1659 = CARTESIAN_POINT('',(19.510148650224,57.489129154143,
    2.49707730825));
#1660 = CARTESIAN_POINT('',(19.470605395155,57.449591661806,
    2.50239211845));
#1661 = CARTESIAN_POINT('',(19.788580270242,57.382645760425,
    2.257191310067));
#1662 = CARTESIAN_POINT('',(19.790446354461,57.384515642065,
    2.306503726706));
#1663 = CARTESIAN_POINT('',(19.78772235613,57.381824734135,
    2.350952611683));
#1664 = CARTESIAN_POINT('',(19.771817668737,57.365755176888,
    2.381241097555));
#1665 = CARTESIAN_POINT('',(19.770970979651,57.365049508072,
    2.427755204456));
#1666 = CARTESIAN_POINT('',(19.757025502414,57.351012585528,
    2.460201962201));
#1667 = CARTESIAN_POINT('',(19.734696950309,57.328741013754,
    2.483837294406));
#1668 = CARTESIAN_POINT('',(19.702811723953,57.296870629951,
    2.497292779738));
#1669 = CARTESIAN_POINT('',(19.662717679088,57.25679232039,
    2.502027371498));
#1670 = CARTESIAN_POINT('',(19.980635096659,57.18978347295,
    2.256763463551));
#1671 = CARTESIAN_POINT('',(19.98225257457,57.191404917106,2.30581096176
    ));
#1672 = CARTESIAN_POINT('',(19.978852122279,57.188006619688,
    2.349519698483));
#1673 = CARTESIAN_POINT('',(19.967728016962,57.176792569093,
    2.384937277327));
#1674 = CARTESIAN_POINT('',(19.961312648046,57.170415445504,
    2.425472207986));
#1675 = CARTESIAN_POINT('',(19.95148924184,57.160566185218,
    2.462338848372));
#1676 = CARTESIAN_POINT('',(19.928192234701,57.137299678464,
    2.484929033956));
#1677 = CARTESIAN_POINT('',(19.89550485064,57.104637397449,
    2.497537074069));
#1678 = CARTESIAN_POINT('',(19.85522725536,57.064381910688,
    2.502079528881));
#1679 = CARTESIAN_POINT('',(20.173371722963,56.997598337939,
    2.257055963375));
#1680 = CARTESIAN_POINT('',(20.175187409978,56.999414809105,
    2.306311432387));
#1681 = CARTESIAN_POINT('',(20.172042338585,56.996264237737,
    2.350285883739));
#1682 = CARTESIAN_POINT('',(20.162934269427,56.987097103657,
    2.387874545611));
#1683 = CARTESIAN_POINT('',(20.154583522062,56.9787497764,2.426323705625
    ));
#1684 = CARTESIAN_POINT('',(20.144084326145,56.968245314418,
    2.462488628528));
#1685 = CARTESIAN_POINT('',(20.120218047084,56.944402154523,
    2.484466670043));
#1686 = CARTESIAN_POINT('',(20.08789804193,56.912108830856,
    2.497465604751));
#1687 = CARTESIAN_POINT('',(20.047643047603,56.871879850096,
    2.50203366446));
#1688 = ADVANCED_FACE('',(#1689),#1714,.F.);
#1689 = FACE_BOUND('',#1690,.T.);
#1690 = EDGE_LOOP('',(#1691,#1692,#1700,#1708));
#1691 = ORIENTED_EDGE('',*,*,#927,.T.);
#1692 = ORIENTED_EDGE('',*,*,#1693,.T.);
#1693 = EDGE_CURVE('',#928,#1694,#1696,.T.);
#1694 = VERTEX_POINT('',#1695);
#1695 = CARTESIAN_POINT('',(-18.2752551286,57.671447,3.));
#1696 = LINE('',#1697,#1698);
#1697 = CARTESIAN_POINT('',(-19.18350341907,58.579695290464,
    2.091751709536));
#1698 = VECTOR('',#1699,1.);
#1699 = DIRECTION('',(0.57735026919,-0.57735026919,0.57735026919));
#1700 = ORIENTED_EDGE('',*,*,#1701,.F.);
#1701 = EDGE_CURVE('',#1702,#1694,#1704,.T.);
#1702 = VERTEX_POINT('',#1703);
#1703 = CARTESIAN_POINT('',(18.275255128608,57.671447,3.));
#1704 = LINE('',#1705,#1706);
#1705 = CARTESIAN_POINT('',(20.,57.671447,3.));
#1706 = VECTOR('',#1707,1.);
#1707 = DIRECTION('',(-1.,0.,0.));
#1708 = ORIENTED_EDGE('',*,*,#1709,.F.);
#1709 = EDGE_CURVE('',#913,#1702,#1710,.T.);
#1710 = LINE('',#1711,#1712);
#1711 = CARTESIAN_POINT('',(19.183503419072,58.579695290464,
    2.091751709536));
#1712 = VECTOR('',#1713,1.);
#1713 = DIRECTION('',(-0.57735026919,-0.57735026919,0.57735026919));
#1714 = PLANE('',#1715);
#1715 = AXIS2_PLACEMENT_3D('',#1716,#1717,#1718);
#1716 = CARTESIAN_POINT('',(20.,57.921447,2.75));
#1717 = DIRECTION('',(-0.,-0.707106781187,-0.707106781187));
#1718 = DIRECTION('',(1.,0.,0.));
#1719 = ADVANCED_FACE('',(#1720),#1739,.T.);
#1720 = FACE_BOUND('',#1721,.T.);
#1721 = EDGE_LOOP('',(#1722,#1723,#1724,#1732));
#1722 = ORIENTED_EDGE('',*,*,#1567,.F.);
#1723 = ORIENTED_EDGE('',*,*,#975,.T.);
#1724 = ORIENTED_EDGE('',*,*,#1725,.T.);
#1725 = EDGE_CURVE('',#966,#1726,#1728,.T.);
#1726 = VERTEX_POINT('',#1727);
#1727 = CARTESIAN_POINT('',(-11.28036765087,-19.46800723395,3.));
#1728 = LINE('',#1729,#1730);
#1729 = CARTESIAN_POINT('',(-11.53104248755,-19.90062961692,2.5));
#1730 = VECTOR('',#1731,1.);
#1731 = DIRECTION('',(0.354507753787,0.611820441392,0.707106781187));
#1732 = ORIENTED_EDGE('',*,*,#1733,.F.);
#1733 = EDGE_CURVE('',#1568,#1726,#1734,.T.);
#1734 = CIRCLE('',#1735,22.5);
#1735 = AXIS2_PLACEMENT_3D('',#1736,#1737,#1738);
#1736 = CARTESIAN_POINT('',(-4.19E-14,2.132E-14,3.));
#1737 = DIRECTION('',(0.,0.,1.));
#1738 = DIRECTION('',(-0.948275862069,0.317447459302,0.));
#1739 = CONICAL_SURFACE('',#1740,23.,0.785398163397);
#1740 = AXIS2_PLACEMENT_3D('',#1741,#1742,#1743);
#1741 = CARTESIAN_POINT('',(-4.19E-14,2.132E-14,2.5));
#1742 = DIRECTION('',(-0.,-0.,-1.));
#1743 = DIRECTION('',(-0.948275862069,0.317447459302,0.));
#1744 = ADVANCED_FACE('',(#1745),#1764,.T.);
#1745 = FACE_BOUND('',#1746,.T.);
#1746 = EDGE_LOOP('',(#1747,#1748,#1749,#1757));
#1747 = ORIENTED_EDGE('',*,*,#1725,.F.);
#1748 = ORIENTED_EDGE('',*,*,#1099,.T.);
#1749 = ORIENTED_EDGE('',*,*,#1750,.T.);
#1750 = EDGE_CURVE('',#1092,#1751,#1753,.T.);
#1751 = VERTEX_POINT('',#1752);
#1752 = CARTESIAN_POINT('',(-9.164754036645,-18.79513988901,3.));
#1753 = LINE('',#1754,#1755);
#1754 = CARTESIAN_POINT('',(-8.710224335256,-19.00347315701,2.5));
#1755 = VECTOR('',#1756,1.);
#1756 = DIRECTION('',(-0.642802068206,0.294627733098,0.707106781187));
#1757 = ORIENTED_EDGE('',*,*,#1758,.F.);
#1758 = EDGE_CURVE('',#1726,#1751,#1759,.T.);
#1759 = CIRCLE('',#1760,1.5);
#1760 = AXIS2_PLACEMENT_3D('',#1761,#1762,#1763);
#1761 = CARTESIAN_POINT('',(-10.52834314081,-18.17014008502,3.));
#1762 = DIRECTION('',(0.,0.,1.));
#1763 = DIRECTION('',(-0.501349673372,-0.865244765953,0.));
#1764 = CONICAL_SURFACE('',#1765,2.,0.785398163397);
#1765 = AXIS2_PLACEMENT_3D('',#1766,#1767,#1768);
#1766 = CARTESIAN_POINT('',(-10.52834314081,-18.17014008502,2.5));
#1767 = DIRECTION('',(-0.,-0.,-1.));
#1768 = DIRECTION('',(-0.501349673372,-0.865244765953,0.));
#1769 = ADVANCED_FACE('',(#1770),#1795,.T.);
#1770 = FACE_BOUND('',#1771,.T.);
#1771 = EDGE_LOOP('',(#1772,#1773,#1781,#1789));
#1772 = ORIENTED_EDGE('',*,*,#1139,.T.);
#1773 = ORIENTED_EDGE('',*,*,#1774,.T.);
#1774 = EDGE_CURVE('',#1125,#1775,#1777,.T.);
#1775 = VERTEX_POINT('',#1776);
#1776 = CARTESIAN_POINT('',(19.5,56.446702128608,3.));
#1777 = LINE('',#1778,#1779);
#1778 = CARTESIAN_POINT('',(20.408248290464,57.354950419072,
    2.091751709536));
#1779 = VECTOR('',#1780,1.);
#1780 = DIRECTION('',(-0.57735026919,-0.57735026919,0.57735026919));
#1781 = ORIENTED_EDGE('',*,*,#1782,.F.);
#1782 = EDGE_CURVE('',#1783,#1775,#1785,.T.);
#1783 = VERTEX_POINT('',#1784);
#1784 = CARTESIAN_POINT('',(19.5,18.411952639522,3.));
#1785 = LINE('',#1786,#1787);
#1786 = CARTESIAN_POINT('',(19.5,18.411952639522,3.));
#1787 = VECTOR('',#1788,1.);
#1788 = DIRECTION('',(0.,1.,0.));
#1789 = ORIENTED_EDGE('',*,*,#1790,.F.);
#1790 = EDGE_CURVE('',#1140,#1783,#1791,.T.);
#1791 = LINE('',#1792,#1793);
#1792 = CARTESIAN_POINT('',(20.,18.411952639522,2.5));
#1793 = VECTOR('',#1794,1.);
#1794 = DIRECTION('',(-0.707106781187,-4.8E-16,0.707106781187));
#1795 = PLANE('',#1796);
#1796 = AXIS2_PLACEMENT_3D('',#1797,#1798,#1799);
#1797 = CARTESIAN_POINT('',(19.75,18.411952639522,2.75));
#1798 = DIRECTION('',(0.707106781187,0.,0.707106781187));
#1799 = DIRECTION('',(0.,1.,0.));
#1800 = ADVANCED_FACE('',(#1801),#1819,.F.);
#1801 = FACE_BOUND('',#1802,.T.);
#1802 = EDGE_LOOP('',(#1803,#1804,#1805,#1813));
#1803 = ORIENTED_EDGE('',*,*,#1750,.F.);
#1804 = ORIENTED_EDGE('',*,*,#1162,.T.);
#1805 = ORIENTED_EDGE('',*,*,#1806,.T.);
#1806 = EDGE_CURVE('',#1163,#1807,#1809,.T.);
#1807 = VERTEX_POINT('',#1808);
#1808 = CARTESIAN_POINT('',(-8.746089077009,-17.88172043895,3.));
#1809 = LINE('',#1810,#1811);
#1810 = CARTESIAN_POINT('',(-8.518824226314,-17.98588707295,2.75));
#1811 = VECTOR('',#1812,1.);
#1812 = DIRECTION('',(-0.642802068206,0.294627733098,0.707106781187));
#1813 = ORIENTED_EDGE('',*,*,#1814,.F.);
#1814 = EDGE_CURVE('',#1751,#1807,#1815,.T.);
#1815 = LINE('',#1816,#1817);
#1816 = CARTESIAN_POINT('',(-9.164754036645,-18.79513988901,3.));
#1817 = VECTOR('',#1818,1.);
#1818 = DIRECTION('',(0.416666535998,0.909059402778,0.));
#1819 = PLANE('',#1820);
#1820 = AXIS2_PLACEMENT_3D('',#1821,#1822,#1823);
#1821 = CARTESIAN_POINT('',(-8.93748918595,-18.89930652301,2.75));
#1822 = DIRECTION('',(-0.642802068206,0.294627733098,-0.707106781187));
#1823 = DIRECTION('',(-0.416666535998,-0.909059402778,
    -1.368290510218E-16));
#1824 = ADVANCED_FACE('',(#1825),#1844,.F.);
#1825 = FACE_BOUND('',#1826,.T.);
#1826 = EDGE_LOOP('',(#1827,#1835,#1836,#1837));
#1827 = ORIENTED_EDGE('',*,*,#1828,.F.);
#1828 = EDGE_CURVE('',#1186,#1829,#1831,.T.);
#1829 = VERTEX_POINT('',#1830);
#1830 = CARTESIAN_POINT('',(21.336206896552,7.142567834297,3.));
#1831 = LINE('',#1832,#1833);
#1832 = CARTESIAN_POINT('',(21.810344827586,7.301291563948,2.5));
#1833 = VECTOR('',#1834,1.);
#1834 = DIRECTION('',(-0.670532292504,-0.224469251143,0.707106781187));
#1835 = ORIENTED_EDGE('',*,*,#1195,.T.);
#1836 = ORIENTED_EDGE('',*,*,#1790,.T.);
#1837 = ORIENTED_EDGE('',*,*,#1838,.F.);
#1838 = EDGE_CURVE('',#1829,#1783,#1839,.T.);
#1839 = CIRCLE('',#1840,35.5);
#1840 = AXIS2_PLACEMENT_3D('',#1841,#1842,#1843);
#1841 = CARTESIAN_POINT('',(55.,18.411952639522,3.));
#1842 = DIRECTION('',(-0.,0.,-1.));
#1843 = DIRECTION('',(-0.948275862069,-0.317447459302,0.));
#1844 = CONICAL_SURFACE('',#1845,35.,0.785398163397);
#1845 = AXIS2_PLACEMENT_3D('',#1846,#1847,#1848);
#1846 = CARTESIAN_POINT('',(55.,18.411952639522,2.5));
#1847 = DIRECTION('',(0.,0.,1.));
#1848 = DIRECTION('',(-0.948275862069,-0.317447459302,0.));
#1849 = ADVANCED_FACE('',(#1850),#1869,.T.);
#1850 = FACE_BOUND('',#1851,.T.);
#1851 = EDGE_LOOP('',(#1852,#1853,#1854,#1862));
#1852 = ORIENTED_EDGE('',*,*,#1806,.F.);
#1853 = ORIENTED_EDGE('',*,*,#1220,.T.);
#1854 = ORIENTED_EDGE('',*,*,#1855,.T.);
#1855 = EDGE_CURVE('',#1211,#1856,#1858,.T.);
#1856 = VERTEX_POINT('',#1857);
#1857 = CARTESIAN_POINT('',(-9.351452317588,-15.96246658733,3.));
#1858 = LINE('',#1859,#1860);
#1859 = CARTESIAN_POINT('',(-9.098710363058,-15.53104857146,2.5));
#1860 = VECTOR('',#1861,1.);
#1861 = DIRECTION('',(-0.357431099876,-0.610117209101,0.707106781187));
#1862 = ORIENTED_EDGE('',*,*,#1863,.F.);
#1863 = EDGE_CURVE('',#1807,#1856,#1864,.T.);
#1864 = CIRCLE('',#1865,1.5);
#1865 = AXIS2_PLACEMENT_3D('',#1866,#1867,#1868);
#1866 = CARTESIAN_POINT('',(-10.10967818117,-17.25672063496,3.));
#1867 = DIRECTION('',(-0.,0.,1.));
#1868 = DIRECTION('',(0.909059402778,-0.416666535998,0.));
#1869 = CONICAL_SURFACE('',#1870,2.,0.785398163397);
#1870 = AXIS2_PLACEMENT_3D('',#1871,#1872,#1873);
#1871 = CARTESIAN_POINT('',(-10.10967818117,-17.25672063496,2.5));
#1872 = DIRECTION('',(-0.,-0.,-1.));
#1873 = DIRECTION('',(0.909059402778,-0.416666535998,0.));
#1874 = ADVANCED_FACE('',(#1875),#1894,.T.);
#1875 = FACE_BOUND('',#1876,.T.);
#1876 = EDGE_LOOP('',(#1877,#1885,#1886,#1887));
#1877 = ORIENTED_EDGE('',*,*,#1878,.F.);
#1878 = EDGE_CURVE('',#1236,#1879,#1881,.T.);
#1879 = VERTEX_POINT('',#1880);
#1880 = CARTESIAN_POINT('',(11.280362321307,-19.46801032206,3.));
#1881 = LINE('',#1882,#1883);
#1882 = CARTESIAN_POINT('',(11.531037039558,-19.90063277366,2.5));
#1883 = VECTOR('',#1884,1.);
#1884 = DIRECTION('',(-0.354507586295,0.611820538442,0.707106781187));
#1885 = ORIENTED_EDGE('',*,*,#1243,.T.);
#1886 = ORIENTED_EDGE('',*,*,#1828,.T.);
#1887 = ORIENTED_EDGE('',*,*,#1888,.F.);
#1888 = EDGE_CURVE('',#1879,#1829,#1889,.T.);
#1889 = CIRCLE('',#1890,22.5);
#1890 = AXIS2_PLACEMENT_3D('',#1891,#1892,#1893);
#1891 = CARTESIAN_POINT('',(-4.19E-14,2.132E-14,3.));
#1892 = DIRECTION('',(-0.,0.,1.));
#1893 = DIRECTION('',(0.501349436503,-0.865244903203,0.));
#1894 = CONICAL_SURFACE('',#1895,23.,0.785398163397);
#1895 = AXIS2_PLACEMENT_3D('',#1896,#1897,#1898);
#1896 = CARTESIAN_POINT('',(-4.19E-14,2.132E-14,2.5));
#1897 = DIRECTION('',(-0.,-0.,-1.));
#1898 = DIRECTION('',(0.501349436503,-0.865244903203,0.));
#1899 = ADVANCED_FACE('',(#1900),#1919,.F.);
#1900 = FACE_BOUND('',#1901,.T.);
#1901 = EDGE_LOOP('',(#1902,#1903,#1904,#1912));
#1902 = ORIENTED_EDGE('',*,*,#1855,.F.);
#1903 = ORIENTED_EDGE('',*,*,#1268,.T.);
#1904 = ORIENTED_EDGE('',*,*,#1905,.T.);
#1905 = EDGE_CURVE('',#1261,#1906,#1908,.T.);
#1906 = VERTEX_POINT('',#1907);
#1907 = CARTESIAN_POINT('',(9.351447896293,-15.9624691775,3.));
#1908 = LINE('',#1909,#1910);
#1909 = CARTESIAN_POINT('',(9.098706061258,-15.53105109163,2.5));
#1910 = VECTOR('',#1911,1.);
#1911 = DIRECTION('',(0.357430930885,-0.610117308103,0.707106781187));
#1912 = ORIENTED_EDGE('',*,*,#1913,.F.);
#1913 = EDGE_CURVE('',#1856,#1906,#1914,.T.);
#1914 = CIRCLE('',#1915,18.5);
#1915 = AXIS2_PLACEMENT_3D('',#1916,#1917,#1918);
#1916 = CARTESIAN_POINT('',(0.,0.,3.));
#1917 = DIRECTION('',(-0.,0.,-1.));
#1918 = DIRECTION('',(-0.505483909059,-0.862836031748,0.));
#1919 = CONICAL_SURFACE('',#1920,18.,0.785398163397);
#1920 = AXIS2_PLACEMENT_3D('',#1921,#1922,#1923);
#1921 = CARTESIAN_POINT('',(0.,0.,2.5));
#1922 = DIRECTION('',(0.,0.,1.));
#1923 = DIRECTION('',(-0.505483909059,-0.862836031748,0.));
#1924 = ADVANCED_FACE('',(#1925),#1944,.T.);
#1925 = FACE_BOUND('',#1926,.T.);
#1926 = EDGE_LOOP('',(#1927,#1935,#1936,#1937));
#1927 = ORIENTED_EDGE('',*,*,#1928,.F.);
#1928 = EDGE_CURVE('',#1288,#1929,#1931,.T.);
#1929 = VERTEX_POINT('',#1930);
#1930 = CARTESIAN_POINT('',(9.16474893115,-18.79514248493,3.));
#1931 = LINE('',#1932,#1933);
#1932 = CARTESIAN_POINT('',(8.937484058583,-18.89930907121,2.75));
#1933 = VECTOR('',#1934,1.);
#1934 = DIRECTION('',(0.642802130071,0.294627598124,0.707106781187));
#1935 = ORIENTED_EDGE('',*,*,#1295,.T.);
#1936 = ORIENTED_EDGE('',*,*,#1878,.T.);
#1937 = ORIENTED_EDGE('',*,*,#1938,.F.);
#1938 = EDGE_CURVE('',#1929,#1879,#1939,.T.);
#1939 = CIRCLE('',#1940,1.5);
#1940 = AXIS2_PLACEMENT_3D('',#1941,#1942,#1943);
#1941 = CARTESIAN_POINT('',(10.528338166553,-18.17014296726,3.));
#1942 = DIRECTION('',(0.,0.,1.));
#1943 = DIRECTION('',(-0.909059490268,-0.416666345117,0.));
#1944 = CONICAL_SURFACE('',#1945,2.,0.785398163397);
#1945 = AXIS2_PLACEMENT_3D('',#1946,#1947,#1948);
#1946 = CARTESIAN_POINT('',(10.528338166553,-18.17014296726,2.5));
#1947 = DIRECTION('',(-0.,-0.,-1.));
#1948 = DIRECTION('',(-0.909059490268,-0.416666345117,0.));
#1949 = ADVANCED_FACE('',(#1950),#1969,.T.);
#1950 = FACE_BOUND('',#1951,.T.);
#1951 = EDGE_LOOP('',(#1952,#1953,#1954,#1962));
#1952 = ORIENTED_EDGE('',*,*,#1905,.F.);
#1953 = ORIENTED_EDGE('',*,*,#1320,.T.);
#1954 = ORIENTED_EDGE('',*,*,#1955,.T.);
#1955 = EDGE_CURVE('',#1311,#1956,#1958,.T.);
#1956 = VERTEX_POINT('',#1957);
#1957 = CARTESIAN_POINT('',(8.746084165995,-17.88172295282,3.));
#1958 = LINE('',#1959,#1960);
#1959 = CARTESIAN_POINT('',(8.291554420861,-18.09005612537,2.5));
#1960 = VECTOR('',#1961,1.);
#1961 = DIRECTION('',(0.642802130071,0.294627598124,0.707106781187));
#1962 = ORIENTED_EDGE('',*,*,#1963,.F.);
#1963 = EDGE_CURVE('',#1906,#1956,#1964,.T.);
#1964 = CIRCLE('',#1965,1.5);
#1965 = AXIS2_PLACEMENT_3D('',#1966,#1967,#1968);
#1966 = CARTESIAN_POINT('',(10.109673401398,-17.25672343514,3.));
#1967 = DIRECTION('',(0.,0.,1.));
#1968 = DIRECTION('',(-0.50548367007,0.862836171757,0.));
#1969 = CONICAL_SURFACE('',#1970,2.,0.785398163397);
#1970 = AXIS2_PLACEMENT_3D('',#1971,#1972,#1973);
#1971 = CARTESIAN_POINT('',(10.109673401398,-17.25672343514,2.5));
#1972 = DIRECTION('',(-0.,-0.,-1.));
#1973 = DIRECTION('',(-0.50548367007,0.862836171757,0.));
#1974 = ADVANCED_FACE('',(#1975),#1986,.F.);
#1975 = FACE_BOUND('',#1976,.T.);
#1976 = EDGE_LOOP('',(#1977,#1978,#1979,#1980));
#1977 = ORIENTED_EDGE('',*,*,#1955,.F.);
#1978 = ORIENTED_EDGE('',*,*,#1336,.T.);
#1979 = ORIENTED_EDGE('',*,*,#1928,.T.);
#1980 = ORIENTED_EDGE('',*,*,#1981,.F.);
#1981 = EDGE_CURVE('',#1956,#1929,#1982,.T.);
#1982 = LINE('',#1983,#1984);
#1983 = CARTESIAN_POINT('',(8.746084165995,-17.88172295282,3.));
#1984 = VECTOR('',#1985,1.);
#1985 = DIRECTION('',(0.416666345117,-0.909059490268,0.));
#1986 = PLANE('',#1987);
#1987 = AXIS2_PLACEMENT_3D('',#1988,#1989,#1990);
#1988 = CARTESIAN_POINT('',(8.518819293428,-17.98588953909,2.75));
#1989 = DIRECTION('',(0.642802130071,0.294627598124,-0.707106781187));
#1990 = DIRECTION('',(-0.416666345117,0.909059490268,4.20650877669E-17)
  );
#1991 = ADVANCED_FACE('',(#1992),#2011,.F.);
#1992 = FACE_BOUND('',#1993,.T.);
#1993 = EDGE_LOOP('',(#1994,#1995,#2003,#2010));
#1994 = ORIENTED_EDGE('',*,*,#1355,.T.);
#1995 = ORIENTED_EDGE('',*,*,#1996,.T.);
#1996 = EDGE_CURVE('',#1356,#1997,#1999,.T.);
#1997 = VERTEX_POINT('',#1998);
#1998 = CARTESIAN_POINT('',(-13.4,23.171447,2.5));
#1999 = LINE('',#2000,#2001);
#2000 = CARTESIAN_POINT('',(-13.4,23.171447,0.));
#2001 = VECTOR('',#2002,1.);
#2002 = DIRECTION('',(0.,0.,1.));
#2003 = ORIENTED_EDGE('',*,*,#2004,.T.);
#2004 = EDGE_CURVE('',#1997,#1997,#2005,.T.);
#2005 = CIRCLE('',#2006,1.6);
#2006 = AXIS2_PLACEMENT_3D('',#2007,#2008,#2009);
#2007 = CARTESIAN_POINT('',(-15.,23.171447,2.5));
#2008 = DIRECTION('',(0.,0.,1.));
#2009 = DIRECTION('',(1.,0.,0.));
#2010 = ORIENTED_EDGE('',*,*,#1996,.F.);
#2011 = CYLINDRICAL_SURFACE('',#2012,1.6);
#2012 = AXIS2_PLACEMENT_3D('',#2013,#2014,#2015);
#2013 = CARTESIAN_POINT('',(-15.,23.171447,0.));
#2014 = DIRECTION('',(-0.,-0.,-1.));
#2015 = DIRECTION('',(1.,0.,0.));
#2016 = ADVANCED_FACE('',(#2017),#2036,.F.);
#2017 = FACE_BOUND('',#2018,.T.);
#2018 = EDGE_LOOP('',(#2019,#2020,#2028,#2035));
#2019 = ORIENTED_EDGE('',*,*,#1375,.T.);
#2020 = ORIENTED_EDGE('',*,*,#2021,.T.);
#2021 = EDGE_CURVE('',#1376,#2022,#2024,.T.);
#2022 = VERTEX_POINT('',#2023);
#2023 = CARTESIAN_POINT('',(16.6,23.171447,2.5));
#2024 = LINE('',#2025,#2026);
#2025 = CARTESIAN_POINT('',(16.6,23.171447,0.));
#2026 = VECTOR('',#2027,1.);
#2027 = DIRECTION('',(0.,0.,1.));
#2028 = ORIENTED_EDGE('',*,*,#2029,.T.);
#2029 = EDGE_CURVE('',#2022,#2022,#2030,.T.);
#2030 = CIRCLE('',#2031,1.6);
#2031 = AXIS2_PLACEMENT_3D('',#2032,#2033,#2034);
#2032 = CARTESIAN_POINT('',(15.,23.171447,2.5));
#2033 = DIRECTION('',(0.,0.,1.));
#2034 = DIRECTION('',(1.,0.,0.));
#2035 = ORIENTED_EDGE('',*,*,#2021,.F.);
#2036 = CYLINDRICAL_SURFACE('',#2037,1.6);
#2037 = AXIS2_PLACEMENT_3D('',#2038,#2039,#2040);
#2038 = CARTESIAN_POINT('',(15.,23.171447,0.));
#2039 = DIRECTION('',(-0.,-0.,-1.));
#2040 = DIRECTION('',(1.,0.,0.));
#2041 = ADVANCED_FACE('',(#2042),#2061,.F.);
#2042 = FACE_BOUND('',#2043,.T.);
#2043 = EDGE_LOOP('',(#2044,#2045,#2053,#2060));
#2044 = ORIENTED_EDGE('',*,*,#1395,.T.);
#2045 = ORIENTED_EDGE('',*,*,#2046,.T.);
#2046 = EDGE_CURVE('',#1396,#2047,#2049,.T.);
#2047 = VERTEX_POINT('',#2048);
#2048 = CARTESIAN_POINT('',(-13.4,53.171447,2.5));
#2049 = LINE('',#2050,#2051);
#2050 = CARTESIAN_POINT('',(-13.4,53.171447,0.));
#2051 = VECTOR('',#2052,1.);
#2052 = DIRECTION('',(0.,0.,1.));
#2053 = ORIENTED_EDGE('',*,*,#2054,.T.);
#2054 = EDGE_CURVE('',#2047,#2047,#2055,.T.);
#2055 = CIRCLE('',#2056,1.6);
#2056 = AXIS2_PLACEMENT_3D('',#2057,#2058,#2059);
#2057 = CARTESIAN_POINT('',(-15.,53.171447,2.5));
#2058 = DIRECTION('',(0.,0.,1.));
#2059 = DIRECTION('',(1.,0.,0.));
#2060 = ORIENTED_EDGE('',*,*,#2046,.F.);
#2061 = CYLINDRICAL_SURFACE('',#2062,1.6);
#2062 = AXIS2_PLACEMENT_3D('',#2063,#2064,#2065);
#2063 = CARTESIAN_POINT('',(-15.,53.171447,0.));
#2064 = DIRECTION('',(-0.,-0.,-1.));
#2065 = DIRECTION('',(1.,0.,0.));
#2066 = ADVANCED_FACE('',(#2067),#2086,.F.);
#2067 = FACE_BOUND('',#2068,.T.);
#2068 = EDGE_LOOP('',(#2069,#2070,#2078,#2085));
#2069 = ORIENTED_EDGE('',*,*,#1415,.T.);
#2070 = ORIENTED_EDGE('',*,*,#2071,.T.);
#2071 = EDGE_CURVE('',#1416,#2072,#2074,.T.);
#2072 = VERTEX_POINT('',#2073);
#2073 = CARTESIAN_POINT('',(16.6,53.171447,2.5));
#2074 = LINE('',#2075,#2076);
#2075 = CARTESIAN_POINT('',(16.6,53.171447,0.));
#2076 = VECTOR('',#2077,1.);
#2077 = DIRECTION('',(0.,0.,1.));
#2078 = ORIENTED_EDGE('',*,*,#2079,.T.);
#2079 = EDGE_CURVE('',#2072,#2072,#2080,.T.);
#2080 = CIRCLE('',#2081,1.6);
#2081 = AXIS2_PLACEMENT_3D('',#2082,#2083,#2084);
#2082 = CARTESIAN_POINT('',(15.,53.171447,2.5));
#2083 = DIRECTION('',(0.,0.,1.));
#2084 = DIRECTION('',(1.,0.,0.));
#2085 = ORIENTED_EDGE('',*,*,#2071,.F.);
#2086 = CYLINDRICAL_SURFACE('',#2087,1.6);
#2087 = AXIS2_PLACEMENT_3D('',#2088,#2089,#2090);
#2088 = CARTESIAN_POINT('',(15.,53.171447,0.));
#2089 = DIRECTION('',(-0.,-0.,-1.));
#2090 = DIRECTION('',(1.,0.,0.));
#2091 = ADVANCED_FACE('',(#2092),#2103,.T.);
#2092 = FACE_BOUND('',#2093,.T.);
#2093 = EDGE_LOOP('',(#2094,#2095,#2096,#2102));
#2094 = ORIENTED_EDGE('',*,*,#1482,.T.);
#2095 = ORIENTED_EDGE('',*,*,#1466,.T.);
#2096 = ORIENTED_EDGE('',*,*,#2097,.T.);
#2097 = EDGE_CURVE('',#1459,#1694,#2098,.T.);
#2098 = LINE('',#2099,#2100);
#2099 = CARTESIAN_POINT('',(-23.70470200758,52.242000121024,3.));
#2100 = VECTOR('',#2101,1.);
#2101 = DIRECTION('',(0.707106781187,0.707106781187,0.));
#2102 = ORIENTED_EDGE('',*,*,#1693,.F.);
#2103 = PLANE('',#2104);
#2104 = AXIS2_PLACEMENT_3D('',#2105,#2106,#2107);
#2105 = CARTESIAN_POINT('',(-19.79587585476,57.967322854768,
    2.091751709536));
#2106 = DIRECTION('',(-0.408248290464,0.408248290464,0.816496580928));
#2107 = DIRECTION('',(0.57735026919,-0.57735026919,0.57735026919));
#2108 = ADVANCED_FACE('',(#2109,#2132,#2143,#2154,#2165),#2176,.T.);
#2109 = FACE_BOUND('',#2110,.T.);
#2110 = EDGE_LOOP('',(#2111,#2112,#2113,#2114,#2115,#2116,#2117,#2118,
    #2119,#2120,#2121,#2122,#2123,#2124,#2130,#2131));
#2111 = ORIENTED_EDGE('',*,*,#1458,.T.);
#2112 = ORIENTED_EDGE('',*,*,#1575,.T.);
#2113 = ORIENTED_EDGE('',*,*,#1733,.T.);
#2114 = ORIENTED_EDGE('',*,*,#1758,.T.);
#2115 = ORIENTED_EDGE('',*,*,#1814,.T.);
#2116 = ORIENTED_EDGE('',*,*,#1863,.T.);
#2117 = ORIENTED_EDGE('',*,*,#1913,.T.);
#2118 = ORIENTED_EDGE('',*,*,#1963,.T.);
#2119 = ORIENTED_EDGE('',*,*,#1981,.T.);
#2120 = ORIENTED_EDGE('',*,*,#1938,.T.);
#2121 = ORIENTED_EDGE('',*,*,#1888,.T.);
#2122 = ORIENTED_EDGE('',*,*,#1838,.T.);
#2123 = ORIENTED_EDGE('',*,*,#1782,.T.);
#2124 = ORIENTED_EDGE('',*,*,#2125,.F.);
#2125 = EDGE_CURVE('',#1702,#1775,#2126,.T.);
#2126 = LINE('',#2127,#2128);
#2127 = CARTESIAN_POINT('',(23.704702075643,52.242000052966,3.));
#2128 = VECTOR('',#2129,1.);
#2129 = DIRECTION('',(0.707106781187,-0.707106781187,0.));
#2130 = ORIENTED_EDGE('',*,*,#1701,.T.);
#2131 = ORIENTED_EDGE('',*,*,#2097,.F.);
#2132 = FACE_BOUND('',#2133,.T.);
#2133 = EDGE_LOOP('',(#2134));
#2134 = ORIENTED_EDGE('',*,*,#2135,.F.);
#2135 = EDGE_CURVE('',#2136,#2136,#2138,.T.);
#2136 = VERTEX_POINT('',#2137);
#2137 = CARTESIAN_POINT('',(-12.9,23.171447,3.));
#2138 = CIRCLE('',#2139,2.1);
#2139 = AXIS2_PLACEMENT_3D('',#2140,#2141,#2142);
#2140 = CARTESIAN_POINT('',(-15.,23.171447,3.));
#2141 = DIRECTION('',(0.,0.,1.));
#2142 = DIRECTION('',(1.,0.,0.));
#2143 = FACE_BOUND('',#2144,.T.);
#2144 = EDGE_LOOP('',(#2145));
#2145 = ORIENTED_EDGE('',*,*,#2146,.F.);
#2146 = EDGE_CURVE('',#2147,#2147,#2149,.T.);
#2147 = VERTEX_POINT('',#2148);
#2148 = CARTESIAN_POINT('',(17.1,23.171447,3.));
#2149 = CIRCLE('',#2150,2.1);
#2150 = AXIS2_PLACEMENT_3D('',#2151,#2152,#2153);
#2151 = CARTESIAN_POINT('',(15.,23.171447,3.));
#2152 = DIRECTION('',(0.,0.,1.));
#2153 = DIRECTION('',(1.,0.,0.));
#2154 = FACE_BOUND('',#2155,.T.);
#2155 = EDGE_LOOP('',(#2156));
#2156 = ORIENTED_EDGE('',*,*,#2157,.F.);
#2157 = EDGE_CURVE('',#2158,#2158,#2160,.T.);
#2158 = VERTEX_POINT('',#2159);
#2159 = CARTESIAN_POINT('',(17.1,53.171447,3.));
#2160 = CIRCLE('',#2161,2.1);
#2161 = AXIS2_PLACEMENT_3D('',#2162,#2163,#2164);
#2162 = CARTESIAN_POINT('',(15.,53.171447,3.));
#2163 = DIRECTION('',(0.,0.,1.));
#2164 = DIRECTION('',(1.,0.,0.));
#2165 = FACE_BOUND('',#2166,.T.);
#2166 = EDGE_LOOP('',(#2167));
#2167 = ORIENTED_EDGE('',*,*,#2168,.F.);
#2168 = EDGE_CURVE('',#2169,#2169,#2171,.T.);
#2169 = VERTEX_POINT('',#2170);
#2170 = CARTESIAN_POINT('',(-12.9,53.171447,3.));
#2171 = CIRCLE('',#2172,2.1);
#2172 = AXIS2_PLACEMENT_3D('',#2173,#2174,#2175);
#2173 = CARTESIAN_POINT('',(-15.,53.171447,3.));
#2174 = DIRECTION('',(0.,0.,1.));
#2175 = DIRECTION('',(1.,0.,0.));
#2176 = PLANE('',#2177);
#2177 = AXIS2_PLACEMENT_3D('',#2178,#2179,#2180);
#2178 = CARTESIAN_POINT('',(1.3611546474E-07,18.903149090762,3.));
#2179 = DIRECTION('',(0.,0.,1.));
#2180 = DIRECTION('',(1.,0.,0.));
#2181 = ADVANCED_FACE('',(#2182),#2188,.T.);
#2182 = FACE_BOUND('',#2183,.T.);
#2183 = EDGE_LOOP('',(#2184,#2185,#2186,#2187));
#2184 = ORIENTED_EDGE('',*,*,#1609,.T.);
#2185 = ORIENTED_EDGE('',*,*,#1709,.T.);
#2186 = ORIENTED_EDGE('',*,*,#2125,.T.);
#2187 = ORIENTED_EDGE('',*,*,#1774,.F.);
#2188 = PLANE('',#2189);
#2189 = AXIS2_PLACEMENT_3D('',#2190,#2191,#2192);
#2190 = CARTESIAN_POINT('',(19.795875854768,57.967322854768,
    2.091751709536));
#2191 = DIRECTION('',(0.408248290464,0.408248290464,0.816496580928));
#2192 = DIRECTION('',(-0.57735026919,-0.57735026919,0.57735026919));
#2193 = ADVANCED_FACE('',(#2194),#2205,.F.);
#2194 = FACE_BOUND('',#2195,.F.);
#2195 = EDGE_LOOP('',(#2196,#2202,#2203,#2204));
#2196 = ORIENTED_EDGE('',*,*,#2197,.F.);
#2197 = EDGE_CURVE('',#1997,#2136,#2198,.T.);
#2198 = LINE('',#2199,#2200);
#2199 = CARTESIAN_POINT('',(-13.4,23.171447,2.5));
#2200 = VECTOR('',#2201,1.);
#2201 = DIRECTION('',(0.707106781187,0.,0.707106781187));
#2202 = ORIENTED_EDGE('',*,*,#2004,.T.);
#2203 = ORIENTED_EDGE('',*,*,#2197,.T.);
#2204 = ORIENTED_EDGE('',*,*,#2135,.F.);
#2205 = CONICAL_SURFACE('',#2206,1.6,0.785398163397);
#2206 = AXIS2_PLACEMENT_3D('',#2207,#2208,#2209);
#2207 = CARTESIAN_POINT('',(-15.,23.171447,2.5));
#2208 = DIRECTION('',(0.,0.,1.));
#2209 = DIRECTION('',(1.,0.,0.));
#2210 = ADVANCED_FACE('',(#2211),#2222,.F.);
#2211 = FACE_BOUND('',#2212,.F.);
#2212 = EDGE_LOOP('',(#2213,#2219,#2220,#2221));
#2213 = ORIENTED_EDGE('',*,*,#2214,.F.);
#2214 = EDGE_CURVE('',#2022,#2147,#2215,.T.);
#2215 = LINE('',#2216,#2217);
#2216 = CARTESIAN_POINT('',(16.6,23.171447,2.5));
#2217 = VECTOR('',#2218,1.);
#2218 = DIRECTION('',(0.707106781187,0.,0.707106781187));
#2219 = ORIENTED_EDGE('',*,*,#2029,.T.);
#2220 = ORIENTED_EDGE('',*,*,#2214,.T.);
#2221 = ORIENTED_EDGE('',*,*,#2146,.F.);
#2222 = CONICAL_SURFACE('',#2223,1.6,0.785398163397);
#2223 = AXIS2_PLACEMENT_3D('',#2224,#2225,#2226);
#2224 = CARTESIAN_POINT('',(15.,23.171447,2.5));
#2225 = DIRECTION('',(0.,0.,1.));
#2226 = DIRECTION('',(1.,0.,0.));
#2227 = ADVANCED_FACE('',(#2228),#2239,.F.);
#2228 = FACE_BOUND('',#2229,.F.);
#2229 = EDGE_LOOP('',(#2230,#2236,#2237,#2238));
#2230 = ORIENTED_EDGE('',*,*,#2231,.F.);
#2231 = EDGE_CURVE('',#2047,#2169,#2232,.T.);
#2232 = LINE('',#2233,#2234);
#2233 = CARTESIAN_POINT('',(-13.4,53.171447,2.5));
#2234 = VECTOR('',#2235,1.);
#2235 = DIRECTION('',(0.707106781187,0.,0.707106781187));
#2236 = ORIENTED_EDGE('',*,*,#2054,.T.);
#2237 = ORIENTED_EDGE('',*,*,#2231,.T.);
#2238 = ORIENTED_EDGE('',*,*,#2168,.F.);
#2239 = CONICAL_SURFACE('',#2240,1.6,0.785398163397);
#2240 = AXIS2_PLACEMENT_3D('',#2241,#2242,#2243);
#2241 = CARTESIAN_POINT('',(-15.,53.171447,2.5));
#2242 = DIRECTION('',(0.,0.,1.));
#2243 = DIRECTION('',(1.,0.,0.));
#2244 = ADVANCED_FACE('',(#2245),#2256,.F.);
#2245 = FACE_BOUND('',#2246,.F.);
#2246 = EDGE_LOOP('',(#2247,#2253,#2254,#2255));
#2247 = ORIENTED_EDGE('',*,*,#2248,.F.);
#2248 = EDGE_CURVE('',#2072,#2158,#2249,.T.);
#2249 = LINE('',#2250,#2251);
#2250 = CARTESIAN_POINT('',(16.6,53.171447,2.5));
#2251 = VECTOR('',#2252,1.);
#2252 = DIRECTION('',(0.707106781187,0.,0.707106781187));
#2253 = ORIENTED_EDGE('',*,*,#2079,.T.);
#2254 = ORIENTED_EDGE('',*,*,#2248,.T.);
#2255 = ORIENTED_EDGE('',*,*,#2157,.F.);
#2256 = CONICAL_SURFACE('',#2257,1.6,0.785398163397);
#2257 = AXIS2_PLACEMENT_3D('',#2258,#2259,#2260);
#2258 = CARTESIAN_POINT('',(15.,53.171447,2.5));
#2259 = DIRECTION('',(0.,0.,1.));
#2260 = DIRECTION('',(1.,0.,0.));
#2261 = ( GEOMETRIC_REPRESENTATION_CONTEXT(3) 
GLOBAL_UNCERTAINTY_ASSIGNED_CONTEXT((#2265)) 
GLOBAL_UNIT_ASSIGNED_CONTEXT((#2262,#2263,#2264)) REPRESENTATION_CONTEXT
('Context #1','3D Context with UNIT and UNCERTAINTY') );
#2262 = ( LENGTH_UNIT() NAMED_UNIT(*) SI_UNIT(.MILLI.,.METRE.) );
#2263 = ( NAMED_UNIT(*) PLANE_ANGLE_UNIT() SI_UNIT($,.RADIAN.) );
#2264 = ( NAMED_UNIT(*) SI_UNIT($,.STERADIAN.) SOLID_ANGLE_UNIT() );
#2265 = UNCERTAINTY_MEASURE_WITH_UNIT(LENGTH_MEASURE(1.E-03),#2262,
  'distance_accuracy_value','confusion accuracy');
#2266 = PRODUCT_RELATED_PRODUCT_CATEGORY('part',$,(#7));
#2267 = MECHANICAL_DESIGN_GEOMETRIC_PRESENTATION_REPRESENTATION('',(
    #2268),#2261);
#2268 = STYLED_ITEM('color',(#2269),#15);
#2269 = PRESENTATION_STYLE_ASSIGNMENT((#2270,#2276));
#2270 = SURFACE_STYLE_USAGE(.BOTH.,#2271);
#2271 = SURFACE_SIDE_STYLE('',(#2272));
#2272 = SURFACE_STYLE_FILL_AREA(#2273);
#2273 = FILL_AREA_STYLE('',(#2274));
#2274 = FILL_AREA_STYLE_COLOUR('',#2275);
#2275 = COLOUR_RGB('',0.678431390124,0.709803936702,0.741176476869);
#2276 = CURVE_STYLE('',#2277,POSITIVE_LENGTH_MEASURE(0.1),#2278);
#2277 = DRAUGHTING_PRE_DEFINED_CURVE_FONT('continuous');
#2278 = COLOUR_RGB('',9.803921802644E-02,9.803921802644E-02,
  9.803921802644E-02);
ENDSEC;
END-ISO-10303-21;
